arm,round,n_target,n,mse,rmse,r2,spearman,kendall_tau,pearson,pair,seed,model
source_only,0,0,6703,1.1863313984151627,1.089188412725348,-5.842193820367867,0.3984461008501192,0.27492965428054655,0.49563663939453373,cgreGFP_to_amacGFP,42,aubin_1_10_1
oneshot_fancy,1,960,6703,0.8308261807252801,0.911496670715412,-3.7918092424701797,-0.40001275734451125,-0.273947320562866,-0.39441186010246837,cgreGFP_to_amacGFP,42,aubin_1_10_1
oneshot_random,1,960,6703,0.22223030448229256,0.4714130932444416,-0.2817184288121575,0.5507177429309321,0.38492533444412846,0.577949532768725,cgreGFP_to_amacGFP,42,aubin_1_10_1
iterative_fancy,1,96,6703,0.8065740743146119,0.8980946911738271,-3.651934656974375,0.11355660078345352,0.07396317906814315,0.06290230179101354,cgreGFP_to_amacGFP,42,aubin_1_10_1
iterative_fancy,2,192,6703,0.6127780324244099,0.7828014003720292,-2.534211496309234,0.2935033946867865,0.19236943140447116,0.24216136230894178,cgreGFP_to_amacGFP,42,aubin_1_10_1
iterative_fancy,3,288,6703,0.560220240742306,0.7484786174249108,-2.2310832153416382,0.33530713265970985,0.22208729210657038,0.2828726917806541,cgreGFP_to_amacGFP,42,aubin_1_10_1
iterative_fancy,4,384,6703,0.3828691933514371,0.6187642469886548,-1.2082069413808671,0.43361547420730434,0.2937985352788736,0.41039505623815326,cgreGFP_to_amacGFP,42,aubin_1_10_1
iterative_fancy,5,480,6703,0.2916134122915189,0.5400124186456445,-0.6818871102821145,0.5030342774216527,0.3493418797527913,0.5742812277953674,cgreGFP_to_amacGFP,42,aubin_1_10_1
iterative_fancy,6,576,6703,0.44044310212056753,0.6636588748148913,-1.5402657938404976,0.40517865354276467,0.27107686398532516,0.37786212781777095,cgreGFP_to_amacGFP,42,aubin_1_10_1
iterative_fancy,7,672,6703,0.4263597136445106,0.6529622605055445,-1.4590395245792713,0.4272229430706851,0.2877553213289446,0.3925527023434907,cgreGFP_to_amacGFP,42,aubin_1_10_1
iterative_fancy,8,768,6703,0.2541150270941107,0.5040982315919296,-0.4656143050489079,0.5402744066281122,0.37793361254125724,0.5568151084874721,cgreGFP_to_amacGFP,42,aubin_1_10_1
iterative_fancy,9,864,6703,0.2894157496910792,0.537973744425394,-0.6692120403277408,0.5044337559510061,0.3463180761514977,0.5088541342305155,cgreGFP_to_amacGFP,42,aubin_1_10_1
iterative_fancy,10,960,6703,0.3206531750147651,0.5662624612445761,-0.8493746144612881,0.5035965703040903,0.3452816647568086,0.4809816627484651,cgreGFP_to_amacGFP,42,aubin_1_10_1
iterative_random,1,96,6703,0.30989053546681716,0.5566781255508583,-0.7873008415642773,0.4482888682265912,0.31079061238736005,0.5185860747072637,cgreGFP_to_amacGFP,42,aubin_1_10_1
iterative_random,2,192,6703,0.31681622884513577,0.5628643076667198,-0.8272449385494862,0.46196915222140417,0.31970207334283895,0.5388856951632306,cgreGFP_to_amacGFP,42,aubin_1_10_1
iterative_random,3,288,6703,0.2977213264730012,0.5456384576558009,-0.7171146468066518,0.48749825444635164,0.33874586903528436,0.5695137348842616,cgreGFP_to_amacGFP,42,aubin_1_10_1
iterative_random,4,384,6703,0.27931972013657247,0.5285070672531943,-0.6109829560091593,0.4930185841553441,0.3421163223601242,0.5367436514253197,cgreGFP_to_amacGFP,42,aubin_1_10_1
iterative_random,5,480,6703,0.3022786325643125,0.5497987200460842,-0.7433990152530665,0.4896176634744609,0.33816780568738125,0.5388261352849392,cgreGFP_to_amacGFP,42,aubin_1_10_1
iterative_random,6,576,6703,0.2694522406206705,0.5190878929629071,-0.5540720393323306,0.5195202865381927,0.36215036986602156,0.5680936022374588,cgreGFP_to_amacGFP,42,aubin_1_10_1
iterative_random,7,672,6703,0.23967807117882375,0.4895692710728725,-0.38234882739193776,0.5329991527899951,0.3720195766210459,0.5601114394324163,cgreGFP_to_amacGFP,42,aubin_1_10_1
iterative_random,8,768,6703,0.25015970851519753,0.5001596830165318,-0.4428019135246002,0.5265694735801041,0.36485501605273907,0.5577164184694716,cgreGFP_to_amacGFP,42,aubin_1_10_1
iterative_random,9,864,6703,0.22556708359317498,0.4749390314484323,-0.30096337962683894,0.5460148437395848,0.3823262175698744,0.5903979824519647,cgreGFP_to_amacGFP,42,aubin_1_10_1
iterative_random,10,960,6703,0.2473236377020442,0.4973164361873074,-0.42644480941540563,0.5533415834999578,0.3867586332424485,0.5558851532980501,cgreGFP_to_amacGFP,42,aubin_1_10_1
source_only,0,0,6703,3.6035555692512817,1.8983033396302293,-19.783590217895224,0.4059834259879665,0.2795561983836452,0.5181810005617256,cgreGFP_to_amacGFP,42,aubin_linear
oneshot_fancy,1,960,6703,0.15156046027651998,0.3893076678881627,0.12587153463065537,0.508787588999314,0.35510704815554245,0.6158890611859256,cgreGFP_to_amacGFP,42,aubin_linear
oneshot_random,1,960,6703,0.12423708513668939,0.35247281474844183,0.2834597336643263,0.5392295064674641,0.37755595690892935,0.6409323194325822,cgreGFP_to_amacGFP,42,aubin_linear
iterative_fancy,1,96,6703,0.16212037841594326,0.4026417494696039,0.0649669621531197,0.41669948905246396,0.2873435087055536,0.5345630239105159,cgreGFP_to_amacGFP,42,aubin_linear
iterative_fancy,2,192,6703,0.21624050633376754,0.4650166731782502,-0.2471721292437239,0.42014972097626396,0.2880660049796107,0.5458250868178187,cgreGFP_to_amacGFP,42,aubin_linear
iterative_fancy,3,288,6703,0.2563134663234428,0.5062741019679388,-0.4782938542284083,0.4347233707050243,0.2989229354553499,0.5571252794193979,cgreGFP_to_amacGFP,42,aubin_linear
iterative_fancy,4,384,6703,0.16298890263412005,0.40371884106902917,0.05995772860641613,0.4376927556159016,0.3016099560609955,0.5574030690635773,cgreGFP_to_amacGFP,42,aubin_linear
iterative_fancy,5,480,6703,0.18718005390878625,0.4326431022318353,-0.07956529673054025,0.45615121087859567,0.3152205540445054,0.5776045276066089,cgreGFP_to_amacGFP,42,aubin_linear
iterative_fancy,6,576,6703,0.15423208888657447,0.3927239347004133,0.11046285473694861,0.47297978994067186,0.3271607746372234,0.582685723621341,cgreGFP_to_amacGFP,42,aubin_linear
iterative_fancy,7,672,6703,0.23906124531364567,0.4889388973211741,-0.3787912699264582,0.47861991220532313,0.3314501821709415,0.5907190549086625,cgreGFP_to_amacGFP,42,aubin_linear
iterative_fancy,8,768,6703,0.13053897784922766,0.36130178223920745,0.24711342146863324,0.4952751859015221,0.34367081362251617,0.610518839397526,cgreGFP_to_amacGFP,42,aubin_linear
iterative_fancy,9,864,6703,0.1313636980480274,0.36244130290024534,0.24235682861835683,0.5021991629296872,0.34903959399833606,0.616398682635123,cgreGFP_to_amacGFP,42,aubin_linear
iterative_fancy,10,960,6703,0.14155319071873146,0.3762355521727465,0.18358869361214103,0.5077318313020919,0.35360111858339915,0.6176036552585413,cgreGFP_to_amacGFP,42,aubin_linear
iterative_random,1,96,6703,0.14996569344517494,0.3872540425162466,0.13506938927138545,0.43657143917406444,0.30319325148706094,0.5461632848580106,cgreGFP_to_amacGFP,42,aubin_linear
iterative_random,2,192,6703,0.28189411856392266,0.5309370193948832,-0.625830858571893,0.4393202328734573,0.303587364812316,0.5507528601346285,cgreGFP_to_amacGFP,42,aubin_linear
iterative_random,3,288,6703,0.1459111319262839,0.38198315660024057,0.15845416675086432,0.46358922446642903,0.32118558559978894,0.5767558303219611,cgreGFP_to_amacGFP,42,aubin_linear
iterative_random,4,384,6703,0.14589714209317753,0.3819648440539751,0.15853485343736384,0.4762880826431164,0.3311507303393685,0.5815938903726247,cgreGFP_to_amacGFP,42,aubin_linear
iterative_random,5,480,6703,0.16234769180039954,0.40292392805640065,0.06365592694281386,0.48635031024723463,0.3377297668198001,0.593803048493518,cgreGFP_to_amacGFP,42,aubin_linear
iterative_random,6,576,6703,0.156592979117969,0.39571830778720485,0.09684636564006188,0.49274007303373246,0.34323699247901085,0.5940053335578195,cgreGFP_to_amacGFP,42,aubin_linear
iterative_random,7,672,6703,0.1567133139387208,0.39587032465028343,0.09615233177395743,0.5079165845112877,0.3538345059646039,0.61359233788827,cgreGFP_to_amacGFP,42,aubin_linear
iterative_random,8,768,6703,0.15733008135614976,0.39664856152033345,0.09259511140722487,0.5150932449290028,0.359250003425577,0.61873552699993,cgreGFP_to_amacGFP,42,aubin_linear
iterative_random,9,864,6703,0.13596733281166604,0.3687374849559861,0.21580525848114307,0.5288647646094902,0.37016144951983204,0.6252571701290948,cgreGFP_to_amacGFP,42,aubin_linear
iterative_random,10,960,6703,0.14940477562319174,0.3865291394231381,0.13830449580269255,0.5456969155800051,0.38288478124896524,0.6353544365544752,cgreGFP_to_amacGFP,42,aubin_linear
source_only,0,0,6703,6.744593569529459,2.597035534899255,-37.8995996430482,0.09184739032892392,0.06179030464314833,0.08576216478650675,cgreGFP_to_amacGFP,42,mlp_small
oneshot_fancy,1,960,6703,0.11227536684481658,0.33507516596252934,0.3524492209922101,0.5204555521498963,0.36786203426024877,0.6468849345646381,cgreGFP_to_amacGFP,42,mlp_small
oneshot_random,1,960,6703,0.14210545569863442,0.376968772842837,0.18040349254796473,0.624087475996949,0.4477574781005509,0.7322322568081243,cgreGFP_to_amacGFP,42,mlp_small
iterative_fancy,1,96,6703,0.2679359058891011,0.5176252562318623,-0.5453265436438464,0.40189287267689233,0.2783599495603962,0.4752675066306151,cgreGFP_to_amacGFP,42,mlp_small
iterative_fancy,2,192,6703,0.21066740330212633,0.45898518854329745,-0.2150291284141832,0.2980413912031789,0.20165235403862306,0.32786137295653695,cgreGFP_to_amacGFP,42,mlp_small
iterative_fancy,3,288,6703,0.16278575941549944,0.40346717266154314,0.061129361825390416,0.3241942828297497,0.21896690314220718,0.369690686770772,cgreGFP_to_amacGFP,42,mlp_small
iterative_fancy,4,384,6703,0.22976658723054683,0.4793397409255223,-0.32518411413207415,0.39675473060235467,0.2709852492145605,0.46165688354339585,cgreGFP_to_amacGFP,42,mlp_small
iterative_fancy,5,480,6703,0.15279595054356954,0.3908912259741443,0.11874581589672961,0.3530724383192318,0.24052458362115914,0.40569574506680783,cgreGFP_to_amacGFP,42,mlp_small
iterative_fancy,6,576,6703,0.16464867866150695,0.4057692431191735,0.050384931921650944,0.507929736505301,0.3543059069857522,0.6087488593858202,cgreGFP_to_amacGFP,42,mlp_small
iterative_fancy,7,672,6703,0.11426409010425692,0.3380297177827076,0.34097921352689087,0.4992376308728873,0.3478085295322297,0.6124721133295958,cgreGFP_to_amacGFP,42,mlp_small
iterative_fancy,8,768,6703,0.14092586657888231,0.37540094110015537,0.18720680011996627,0.47559801576311367,0.3289016861486118,0.5809426902302947,cgreGFP_to_amacGFP,42,mlp_small
iterative_fancy,9,864,6703,0.10331599077545026,0.3214280491423396,0.40412263000596793,0.5511362200250366,0.3887076836834893,0.6581516525651298,cgreGFP_to_amacGFP,42,mlp_small
iterative_fancy,10,960,6703,0.10641700562388609,0.32621619460702145,0.38623745503615614,0.513162043366179,0.35674926828089165,0.6237217827329553,cgreGFP_to_amacGFP,42,mlp_small
iterative_random,1,96,6703,0.16772367210218858,0.4095408063944161,0.03264983602381766,0.3932031036985204,0.2689114699339112,0.43213642185050405,cgreGFP_to_amacGFP,42,mlp_small
iterative_random,2,192,6703,0.16480794181482428,0.40596544411418106,0.049466377995744715,0.21196165358980631,0.14097182632911429,0.23864691826363627,cgreGFP_to_amacGFP,42,mlp_small
iterative_random,3,288,6703,0.12743266781202667,0.35697712505429063,0.2650291365623051,0.44879375137691124,0.30864509777356525,0.5251757653783611,cgreGFP_to_amacGFP,42,mlp_small
iterative_random,4,384,6703,0.14586582531212158,0.3819238475300038,0.15871547369752137,0.3676883708827592,0.24787245999458346,0.45015173011303666,cgreGFP_to_amacGFP,42,mlp_small
iterative_random,5,480,6703,0.13310363887990864,0.36483371401216286,0.23232167956674465,0.4244184167948604,0.2885835630142794,0.5121902418174643,cgreGFP_to_amacGFP,42,mlp_small
iterative_random,6,576,6703,0.11722116312267873,0.3423757630479686,0.32392422639593266,0.5415800883424385,0.3787662105959669,0.644133110949249,cgreGFP_to_amacGFP,42,mlp_small
iterative_random,7,672,6703,0.08775604355727346,0.2962364656102848,0.4938649860151628,0.6048379007012401,0.43074437444488706,0.7113734147733284,cgreGFP_to_amacGFP,42,mlp_small
iterative_random,8,768,6703,0.11044903126958466,0.3323387297165118,0.3629826537273325,0.5623345948172068,0.39366670730169717,0.6685466665857159,cgreGFP_to_amacGFP,42,mlp_small
iterative_random,9,864,6703,0.1115137589774906,0.3339367589491918,0.35684181200878684,0.6500125079477261,0.46997598300354815,0.7602820108603939,cgreGFP_to_amacGFP,42,mlp_small
iterative_random,10,960,6703,0.0852057967369637,0.29190031986444226,0.5085735936248467,0.622118768932334,0.4455837933780487,0.716411126454709,cgreGFP_to_amacGFP,42,mlp_small
source_only,0,0,6703,1.4303716852081132,1.1959814736057215,-7.249701827360012,0.39619409277746465,0.27301024374702654,0.5027918956029441,cgreGFP_to_amacGFP,43,aubin_1_10_1
oneshot_fancy,1,960,6703,0.7140374372126945,0.8450073592654057,-3.118227458983829,0.20296455330203303,0.1342499696439692,0.1978117888981019,cgreGFP_to_amacGFP,43,aubin_1_10_1
oneshot_random,1,960,6703,0.27739622628856436,0.5266841807844284,-0.5998891606852401,0.5275947239438945,0.3631040268671252,0.5277751644581952,cgreGFP_to_amacGFP,43,aubin_1_10_1
iterative_fancy,1,96,6703,0.6449223620768854,0.803070583496174,-2.719604662166476,0.42803949308810624,0.2942904058686579,0.6082565673476749,cgreGFP_to_amacGFP,43,aubin_1_10_1
iterative_fancy,2,192,6703,0.9386205375124085,0.9688243068340144,-4.413515692172785,-0.21801425027022225,-0.14458989137697362,-0.0956985143183082,cgreGFP_to_amacGFP,43,aubin_1_10_1
iterative_fancy,3,288,6703,0.5335474535692243,0.7304433267333095,-2.077247297476316,0.36823013473753907,0.24597018751682048,0.3106484914895917,cgreGFP_to_amacGFP,43,aubin_1_10_1
iterative_fancy,4,384,6703,0.4081326784170548,0.6388526265243455,-1.3539146766965202,-0.2610425961900493,-0.18145458830224123,-0.017089696343439202,cgreGFP_to_amacGFP,43,aubin_1_10_1
iterative_fancy,5,480,6703,0.3550936617425802,0.5958973583953702,-1.0480109194384002,0.45614221282381673,0.31055166213034047,0.4345573423649197,cgreGFP_to_amacGFP,43,aubin_1_10_1
iterative_fancy,6,576,6703,0.23295609001600032,0.4826552496513431,-0.34357964532835705,0.5188526257350518,0.3614139183509016,0.5645777706494257,cgreGFP_to_amacGFP,43,aubin_1_10_1
iterative_fancy,7,672,6703,0.2831514524060521,0.5321197726133207,-0.6330825606310735,0.5062893335518469,0.3492057146179586,0.5065218072009992,cgreGFP_to_amacGFP,43,aubin_1_10_1
iterative_fancy,8,768,6703,0.20794822615177816,0.45601340567112514,-0.19934621121292495,0.538146642437514,0.37517164879260045,0.5734956786781986,cgreGFP_to_amacGFP,43,aubin_1_10_1
iterative_fancy,9,864,6703,0.2528558199447291,0.502847710489696,-0.45835179864675757,0.5401298608079629,0.37658906537878567,0.555269156843493,cgreGFP_to_amacGFP,43,aubin_1_10_1
iterative_fancy,10,960,6703,0.19603595552649844,0.442759478189342,-0.1306419144475155,0.5488625532260708,0.3848413631200046,0.5905933099025606,cgreGFP_to_amacGFP,43,aubin_1_10_1
iterative_random,1,96,6703,0.7078190626770647,0.8413198337594715,-3.0823628398080585,0.4199103744353052,0.28759754773441765,0.5666663863710166,cgreGFP_to_amacGFP,43,aubin_1_10_1
iterative_random,2,192,6703,0.40681253512735505,0.6378185754016223,-1.3463007196935695,0.4721888227290334,0.3266472631860738,0.6164503959775768,cgreGFP_to_amacGFP,43,aubin_1_10_1
iterative_random,3,288,6703,0.2887407793016319,0.5373460517223811,-0.6653191329716872,0.47277598721564706,0.3250949288887544,0.5431764877785263,cgreGFP_to_amacGFP,43,aubin_1_10_1
iterative_random,4,384,6703,0.3036137732865135,0.5510115908821823,-0.7510994702953673,0.45603613506636526,0.3118659597531089,0.4734276722264165,cgreGFP_to_amacGFP,43,aubin_1_10_1
iterative_random,5,480,6703,0.2892218742992165,0.5377935238539197,-0.6680938595142711,0.49822505350171914,0.34536958138631796,0.5901850078401688,cgreGFP_to_amacGFP,43,aubin_1_10_1
iterative_random,6,576,6703,0.25180656132049245,0.5018033093957158,-0.45230017522659804,0.5176710358634963,0.36147951915142224,0.6031872393391,cgreGFP_to_amacGFP,43,aubin_1_10_1
iterative_random,7,672,6703,0.21643691949879398,0.4652278146228942,-0.2483049467227001,0.5251194192527855,0.36741866785313476,0.6004218366559134,cgreGFP_to_amacGFP,43,aubin_1_10_1
iterative_random,8,768,6703,0.35681976806827664,0.5973439277905792,-1.0579662776551308,0.5332631558924454,0.37392243158907157,0.6758542617667438,cgreGFP_to_amacGFP,43,aubin_1_10_1
iterative_random,9,864,6703,0.2504416957594435,0.5004415008364549,-0.4444282814877003,0.5373304357202263,0.3740590995958426,0.57793313811633,cgreGFP_to_amacGFP,43,aubin_1_10_1
iterative_random,10,960,6703,0.2032107728051741,0.4507890557735115,-0.1720228392987042,0.5561879290764816,0.3909560969548003,0.5895601276672111,cgreGFP_to_amacGFP,43,aubin_1_10_1
source_only,0,0,6703,10.240122787104436,3.2000191854275557,-58.06014537534359,0.38942991648136566,0.2667494186231191,0.5017605606736351,cgreGFP_to_amacGFP,43,aubin_linear
oneshot_fancy,1,960,6703,0.16400254926589247,0.40497228209581515,0.05411149817770511,0.4719850491234411,0.3264236486536044,0.5886778754750115,cgreGFP_to_amacGFP,43,aubin_linear
oneshot_random,1,960,6703,0.13451274591183884,0.3667597932050879,0.2241946221197363,0.5331764963055775,0.3732607752583588,0.6279317692349593,cgreGFP_to_amacGFP,43,aubin_linear
iterative_fancy,1,96,6703,0.1641222615216404,0.40512005815762864,0.053421054969681636,0.4138277590786987,0.28356428294987823,0.5366205438873863,cgreGFP_to_amacGFP,43,aubin_linear
iterative_fancy,2,192,6703,0.19485446126250325,0.4414232223869778,-0.12382761891196159,0.42030897254513566,0.2872741394999742,0.5522845123857885,cgreGFP_to_amacGFP,43,aubin_linear
iterative_fancy,3,288,6703,0.17959104217571312,0.42378183322992163,-0.03579549576927388,0.4323000650317532,0.29514982814816054,0.5654588309604409,cgreGFP_to_amacGFP,43,aubin_linear
iterative_fancy,4,384,6703,0.17459219475689403,0.41784230848119486,-0.006964527488658279,0.4352098794958873,0.2983313626285242,0.5659286272587101,cgreGFP_to_amacGFP,43,aubin_linear
iterative_fancy,5,480,6703,0.1523548450225866,0.3903265876449958,0.1212899022067031,0.4481160489773513,0.30837226370593224,0.5666094696704633,cgreGFP_to_amacGFP,43,aubin_linear
iterative_fancy,6,576,6703,0.1527376139237671,0.3908165988334773,0.11908227370274116,0.4532680390911406,0.31253379574223067,0.5665675717459813,cgreGFP_to_amacGFP,43,aubin_linear
iterative_fancy,7,672,6703,0.13831806870101465,0.37191137210498776,0.2022473347872198,0.4845680774541257,0.33612424014875064,0.5954238372989535,cgreGFP_to_amacGFP,43,aubin_linear
iterative_fancy,8,768,6703,0.1380720067779594,0.37158041764597793,0.20366650262818375,0.49217227447034945,0.34125280516954365,0.605989893883416,cgreGFP_to_amacGFP,43,aubin_linear
iterative_fancy,9,864,6703,0.15118632888864914,0.3888268623547621,0.1280293460765256,0.5150822537583761,0.35906567050289095,0.625096247191856,cgreGFP_to_amacGFP,43,aubin_linear
iterative_fancy,10,960,6703,0.1680230123740056,0.40990610189896615,0.03092338407223838,0.5119310366365515,0.35686884620775144,0.6197682854197317,cgreGFP_to_amacGFP,43,aubin_linear
iterative_random,1,96,6703,0.17284239094329165,0.415743179070074,0.0031275065384950285,0.4170878320405356,0.28790846154290883,0.5394963819354095,cgreGFP_to_amacGFP,43,aubin_linear
iterative_random,2,192,6703,0.22567706794251216,0.4750548051988446,-0.3015977169093027,0.44551852605068015,0.30719254428794884,0.5621927985898378,cgreGFP_to_amacGFP,43,aubin_linear
iterative_random,3,288,6703,0.18111137429468907,0.4255718203719427,-0.04456404648222034,0.46418547862144544,0.3212595470657497,0.5782408419736682,cgreGFP_to_amacGFP,43,aubin_linear
iterative_random,4,384,6703,0.16478267554685624,0.4059343241792399,0.04961210178151454,0.4711027865970786,0.32650867681299384,0.5868992848885362,cgreGFP_to_amacGFP,43,aubin_linear
iterative_random,5,480,6703,0.14168233712706532,0.37640714276839293,0.18284383871054666,0.48335641657562467,0.33520839084660164,0.5957178409445613,cgreGFP_to_amacGFP,43,aubin_linear
iterative_random,6,576,6703,0.14760242312696134,0.3841906078068038,0.1486996055741331,0.49487408324490767,0.3441311699150689,0.6039540776846268,cgreGFP_to_amacGFP,43,aubin_linear
iterative_random,7,672,6703,0.1438116250869717,0.3792250322525818,0.1705631210792693,0.49671195375759947,0.3451860792947386,0.606733517431697,cgreGFP_to_amacGFP,43,aubin_linear
iterative_random,8,768,6703,0.14103600135326166,0.37554760198044357,0.18657159525758749,0.5124929507254867,0.3568338228942961,0.62218351341666,cgreGFP_to_amacGFP,43,aubin_linear
iterative_random,9,864,6703,0.12316731752696394,0.35095201598931436,0.2896296431333596,0.5207157478909838,0.36301979593936445,0.6310828880230879,cgreGFP_to_amacGFP,43,aubin_linear
iterative_random,10,960,6703,0.15256322516623147,0.3905934269367976,0.12008806490134394,0.5312371796861318,0.3713774033800859,0.6381431568346725,cgreGFP_to_amacGFP,43,aubin_linear
source_only,0,0,6703,9.045487941331526,3.0075717682761165,-51.17006123000006,0.22107293132844344,0.14979936431800656,0.2335592339710704,cgreGFP_to_amacGFP,43,mlp_small
oneshot_fancy,1,960,6703,0.1323349039308303,0.36377864688685385,0.2367553761924187,0.44187882406759926,0.3047951396755211,0.5552663989093265,cgreGFP_to_amacGFP,43,mlp_small
oneshot_random,1,960,6703,0.11244911694525443,0.33533433606664026,0.35144711326321265,0.6456118307634177,0.46408201971390206,0.7648914734028068,cgreGFP_to_amacGFP,43,mlp_small
iterative_fancy,1,96,6703,0.28028154512069303,0.5294162305036492,-0.616530303884649,0.18801095583284227,0.1262060895201987,0.20620885991170249,cgreGFP_to_amacGFP,43,mlp_small
iterative_fancy,2,192,6703,0.12260382620893004,0.35014829174069956,0.2928795923627513,0.4736671022162267,0.33016206207019994,0.5675543389324725,cgreGFP_to_amacGFP,43,mlp_small
iterative_fancy,3,288,6703,0.36378772945973875,0.6031481820081519,-1.0981541563852355,0.3193583961585681,0.2157146986502176,0.4052149757062914,cgreGFP_to_amacGFP,43,mlp_small
iterative_fancy,4,384,6703,0.13602439838171412,0.3688148565089456,0.21547613148403222,0.37146071680753395,0.2522838802371106,0.4864476047323969,cgreGFP_to_amacGFP,43,mlp_small
iterative_fancy,5,480,6703,0.15521540958316932,0.393973869162879,0.10479152984183981,0.46841856891338857,0.3266231173594774,0.5694580729389669,cgreGFP_to_amacGFP,43,mlp_small
iterative_fancy,6,576,6703,0.12067618691722595,0.3473847822188329,0.3039972966292115,0.43633202320964204,0.30073759817081663,0.5661426907370671,cgreGFP_to_amacGFP,43,mlp_small
iterative_fancy,7,672,6703,0.11606773506534623,0.34068715130651206,0.330576649434438,0.5211151077660364,0.3659885522458797,0.6495062715167111,cgreGFP_to_amacGFP,43,mlp_small
iterative_fancy,8,768,6703,0.09397557036664961,0.30655435140713566,0.45799372107386904,0.5520835488007956,0.39193104111271415,0.6948692016552722,cgreGFP_to_amacGFP,43,mlp_small
iterative_fancy,9,864,6703,0.23743304946049879,0.4872710225947145,-0.3694006126281413,0.5185833436828424,0.36421039879081274,0.6165887288335616,cgreGFP_to_amacGFP,43,mlp_small
iterative_fancy,10,960,6703,0.15594437769929095,0.3948979332679407,0.10058718934639643,0.5120097007518309,0.3580448626619938,0.6236109908901101,cgreGFP_to_amacGFP,43,mlp_small
iterative_random,1,96,6703,0.1706453890231961,0.4130924703056158,0.01579876600368002,0.2020205548996185,0.13582828299488775,0.23061347055433468,cgreGFP_to_amacGFP,43,mlp_small
iterative_random,2,192,6703,0.13235817238838238,0.36381062709654644,0.23662117482449996,0.4422670800984743,0.30503532724857807,0.5242230127137222,cgreGFP_to_amacGFP,43,mlp_small
iterative_random,3,288,6703,0.11762750110989355,0.3429686590781927,0.3215806626423169,0.49827106563990425,0.3469554478860729,0.5981817354588634,cgreGFP_to_amacGFP,43,mlp_small
iterative_random,4,384,6703,0.12492463276657109,0.35344678915866684,0.27949428678273003,0.47895288331307184,0.33249191795975674,0.5684472772657931,cgreGFP_to_amacGFP,43,mlp_small
iterative_random,5,480,6703,0.12575359900948943,0.3546175390607315,0.2747132047746449,0.5142009240074255,0.35723802132156807,0.6255056888038873,cgreGFP_to_amacGFP,43,mlp_small
iterative_random,6,576,6703,0.09719376101748203,0.31175913942895406,0.4394327319494916,0.5687803385920193,0.4008780823813383,0.6789262925314333,cgreGFP_to_amacGFP,43,mlp_small
iterative_random,7,672,6703,0.0978232036723027,0.31276701180319944,0.43580240685749516,0.5501306215692506,0.3860101310554208,0.6605571407546618,cgreGFP_to_amacGFP,43,mlp_small
iterative_random,8,768,6703,0.09421965981653918,0.30695221096538655,0.45658592951757837,0.5624526358757951,0.3958604714587131,0.6943079074388369,cgreGFP_to_amacGFP,43,mlp_small
iterative_random,9,864,6703,0.08259192519703089,0.28738810900423645,0.5236491582787504,0.5854394585554982,0.4144554972677256,0.7270090967589926,cgreGFP_to_amacGFP,43,mlp_small
iterative_random,10,960,6703,0.06723167157138399,0.25929070860982273,0.6122397768673555,0.650295703056054,0.47175092081405073,0.7898837544673376,cgreGFP_to_amacGFP,43,mlp_small
source_only,0,0,6703,0.6381615519865986,0.7988501436355874,-2.6806115333643223,0.4082821680529114,0.28295306719012114,0.548472741379501,cgreGFP_to_amacGFP,44,aubin_1_10_1
oneshot_fancy,1,960,6703,0.7711907727459889,0.8781746823644991,-3.4478606455636776,-0.3313866887515278,-0.2221916464644042,-0.22708434115717113,cgreGFP_to_amacGFP,44,aubin_1_10_1
oneshot_random,1,960,6703,0.21704175925051897,0.46587740796320976,-0.25179337400119417,0.5569176199714297,0.39258176869462047,0.6299222161125276,cgreGFP_to_amacGFP,44,aubin_1_10_1
iterative_fancy,1,96,6703,0.6405182178527534,0.8003238206205995,-2.6942036583368365,0.23887362366516335,0.15551810919072218,0.1709842822308014,cgreGFP_to_amacGFP,44,aubin_1_10_1
iterative_fancy,2,192,6703,0.7252183247778097,0.8515975133699074,-3.1827134870080886,0.26784529989002204,0.17675728819958184,0.20791462386762835,cgreGFP_to_amacGFP,44,aubin_1_10_1
iterative_fancy,3,288,6703,0.5574002518756468,0.7465924268807224,-2.2148188642313675,0.3644126525247149,0.24282195630421083,0.3255960652198783,cgreGFP_to_amacGFP,44,aubin_1_10_1
iterative_fancy,4,384,6703,0.4353150375160678,0.6597840840123895,-1.510689562448301,0.4372309437792841,0.2953854099805359,0.4190767082548468,cgreGFP_to_amacGFP,44,aubin_1_10_1
iterative_fancy,5,480,6703,0.22420505322598347,0.47350296010266235,-0.29310783793418826,0.526788908937146,0.36690810994404205,0.5568632865312533,cgreGFP_to_amacGFP,44,aubin_1_10_1
iterative_fancy,6,576,6703,0.2809745107225767,0.530070288473686,-0.6205269990452675,0.498329980061245,0.3445133117049746,0.5116789165154991,cgreGFP_to_amacGFP,44,aubin_1_10_1
iterative_fancy,7,672,6703,0.2533784107730978,0.5033670735885472,-0.4613658533545921,0.527863791540565,0.36718267785155245,0.5520525496424464,cgreGFP_to_amacGFP,44,aubin_1_10_1
iterative_fancy,8,768,6703,0.3099904117883385,0.5567678257481645,-0.7878768805621723,0.5034267236141373,0.34465091889811755,0.49781195948435986,cgreGFP_to_amacGFP,44,aubin_1_10_1
iterative_fancy,9,864,6703,0.33664462706323794,0.5802108470747837,-0.9416056845745306,0.5140127191026007,0.35416124469864835,0.4838181763439283,cgreGFP_to_amacGFP,44,aubin_1_10_1
iterative_fancy,10,960,6703,0.242236544512911,0.492175318878254,-0.39710488161039104,0.5549486354196078,0.38807088502227066,0.5776278342485639,cgreGFP_to_amacGFP,44,aubin_1_10_1
iterative_random,1,96,6703,0.5497914726892741,0.7414792462970721,-2.170935054025306,-0.42629874815807595,-0.2952116279545327,-0.5032604175056618,cgreGFP_to_amacGFP,44,aubin_1_10_1
iterative_random,2,192,6703,0.4222516587624047,0.6498089401988901,-1.4353462228883385,0.4828282039134121,0.3378241533485889,0.5296211653198815,cgreGFP_to_amacGFP,44,aubin_1_10_1
iterative_random,3,288,6703,0.2596337387106028,0.5095426760445123,-0.4974436021316613,0.4765591745357691,0.3277279415649577,0.5038014905233401,cgreGFP_to_amacGFP,44,aubin_1_10_1
iterative_random,4,384,6703,0.23400700576884734,0.48374270616604376,-0.34964082627616233,0.5090805991528458,0.35453916865597795,0.5493046976535789,cgreGFP_to_amacGFP,44,aubin_1_10_1
iterative_random,5,480,6703,0.2781238739743896,0.5273745101674802,-0.6040858855683626,0.49871042876090393,0.34437028836676853,0.5028347530995667,cgreGFP_to_amacGFP,44,aubin_1_10_1
iterative_random,6,576,6703,0.2556670390448598,0.5056352826344892,-0.474565569925433,0.5324613274616147,0.3722863931144889,0.6128969168479628,cgreGFP_to_amacGFP,44,aubin_1_10_1
iterative_random,7,672,6703,0.2524639710897627,0.5024579296714927,-0.4560918012990087,0.5291750184944995,0.36714244941293805,0.5766807989657781,cgreGFP_to_amacGFP,44,aubin_1_10_1
iterative_random,8,768,6703,0.3344098706863235,0.5782818263496817,-0.9287166754051039,0.5491709827988535,0.3843379553215462,0.6750477964164271,cgreGFP_to_amacGFP,44,aubin_1_10_1
iterative_random,9,864,6703,0.22650488706807456,0.4759252956799781,-0.30637218289146606,0.5526552171504305,0.38599436337811016,0.6022696026674255,cgreGFP_to_amacGFP,44,aubin_1_10_1
iterative_random,10,960,6703,0.27625008810769225,0.5255949848578202,-0.5932787821780816,0.5554448456700969,0.3897859830087533,0.6636551264165031,cgreGFP_to_amacGFP,44,aubin_1_10_1
source_only,0,0,6703,5.583161363585951,2.3628714234138832,-31.201012492021874,0.3968995142077137,0.27282714769735017,0.507516128028477,cgreGFP_to_amacGFP,44,aubin_linear
oneshot_fancy,1,960,6703,0.12622015014702528,0.35527475303914474,0.27202236028178384,0.49762418871981134,0.34732063640585203,0.6084410385341237,cgreGFP_to_amacGFP,44,aubin_linear
oneshot_random,1,960,6703,0.11574320315855222,0.34021052770094024,0.33244839472428245,0.5322649191535855,0.3729742526378914,0.6412208806732677,cgreGFP_to_amacGFP,44,aubin_linear
iterative_fancy,1,96,6703,0.24323179452830707,0.4931853551437908,-0.4028450091280149,0.40560030668692826,0.2785282331502354,0.5235010219337577,cgreGFP_to_amacGFP,44,aubin_linear
iterative_fancy,2,192,6703,0.16316456559754638,0.403936338545502,0.05894458839582328,0.4261323039944988,0.2936723772748128,0.5451889370198166,cgreGFP_to_amacGFP,44,aubin_linear
iterative_fancy,3,288,6703,0.17544914489745816,0.41886650008977583,-0.011907007274630788,0.4327456627611117,0.2982479351313183,0.5427294041117934,cgreGFP_to_amacGFP,44,aubin_linear
iterative_fancy,4,384,6703,0.3720579877114762,0.6099655627258609,-1.1458530624231935,0.4393937813860863,0.30224472100767535,0.5577547598324782,cgreGFP_to_amacGFP,44,aubin_linear
iterative_fancy,5,480,6703,0.17039427890807532,0.41278841905760305,0.017247049409317317,0.4734994623609281,0.3271483864593702,0.5889519747165546,cgreGFP_to_amacGFP,44,aubin_linear
iterative_fancy,6,576,6703,0.20407000471265174,0.4517410814976337,-0.17697847922820453,0.4795220402066289,0.3319438851652654,0.5922424572011735,cgreGFP_to_amacGFP,44,aubin_linear
iterative_fancy,7,672,6703,0.1453481678696394,0.38124554799976274,0.16170107498797925,0.4790662251040558,0.3309871323719711,0.5873883378298826,cgreGFP_to_amacGFP,44,aubin_linear
iterative_fancy,8,768,6703,0.12624553778421121,0.3553104808251668,0.2718759364962384,0.5031988321844878,0.34973729371619106,0.6106741524672972,cgreGFP_to_amacGFP,44,aubin_linear
iterative_fancy,9,864,6703,0.13502246077350102,0.367454025387532,0.2212548298481386,0.5050717239673087,0.3510373255423473,0.6102996490979629,cgreGFP_to_amacGFP,44,aubin_linear
iterative_fancy,10,960,6703,0.1280943995687327,0.35790277949288507,0.2612125833272446,0.5245685998327284,0.3654244824692232,0.6333491171471441,cgreGFP_to_amacGFP,44,aubin_linear
iterative_random,1,96,6703,0.16349995467476067,0.4043512763362577,0.05701022412408596,0.4214957170841316,0.2902451376045831,0.5419620014019313,cgreGFP_to_amacGFP,44,aubin_linear
iterative_random,2,192,6703,0.14288225153969078,0.3779976872147378,0.17592330454108596,0.46276773157483503,0.32054093195567723,0.5743038483913744,cgreGFP_to_amacGFP,44,aubin_linear
iterative_random,3,288,6703,0.1921390010689228,0.4383366298507607,-0.10816613934496022,0.46319725998770395,0.32046643608108866,0.5786312402896123,cgreGFP_to_amacGFP,44,aubin_linear
iterative_random,4,384,6703,0.14765819040241487,0.384263178567001,0.14837796652116975,0.4828094396824296,0.3353112091214834,0.5921984556151685,cgreGFP_to_amacGFP,44,aubin_linear
iterative_random,5,480,6703,0.1371021851446471,0.37027312236327264,0.20925997136312002,0.5031798150604726,0.35096209673170914,0.6086146542947132,cgreGFP_to_amacGFP,44,aubin_linear
iterative_random,6,576,6703,0.13884274092154078,0.37261607711093303,0.19922127560190417,0.5126701257226473,0.3576778776066826,0.61836224323108,cgreGFP_to_amacGFP,44,aubin_linear
iterative_random,7,672,6703,0.15736067143204602,0.39668712032538445,0.09241868243590923,0.5251145485900245,0.3667161745023789,0.6276498188531034,cgreGFP_to_amacGFP,44,aubin_linear
iterative_random,8,768,6703,0.2223129502936755,0.47150074262261293,-0.2821950904437043,0.5379701154494324,0.37666836953166605,0.6389742972298769,cgreGFP_to_amacGFP,44,aubin_linear
iterative_random,9,864,6703,0.12613560383825603,0.35515574588939997,0.2725099830760289,0.5355115716372515,0.37521785690909804,0.6368337494400838,cgreGFP_to_amacGFP,44,aubin_linear
iterative_random,10,960,6703,0.11569987625171171,0.3401468451297347,0.3326982836631033,0.5447637257027311,0.38248336650704756,0.6490751375382178,cgreGFP_to_amacGFP,44,aubin_linear
source_only,0,0,6703,7.751453002216228,2.7841431360862585,-43.70668474381497,0.16412867970724287,0.11057906988785653,0.15864522166116718,cgreGFP_to_amacGFP,44,mlp_small
oneshot_fancy,1,960,6703,0.10695331952632062,0.32703718370595203,0.38314425218076753,0.5349958091654529,0.37758406788375526,0.6432564900842154,cgreGFP_to_amacGFP,44,mlp_small
oneshot_random,1,960,6703,0.06461678374639374,0.2541983157819771,0.6273212029688691,0.6671459724786563,0.4861240884551147,0.7954742815827136,cgreGFP_to_amacGFP,44,mlp_small
iterative_fancy,1,96,6703,0.23799158476982887,0.48784381185972714,-0.37262197796253327,0.1946232190745027,0.1306535715138532,0.2020418279480477,cgreGFP_to_amacGFP,44,mlp_small
iterative_fancy,2,192,6703,0.2721249568172387,0.5216559755406226,-0.569486991906448,0.2441381188519348,0.1648576961934465,0.2636033953281236,cgreGFP_to_amacGFP,44,mlp_small
iterative_fancy,3,288,6703,0.15065129396961147,0.3881382407978006,0.1311151723655466,0.4246859954735797,0.292407741036523,0.4991964698788264,cgreGFP_to_amacGFP,44,mlp_small
iterative_fancy,4,384,6703,0.1108492881868622,0.3329403673135209,0.36067416268544106,0.47392219600422314,0.32765290339800435,0.6012178506979521,cgreGFP_to_amacGFP,44,mlp_small
iterative_fancy,5,480,6703,0.1377175083482931,0.3711030966568362,0.20571108053283416,0.4002935576799327,0.27314818108261096,0.4796519099011526,cgreGFP_to_amacGFP,44,mlp_small
iterative_fancy,6,576,6703,0.17487826964590722,0.4181844923546391,-0.008614471037639237,0.5458147303791968,0.38276039129290296,0.6593239712416967,cgreGFP_to_amacGFP,44,mlp_small
iterative_fancy,7,672,6703,0.12354727484053786,0.35149292288826794,0.2874382305260459,0.43318256094579155,0.29842918274449487,0.5464703181160238,cgreGFP_to_amacGFP,44,mlp_small
iterative_fancy,8,768,6703,0.09662473345100583,0.3108451920989061,0.442714611620015,0.5777281236431198,0.40900105730427255,0.6980008267392154,cgreGFP_to_amacGFP,44,mlp_small
iterative_fancy,9,864,6703,0.09553376425356565,0.3090853672588944,0.4490068017373037,0.575792897721129,0.40641089886852744,0.6948721648183535,cgreGFP_to_amacGFP,44,mlp_small
iterative_fancy,10,960,6703,0.2058159982624721,0.453669481299406,-0.1870485374707349,0.5358450587470859,0.3749488439330141,0.6488044835935707,cgreGFP_to_amacGFP,44,mlp_small
iterative_random,1,96,6703,0.22198647018448034,0.4711544016397176,-0.28031210885138313,0.19291229007543176,0.12731479772397414,0.23219741202070424,cgreGFP_to_amacGFP,44,mlp_small
iterative_random,2,192,6703,0.11446893329306443,0.33833257793636196,0.33979777569048564,0.5116211374794001,0.3548288717645207,0.5847965449965344,cgreGFP_to_amacGFP,44,mlp_small
iterative_random,3,288,6703,0.12691895757969196,0.3562568702210414,0.2679919722268048,0.4425454493561885,0.3022848003306721,0.5218744396449471,cgreGFP_to_amacGFP,44,mlp_small
iterative_random,4,384,6703,0.11733537695699577,0.3425425184659501,0.32326549546087635,0.4929815787409391,0.3400543158653528,0.5821119768819818,cgreGFP_to_amacGFP,44,mlp_small
iterative_random,5,480,6703,0.11068424604581095,0.33269241957972373,0.36162604705696644,0.5672836273054451,0.39944915649596213,0.6567390651004015,cgreGFP_to_amacGFP,44,mlp_small
iterative_random,6,576,6703,0.09050681040983483,0.3008434982010328,0.47799987447465075,0.6104597701747271,0.43576155436245584,0.6968988312672308,cgreGFP_to_amacGFP,44,mlp_small
iterative_random,7,672,6703,0.10692700150349427,0.32699694418066705,0.3832960419870455,0.6278788418612441,0.4501726236463861,0.7132947847088866,cgreGFP_to_amacGFP,44,mlp_small
iterative_random,8,768,6703,0.09774477200494602,0.31264160312560135,0.4362547633157544,0.5988532427429032,0.4260241880429824,0.6831998202469272,cgreGFP_to_amacGFP,44,mlp_small
iterative_random,9,864,6703,0.10483935476551588,0.3237890590577697,0.395336592906282,0.5748433764269593,0.40579918257505904,0.6968580788134584,cgreGFP_to_amacGFP,44,mlp_small
iterative_random,10,960,6703,0.1299748215386856,0.36052020961200715,0.25036720605771956,0.6417087227807318,0.462127813559562,0.754853874131004,cgreGFP_to_amacGFP,44,mlp_small
source_only,0,0,6703,0.5435427390910749,0.7372535107349947,-2.134895338252933,-0.4011109613741311,-0.2776987246338646,-0.5160413212097698,cgreGFP_to_amacGFP,45,aubin_1_10_1
oneshot_fancy,1,960,6703,0.9655241095040085,0.9826108637217525,-4.568682666824777,-0.41224485944740225,-0.2831954742915971,-0.5752001218858729,cgreGFP_to_amacGFP,45,aubin_1_10_1
oneshot_random,1,960,6703,0.23486529073144652,0.48462902382280665,-0.3545910046791414,0.5639160752552714,0.3963267444160204,0.6056232096693959,cgreGFP_to_amacGFP,45,aubin_1_10_1
iterative_fancy,1,96,6703,0.5651132700793052,0.7517401612786863,-2.2593038753842025,0.2639376261018196,0.17224493597364274,0.21954096977691845,cgreGFP_to_amacGFP,45,aubin_1_10_1
iterative_fancy,2,192,6703,0.6642425815786938,0.8150107861732222,-2.8310344756739174,0.2235770113908253,0.14322627923950385,0.19950703699968714,cgreGFP_to_amacGFP,45,aubin_1_10_1
iterative_fancy,3,288,6703,0.44135873785490953,0.6643483558005615,-1.5455467441479684,0.36791946985611657,0.24445319177292066,0.3479023096687309,cgreGFP_to_amacGFP,45,aubin_1_10_1
iterative_fancy,4,384,6703,0.4297106213398873,0.6555231661351774,-1.4783659623322967,0.3912184020106162,0.26097122006653345,0.3697523177902836,cgreGFP_to_amacGFP,45,aubin_1_10_1
iterative_fancy,5,480,6703,0.6928896972103976,0.8323999622839958,-2.9962573786574,0.2685505353313783,0.17580380771127693,0.23867223931176246,cgreGFP_to_amacGFP,45,aubin_1_10_1
iterative_fancy,6,576,6703,0.299621272860789,0.5473767193266343,-0.7280726316083002,0.5048110986050727,0.3514943128835211,0.6090307775808177,cgreGFP_to_amacGFP,45,aubin_1_10_1
iterative_fancy,7,672,6703,0.3787413032523477,0.6154196155895161,-1.1843992396165217,0.4438722773935656,0.3022347969698551,0.43385771059817824,cgreGFP_to_amacGFP,45,aubin_1_10_1
iterative_fancy,8,768,6703,0.5703460859005297,0.7552126097335304,-2.2894842618453013,0.342367911337523,0.22621812859367518,0.3081618045517619,cgreGFP_to_amacGFP,45,aubin_1_10_1
iterative_fancy,9,864,6703,0.49650226678284043,0.7046291696934214,-1.8635883245765146,0.39333571152981267,0.26427396031020545,0.3508744199018767,cgreGFP_to_amacGFP,45,aubin_1_10_1
iterative_fancy,10,960,6703,0.3487585166117336,0.5905578012453426,-1.0114728231498598,0.47686914036393063,0.32671452193211203,0.4543441119908047,cgreGFP_to_amacGFP,45,aubin_1_10_1
iterative_random,1,96,6703,0.25494711964255806,0.5049228848473379,-0.47041341809654913,-0.44222020017029195,-0.3048216352478653,-0.5444063137302592,cgreGFP_to_amacGFP,45,aubin_1_10_1
iterative_random,2,192,6703,0.33809674042911614,0.5814608674959272,-0.9499807820487765,0.42471032620905247,0.28691710301065154,0.4331919845968052,cgreGFP_to_amacGFP,45,aubin_1_10_1
iterative_random,3,288,6703,0.34040979940146,0.5834464837510464,-0.9633214032511321,0.44185037569609104,0.29945055966298884,0.46507481057477285,cgreGFP_to_amacGFP,45,aubin_1_10_1
iterative_random,4,384,6703,0.30924327628196824,0.5560964631086662,-0.7835677592226431,0.4960464255201094,0.34317843491042327,0.5930513234995214,cgreGFP_to_amacGFP,45,aubin_1_10_1
iterative_random,5,480,6703,0.22948076809240342,0.479041509780106,-0.323535645632159,0.5089985725173085,0.35453066293260777,0.545116803135674,cgreGFP_to_amacGFP,45,aubin_1_10_1
iterative_random,6,576,6703,0.2790676124427041,0.5282685041176542,-0.6095289190449877,0.4856482446999293,0.3337878460601769,0.5436865754015802,cgreGFP_to_amacGFP,45,aubin_1_10_1
iterative_random,7,672,6703,0.25505262367102305,0.5050273494287444,-0.4710219150246009,0.5021833637627853,0.3481548246308299,0.5547412313571696,cgreGFP_to_amacGFP,45,aubin_1_10_1
iterative_random,8,768,6703,0.2302549875100611,0.4798489215472523,-0.3280009740574059,0.5253852672764665,0.36838502492770026,0.5840742336546529,cgreGFP_to_amacGFP,45,aubin_1_10_1
iterative_random,9,864,6703,0.21653914630093513,0.46533766911881863,-0.2488945421720159,0.5449992554850643,0.3830519906729407,0.5925727514092719,cgreGFP_to_amacGFP,45,aubin_1_10_1
iterative_random,10,960,6703,0.18478863914385713,0.4298704911294297,-0.06577275667942661,0.5562737640650791,0.39226478662745223,0.6126827833082699,cgreGFP_to_amacGFP,45,aubin_1_10_1
source_only,0,0,6703,7.413758712995553,2.7228218290948734,-41.7590251084332,0.3935548499627372,0.27004221986976806,0.5083690310501512,cgreGFP_to_amacGFP,45,aubin_linear
oneshot_fancy,1,960,6703,0.15056924492054166,0.3880325307503762,0.13158839215662899,0.5401443757009475,0.3795947861758263,0.6403038439913774,cgreGFP_to_amacGFP,45,aubin_linear
oneshot_random,1,960,6703,0.1367361938681587,0.36977857410639503,0.21137083452803562,0.5574340514036352,0.39273611781356754,0.648979413925604,cgreGFP_to_amacGFP,45,aubin_linear
iterative_fancy,1,96,6703,0.37336198768671464,0.6110335405578933,-1.1533739124860474,0.42779540423484874,0.29751785471860465,0.532145268207253,cgreGFP_to_amacGFP,45,aubin_linear
iterative_fancy,2,192,6703,0.18729976737942597,0.4327814314170907,-0.0802557469454801,0.43456386384997897,0.3006659897819899,0.5379398470954262,cgreGFP_to_amacGFP,45,aubin_linear
iterative_fancy,3,288,6703,0.23645878041747959,0.48627027507084947,-0.3637814933547012,0.4388218608299676,0.30300477880415655,0.5512520663269889,cgreGFP_to_amacGFP,45,aubin_linear
iterative_fancy,4,384,6703,0.14557701501951326,0.38154556086988256,0.16038119375009963,0.4671340905777906,0.322940094607597,0.5782824706069014,cgreGFP_to_amacGFP,45,aubin_linear
iterative_fancy,5,480,6703,0.21265189410980675,0.46114194572800116,-0.22647472511593714,0.4630484894505338,0.31951306833875387,0.5748316190496882,cgreGFP_to_amacGFP,45,aubin_linear
iterative_fancy,6,576,6703,0.14044504047286013,0.3747599771491883,0.18997997582423543,0.4748141836460043,0.3283555611302129,0.5922523575508513,cgreGFP_to_amacGFP,45,aubin_linear
iterative_fancy,7,672,6703,0.145391693696571,0.381302627445145,0.1614500387729252,0.4738030501528647,0.3273635387571124,0.5872854592756842,cgreGFP_to_amacGFP,45,aubin_linear
iterative_fancy,8,768,6703,0.13865620133929235,0.3723656822792513,0.20029714696349776,0.48185144838933275,0.3337874673642916,0.5959135553515441,cgreGFP_to_amacGFP,45,aubin_linear
iterative_fancy,9,864,6703,0.1324479899050729,0.3639340460922458,0.23610315021646755,0.5003515147777226,0.3472856337978807,0.6182220817719317,cgreGFP_to_amacGFP,45,aubin_linear
iterative_fancy,10,960,6703,0.16465884034836595,0.4057817644354733,0.05032632415730787,0.5070216579397194,0.3515334918996849,0.6294904921643295,cgreGFP_to_amacGFP,45,aubin_linear
iterative_random,1,96,6703,0.23311272013418866,0.4828174811812313,-0.34448301316316554,0.42800780823867285,0.29453619405755577,0.5473376562705423,cgreGFP_to_amacGFP,45,aubin_linear
iterative_random,2,192,6703,0.14742372880103516,0.3839579779103895,0.14973022923816193,0.4469334924639934,0.3076709920293696,0.56779366418145,cgreGFP_to_amacGFP,45,aubin_linear
iterative_random,3,288,6703,0.1374656477774202,0.3707636009338298,0.20716369220940534,0.47019167358593084,0.324656380359888,0.5893733587757001,cgreGFP_to_amacGFP,45,aubin_linear
iterative_random,4,384,6703,0.14588406515948235,0.381947725689632,0.15861027495536295,0.4886432295699032,0.3378884728497667,0.599513042657289,cgreGFP_to_amacGFP,45,aubin_linear
iterative_random,5,480,6703,0.14547492546231203,0.3814117531779953,0.16096999763604536,0.4837564153001588,0.33504435496144713,0.5956701434500393,cgreGFP_to_amacGFP,45,aubin_linear
iterative_random,6,576,6703,0.13103542968562537,0.36198816235565684,0.24425012400247115,0.4936684428944473,0.3417926964632759,0.6136612647563828,cgreGFP_to_amacGFP,45,aubin_linear
iterative_random,7,672,6703,0.13809505842043973,0.37161143472778085,0.20353355174621346,0.4934503807642449,0.34172949712094924,0.61317983315719,cgreGFP_to_amacGFP,45,aubin_linear
iterative_random,8,768,6703,0.15110327385657565,0.38872004560682955,0.12850836789788422,0.5058163433992123,0.35181295194592926,0.6215720480536487,cgreGFP_to_amacGFP,45,aubin_linear
iterative_random,9,864,6703,0.13226571457272582,0.3636835362959476,0.23715442741797876,0.5233704696387855,0.3650281587396474,0.6384364613100884,cgreGFP_to_amacGFP,45,aubin_linear
iterative_random,10,960,6703,0.12348105969549576,0.351398718972474,0.28782012790887423,0.5296742787455502,0.3697596765730805,0.6438953835111538,cgreGFP_to_amacGFP,45,aubin_linear
source_only,0,0,6703,6.525251963300544,2.554457273727737,-36.634541848325775,-0.11729295591988048,-0.07667995083595232,-0.16936429944432174,cgreGFP_to_amacGFP,45,mlp_small
oneshot_fancy,1,960,6703,0.1274226543762812,0.356963099460268,0.26508688928491686,0.378821954935974,0.25813701951040985,0.5372000340731347,cgreGFP_to_amacGFP,45,mlp_small
oneshot_random,1,960,6703,0.07882580232715534,0.2807593316831256,0.5453703591686814,0.6302386662245032,0.45205546125943386,0.7468787409924711,cgreGFP_to_amacGFP,45,mlp_small
iterative_fancy,1,96,6703,0.135618667919942,0.3682643994739948,0.21781619132058438,0.4189041278127047,0.2890036839032637,0.48947629044578767,cgreGFP_to_amacGFP,45,mlp_small
iterative_fancy,2,192,6703,0.14522403765449665,0.3810827176014371,0.1624169988791493,0.4239236876051156,0.29332526539340037,0.5063242488410618,cgreGFP_to_amacGFP,45,mlp_small
iterative_fancy,3,288,6703,0.12717959928175734,0.3566224884689093,0.26648871517267614,0.44780343026419356,0.31131541204273855,0.5183998622449806,cgreGFP_to_amacGFP,45,mlp_small
iterative_fancy,4,384,6703,0.15690897039045903,0.39611736946321735,0.09502387865639939,0.400411996772612,0.27476670393612407,0.4946396716095518,cgreGFP_to_amacGFP,45,mlp_small
iterative_fancy,5,480,6703,0.5137384963994495,0.7167555346137549,-1.9629986781478297,0.4544564252124983,0.3138094804259967,0.5832833493797744,cgreGFP_to_amacGFP,45,mlp_small
iterative_fancy,6,576,6703,0.14723171530482398,0.3837078515027077,0.15083767152533256,0.3799385364285698,0.2591089876040253,0.48776529079304465,cgreGFP_to_amacGFP,45,mlp_small
iterative_fancy,7,672,6703,0.11881508074837989,0.34469563494245165,0.31473126956842457,0.5382122046448694,0.37574430164264944,0.6627817384350245,cgreGFP_to_amacGFP,45,mlp_small
iterative_fancy,8,768,6703,0.16536377561143575,0.4066494505239565,0.046260593698534525,0.5423467668322672,0.3797082720971512,0.6722166910860647,cgreGFP_to_amacGFP,45,mlp_small
iterative_fancy,9,864,6703,0.11195626493827451,0.3345986624872767,0.3542896486298217,0.5328792254322995,0.3715333170326312,0.6619132803808527,cgreGFP_to_amacGFP,45,mlp_small
iterative_fancy,10,960,6703,0.08926506059500339,0.29877259009990087,0.48516169529540365,0.5584432278571857,0.39187359316361203,0.6979785374960088,cgreGFP_to_amacGFP,45,mlp_small
iterative_random,1,96,6703,0.5373132723934408,0.7330165566980331,-2.098966744775866,0.3518404713445256,0.23823558017621527,0.4261814154735221,cgreGFP_to_amacGFP,45,mlp_small
iterative_random,2,192,6703,0.13951337194832394,0.3735148885229663,0.19535339562053244,0.4580848606847506,0.31459416815129804,0.565740840538744,cgreGFP_to_amacGFP,45,mlp_small
iterative_random,3,288,6703,0.118421978041968,0.3441249453933382,0.3169984985334291,0.4759684167439567,0.32977718991768534,0.5715033136354382,cgreGFP_to_amacGFP,45,mlp_small
iterative_random,4,384,6703,0.12212884498602436,0.34946937632076486,0.2956190575682559,0.5328081488317731,0.372685750939347,0.6354311289257795,cgreGFP_to_amacGFP,45,mlp_small
iterative_random,5,480,6703,0.12738650758310743,0.356912464874943,0.26529536675184573,0.5223353726862425,0.36508494980967154,0.6355487607152293,cgreGFP_to_amacGFP,45,mlp_small
iterative_random,6,576,6703,0.20928719643695948,0.4574791759599113,-0.20706875334842167,0.5587665311102157,0.39460479558223627,0.6778029017221452,cgreGFP_to_amacGFP,45,mlp_small
iterative_random,7,672,6703,0.15233987039092237,0.39030740499114586,0.12137626874169682,0.5608323914638349,0.39556627109168624,0.6853067750144226,cgreGFP_to_amacGFP,45,mlp_small
iterative_random,8,768,6703,0.08919503087917997,0.2986553714219451,0.4855655933035733,0.5888305516729386,0.41885490645796813,0.7225142638420892,cgreGFP_to_amacGFP,45,mlp_small
iterative_random,9,864,6703,0.09230894192584528,0.30382386661657323,0.46760603921174737,0.5981742166582583,0.42541797830278366,0.7164585181128009,cgreGFP_to_amacGFP,45,mlp_small
iterative_random,10,960,6703,0.08668493904138566,0.29442306132737917,0.5000426061214551,0.5953939531646434,0.4230338817221935,0.7183810973441084,cgreGFP_to_amacGFP,45,mlp_small
source_only,0,0,6703,1.2973555251439477,1.139015155800812,-6.482528043022902,-0.40472948278340953,-0.2799846348413537,-0.5129107758957486,cgreGFP_to_amacGFP,46,aubin_1_10_1
oneshot_fancy,1,960,6703,0.5282125518152341,0.7267823276712457,-2.0464781280332875,0.09171038218804005,0.05601384166628937,0.4961413952754291,cgreGFP_to_amacGFP,46,aubin_1_10_1
oneshot_random,1,960,6703,0.19640476388259812,0.44317577086591514,-0.13276902518434364,0.5765902363327138,0.4067318745312256,0.645638279405295,cgreGFP_to_amacGFP,46,aubin_1_10_1
iterative_fancy,1,96,6703,0.34013943004399505,0.5832147375058307,-0.9617620417191566,0.3743134907093371,0.2531664834220681,0.3764939914294565,cgreGFP_to_amacGFP,46,aubin_1_10_1
iterative_fancy,2,192,6703,0.998241303408662,0.9991202647372648,-4.7573798405262,-0.411064613561514,-0.28235620839731357,-0.28890041530736377,cgreGFP_to_amacGFP,46,aubin_1_10_1
iterative_fancy,3,288,6703,0.4503752810982506,0.6711000529714258,-1.5975498661618377,0.34309379998329914,0.22547142750081697,0.3396891490674261,cgreGFP_to_amacGFP,46,aubin_1_10_1
iterative_fancy,4,384,6703,0.5411524420995975,0.7356306424419781,-2.121109244986094,0.3411352565781395,0.2252299484267234,0.3154308347625493,cgreGFP_to_amacGFP,46,aubin_1_10_1
iterative_fancy,5,480,6703,0.2976744909143725,0.545595537843165,-0.7168445216373684,0.4654782193651346,0.3177907545663541,0.49047874629816773,cgreGFP_to_amacGFP,46,aubin_1_10_1
iterative_fancy,6,576,6703,0.4372822241045809,0.6612731841717013,-1.522035356665175,0.44919770216039717,0.30392515684073995,0.42150802917647057,cgreGFP_to_amacGFP,46,aubin_1_10_1
iterative_fancy,7,672,6703,0.2746695589882545,0.5240892662402604,-0.5841630438705772,0.49412397175845063,0.33841631134509786,0.5186877308240514,cgreGFP_to_amacGFP,46,aubin_1_10_1
iterative_fancy,8,768,6703,0.30239800714555887,0.5499072714063334,-0.7440875109155807,0.4988911662118339,0.34273802385300045,0.5134336325045509,cgreGFP_to_amacGFP,46,aubin_1_10_1
iterative_fancy,9,864,6703,0.18576271914389397,0.4310019943618521,-0.07139078564308687,0.5496959046691339,0.38408429202372457,0.6064089409141216,cgreGFP_to_amacGFP,46,aubin_1_10_1
iterative_fancy,10,960,6703,0.22292396890264818,0.4721482488611476,-0.2857191544245006,0.5566003703287934,0.3877842346601469,0.6027522833287745,cgreGFP_to_amacGFP,46,aubin_1_10_1
iterative_random,1,96,6703,0.3659568681352378,0.604943690053246,-1.11066471394179,0.4002840212547332,0.27073891431399066,0.3981928686482299,cgreGFP_to_amacGFP,46,aubin_1_10_1
iterative_random,2,192,6703,0.5692923790041271,0.7545146645388193,-2.2834069829123855,0.36519021255887224,0.2439028623564198,0.2870399076734814,cgreGFP_to_amacGFP,46,aubin_1_10_1
iterative_random,3,288,6703,0.28007462720516835,0.5292207735956407,-0.6153369000138438,0.4616892240446691,0.31792858999119844,0.5096296708981185,cgreGFP_to_amacGFP,46,aubin_1_10_1
iterative_random,4,384,6703,0.3520646003187869,0.5933503183775896,-1.0305407375119326,0.4401465459674067,0.29914389698981136,0.4288203006717809,cgreGFP_to_amacGFP,46,aubin_1_10_1
iterative_random,5,480,6703,0.26571619388757944,0.5154766666761741,-0.5325243032579834,0.5159563714096203,0.36088979826698275,0.5673137419787847,cgreGFP_to_amacGFP,46,aubin_1_10_1
iterative_random,6,576,6703,0.22933444801038202,0.47888876371280836,-0.3226917411697636,0.5198862831023624,0.3648144023360569,0.5589849980620796,cgreGFP_to_amacGFP,46,aubin_1_10_1
iterative_random,7,672,6703,0.2528187183785396,0.5028108176824954,-0.45813781450434443,0.5218433738885367,0.364588978395437,0.5501898114296984,cgreGFP_to_amacGFP,46,aubin_1_10_1
iterative_random,8,768,6703,0.2797532753782102,0.5289170779793466,-0.6134834959081155,0.5074544808131354,0.350593560674326,0.5117359960230022,cgreGFP_to_amacGFP,46,aubin_1_10_1
iterative_random,9,864,6703,0.26182679584596547,0.51169013655333,-0.5100921099595228,0.5395095335063183,0.3797437538457799,0.6303163792689406,cgreGFP_to_amacGFP,46,aubin_1_10_1
iterative_random,10,960,6703,0.21424616056195228,0.46286732501004246,-0.23566969380804337,0.5439427264970761,0.38138273758482166,0.5866556337255963,cgreGFP_to_amacGFP,46,aubin_1_10_1
source_only,0,0,6703,5.810591605856172,2.410516875248164,-32.51272168247651,0.39491199842186614,0.2713037651860793,0.5045892775634783,cgreGFP_to_amacGFP,46,aubin_linear
oneshot_fancy,1,960,6703,0.17150502787223915,0.4141316552405034,0.010840779029274494,0.5008118683187749,0.34802321917532525,0.598978300444173,cgreGFP_to_amacGFP,46,aubin_linear
oneshot_random,1,960,6703,0.1294567004151916,0.3598009177520141,0.25335548163915367,0.5394586972813311,0.3772495416641653,0.6464246487448553,cgreGFP_to_amacGFP,46,aubin_linear
iterative_fancy,1,96,6703,0.1966811226690305,0.4434874549173071,-0.13436293088662743,0.4151058588522137,0.28705159123361024,0.5389034960531386,cgreGFP_to_amacGFP,46,aubin_linear
iterative_fancy,2,192,6703,0.17404047837606487,0.41718158921034,-0.003782490482348022,0.4401936878973426,0.3041411855067178,0.5623945537756158,cgreGFP_to_amacGFP,46,aubin_linear
iterative_fancy,3,288,6703,0.15502445766242895,0.3937314537377335,0.10589284946789246,0.4437067261139415,0.30561568647928905,0.5678475784764635,cgreGFP_to_amacGFP,46,aubin_linear
iterative_fancy,4,384,6703,0.14577297393470814,0.3818022707301623,0.15925099616754923,0.45125540520323776,0.312403113479023,0.5674610036059122,cgreGFP_to_amacGFP,46,aubin_linear
iterative_fancy,5,480,6703,0.1379347955791264,0.3713957398505352,0.2044578713957933,0.4787722095753157,0.33181615093877564,0.5929269140682664,cgreGFP_to_amacGFP,46,aubin_linear
iterative_fancy,6,576,6703,0.14526990026057954,0.38114288693425663,0.16215248523621162,0.47801188976787906,0.3305709680244622,0.5896397275943006,cgreGFP_to_amacGFP,46,aubin_linear
iterative_fancy,7,672,6703,0.13009362245926628,0.3606849351709415,0.2496820189963831,0.49258646497954506,0.34136156892764924,0.6066080479627378,cgreGFP_to_amacGFP,46,aubin_linear
iterative_fancy,8,768,6703,0.15913019558842187,0.3989112627996631,0.08221291087501048,0.5030188224420823,0.3489607133379246,0.6118258013436508,cgreGFP_to_amacGFP,46,aubin_linear
iterative_fancy,9,864,6703,0.12999068841880476,0.3605422144753715,0.2502756934590942,0.5083270867008343,0.353579921074792,0.6181371447404067,cgreGFP_to_amacGFP,46,aubin_linear
iterative_fancy,10,960,6703,0.1349335335844499,0.3673330009466205,0.22176771947088747,0.5211774245338648,0.36365979793348724,0.6268745878802012,cgreGFP_to_amacGFP,46,aubin_linear
iterative_random,1,96,6703,0.23228769461237295,0.48196233733806726,-0.33972465935532203,0.41718476351284217,0.2870052775369465,0.5374159010969006,cgreGFP_to_amacGFP,46,aubin_linear
iterative_random,2,192,6703,0.152812760084821,0.39091272694147605,0.11864886647818818,0.4523238997569276,0.31317588043927014,0.5698983562857614,cgreGFP_to_amacGFP,46,aubin_linear
iterative_random,3,288,6703,0.14867400751596146,0.38558268570562326,0.1425192177885497,0.45349763389541065,0.31356960961863,0.5736518970020152,cgreGFP_to_amacGFP,46,aubin_linear
iterative_random,4,384,6703,0.1543039505729837,0.39281541539632037,0.1100483907959896,0.465996353905417,0.32299250226805887,0.5837024155385262,cgreGFP_to_amacGFP,46,aubin_linear
iterative_random,5,480,6703,0.17599173919479097,0.4195136936916255,-0.015036432453073179,0.5002899944872958,0.3490605398512118,0.6029945035248274,cgreGFP_to_amacGFP,46,aubin_linear
iterative_random,6,576,6703,0.12462704725593828,0.3530255617599642,0.28121061810853243,0.5006086498570141,0.34834742609843217,0.6154388768663255,cgreGFP_to_amacGFP,46,aubin_linear
iterative_random,7,672,6703,0.2966156175690644,0.5446242902855732,-0.7107374450907158,0.5031439380785813,0.35135767185485783,0.6107624518871264,cgreGFP_to_amacGFP,46,aubin_linear
iterative_random,8,768,6703,0.13339674945343655,0.36523519744602456,0.2306311575443517,0.5161588400239406,0.3610087528377921,0.6244894177228568,cgreGFP_to_amacGFP,46,aubin_linear
iterative_random,9,864,6703,0.15382682375979317,0.3922076283804194,0.11280023074316237,0.5128316671740323,0.3581019374907684,0.6265143616311519,cgreGFP_to_amacGFP,46,aubin_linear
iterative_random,10,960,6703,0.12158830455201859,0.34869514558137826,0.2987366370423844,0.5262748392295494,0.3684185497624912,0.6358031397881987,cgreGFP_to_amacGFP,46,aubin_linear
source_only,0,0,6703,8.095631784156382,2.845282373360574,-45.69174384116218,0.2131099224344691,0.14440232400144434,0.23025938245812783,cgreGFP_to_amacGFP,46,mlp_small
oneshot_fancy,1,960,6703,0.118300883396108,0.34394895463732406,0.3176969147084455,0.47934681922996775,0.33345327260371804,0.5891075042900656,cgreGFP_to_amacGFP,46,mlp_small
oneshot_random,1,960,6703,0.13245269849689414,0.3639405150527956,0.23607599330406948,0.64466606458511,0.46487947502754473,0.7653274577292954,cgreGFP_to_amacGFP,46,mlp_small
iterative_fancy,1,96,6703,0.16140374173826422,0.40175084534853717,0.06910018079170166,0.3039446726126888,0.2066346912772844,0.3379052324111985,cgreGFP_to_amacGFP,46,mlp_small
iterative_fancy,2,192,6703,0.2917288291862145,0.5401192731112402,-0.6825527798957718,0.2596955175694141,0.17541283616114794,0.31098295494193673,cgreGFP_to_amacGFP,46,mlp_small
iterative_fancy,3,288,6703,0.23537444640322547,0.4851540439934779,-0.3575275718101345,0.2811852387531384,0.1906123255419754,0.3765381474770968,cgreGFP_to_amacGFP,46,mlp_small
iterative_fancy,4,384,6703,0.12859094774561697,0.3585957999553494,0.25834873021509475,0.44209812156574335,0.30762344492500937,0.5293321251820087,cgreGFP_to_amacGFP,46,mlp_small
iterative_fancy,5,480,6703,0.14388738548301117,0.37932490754366655,0.1701261712402089,0.40836146092728265,0.28124722700402216,0.5081221004165121,cgreGFP_to_amacGFP,46,mlp_small
iterative_fancy,6,576,6703,0.12561062546473814,0.35441589335798435,0.2755378080058164,0.43476877203707776,0.30095961318083836,0.5456932801147996,cgreGFP_to_amacGFP,46,mlp_small
iterative_fancy,7,672,6703,0.1244235639217927,0.35273724487469804,0.2823842129516755,0.4580250732585982,0.31829086965594167,0.5494457478069399,cgreGFP_to_amacGFP,46,mlp_small
iterative_fancy,8,768,6703,0.13012866428619557,0.36073350868223425,0.24947991444786466,0.4662199181489164,0.3225051807634951,0.5914460020575159,cgreGFP_to_amacGFP,46,mlp_small
iterative_fancy,9,864,6703,0.10670670861186946,0.32665992807791633,0.3845665863423241,0.5359230835667709,0.3766436984789866,0.6582653878269296,cgreGFP_to_amacGFP,46,mlp_small
iterative_fancy,10,960,6703,0.09245926532365331,0.30407115174520144,0.4667390455328202,0.5629677099719016,0.39774678265523133,0.6832008516149404,cgreGFP_to_amacGFP,46,mlp_small
iterative_random,1,96,6703,0.1585278449357903,0.39815555369200906,0.08568698221682625,0.3640026185561672,0.24612935940788597,0.42702875053315825,cgreGFP_to_amacGFP,46,mlp_small
iterative_random,2,192,6703,0.1395256634846394,0.3735313420379064,0.1952825039001136,0.3757507101516454,0.25698624289823346,0.4524381985726943,cgreGFP_to_amacGFP,46,mlp_small
iterative_random,3,288,6703,0.24221711669144488,0.4921555817944615,-0.3969928312000621,0.4177462660963336,0.2875106205573328,0.498391223542619,cgreGFP_to_amacGFP,46,mlp_small
iterative_random,4,384,6703,0.10908015614502695,0.3302728510565574,0.37087767271664396,0.5185804716331959,0.3644843430497396,0.6167738632366674,cgreGFP_to_amacGFP,46,mlp_small
iterative_random,5,480,6703,0.10488308750461296,0.32385658477883844,0.39508436332052066,0.5254960203305333,0.36961606722668716,0.6319852060506705,cgreGFP_to_amacGFP,46,mlp_small
iterative_random,6,576,6703,0.17053306626932654,0.41295649440265075,0.01644659008845062,0.532453048747513,0.37581542584091115,0.6522923564654484,cgreGFP_to_amacGFP,46,mlp_small
iterative_random,7,672,6703,0.09300793449313156,0.3049720224760487,0.4635745833885614,0.5703561968328942,0.4057171709902368,0.6946973369962983,cgreGFP_to_amacGFP,46,mlp_small
iterative_random,8,768,6703,0.09956124195437419,0.315533266002769,0.4257782308059811,0.5654786614901937,0.40087270286223825,0.6938275900419143,cgreGFP_to_amacGFP,46,mlp_small
iterative_random,9,864,6703,0.07634512643483657,0.276306218596029,0.5596777148396463,0.6120849536970395,0.44095963379154807,0.7577355355115043,cgreGFP_to_amacGFP,46,mlp_small
iterative_random,10,960,6703,0.1130397379479107,0.33621382771669384,0.3480406929493334,0.6252122315596876,0.4518499046143586,0.7647440590394223,cgreGFP_to_amacGFP,46,mlp_small
source_only,0,0,6281,0.7515030166768288,0.8668927365463555,-1.744965162053966,-0.1563265826717193,-0.10420179449378719,-0.15404917513024324,cgreGFP_to_ppluGFP,42,aubin_1_10_1
oneshot_fancy,1,960,6281,0.3486591226023753,0.5904736425975128,-0.273524022841533,0.10800510443931247,0.07011030369332905,0.4201709378192465,cgreGFP_to_ppluGFP,42,aubin_1_10_1
oneshot_random,1,960,6281,0.26434485721351386,0.514144782345901,0.03444509507369686,0.5140476165070818,0.35539703617540414,0.6196733110160294,cgreGFP_to_ppluGFP,42,aubin_1_10_1
iterative_fancy,1,96,6281,0.5119439646072664,0.715502595807497,-0.869943721563325,0.19633086293321436,0.13050118103359423,0.2707652275664962,cgreGFP_to_ppluGFP,42,aubin_1_10_1
iterative_fancy,2,192,6281,0.9922439086252592,0.9961144053898926,-2.624303430584718,0.258436297396666,0.17461047098096838,0.3727252502615922,cgreGFP_to_ppluGFP,42,aubin_1_10_1
iterative_fancy,3,288,6281,1.3118060846170132,1.1453410341976809,-3.7915469688561583,0.24600179547342593,0.16507444206032976,0.19794765491792793,cgreGFP_to_ppluGFP,42,aubin_1_10_1
iterative_fancy,4,384,6281,0.9192980479890203,0.9588003170572172,-2.3578589297389856,0.33578709325345335,0.22940698267109938,0.44852522723166516,cgreGFP_to_ppluGFP,42,aubin_1_10_1
iterative_fancy,5,480,6281,1.3173001544496783,1.1477369709344027,-3.8116147928753428,-0.20283231284042397,-0.13874012480720457,-0.05863059192530698,cgreGFP_to_ppluGFP,42,aubin_1_10_1
iterative_fancy,6,576,6281,0.8200216584214686,0.9055504725974519,-1.9952386544638756,0.34433594835067793,0.22986997867344566,0.318595150105645,cgreGFP_to_ppluGFP,42,aubin_1_10_1
iterative_fancy,7,672,6281,0.4717140449317549,0.6868144181158072,-0.7229985656146072,0.4575870050573189,0.3156933609333304,0.44671491312942885,cgreGFP_to_ppluGFP,42,aubin_1_10_1
iterative_fancy,8,768,6281,0.4358674926070101,0.6602026148138237,-0.5920642444906732,0.46146525944290506,0.3153123455542954,0.4727496921802513,cgreGFP_to_ppluGFP,42,aubin_1_10_1
iterative_fancy,9,864,6281,0.3430992134504281,0.5857467144171004,-0.25321571191316417,0.5038682774891055,0.34915249758926115,0.536106312740783,cgreGFP_to_ppluGFP,42,aubin_1_10_1
iterative_fancy,10,960,6281,0.43834946976719125,0.6620796551527552,-0.6011299976367324,0.4652879417973874,0.3174390106569443,0.49832915124908805,cgreGFP_to_ppluGFP,42,aubin_1_10_1
iterative_random,1,96,6281,0.47796507486261824,0.6913501825143451,-0.7458312875151174,0.2578217644747102,0.17181842225507474,0.32152551480891906,cgreGFP_to_ppluGFP,42,aubin_1_10_1
iterative_random,2,192,6281,0.2880104712243254,0.5366660704985228,-0.05199672160131108,-0.3254892863862255,-0.2185904725158835,-0.43269427347711586,cgreGFP_to_ppluGFP,42,aubin_1_10_1
iterative_random,3,288,6281,0.2784126242554004,0.5276482012244526,-0.016939303366416913,-0.33681868976999196,-0.22683814901278262,-0.4419021816892778,cgreGFP_to_ppluGFP,42,aubin_1_10_1
iterative_random,4,384,6281,0.4695551595155127,0.6852409499697991,-0.7151129482252632,0.4002988619045598,0.27271239532364927,0.517072330480414,cgreGFP_to_ppluGFP,42,aubin_1_10_1
iterative_random,5,480,6281,0.3360985132581085,0.5797400393780893,-0.22764471923388196,0.44023267888048206,0.3014537366444327,0.5571127810119103,cgreGFP_to_ppluGFP,42,aubin_1_10_1
iterative_random,6,576,6281,0.3585618989514449,0.5988003832258668,-0.30969523637306495,0.43882411617855815,0.30037558737637243,0.48259277335836803,cgreGFP_to_ppluGFP,42,aubin_1_10_1
iterative_random,7,672,6281,0.3050382046945709,0.5523026386815212,-0.11419279284431472,0.4625161608835221,0.31775133729796173,0.552680215741981,cgreGFP_to_ppluGFP,42,aubin_1_10_1
iterative_random,8,768,6281,0.30231264292753296,0.5498296490073384,-0.10423731438112904,0.4243154199091584,0.2867538637440852,0.6212456777446342,cgreGFP_to_ppluGFP,42,aubin_1_10_1
iterative_random,9,864,6281,0.2740224681586512,0.5234715542975102,-0.0009036717400203731,,,,cgreGFP_to_ppluGFP,42,aubin_1_10_1
iterative_random,10,960,6281,0.27495021180228546,0.5243569507523338,-0.0042923793361047125,0.26486903165579756,0.17712853284208221,0.3699645214542964,cgreGFP_to_ppluGFP,42,aubin_1_10_1
source_only,0,0,6281,75.37395338652925,8.681817401128018,-274.31343398622136,0.15913200491090887,0.10593336700637268,0.24560936487027088,cgreGFP_to_ppluGFP,42,aubin_linear
oneshot_fancy,1,960,6281,0.2577128439200967,0.5076542562808832,0.058669409601681544,0.45034773633007996,0.3118476272805681,0.5490271535426277,cgreGFP_to_ppluGFP,42,aubin_linear
oneshot_random,1,960,6281,0.18186440054928235,0.42645562553363314,0.33571598164284466,0.5395163508389108,0.37822293964801373,0.6365763505871596,cgreGFP_to_ppluGFP,42,aubin_linear
iterative_fancy,1,96,6281,0.4600686678183317,0.6782836190107584,-0.6804622699964171,0.2725877494878558,0.18483063950910816,0.37014894343817123,cgreGFP_to_ppluGFP,42,aubin_linear
iterative_fancy,2,192,6281,0.28572752986396693,0.5345348724489049,-0.04365797330339061,0.32048273908752567,0.21624874966988952,0.43656042000641365,cgreGFP_to_ppluGFP,42,aubin_linear
iterative_fancy,3,288,6281,0.2959281238111109,0.5439927608076333,-0.08091700539748237,0.36966895110143533,0.25095328612156004,0.4731665973804005,cgreGFP_to_ppluGFP,42,aubin_linear
iterative_fancy,4,384,6281,0.22191727091248895,0.4710809600402981,0.18941752195942152,0.39227764537436455,0.2672652087864505,0.49821015354932996,cgreGFP_to_ppluGFP,42,aubin_linear
iterative_fancy,5,480,6281,0.24229841860263546,0.492238172638648,0.11497265729404493,0.4428998491082491,0.30366875597557286,0.5358805919676531,cgreGFP_to_ppluGFP,42,aubin_linear
iterative_fancy,6,576,6281,0.21120287337445454,0.45956813790172024,0.22855329030850435,0.44768904126489706,0.30699866407714027,0.5456507362853185,cgreGFP_to_ppluGFP,42,aubin_linear
iterative_fancy,7,672,6281,0.24669922998322785,0.4966882623771452,0.09889810581996672,0.48000868701858007,0.3306820077512695,0.57500346169636,cgreGFP_to_ppluGFP,42,aubin_linear
iterative_fancy,8,768,6281,0.19881559604247656,0.44588742530203357,0.27379947558576523,0.4927018674585114,0.339960647041052,0.5878079721349978,cgreGFP_to_ppluGFP,42,aubin_linear
iterative_fancy,9,864,6281,0.18561279137559697,0.43082802993259034,0.3220244834004351,0.5131665203363945,0.3558727095006295,0.6076007838401691,cgreGFP_to_ppluGFP,42,aubin_linear
iterative_fancy,10,960,6281,0.3817312231273552,0.6178440119701373,-0.3943242881265032,0.5258326345626121,0.36554393584025213,0.6191208937782198,cgreGFP_to_ppluGFP,42,aubin_linear
iterative_random,1,96,6281,0.4121923256843932,0.6420220601228537,-0.5055875345291181,0.2787320118724031,0.18819124817374847,0.3814086672602408,cgreGFP_to_ppluGFP,42,aubin_linear
iterative_random,2,192,6281,0.2572372351129894,0.5071856022335309,0.06040663430644544,0.33419494519770254,0.22635499768392436,0.4380166896540996,cgreGFP_to_ppluGFP,42,aubin_linear
iterative_random,3,288,6281,0.23141806664935807,0.4810593171838147,0.15471459631473106,0.3703899564148396,0.2515764142454302,0.4797054841076558,cgreGFP_to_ppluGFP,42,aubin_linear
iterative_random,4,384,6281,0.22309164671992102,0.47232578451734036,0.18512795743735888,0.4142961463675798,0.28315436618077716,0.520106346384745,cgreGFP_to_ppluGFP,42,aubin_linear
iterative_random,5,480,6281,0.2765664556030531,0.5258958600360466,-0.010195925733178957,0.4259246498476174,0.292452104220667,0.5348491727846888,cgreGFP_to_ppluGFP,42,aubin_linear
iterative_random,6,576,6281,0.20638667558780158,0.4542980030638497,0.24614509612238422,0.45890455567780203,0.316405571171212,0.564133349339703,cgreGFP_to_ppluGFP,42,aubin_linear
iterative_random,7,672,6281,0.19215571326535125,0.4383556926348183,0.2981255871260916,0.47048789263759205,0.3245393663722657,0.5834022369996785,cgreGFP_to_ppluGFP,42,aubin_linear
iterative_random,8,768,6281,0.21349669188680873,0.462057022332535,0.22017481175983544,0.4782630204216342,0.32972458965339846,0.5939908718216946,cgreGFP_to_ppluGFP,42,aubin_linear
iterative_random,9,864,6281,0.2017294429274067,0.4491430094384267,0.26315626057638064,0.4975636890854484,0.34412769800276855,0.6099820128979492,cgreGFP_to_ppluGFP,42,aubin_linear
iterative_random,10,960,6281,0.2588394430860338,0.5087626588951215,0.054554355645183183,0.523434976246216,0.3633319489005509,0.6358392397541922,cgreGFP_to_ppluGFP,42,aubin_linear
source_only,0,0,6281,5.901415305341094,2.429282878822698,-20.55570777560771,-0.13800065620313587,-0.08961113588798739,-0.20688999754583964,cgreGFP_to_ppluGFP,42,mlp_small
oneshot_fancy,1,960,6281,0.26869191724006686,0.5183550108179401,0.018566877600916132,0.4076996530765018,0.2808644814482258,0.5157646299653088,cgreGFP_to_ppluGFP,42,mlp_small
oneshot_random,1,960,6281,0.12491070125564582,0.35342708053521565,0.5437469767843578,0.6835775192792649,0.5013381376818264,0.8094662813931953,cgreGFP_to_ppluGFP,42,mlp_small
iterative_fancy,1,96,6281,0.6346257317439179,0.7966340011221702,-1.3180552651449817,0.23664594534209182,0.15880967672279792,0.33093391534384486,cgreGFP_to_ppluGFP,42,mlp_small
iterative_fancy,2,192,6281,0.4100250715432779,0.6403320010301514,-0.4976713492541931,0.36113329705333863,0.245376557297784,0.43918056547265205,cgreGFP_to_ppluGFP,42,mlp_small
iterative_fancy,3,288,6281,0.307323359558024,0.5543675311181419,-0.12253962625799142,0.42944931724731267,0.2942870779308004,0.5106835283634877,cgreGFP_to_ppluGFP,42,mlp_small
iterative_fancy,4,384,6281,0.1684703306104464,0.4104513742338383,0.38463961141455283,0.5315312854848008,0.37138084249565567,0.6222337477631539,cgreGFP_to_ppluGFP,42,mlp_small
iterative_fancy,5,480,6281,0.24094380865573406,0.4908602740655777,0.11992055108808286,0.5264195991527729,0.3666220613809951,0.6087533533238253,cgreGFP_to_ppluGFP,42,mlp_small
iterative_fancy,6,576,6281,0.29051574366475563,0.5389951239712245,-0.06114756387050768,0.5431319236201998,0.3793919315686369,0.6393711195093866,cgreGFP_to_ppluGFP,42,mlp_small
iterative_fancy,7,672,6281,0.18686684973818948,0.4322809847057692,0.3174438677008188,0.5260161249668767,0.3673175956696736,0.642382468580074,cgreGFP_to_ppluGFP,42,mlp_small
iterative_fancy,8,768,6281,0.5471294102000362,0.7396819655771231,-0.9984632620311611,0.5260279772838926,0.3681334207979436,0.6248165033499364,cgreGFP_to_ppluGFP,42,mlp_small
iterative_fancy,9,864,6281,0.1794163871138176,0.4235757159160775,0.34465767774714706,0.598998324786723,0.4260974320489533,0.7087303696488909,cgreGFP_to_ppluGFP,42,mlp_small
iterative_fancy,10,960,6281,0.15460124667144398,0.3931936503447684,0.4352982932792129,0.5620068450624246,0.3949750693713085,0.6629005915519509,cgreGFP_to_ppluGFP,42,mlp_small
iterative_random,1,96,6281,0.31192947339713767,0.558506466746033,-0.13936407238827075,0.3342310129559561,0.22636139820367313,0.4343916903243033,cgreGFP_to_ppluGFP,42,mlp_small
iterative_random,2,192,6281,0.19413425434882026,0.4406066889515186,0.29089870150448605,0.41902906354339275,0.2856857310187003,0.5416431799178514,cgreGFP_to_ppluGFP,42,mlp_small
iterative_random,3,288,6281,0.2619073750980385,0.5117688688246272,0.0433483241248539,0.48438458470641427,0.33275548033410957,0.6022309791755794,cgreGFP_to_ppluGFP,42,mlp_small
iterative_random,4,384,6281,0.17002010417144953,0.41233494172996005,0.3789788564480091,0.5282223924995936,0.3691936002142771,0.6535090547663578,cgreGFP_to_ppluGFP,42,mlp_small
iterative_random,5,480,6281,0.1343224126853126,0.3665002219444247,0.5093694434725384,0.59206768119088,0.41976970505886674,0.7155033270973243,cgreGFP_to_ppluGFP,42,mlp_small
iterative_random,6,576,6281,0.12876162629121027,0.3588337028363003,0.5296809586450699,0.6158977820342396,0.4397812611354724,0.7341994860095588,cgreGFP_to_ppluGFP,42,mlp_small
iterative_random,7,672,6281,0.12469111060930939,0.35311628482598956,0.5445490609553194,0.6229396603240211,0.44314745813651846,0.739377004819169,cgreGFP_to_ppluGFP,42,mlp_small
iterative_random,8,768,6281,0.1274802698890871,0.3570437926768747,0.5343612840808298,0.6513701715957356,0.4691595689451805,0.7745040188570989,cgreGFP_to_ppluGFP,42,mlp_small
iterative_random,9,864,6281,0.11053578293909865,0.332469221040232,0.5962532862876528,0.65355984058371,0.4735213199676551,0.7762425067719682,cgreGFP_to_ppluGFP,42,mlp_small
iterative_random,10,960,6281,0.0980971527619943,0.31320464996866554,0.6416870446919887,0.6785066538789981,0.49399793945178566,0.8013079084585357,cgreGFP_to_ppluGFP,42,mlp_small
source_only,0,0,6281,2.5979274022607957,1.6118087362527838,-8.489276895102478,0.16583003906864147,0.11087793028216773,0.25352588258810654,cgreGFP_to_ppluGFP,43,aubin_1_10_1
oneshot_fancy,1,960,6281,0.5230475826824037,0.7232202864151446,-0.9105011699203309,0.350691800165288,0.23956921210981813,0.5367613206206187,cgreGFP_to_ppluGFP,43,aubin_1_10_1
oneshot_random,1,960,6281,0.24899924287030678,0.49899823934589865,0.09049700149010631,0.5615170145251409,0.3968223542009231,0.6317387129972518,cgreGFP_to_ppluGFP,43,aubin_1_10_1
iterative_fancy,1,96,6281,0.5377345318384156,0.7333038468727786,-0.9641472137491176,0.2937564468587222,0.19880734238254752,0.3785236099457581,cgreGFP_to_ppluGFP,43,aubin_1_10_1
iterative_fancy,2,192,6281,1.2194050130864096,1.104266730951544,-3.454039711187975,-0.2929129824787876,-0.19862857144393223,-0.3961198934187705,cgreGFP_to_ppluGFP,43,aubin_1_10_1
iterative_fancy,3,288,6281,0.8414930856433892,0.9173293223501521,-2.0736659107700133,0.2847671404347235,0.19315748481097514,0.39032073760901675,cgreGFP_to_ppluGFP,43,aubin_1_10_1
iterative_fancy,4,384,6281,0.401879291980444,0.6339395018299806,-0.467917801202415,0.43516610001691763,0.29908669932828086,0.4463589289713371,cgreGFP_to_ppluGFP,43,aubin_1_10_1
iterative_fancy,5,480,6281,0.3336187309736393,0.5775973779144425,-0.21858698316457525,0.4711728266027868,0.32420963433213307,0.5491051853258846,cgreGFP_to_ppluGFP,43,aubin_1_10_1
iterative_fancy,6,576,6281,0.32790285442478856,0.572628024484297,-0.19770898048325813,0.4762365805086377,0.32979497727230117,0.5351847618495633,cgreGFP_to_ppluGFP,43,aubin_1_10_1
iterative_fancy,7,672,6281,0.3011939143823477,0.5488113650265888,-0.10015100891836681,0.47794243036225165,0.3302560124730568,0.5388385781314126,cgreGFP_to_ppluGFP,43,aubin_1_10_1
iterative_fancy,8,768,6281,0.4817351921199567,0.6940714603842725,-0.7596021444492855,-0.3076788964169641,-0.21712435788955123,0.12168381660733944,cgreGFP_to_ppluGFP,43,aubin_1_10_1
iterative_fancy,9,864,6281,0.3753397456586563,0.6126497740623563,-0.37097856283159625,0.479877039309645,0.3279747517915856,0.5163545244273815,cgreGFP_to_ppluGFP,43,aubin_1_10_1
iterative_fancy,10,960,6281,0.2646190590112491,0.5144113713860232,0.03344353637672148,0.5421954796954759,0.3751681664656168,0.6183495940859023,cgreGFP_to_ppluGFP,43,aubin_1_10_1
iterative_random,1,96,6281,0.6129070542903705,0.7828838063789355,-1.2387248943375528,0.2776478880911402,0.1882993816809304,0.3530451769653352,cgreGFP_to_ppluGFP,43,aubin_1_10_1
iterative_random,2,192,6281,0.41266843601621367,0.6423927428109798,-0.5073265911198959,0.3349824486925693,0.2267608905509721,0.4176140397824135,cgreGFP_to_ppluGFP,43,aubin_1_10_1
iterative_random,3,288,6281,0.4039604684718447,0.6355788452047824,-0.47551957636260367,0.36169653156577375,0.24687448450170835,0.4159795761978281,cgreGFP_to_ppluGFP,43,aubin_1_10_1
iterative_random,4,384,6281,0.37912181506406856,0.6157286862442488,-0.3847930765832972,0.41289175205581663,0.28249614577704296,0.49129805410962835,cgreGFP_to_ppluGFP,43,aubin_1_10_1
iterative_random,5,480,6281,0.3449140565756726,0.5872938417654936,-0.25984466887386737,0.4276957659869578,0.29346297929198306,0.49830444493550535,cgreGFP_to_ppluGFP,43,aubin_1_10_1
iterative_random,6,576,6281,0.44763480572996056,0.6690551589592301,-0.6350459276731506,0.42884819733176416,0.2910282484204552,0.4551558781940269,cgreGFP_to_ppluGFP,43,aubin_1_10_1
iterative_random,7,672,6281,0.31541146485414934,0.5616150504163411,-0.15208251134588413,0.46597430754732133,0.32224708390448487,0.52153998690565,cgreGFP_to_ppluGFP,43,aubin_1_10_1
iterative_random,8,768,6281,0.320874927310495,0.5664582308612833,-0.17203853783420864,0.48903536315040297,0.3392196367245095,0.5638001860989004,cgreGFP_to_ppluGFP,43,aubin_1_10_1
iterative_random,9,864,6281,0.306115494132462,0.5532770500684643,-0.11812773643181518,0.5039893558278247,0.347079920261021,0.5782261802102582,cgreGFP_to_ppluGFP,43,aubin_1_10_1
iterative_random,10,960,6281,0.2567370771722977,0.5066922904212158,0.06223352800115667,0.5279771680276383,0.3669283496452593,0.6467230685260879,cgreGFP_to_ppluGFP,43,aubin_1_10_1
source_only,0,0,6281,72.946297708658,8.540860478233911,-265.44609731113155,0.16767855507465312,0.11216285546614206,0.2546549045892702,cgreGFP_to_ppluGFP,43,aubin_linear
oneshot_fancy,1,960,6281,0.22174653829640445,0.4708997115059686,0.19004114564792074,0.48255088524921835,0.3360277098739928,0.5863726639467147,cgreGFP_to_ppluGFP,43,aubin_linear
oneshot_random,1,960,6281,0.17065018533357437,0.4130982756361667,0.37667740083050905,0.55169425192002,0.38879414682874586,0.641763931616788,cgreGFP_to_ppluGFP,43,aubin_linear
iterative_fancy,1,96,6281,0.2840457595340854,0.5329594351675232,-0.037515082505008124,0.27425670897982807,0.1866413933731026,0.3688320969708081,cgreGFP_to_ppluGFP,43,aubin_linear
iterative_fancy,2,192,6281,0.24637367953165595,0.49636043308432226,0.10008722233477119,0.34900679510641697,0.2387366574896675,0.4379786593517896,cgreGFP_to_ppluGFP,43,aubin_linear
iterative_fancy,3,288,6281,0.2814679652387322,0.5305355456882528,-0.02809934447247686,0.3973568151539879,0.27203162352310645,0.47826373924072735,cgreGFP_to_ppluGFP,43,aubin_linear
iterative_fancy,4,384,6281,0.21897673357522818,0.4679494989581976,0.200158227411534,0.4345216515087759,0.2987195374141878,0.5139328588102134,cgreGFP_to_ppluGFP,43,aubin_linear
iterative_fancy,5,480,6281,0.2470041556176907,0.49699512635205056,0.097784324204932,0.4582223705579725,0.31613809597087345,0.5406496653930273,cgreGFP_to_ppluGFP,43,aubin_linear
iterative_fancy,6,576,6281,0.25215621266872,0.5021515833577745,0.07896574756032015,0.489785441482367,0.33935299531673074,0.5687574926162147,cgreGFP_to_ppluGFP,43,aubin_linear
iterative_fancy,7,672,6281,0.28626228229560735,0.5350348421323674,-0.045611227997786497,0.511627410379142,0.35560256793604256,0.5915009353982823,cgreGFP_to_ppluGFP,43,aubin_linear
iterative_fancy,8,768,6281,0.177918727980485,0.4218041346175793,0.3501280778046333,0.533876700830274,0.37216507210885563,0.6187048613371873,cgreGFP_to_ppluGFP,43,aubin_linear
iterative_fancy,9,864,6281,0.1691663432195662,0.41129836277277615,0.3820973323790906,0.5450512914390669,0.38033578331158563,0.6290401836463585,cgreGFP_to_ppluGFP,43,aubin_linear
iterative_fancy,10,960,6281,0.17357888204116304,0.41662798998766637,0.36597994486006924,0.5610009875560271,0.3929868402681945,0.6355449788064038,cgreGFP_to_ppluGFP,43,aubin_linear
iterative_random,1,96,6281,0.3014300799726377,0.5490264838535913,-0.1010136352863733,0.2772667682074459,0.18771712155900458,0.37520021859543384,cgreGFP_to_ppluGFP,43,aubin_linear
iterative_random,2,192,6281,0.2799127970902256,0.5290678567917594,-0.022418885054411142,0.3365909543016319,0.22900660817890658,0.43664040129317677,cgreGFP_to_ppluGFP,43,aubin_linear
iterative_random,3,288,6281,0.23907236006364696,0.4889502633843722,0.12675626707837961,0.389987263062122,0.2672247887826466,0.4792147265291863,cgreGFP_to_ppluGFP,43,aubin_linear
iterative_random,4,384,6281,0.24711715014741256,0.49710879105826783,0.0973715965901305,0.41436875578277843,0.2846112707707776,0.4990094546353243,cgreGFP_to_ppluGFP,43,aubin_linear
iterative_random,5,480,6281,0.22357414908999337,0.47283628148651347,0.18336555307295077,0.4296125600562047,0.295202174087464,0.524758962902024,cgreGFP_to_ppluGFP,43,aubin_linear
iterative_random,6,576,6281,0.27968942405899716,0.5288567141097834,-0.021602985217340942,0.4685003917302823,0.3241483328515915,0.5564487243344651,cgreGFP_to_ppluGFP,43,aubin_linear
iterative_random,7,672,6281,0.20976671826676152,0.4580029675305189,0.23379903869599006,0.4731443293461362,0.3273523612289225,0.568081067514184,cgreGFP_to_ppluGFP,43,aubin_linear
iterative_random,8,768,6281,0.1873092580731669,0.4327923960436076,0.315827912155776,0.5040758703523519,0.3511219938451944,0.5951501816639516,cgreGFP_to_ppluGFP,43,aubin_linear
iterative_random,9,864,6281,0.1777331831658549,0.4215841353346386,0.3508058050270889,0.5170531404458028,0.36028049877065976,0.618083354459432,cgreGFP_to_ppluGFP,43,aubin_linear
iterative_random,10,960,6281,0.17688127928088163,0.4205725612553458,0.3539174977731949,0.5356453528268915,0.3746168608083997,0.6392766836489363,cgreGFP_to_ppluGFP,43,aubin_linear
source_only,0,0,6281,15.56086492093143,3.9447262162197556,-55.83813790697378,-0.06950473276955983,-0.045708879869886455,-0.10662427588854194,cgreGFP_to_ppluGFP,43,mlp_small
oneshot_fancy,1,960,6281,0.33312277927383616,0.5771678952209973,-0.21677545332662307,0.36887577883062955,0.253615964359653,0.4811084201400043,cgreGFP_to_ppluGFP,43,mlp_small
oneshot_random,1,960,6281,0.10020415619697509,0.3165504007215519,0.6339909331701403,0.6840634376877576,0.5010787854376099,0.8065111703071275,cgreGFP_to_ppluGFP,43,mlp_small
iterative_fancy,1,96,6281,0.9718974413910619,0.9858485894857597,-2.549985240917674,0.2798544646481431,0.1899252261326874,0.3488029533866167,cgreGFP_to_ppluGFP,43,mlp_small
iterative_fancy,2,192,6281,0.23704926493143802,0.48687705319868796,0.13414589231500407,0.3796691855626413,0.259374533798444,0.4747102176017671,cgreGFP_to_ppluGFP,43,mlp_small
iterative_fancy,3,288,6281,0.22856089195659327,0.47808042415120205,0.1651508085713671,0.4541750228045455,0.31352800896057414,0.5553510845028413,cgreGFP_to_ppluGFP,43,mlp_small
iterative_fancy,4,384,6281,0.1849869966587393,0.43010114700932767,0.3243102822039686,0.4502871846355037,0.3106337250179833,0.5767201348709696,cgreGFP_to_ppluGFP,43,mlp_small
iterative_fancy,5,480,6281,0.1766381648473626,0.4202834339435265,0.35480550571939473,0.5043489747679023,0.35182190724686707,0.6360053687099709,cgreGFP_to_ppluGFP,43,mlp_small
iterative_fancy,6,576,6281,0.16919238969924622,0.4113300252829183,0.3820021941324978,0.516568294286627,0.3609334396387265,0.6194245303372192,cgreGFP_to_ppluGFP,43,mlp_small
iterative_fancy,7,672,6281,0.17299611311107038,0.41592801433790244,0.3681085862296084,0.5150592198173548,0.35894301756721014,0.6069671216520607,cgreGFP_to_ppluGFP,43,mlp_small
iterative_fancy,8,768,6281,0.19854325847507603,0.44558193239299554,0.2747942249323996,0.5122198606648405,0.35929232167651315,0.6369861653397128,cgreGFP_to_ppluGFP,43,mlp_small
iterative_fancy,9,864,6281,0.1577439940544431,0.39716998131082754,0.42381898862170597,0.5364139615339059,0.3766815769305125,0.6643298272997411,cgreGFP_to_ppluGFP,43,mlp_small
iterative_fancy,10,960,6281,0.1983708121006914,0.44538838343707554,0.2754241083520318,0.6046972945659012,0.4325556599077046,0.7149556656042886,cgreGFP_to_ppluGFP,43,mlp_small
iterative_random,1,96,6281,0.27181798367224,0.5213616630250445,0.007148502344717089,0.3050844739130646,0.20649745892249505,0.37992329492516336,cgreGFP_to_ppluGFP,43,mlp_small
iterative_random,2,192,6281,0.1986891431856644,0.4457456036638661,0.2742613615381684,0.4716634994283039,0.3261960199354724,0.5450565775153318,cgreGFP_to_ppluGFP,43,mlp_small
iterative_random,3,288,6281,0.19820898377209964,0.44520667534539465,0.2760152079409358,0.5309141933165903,0.37162425343360345,0.6222632806489412,cgreGFP_to_ppluGFP,43,mlp_small
iterative_random,4,384,6281,0.1616937230140116,0.40211158030329297,0.40939207595073046,0.5647059867047831,0.3954756050997014,0.6414326555589912,cgreGFP_to_ppluGFP,43,mlp_small
iterative_random,5,480,6281,0.18054885931103137,0.42491041327676515,0.34052117175932983,0.5990279453283913,0.42567506696604424,0.696494957926103,cgreGFP_to_ppluGFP,43,mlp_small
iterative_random,6,576,6281,0.1366157888520943,0.36961573133741793,0.5009925806501663,0.6226092777148236,0.44515783752321003,0.7252507451492325,cgreGFP_to_ppluGFP,43,mlp_small
iterative_random,7,672,6281,0.14620586035277083,0.38236874918430613,0.4659635633517779,0.5881507084427681,0.415482678827156,0.7029105200227276,cgreGFP_to_ppluGFP,43,mlp_small
iterative_random,8,768,6281,0.11082087712693839,0.33289769768945293,0.5952119416807014,0.6551474401042312,0.4730198989381895,0.7737807242910988,cgreGFP_to_ppluGFP,43,mlp_small
iterative_random,9,864,6281,0.11728097722115598,0.3424631034449638,0.5716155630787583,0.6677419566356638,0.48339747673835837,0.7917012637910796,cgreGFP_to_ppluGFP,43,mlp_small
iterative_random,10,960,6281,0.3539751472259095,0.5949581054376094,-0.2929415129492241,0.6541266294093362,0.47167939309221696,0.7699486205979164,cgreGFP_to_ppluGFP,43,mlp_small
source_only,0,0,6281,1.3239132817285004,1.1506143062418877,-3.8357701237120283,0.15734098894043685,0.10445675989204009,0.20186718653531327,cgreGFP_to_ppluGFP,44,aubin_1_10_1
oneshot_fancy,1,960,6281,0.6442064066460831,0.8026246985024091,-1.3530499601120116,0.28984080123367234,0.19546907749293876,0.5523019160188534,cgreGFP_to_ppluGFP,44,aubin_1_10_1
oneshot_random,1,960,6281,0.42487452613155513,0.6518239993522448,-0.5519109658835062,0.5354428436463896,0.3729425860972391,0.6371668667901419,cgreGFP_to_ppluGFP,44,aubin_1_10_1
iterative_fancy,1,96,6281,1.1754713612850145,1.0841915703809057,-3.2935661788661488,-0.16892886401948584,-0.11070387563382764,-0.05442351865837733,cgreGFP_to_ppluGFP,44,aubin_1_10_1
iterative_fancy,2,192,6281,0.5270410096472069,0.7259759015609312,-0.9250876953930631,0.22713849242754244,0.15247016934630755,0.22508763822482764,cgreGFP_to_ppluGFP,44,aubin_1_10_1
iterative_fancy,3,288,6281,1.2629803971904392,1.1238240063241394,-3.613204622884023,0.001906180705691079,0.001638184865788514,-0.014147483952686283,cgreGFP_to_ppluGFP,44,aubin_1_10_1
iterative_fancy,4,384,6281,1.1519559642210473,1.0732921150465269,-3.2076730496570427,0.04748125325370957,0.030283906211388982,0.09597133864913032,cgreGFP_to_ppluGFP,44,aubin_1_10_1
iterative_fancy,5,480,6281,0.366852827627686,0.605683768667847,-0.3399789609521011,0.42989796797503194,0.2965789929154473,0.4971433618496468,cgreGFP_to_ppluGFP,44,aubin_1_10_1
iterative_fancy,6,576,6281,0.43052188019994103,0.6561416616859053,-0.5725386810509747,0.4361266675048023,0.29927376151153573,0.44882859125514574,cgreGFP_to_ppluGFP,44,aubin_1_10_1
iterative_fancy,7,672,6281,0.45651378035710893,0.6756580350718172,-0.6674775686452112,0.4651722006083796,0.3182275964241782,0.47301405590791634,cgreGFP_to_ppluGFP,44,aubin_1_10_1
iterative_fancy,8,768,6281,0.3031706169532822,0.5506093142631009,-0.10737117912733196,0.5158358626671229,0.3598826358509343,0.5539103781143611,cgreGFP_to_ppluGFP,44,aubin_1_10_1
iterative_fancy,9,864,6281,0.2895071420258327,0.5380586789801208,-0.0574635116447737,0.511711021426816,0.3550951494704426,0.5537686147629968,cgreGFP_to_ppluGFP,44,aubin_1_10_1
iterative_fancy,10,960,6281,0.30645135824283937,0.5535804893986415,-0.1193545249632133,0.5431820843190761,0.37955794709660573,0.5780331944484575,cgreGFP_to_ppluGFP,44,aubin_1_10_1
iterative_random,1,96,6281,0.29027058478314244,0.5387676538018429,-0.060252088304525,-0.3015058642319967,-0.20191761814293724,-0.3908185110552794,cgreGFP_to_ppluGFP,44,aubin_1_10_1
iterative_random,2,192,6281,0.30667583815470684,0.5537832050132134,-0.12017446782968655,0.2882594633616428,0.1997959759343346,0.31516971963004836,cgreGFP_to_ppluGFP,44,aubin_1_10_1
iterative_random,3,288,6281,0.35157922786127827,0.592941167284983,-0.28419009739791257,0.4185178959988411,0.2870549129750224,0.47218246462216984,cgreGFP_to_ppluGFP,44,aubin_1_10_1
iterative_random,4,384,6281,0.7479450774261087,0.8648381799077263,-1.7319693136339307,0.3752143161131979,0.25143819447796223,0.35320779621704884,cgreGFP_to_ppluGFP,44,aubin_1_10_1
iterative_random,5,480,6281,0.27381424780364805,0.5232726323854976,-0.00014311907711594962,,,,cgreGFP_to_ppluGFP,44,aubin_1_10_1
iterative_random,6,576,6281,0.4082027555167515,0.6389074702308242,-0.4910150965232496,0.46437940438445974,0.31435893089153066,0.5012280338681504,cgreGFP_to_ppluGFP,44,aubin_1_10_1
iterative_random,7,672,6281,0.31348794488290455,0.5598999418493491,-0.145056597686974,0.5017878427213154,0.34586073372881004,0.5586927165739963,cgreGFP_to_ppluGFP,44,aubin_1_10_1
iterative_random,8,768,6281,0.2826455155659221,0.5316441625428818,-0.03240050435204078,0.5171776798727626,0.3579947160626802,0.6041915954109407,cgreGFP_to_ppluGFP,44,aubin_1_10_1
iterative_random,9,864,6281,0.27385116367719936,0.5233079052309446,-0.0002779592368711281,0.5141498554869132,0.35777592891614857,0.5724443632320056,cgreGFP_to_ppluGFP,44,aubin_1_10_1
iterative_random,10,960,6281,0.2664063637218599,0.5161456807160745,0.026915167154337727,0.5300239469359258,0.3689386784872422,0.6253088344728215,cgreGFP_to_ppluGFP,44,aubin_1_10_1
source_only,0,0,6281,63.08427761889058,7.942561149836404,-229.42375146134864,0.16343831683083407,0.10879383260444819,0.2578257491171364,cgreGFP_to_ppluGFP,44,aubin_linear
oneshot_fancy,1,960,6281,0.3330739896133262,0.5771256272366756,-0.21659724257377677,0.46252022008113625,0.3193322704493968,0.5719446252105932,cgreGFP_to_ppluGFP,44,aubin_linear
oneshot_random,1,960,6281,0.1786826079599399,0.4227086561213762,0.34733790413258814,0.5274457863484673,0.3687152667683291,0.6251264617250842,cgreGFP_to_ppluGFP,44,aubin_linear
iterative_fancy,1,96,6281,0.30536337466731944,0.5525969368964322,-0.11538051960938867,0.27031757453009087,0.18121732630520693,0.3805826558438582,cgreGFP_to_ppluGFP,44,aubin_linear
iterative_fancy,2,192,6281,0.2708130960037221,0.5203970561059336,0.010818988797395512,0.3468161708030456,0.23514030372559672,0.4336824124459896,cgreGFP_to_ppluGFP,44,aubin_linear
iterative_fancy,3,288,6281,0.3214222097089965,0.5669410989767777,-0.17403755990644876,0.38315199091412483,0.2617838733206844,0.47300971543643394,cgreGFP_to_ppluGFP,44,aubin_linear
iterative_fancy,4,384,6281,0.24387056765200976,0.49383252996538185,0.10923017286707348,0.4190068461896316,0.28710007104020374,0.5065044584886691,cgreGFP_to_ppluGFP,44,aubin_linear
iterative_fancy,5,480,6281,0.260302547743757,0.5101985375750866,0.04921017042600917,0.436257024739645,0.29930396752155836,0.530920226526473,cgreGFP_to_ppluGFP,44,aubin_linear
iterative_fancy,6,576,6281,0.20135522715697027,0.4487262274003719,0.2645231336695606,0.4623745616674292,0.3176189018715103,0.5592239749544068,cgreGFP_to_ppluGFP,44,aubin_linear
iterative_fancy,7,672,6281,0.3203402522741387,0.5659860884104296,-0.17008556583642753,0.4761357512263292,0.3274494820441229,0.5611020383924458,cgreGFP_to_ppluGFP,44,aubin_linear
iterative_fancy,8,768,6281,0.22293845865718936,0.47216359310856376,0.18568749730095158,0.4822117593844641,0.3320055706165952,0.5705232085507731,cgreGFP_to_ppluGFP,44,aubin_linear
iterative_fancy,9,864,6281,0.18587284821438724,0.4311297347833796,0.32107459105563807,0.513131928273899,0.35444782786152346,0.6027033776416049,cgreGFP_to_ppluGFP,44,aubin_linear
iterative_fancy,10,960,6281,0.20912326375686888,0.45729997130643785,0.23614934225276396,0.5295999036276542,0.3679764182848619,0.6271513177371584,cgreGFP_to_ppluGFP,44,aubin_linear
iterative_random,1,96,6281,0.30034080719351464,0.5480335821767811,-0.097034920944163,0.30424763182482994,0.20642145483071522,0.3997384927294265,cgreGFP_to_ppluGFP,44,aubin_linear
iterative_random,2,192,6281,0.2688959908627098,0.5185518208074386,0.017821471431921365,0.36366996974427723,0.24892210934598624,0.44456013178121995,cgreGFP_to_ppluGFP,44,aubin_linear
iterative_random,3,288,6281,0.25580856353155806,0.5057752104755215,0.06562504811453274,0.42093803266844887,0.2898592389226554,0.5122026210929451,cgreGFP_to_ppluGFP,44,aubin_linear
iterative_random,4,384,6281,0.28371630150302046,0.5326502619008278,-0.036311693034089876,0.4398298154788709,0.30349884556344964,0.5312849208269244,cgreGFP_to_ppluGFP,44,aubin_linear
iterative_random,5,480,6281,0.2038004458720827,0.45144262744238356,0.25559164565469294,0.46526155281009857,0.3218818616422371,0.555687355586405,cgreGFP_to_ppluGFP,44,aubin_linear
iterative_random,6,576,6281,0.20487702729192375,0.45263343589700017,0.2516592881977048,0.4821756643711515,0.33399665329415507,0.5716029915932642,cgreGFP_to_ppluGFP,44,aubin_linear
iterative_random,7,672,6281,0.20107193238687296,0.44841045080023834,0.2655579056628228,0.5146652284204056,0.35759150498681364,0.6063471975866805,cgreGFP_to_ppluGFP,44,aubin_linear
iterative_random,8,768,6281,0.22327150564807352,0.4725161432671624,0.18447099867484296,0.5026908089412151,0.3491903553799971,0.594152762177071,cgreGFP_to_ppluGFP,44,aubin_linear
iterative_random,9,864,6281,0.17695270662527,0.4206574694751895,0.3536565998558038,0.5367074270245319,0.3751184925732529,0.6254645016318852,cgreGFP_to_ppluGFP,44,aubin_linear
iterative_random,10,960,6281,0.23844279913509522,0.4883060506845018,0.12905582247325575,0.5264319297317323,0.3675792753217157,0.6171023846275256,cgreGFP_to_ppluGFP,44,aubin_linear
source_only,0,0,6281,8.05555091615663,2.8382302436829594,-28.423975866101994,-0.17515991383302013,-0.11708605807072858,-0.27501777520312914,cgreGFP_to_ppluGFP,44,mlp_small
oneshot_fancy,1,960,6281,0.5589347445769811,0.7476193848322695,-1.0415838229231302,0.37277905170159176,0.25488340300854434,0.448333630832029,cgreGFP_to_ppluGFP,44,mlp_small
oneshot_random,1,960,6281,0.10775051549352878,0.3282537364502174,0.6064268477177863,0.6626977279385241,0.48203043476213325,0.7934481090022668,cgreGFP_to_ppluGFP,44,mlp_small
iterative_fancy,1,96,6281,1.20435463783733,1.0974309262260336,-3.3990662050039955,0.08790664089782224,0.05687963992188689,0.1364114430515038,cgreGFP_to_ppluGFP,44,mlp_small
iterative_fancy,2,192,6281,0.6253519110286851,0.7907919517981231,-1.2841813960885182,0.33347642471652394,0.22508694772600663,0.41758978584846246,cgreGFP_to_ppluGFP,44,mlp_small
iterative_fancy,3,288,6281,0.3524763462557375,0.5936971839715407,-0.28746694218014346,0.4628204023963691,0.31934483548170045,0.5493164239276822,cgreGFP_to_ppluGFP,44,mlp_small
iterative_fancy,4,384,6281,0.1804427139029633,0.42478549163426393,0.3409088820423135,0.5104616176277746,0.35693815839708354,0.5945271135300685,cgreGFP_to_ppluGFP,44,mlp_small
iterative_fancy,5,480,6281,0.19896550426717283,0.4460554946048449,0.27325191576875174,0.46771909154886887,0.32400328566024056,0.5617509494413548,cgreGFP_to_ppluGFP,44,mlp_small
iterative_fancy,6,576,6281,0.18436827294785066,0.4293812675791186,0.32657025321358124,0.5345463561679114,0.37682094095574037,0.6405609532025163,cgreGFP_to_ppluGFP,44,mlp_small
iterative_fancy,7,672,6281,0.19644471440432454,0.44322084157260083,0.28245943749631,0.49614565902194363,0.34555738880143794,0.6253141245917581,cgreGFP_to_ppluGFP,44,mlp_small
iterative_fancy,8,768,6281,0.17752305913416339,0.42133485392756603,0.3515733111234105,0.5047076208785597,0.35049516398536495,0.6180337629464958,cgreGFP_to_ppluGFP,44,mlp_small
iterative_fancy,9,864,6281,0.14525036335510552,0.3811172567007502,0.46945364378104426,0.5647165093660983,0.3993266157922055,0.69741890135023,cgreGFP_to_ppluGFP,44,mlp_small
iterative_fancy,10,960,6281,0.1219293165857162,0.3491837862583488,0.5546368825758576,0.6237194528774844,0.445263341122688,0.757243599927137,cgreGFP_to_ppluGFP,44,mlp_small
iterative_random,1,96,6281,0.44304423424193146,0.6656156805859755,-0.6182782520565175,0.35852745851024964,0.24296687359276123,0.4172200861864056,cgreGFP_to_ppluGFP,44,mlp_small
iterative_random,2,192,6281,0.23444826567349747,0.4841985808255715,0.1436463895733474,0.44908518000747066,0.3110537634371877,0.5427282203018409,cgreGFP_to_ppluGFP,44,mlp_small
iterative_random,3,288,6281,0.16683995563555873,0.4084604701015249,0.39059477381289065,0.5404715935727057,0.3775758400760595,0.644348813989488,cgreGFP_to_ppluGFP,44,mlp_small
iterative_random,4,384,6281,0.1627355534683385,0.4034049497320757,0.40558665103768055,0.5568010062748504,0.3897591359470375,0.6802690520213414,cgreGFP_to_ppluGFP,44,mlp_small
iterative_random,5,480,6281,0.14565308335768604,0.38164523232668063,0.46798265517206417,0.5791761249085252,0.4070929129217684,0.7054473891253935,cgreGFP_to_ppluGFP,44,mlp_small
iterative_random,6,576,6281,0.13859460569972812,0.3722829645575098,0.49376468776310933,0.5695581810556912,0.40079191729656494,0.7038568582777234,cgreGFP_to_ppluGFP,44,mlp_small
iterative_random,7,672,6281,0.1623568454433422,0.4029352869175672,0.406969932690763,0.634212723373438,0.4548865014812652,0.7589333479473539,cgreGFP_to_ppluGFP,44,mlp_small
iterative_random,8,768,6281,0.11769905256195361,0.3430729551596185,0.5700884870456133,0.6545894506266389,0.47242039099951916,0.7674324454915902,cgreGFP_to_ppluGFP,44,mlp_small
iterative_random,9,864,6281,0.10340171685997135,0.32156137339545515,0.6223114156849119,0.6784182735258405,0.4943994087554656,0.7935856990532699,cgreGFP_to_ppluGFP,44,mlp_small
iterative_random,10,960,6281,0.10001443537967693,0.31625058953253654,0.6346839138002152,0.6983831150055931,0.5161511705756371,0.8218306406420761,cgreGFP_to_ppluGFP,44,mlp_small
source_only,0,0,6281,0.8217628916490216,0.9065113852837269,-2.00159874143968,-0.16383476918969836,-0.10886497407353689,-0.24066295830048123,cgreGFP_to_ppluGFP,45,aubin_1_10_1
oneshot_fancy,1,960,6281,0.48805395118836786,0.6986085822464306,-0.7826822560726565,0.33497910770360656,0.22798973628810665,0.3858469146409413,cgreGFP_to_ppluGFP,45,aubin_1_10_1
oneshot_random,1,960,6281,0.31628621140394375,0.5623932889037206,-0.15527763997681165,0.5041278612681562,0.3486885201056137,0.54879238003235,cgreGFP_to_ppluGFP,45,aubin_1_10_1
iterative_fancy,1,96,6281,0.5065267476910782,0.7117069254202029,-0.8501566130883891,0.30485871073395915,0.2064338047188944,0.38941427766627545,cgreGFP_to_ppluGFP,45,aubin_1_10_1
iterative_fancy,2,192,6281,1.0500378870915898,1.0247135634369196,-2.835403657657787,-0.23689698116964175,-0.15933838594191732,-0.24114327371533933,cgreGFP_to_ppluGFP,45,aubin_1_10_1
iterative_fancy,3,288,6281,0.7542136018024965,0.8684547206403432,-1.7548659363338102,0.2403069422213895,0.16267324144367895,0.3760823349364033,cgreGFP_to_ppluGFP,45,aubin_1_10_1
iterative_fancy,4,384,6281,0.41619440911942457,0.6451313115323303,-0.5202056789157807,0.4077139675255847,0.275418766830098,0.44523748658089457,cgreGFP_to_ppluGFP,45,aubin_1_10_1
iterative_fancy,5,480,6281,0.3809539045799849,0.6172146341265613,-0.39148502828988274,0.4194597436234478,0.28565348093427,0.5247296377409564,cgreGFP_to_ppluGFP,45,aubin_1_10_1
iterative_fancy,6,576,6281,0.5963865343260073,0.7722606647538169,-1.1783814881836752,0.35731161552776386,0.23749714207344794,0.37269252814326626,cgreGFP_to_ppluGFP,45,aubin_1_10_1
iterative_fancy,7,672,6281,0.3373115632673261,0.5807852987699724,-0.23207554644447081,0.46560362458375576,0.3204592610718422,0.5449516664993421,cgreGFP_to_ppluGFP,45,aubin_1_10_1
iterative_fancy,8,768,6281,0.3158118610354525,0.5619714058877484,-0.15354501188720837,0.4282703001472689,0.29156302967645753,0.5660198814885996,cgreGFP_to_ppluGFP,45,aubin_1_10_1
iterative_fancy,9,864,6281,0.2789847251675521,0.5281900464487683,-0.019028978375281058,0.500062844025422,0.3458291346948787,0.5640831176399858,cgreGFP_to_ppluGFP,45,aubin_1_10_1
iterative_fancy,10,960,6281,0.27141446025296867,0.5209745293706485,0.008622425540489198,0.5171168123760123,0.3587846280623893,0.5924185285335866,cgreGFP_to_ppluGFP,45,aubin_1_10_1
iterative_random,1,96,6281,0.46964559117420057,0.6853069320926213,-0.7154432619394286,0.28105335391102987,0.1897675882117556,0.4077276892461774,cgreGFP_to_ppluGFP,45,aubin_1_10_1
iterative_random,2,192,6281,0.4251220493323589,0.6520138413656253,-0.5528150774411831,0.33447472244998017,0.22595080090333058,0.4080601399760969,cgreGFP_to_ppluGFP,45,aubin_1_10_1
iterative_random,3,288,6281,0.40060236638437285,0.6329315653246983,-0.46325365987767375,-0.30589390672961275,-0.2100972170237539,-0.24925201232516253,cgreGFP_to_ppluGFP,45,aubin_1_10_1
iterative_random,4,384,6281,0.36601850070772346,0.6049946286602249,-0.336931470418812,0.3820209585939416,0.2630741690366274,0.4297397666840219,cgreGFP_to_ppluGFP,45,aubin_1_10_1
iterative_random,5,480,6281,0.34076346164201937,0.5837494853462565,-0.2446840663987675,0.4551788010615081,0.31316886985348663,0.5247696282130907,cgreGFP_to_ppluGFP,45,aubin_1_10_1
iterative_random,6,576,6281,0.27380821666609534,0.523266869451999,-0.0001210895415022506,,,,cgreGFP_to_ppluGFP,45,aubin_1_10_1
iterative_random,7,672,6281,0.3158694206357909,0.5620226157689661,-0.15375525601685824,0.4780776531331514,0.327180389194055,0.6139863897604916,cgreGFP_to_ppluGFP,45,aubin_1_10_1
iterative_random,8,768,6281,0.3067179226447866,0.5538212009708428,-0.1203281870517896,0.5406918006796977,0.37700196089934057,0.6231103158312626,cgreGFP_to_ppluGFP,45,aubin_1_10_1
iterative_random,9,864,6281,0.24117168639244396,0.4910923399855102,0.11908819721245589,0.5475056717827002,0.3813265253365639,0.6578155988201237,cgreGFP_to_ppluGFP,45,aubin_1_10_1
iterative_random,10,960,6281,0.2496216483119242,0.49962150505349967,0.08822358246716266,0.5626397685810912,0.3927103707463657,0.6606640670778052,cgreGFP_to_ppluGFP,45,aubin_1_10_1
source_only,0,0,6281,62.26526582044885,7.890834291787456,-226.43220145536844,0.1810065949719949,0.12118930952191727,0.27154321948932236,cgreGFP_to_ppluGFP,45,aubin_linear
oneshot_fancy,1,960,6281,0.20181675694198428,0.4492401996059394,0.26283733447381563,0.46150519303134174,0.3185025914537018,0.5694937957647699,cgreGFP_to_ppluGFP,45,aubin_linear
oneshot_random,1,960,6281,0.17803408464095055,0.42194085443454105,0.34970672219173227,0.5151964558255353,0.358110377417673,0.6169022612484049,cgreGFP_to_ppluGFP,45,aubin_linear
iterative_fancy,1,96,6281,0.3216172537620044,0.5671130872780176,-0.1747499843660869,0.2773236354876092,0.1869889924847562,0.3777128666861997,cgreGFP_to_ppluGFP,45,aubin_linear
iterative_fancy,2,192,6281,0.35486408297905225,0.5957046944410059,-0.2961884695409238,0.35171467150250996,0.23861962646022367,0.46248419059555623,cgreGFP_to_ppluGFP,45,aubin_linear
iterative_fancy,3,288,6281,0.2297650368186874,0.47933812368586687,0.1607525086002891,0.4217038407131053,0.28917430768123575,0.5195609851362245,cgreGFP_to_ppluGFP,45,aubin_linear
iterative_fancy,4,384,6281,0.21117516118880317,0.45953798666574147,0.22865451276867987,0.44176396837686643,0.3035720076177566,0.5371781491265135,cgreGFP_to_ppluGFP,45,aubin_linear
iterative_fancy,5,480,6281,0.25470545407859674,0.5046835187308941,0.06965430275638518,0.4844128421592885,0.3344902577560653,0.5739859352359891,cgreGFP_to_ppluGFP,45,aubin_linear
iterative_fancy,6,576,6281,0.2164665707892612,0.4652596810269091,0.20932693232110688,0.4886773490596457,0.33689013726589406,0.5770644797279626,cgreGFP_to_ppluGFP,45,aubin_linear
iterative_fancy,7,672,6281,0.29184112491946573,0.5402232176790125,-0.06598869596164225,0.5187859986428103,0.3601560595055086,0.6047724466967471,cgreGFP_to_ppluGFP,45,aubin_linear
iterative_fancy,8,768,6281,0.18325142343152426,0.42807875844466314,0.33064969527241617,0.5267349672442958,0.36512761101817687,0.6164390345105368,cgreGFP_to_ppluGFP,45,aubin_linear
iterative_fancy,9,864,6281,0.16891801560793684,0.4109963693366851,0.3830043821547694,0.5349995936983539,0.3717550578419259,0.6325048589292401,cgreGFP_to_ppluGFP,45,aubin_linear
iterative_fancy,10,960,6281,0.27140653373972107,0.5209669219247236,0.008651378189032721,0.5395761061242935,0.3757146827578626,0.6374294321710776,cgreGFP_to_ppluGFP,45,aubin_linear
iterative_random,1,96,6281,0.2816576064671593,0.5307142418167797,-0.028792034393567922,0.27225711567370514,0.18385023887144336,0.36950213156024075,cgreGFP_to_ppluGFP,45,aubin_linear
iterative_random,2,192,6281,0.37973174845510843,0.6162237811502478,-0.38702093977535923,0.3295540746675034,0.22361376058242105,0.42031840737529086,cgreGFP_to_ppluGFP,45,aubin_linear
iterative_random,3,288,6281,0.2708627639386016,0.5204447751093305,0.010637570030085364,0.3519686814745417,0.23974808950120194,0.4429597911991978,cgreGFP_to_ppluGFP,45,aubin_linear
iterative_random,4,384,6281,0.23608233671697496,0.4858830483943384,0.13767772679072587,0.39848419896844284,0.27358516103306557,0.48382323287463846,cgreGFP_to_ppluGFP,45,aubin_linear
iterative_random,5,480,6281,0.2173099268040415,0.4661651282582616,0.2062464618127947,0.4428940797244136,0.3049441735298326,0.5328700106247561,cgreGFP_to_ppluGFP,45,aubin_linear
iterative_random,6,576,6281,0.22328711741577728,0.4725326628030884,0.18441397460772146,0.47221560955802167,0.32704417520782314,0.558795762443975,cgreGFP_to_ppluGFP,45,aubin_linear
iterative_random,7,672,6281,0.19532822568110864,0.44195952946068334,0.28653756171011024,0.5015832401136632,0.3472709286184354,0.5929005493827564,cgreGFP_to_ppluGFP,45,aubin_linear
iterative_random,8,768,6281,0.24223469961135338,0.4921734446425908,0.11520539942195274,0.5193482552693593,0.3615112234030642,0.6056993576256662,cgreGFP_to_ppluGFP,45,aubin_linear
iterative_random,9,864,6281,0.2087851838197623,0.45693017389942886,0.23738422438730367,0.5349154473842058,0.3732914102721082,0.6212548789178729,cgreGFP_to_ppluGFP,45,aubin_linear
iterative_random,10,960,6281,0.2475279523616295,0.4975218109406154,0.0958710866234419,0.5406379500716665,0.3780597052437949,0.6268492484296313,cgreGFP_to_ppluGFP,45,aubin_linear
source_only,0,0,6281,14.520805901062348,3.810617522274093,-52.039183394927775,0.0505634076799471,0.03148504531558092,0.06115335136867271,cgreGFP_to_ppluGFP,45,mlp_small
oneshot_fancy,1,960,6281,0.16273279451256634,0.4034015301316622,0.4055967284922086,0.600542574813069,0.42600985410211667,0.6874953850858707,cgreGFP_to_ppluGFP,45,mlp_small
oneshot_random,1,960,6281,0.1902990011435778,0.43623273735882984,0.30490747618991554,0.6541072111680077,0.4714712302072997,0.7778454115897597,cgreGFP_to_ppluGFP,45,mlp_small
iterative_fancy,1,96,6281,0.28503444456272714,0.5338861719156314,-0.04112638665102075,0.2169260413340612,0.14655488193659574,0.25349511264522573,cgreGFP_to_ppluGFP,45,mlp_small
iterative_fancy,2,192,6281,0.551578760906452,0.7426834863563697,-1.0147151098772,0.3639718595180089,0.24908875677311712,0.4272543658114644,cgreGFP_to_ppluGFP,45,mlp_small
iterative_fancy,3,288,6281,0.28377393761105285,0.5327043622977503,-0.03652221661831323,0.4396849666856262,0.3029352914355517,0.5248389714537972,cgreGFP_to_ppluGFP,45,mlp_small
iterative_fancy,4,384,6281,0.22554075406721114,0.4749113117911713,0.176182265673978,0.5212661224135122,0.3637738253889534,0.6151842636551316,cgreGFP_to_ppluGFP,45,mlp_small
iterative_fancy,5,480,6281,0.23455309699202948,0.48430682112895074,0.14326347917794413,0.5431932792631543,0.38059031406925137,0.6284747762732975,cgreGFP_to_ppluGFP,45,mlp_small
iterative_fancy,6,576,6281,0.17136174582439034,0.41395862815550827,0.3740783310801027,0.5500447369080785,0.38635339187837464,0.6444253304146453,cgreGFP_to_ppluGFP,45,mlp_small
iterative_fancy,7,672,6281,0.1574121877914209,0.3967520482510719,0.4250309553235494,0.5805306061744897,0.41148601807299773,0.6817204591199517,cgreGFP_to_ppluGFP,45,mlp_small
iterative_fancy,8,768,6281,0.18068524248938173,0.425070867608428,0.34002301398091217,0.5286649676638335,0.36974865817560654,0.6104941515186229,cgreGFP_to_ppluGFP,45,mlp_small
iterative_fancy,9,864,6281,0.2715209770698869,0.5210767477731921,0.008233358637063648,0.538231982525311,0.37754200914388236,0.623850745912909,cgreGFP_to_ppluGFP,45,mlp_small
iterative_fancy,10,960,6281,0.18125527899090835,0.42574085896341723,0.3379408795076415,0.604846110858635,0.43166484486209394,0.7049731214370256,cgreGFP_to_ppluGFP,45,mlp_small
iterative_random,1,96,6281,0.28069422279455214,0.529805834994814,-0.025273146830491644,0.29373770047944125,0.19656658402245114,0.3453749381456141,cgreGFP_to_ppluGFP,45,mlp_small
iterative_random,2,192,6281,0.40596834595946774,0.6371564532824475,-0.48285361711944574,0.4014786189084833,0.2733851439677124,0.4747353399069827,cgreGFP_to_ppluGFP,45,mlp_small
iterative_random,3,288,6281,0.22257858442609918,0.4717823485741059,0.18700198600577644,0.4904093161163155,0.3410917103898195,0.5965948725886793,cgreGFP_to_ppluGFP,45,mlp_small
iterative_random,4,384,6281,0.1726566155317309,0.4155196933139642,0.36934864649178734,0.5290234674827878,0.36911128998830073,0.6194669926799334,cgreGFP_to_ppluGFP,45,mlp_small
iterative_random,5,480,6281,0.16091684477324752,0.4011444188484336,0.4122297275086513,0.5697137542881704,0.3993996942530008,0.6597191654553305,cgreGFP_to_ppluGFP,45,mlp_small
iterative_random,6,576,6281,0.13577245713313768,0.3684731430282778,0.5040729624147368,0.6211786989557259,0.44130098524233874,0.719705706823875,cgreGFP_to_ppluGFP,45,mlp_small
iterative_random,7,672,6281,0.12657703783733032,0.35577666848365747,0.5376604598130665,0.6609913774556461,0.473519866854271,0.7489949219405161,cgreGFP_to_ppluGFP,45,mlp_small
iterative_random,8,768,6281,0.11501293774121078,0.3391355742785041,0.5798998802677201,0.6578722974894136,0.47186983257397463,0.7722232837142728,cgreGFP_to_ppluGFP,45,mlp_small
iterative_random,9,864,6281,0.26085213089753456,0.510736850929649,0.047202744537764185,0.6680160163873188,0.48006684429510094,0.7767009903637752,cgreGFP_to_ppluGFP,45,mlp_small
iterative_random,10,960,6281,0.10579813104475645,0.3252662463963275,0.6135581927368849,0.6672480242651312,0.48119402970871966,0.7844992537312255,cgreGFP_to_ppluGFP,45,mlp_small
source_only,0,0,6281,0.5865730265783211,0.7658805563391208,-1.1425363401441304,-0.15842950747004847,-0.10587943037042837,-0.20119129084128734,cgreGFP_to_ppluGFP,46,aubin_1_10_1
oneshot_fancy,1,960,6281,0.48837206716664605,0.6988362234219446,-0.7838442171805811,0.3577697259481009,0.24362723907400358,0.5447316079986738,cgreGFP_to_ppluGFP,46,aubin_1_10_1
oneshot_random,1,960,6281,0.2489888033324009,0.49898777874052275,0.0905351332969303,0.5584264359966247,0.39313228609771844,0.6288951037139265,cgreGFP_to_ppluGFP,46,aubin_1_10_1
iterative_fancy,1,96,6281,0.509503061503647,0.7137948315192868,-0.8610279968959602,0.19849630340793484,0.1317807342870351,0.26456366252410024,cgreGFP_to_ppluGFP,46,aubin_1_10_1
iterative_fancy,2,192,6281,1.2814231622158132,1.1319996299539206,-3.6805692859168655,0.2586081737591181,0.1726551346645184,0.1881970901705402,cgreGFP_to_ppluGFP,46,aubin_1_10_1
iterative_fancy,3,288,6281,1.2524963841513663,1.1191498488367706,-3.5749103646945715,0.30583156323499094,0.20856385649574682,0.27716520597186745,cgreGFP_to_ppluGFP,46,aubin_1_10_1
iterative_fancy,4,384,6281,0.36490415189306796,0.6040729690137343,-0.3328611625068998,0.4127357667277685,0.28324645772094675,0.5004611401113369,cgreGFP_to_ppluGFP,46,aubin_1_10_1
iterative_fancy,5,480,6281,0.3340335560008363,0.5779563616752015,-0.22010218699308282,0.4345925520538337,0.2989350105228558,0.49514296084893483,cgreGFP_to_ppluGFP,46,aubin_1_10_1
iterative_fancy,6,576,6281,0.36581982723738315,0.6048304119646954,-0.33620578902751164,0.4472482186343679,0.3072056404855658,0.48984588742978047,cgreGFP_to_ppluGFP,46,aubin_1_10_1
iterative_fancy,7,672,6281,0.32870464066902216,0.5733276904781611,-0.20063761185132334,0.4552357380529774,0.314589065341579,0.5282119440089778,cgreGFP_to_ppluGFP,46,aubin_1_10_1
iterative_fancy,8,768,6281,0.353425994430919,0.5944964208730941,-0.2909356590039407,0.4840876704995492,0.33338424334218425,0.5216953156973274,cgreGFP_to_ppluGFP,46,aubin_1_10_1
iterative_fancy,9,864,6281,0.3142552275150794,0.5605847193021581,-0.14785920000264063,0.5190492214076625,0.35929945188757406,0.5639167580181705,cgreGFP_to_ppluGFP,46,aubin_1_10_1
iterative_fancy,10,960,6281,0.5111327525106555,0.7149354883558764,-0.8669806610102477,0.5276760621351582,0.36484754426624133,0.545512718663959,cgreGFP_to_ppluGFP,46,aubin_1_10_1
iterative_random,1,96,6281,0.5502726014529333,0.7418036138041748,-1.009944187982767,0.2873087477424866,0.19291719689585696,0.2822048198832814,cgreGFP_to_ppluGFP,46,aubin_1_10_1
iterative_random,2,192,6281,0.2905118616157713,0.5389915227680036,-0.061133384167987526,0.21039521677888345,0.14101787424836618,-0.01611134506283055,cgreGFP_to_ppluGFP,46,aubin_1_10_1
iterative_random,3,288,6281,0.48521462808047344,0.6965734907965372,-0.7723112491145614,0.35195202739617026,0.23485221501325845,0.3835018507010429,cgreGFP_to_ppluGFP,46,aubin_1_10_1
iterative_random,4,384,6281,0.5349429814397038,0.7313979637924238,-0.9539507029932903,0.41802352086581157,0.27909158587986577,0.42556928491862167,cgreGFP_to_ppluGFP,46,aubin_1_10_1
iterative_random,5,480,6281,0.27378638787910053,0.5232460108582774,-4.1356980885920436e-05,,,,cgreGFP_to_ppluGFP,46,aubin_1_10_1
iterative_random,6,576,6281,0.34513892152370074,0.5874852521754914,-0.2606660181363545,0.4886628764406293,0.33725854697504165,0.5631833696176726,cgreGFP_to_ppluGFP,46,aubin_1_10_1
iterative_random,7,672,6281,0.284720614019774,0.5335921794964521,-0.03998007866811437,0.5158480433740344,0.35819466929823607,0.5963405390715661,cgreGFP_to_ppluGFP,46,aubin_1_10_1
iterative_random,8,768,6281,0.28535037042299743,0.5341819637754511,-0.0422803480603422,0.522925967120395,0.36252738912608695,0.602728731232903,cgreGFP_to_ppluGFP,46,aubin_1_10_1
iterative_random,9,864,6281,0.2759255852444729,0.5252861936549189,-0.007855061134291796,,,,cgreGFP_to_ppluGFP,46,aubin_1_10_1
iterative_random,10,960,6281,0.25607018619035765,0.5060337796929743,0.06466943640297307,0.5482879697162398,0.3832433053003855,0.6311412909852381,cgreGFP_to_ppluGFP,46,aubin_1_10_1
source_only,0,0,6281,71.89615159314073,8.479159840051414,-261.61029833469064,0.1767341188088059,0.1183608362686751,0.26700477337424044,cgreGFP_to_ppluGFP,46,aubin_linear
oneshot_fancy,1,960,6281,0.22076045575429848,0.4698515252229139,0.1936429438641939,0.4655049332098429,0.32200819006040365,0.5775297412641622,cgreGFP_to_ppluGFP,46,aubin_linear
oneshot_random,1,960,6281,0.18340845829288022,0.4282621373561761,0.33007610446295244,0.5519263061568611,0.388146481634993,0.62787421944591,cgreGFP_to_ppluGFP,46,aubin_linear
iterative_fancy,1,96,6281,0.3756677875540431,0.612917439427239,-0.37217677967776774,0.2699022865398046,0.18262288806154067,0.3741182316514765,cgreGFP_to_ppluGFP,46,aubin_linear
iterative_fancy,2,192,6281,0.26348592917315,0.5133088048856653,0.03758244448572712,0.33912732845508664,0.23006374296521354,0.4413998497601303,cgreGFP_to_ppluGFP,46,aubin_linear
iterative_fancy,3,288,6281,0.2503241947754314,0.500324089741271,0.0856574376556899,0.37782317055594916,0.25756122318978353,0.4843519960866921,cgreGFP_to_ppluGFP,46,aubin_linear
iterative_fancy,4,384,6281,0.21895054334780908,0.4679215140894989,0.200253890715947,0.41087028072250115,0.28010044731781225,0.5207912661572572,cgreGFP_to_ppluGFP,46,aubin_linear
iterative_fancy,5,480,6281,0.20050555085581048,0.4477784618042838,0.2676266898682039,0.44612604988722465,0.3060125049223132,0.5515380361654125,cgreGFP_to_ppluGFP,46,aubin_linear
iterative_fancy,6,576,6281,0.20835280792386848,0.4564567974341805,0.23896353510835533,0.46326256733254556,0.3166154914094208,0.5648340285332996,cgreGFP_to_ppluGFP,46,aubin_linear
iterative_fancy,7,672,6281,0.20653216137975886,0.4544580963958711,0.24561368983174492,0.48084255579879226,0.3300395372503178,0.5731625963964617,cgreGFP_to_ppluGFP,46,aubin_linear
iterative_fancy,8,768,6281,0.18388871724502243,0.42882247754172403,0.3283218944822335,0.502152666185001,0.3477298064998688,0.6018138774641801,cgreGFP_to_ppluGFP,46,aubin_linear
iterative_fancy,9,864,6281,0.22082022131886428,0.4699151213983907,0.19342464215550736,0.5187641009154729,0.3603823959156047,0.6150232687130921,cgreGFP_to_ppluGFP,46,aubin_linear
iterative_fancy,10,960,6281,0.29186259202741277,0.5402430860523925,-0.06606710744121957,0.5324435867219004,0.3704313504000328,0.6247347445269544,cgreGFP_to_ppluGFP,46,aubin_linear
iterative_random,1,96,6281,0.3489556008605931,0.5907246404718471,-0.27460694928634344,0.294876275857193,0.1997579620228915,0.39272496665351847,cgreGFP_to_ppluGFP,46,aubin_linear
iterative_random,2,192,6281,0.2675450369106543,0.5172475586318936,0.022756011216378824,0.355940450756263,0.2434575067606896,0.44280513493788276,cgreGFP_to_ppluGFP,46,aubin_linear
iterative_random,3,288,6281,0.3411832696025716,0.5841089535374129,-0.24621747105702751,0.39546088811028285,0.26913854684911914,0.493304525232794,cgreGFP_to_ppluGFP,46,aubin_linear
iterative_random,4,384,6281,0.20856856362527385,0.4566930737653833,0.2381754585860666,0.4533001403852957,0.31277004049700946,0.5451605732268638,cgreGFP_to_ppluGFP,46,aubin_linear
iterative_random,5,480,6281,0.20694739700287532,0.4549147139881005,0.24409698624678955,0.4697639884710362,0.3252274136289122,0.5646910555973956,cgreGFP_to_ppluGFP,46,aubin_linear
iterative_random,6,576,6281,0.19353360718167872,0.4399245471460745,0.29309264552320835,0.5076084461758296,0.35182915549345134,0.5960695434293157,cgreGFP_to_ppluGFP,46,aubin_linear
iterative_random,7,672,6281,0.24120311157074462,0.4911243341260384,0.11897341255060834,0.5191098718237899,0.360289118907581,0.6037103907802649,cgreGFP_to_ppluGFP,46,aubin_linear
iterative_random,8,768,6281,0.18267303416817887,0.42740266045987463,0.33276233932407917,0.5290042876176266,0.3692212821601423,0.6162291911314354,cgreGFP_to_ppluGFP,46,aubin_linear
iterative_random,9,864,6281,0.1944724395233124,0.44099029413731133,0.28966343497633684,0.5506164111289036,0.385394507090375,0.6388557499744765,cgreGFP_to_ppluGFP,46,aubin_linear
iterative_random,10,960,6281,0.16585441182800972,0.40725227050074225,0.3941946042292246,0.55497764265133,0.38987146114446175,0.645014059551411,cgreGFP_to_ppluGFP,46,aubin_linear
source_only,0,0,6281,15.05894260204672,3.8805853427088444,-54.00479958520847,-0.005899526316508367,-0.004251298762819373,-0.007725404598627254,cgreGFP_to_ppluGFP,46,mlp_small
oneshot_fancy,1,960,6281,0.2501219413295543,0.5001219264634917,0.08639619538588894,0.5124093495406741,0.35944528157843125,0.6169381808364734,cgreGFP_to_ppluGFP,46,mlp_small
oneshot_random,1,960,6281,0.10925781774307344,0.3305417034854656,0.6009212248901071,0.6800015859219076,0.49706144669029667,0.7830816528686058,cgreGFP_to_ppluGFP,46,mlp_small
iterative_fancy,1,96,6281,0.333171211720189,0.577209850678407,-0.21695235930704015,0.346690036015847,0.23868174360412295,0.3742724360734148,cgreGFP_to_ppluGFP,46,mlp_small
iterative_fancy,2,192,6281,0.31382569240248087,0.5602014748306906,-0.1462902656220766,0.38315478380091644,0.2617760204206175,0.41006498906530686,cgreGFP_to_ppluGFP,46,mlp_small
iterative_fancy,3,288,6281,0.33588430844328704,0.5795552678073826,-0.2268623075320244,0.4354811029027842,0.29727385959989894,0.49992338866808717,cgreGFP_to_ppluGFP,46,mlp_small
iterative_fancy,4,384,6281,0.19686288448027062,0.44369233087835835,0.2809320154303795,0.4679405643302285,0.3221185866804259,0.5311515554366639,cgreGFP_to_ppluGFP,46,mlp_small
iterative_fancy,5,480,6281,0.17744931548291148,0.42124733290895916,0.35184266966105715,0.5496532682705795,0.38350298579386044,0.6119594867962825,cgreGFP_to_ppluGFP,46,mlp_small
iterative_fancy,6,576,6281,0.1796432464306537,0.4238434220684022,0.3438290437861603,0.5276579412772814,0.36769354956982303,0.5970087142445151,cgreGFP_to_ppluGFP,46,mlp_small
iterative_fancy,7,672,6281,0.16031876880244655,0.40039826273654905,0.4144142798892524,0.5733371571617167,0.4050628199701287,0.6460374036845244,cgreGFP_to_ppluGFP,46,mlp_small
iterative_fancy,8,768,6281,0.17753715016599342,0.4213515754877314,0.3515218417472237,0.5939225417258761,0.42091683434668004,0.6828222844105322,cgreGFP_to_ppluGFP,46,mlp_small
iterative_fancy,9,864,6281,0.1383869962673835,0.3720040272193078,0.49452300894938994,0.6072243355015052,0.43293253394350095,0.7053280323845084,cgreGFP_to_ppluGFP,46,mlp_small
iterative_fancy,10,960,6281,0.1603184526919315,0.40039786799124133,0.41441543452513796,0.6316116869126056,0.4524157837106831,0.7365084931652157,cgreGFP_to_ppluGFP,46,mlp_small
iterative_random,1,96,6281,0.24088292820201093,0.4907982561114199,0.12014292507835511,0.314516849903606,0.21226563585946476,0.3642252834843019,cgreGFP_to_ppluGFP,46,mlp_small
iterative_random,2,192,6281,0.19592126229499426,0.44262993831754566,0.28437141625385254,0.4555005489174467,0.3122279860322111,0.537606177501575,cgreGFP_to_ppluGFP,46,mlp_small
iterative_random,3,288,6281,0.17169681486952318,0.4143631437151755,0.3728544466307234,0.5262952835344348,0.36625756315707214,0.6360755332402965,cgreGFP_to_ppluGFP,46,mlp_small
iterative_random,4,384,6281,0.1445544484530482,0.3802031673369492,0.4719955659284081,0.5930036587872975,0.4208273877471826,0.7023324261639858,cgreGFP_to_ppluGFP,46,mlp_small
iterative_random,5,480,6281,0.1534990631176683,0.39178956484019367,0.4393241659505984,0.5881969668127233,0.4162474180241332,0.7006995743199735,cgreGFP_to_ppluGFP,46,mlp_small
iterative_random,6,576,6281,0.13931556127999423,0.3732499983656989,0.491131301193392,0.6425199480851852,0.46150078324762017,0.7611148968808682,cgreGFP_to_ppluGFP,46,mlp_small
iterative_random,7,672,6281,0.11729097696681363,0.3424777028754042,0.5715790376718729,0.6345079744878215,0.45372586460200803,0.7565627681517952,cgreGFP_to_ppluGFP,46,mlp_small
iterative_random,8,768,6281,0.10745828260470561,0.32780830161041624,0.6074942673837421,0.6644411033001617,0.48035063748469864,0.7828390614206846,cgreGFP_to_ppluGFP,46,mlp_small
iterative_random,9,864,6281,0.10661499560578323,0.3265195179553333,0.6105744858024134,0.6928710408543376,0.506602809446667,0.8116243605224946,cgreGFP_to_ppluGFP,46,mlp_small
iterative_random,10,960,6281,0.09722970140280167,0.3118167753710529,0.6448555266646752,0.6936707489063453,0.5070072473630038,0.8098565292795618,cgreGFP_to_ppluGFP,46,mlp_small
source_only,0,0,4904,4.540409939201158,2.130823770094833,-6.633742022884332,0.46529421091023715,0.3325840811748554,0.4717177321840335,amacGFP_to_cgreGFP,42,aubin_1_10_1
oneshot_fancy,1,960,4904,0.47683486354161436,0.690532304488077,0.1983027117515369,0.4592658110601319,0.3257579687356832,0.5364098206111985,amacGFP_to_cgreGFP,42,aubin_1_10_1
oneshot_random,1,960,4904,0.31338100788950296,0.5598044371827566,0.47311590778500456,0.6461517718154139,0.46732919405921775,0.6893241038389295,amacGFP_to_cgreGFP,42,aubin_1_10_1
iterative_fancy,1,96,4904,1.5361750285770752,1.2394252815628197,-1.5827544268431346,0.4780375547309125,0.3386537876363049,0.4918430406965255,amacGFP_to_cgreGFP,42,aubin_1_10_1
iterative_fancy,2,192,4904,0.4253863767553041,0.6522165106429797,0.2848024949987663,0.5299790205997724,0.37527042062596516,0.5613189628491986,amacGFP_to_cgreGFP,42,aubin_1_10_1
iterative_fancy,3,288,4904,0.6811387158787904,0.8253112842308594,-0.1451911409858775,0.5171681739924627,0.36426588945536853,0.47543019073068776,amacGFP_to_cgreGFP,42,aubin_1_10_1
iterative_fancy,4,384,4904,0.45702086937407194,0.67603318659225,0.23161576540601947,0.5665995694125573,0.40300395002780237,0.5763861148036171,amacGFP_to_cgreGFP,42,aubin_1_10_1
iterative_fancy,5,480,4904,0.40589867706491245,0.6371017792040079,0.31756695328511797,0.5771369142076269,0.41044005618863766,0.5979866839757197,amacGFP_to_cgreGFP,42,aubin_1_10_1
iterative_fancy,6,576,4904,0.593984810157134,0.7707041002597131,0.0013397761504202466,0.5729870925728149,0.40650466064879753,0.5432511271002248,amacGFP_to_cgreGFP,42,aubin_1_10_1
iterative_fancy,7,672,4904,0.38622689123983306,0.6214715530415154,0.3506409135946378,0.5947865500039653,0.426521840873137,0.6154179679961513,amacGFP_to_cgreGFP,42,aubin_1_10_1
iterative_fancy,8,768,4904,0.3606616475957627,0.6005511198855287,0.3936234806633182,0.606948145941382,0.43551466718762544,0.6312567343488293,amacGFP_to_cgreGFP,42,aubin_1_10_1
iterative_fancy,9,864,4904,0.4800088512929074,0.6928267108685312,0.19296632054422047,0.5833265716889959,0.4177410074557584,0.5887768127077888,amacGFP_to_cgreGFP,42,aubin_1_10_1
iterative_fancy,10,960,4904,0.38814011217790867,0.6230089182169937,0.34742423596648964,0.603900128830761,0.4340579443630376,0.6201338173631685,amacGFP_to_cgreGFP,42,aubin_1_10_1
iterative_random,1,96,4904,0.40219924220203057,0.634191802376876,0.3237867730264766,0.5158227221200096,0.3672993486803435,0.5798086279999431,amacGFP_to_cgreGFP,42,aubin_1_10_1
iterative_random,2,192,4904,0.5047764511509416,0.710476214345661,0.15132482332832708,0.528487565521667,0.3768884028524927,0.5406021121217133,amacGFP_to_cgreGFP,42,aubin_1_10_1
iterative_random,3,288,4904,0.41133917259992203,0.6413572893480841,0.30841990710491685,0.5555994065890815,0.39608957694332125,0.5849485811970525,amacGFP_to_cgreGFP,42,aubin_1_10_1
iterative_random,4,384,4904,0.38226145296732184,0.6182729599192591,0.3573079619857241,0.5809919785692943,0.4166813195502194,0.6074680014139296,amacGFP_to_cgreGFP,42,aubin_1_10_1
iterative_random,5,480,4904,0.38714028131999667,0.6222059798169708,0.3491052407519656,0.59984802392118,0.4321514470282912,0.6359130220172253,amacGFP_to_cgreGFP,42,aubin_1_10_1
iterative_random,6,576,4904,0.3697152229525435,0.60804212267946,0.37840180253648203,0.58885595926303,0.4214052857018847,0.6202650114692323,amacGFP_to_cgreGFP,42,aubin_1_10_1
iterative_random,7,672,4904,0.35945281502816395,0.5995438391211805,0.395655877758179,0.6183011526304183,0.44464086940359765,0.6435538334019661,amacGFP_to_cgreGFP,42,aubin_1_10_1
iterative_random,8,768,4904,0.3603206487422187,0.6002671478118877,0.39419679834011634,0.6262278032849683,0.451621782667011,0.6458409260891875,amacGFP_to_cgreGFP,42,aubin_1_10_1
iterative_random,9,864,4904,0.4247654910964911,0.6517403555837946,0.285846383327916,0.617986607975403,0.4454377104566724,0.6103782516318434,amacGFP_to_cgreGFP,42,aubin_1_10_1
iterative_random,10,960,4904,0.3884306588453697,0.6232420547791763,0.34693574300336383,0.651434665930701,0.47143401336912616,0.6679295985945738,amacGFP_to_cgreGFP,42,aubin_1_10_1
source_only,0,0,4904,18.464458827258227,4.2970290698642275,-30.04409451280912,0.46317048792133064,0.3289137795819387,0.4838728287230997,amacGFP_to_cgreGFP,42,aubin_linear
oneshot_fancy,1,960,4904,0.4208719169724037,0.6487464196220305,0.29239260730510386,0.5625528607886581,0.40335452240427166,0.5520082110625939,amacGFP_to_cgreGFP,42,aubin_linear
oneshot_random,1,960,4904,0.38696827218663027,0.6220677392267101,0.34939443784369995,0.624749169046664,0.4510617088723974,0.6089056930973593,amacGFP_to_cgreGFP,42,aubin_linear
iterative_fancy,1,96,4904,0.7431959876177521,0.8620881553633318,-0.2495273593984848,0.4707214529872859,0.33259034847532376,0.48318523215141096,amacGFP_to_cgreGFP,42,aubin_linear
iterative_fancy,2,192,4904,0.4971501724735642,0.7050887692153125,0.16414680301678775,0.47361762967528825,0.33463696255208003,0.49206192511746655,amacGFP_to_cgreGFP,42,aubin_linear
iterative_fancy,3,288,4904,0.5019128504687164,0.7084580795422665,0.15613936412032203,0.4898557327674834,0.3460712129302617,0.49924759017101766,amacGFP_to_cgreGFP,42,aubin_linear
iterative_fancy,4,384,4904,0.47255890368368936,0.687429199033391,0.20549183671881954,0.48050409273099637,0.3409842754300156,0.485473734264941,amacGFP_to_cgreGFP,42,aubin_linear
iterative_fancy,5,480,4904,0.4771488035305582,0.6907595844652162,0.19777488785053343,0.46918819607050016,0.33421284840851057,0.47344635202404917,amacGFP_to_cgreGFP,42,aubin_linear
iterative_fancy,6,576,4904,0.5029763357626008,0.709208245695579,0.15435133782151733,0.4756419908255033,0.33897917041006626,0.4794497299349148,amacGFP_to_cgreGFP,42,aubin_linear
iterative_fancy,7,672,4904,0.4690903063740678,0.6849016764281336,0.2113235517836447,0.4860284124457275,0.3467976303158068,0.4946103765772184,amacGFP_to_cgreGFP,42,aubin_linear
iterative_fancy,8,768,4904,0.5260014245176045,0.7252595566537572,0.115639505638224,0.4906059398392705,0.34922116371159206,0.4989032504600569,amacGFP_to_cgreGFP,42,aubin_linear
iterative_fancy,9,864,4904,0.4731266495919888,0.6878420237176476,0.2045372916762922,0.5090161482710418,0.36387542111614496,0.5083786437266317,amacGFP_to_cgreGFP,42,aubin_linear
iterative_fancy,10,960,4904,0.43770561082850246,0.6615932366858828,0.2640903002644581,0.5193284789569043,0.3720069407184702,0.5197674190903823,amacGFP_to_cgreGFP,42,aubin_linear
iterative_random,1,96,4904,0.4495441101124862,0.6704805068847909,0.24418635972116598,0.5104548913179605,0.3643420643208052,0.5230556533720034,amacGFP_to_cgreGFP,42,aubin_linear
iterative_random,2,192,4904,0.44038963612773785,0.663618592361409,0.25957767761768824,0.5318163012460323,0.37968369824247655,0.5386189684233518,amacGFP_to_cgreGFP,42,aubin_linear
iterative_random,3,288,4904,0.46647454943822814,0.6829894211759272,0.21572139557091374,0.5425596276069162,0.3867453688918143,0.5493484784759581,amacGFP_to_cgreGFP,42,aubin_linear
iterative_random,4,384,4904,0.42450976434219956,0.6515441384451245,0.2862763339483999,0.5629498291451547,0.4033990080155767,0.5638424312048301,amacGFP_to_cgreGFP,42,aubin_linear
iterative_random,5,480,4904,0.4153358602622147,0.6444655617348491,0.30170031945346465,0.5868935169853013,0.42228922881009423,0.5782638500577776,amacGFP_to_cgreGFP,42,aubin_linear
iterative_random,6,576,4904,0.3922930851028717,0.6263330464719802,0.3404418875966927,0.5991081211016895,0.43081125246592883,0.5905960735236901,amacGFP_to_cgreGFP,42,aubin_linear
iterative_random,7,672,4904,0.5100173444780212,0.7141549863146103,0.14251336617707677,0.6065078971041924,0.4357536670478804,0.5937666625675807,amacGFP_to_cgreGFP,42,aubin_linear
iterative_random,8,768,4904,0.3901355415287766,0.6246083104864812,0.3440693422248692,0.6207483214841859,0.4475045500924567,0.6061742665816126,amacGFP_to_cgreGFP,42,aubin_linear
iterative_random,9,864,4904,0.408097430954626,0.6388250393923409,0.31387021219991984,0.6331240422544662,0.4578208851630215,0.6159239636944871,amacGFP_to_cgreGFP,42,aubin_linear
iterative_random,10,960,4904,0.3736112834170537,0.6112375016448628,0.3718513983020877,0.6453035071086083,0.46713150379646734,0.6266964581567381,amacGFP_to_cgreGFP,42,aubin_linear
source_only,0,0,4904,8.15564880423015,2.8558096582633357,-12.71200394554941,0.37254662773399166,0.26381022278306765,0.38670053913415636,amacGFP_to_cgreGFP,42,mlp_small
oneshot_fancy,1,960,4904,0.6135735756189431,0.7833093741421349,-0.0315946029220886,0.34297564965588967,0.2411637950285342,0.3321149317733401,amacGFP_to_cgreGFP,42,mlp_small
oneshot_random,1,960,4904,0.33113394654579087,0.5754423920305063,0.4432680844243596,0.6583047599240873,0.4770034947110785,0.6757996731318625,amacGFP_to_cgreGFP,42,mlp_small
iterative_fancy,1,96,4904,0.5602850370482144,0.7485219015153894,0.05799883944823514,0.3572150811493287,0.249094326461898,0.35315880943117717,amacGFP_to_cgreGFP,42,mlp_small
iterative_fancy,2,192,4904,0.4800751126372814,0.692874528783734,0.19285491606404925,0.4513642927309301,0.31936614059648216,0.45892808624763354,amacGFP_to_cgreGFP,42,mlp_small
iterative_fancy,3,288,4904,0.4754443981663152,0.6895247625475934,0.20064048611749097,0.4571673177769757,0.3220517855747541,0.45502104453185116,amacGFP_to_cgreGFP,42,mlp_small
iterative_fancy,4,384,4904,0.5389001867479278,0.7340982132847946,0.09395295649413127,0.38478413270015366,0.2708729515259374,0.38938817656526004,amacGFP_to_cgreGFP,42,mlp_small
iterative_fancy,5,480,4904,0.6767793028595739,0.8226659728344025,-0.1378617071229613,0.4745407647917102,0.33607587967705654,0.4699517936397286,amacGFP_to_cgreGFP,42,mlp_small
iterative_fancy,6,576,4904,0.4475186124757897,0.6689683194859004,0.2475918069458769,0.54385352367422,0.3881802146082187,0.5411010628544247,amacGFP_to_cgreGFP,42,mlp_small
iterative_fancy,7,672,4904,0.4215865218763689,0.6492969442992697,0.291191149824787,0.5456848292365293,0.38881524396268696,0.5464080863195524,amacGFP_to_cgreGFP,42,mlp_small
iterative_fancy,8,768,4904,0.4820179089235906,0.6942750959984022,0.18958851372344665,0.45164197429555203,0.319563528887496,0.45411319536284606,amacGFP_to_cgreGFP,42,mlp_small
iterative_fancy,9,864,4904,0.5013987496989523,0.7080951558222611,0.15700371617282305,0.44452487230447224,0.31422422885713985,0.44845180506505117,amacGFP_to_cgreGFP,42,mlp_small
iterative_fancy,10,960,4904,0.4431984731457099,0.6657315323354527,0.25485521038088654,0.5486741302691196,0.39055695587792005,0.5446036209743464,amacGFP_to_cgreGFP,42,mlp_small
iterative_random,1,96,4904,0.4499683451402223,0.670796798695568,0.24347309796679262,0.5206634888911497,0.3698501384375736,0.5361137734867395,amacGFP_to_cgreGFP,42,mlp_small
iterative_random,2,192,4904,0.47727100918418086,0.6908480362454401,0.19756942480953377,0.4546053006227536,0.32361582341484274,0.45990517351376436,amacGFP_to_cgreGFP,42,mlp_small
iterative_random,3,288,4904,0.4772910173710571,0.6908625169822554,0.19753578526178284,0.4766676880319922,0.33781001090692353,0.48718400253396144,amacGFP_to_cgreGFP,42,mlp_small
iterative_random,4,384,4904,0.49505404056994584,0.7036007678861258,0.16767100686895697,0.4304365505604415,0.304130954649781,0.4383747560075384,amacGFP_to_cgreGFP,42,mlp_small
iterative_random,5,480,4904,0.4374041378002058,0.6613653587845418,0.2645971635996395,0.5515837022895304,0.393182802040229,0.5523975300457203,amacGFP_to_cgreGFP,42,mlp_small
iterative_random,6,576,4904,0.47683818902637354,0.6905347123978443,0.19829712065005223,0.4994886504625464,0.3534325402132758,0.5139580436663042,amacGFP_to_cgreGFP,42,mlp_small
iterative_random,7,672,4904,0.5315476537857577,0.7290731470749404,0.1063146904784057,0.5611535364915078,0.3988649694687332,0.567898227973847,amacGFP_to_cgreGFP,42,mlp_small
iterative_random,8,768,4904,0.43529430565372423,0.6597683727291906,0.26814440152165464,0.5366010966302126,0.381755802551154,0.5341509746984288,amacGFP_to_cgreGFP,42,mlp_small
iterative_random,9,864,4904,0.43341823250572237,0.658345070996755,0.2712986229729508,0.5692283447095621,0.40604927259067647,0.5711163435083693,amacGFP_to_cgreGFP,42,mlp_small
iterative_random,10,960,4904,0.4902061832130855,0.7001472582343556,0.1758216569031089,0.592185387853391,0.4235242198630419,0.5931155351711117,amacGFP_to_cgreGFP,42,mlp_small
source_only,0,0,4904,2.907917139310655,1.7052616043618218,-3.889049571001273,0.4340739570534295,0.30760033531567366,0.46160239704754075,amacGFP_to_cgreGFP,43,aubin_1_10_1
oneshot_fancy,1,960,4904,0.4913986301303625,0.7009983096487198,0.1738168088245502,0.4616675630790744,0.32715477562903517,0.5201960473768958,amacGFP_to_cgreGFP,43,aubin_1_10_1
oneshot_random,1,960,4904,0.37811830185475337,0.6149132474217427,0.3642737970487885,0.6352249822728806,0.45745980041618917,0.6393830964079937,amacGFP_to_cgreGFP,43,aubin_1_10_1
iterative_fancy,1,96,4904,1.302927820984298,1.1414586374390874,-1.190598424595752,0.4631688462231584,0.32541846502020944,0.46961331303182086,amacGFP_to_cgreGFP,43,aubin_1_10_1
iterative_fancy,2,192,4904,0.4394890263548368,0.6629396853069189,0.26109186306827004,0.5040866293534126,0.3589882978379671,0.5461645112057723,amacGFP_to_cgreGFP,43,aubin_1_10_1
iterative_fancy,3,288,4904,0.5504324179225571,0.7419113275335248,0.07456394120383492,0.5430925007475279,0.38363702810362305,0.5478773756139439,amacGFP_to_cgreGFP,43,aubin_1_10_1
iterative_fancy,4,384,4904,0.38038479761571636,0.6167534334040763,0.36046316228962916,0.5647359600933486,0.4008722082591753,0.6043866283270478,amacGFP_to_cgreGFP,43,aubin_1_10_1
iterative_fancy,5,480,4904,0.5627046112325074,0.7501363950859252,0.05393083559495915,0.571473385769526,0.405367389144608,0.5644649095715377,amacGFP_to_cgreGFP,43,aubin_1_10_1
iterative_fancy,6,576,4904,0.4469313681822156,0.668529257536434,0.24857913441224755,0.5596277718209448,0.3975187953238075,0.5598832988650444,amacGFP_to_cgreGFP,43,aubin_1_10_1
iterative_fancy,7,672,4904,0.3770847377467422,0.6140722577569697,0.36601151718206304,0.5858260811585223,0.41755303904055613,0.608284861910853,amacGFP_to_cgreGFP,43,aubin_1_10_1
iterative_fancy,8,768,4904,0.3740328824783651,0.6115822777667491,0.3711425683694962,0.5968488973986613,0.4261934777367943,0.6188985859536147,amacGFP_to_cgreGFP,43,aubin_1_10_1
iterative_fancy,9,864,4904,0.45399637818063376,0.6737925334853703,0.2367008096708232,0.5976950466101932,0.42591438252277464,0.6102028198792055,amacGFP_to_cgreGFP,43,aubin_1_10_1
iterative_fancy,10,960,4904,0.36054361829790726,0.6004528443582454,0.3938219220426288,0.6044515760911542,0.4312614880005589,0.6337738402483615,amacGFP_to_cgreGFP,43,aubin_1_10_1
iterative_random,1,96,4904,0.4224507287905364,0.6499620979645939,0.28973816810606834,0.5004443521738795,0.3545302294758958,0.547469330832376,amacGFP_to_cgreGFP,43,aubin_1_10_1
iterative_random,2,192,4904,0.4102558373423639,0.6405121679893083,0.3102413069325166,0.5282702651792888,0.37593859698925614,0.565144344298605,amacGFP_to_cgreGFP,43,aubin_1_10_1
iterative_random,3,288,4904,0.4187719043007857,0.6471258797952573,0.29592333585045205,0.5475624345569845,0.38999918847464043,0.5800940600493762,amacGFP_to_cgreGFP,43,aubin_1_10_1
iterative_random,4,384,4904,0.41560959895700955,0.6446779032641103,0.3012400855526216,0.5539297615529111,0.3951770750783098,0.5628220413938564,amacGFP_to_cgreGFP,43,aubin_1_10_1
iterative_random,5,480,4904,0.3796209888699845,0.6161339049833117,0.36174734565584865,0.5850132235011046,0.4187112445619667,0.6111745434800457,amacGFP_to_cgreGFP,43,aubin_1_10_1
iterative_random,6,576,4904,0.3662801964315428,0.6052108693930924,0.3841770753982313,0.5997576592818566,0.4302875296237539,0.6267323593994967,amacGFP_to_cgreGFP,43,aubin_1_10_1
iterative_random,7,672,4904,0.3843112646063109,0.619928435068364,0.353861635892468,0.6053058225436464,0.4335117850769343,0.6206536274315159,amacGFP_to_cgreGFP,43,aubin_1_10_1
iterative_random,8,768,4904,0.3508588405680151,0.5923333863357823,0.41010483387855423,0.6437976343602836,0.4640644088989987,0.6727413597534022,amacGFP_to_cgreGFP,43,aubin_1_10_1
iterative_random,9,864,4904,0.3278332580490084,0.5725672519879289,0.4488174962219146,0.6445257193880751,0.46444163400663463,0.6740677845404246,amacGFP_to_cgreGFP,43,aubin_1_10_1
iterative_random,10,960,4904,0.3365087495865376,0.580093742068071,0.43423148632280284,0.6566201941529392,0.4751662907498277,0.6820783042550735,amacGFP_to_cgreGFP,43,aubin_1_10_1
source_only,0,0,4904,17.813096428567345,4.22055641220057,-28.948965971202554,0.4479597096654413,0.31977907277435375,0.4753690290784122,amacGFP_to_cgreGFP,43,aubin_linear
oneshot_fancy,1,960,4904,0.4514349275433957,0.6718890738383797,0.2410073488668122,0.5229629341566047,0.37500808703007366,0.5221118428274062,amacGFP_to_cgreGFP,43,aubin_linear
oneshot_random,1,960,4904,0.3877468797623936,0.6226932469221049,0.34808537336493484,0.6352200863328762,0.45762582113427014,0.6106022153933391,amacGFP_to_cgreGFP,43,aubin_linear
iterative_fancy,1,96,4904,0.63906360744763,0.7994145404279497,-0.07445071718069252,0.47071456646315446,0.33360373061887516,0.4869414474006677,amacGFP_to_cgreGFP,43,aubin_linear
iterative_fancy,2,192,4904,0.4903377957459054,0.7002412411061673,0.1756003781780644,0.4666649873331853,0.3299598962973411,0.4807344839254876,amacGFP_to_cgreGFP,43,aubin_linear
iterative_fancy,3,288,4904,0.5272515463784342,0.7261208896447162,0.11353768930213748,0.4753761604600616,0.3373625658139362,0.49238276418504545,amacGFP_to_cgreGFP,43,aubin_linear
iterative_fancy,4,384,4904,0.4707203742500166,0.6860906457969068,0.20858293633010405,0.48007263877725614,0.33952716189917354,0.4867594505279116,amacGFP_to_cgreGFP,43,aubin_linear
iterative_fancy,5,480,4904,0.4658216236183539,0.6825112626311407,0.21681915267561191,0.48066805885872194,0.33861244098836535,0.4894488390083296,amacGFP_to_cgreGFP,43,aubin_linear
iterative_fancy,6,576,4904,0.47813278499313117,0.6914714636144655,0.196120530481669,0.4861676960583048,0.3432361598924659,0.49407358393454814,amacGFP_to_cgreGFP,43,aubin_linear
iterative_fancy,7,672,4904,0.5124630258379601,0.7158652288231075,0.1384014686123306,0.5053311980991594,0.3577662774626553,0.5105889266097651,amacGFP_to_cgreGFP,43,aubin_linear
iterative_fancy,8,768,4904,0.5050496275228632,0.7106684371230111,0.15086553485483645,0.5167207808999463,0.36568291896726274,0.5186199257899972,amacGFP_to_cgreGFP,43,aubin_linear
iterative_fancy,9,864,4904,0.5152813196406318,0.7178309826418973,0.1336631017859038,0.5308676787056316,0.3768778230051567,0.5308530492398396,amacGFP_to_cgreGFP,43,aubin_linear
iterative_fancy,10,960,4904,0.4363465962532461,0.6605653610758334,0.2663751967411564,0.5364783598266745,0.3811521629823935,0.5345867647092544,amacGFP_to_cgreGFP,43,aubin_linear
iterative_random,1,96,4904,0.7542058004493062,0.8684502291146604,-0.26803803839041573,0.495985123840614,0.3520313153674126,0.5168685939437305,amacGFP_to_cgreGFP,43,aubin_linear
iterative_random,2,192,4904,0.5982002284873419,0.7734340492164422,-0.005747561002446222,0.5337193246627413,0.37919454924249313,0.5398986980745587,amacGFP_to_cgreGFP,43,aubin_linear
iterative_random,3,288,4904,0.431018356693962,0.6565198829387896,0.27533350816597413,0.5429295420492943,0.38595334623503835,0.5444955779108012,amacGFP_to_cgreGFP,43,aubin_linear
iterative_random,4,384,4904,0.4403483309209423,0.6635874704369743,0.2596471236142176,0.5632357708249928,0.4015699849442246,0.5595521245211008,amacGFP_to_cgreGFP,43,aubin_linear
iterative_random,5,480,4904,0.46117120977828213,0.67909587672013,0.2246378430648336,0.5696895246555995,0.40792338240264614,0.5659679769510658,amacGFP_to_cgreGFP,43,aubin_linear
iterative_random,6,576,4904,0.3977280772629848,0.6306568617425682,0.33130409418106066,0.5922103548822751,0.4247370905745264,0.581788697270268,amacGFP_to_cgreGFP,43,aubin_linear
iterative_random,7,672,4904,0.4186881158028927,0.6470611376082578,0.2960642085438794,0.6073481402846428,0.4350525770591597,0.5957651028956459,amacGFP_to_cgreGFP,43,aubin_linear
iterative_random,8,768,4904,0.445929373357528,0.6677794346620207,0.25026377745161066,0.6184078535026483,0.4438198621565046,0.6015926667360877,amacGFP_to_cgreGFP,43,aubin_linear
iterative_random,9,864,4904,0.3873438030112712,0.6223695068134936,0.3487630619381459,0.6250252741758382,0.449883226695957,0.6082329395460326,amacGFP_to_cgreGFP,43,aubin_linear
iterative_random,10,960,4904,0.3892326391556888,0.6238851169531846,0.3455873821992983,0.6335744835424192,0.45644047112043834,0.6122835802308733,amacGFP_to_cgreGFP,43,aubin_linear
source_only,0,0,4904,9.723314744396301,3.1182230106899507,-15.34770370075617,0.29779849992525104,0.21107738957432987,0.2864599755709903,amacGFP_to_cgreGFP,43,mlp_small
oneshot_fancy,1,960,4904,0.5443284277594359,0.737786166690211,0.08482651371148164,0.4601806761186953,0.326757292072442,0.4528341492118399,amacGFP_to_cgreGFP,43,mlp_small
oneshot_random,1,960,4904,0.4308105655138123,0.6563616118526527,0.27568286522516794,0.5794690126177139,0.41340414637705397,0.570617675069203,amacGFP_to_cgreGFP,43,mlp_small
iterative_fancy,1,96,4904,0.7866979110984889,0.886959926433257,-0.32266667188303666,0.3282617611168611,0.2322148182249566,0.31894506781012705,amacGFP_to_cgreGFP,43,mlp_small
iterative_fancy,2,192,4904,0.4794767176398906,0.692442573532196,0.19386099108789823,0.4843455926072144,0.34370866792220045,0.4761524529102632,amacGFP_to_cgreGFP,43,mlp_small
iterative_fancy,3,288,4904,0.4890679397105828,0.6993339257540584,0.1777353733678514,0.5287240187326436,0.3759688803538629,0.5191061360230579,amacGFP_to_cgreGFP,43,mlp_small
iterative_fancy,4,384,4904,0.48128074563954926,0.6937440058404464,0.19082789836370306,0.4881685116134435,0.34593249105484625,0.49052673971303934,amacGFP_to_cgreGFP,43,mlp_small
iterative_fancy,5,480,4904,0.44724145381384395,0.6687611335999154,0.248057790800426,0.515171060907152,0.3649285996170247,0.5229391086767754,amacGFP_to_cgreGFP,43,mlp_small
iterative_fancy,6,576,4904,0.44016378412237134,0.6634484035118114,0.2599574001465801,0.5327640086171929,0.3790045381017699,0.5451097858150602,amacGFP_to_cgreGFP,43,mlp_small
iterative_fancy,7,672,4904,0.5159419115924552,0.7182909658296248,0.1325524556966432,0.41449377347710376,0.2905442109305656,0.4193933343488553,amacGFP_to_cgreGFP,43,mlp_small
iterative_fancy,8,768,4904,0.7257204802938926,0.8518922938340813,-0.22014597833031613,0.5585256313834042,0.3960845661009193,0.5591444875541147,amacGFP_to_cgreGFP,43,mlp_small
iterative_fancy,9,864,4904,0.5728212821395069,0.756849576956681,0.03692178644111965,0.4952912621828413,0.3503080632300164,0.49487111273337364,amacGFP_to_cgreGFP,43,mlp_small
iterative_fancy,10,960,4904,0.4542670593909255,0.6739933674680527,0.23624571628553903,0.515753380196796,0.3655397727550362,0.5120836473329041,amacGFP_to_cgreGFP,43,mlp_small
iterative_random,1,96,4904,0.6335082813493661,0.7959323346550045,-0.06511060761899867,0.3342895289840842,0.2373646440501177,0.3297779710107078,amacGFP_to_cgreGFP,43,mlp_small
iterative_random,2,192,4904,0.5380463156786521,0.7335164045054835,0.09538856066885082,0.37154562279452713,0.2612221473131982,0.362800647399555,amacGFP_to_cgreGFP,43,mlp_small
iterative_random,3,288,4904,0.5803555237359098,0.7618106875962753,0.024254547699425033,0.41403815148872986,0.29115501339544075,0.40875987486351906,amacGFP_to_cgreGFP,43,mlp_small
iterative_random,4,384,4904,0.5828815205791105,0.7634667776525121,0.020007616583111343,0.4632408012030849,0.32723906619587384,0.4678404662722909,amacGFP_to_cgreGFP,43,mlp_small
iterative_random,5,480,4904,0.6511821123057884,0.8069585567461246,-0.09482542806121019,0.4578410358440784,0.3237456920374698,0.4506811278106959,amacGFP_to_cgreGFP,43,mlp_small
iterative_random,6,576,4904,0.36643284670746434,0.60533696955288,0.38392042614371225,0.626146094043587,0.45054245983906926,0.6297672107358061,amacGFP_to_cgreGFP,43,mlp_small
iterative_random,7,672,4904,0.3972908053373984,0.6303100866537029,0.3320392747304989,0.6147783889293422,0.4402324059039855,0.6126260214795199,amacGFP_to_cgreGFP,43,mlp_small
iterative_random,8,768,4904,0.41376380401427765,0.6432447465889463,0.30434340058554554,0.6132227065764713,0.44016897286312107,0.595552272546277,amacGFP_to_cgreGFP,43,mlp_small
iterative_random,9,864,4904,0.4133487750711445,0.6429220598728469,0.3050411842496492,0.6423118377730623,0.46346294458042897,0.6360488921797207,amacGFP_to_cgreGFP,43,mlp_small
iterative_random,10,960,4904,0.4872995971564655,0.6980684759795887,0.1807084685392084,0.5936954060155906,0.42513253758985187,0.5804780815090493,amacGFP_to_cgreGFP,43,mlp_small
source_only,0,0,4904,0.857073344838009,0.9257825580761441,-0.44098812591689995,-0.4509328331473878,-0.32098404572125966,-0.48200419335155364,amacGFP_to_cgreGFP,44,aubin_1_10_1
oneshot_fancy,1,960,4904,0.4772579064051321,0.690838553068032,0.19759145436994363,0.4449232792891705,0.31525783082633363,0.49620625572365984,amacGFP_to_cgreGFP,44,aubin_1_10_1
oneshot_random,1,960,4904,0.3230037341987147,0.5683341747587547,0.45693732233017037,0.6577470604706834,0.47515425622718455,0.6785852379796407,amacGFP_to_cgreGFP,44,aubin_1_10_1
iterative_fancy,1,96,4904,0.8704246621633701,0.9329655203507631,-0.46343555103759404,0.43237126213161436,0.3026269934597037,0.48395998722623657,amacGFP_to_cgreGFP,44,aubin_1_10_1
iterative_fancy,2,192,4904,0.43344380583950287,0.6583644931491239,0.2712556268040234,0.5225595566134563,0.36856954173258977,0.5471937734660672,amacGFP_to_cgreGFP,44,aubin_1_10_1
iterative_fancy,3,288,4904,0.5531984855701283,0.7437731411997399,0.06991338164596383,0.5788215339688774,0.41149044669569135,0.5927844401734816,amacGFP_to_cgreGFP,44,aubin_1_10_1
iterative_fancy,4,384,4904,0.3918176666348833,0.6259534061213209,0.3412412035144481,0.552372102184375,0.39441868883152714,0.5849090786899197,amacGFP_to_cgreGFP,44,aubin_1_10_1
iterative_fancy,5,480,4904,0.48093366003869037,0.6934938067774581,0.1914114496227951,0.5700464516363989,0.407033388014114,0.5865394180157737,amacGFP_to_cgreGFP,44,aubin_1_10_1
iterative_fancy,6,576,4904,0.6001700431518218,0.7747064238482999,-0.009059389049448585,0.5737096426364358,0.4079590791110642,0.5721928307162893,amacGFP_to_cgreGFP,44,aubin_1_10_1
iterative_fancy,7,672,4904,0.3820173182540396,0.6180754955942191,0.3577184230332908,0.5722872203012062,0.4070252229650594,0.6058508121103658,amacGFP_to_cgreGFP,44,aubin_1_10_1
iterative_fancy,8,768,4904,0.3884887413770252,0.6232886501269097,0.34683808947237627,0.5941623249958876,0.42464282401594017,0.619038779021735,amacGFP_to_cgreGFP,44,aubin_1_10_1
iterative_fancy,9,864,4904,0.3928297760454088,0.626761338984313,0.3395395549315352,0.5831753071271968,0.41671769354736676,0.5995795533031194,amacGFP_to_cgreGFP,44,aubin_1_10_1
iterative_fancy,10,960,4904,0.40419795920469953,0.6357656480218946,0.3204263517915139,0.5916459281446427,0.4235797143427435,0.606720156025215,amacGFP_to_cgreGFP,44,aubin_1_10_1
iterative_random,1,96,4904,0.5945583067146512,0.7710760706406672,0.0003755626036872073,0.5171649983803311,0.36876586786725984,0.518919139682833,amacGFP_to_cgreGFP,44,aubin_1_10_1
iterative_random,2,192,4904,0.427885290124897,0.6541294138967434,0.2806010990331048,0.5334437434009348,0.3783192985841004,0.5474915852879954,amacGFP_to_cgreGFP,44,aubin_1_10_1
iterative_random,3,288,4904,0.3817544756167527,0.6178628291269452,0.3581603375107347,0.5695880011684002,0.40586978482378416,0.6045184196846265,amacGFP_to_cgreGFP,44,aubin_1_10_1
iterative_random,4,384,4904,0.40923896743015364,0.6397178811242918,0.3119509592953189,0.5672533022202586,0.4043839755894967,0.5843738694821742,amacGFP_to_cgreGFP,44,aubin_1_10_1
iterative_random,5,480,4904,0.41197071832969884,0.6418494514523626,0.3073580961139871,0.577987303239682,0.4119363099647899,0.5913011689856726,amacGFP_to_cgreGFP,44,aubin_1_10_1
iterative_random,6,576,4904,0.40579236442715805,0.6370183391607797,0.31774569557078314,0.6060081864434801,0.4354178795420385,0.638722390881876,amacGFP_to_cgreGFP,44,aubin_1_10_1
iterative_random,7,672,4904,0.3594496991018148,0.5995412405346398,0.39566111653138025,0.603752967694185,0.43336411046286355,0.6449172128674009,amacGFP_to_cgreGFP,44,aubin_1_10_1
iterative_random,8,768,4904,0.33821882845803747,0.581565841894138,0.43135634924958244,0.6175294650366341,0.4442843054344346,0.6626004301058814,amacGFP_to_cgreGFP,44,aubin_1_10_1
iterative_random,9,864,4904,0.33754112305221295,0.5809828939411322,0.4324957680035836,0.636019039452668,0.4580232436223553,0.6609098312812085,amacGFP_to_cgreGFP,44,aubin_1_10_1
iterative_random,10,960,4904,0.4887572763611898,0.6991117767290076,0.17825768829028954,0.6140800825262458,0.4405586338984926,0.6418043673789593,amacGFP_to_cgreGFP,44,aubin_1_10_1
source_only,0,0,4904,13.850886464659343,3.7216779098491775,-22.287345300383322,0.4281272589651831,0.30288153455075445,0.4588128187508852,amacGFP_to_cgreGFP,44,aubin_linear
oneshot_fancy,1,960,4904,0.40496530873443176,0.6363688464518292,0.31913621534352876,0.5899390376820232,0.42189484011527234,0.5893484108072218,amacGFP_to_cgreGFP,44,aubin_linear
oneshot_random,1,960,4904,0.36670659165180414,0.6055630368936038,0.38346018173557705,0.6493464072583572,0.46774022007685834,0.6287868582945888,amacGFP_to_cgreGFP,44,aubin_linear
iterative_fancy,1,96,4904,0.4571024152737332,0.6760934959557984,0.23147866316869425,0.4685527876801566,0.33307662846173514,0.48987458829737174,amacGFP_to_cgreGFP,44,aubin_linear
iterative_fancy,2,192,4904,0.7070220802835012,0.8408460502871505,-0.18870856104170475,0.4714566238082282,0.3353463757590931,0.4887817464989649,amacGFP_to_cgreGFP,44,aubin_linear
iterative_fancy,3,288,4904,0.5332856266717676,0.7302640800914199,0.10339265550089838,0.47249384247570136,0.33584694425103706,0.48744433912936913,amacGFP_to_cgreGFP,44,aubin_linear
iterative_fancy,4,384,4904,0.505058469329429,0.7106746578635185,0.15085066922128287,0.5007577372964224,0.35738625976102084,0.5107970365868385,amacGFP_to_cgreGFP,44,aubin_linear
iterative_fancy,5,480,4904,0.4531409937923519,0.6731574806777029,0.23813895817238673,0.5161921854383394,0.3675428189702583,0.5226309281957342,amacGFP_to_cgreGFP,44,aubin_linear
iterative_fancy,6,576,4904,0.5955910531987306,0.7717454588131573,-0.0013607828673320999,0.4952088874015636,0.3529571502024106,0.500913383891782,amacGFP_to_cgreGFP,44,aubin_linear
iterative_fancy,7,672,4904,0.44419025424274194,0.6664759967491267,0.2531877395711367,0.5072713672552885,0.3618586738084558,0.5123661515752314,amacGFP_to_cgreGFP,44,aubin_linear
iterative_fancy,8,768,4904,0.5971596111373197,0.7727610310680267,-0.003997982329820182,0.5166935151694919,0.3695234777981092,0.5193859037811418,amacGFP_to_cgreGFP,44,aubin_linear
iterative_fancy,9,864,4904,0.7472324414286282,0.8644260763238394,-0.25631380544457394,0.5193370006068239,0.37024317770324094,0.5222399253526671,amacGFP_to_cgreGFP,44,aubin_linear
iterative_fancy,10,960,4904,0.47180339005759186,0.6868794581712222,0.2067620735902983,0.5090923406866463,0.3625189279126,0.514620958662983,amacGFP_to_cgreGFP,44,aubin_linear
iterative_random,1,96,4904,0.43402772492734537,0.6588078057577531,0.27027388997001156,0.5200107546925794,0.36997442143235454,0.5298767625118943,amacGFP_to_cgreGFP,44,aubin_linear
iterative_random,2,192,4904,0.5934586478588917,0.77036267293976,0.0022244071200319127,0.5464581414689528,0.3883693445426926,0.5515828479808192,amacGFP_to_cgreGFP,44,aubin_linear
iterative_random,3,288,4904,0.42414515733689284,0.6512642761098545,0.28688934375489716,0.553143074000375,0.39357288769952176,0.5557664065055375,amacGFP_to_cgreGFP,44,aubin_linear
iterative_random,4,384,4904,0.44980946658668486,0.6706783629927873,0.24374021875696672,0.5653654235528008,0.4031340596240716,0.5625943816965118,amacGFP_to_cgreGFP,44,aubin_linear
iterative_random,5,480,4904,0.5806706583229831,0.7620174921371445,0.023724715333533264,0.5839671188625181,0.4168868929739986,0.5755053433705518,amacGFP_to_cgreGFP,44,aubin_linear
iterative_random,6,576,4904,0.4075809325414644,0.6384206548518495,0.3147385953842802,0.5920735547849213,0.4243158191415689,0.5802099937113498,amacGFP_to_cgreGFP,44,aubin_linear
iterative_random,7,672,4904,0.5022623562787163,0.7087047031583157,0.15555174378983072,0.6025550707652505,0.43246215245916414,0.589878639056933,amacGFP_to_cgreGFP,44,aubin_linear
iterative_random,8,768,4904,0.42786783758184016,0.6541160734776666,0.28063044180459984,0.6119197610581844,0.43889926705388427,0.598557695522586,amacGFP_to_cgreGFP,44,aubin_linear
iterative_random,9,864,4904,0.3802069163114317,0.6166092087468624,0.3607622321986873,0.6195300755897517,0.44405630804734253,0.6068684831924481,amacGFP_to_cgreGFP,44,aubin_linear
iterative_random,10,960,4904,0.3918283145609256,0.6259619114298614,0.3412233012717929,0.6146691633299135,0.44077948297784303,0.603360213089878,amacGFP_to_cgreGFP,44,aubin_linear
source_only,0,0,4904,8.924855845481694,2.9874497226701062,-14.005263407520712,0.30751211345757096,0.21679441725943208,0.2973464257673556,amacGFP_to_cgreGFP,44,mlp_small
oneshot_fancy,1,960,4904,0.6102450605611813,0.7811818357854856,-0.02599840662913655,0.34741327057431987,0.2440006804111482,0.3287913583671209,amacGFP_to_cgreGFP,44,mlp_small
oneshot_random,1,960,4904,0.3142611382322179,0.560589991198753,0.4716361541784435,0.6850802931252341,0.49766324425200925,0.7008441588661058,amacGFP_to_cgreGFP,44,mlp_small
iterative_fancy,1,96,4904,0.7914774404591768,0.889650178699008,-0.33070244279774674,0.31215858300205773,0.21778664386424218,0.2962650357683341,amacGFP_to_cgreGFP,44,mlp_small
iterative_fancy,2,192,4904,0.5828111836425627,0.7634207120864371,0.02012587331223392,0.4348720264256345,0.30488898336977,0.4397854323711052,amacGFP_to_cgreGFP,44,mlp_small
iterative_fancy,3,288,4904,0.4639644649189769,0.6811493704900393,0.21994157346942533,0.47405867291324777,0.3338101478594267,0.47584222802481735,amacGFP_to_cgreGFP,44,mlp_small
iterative_fancy,4,384,4904,0.6125420719998478,0.7826506704781181,-0.029860347066497095,0.34061791838659977,0.23865683012048758,0.33950114664781167,amacGFP_to_cgreGFP,44,mlp_small
iterative_fancy,5,480,4904,0.4064705225209091,0.6375504078274197,0.3166055157174773,0.5579805675204705,0.39970405702434536,0.5753638960413222,amacGFP_to_cgreGFP,44,mlp_small
iterative_fancy,6,576,4904,0.5016578879275382,0.7082781148161633,0.15656802987758078,0.4226106797884586,0.29765325218791255,0.42287362125869843,amacGFP_to_cgreGFP,44,mlp_small
iterative_fancy,7,672,4904,0.5091921340463845,0.7135769993815555,0.14390078353235103,0.4685131987790624,0.3315572048274077,0.4691499186293453,amacGFP_to_cgreGFP,44,mlp_small
iterative_fancy,8,768,4904,0.43878604011008987,0.6624092693419151,0.26227378622276354,0.5443577454889927,0.38925136946235595,0.5459021881532113,amacGFP_to_cgreGFP,44,mlp_small
iterative_fancy,9,864,4904,0.47339133590528776,0.6880344002339475,0.2040922774463506,0.5603772005458693,0.39911266933894585,0.5639674444009476,amacGFP_to_cgreGFP,44,mlp_small
iterative_fancy,10,960,4904,0.44407353101598246,0.6663884235308882,0.25338398506726867,0.5274557567254183,0.3748359235305161,0.5192261258374086,amacGFP_to_cgreGFP,44,mlp_small
iterative_random,1,96,4904,0.5929603987631197,0.7700392189772672,0.0030621079248468464,0.47636252988836847,0.33852578408673195,0.47948501802636573,amacGFP_to_cgreGFP,44,mlp_small
iterative_random,2,192,4904,0.42846568167211346,0.6545729001968486,0.2796252930149169,0.5459041493183031,0.3877861113584019,0.5537813780099593,amacGFP_to_cgreGFP,44,mlp_small
iterative_random,3,288,4904,0.4398082249027514,0.6631803863978122,0.26055519800906,0.5539954830843217,0.39337863546271296,0.5591541473116112,amacGFP_to_cgreGFP,44,mlp_small
iterative_random,4,384,4904,0.423160782646966,0.650508095758205,0.2885443622526499,0.5555021184213119,0.394179108849564,0.5577634551449606,amacGFP_to_cgreGFP,44,mlp_small
iterative_random,5,480,4904,0.46350065960390496,0.6808088275014543,0.220721364319043,0.5175444701211592,0.3653411770887293,0.5276215526652039,amacGFP_to_cgreGFP,44,mlp_small
iterative_random,6,576,4904,0.40126381638705555,0.6334538786581511,0.3253594943112692,0.604716803462314,0.432014773604851,0.611137186460681,amacGFP_to_cgreGFP,44,mlp_small
iterative_random,7,672,4904,0.5114580812860746,0.7151629753322487,0.1400910709960631,0.6304177938747773,0.45225606884112873,0.6408069278026061,amacGFP_to_cgreGFP,44,mlp_small
iterative_random,8,768,4904,0.4095510736958116,0.6399617751833399,0.31142621841340246,0.6159678454343561,0.44151437136000143,0.6053247377666899,amacGFP_to_cgreGFP,44,mlp_small
iterative_random,9,864,4904,0.3869024526471983,0.622014833140817,0.34950509952201025,0.639745099490483,0.45873448360567465,0.6423847273053169,amacGFP_to_cgreGFP,44,mlp_small
iterative_random,10,960,4904,0.4211805551295238,0.6489842487530216,0.2918736973164856,0.6210224189418622,0.4459363804462259,0.608650016199915,amacGFP_to_cgreGFP,44,mlp_small
source_only,0,0,4904,1.0505252736000847,1.02495135182119,-0.7662367571580926,-0.44405131247461155,-0.3173262262853356,-0.4749144532823428,amacGFP_to_cgreGFP,45,aubin_1_10_1
oneshot_fancy,1,960,4904,0.43318022931421174,0.6581642874801182,0.2716987751594151,0.46418214950758285,0.33053248922304995,0.5426355303019605,amacGFP_to_cgreGFP,45,aubin_1_10_1
oneshot_random,1,960,4904,0.3244218895616289,0.5695804504735296,0.4545529930881369,0.649868421980448,0.46911253989283785,0.6780505978441314,amacGFP_to_cgreGFP,45,aubin_1_10_1
iterative_fancy,1,96,4904,0.7982683685576831,0.8934586552032966,-0.34211995661128447,-0.10201427578852575,-0.07748212564257456,0.15305993957065814,amacGFP_to_cgreGFP,45,aubin_1_10_1
iterative_fancy,2,192,4904,0.4783364128361861,0.691618690346195,0.19577817319601143,0.5240901146156541,0.3730168340606935,0.5388478585449261,amacGFP_to_cgreGFP,45,aubin_1_10_1
iterative_fancy,3,288,4904,0.3934682590957182,0.6272704832014003,0.3384660802987791,0.5613677019254508,0.4012256746033998,0.5862287810887824,amacGFP_to_cgreGFP,45,aubin_1_10_1
iterative_fancy,4,384,4904,0.4458698856393033,0.6677348917342146,0.250363793507548,0.5425452140216195,0.38782151122146563,0.5616509684856743,amacGFP_to_cgreGFP,45,aubin_1_10_1
iterative_fancy,5,480,4904,0.46398666135910405,0.6811656636671465,0.2199042548351995,0.557122118433827,0.39908221904293156,0.5641830522562441,amacGFP_to_cgreGFP,45,aubin_1_10_1
iterative_fancy,6,576,4904,0.414959063832954,0.6441731629251206,0.3023338232063496,0.5449396663865639,0.38809483843945136,0.5513513649675472,amacGFP_to_cgreGFP,45,aubin_1_10_1
iterative_fancy,7,672,4904,0.38718390297652766,0.622241032861485,0.3490319001336013,0.5828023715340765,0.4171489654795974,0.6094925383784372,amacGFP_to_cgreGFP,45,aubin_1_10_1
iterative_fancy,8,768,4904,0.3860858657567394,0.6213580817505631,0.3508780182109622,0.5813436493109839,0.4133246428909961,0.6030542865784083,amacGFP_to_cgreGFP,45,aubin_1_10_1
iterative_fancy,9,864,4904,0.4138189869482945,0.6432876393560617,0.30425062211664256,0.5949525209260826,0.4255080167250199,0.6105952407211315,amacGFP_to_cgreGFP,45,aubin_1_10_1
iterative_fancy,10,960,4904,0.43633823356829504,0.6605590311003968,0.26638925683273185,0.5946621254501848,0.42537940554111153,0.6100342686702285,amacGFP_to_cgreGFP,45,aubin_1_10_1
iterative_random,1,96,4904,0.46004215446753277,0.6782640742863599,0.22653611152236075,0.4472366007373412,0.31438157833347263,0.4994043588188072,amacGFP_to_cgreGFP,45,aubin_1_10_1
iterative_random,2,192,4904,0.4412239290278716,0.6642468886098538,0.2581749900065635,0.5343859744542411,0.3801570821834484,0.5733814015149167,amacGFP_to_cgreGFP,45,aubin_1_10_1
iterative_random,3,288,4904,0.4097455711701683,0.6401137173738494,0.3110992119176844,0.5660718485463496,0.4038049144561562,0.6010965406989555,amacGFP_to_cgreGFP,45,aubin_1_10_1
iterative_random,4,384,4904,0.3848171850602002,0.6203363483306457,0.3530110373163907,0.5797697511389067,0.4161237284743975,0.6044342034198618,amacGFP_to_cgreGFP,45,aubin_1_10_1
iterative_random,5,480,4904,0.4088707343220991,0.6394300073675766,0.3125700656290672,0.5918118618840683,0.42445986503603456,0.6203904239402934,amacGFP_to_cgreGFP,45,aubin_1_10_1
iterative_random,6,576,4904,0.3884807042133501,0.6232822027086528,0.34685160226855827,0.5903438904610019,0.42397530231164376,0.6061885521386066,amacGFP_to_cgreGFP,45,aubin_1_10_1
iterative_random,7,672,4904,0.359210626830237,0.5993418280332493,0.39606306615057485,0.6196046608541149,0.4446606443666134,0.6419077356782212,amacGFP_to_cgreGFP,45,aubin_1_10_1
iterative_random,8,768,4904,0.37562900685226286,0.6128858024561042,0.3684590217580823,0.6441110263325526,0.46306534564571467,0.6749010910981459,amacGFP_to_cgreGFP,45,aubin_1_10_1
iterative_random,9,864,4904,0.4007805304294713,0.633072294789048,0.32617203775401615,0.6189368449987395,0.44473051609771125,0.6061419666876977,amacGFP_to_cgreGFP,45,aubin_1_10_1
iterative_random,10,960,4904,0.3246967341010799,0.5698216686833522,0.4540908999426584,0.665146690215207,0.4807744057479783,0.6981811873532718,amacGFP_to_cgreGFP,45,aubin_1_10_1
source_only,0,0,4904,13.486484080791483,3.6723948699440645,-21.67467952169358,0.4430177570361391,0.31417835256315857,0.4650041335982943,amacGFP_to_cgreGFP,45,aubin_linear
oneshot_fancy,1,960,4904,0.4965427158624298,0.7046578714968207,0.16516811323361624,0.5651617364991666,0.4057635262924762,0.5569713440777263,amacGFP_to_cgreGFP,45,aubin_linear
oneshot_random,1,960,4904,0.42389151507578154,0.6510695163158705,0.2873157897395884,0.620322799494151,0.4460868100121719,0.6086282961429178,amacGFP_to_cgreGFP,45,aubin_linear
iterative_fancy,1,96,4904,0.6089858510936194,0.7803754552096186,-0.02388131139834071,0.4745902814685044,0.3369881730456609,0.49429425403031435,amacGFP_to_cgreGFP,45,aubin_linear
iterative_fancy,2,192,4904,0.5841691738450556,0.7643096060138559,0.017842699102360804,0.47643702862482434,0.33827899054445404,0.4952686067108304,amacGFP_to_cgreGFP,45,aubin_linear
iterative_fancy,3,288,4904,0.513367471502784,0.7164966653814824,0.13688083391823158,0.4921104882761168,0.35122352013681374,0.5078059537414557,amacGFP_to_cgreGFP,45,aubin_linear
iterative_fancy,4,384,4904,0.5142836444783082,0.7171357224949181,0.13534048222374984,0.4657126385550776,0.33174231972681373,0.4845212106431512,amacGFP_to_cgreGFP,45,aubin_linear
iterative_fancy,5,480,4904,0.6163123416736814,0.7850556296681666,-0.036199260607818085,0.49102862747223075,0.349143034342404,0.5053784881588729,amacGFP_to_cgreGFP,45,aubin_linear
iterative_fancy,6,576,4904,0.5503302695640364,0.7418424829868107,0.07473568213195592,0.5008467292411573,0.35616687066166985,0.5126570195157789,amacGFP_to_cgreGFP,45,aubin_linear
iterative_fancy,7,672,4904,0.596408078346963,0.7722746132995458,-0.002734438394328853,0.5085900589447582,0.36096864755283564,0.5156989395321252,amacGFP_to_cgreGFP,45,aubin_linear
iterative_fancy,8,768,4904,0.5934591582604091,0.7703630042132145,0.0022235489874922187,0.5127573097031983,0.3653126007701552,0.5160532333018835,amacGFP_to_cgreGFP,45,aubin_linear
iterative_fancy,9,864,4904,0.44007176123277414,0.6633790479301966,0.26011211723353744,0.5220318854925409,0.37215064704739353,0.5218558352107695,amacGFP_to_cgreGFP,45,aubin_linear
iterative_fancy,10,960,4904,0.4510872318512644,0.6716302791352281,0.2415919258657484,0.5517367047336312,0.39520743180506007,0.546482697044662,amacGFP_to_cgreGFP,45,aubin_linear
iterative_random,1,96,4904,0.5286644046503872,0.7270931196555137,0.1111622660017283,0.48915620324691017,0.3460562029465372,0.5125950141781581,amacGFP_to_cgreGFP,45,aubin_linear
iterative_random,2,192,4904,0.5055229337443224,0.711001359875157,0.1500697702342786,0.513855894360505,0.365966653634381,0.5237682841160037,amacGFP_to_cgreGFP,45,aubin_linear
iterative_random,3,288,4904,0.4126425710853144,0.6423726107838926,0.3062285173573528,0.5574176347005585,0.39728653555129334,0.5602841823368092,amacGFP_to_cgreGFP,45,aubin_linear
iterative_random,4,384,4904,0.42015260893929285,0.6481917995001887,0.2936019721054819,0.5877932893357645,0.42119255087698537,0.5816011755046938,amacGFP_to_cgreGFP,45,aubin_linear
iterative_random,5,480,4904,0.4083250307574005,0.6390031539494938,0.31348755111818816,0.5835645874873944,0.41795884042088843,0.5789144757744131,amacGFP_to_cgreGFP,45,aubin_linear
iterative_random,6,576,4904,0.42303373502505726,0.6504104358211492,0.28875796604245274,0.6061771024977999,0.43553558835021594,0.5956580875154924,amacGFP_to_cgreGFP,45,aubin_linear
iterative_random,7,672,4904,0.43349497463628256,0.6584033525402818,0.2711695972605531,0.6226023410703069,0.4472378425790162,0.6062327868649278,amacGFP_to_cgreGFP,45,aubin_linear
iterative_random,8,768,4904,0.39725130147386334,0.6302787490260665,0.3321056921481268,0.6356073686377453,0.457556396826901,0.6187567469875381,amacGFP_to_cgreGFP,45,aubin_linear
iterative_random,9,864,4904,0.3721393863445511,0.6100322830347187,0.37432608289801217,0.6393842093370307,0.4609230725883816,0.6214447572163209,amacGFP_to_cgreGFP,45,aubin_linear
iterative_random,10,960,4904,0.4239032889987512,0.6510785582391354,0.28729599437050257,0.650828769462691,0.4698629820912114,0.6288910333679492,amacGFP_to_cgreGFP,45,aubin_linear
source_only,0,0,4904,7.5706800391984315,2.7514868778895587,-11.728502300655418,0.34374047939951696,0.2430316331482757,0.3310083451301744,amacGFP_to_cgreGFP,45,mlp_small
oneshot_fancy,1,960,4904,0.7594174913328607,0.8714456330333297,-0.2768003977898563,0.324150948078812,0.22882465397051324,0.3056931772719653,amacGFP_to_cgreGFP,45,mlp_small
oneshot_random,1,960,4904,0.5096239644179906,0.7138795167379371,0.1431747518086457,0.6378377342699335,0.4592797578049974,0.6482146158898981,amacGFP_to_cgreGFP,45,mlp_small
iterative_fancy,1,96,4904,1.1881416553665325,1.0900191077988186,-0.9976096883680565,0.3595957675917914,0.25321215505392725,0.35039570016577315,amacGFP_to_cgreGFP,45,mlp_small
iterative_fancy,2,192,4904,0.7284845113112601,0.8535130410903281,-0.22479311372389832,0.39662909705363136,0.2792990981389068,0.38437777664606526,amacGFP_to_cgreGFP,45,mlp_small
iterative_fancy,3,288,4904,0.698032056605638,0.8354831276606596,-0.1735937316638747,0.4764490110595165,0.33632612685795454,0.4699138364945024,amacGFP_to_cgreGFP,45,mlp_small
iterative_fancy,4,384,4904,0.5575786045637354,0.7467118618073074,0.06254913505271131,0.40308141381710194,0.28247174063653874,0.4053355166130662,amacGFP_to_cgreGFP,45,mlp_small
iterative_fancy,5,480,4904,0.44409440639097497,0.6664040864152733,0.2533488875255362,0.5060189837988494,0.3591729855572539,0.5040851500891378,amacGFP_to_cgreGFP,45,mlp_small
iterative_fancy,6,576,4904,0.4341109568224405,0.6588709713004819,0.27013395308683585,0.5154486191386703,0.3652092321116093,0.5205408295481752,amacGFP_to_cgreGFP,45,mlp_small
iterative_fancy,7,672,4904,0.6179343409766701,0.7860879982398091,-0.038926310457086055,0.44781477870987424,0.3150724339674087,0.44991584219512043,amacGFP_to_cgreGFP,45,mlp_small
iterative_fancy,8,768,4904,0.46899692262722054,0.6848334999306186,0.211480556865148,0.5822884039239147,0.4152726836343489,0.582493642527127,amacGFP_to_cgreGFP,45,mlp_small
iterative_fancy,9,864,4904,0.48273850911904026,0.6947938608818016,0.18837697642453244,0.5055798013914817,0.3587643916153167,0.49501368246654553,amacGFP_to_cgreGFP,45,mlp_small
iterative_fancy,10,960,4904,0.38863346609645655,0.6234047369858979,0.3465947653700888,0.5920396070733669,0.42321326711797486,0.5961379639084595,amacGFP_to_cgreGFP,45,mlp_small
iterative_random,1,96,4904,0.5504829252008051,0.7419453653745707,0.07447902386430261,0.30846452341921937,0.21660737523701545,0.31076734186878135,amacGFP_to_cgreGFP,45,mlp_small
iterative_random,2,192,4904,0.5284022178328028,0.7269127993320814,0.11160307785661405,0.3636702936962059,0.2566820615735935,0.35444616736520307,amacGFP_to_cgreGFP,45,mlp_small
iterative_random,3,288,4904,0.4669278017009796,0.6833211556076539,0.2149593474537912,0.5531195279601584,0.39435164155139263,0.5591855126372538,amacGFP_to_cgreGFP,45,mlp_small
iterative_random,4,384,4904,0.6643768464990877,0.8150931520379052,-0.11700959165897973,0.4711689832466998,0.33338300242002533,0.479486850047099,amacGFP_to_cgreGFP,45,mlp_small
iterative_random,5,480,4904,0.495738585309287,0.7040870580470053,0.1665200892176375,0.5523794261778211,0.39289677425894565,0.5542203146497784,amacGFP_to_cgreGFP,45,mlp_small
iterative_random,6,576,4904,0.47351049012212165,0.6881209850906465,0.20389194475295314,0.4910997111808503,0.34811028885601214,0.4866205664010192,amacGFP_to_cgreGFP,45,mlp_small
iterative_random,7,672,4904,0.3944158087345148,0.6280253249149391,0.3368729753603904,0.6144663423354371,0.44256232774221604,0.6151338847150507,amacGFP_to_cgreGFP,45,mlp_small
iterative_random,8,768,4904,0.5333332217122607,0.7302966669184933,0.10331263447514116,0.6407417624021006,0.4627617663348702,0.6447771824807766,amacGFP_to_cgreGFP,45,mlp_small
iterative_random,9,864,4904,0.4731392086990369,0.6878511530113451,0.20451617618572482,0.6479861963785666,0.46884414247237427,0.6478625355151715,amacGFP_to_cgreGFP,45,mlp_small
iterative_random,10,960,4904,0.4920927641468785,0.701493238846162,0.17264976882544292,0.6502461418865091,0.47004281887645594,0.6452445933994413,amacGFP_to_cgreGFP,45,mlp_small
source_only,0,0,4904,0.9441798002528724,0.9716891479546699,-0.587439265366642,-0.4544773439220709,-0.32313087846979194,-0.4719354899987761,amacGFP_to_cgreGFP,46,aubin_1_10_1
oneshot_fancy,1,960,4904,0.4619354879657756,0.67965836121229,0.22335287043126795,0.44620100625460346,0.31723782207527756,0.4906084010684638,amacGFP_to_cgreGFP,46,aubin_1_10_1
oneshot_random,1,960,4904,0.359911413596288,0.599926173454941,0.3948848409557755,0.6451589993418766,0.46438715757293497,0.6373781183883915,amacGFP_to_cgreGFP,46,aubin_1_10_1
iterative_fancy,1,96,4904,1.7654973157942682,1.3287201796444081,-1.968311503000411,0.46643280283203864,0.3314270183153065,0.5068831193017674,amacGFP_to_cgreGFP,46,aubin_1_10_1
iterative_fancy,2,192,4904,0.3959085421683349,0.6292126366883734,0.3343632588160024,0.5383129782061785,0.3801978232364168,0.5795508225483637,amacGFP_to_cgreGFP,46,aubin_1_10_1
iterative_fancy,3,288,4904,0.59435832255229,0.7709463811136869,0.0007117938084837405,0.5393488879833619,0.38192434113406704,0.5410186658784755,amacGFP_to_cgreGFP,46,aubin_1_10_1
iterative_fancy,4,384,4904,0.3867449607379206,0.6218882220607821,0.3497698889622186,0.569574689904527,0.40604254885441754,0.599401014266673,amacGFP_to_cgreGFP,46,aubin_1_10_1
iterative_fancy,5,480,4904,0.38783650963093774,0.6227652122838412,0.3479346796383389,0.5612437949626111,0.4011811009780574,0.5932475346075118,amacGFP_to_cgreGFP,46,aubin_1_10_1
iterative_fancy,6,576,4904,0.4204848389845418,0.6484480233484731,0.2930433973310359,0.5436546267710699,0.3875701293163239,0.553624128978305,amacGFP_to_cgreGFP,46,aubin_1_10_1
iterative_fancy,7,672,4904,0.41450045959601084,0.6438171010434647,0.3031048695396773,0.566917253173051,0.4061637167356306,0.5878415857415098,amacGFP_to_cgreGFP,46,aubin_1_10_1
iterative_fancy,8,768,4904,0.39962139335449126,0.63215614633925,0.32812088235572523,0.6004204146121618,0.4317037153871288,0.6196211361381928,amacGFP_to_cgreGFP,46,aubin_1_10_1
iterative_fancy,9,864,4904,0.4243621836474074,0.6514308740360771,0.2865244597711091,0.5972777208797273,0.4287792297786488,0.6119682373567916,amacGFP_to_cgreGFP,46,aubin_1_10_1
iterative_fancy,10,960,4904,0.3573950325936165,0.597825252555976,0.39911560506362187,0.6090474635475954,0.43841352433882735,0.636510052404099,amacGFP_to_cgreGFP,46,aubin_1_10_1
iterative_random,1,96,4904,0.4136923184679877,0.6431891778225033,0.30446358845977917,0.5241452509328347,0.3729104045889011,0.5618346012255503,amacGFP_to_cgreGFP,46,aubin_1_10_1
iterative_random,2,192,4904,0.4192662539498475,0.6475077250117156,0.29509219114312957,0.5475389960779088,0.39019380308112883,0.5841650724225136,amacGFP_to_cgreGFP,46,aubin_1_10_1
iterative_random,3,288,4904,0.3868628254701445,0.6219829784408448,0.3495717242653208,0.5553757038157028,0.3983328677445416,0.6076583042833444,amacGFP_to_cgreGFP,46,aubin_1_10_1
iterative_random,4,384,4904,0.3745153723702432,0.6119766109666637,0.37033136334339345,0.5882680011947641,0.4215025686670023,0.6299839867377712,amacGFP_to_cgreGFP,46,aubin_1_10_1
iterative_random,5,480,4904,0.3603945168524901,0.6003286740215646,0.3940726046868822,0.60762592778295,0.4343666051468657,0.6446653048755082,amacGFP_to_cgreGFP,46,aubin_1_10_1
iterative_random,6,576,4904,0.36271753020367675,0.6022603508481003,0.39016694751580416,0.6146969202899445,0.44056399910136357,0.6505860197720754,amacGFP_to_cgreGFP,46,aubin_1_10_1
iterative_random,7,672,4904,0.33727539283820235,0.5807541586921289,0.432942537332478,0.6275184097231047,0.4510755316805664,0.6672559703604315,amacGFP_to_cgreGFP,46,aubin_1_10_1
iterative_random,8,768,4904,0.3474029142286143,0.5894089532986535,0.41591524537847235,0.617025354563087,0.44193467405727654,0.6507971996595682,amacGFP_to_cgreGFP,46,aubin_1_10_1
iterative_random,9,864,4904,0.33080508195176833,0.5751565716844139,0.4438210009021326,0.6368924779795087,0.45656059750166256,0.667145966876141,amacGFP_to_cgreGFP,46,aubin_1_10_1
iterative_random,10,960,4904,0.34699504410834686,0.5890628524260776,0.4166009929912776,0.6459690273281484,0.4659457329593569,0.6778115492001402,amacGFP_to_cgreGFP,46,aubin_1_10_1
source_only,0,0,4904,21.651394889155153,4.653105940031363,-35.40225557441326,0.446984222486901,0.3149306858572922,0.4696678814914693,amacGFP_to_cgreGFP,46,aubin_linear
oneshot_fancy,1,960,4904,0.43700375450129697,0.6610625949948288,0.2652703237008349,0.6136696437579159,0.4413139659733956,0.5952941349225402,amacGFP_to_cgreGFP,46,aubin_linear
oneshot_random,1,960,4904,0.37092956173674074,0.6090398687579827,0.37636014789932926,0.6556619255916426,0.4737638262980755,0.6305490316295368,amacGFP_to_cgreGFP,46,aubin_linear
iterative_fancy,1,96,4904,0.5327736541764383,0.7299134566347152,0.10425342930865811,0.47724697482033673,0.33772028100254214,0.49704167943287714,amacGFP_to_cgreGFP,46,aubin_linear
iterative_fancy,2,192,4904,0.6672500216057036,0.8168537332997282,-0.12184022982693743,0.46912026542001506,0.3324298271729537,0.48739074440316893,amacGFP_to_cgreGFP,46,aubin_linear
iterative_fancy,3,288,4904,0.5190587603336665,0.7204573272121441,0.12731213168771793,0.4905733500714448,0.3481311037062096,0.4975515775639341,amacGFP_to_cgreGFP,46,aubin_linear
iterative_fancy,4,384,4904,0.5456298587150012,0.7386676239791489,0.08263843195049192,0.4846743141708295,0.3437612199439965,0.48872034412472576,amacGFP_to_cgreGFP,46,aubin_linear
iterative_fancy,5,480,4904,0.5985401637264606,0.7736537750999866,-0.006319090435838559,0.47596455952902034,0.33823082008475847,0.47854523016180683,amacGFP_to_cgreGFP,46,aubin_linear
iterative_fancy,6,576,4904,0.6056241712143656,0.7782185883248778,-0.018229355450446905,0.49726123267149913,0.35376162359603996,0.4996677205665533,amacGFP_to_cgreGFP,46,aubin_linear
iterative_fancy,7,672,4904,0.5410730662042504,0.7355766895465424,0.09029971781337232,0.5121795273869528,0.3636939085665419,0.5127899374270921,amacGFP_to_cgreGFP,46,aubin_linear
iterative_fancy,8,768,4904,0.5950505011423309,0.7713951653610042,-0.0004519585532831716,0.49304731282822706,0.34921391690906534,0.4992293429810206,amacGFP_to_cgreGFP,46,aubin_linear
iterative_fancy,9,864,4904,0.46435298096158184,0.6814345023269528,0.2192883656576392,0.5117504767870209,0.3633494933545885,0.5141645287211553,amacGFP_to_cgreGFP,46,aubin_linear
iterative_fancy,10,960,4904,0.5227596412640568,0.7230211900518939,0.12108988068872939,0.5174423754286781,0.3682028660777886,0.517275306253604,amacGFP_to_cgreGFP,46,aubin_linear
iterative_random,1,96,4904,0.4903000084451781,0.7002142589559128,0.1756639095572473,0.5174095192069618,0.36780447697268415,0.5269902739893295,amacGFP_to_cgreGFP,46,aubin_linear
iterative_random,2,192,4904,0.5847242951690352,0.7646726719119987,0.016909379636628197,0.5419692965661519,0.3865919838688318,0.5429960714561136,amacGFP_to_cgreGFP,46,aubin_linear
iterative_random,3,288,4904,0.48132388759001804,0.6937750987099623,0.19075536426994222,0.5490341425378609,0.39226383215249316,0.5503637159487632,amacGFP_to_cgreGFP,46,aubin_linear
iterative_random,4,384,4904,0.4405500669697289,0.6637394571439376,0.2593079469817604,0.5746510012162996,0.41105786978696,0.5703631407117502,amacGFP_to_cgreGFP,46,aubin_linear
iterative_random,5,480,4904,0.4045226477734366,0.6360209491623972,0.31988045641979457,0.5857367446973355,0.4178637089780061,0.5839606081968534,amacGFP_to_cgreGFP,46,aubin_linear
iterative_random,6,576,4904,0.3921852329113416,0.6262469424367209,0.3406232183174356,0.6003307565921538,0.42932969364092805,0.5944048856504882,amacGFP_to_cgreGFP,46,aubin_linear
iterative_random,7,672,4904,0.3907476629695116,0.6250981226731621,0.34304018908058964,0.6067608879912193,0.4344603421060145,0.5980923028616072,amacGFP_to_cgreGFP,46,aubin_linear
iterative_random,8,768,4904,0.38252006006410844,0.6184820612306459,0.35687316867661956,0.6160508211435145,0.4411395791640428,0.6034834530329094,amacGFP_to_cgreGFP,46,aubin_linear
iterative_random,9,864,4904,0.38556481522708097,0.6209386565733213,0.3517540548194539,0.6207698234100436,0.444261174752947,0.6058907285661428,amacGFP_to_cgreGFP,46,aubin_linear
iterative_random,10,960,4904,0.4904922454434472,0.7003515156287214,0.17534070357547693,0.6302487797660533,0.4532771430815344,0.6131389772543955,amacGFP_to_cgreGFP,46,aubin_linear
source_only,0,0,4904,9.821301622092856,3.1338955984673222,-15.51244797626866,0.30306446374055196,0.21430880673457015,0.30236501573895536,amacGFP_to_cgreGFP,46,mlp_small
oneshot_fancy,1,960,4904,0.7679814834712612,0.8763455274440904,-0.29119894495761733,0.32898290218899046,0.23127786729437694,0.3077085432412169,amacGFP_to_cgreGFP,46,mlp_small
oneshot_random,1,960,4904,0.3738378172777035,0.6114227811242426,0.37147052937729785,0.6468967241114564,0.46579965683527386,0.6248381565272147,amacGFP_to_cgreGFP,46,mlp_small
iterative_fancy,1,96,4904,0.5839353322674506,0.7641566150125579,0.01823585441246811,0.3259361175022567,0.22925106288359523,0.3233178737038345,amacGFP_to_cgreGFP,46,mlp_small
iterative_fancy,2,192,4904,0.6000133623138588,0.7746052945299682,-0.008795963254651484,0.3635653902638773,0.2550650191386258,0.352199791146227,amacGFP_to_cgreGFP,46,mlp_small
iterative_fancy,3,288,4904,0.5663366136636603,0.7525533958887305,0.04782438927024946,0.48130797089916216,0.3402014537165852,0.4858951410073777,amacGFP_to_cgreGFP,46,mlp_small
iterative_fancy,4,384,4904,0.5094130516977967,0.7137317785399475,0.14352935707928527,0.39772778728218955,0.27883462145425597,0.3924290523983253,amacGFP_to_cgreGFP,46,mlp_small
iterative_fancy,5,480,4904,0.5982024818410949,0.773435505935107,-0.005751349541689876,0.5042604805839909,0.35893718610532044,0.4966957504711199,amacGFP_to_cgreGFP,46,mlp_small
iterative_fancy,6,576,4904,0.4751705344136951,0.6893261451691028,0.20110093027670006,0.4731741997784401,0.3353808289748344,0.46591135847734844,amacGFP_to_cgreGFP,46,mlp_small
iterative_fancy,7,672,4904,0.6487538350750962,0.8054525653786796,-0.09074279187034451,0.4257118708819042,0.2993526104508925,0.41728432888741546,amacGFP_to_cgreGFP,46,mlp_small
iterative_fancy,8,768,4904,0.4705539843810212,0.6859693756874436,0.20886268581355183,0.4578610448810781,0.3227807329301564,0.46022772449791904,amacGFP_to_cgreGFP,46,mlp_small
iterative_fancy,9,864,4904,0.42245165545386676,0.6499628108237169,0.289736610117054,0.5727601842199381,0.4082141389848114,0.5767841629904356,amacGFP_to_cgreGFP,46,mlp_small
iterative_fancy,10,960,4904,0.4021648019301201,0.6341646489123468,0.3238446770823842,0.5983495064268238,0.42785981183584193,0.6060031390171463,amacGFP_to_cgreGFP,46,mlp_small
iterative_random,1,96,4904,0.5032176899131536,0.7093783827501045,0.15394555170393243,0.4543398946580842,0.32221567182852956,0.4561871455952158,amacGFP_to_cgreGFP,46,mlp_small
iterative_random,2,192,4904,0.5380360020914766,0.733509374235583,0.09540590079119282,0.39593748286317143,0.280851951361468,0.3922058046163207,amacGFP_to_cgreGFP,46,mlp_small
iterative_random,3,288,4904,0.4704671745900514,0.685906097501729,0.20900863817428517,0.4993353645378032,0.35332095439369937,0.5141735283991612,amacGFP_to_cgreGFP,46,mlp_small
iterative_random,4,384,4904,0.47572291714334647,0.6897266974268478,0.20017221517993133,0.5562102831928722,0.3960569047091089,0.5648296852363035,amacGFP_to_cgreGFP,46,mlp_small
iterative_random,5,480,4904,0.3847552792084877,0.6202864493187705,0.353115118953954,0.5824315015006156,0.41488461013995165,0.5954028320356088,amacGFP_to_cgreGFP,46,mlp_small
iterative_random,6,576,4904,0.4124149652159417,0.642195426031626,0.3066111886387902,0.578506591211788,0.41145531209016356,0.5946550023789494,amacGFP_to_cgreGFP,46,mlp_small
iterative_random,7,672,4904,0.453684895911932,0.6735613527451912,0.2372245014334199,0.5391919699466555,0.38115569986109793,0.5525530812963109,amacGFP_to_cgreGFP,46,mlp_small
iterative_random,8,768,4904,0.3765451447702654,0.613632744212909,0.3669187290054319,0.6378396119191874,0.4577668765847936,0.6526478437115757,amacGFP_to_cgreGFP,46,mlp_small
iterative_random,9,864,4904,0.3972974170059434,0.630315331406387,0.33202815860382995,0.6491138046689063,0.46627947616453846,0.6547344145027219,amacGFP_to_cgreGFP,46,mlp_small
iterative_random,10,960,4904,0.36833722058347806,0.6069079177136166,0.38071862298512626,0.659034405346168,0.47660289705995645,0.6502068039321613,amacGFP_to_cgreGFP,46,mlp_small
source_only,0,0,6281,0.6269078542238978,0.7917751285711732,-1.2898646864682166,-0.20627312040690957,-0.13926836175424806,-0.2908169718649937,amacGFP_to_ppluGFP,42,aubin_1_10_1
oneshot_fancy,1,960,6281,0.4569130879320642,0.6759534658037225,-0.6689360929064223,0.41038459523957177,0.2836073305753053,0.6085393624338402,amacGFP_to_ppluGFP,42,aubin_1_10_1
oneshot_random,1,960,6281,0.14250834592595057,0.37750277605065446,0.47946922874843223,0.5757495509283393,0.40847114140650725,0.7203593709694825,amacGFP_to_ppluGFP,42,aubin_1_10_1
iterative_fancy,1,96,6281,0.5936046904294163,0.77045745530134,-1.1682204317235407,0.2540597861597562,0.1711406703962919,0.4607321056795236,amacGFP_to_ppluGFP,42,aubin_1_10_1
iterative_fancy,2,192,6281,0.9626931794808355,0.9811692919577312,-2.51636544468889,0.38302194239982934,0.2591742423512779,0.43801598319969987,amacGFP_to_ppluGFP,42,aubin_1_10_1
iterative_fancy,3,288,6281,0.28612936134703293,0.5349106106136173,-0.04512571647614605,0.3954591548580691,0.26906222351261616,0.5187763117836035,amacGFP_to_ppluGFP,42,aubin_1_10_1
iterative_fancy,4,384,6281,0.21648349258400834,0.4652778659940835,0.2092651232052024,0.43706878936878946,0.30045713895639886,0.5402728938101402,amacGFP_to_ppluGFP,42,aubin_1_10_1
iterative_fancy,5,480,6281,0.3353440416053472,0.579088975551553,-0.22488891073194783,0.4289668983169075,0.29507064093604884,0.5012325807152214,amacGFP_to_ppluGFP,42,aubin_1_10_1
iterative_fancy,6,576,6281,0.19763720471909688,0.44456406143445387,0.27810370731626133,0.4754211023643789,0.328846078950916,0.586504699709909,amacGFP_to_ppluGFP,42,aubin_1_10_1
iterative_fancy,7,672,6281,0.44826411260392784,0.6695252889950669,-0.6373445550997177,0.49797359561461574,0.34681874397342455,0.5467047641201732,amacGFP_to_ppluGFP,42,aubin_1_10_1
iterative_fancy,8,768,6281,0.31042323545380457,0.5571563833016764,-0.13386233708121065,0.4906836475965404,0.3419980417040789,0.5448288506274623,amacGFP_to_ppluGFP,42,aubin_1_10_1
iterative_fancy,9,864,6281,0.19978848634965163,0.44697705349341105,0.2702458637699342,0.5282382608060084,0.36987194660534883,0.6185200112696778,amacGFP_to_ppluGFP,42,aubin_1_10_1
iterative_fancy,10,960,6281,0.16876849486754236,0.4108144287479961,0.3835505266336062,0.5407134055820647,0.38080319759501746,0.6364007052351941,amacGFP_to_ppluGFP,42,aubin_1_10_1
iterative_random,1,96,6281,0.24122469051260492,0.49114630255414216,0.1188945925827225,0.3596098638072681,0.2454051965367166,0.48965071712231795,amacGFP_to_ppluGFP,42,aubin_1_10_1
iterative_random,2,192,6281,0.23414747230842425,0.48388787162774005,0.14474507752240473,0.382790908923583,0.2603103942800991,0.5145523772902679,amacGFP_to_ppluGFP,42,aubin_1_10_1
iterative_random,3,288,6281,0.2782457966362365,0.5274900915052685,-0.016329943200840358,0.42905309199468905,0.293879657124323,0.5338739730018344,amacGFP_to_ppluGFP,42,aubin_1_10_1
iterative_random,4,384,6281,0.20757808130589847,0.45560737626370634,0.24179332757658445,0.44487181899697587,0.3040444219415637,0.593659765018106,amacGFP_to_ppluGFP,42,aubin_1_10_1
iterative_random,5,480,6281,0.16481996379605826,0.4059802505000191,0.397973063858327,0.49227100586136285,0.34070254744492096,0.65092972534406,amacGFP_to_ppluGFP,42,aubin_1_10_1
iterative_random,6,576,6281,0.27698980052787997,0.5262982049445732,-0.011742249625956713,-0.21498014362110526,-0.1434627574659984,-0.27750684593339586,amacGFP_to_ppluGFP,42,aubin_1_10_1
iterative_random,7,672,6281,0.1739393491699236,0.41706036633792426,0.36466329051729784,0.5077164607095278,0.35288171891608383,0.6371962518615839,amacGFP_to_ppluGFP,42,aubin_1_10_1
iterative_random,8,768,6281,0.26587158142159295,0.5156273668276277,0.028868530947882,0.5298271038389075,0.3689130642397554,0.6574779144637364,amacGFP_to_ppluGFP,42,aubin_1_10_1
iterative_random,9,864,6281,0.15267680268170747,0.39073879085868535,0.4423275820391043,0.5530084618255012,0.3871108859422251,0.6975063778623048,amacGFP_to_ppluGFP,42,aubin_1_10_1
iterative_random,10,960,6281,0.16683852544522432,0.40845871938939476,0.3905999977741468,0.5798166720781831,0.4086439705270575,0.7096917476294456,amacGFP_to_ppluGFP,42,aubin_1_10_1
source_only,0,0,6281,82.82004836368972,9.100552091147533,-301.511290617634,0.14757999563525645,0.09830107966075431,0.2771627160901111,amacGFP_to_ppluGFP,42,aubin_linear
oneshot_fancy,1,960,6281,0.19707025189855332,0.4439259531707437,0.2801745782327909,0.46778766982316683,0.32477876779666426,0.5748516843980236,amacGFP_to_ppluGFP,42,aubin_linear
oneshot_random,1,960,6281,0.15297147547999898,0.39111568043227185,0.4412512502778666,0.5682917288305827,0.4013157985705291,0.6800695839308482,amacGFP_to_ppluGFP,42,aubin_linear
iterative_fancy,1,96,6281,0.257336154916814,0.5072831112079467,0.06004531650823286,0.3329208408966277,0.22778978376612202,0.41146637469211966,amacGFP_to_ppluGFP,42,aubin_linear
iterative_fancy,2,192,6281,0.2825086925295798,0.5315154678178047,-0.031900739933546474,0.3678138725474948,0.25187881616005475,0.4570835876826594,amacGFP_to_ppluGFP,42,aubin_linear
iterative_fancy,3,288,6281,0.4433412694356268,0.6658387713520645,-0.6193632127825612,0.42290930945167426,0.2905251919155553,0.5036206216303609,amacGFP_to_ppluGFP,42,aubin_linear
iterative_fancy,4,384,6281,0.22069323247943579,0.46977998305529767,0.1938884858560188,0.4462677431814265,0.30687412845512946,0.5300998320097944,amacGFP_to_ppluGFP,42,aubin_linear
iterative_fancy,5,480,6281,0.19988646082446718,0.44708663682162003,0.26988799891221416,0.49022207320159794,0.3391007630516142,0.5743523696300334,amacGFP_to_ppluGFP,42,aubin_linear
iterative_fancy,6,576,6281,0.19287372184250007,0.4391739084263773,0.29550296487895156,0.5070581006564662,0.35152333455544327,0.591849192635248,amacGFP_to_ppluGFP,42,aubin_linear
iterative_fancy,7,672,6281,0.20698384941628908,0.4549547773309882,0.24396383893710072,0.5264834405208793,0.36558591661052564,0.6104138388581091,amacGFP_to_ppluGFP,42,aubin_linear
iterative_fancy,8,768,6281,0.20877290623405487,0.4569167388420508,0.2374290699092685,0.5553698869373048,0.3884362604859475,0.6399743087437485,amacGFP_to_ppluGFP,42,aubin_linear
iterative_fancy,9,864,6281,0.16716327648824023,0.40885605839737804,0.38941380120588653,0.558713457285325,0.3898521530685411,0.6496581903853529,amacGFP_to_ppluGFP,42,aubin_linear
iterative_fancy,10,960,6281,0.1573131025483635,0.3966271581074139,0.4253928774106609,0.5752956960526769,0.4031090103161128,0.6726757692162741,amacGFP_to_ppluGFP,42,aubin_linear
iterative_random,1,96,6281,0.31845389223740483,0.5643171911588418,-0.1631953838025315,0.3398182964630354,0.2295967325962363,0.4408654469805137,amacGFP_to_ppluGFP,42,aubin_linear
iterative_random,2,192,6281,0.2172018002520491,0.46604913931049063,0.2066414084886239,0.3996977512338017,0.2718975663823957,0.5084284050256169,amacGFP_to_ppluGFP,42,aubin_linear
iterative_random,3,288,6281,0.21561094868059952,0.4643392603265413,0.21245220637595408,0.4340964824597409,0.29716644980817397,0.5452812872080086,amacGFP_to_ppluGFP,42,aubin_linear
iterative_random,4,384,6281,0.22144400396440336,0.4705783717558674,0.19114619271125866,0.4498995768811753,0.30723010497204034,0.5722744700956159,amacGFP_to_ppluGFP,42,aubin_linear
iterative_random,5,480,6281,0.21056429401399462,0.4588728516855128,0.2308857867307016,0.4964275530968725,0.3421285954096292,0.6122056300360694,amacGFP_to_ppluGFP,42,aubin_linear
iterative_random,6,576,6281,0.1716534320606191,0.41431079162944706,0.3730129081357756,0.5228383204518826,0.36324124385190565,0.6358244839054934,amacGFP_to_ppluGFP,42,aubin_linear
iterative_random,7,672,6281,0.17326668864371722,0.41625315451503453,0.36712027295030303,0.5347628266631599,0.3715754511525515,0.6524890239570806,amacGFP_to_ppluGFP,42,aubin_linear
iterative_random,8,768,6281,0.2303189519025031,0.47991556747255354,0.15872925975887542,0.5625560928405399,0.39401239217763584,0.6692193982082248,amacGFP_to_ppluGFP,42,aubin_linear
iterative_random,9,864,6281,0.1578869756508105,0.39734994104795146,0.4232967292399952,0.555365099940486,0.38850676101399206,0.6766444993313852,amacGFP_to_ppluGFP,42,aubin_linear
iterative_random,10,960,6281,0.18473198590170722,0.42980459036835245,0.32524174306103526,0.5842997666643527,0.4111015808302715,0.6999762187886406,amacGFP_to_ppluGFP,42,aubin_linear
source_only,0,0,6281,16.214167929888873,4.026682000094976,-58.22441442224742,-0.008755273306696407,-0.005803329414565761,-0.015597281492811492,amacGFP_to_ppluGFP,42,mlp_small
oneshot_fancy,1,960,6281,0.14177503944818684,0.3765302636551103,0.4821477286212219,0.5666809171319183,0.4013084766226835,0.7023260735224464,amacGFP_to_ppluGFP,42,mlp_small
oneshot_random,1,960,6281,0.2049708155867817,0.45273702696684937,0.25131671392151356,0.6577756609629568,0.47831221850545536,0.7807247331621088,amacGFP_to_ppluGFP,42,mlp_small
iterative_fancy,1,96,6281,0.3284447045696732,0.5731009549544244,-0.19968816052346527,0.37325172374523735,0.25523831311751893,0.47093396750824423,amacGFP_to_ppluGFP,42,mlp_small
iterative_fancy,2,192,6281,0.29481248093577883,0.5429663718277393,-0.07684197075607502,0.3626780038355449,0.24896501982517225,0.4544754853887565,amacGFP_to_ppluGFP,42,mlp_small
iterative_fancy,3,288,6281,0.3263587287737985,0.5712781535940251,-0.19206885526254425,0.33171881305433176,0.2265360205500918,0.4202580210973464,amacGFP_to_ppluGFP,42,mlp_small
iterative_fancy,4,384,6281,0.25019957586734115,0.5001995360527048,0.08611262486538795,0.43666648893183335,0.2991815919228515,0.5124917868668082,amacGFP_to_ppluGFP,42,mlp_small
iterative_fancy,5,480,6281,0.23689581425170628,0.4867194410044726,0.1347063914222728,0.48709385844097836,0.3381325524351905,0.5783767310889322,amacGFP_to_ppluGFP,42,mlp_small
iterative_fancy,6,576,6281,0.17538089955614275,0.4187850278557517,0.3593978351542375,0.5031490407312207,0.35110027977972913,0.6029804564907123,amacGFP_to_ppluGFP,42,mlp_small
iterative_fancy,7,672,6281,0.18812947820250062,0.4337389516777351,0.31283194855979135,0.5025394379101792,0.34801810046675746,0.5950072242138837,amacGFP_to_ppluGFP,42,mlp_small
iterative_fancy,8,768,6281,0.1850975840637834,0.4302296875667501,0.3239063469336214,0.5562545479502684,0.39038694534542046,0.6395063387066942,amacGFP_to_ppluGFP,42,mlp_small
iterative_fancy,9,864,6281,0.773740689156271,0.8796253117983083,-1.8261912315262658,0.5409586110364111,0.377232352973092,0.6160747380705474,amacGFP_to_ppluGFP,42,mlp_small
iterative_fancy,10,960,6281,0.4186979461475719,0.6470687337119387,-0.5293501823597793,0.555618520545666,0.38914960209718547,0.6332217750154424,amacGFP_to_ppluGFP,42,mlp_small
iterative_random,1,96,6281,0.452356150650311,0.6725742714751368,-0.6522912707214215,0.38394059452563534,0.2635242738239632,0.4728898102944212,amacGFP_to_ppluGFP,42,mlp_small
iterative_random,2,192,6281,0.19445414838444194,0.44096955494052187,0.28973024580458295,0.42472806326853035,0.29067267556664933,0.5393165320297586,amacGFP_to_ppluGFP,42,mlp_small
iterative_random,3,288,6281,0.19697123110154244,0.44381441065105404,0.28053626492210804,0.4597826018181993,0.31422064141501693,0.5860909662976996,amacGFP_to_ppluGFP,42,mlp_small
iterative_random,4,384,6281,0.17069026322224082,0.41314678169173824,0.3765310109881308,0.49191880994666587,0.3395959817706944,0.6179609108560856,amacGFP_to_ppluGFP,42,mlp_small
iterative_random,5,480,6281,0.13670234963559386,0.36973280843819345,0.5006764058247384,0.579582380431046,0.40790645201985637,0.7093310429795114,amacGFP_to_ppluGFP,42,mlp_small
iterative_random,6,576,6281,0.14120868828737437,0.37577744515520667,0.48421640189520765,0.5912616913201288,0.4183527999077979,0.7232846365315928,amacGFP_to_ppluGFP,42,mlp_small
iterative_random,7,672,6281,0.14256489617787801,0.3775776690667471,0.4792626713986924,0.6050625401184475,0.4276757317579121,0.7229007860542043,amacGFP_to_ppluGFP,42,mlp_small
iterative_random,8,768,6281,0.16804975036764358,0.4099387153802914,0.3861758369369027,0.6380995957779717,0.45680305057812676,0.7533481630330193,amacGFP_to_ppluGFP,42,mlp_small
iterative_random,9,864,6281,0.11716343452356667,0.3422914467578275,0.5720449034842875,0.6359371746184216,0.4575758436810774,0.7615412879927934,amacGFP_to_ppluGFP,42,mlp_small
iterative_random,10,960,6281,0.11935942388438503,0.34548433232837783,0.5640237589806457,0.6570778914979651,0.47534125098668983,0.7826920749837374,amacGFP_to_ppluGFP,42,mlp_small
source_only,0,0,6281,0.5650222464069052,0.7516796168627331,-1.0638192365891634,-0.18384679098067178,-0.12444527212856792,-0.30066694532994664,amacGFP_to_ppluGFP,43,aubin_1_10_1
oneshot_fancy,1,960,6281,0.5102960096802468,0.7143500610206783,-0.8639243460413113,0.34395679914597077,0.2377310425087619,0.5258515254976219,amacGFP_to_ppluGFP,43,aubin_1_10_1
oneshot_random,1,960,6281,0.15946100861857376,0.3993256924098095,0.41754736354943456,0.5706313301437188,0.4058475155139557,0.6786680051194065,amacGFP_to_ppluGFP,43,aubin_1_10_1
iterative_fancy,1,96,6281,0.7831633368527883,0.8849651613779993,-1.8606087110137377,0.23440819062271503,0.15818785790234854,0.43155076865792685,amacGFP_to_ppluGFP,43,aubin_1_10_1
iterative_fancy,2,192,6281,1.343515914227809,1.1591013390673868,-3.907371357640658,-0.21315563328958667,-0.142804689965407,-0.1388129258659845,amacGFP_to_ppluGFP,43,aubin_1_10_1
iterative_fancy,3,288,6281,0.20608382688556762,0.45396456567177973,0.24725129146499458,0.3812054381134013,0.25873542660855,0.5187104998032551,amacGFP_to_ppluGFP,43,aubin_1_10_1
iterative_fancy,4,384,6281,0.5882249492596168,0.7669582447953844,-1.1485702084186915,0.3796659510957955,0.25901684876849224,0.40836506149215424,amacGFP_to_ppluGFP,43,aubin_1_10_1
iterative_fancy,5,480,6281,0.26474414491889864,0.5145329386141364,0.03298664338874635,0.42226016398470756,0.2884542146953034,0.5302676317756178,amacGFP_to_ppluGFP,43,aubin_1_10_1
iterative_fancy,6,576,6281,0.45823761417285813,0.6769325034099472,-0.6737741019450063,0.42307924899366783,0.2894941808142487,0.45338218294156285,amacGFP_to_ppluGFP,43,aubin_1_10_1
iterative_fancy,7,672,6281,0.18327519611614176,0.42810652426252715,0.3305628623660466,0.4736634661398239,0.32662820138176246,0.5888839728775614,amacGFP_to_ppluGFP,43,aubin_1_10_1
iterative_fancy,8,768,6281,0.2108303448859774,0.45916265624065883,0.22991400037892318,0.4893707169519735,0.3399464070804597,0.5841163101065825,amacGFP_to_ppluGFP,43,aubin_1_10_1
iterative_fancy,9,864,6281,0.2987020812298834,0.5465364408983937,-0.0910492554438267,0.3730450478438771,0.2552996873245605,0.4158745756549558,amacGFP_to_ppluGFP,43,aubin_1_10_1
iterative_fancy,10,960,6281,0.20988292381567705,0.4581298110968954,0.23337458240462217,0.5199177085979456,0.3628596022300124,0.6189630628048326,amacGFP_to_ppluGFP,43,aubin_1_10_1
iterative_random,1,96,6281,0.2728897715880946,0.5223885255134291,0.0032336538014059446,0.3349071865976303,0.2299589048332882,0.4474229771833075,amacGFP_to_ppluGFP,43,aubin_1_10_1
iterative_random,2,192,6281,0.23136733801732984,0.48100658833048204,0.15489988942007604,0.3860150789682977,0.2653595464799397,0.5043946076045124,amacGFP_to_ppluGFP,43,aubin_1_10_1
iterative_random,3,288,6281,0.21723863339318658,0.4660886540060663,0.20650687052006267,0.4246591795453081,0.29320624385287536,0.5249268948175145,amacGFP_to_ppluGFP,43,aubin_1_10_1
iterative_random,4,384,6281,0.2183862027736754,0.4673180959193378,0.20231522005349323,0.4686750432547782,0.3262093993194095,0.5639656154420386,amacGFP_to_ppluGFP,43,aubin_1_10_1
iterative_random,5,480,6281,0.23712988966778378,0.4869598439992602,0.13385139969480464,0.4876029253125552,0.3401204669237891,0.5940404664332898,amacGFP_to_ppluGFP,43,aubin_1_10_1
iterative_random,6,576,6281,0.19317127208400328,0.43951253916583916,0.29441612287198415,0.5168695857338709,0.36174606984817487,0.6138058805222862,amacGFP_to_ppluGFP,43,aubin_1_10_1
iterative_random,7,672,6281,0.1785933127357399,0.4226030202633908,0.3476640668679697,0.5176038981167278,0.36161795670278885,0.6198668049357655,amacGFP_to_ppluGFP,43,aubin_1_10_1
iterative_random,8,768,6281,0.16978500815210976,0.4120497641694626,0.3798375760652356,0.5386239726424952,0.37985674756565296,0.6630539897698982,amacGFP_to_ppluGFP,43,aubin_1_10_1
iterative_random,9,864,6281,0.1679126928029698,0.4097715129227138,0.38667645800145833,0.545965944398151,0.38444118039991465,0.6619160170517002,amacGFP_to_ppluGFP,43,aubin_1_10_1
iterative_random,10,960,6281,0.1567694929479234,0.3959412746202691,0.4273784840973308,0.5766737788773367,0.40925581706412384,0.6953429681317003,amacGFP_to_ppluGFP,43,aubin_1_10_1
source_only,0,0,6281,69.15891681735386,8.316184029791179,-251.61218264764656,0.19735434389964746,0.13387805211281334,0.31274170154053427,amacGFP_to_ppluGFP,43,aubin_linear
oneshot_fancy,1,960,6281,0.17489912564611082,0.4182094279737256,0.3611575787210326,0.506672909919098,0.35505929083891713,0.6156251497880123,amacGFP_to_ppluGFP,43,aubin_linear
oneshot_random,1,960,6281,0.15743478415715836,0.3967805239136094,0.42494841907903425,0.5759861824673004,0.40924723842788147,0.6787283262153212,amacGFP_to_ppluGFP,43,aubin_linear
iterative_fancy,1,96,6281,0.26640573525076167,0.5161450719039771,0.026917462728981767,0.3174340887251857,0.21823791577904017,0.3962242497609547,amacGFP_to_ppluGFP,43,aubin_linear
iterative_fancy,2,192,6281,0.4037103539856821,0.6353820535596533,-0.47460599978898266,0.386376535359986,0.26594497901708825,0.4562253336883543,amacGFP_to_ppluGFP,43,aubin_linear
iterative_fancy,3,288,6281,0.2376304494788863,0.4874735372088277,0.13202303811473182,0.4243494534831841,0.2933630559953821,0.5064504198298521,amacGFP_to_ppluGFP,43,aubin_linear
iterative_fancy,4,384,6281,0.24522465601620602,0.4952016316776491,0.10428418422354446,0.4642476948420872,0.32233308246002756,0.5467121899085675,amacGFP_to_ppluGFP,43,aubin_linear
iterative_fancy,5,480,6281,0.21866870865732482,0.4676202611706691,0.2012833295733698,0.4969594066321529,0.34602685568233105,0.5694359233549031,amacGFP_to_ppluGFP,43,aubin_linear
iterative_fancy,6,576,6281,0.18790858462162308,0.43348423803135344,0.31363879187322397,0.5236410586942902,0.3659839270261533,0.6036009380715752,amacGFP_to_ppluGFP,43,aubin_linear
iterative_fancy,7,672,6281,0.2301943441330093,0.47978572731273417,0.15918440628336217,0.5401093355008151,0.3785238934210067,0.6269643459738115,amacGFP_to_ppluGFP,43,aubin_linear
iterative_fancy,8,768,6281,0.16396281182806344,0.4049232172005743,0.4011039259287631,0.5643822908662083,0.397178903517918,0.6522205729040473,amacGFP_to_ppluGFP,43,aubin_linear
iterative_fancy,9,864,6281,0.18244283834499161,0.42713327936955653,0.33360316032023907,0.5713955046481842,0.4032250877467966,0.6542095571073885,amacGFP_to_ppluGFP,43,aubin_linear
iterative_fancy,10,960,6281,0.18210939145037977,0.4267427696521404,0.33482111964813654,0.5770932772109161,0.40719964017621596,0.669146385851646,amacGFP_to_ppluGFP,43,aubin_linear
iterative_random,1,96,6281,0.30860681047790534,0.5555239063063852,-0.12722760219967078,0.3381407437662383,0.23233854454793343,0.43380575656109743,amacGFP_to_ppluGFP,43,aubin_linear
iterative_random,2,192,6281,0.21766456956748115,0.466545356388295,0.2049510817424377,0.403884699251458,0.2776860272598866,0.5021291195376965,amacGFP_to_ppluGFP,43,aubin_linear
iterative_random,3,288,6281,0.21059022059763197,0.4589011011074521,0.23079108642042168,0.4414430369515681,0.3054502692110586,0.5309693575492457,amacGFP_to_ppluGFP,43,aubin_linear
iterative_random,4,384,6281,0.23808581588089647,0.4879403814820992,0.13035975149877765,0.4730017834121798,0.3284376282233064,0.5563192797123325,amacGFP_to_ppluGFP,43,aubin_linear
iterative_random,5,480,6281,0.1917542525563644,0.43789753659545105,0.29959197599699117,0.5078776512240756,0.3553574044728967,0.5918629793871742,amacGFP_to_ppluGFP,43,aubin_linear
iterative_random,6,576,6281,0.17850906861907537,0.4225033356307088,0.34797177975829807,0.5296574943650667,0.3722780466063475,0.6172530436333414,amacGFP_to_ppluGFP,43,aubin_linear
iterative_random,7,672,6281,0.18835204104390993,0.433995438966713,0.3120190080492691,0.5292719661697779,0.36990775316864755,0.6248313910754532,amacGFP_to_ppluGFP,43,aubin_linear
iterative_random,8,768,6281,0.20769145419703228,0.4557317787877342,0.24137921794618045,0.5448538834539796,0.3831761283574293,0.6479771879990984,amacGFP_to_ppluGFP,43,aubin_linear
iterative_random,9,864,6281,0.18981383931314613,0.43567630106897726,0.30667959458856464,0.564646984712362,0.3981098172871108,0.6669031402893077,amacGFP_to_ppluGFP,43,aubin_linear
iterative_random,10,960,6281,0.18273714554263804,0.42747765502145024,0.3325281639641985,0.5828860679849313,0.4131210286984318,0.6840679096169728,amacGFP_to_ppluGFP,43,aubin_linear
source_only,0,0,6281,15.091594672333617,3.8847901709530746,-54.1240656339368,0.08918349112197374,0.05958075623315298,0.11652437525504838,amacGFP_to_ppluGFP,43,mlp_small
oneshot_fancy,1,960,6281,0.13176096723592495,0.36298893541804406,0.5187254651611304,0.6396922096289718,0.45928368403147735,0.724797928747573,amacGFP_to_ppluGFP,43,mlp_small
oneshot_random,1,960,6281,0.12190473241816102,0.34914858215115385,0.5547266795320633,0.6548809727246324,0.47358304738403145,0.7789640284373369,amacGFP_to_ppluGFP,43,mlp_small
iterative_fancy,1,96,6281,0.23106189860979914,0.4806889832415542,0.15601554765987613,0.3303083354376152,0.22453792983785023,0.41801744875654323,amacGFP_to_ppluGFP,43,mlp_small
iterative_fancy,2,192,6281,0.20034593128737122,0.4476001913397393,0.26820972166558155,0.45380434019084914,0.31365956897635394,0.5554815418560555,amacGFP_to_ppluGFP,43,mlp_small
iterative_fancy,3,288,6281,0.21056966550897485,0.4588787045712351,0.23086616662770576,0.421257132276953,0.28785458661163643,0.4903501498408731,amacGFP_to_ppluGFP,43,mlp_small
iterative_fancy,4,384,6281,0.21728101314387221,0.46613411497537083,0.20635207281915247,0.3909121245942478,0.2678322820316557,0.4866467995083773,amacGFP_to_ppluGFP,43,mlp_small
iterative_fancy,5,480,6281,0.47001184104866683,0.6855740959580277,-0.7167810385334099,0.41428014255846174,0.2858324327169344,0.5111866268098852,amacGFP_to_ppluGFP,43,mlp_small
iterative_fancy,6,576,6281,0.22427414047913746,0.47357590783224757,0.18080874101192268,0.435237344613861,0.30064805724820004,0.5373901248030497,amacGFP_to_ppluGFP,43,mlp_small
iterative_fancy,7,672,6281,0.35772736782731135,0.5981031414625001,-0.30664699995676137,0.45838292419914334,0.315653831097759,0.5530038857177813,amacGFP_to_ppluGFP,43,mlp_small
iterative_fancy,8,768,6281,0.21708102850862557,0.46591955154149256,0.20708254341543242,0.5272629000049409,0.3673940013281744,0.6330882194565411,amacGFP_to_ppluGFP,43,mlp_small
iterative_fancy,9,864,6281,0.18418767490621668,0.42917091572730864,0.3272299116868268,0.5163542478494232,0.35929695541909484,0.6243313389382996,amacGFP_to_ppluGFP,43,mlp_small
iterative_fancy,10,960,6281,0.2358272811288561,0.4856205114375381,0.13860935139932617,0.5828322019248922,0.41221223921844596,0.6960633451513301,amacGFP_to_ppluGFP,43,mlp_small
iterative_random,1,96,6281,0.32569179543144433,0.5706941347442116,-0.18963279213365647,0.3976653038330225,0.27455222097156806,0.47866546312958885,amacGFP_to_ppluGFP,43,mlp_small
iterative_random,2,192,6281,0.19860186181751358,0.44564768799749604,0.2745801683952983,0.4734864311989344,0.3287704078970498,0.5721681519012958,amacGFP_to_ppluGFP,43,mlp_small
iterative_random,3,288,6281,0.18240227569133843,0.4270857942982164,0.3337513208314914,0.513926604267536,0.3565887004887143,0.5806843452948063,amacGFP_to_ppluGFP,43,mlp_small
iterative_random,4,384,6281,0.15809813571660647,0.39761556271932624,0.4225254388907028,0.5799247831736375,0.4073186187153707,0.6538198123356799,amacGFP_to_ppluGFP,43,mlp_small
iterative_random,5,480,6281,0.18242606456160318,0.4271136436144404,0.3336644288048829,0.592867915779648,0.41952905360975323,0.6912404887779184,amacGFP_to_ppluGFP,43,mlp_small
iterative_random,6,576,6281,0.14201428070233135,0.3768478216765109,0.4812738679801073,0.6139868693381758,0.43726053040076174,0.7232660503457194,amacGFP_to_ppluGFP,43,mlp_small
iterative_random,7,672,6281,0.13878311337423285,0.3725360564753872,0.49307613829915176,0.6109998169785099,0.43374155242502715,0.7120466054560878,amacGFP_to_ppluGFP,43,mlp_small
iterative_random,8,768,6281,0.17129109444377827,0.41387328307560306,0.37433639468613944,0.6293070141933735,0.4505656210734244,0.7403163550508909,amacGFP_to_ppluGFP,43,mlp_small
iterative_random,9,864,6281,0.2830117866952739,0.5319885212063075,-0.03373835858233076,0.6359702075739541,0.45476332340752146,0.7539110910989337,amacGFP_to_ppluGFP,43,mlp_small
iterative_random,10,960,6281,0.1358389157150935,0.3685633130346718,0.5038302135659098,0.6479827393082825,0.4663623697001981,0.7696333209801096,amacGFP_to_ppluGFP,43,mlp_small
source_only,0,0,6281,0.7366352129249619,0.858274555678404,-1.6906585226533681,-0.20127106215457244,-0.1374834844000907,-0.2818592649065427,amacGFP_to_ppluGFP,44,aubin_1_10_1
oneshot_fancy,1,960,6281,0.3722188199979576,0.6100973856672044,-0.35957896492996544,0.38939746163018624,0.26968643369780065,0.5427780567002827,amacGFP_to_ppluGFP,44,aubin_1_10_1
oneshot_random,1,960,6281,0.156790613421008,0.39596794494126414,0.42730133874789533,0.5937894302630304,0.42330994726849064,0.7020363866097405,amacGFP_to_ppluGFP,44,aubin_1_10_1
iterative_fancy,1,96,6281,0.9524424143067178,0.9759315623068647,-2.478923155485879,0.24730636230367015,0.16775195079224425,0.4357484280518447,amacGFP_to_ppluGFP,44,aubin_1_10_1
iterative_fancy,2,192,6281,0.20713680909468046,0.45512285055211243,0.24340513327782076,0.40765654761910597,0.27903193946782695,0.512182549773575,amacGFP_to_ppluGFP,44,aubin_1_10_1
iterative_fancy,3,288,6281,0.46545382140313185,0.6822417616967843,-0.7001322628701028,0.384037935623379,0.26344781995884364,0.4520171780215154,amacGFP_to_ppluGFP,44,aubin_1_10_1
iterative_fancy,4,384,6281,0.2548275799798655,0.504804496790456,0.06920822158714435,0.41690056541267057,0.284408081857419,0.5343114500262576,amacGFP_to_ppluGFP,44,aubin_1_10_1
iterative_fancy,5,480,6281,0.5717030825465681,0.756110496254726,-1.0882218830853279,0.4437920298716017,0.3062028303955793,0.5066736062714142,amacGFP_to_ppluGFP,44,aubin_1_10_1
iterative_fancy,6,576,6281,0.21474115712673517,0.4634017232669028,0.21562923622230679,0.42464052947583897,0.2917363444379256,0.531427681079733,amacGFP_to_ppluGFP,44,aubin_1_10_1
iterative_fancy,7,672,6281,0.46507318091346195,0.6819627415874433,-0.6987419226316411,0.41914046186335974,0.28790902607343,0.5219726248110097,amacGFP_to_ppluGFP,44,aubin_1_10_1
iterative_fancy,8,768,6281,0.32070497247080026,0.566308195659219,-0.1714177550778766,0.46928652706141755,0.3250087239297068,0.5512931799482377,amacGFP_to_ppluGFP,44,aubin_1_10_1
iterative_fancy,9,864,6281,0.25609855373798984,0.5060618082191046,0.06456582014561241,0.5001058327439646,0.3480870549789035,0.5855899931461019,amacGFP_to_ppluGFP,44,aubin_1_10_1
iterative_fancy,10,960,6281,0.30186032884638725,0.5494181730215949,-0.1025851767748931,0.5119877888517844,0.35773473694293917,0.5806304985926021,amacGFP_to_ppluGFP,44,aubin_1_10_1
iterative_random,1,96,6281,0.2805331122083265,0.5296537663496093,-0.02468466889146348,0.36097094818326314,0.247380955442364,0.46398556603683117,amacGFP_to_ppluGFP,44,aubin_1_10_1
iterative_random,2,192,6281,0.240850115970794,0.49076482756081247,0.12026277613627634,0.4350359757088805,0.30139080879185404,0.5222681213767462,amacGFP_to_ppluGFP,44,aubin_1_10_1
iterative_random,3,288,6281,0.21372896466603702,0.46230830045115673,0.2193264044042742,0.49492659498854463,0.34507301408255253,0.5924208044865674,amacGFP_to_ppluGFP,44,aubin_1_10_1
iterative_random,4,384,6281,0.2171361230364242,0.465978672297804,0.20688130329254395,0.49757361583103393,0.34529566533734446,0.5918345753726282,amacGFP_to_ppluGFP,44,aubin_1_10_1
iterative_random,5,480,6281,0.18639323342047018,0.431732826433745,0.3191738145719155,0.5233772365288056,0.3644940816450923,0.625352645579089,amacGFP_to_ppluGFP,44,aubin_1_10_1
iterative_random,6,576,6281,0.18967725209793995,0.43551951976684117,0.30717849763885563,0.535010605198852,0.37504981353607664,0.6435333411700064,amacGFP_to_ppluGFP,44,aubin_1_10_1
iterative_random,7,672,6281,0.16839049723705635,0.4103541120021296,0.3849312134758379,0.5479756205387866,0.3838684560312555,0.6603549690755092,amacGFP_to_ppluGFP,44,aubin_1_10_1
iterative_random,8,768,6281,0.1599593850122382,0.3999492280430582,0.41572697719323815,0.5565916467931931,0.39157325918830327,0.6836553087247752,amacGFP_to_ppluGFP,44,aubin_1_10_1
iterative_random,9,864,6281,0.13606438061083018,0.3688690561850237,0.50300667291427,0.568655006523555,0.4009950907879471,0.7134482021352981,amacGFP_to_ppluGFP,44,aubin_1_10_1
iterative_random,10,960,6281,0.14440958841914003,0.38001261613154375,0.4725246865541778,0.5967856890691339,0.42554562358714465,0.7230795358480571,amacGFP_to_ppluGFP,44,aubin_1_10_1
source_only,0,0,6281,60.96694152389734,7.80813303702603,-221.68989851845993,0.2163625466286093,0.14670535710080093,0.3331649994650458,amacGFP_to_ppluGFP,44,aubin_linear
oneshot_fancy,1,960,6281,0.17654047826298422,0.4201672027455073,0.35516231901883355,0.5233399393398547,0.36643134424819923,0.6316939923244893,amacGFP_to_ppluGFP,44,aubin_linear
oneshot_random,1,960,6281,0.1689358306102083,0.41101804170888695,0.38293931047905827,0.6008475747336246,0.427266528777218,0.6965708086760816,amacGFP_to_ppluGFP,44,aubin_linear
iterative_fancy,1,96,6281,0.3030266505372837,0.5504785650116485,-0.1068453225603565,0.30410709353019905,0.20689434191279474,0.41765296223243353,amacGFP_to_ppluGFP,44,aubin_linear
iterative_fancy,2,192,6281,0.22798834125458653,0.47748124701875627,0.1672421264977645,0.3953035153437697,0.2720072104851298,0.4809132163511243,amacGFP_to_ppluGFP,44,aubin_linear
iterative_fancy,3,288,6281,0.24330218162981482,0.49325670966527646,0.11130627874409693,0.4228360340707495,0.29149529751064374,0.5098338456129199,amacGFP_to_ppluGFP,44,aubin_linear
iterative_fancy,4,384,6281,0.20855987227506362,0.4566835581396199,0.238207204903791,0.47854244402273727,0.33087538629155144,0.5648747020954321,amacGFP_to_ppluGFP,44,aubin_linear
iterative_fancy,5,480,6281,0.1788202612103001,0.4228714476177129,0.34683510724648503,0.5134628454378253,0.3570684872413942,0.6014186297220592,amacGFP_to_ppluGFP,44,aubin_linear
iterative_fancy,6,576,6281,0.19179784280972267,0.43794730597381537,0.29943275677335757,0.5159394309918217,0.3598429416391482,0.6039139499992765,amacGFP_to_ppluGFP,44,aubin_linear
iterative_fancy,7,672,6281,0.19778346450660986,0.44472852900011917,0.2775694739034563,0.5521196147516464,0.3872907343862966,0.64942537969726,amacGFP_to_ppluGFP,44,aubin_linear
iterative_fancy,8,768,6281,0.1647877518627285,0.40594057676306333,0.3980907222480212,0.5502296002196247,0.3848973787234583,0.6444764641182505,amacGFP_to_ppluGFP,44,aubin_linear
iterative_fancy,9,864,6281,0.19827468671701326,0.4452804584944339,0.2757752191573515,0.5543800041690261,0.3872957854176528,0.6536934616148069,amacGFP_to_ppluGFP,44,aubin_linear
iterative_fancy,10,960,6281,0.1553090711289669,0.39409271894944586,0.43271286988950786,0.5673934143092866,0.39697984957070437,0.6694034617985034,amacGFP_to_ppluGFP,44,aubin_linear
iterative_random,1,96,6281,0.26609136629241315,0.5158404465456476,0.028065737346047004,0.3824535139597633,0.26283605041877656,0.4777533242477344,amacGFP_to_ppluGFP,44,aubin_linear
iterative_random,2,192,6281,0.23933806254048426,0.48922189499294105,0.1257857532864124,0.44182650050127087,0.30540253448502946,0.5223781585814407,amacGFP_to_ppluGFP,44,aubin_linear
iterative_random,3,288,6281,0.1987710545273643,0.44583747546316055,0.2739621694200348,0.5009196132487116,0.3480717657910299,0.5890507715806771,amacGFP_to_ppluGFP,44,aubin_linear
iterative_random,4,384,6281,0.1793663020670991,0.4235165900730444,0.34484062007117144,0.517362388801023,0.35974779254955735,0.6109556573535624,amacGFP_to_ppluGFP,44,aubin_linear
iterative_random,5,480,6281,0.2538021528347333,0.5037878053652483,0.07295373122203486,0.5210335609230251,0.362680547716284,0.6239583846209846,amacGFP_to_ppluGFP,44,aubin_linear
iterative_random,6,576,6281,0.1834043562686876,0.4282573481782742,0.3300910876543074,0.5344135792593351,0.37270785191646827,0.6344907599290988,amacGFP_to_ppluGFP,44,aubin_linear
iterative_random,7,672,6281,0.16803788448054108,0.4099242423674661,0.3862191786747141,0.5576265699753701,0.3910240043602817,0.6599585353498804,amacGFP_to_ppluGFP,44,aubin_linear
iterative_random,8,768,6281,0.1605746623016594,0.4007176840390993,0.4134795946984444,0.561391051999887,0.39454116225264896,0.6606923276688887,amacGFP_to_ppluGFP,44,aubin_linear
iterative_random,9,864,6281,0.1509900768461693,0.3885744160983444,0.44848857348390603,0.580919017652114,0.4102777193700486,0.683134767475471,amacGFP_to_ppluGFP,44,aubin_linear
iterative_random,10,960,6281,0.21977614584680188,0.46880288591987346,0.19723826729574923,0.5903729948073194,0.41859057418488443,0.6946227732821568,amacGFP_to_ppluGFP,44,aubin_linear
source_only,0,0,6281,17.23764683373915,4.151824518659134,-61.96280784558924,0.18285236827640128,0.1228431818216284,0.21587649708090942,amacGFP_to_ppluGFP,44,mlp_small
oneshot_fancy,1,960,6281,0.20098971716347208,0.4483187673558537,0.2658582077494649,0.4904448094757024,0.343422105700218,0.6061668600962075,amacGFP_to_ppluGFP,44,mlp_small
oneshot_random,1,960,6281,0.118949952588398,0.3448912184854784,0.5655194075907016,0.6410770320908945,0.4626951285714018,0.7722725830087558,amacGFP_to_ppluGFP,44,mlp_small
iterative_fancy,1,96,6281,0.6231116418279786,0.789374208995948,-1.2759985135543204,0.29157584695226846,0.19769376261669339,0.36096585049098195,amacGFP_to_ppluGFP,44,mlp_small
iterative_fancy,2,192,6281,0.2676144728125341,0.5173146748474607,0.022502387308788063,0.35287496040816807,0.23944585332973506,0.368706141150954,amacGFP_to_ppluGFP,44,mlp_small
iterative_fancy,3,288,6281,0.3785853560348298,0.6152929026364841,-0.38283358831318814,0.4314308108995761,0.29758309912784175,0.4844105493217473,amacGFP_to_ppluGFP,44,mlp_small
iterative_fancy,4,384,6281,0.293512859207151,0.5417682707644949,-0.07209492877518309,0.4443222390431657,0.307844908012721,0.5231597153260256,amacGFP_to_ppluGFP,44,mlp_small
iterative_fancy,5,480,6281,0.17366583726727752,0.41673233287960454,0.3656623292802965,0.5010350283614456,0.3510058043289079,0.6051788881167723,amacGFP_to_ppluGFP,44,mlp_small
iterative_fancy,6,576,6281,0.215579311122372,0.46430519178916363,0.21256776678385636,0.5648283111548731,0.3989246943680622,0.6534307659836142,amacGFP_to_ppluGFP,44,mlp_small
iterative_fancy,7,672,6281,0.22373844895220607,0.4730099882161116,0.18276542587732292,0.5947405202504035,0.4212635453267341,0.6871453234308643,amacGFP_to_ppluGFP,44,mlp_small
iterative_fancy,8,768,6281,0.18441768938193215,0.42943880749407376,0.32638975308653395,0.5494854143521597,0.38641012113601786,0.6327729112737419,amacGFP_to_ppluGFP,44,mlp_small
iterative_fancy,9,864,6281,0.15846471691476968,0.3980762702231441,0.4211864520926568,0.566699941889503,0.39893568760466835,0.6612499587905316,amacGFP_to_ppluGFP,44,mlp_small
iterative_fancy,10,960,6281,0.2166628106156734,0.46547052604399497,0.2086101401393654,0.5550664912757108,0.39027595953270644,0.6540064441509512,amacGFP_to_ppluGFP,44,mlp_small
iterative_random,1,96,6281,0.21295378280186605,0.46146915693453017,0.22215785972006885,0.4216689924308836,0.28920944070134996,0.4937417144318269,amacGFP_to_ppluGFP,44,mlp_small
iterative_random,2,192,6281,0.22289845523453988,0.47212122938344964,0.18583361514625496,0.4814537014456142,0.33554859086375993,0.5717344546132963,amacGFP_to_ppluGFP,44,mlp_small
iterative_random,3,288,6281,0.19807965541415293,0.44506140634091484,0.2764875970453724,0.5057878863301531,0.35072198388551146,0.6064215020368177,amacGFP_to_ppluGFP,44,mlp_small
iterative_random,4,384,6281,0.3388866812181215,0.5821397437197717,-0.2378288751805,0.5349189010271144,0.3713046021059607,0.6530337197981697,amacGFP_to_ppluGFP,44,mlp_small
iterative_random,5,480,6281,0.153260130955239,0.3914845219868073,0.44019689759293157,0.5675802265479933,0.39841024434975675,0.6857927859727462,amacGFP_to_ppluGFP,44,mlp_small
iterative_random,6,576,6281,0.1795338195160364,0.423714313560489,0.3442287402101931,0.6021702161014459,0.42632218901642627,0.7267084880867714,amacGFP_to_ppluGFP,44,mlp_small
iterative_random,7,672,6281,0.12363092124366447,0.35161189007720495,0.548421544244534,0.616020920576888,0.4398377483827862,0.7435889690788295,amacGFP_to_ppluGFP,44,mlp_small
iterative_random,8,768,6281,0.11784843075569211,0.3432905922912717,0.5695428632374802,0.6409807073168122,0.46145197219290984,0.7574148663673148,amacGFP_to_ppluGFP,44,mlp_small
iterative_random,9,864,6281,0.1272399591516065,0.3567071055524497,0.5352390511527023,0.6650276997296144,0.48169912755886957,0.7843843103290351,amacGFP_to_ppluGFP,44,mlp_small
iterative_random,10,960,6281,0.12457804138484327,0.3529561465463426,0.5449620614026529,0.6739494972168718,0.49140605316255814,0.791800630905561,amacGFP_to_ppluGFP,44,mlp_small
source_only,0,0,6281,6.328002385943231,2.515552103603348,-22.113874075475973,0.2074534779914138,0.14068671739295435,0.253904615856543,amacGFP_to_ppluGFP,45,aubin_1_10_1
oneshot_fancy,1,960,6281,0.2305499816995039,0.48015620552014515,0.15788539256195067,0.3867433190510513,0.26576329020796585,0.5104338095407789,amacGFP_to_ppluGFP,45,aubin_1_10_1
oneshot_random,1,960,6281,0.16506926700101265,0.40628717306975454,0.3970624505976985,0.5666158296633181,0.3998699682927197,0.7149898676334049,amacGFP_to_ppluGFP,45,aubin_1_10_1
iterative_fancy,1,96,6281,0.5201399407984367,0.7212072800509135,-0.8998806195058933,0.2632139132661642,0.17743754735257614,0.4353062108267211,amacGFP_to_ppluGFP,45,aubin_1_10_1
iterative_fancy,2,192,6281,0.22094942465676956,0.47005257648136506,0.19295270970347356,0.35928483472890654,0.24332806357186298,0.4705169682986386,amacGFP_to_ppluGFP,45,aubin_1_10_1
iterative_fancy,3,288,6281,0.7538448868292801,0.8682424124801092,-1.7535191556373304,0.3787925506007099,0.25506439457635716,0.372630248028066,amacGFP_to_ppluGFP,45,aubin_1_10_1
iterative_fancy,4,384,6281,0.24304062472402166,0.49299150573211875,0.11226165028401647,0.43172928525974463,0.29594252175860924,0.53457383008291,amacGFP_to_ppluGFP,45,aubin_1_10_1
iterative_fancy,5,480,6281,0.4092009903736451,0.6396881977757953,-0.4946612826927179,0.4856754938980189,0.3369942044682197,0.5766122789557773,amacGFP_to_ppluGFP,45,aubin_1_10_1
iterative_fancy,6,576,6281,0.18702080984662012,0.43245902678360193,0.3168815078371725,0.4886304083912209,0.3374887394842024,0.5804782271874762,amacGFP_to_ppluGFP,45,aubin_1_10_1
iterative_fancy,7,672,6281,0.23781221159086574,0.4876599343711412,0.1313591277190409,0.5179601028958178,0.3620742338610873,0.61034182324103,amacGFP_to_ppluGFP,45,aubin_1_10_1
iterative_fancy,8,768,6281,0.17929431510295887,0.42343159436083516,0.34510356207446613,0.5179338570553409,0.3621477450043894,0.6056285954792221,amacGFP_to_ppluGFP,45,aubin_1_10_1
iterative_fancy,9,864,6281,0.3654537142423193,0.604527678640374,-0.33486851240383353,0.5158873284562306,0.36017468304441713,0.5551472607007144,amacGFP_to_ppluGFP,45,aubin_1_10_1
iterative_fancy,10,960,6281,0.15448033095722496,0.3930398592474114,0.435739954078585,0.5455428605874039,0.38518605225943525,0.6743646452617909,amacGFP_to_ppluGFP,45,aubin_1_10_1
iterative_random,1,96,6281,0.3080081568337613,0.5549848257689225,-0.12504093979001252,0.3148812785712842,0.21474352716386955,0.39528680693289797,amacGFP_to_ppluGFP,45,aubin_1_10_1
iterative_random,2,192,6281,0.23763875833008122,0.48748205949560974,0.1319926889257591,0.388877489130678,0.2664772369732717,0.5057367524908576,amacGFP_to_ppluGFP,45,aubin_1_10_1
iterative_random,3,288,6281,0.2614151334475215,0.5112877208065156,0.04514630251216123,0.4312616765755492,0.2972828874396642,0.5211055238068889,amacGFP_to_ppluGFP,45,aubin_1_10_1
iterative_random,4,384,6281,0.20888292115763482,0.4570371113570919,0.2370272257039474,0.47904719755450076,0.3328415888165984,0.5649404416736031,amacGFP_to_ppluGFP,45,aubin_1_10_1
iterative_random,5,480,6281,0.16325697598432587,0.4040507096693754,0.4036820856409572,0.5313881311171078,0.3725898892509901,0.6559390290890015,amacGFP_to_ppluGFP,45,aubin_1_10_1
iterative_random,6,576,6281,0.27394144237856016,0.5233941558505981,-0.0006077142539657743,-0.23002204610409036,-0.17738812662990813,-0.2851146271937255,amacGFP_to_ppluGFP,45,aubin_1_10_1
iterative_random,7,672,6281,0.16868084684213247,0.41070773896060503,0.3838706727553569,0.5682113159533011,0.4016618818974927,0.6757903549531162,amacGFP_to_ppluGFP,45,aubin_1_10_1
iterative_random,8,768,6281,0.17194673749403364,0.41466460844160985,0.37194157085741797,0.5822923365963494,0.41324140640572066,0.7206307021654513,amacGFP_to_ppluGFP,45,aubin_1_10_1
iterative_random,9,864,6281,0.14526837733848638,0.38114088909284766,0.46938784530024924,0.5858684096837072,0.4158419673281503,0.6957143114913719,amacGFP_to_ppluGFP,45,aubin_1_10_1
iterative_random,10,960,6281,0.1556955906817548,0.3945828058617795,0.431301055587621,0.503903356296248,0.3469343084869989,0.7138345561693191,amacGFP_to_ppluGFP,45,aubin_1_10_1
source_only,0,0,6281,71.92030979962792,8.48058428409434,-261.6985394111913,0.2074447355354586,0.1394505362687841,0.3257683204644175,amacGFP_to_ppluGFP,45,aubin_linear
oneshot_fancy,1,960,6281,0.18390384635007417,0.4288401174681237,0.3282666334049278,0.5168487516289375,0.36238807154121505,0.5913467605427274,amacGFP_to_ppluGFP,45,aubin_linear
oneshot_random,1,960,6281,0.15175318330153653,0.3895551094537672,0.44570122521192646,0.5706527387580016,0.40156633013431353,0.6815877434681565,amacGFP_to_ppluGFP,45,aubin_linear
iterative_fancy,1,96,6281,0.27098048655974577,0.5205578609143712,0.010207572429735912,0.3350333769618279,0.23024658949024707,0.4183602860029844,amacGFP_to_ppluGFP,45,aubin_linear
iterative_fancy,2,192,6281,0.2506143609725272,0.5006139839961796,0.08459756685735842,0.37927915324948014,0.26086957441991027,0.4617420994912396,amacGFP_to_ppluGFP,45,aubin_linear
iterative_fancy,3,288,6281,0.22002391590926768,0.46906706973445456,0.1963332540428736,0.426393119267516,0.29282498637406856,0.5089520562900287,amacGFP_to_ppluGFP,45,aubin_linear
iterative_fancy,4,384,6281,0.24057587943085368,0.4904853508830347,0.1212644617337969,0.431241832086921,0.29570584935620936,0.5154118672388306,amacGFP_to_ppluGFP,45,aubin_linear
iterative_fancy,5,480,6281,0.21078471523506662,0.4591129656577634,0.23008066877456135,0.48002725144586617,0.33103337154595386,0.5694843372714957,amacGFP_to_ppluGFP,45,aubin_linear
iterative_fancy,6,576,6281,0.19923269405115115,0.44635489697229846,0.272275969388762,0.49934808646232215,0.3460927499837898,0.5834545508419365,amacGFP_to_ppluGFP,45,aubin_linear
iterative_fancy,7,672,6281,0.2779857365497858,0.5272435267974238,-0.01538003899352991,0.5076168493809812,0.3527358149268762,0.5993544874202794,amacGFP_to_ppluGFP,45,aubin_linear
iterative_fancy,8,768,6281,0.17841972078260157,0.42239758614675055,0.3482981346670382,0.5282274740153755,0.3673647715125532,0.6174687703564319,amacGFP_to_ppluGFP,45,aubin_linear
iterative_fancy,9,864,6281,0.16899426245219967,0.41108911740910836,0.38272588037024746,0.5461073113747454,0.3810314598009313,0.6352037802419055,amacGFP_to_ppluGFP,45,aubin_linear
iterative_fancy,10,960,6281,0.16809477555412589,0.40999362867503913,0.38601137642834027,0.5669935090765876,0.39781517105221165,0.6501176141800908,amacGFP_to_ppluGFP,45,aubin_linear
iterative_random,1,96,6281,0.28424446779465184,0.5331458222612757,-0.038240890972257136,0.3432321881258007,0.2347461337299728,0.4428699745840479,amacGFP_to_ppluGFP,45,aubin_linear
iterative_random,2,192,6281,0.4105925666325933,0.6407749734755511,-0.49974420087985405,0.39008521928569045,0.2667498395502688,0.49560578476003675,amacGFP_to_ppluGFP,45,aubin_linear
iterative_random,3,288,6281,0.26156284207796876,0.5114321480685085,0.04460677700698712,0.4418856686460759,0.30461568352945084,0.5300579066956282,amacGFP_to_ppluGFP,45,aubin_linear
iterative_random,4,384,6281,0.20350208583744525,0.45111205463548104,0.25668144553926375,0.49256745716582884,0.34301937578328967,0.573491179191661,amacGFP_to_ppluGFP,45,aubin_linear
iterative_random,5,480,6281,0.18942618374631168,0.43523118425304924,0.3080955583335172,0.5344131674337589,0.3736210003793676,0.6153748563043613,amacGFP_to_ppluGFP,45,aubin_linear
iterative_random,6,576,6281,0.20342201076295321,0.4510232929272647,0.25697393044611283,0.5612706239075458,0.39435431739694726,0.6434613053811935,amacGFP_to_ppluGFP,45,aubin_linear
iterative_random,7,672,6281,0.16562298341286236,0.40696803733568854,0.3950399274321814,0.5718006461049792,0.4022738711261632,0.6520520736131833,amacGFP_to_ppluGFP,45,aubin_linear
iterative_random,8,768,6281,0.1593062414645475,0.39913185974630927,0.41811267125493257,0.5860442410259527,0.4138168417805601,0.6691645254922876,amacGFP_to_ppluGFP,45,aubin_linear
iterative_random,9,864,6281,0.18800355685348552,0.4335937693896045,0.3132918931089612,0.608999493676443,0.43293127725196706,0.6897052086461739,amacGFP_to_ppluGFP,45,aubin_linear
iterative_random,10,960,6281,0.1684706886392129,0.41045181037390116,0.38463830366665386,0.6052589632815046,0.42936030938178077,0.6978318006629416,amacGFP_to_ppluGFP,45,aubin_linear
source_only,0,0,6281,15.248847922292391,3.9049773267321783,-54.69845413694693,0.11472921850475974,0.07484808352337381,0.21719253053278204,amacGFP_to_ppluGFP,45,mlp_small
oneshot_fancy,1,960,6281,0.2486036543081582,0.4986016990626468,0.09194194156021629,0.3635885630437295,0.24868261536718883,0.47779989282086766,amacGFP_to_ppluGFP,45,mlp_small
oneshot_random,1,960,6281,0.11981923436092208,0.3461491504552945,0.5623442397887961,0.6490616795919869,0.46682062468853164,0.7697870591455975,amacGFP_to_ppluGFP,45,mlp_small
iterative_fancy,1,96,6281,1.1237051440681836,1.0600495950983537,-3.1044831550083414,0.21842623725417248,0.14748292340238697,0.24350182830362935,amacGFP_to_ppluGFP,45,mlp_small
iterative_fancy,2,192,6281,0.4540410166956374,0.6738256574928246,-0.6584454690340245,0.3708242186607996,0.25384346598446017,0.44002784039620557,amacGFP_to_ppluGFP,45,mlp_small
iterative_fancy,3,288,6281,0.31492577171602765,0.5611824763087562,-0.15030845227491962,0.44931439509238885,0.31073473717494193,0.5218836486500251,amacGFP_to_ppluGFP,45,mlp_small
iterative_fancy,4,384,6281,0.19052735929692174,0.4364943977841202,0.3040733675283537,0.4671255866960697,0.32228935045917434,0.5568822438933416,amacGFP_to_ppluGFP,45,mlp_small
iterative_fancy,5,480,6281,0.19821153273839565,0.44520953801372637,0.276005897501022,0.45251990534724995,0.31071307753877914,0.5382566763500403,amacGFP_to_ppluGFP,45,mlp_small
iterative_fancy,6,576,6281,0.2991091287101912,0.5469087023536846,-0.09253605074331528,0.4716559130698176,0.3250350324603825,0.5583920328012969,amacGFP_to_ppluGFP,45,mlp_small
iterative_fancy,7,672,6281,0.16977219367151145,0.4120342142001213,0.37988438266751345,0.5415337474648473,0.3775016054851613,0.6367346995184876,amacGFP_to_ppluGFP,45,mlp_small
iterative_fancy,8,768,6281,0.16547594571365531,0.4067873470422296,0.3955770022713705,0.5379222021431462,0.3762643211358783,0.6425078202172095,amacGFP_to_ppluGFP,45,mlp_small
iterative_fancy,9,864,6281,0.1286168839079734,0.3586319616375169,0.5302096495360457,0.6077414500223539,0.4323695882958562,0.7304131148914629,amacGFP_to_ppluGFP,45,mlp_small
iterative_fancy,10,960,6281,0.10865460171150289,0.32962797471013117,0.6031245520293322,0.6310440615292612,0.4510444328790525,0.7767293329399858,amacGFP_to_ppluGFP,45,mlp_small
iterative_random,1,96,6281,0.2559969640587477,0.505961425465171,0.06493689002045722,0.34884970038470814,0.23673559948924816,0.4183702574285689,amacGFP_to_ppluGFP,45,mlp_small
iterative_random,2,192,6281,0.18465489428099496,0.42971489883525676,0.32552333050439286,0.4564506849033878,0.31486560365877225,0.5706550346936137,amacGFP_to_ppluGFP,45,mlp_small
iterative_random,3,288,6281,0.1791708782716295,0.423285811564278,0.34555443159088106,0.496545120379529,0.343963432872295,0.5980220220066489,amacGFP_to_ppluGFP,45,mlp_small
iterative_random,4,384,6281,0.15968694245024584,0.3996084864592416,0.4167221100466454,0.5546271833505881,0.38969998957302415,0.6531733262061667,amacGFP_to_ppluGFP,45,mlp_small
iterative_random,5,480,6281,0.15482367614405312,0.39347639845872984,0.43448583991605005,0.6063179232847496,0.4309948902102388,0.7056766332198023,amacGFP_to_ppluGFP,45,mlp_small
iterative_random,6,576,6281,0.14145486452961317,0.3761048584233035,0.4833172102836304,0.6082530018547642,0.42907213239004316,0.6982287718431922,amacGFP_to_ppluGFP,45,mlp_small
iterative_random,7,672,6281,0.15574409079916865,0.39464425854073776,0.4311239024296134,0.6455216950537128,0.4606244155671149,0.7476831649367599,amacGFP_to_ppluGFP,45,mlp_small
iterative_random,8,768,6281,0.12164396016254087,0.34877494199345926,0.5556791850324044,0.6332853317309993,0.4501572522452071,0.749740524528103,amacGFP_to_ppluGFP,45,mlp_small
iterative_random,9,864,6281,0.12264219036309808,0.35020307017942903,0.5520330158708266,0.6522092416837937,0.46743525230142013,0.7699559724277629,amacGFP_to_ppluGFP,45,mlp_small
iterative_random,10,960,6281,0.10850071961373761,0.32939447417001033,0.6036866269486019,0.6521647825822336,0.4680775506917776,0.7785103034125354,amacGFP_to_ppluGFP,45,mlp_small
source_only,0,0,6281,6.209463311728353,2.491879473756376,-21.680894271215394,0.16928010914500874,0.11182086309019461,0.21101243385964707,amacGFP_to_ppluGFP,46,aubin_1_10_1
oneshot_fancy,1,960,6281,0.886462459256809,0.9415213535851479,-2.2379225553728244,0.32891302911609166,0.225476390239288,0.49073776292132215,amacGFP_to_ppluGFP,46,aubin_1_10_1
oneshot_random,1,960,6281,0.14514848583788784,0.38098357686111334,0.46982576502254736,0.6054542435114686,0.4330337089484662,0.7204448265266064,amacGFP_to_ppluGFP,46,aubin_1_10_1
iterative_fancy,1,96,6281,0.7173124171976873,0.8469429834396689,-1.620079429918118,0.24958848010635892,0.1691457214781992,0.3824264887745553,amacGFP_to_ppluGFP,46,aubin_1_10_1
iterative_fancy,2,192,6281,0.7162254441325183,0.8463010363532106,-1.616109115588345,0.36398842905947065,0.24565245332640315,0.39593900161215184,amacGFP_to_ppluGFP,46,aubin_1_10_1
iterative_fancy,3,288,6281,0.24485130091521515,0.4948245152730563,0.10564791360659731,0.43439030590307637,0.29752254862829863,0.578665826536142,amacGFP_to_ppluGFP,46,aubin_1_10_1
iterative_fancy,4,384,6281,0.3056326351443879,0.552840515107556,-0.11636402947251501,-0.21844055399618303,-0.15178022051222176,0.05597223007849638,amacGFP_to_ppluGFP,46,aubin_1_10_1
iterative_fancy,5,480,6281,0.1728440703105616,0.415745198782333,0.3686639428699361,0.5046954160937107,0.3524926375249701,0.6327230246171944,amacGFP_to_ppluGFP,46,aubin_1_10_1
iterative_fancy,6,576,6281,0.1688419117188773,0.41090377428161606,0.3832823617763137,0.481802133797222,0.3343712243344418,0.6262370878975704,amacGFP_to_ppluGFP,46,aubin_1_10_1
iterative_fancy,7,672,6281,0.28559439544125487,0.5344103249762816,-0.0431716820389445,0.5085198817051906,0.35429700820018845,0.5962323885651881,amacGFP_to_ppluGFP,46,aubin_1_10_1
iterative_fancy,8,768,6281,0.16715016418527584,0.4088400227292771,0.3894616956441427,0.5286221885451647,0.3705858368121966,0.6487357075059659,amacGFP_to_ppluGFP,46,aubin_1_10_1
iterative_fancy,9,864,6281,0.1763367586335885,0.4199247059099863,0.3559064321802027,0.5302916726628194,0.3716149574866796,0.6555423955756905,amacGFP_to_ppluGFP,46,aubin_1_10_1
iterative_fancy,10,960,6281,0.20146444248048867,0.44884790573254174,0.2641242101102832,0.5326571314714508,0.3734287016704041,0.6254334160240653,amacGFP_to_ppluGFP,46,aubin_1_10_1
iterative_random,1,96,6281,0.23310569405750053,0.4828102050055493,0.14855031175555056,0.37389552111865254,0.2563557483911853,0.469684760629966,amacGFP_to_ppluGFP,46,aubin_1_10_1
iterative_random,2,192,6281,0.2146208075680472,0.4632718506104674,0.21606882906296887,0.4444354859284457,0.3066331273480124,0.5428809274724639,amacGFP_to_ppluGFP,46,aubin_1_10_1
iterative_random,3,288,6281,0.23957014348005887,0.4894590314623471,0.1249380466508141,0.4587516051000683,0.3169350504854673,0.5782424808886566,amacGFP_to_ppluGFP,46,aubin_1_10_1
iterative_random,4,384,6281,0.1646025757951076,0.405712429924334,0.3987671025727647,0.496691085016033,0.34536291084589116,0.6460512768095664,amacGFP_to_ppluGFP,46,aubin_1_10_1
iterative_random,5,480,6281,0.17514552391825247,0.41850391147306193,0.36025757611557396,0.50520304350933,0.3513188372270868,0.6209286559274694,amacGFP_to_ppluGFP,46,aubin_1_10_1
iterative_random,6,576,6281,0.19393123013506264,0.44037623702359624,0.291640274567336,0.5481459495449589,0.3860747044077444,0.6808839015191473,amacGFP_to_ppluGFP,46,aubin_1_10_1
iterative_random,7,672,6281,0.16907179856645102,0.4111834123191876,0.3824426693548584,0.5460393120656958,0.383051553875182,0.6484159528726621,amacGFP_to_ppluGFP,46,aubin_1_10_1
iterative_random,8,768,6281,0.27556636005598006,0.5249441494635215,-0.0065429431442596275,-0.03780644357162099,-0.030872950144223386,-0.049958586558862955,amacGFP_to_ppluGFP,46,aubin_1_10_1
iterative_random,9,864,6281,0.18115011427858604,0.42561733315101963,0.3383250076684021,0.5894899551493376,0.41845238550883707,0.6821715722640022,amacGFP_to_ppluGFP,46,aubin_1_10_1
iterative_random,10,960,6281,0.12465053170539739,0.35305882187731463,0.544697280822813,0.5885946240249313,0.41702220360733144,0.7401607712359151,amacGFP_to_ppluGFP,46,aubin_1_10_1
source_only,0,0,6281,86.02164219986179,9.274785291307923,-313.2055398066806,0.16087051087212628,0.10727691856833174,0.29735441763606785,amacGFP_to_ppluGFP,46,aubin_linear
oneshot_fancy,1,960,6281,0.1896050726507059,0.4354366459666732,0.30744214271236436,0.5215929733929212,0.36436200447760947,0.6222035975653221,amacGFP_to_ppluGFP,46,aubin_linear
oneshot_random,1,960,6281,0.14712998024005008,0.3835752602033271,0.4625880920098795,0.6069095990639486,0.43298468237255955,0.6847101106681501,amacGFP_to_ppluGFP,46,aubin_linear
iterative_fancy,1,96,6281,0.3680395555246905,0.6066626373238181,-0.34431364313144863,0.3346862971350277,0.22672187779489036,0.4472887549273462,amacGFP_to_ppluGFP,46,aubin_linear
iterative_fancy,2,192,6281,0.23464224488973584,0.48439884897647706,0.14293785457226205,0.3840307874380548,0.2620462122334683,0.49850959889921204,amacGFP_to_ppluGFP,46,aubin_linear
iterative_fancy,3,288,6281,0.3521827923364372,0.5934499071837801,-0.2863946972738929,0.43791350462261863,0.29955431402068655,0.5431571933095329,amacGFP_to_ppluGFP,46,aubin_linear
iterative_fancy,4,384,6281,0.18933853203019377,0.4351304770183235,0.3084157179360719,0.4832006212476037,0.33246554802008127,0.5869055711774778,amacGFP_to_ppluGFP,46,aubin_linear
iterative_fancy,5,480,6281,0.22369718674655897,0.4729663695724665,0.18291614159568637,0.49645542204956566,0.34347575337724084,0.594033944952514,amacGFP_to_ppluGFP,46,aubin_linear
iterative_fancy,6,576,6281,0.2923315915057125,0.5406769751947206,-0.06778019068957053,0.4985484686743393,0.34386408975583677,0.6010536877065318,amacGFP_to_ppluGFP,46,aubin_linear
iterative_fancy,7,672,6281,0.17973265522472998,0.4239488827968886,0.34350246622163394,0.5198617322582456,0.36010805445499555,0.6166084610179258,amacGFP_to_ppluGFP,46,aubin_linear
iterative_fancy,8,768,6281,0.17702634506188455,0.42074498816014977,0.35338762562867565,0.5319192324386377,0.3691047207526504,0.6245116224561984,amacGFP_to_ppluGFP,46,aubin_linear
iterative_fancy,9,864,6281,0.18026713888168755,0.42457877818101974,0.3415501932626729,0.5354536840042432,0.37226888165178723,0.6280362557821392,amacGFP_to_ppluGFP,46,aubin_linear
iterative_fancy,10,960,6281,0.16065891410955657,0.4008227963945621,0.4131718537148613,0.5638802979015661,0.3947140313492761,0.6652277885236768,amacGFP_to_ppluGFP,46,aubin_linear
iterative_random,1,96,6281,0.2805648077022332,0.5296836864603565,-0.024800440917173816,0.38239105176553567,0.26107244087805975,0.4780628834966636,amacGFP_to_ppluGFP,46,aubin_linear
iterative_random,2,192,6281,0.20204798113653447,0.44949747622932706,0.26199275721387205,0.4481600966492521,0.30985159794497324,0.5454520175815329,amacGFP_to_ppluGFP,46,aubin_linear
iterative_random,3,288,6281,0.19425395881972932,0.4407425085236609,0.2904614649331141,0.4668102072843078,0.3222774588995559,0.5699969232623107,amacGFP_to_ppluGFP,46,aubin_linear
iterative_random,4,384,6281,0.1789249136136528,0.42299516972851214,0.3464528503626755,0.5152137423870878,0.3597528033914586,0.6092516108533192,amacGFP_to_ppluGFP,46,aubin_linear
iterative_random,5,480,6281,0.16719761772969974,0.4088980529786119,0.38928836523379295,0.5394670311391777,0.3774463734715268,0.6355874196518938,amacGFP_to_ppluGFP,46,aubin_linear
iterative_random,6,576,6281,0.1791132729753831,0.42321776070408845,0.34576484263093976,0.5452067854361148,0.38250777313545636,0.6455451979886817,amacGFP_to_ppluGFP,46,aubin_linear
iterative_random,7,672,6281,0.18890589676903122,0.4346330599126477,0.30999597602341633,0.5657432955562735,0.39829303067076915,0.6608634797588162,amacGFP_to_ppluGFP,46,aubin_linear
iterative_random,8,768,6281,0.15624887046845196,0.3952832787615129,0.4292801272538025,0.5769374703971794,0.40824797091241677,0.6701807781052636,amacGFP_to_ppluGFP,46,aubin_linear
iterative_random,9,864,6281,0.16536498758538118,0.40665094071621327,0.3959822916578404,0.6026469844247717,0.42887137739740366,0.6882068616715133,amacGFP_to_ppluGFP,46,aubin_linear
iterative_random,10,960,6281,0.16635806053715252,0.4078701515643827,0.39235496003641235,0.6077180809002011,0.43237526744488664,0.6960057578867448,amacGFP_to_ppluGFP,46,aubin_linear
source_only,0,0,6281,19.637467815470337,4.431418262302752,-70.72847457457732,0.12132398477697098,0.0812897673147377,0.14474868975229568,amacGFP_to_ppluGFP,46,mlp_small
oneshot_fancy,1,960,6281,0.5206686614700711,0.7215737394543063,-0.901811842391081,0.32246152991096394,0.2185527821950235,0.41111332135988116,amacGFP_to_ppluGFP,46,mlp_small
oneshot_random,1,960,6281,0.11169119339125344,0.3342023240362841,0.5920329952593311,0.6801225270192098,0.49790867929700233,0.7831932863376121,amacGFP_to_ppluGFP,46,mlp_small
iterative_fancy,1,96,6281,0.48366512575847886,0.6954603696534253,-0.7666514848847312,0.28837642893829196,0.19716580431591563,0.33452723855245975,amacGFP_to_ppluGFP,46,mlp_small
iterative_fancy,2,192,6281,0.4747472083170485,0.6890190188355098,-0.7340776000811169,0.33860001801221934,0.23179421414494056,0.39879072024784373,amacGFP_to_ppluGFP,46,mlp_small
iterative_fancy,3,288,6281,0.288128994601816,0.5367764847697932,-0.05242964407118955,0.4087002164132563,0.28061601869074104,0.5261796527743735,amacGFP_to_ppluGFP,46,mlp_small
iterative_fancy,4,384,6281,0.21732615130213864,0.46618253002674676,0.2061871996660566,0.42548602828391896,0.2925834778377779,0.5323102626278039,amacGFP_to_ppluGFP,46,mlp_small
iterative_fancy,5,480,6281,0.1962894383611731,0.443045639140228,0.28302660398732027,0.447110276701781,0.3083861433212744,0.5731787964842588,amacGFP_to_ppluGFP,46,mlp_small
iterative_fancy,6,576,6281,0.19793749111574407,0.44490166454593544,0.2770068711371063,0.49672036144003406,0.34599539314820393,0.5979965981962763,amacGFP_to_ppluGFP,46,mlp_small
iterative_fancy,7,672,6281,0.19428524698657443,0.4407780019313287,0.2903471807239113,0.48295080452362965,0.33444266927456806,0.5758906358206215,amacGFP_to_ppluGFP,46,mlp_small
iterative_fancy,8,768,6281,0.20142869444001654,0.4488080819682468,0.2642547846037052,0.49122190028391527,0.34137956359435967,0.604346397321093,amacGFP_to_ppluGFP,46,mlp_small
iterative_fancy,9,864,6281,0.16083640220979303,0.40104413997687716,0.4125235547180287,0.521618978014097,0.3639500588050454,0.6431828800407529,amacGFP_to_ppluGFP,46,mlp_small
iterative_fancy,10,960,6281,0.44493859920616136,0.6670371797779802,-0.6251976731574749,0.5227941763597463,0.36409336046622537,0.618905085847161,amacGFP_to_ppluGFP,46,mlp_small
iterative_random,1,96,6281,0.2793089015545621,0.5284968321140271,-0.02021307593571131,0.4000926526681191,0.27361660874964727,0.44976010318969006,amacGFP_to_ppluGFP,46,mlp_small
iterative_random,2,192,6281,0.17901315703751616,0.42309946470955995,0.34613052946853395,0.5008940833911941,0.34923664173444297,0.6064791167510148,amacGFP_to_ppluGFP,46,mlp_small
iterative_random,3,288,6281,0.2441629464286247,0.4941284715826692,0.10816222032646894,0.5452451466827021,0.38258417621398144,0.6546080309137856,amacGFP_to_ppluGFP,46,mlp_small
iterative_random,4,384,6281,0.19177787792397422,0.43792451167293,0.29950568118567233,0.5759792213727783,0.4074847338287231,0.680452002602136,amacGFP_to_ppluGFP,46,mlp_small
iterative_random,5,480,6281,0.17223450489776654,0.4150114515260591,0.3708904619723006,0.6012424878971061,0.4273993586317176,0.7140775984225473,amacGFP_to_ppluGFP,46,mlp_small
iterative_random,6,576,6281,0.17182108621005554,0.4145130712173689,0.37240052895796216,0.6221219553494047,0.4447640493660061,0.7403586574161118,amacGFP_to_ppluGFP,46,mlp_small
iterative_random,7,672,6281,0.12927692380152084,0.3595510030600955,0.5277987656498235,0.63249835383568,0.4533853022715082,0.7592620317718823,amacGFP_to_ppluGFP,46,mlp_small
iterative_random,8,768,6281,0.12138721378598762,0.3484066787333268,0.5566169854716345,0.6588966858642865,0.47675961838513137,0.7861650605439221,amacGFP_to_ppluGFP,46,mlp_small
iterative_random,9,864,6281,0.10858221416029644,0.32951815452308003,0.6033889572304009,0.6587230684298094,0.4743894091455066,0.777122455520814,amacGFP_to_ppluGFP,46,mlp_small
iterative_random,10,960,6281,0.1360443599848877,0.36884191733707233,0.5030798009250899,0.6896247856430389,0.5024451277423958,0.8026980137831804,amacGFP_to_ppluGFP,46,mlp_small
source_only,0,0,4904,0.7586917849591847,0.8710291527607928,-0.2755802755288297,-0.15709752842752955,-0.1106792118617668,-0.24710822617012868,ppluGFP_to_cgreGFP,42,aubin_1_10_1
oneshot_fancy,1,960,4904,1.2038797369737935,1.0972145355279401,-1.024069954408719,0.1970292615425794,0.13665441066597311,0.07035679121802257,ppluGFP_to_cgreGFP,42,aubin_1_10_1
oneshot_random,1,960,4904,0.47621663813104137,0.6900845152088557,0.1993421274341518,0.5437826522162157,0.3897476553712275,0.5780747480325085,ppluGFP_to_cgreGFP,42,aubin_1_10_1
iterative_fancy,1,96,4904,0.9100434956700646,0.9539619990702274,-0.5300462664328043,0.29136144458894747,0.20301253204049471,0.30533938177442266,ppluGFP_to_cgreGFP,42,aubin_1_10_1
iterative_fancy,2,192,4904,0.9792471050509995,0.9895691512223891,-0.646397544872535,0.2888962396984231,0.20079546670614315,0.2404361598340703,ppluGFP_to_cgreGFP,42,aubin_1_10_1
iterative_fancy,3,288,4904,0.5499054053828292,0.741556070289246,0.07545000167524163,0.3201794991234091,0.22475013701919616,0.3534424872287594,ppluGFP_to_cgreGFP,42,aubin_1_10_1
iterative_fancy,4,384,4904,0.6729423650807304,0.8203306437533163,-0.1314107052192206,0.3962970493629661,0.27871381265317074,0.41170027613301907,ppluGFP_to_cgreGFP,42,aubin_1_10_1
iterative_fancy,5,480,4904,0.5246568495061917,0.7243320022656681,0.11790012503272462,0.42306839535788443,0.2993950837522539,0.4376672098636687,ppluGFP_to_cgreGFP,42,aubin_1_10_1
iterative_fancy,6,576,4904,0.46801604061041724,0.684116978747361,0.2131297031694308,0.4532133451973753,0.3222647236114527,0.47457388330007755,ppluGFP_to_cgreGFP,42,aubin_1_10_1
iterative_fancy,7,672,4904,0.5524372247786801,0.7432612089828717,0.07119328116426049,0.43769191642929806,0.31058347391858476,0.443752421818324,ppluGFP_to_cgreGFP,42,aubin_1_10_1
iterative_fancy,8,768,4904,0.63961753706755,0.7997609249441673,-0.07538203304730517,0.4369149750971098,0.3095162822827742,0.42246101731569413,ppluGFP_to_cgreGFP,42,aubin_1_10_1
iterative_fancy,9,864,4904,0.46293649245406415,0.6803943653897085,0.22166989243375956,0.49371044043966755,0.3520626701195205,0.5160010756443745,ppluGFP_to_cgreGFP,42,aubin_1_10_1
iterative_fancy,10,960,4904,0.7018355602821922,0.8377562654389356,-0.17998852117378727,0.47624195301372846,0.3380538721169176,0.4645090756199147,ppluGFP_to_cgreGFP,42,aubin_1_10_1
iterative_random,1,96,4904,0.5545189394749281,0.7446602846096522,0.06769331680659274,0.3193901431827288,0.2265092472554222,0.38307258521044474,ppluGFP_to_cgreGFP,42,aubin_1_10_1
iterative_random,2,192,4904,0.5783974243375359,0.7605244403288667,0.027546678996490548,0.35129657749188065,0.2481920918368104,0.3490856758755892,ppluGFP_to_cgreGFP,42,aubin_1_10_1
iterative_random,3,288,4904,0.5702859947581834,0.7551728244303971,0.04118433763849072,0.3814251137334143,0.26947673513459225,0.40894568195719483,ppluGFP_to_cgreGFP,42,aubin_1_10_1
iterative_random,4,384,4904,0.503672796255826,0.7096990885268389,0.15318038634233289,0.4061186423419766,0.2873026697434199,0.4508831118371364,ppluGFP_to_cgreGFP,42,aubin_1_10_1
iterative_random,5,480,4904,0.4818347620315877,0.6941431855399776,0.1898964366080681,0.44935196274364125,0.31942139272501485,0.48273458107477635,ppluGFP_to_cgreGFP,42,aubin_1_10_1
iterative_random,6,576,4904,0.4839533425483553,0.6956675517431838,0.18633449014590386,0.4578735779782135,0.3259299763169961,0.4858123906711443,ppluGFP_to_cgreGFP,42,aubin_1_10_1
iterative_random,7,672,4904,0.4551293211955906,0.6746327305990946,0.23479600485834606,0.4821606852847681,0.3440054845611934,0.5111892223634178,ppluGFP_to_cgreGFP,42,aubin_1_10_1
iterative_random,8,768,4904,0.45326817851615264,0.6732519428238976,0.23792512387465858,0.5023133954522631,0.35825498547003154,0.5177957782711795,ppluGFP_to_cgreGFP,42,aubin_1_10_1
iterative_random,9,864,4904,0.4497208594631879,0.6706123019026626,0.24388919295339906,0.5099307926560106,0.3638760536393329,0.5296752676730108,ppluGFP_to_cgreGFP,42,aubin_1_10_1
iterative_random,10,960,4904,0.578450292198214,0.7605591970374259,0.02745779283530192,0.5404454824216095,0.38443038016133046,0.537726781320675,ppluGFP_to_cgreGFP,42,aubin_1_10_1
source_only,0,0,4904,47.71335002121989,6.9074850720953345,-79.21993828461629,0.1726182561367758,0.1221741065364616,0.25966249814560494,ppluGFP_to_cgreGFP,42,aubin_linear
oneshot_fancy,1,960,4904,0.4863396243481219,0.6973805448592052,0.182322460417917,0.5340544055759906,0.3828923445285208,0.5322412484580339,ppluGFP_to_cgreGFP,42,aubin_linear
oneshot_random,1,960,4904,0.4590114659327288,0.6775038493859122,0.2282689969855668,0.5311373129025454,0.3785650606503982,0.5367948528429477,ppluGFP_to_cgreGFP,42,aubin_linear
iterative_fancy,1,96,4904,0.5512721238012281,0.742477019039127,0.0731521528105602,0.30060293644879077,0.21007086813121992,0.34758110252448227,ppluGFP_to_cgreGFP,42,aubin_linear
iterative_fancy,2,192,4904,0.6498374892508822,0.8061249836414216,-0.09256472789170478,0.31292815956081665,0.21846860145441216,0.3569935667936238,ppluGFP_to_cgreGFP,42,aubin_linear
iterative_fancy,3,288,4904,0.6444384214706484,0.8027692205551036,-0.08348733374662376,0.33285607004082146,0.23329030266090894,0.37439774639380596,ppluGFP_to_cgreGFP,42,aubin_linear
iterative_fancy,4,384,4904,0.5920559016794663,0.7694516889834386,0.004582829068866756,0.34259659280823807,0.2402007153329864,0.3807215853501273,ppluGFP_to_cgreGFP,42,aubin_linear
iterative_fancy,5,480,4904,0.6388565180924357,0.7992850042959868,-0.0741025400921902,0.33954642019460585,0.2394741359736857,0.36681477697549647,ppluGFP_to_cgreGFP,42,aubin_linear
iterative_fancy,6,576,4904,0.5661608698303768,0.7524366218030438,0.04811986547247871,0.3516937403618137,0.24780589680831797,0.3835404657457424,ppluGFP_to_cgreGFP,42,aubin_linear
iterative_fancy,7,672,4904,0.5553020022069017,0.7451858843314879,0.06637676192197517,0.36701609150072917,0.2591671991831086,0.3924311380771701,ppluGFP_to_cgreGFP,42,aubin_linear
iterative_fancy,8,768,4904,0.5152714503103988,0.7178241081981008,0.133679694983863,0.38625289713301864,0.27276558114537786,0.40834777237191744,ppluGFP_to_cgreGFP,42,aubin_linear
iterative_fancy,9,864,4904,0.5583403805162259,0.7472217746534331,0.061268369399737566,0.3969617677316071,0.27979569754913686,0.4178971747972215,ppluGFP_to_cgreGFP,42,aubin_linear
iterative_fancy,10,960,4904,0.5985875418506755,0.773684394214253,-0.0063987467626080985,0.4056012871479341,0.2854316593974934,0.42761065338979365,ppluGFP_to_cgreGFP,42,aubin_linear
iterative_random,1,96,4904,0.6005611212163154,0.7749587867856687,-0.009716904360869805,0.314852114111617,0.22230049258966797,0.34993742831918395,ppluGFP_to_cgreGFP,42,aubin_linear
iterative_random,2,192,4904,0.623603721477015,0.7896858372017412,-0.04845817844890399,0.3517309784285526,0.24828389618681548,0.3738808473395458,ppluGFP_to_cgreGFP,42,aubin_linear
iterative_random,3,288,4904,0.5776486648894525,0.7600320157002944,0.028805560141674458,0.370285820524827,0.261603892274205,0.3881476027519942,ppluGFP_to_cgreGFP,42,aubin_linear
iterative_random,4,384,4904,0.5971886534156903,0.772779822081096,-0.004046810797690981,0.4068551591292221,0.2874789996346359,0.420395256794707,ppluGFP_to_cgreGFP,42,aubin_linear
iterative_random,5,480,4904,0.5871163423378912,0.7662351743021794,0.012887656656074942,0.44243345048531996,0.3139943965883394,0.4548253621309446,ppluGFP_to_cgreGFP,42,aubin_linear
iterative_random,6,576,4904,0.49509025609081736,0.7036265032606556,0.16761011810621107,0.45486695625111656,0.3237405495937,0.4667368618046977,ppluGFP_to_cgreGFP,42,aubin_linear
iterative_random,7,672,4904,0.5500674357774279,0.7416653125078911,0.07517758172885025,0.4801731771704917,0.3420237091436171,0.4867377852652992,ppluGFP_to_cgreGFP,42,aubin_linear
iterative_random,8,768,4904,0.4913832590320041,0.7009873458429932,0.17384265208563188,0.49218069481317595,0.3509648192875621,0.5007566405586784,ppluGFP_to_cgreGFP,42,aubin_linear
iterative_random,9,864,4904,0.46103911236364475,0.6789986099865336,0.2248599370164227,0.5130902441549787,0.3662946487287962,0.5193224040321724,ppluGFP_to_cgreGFP,42,aubin_linear
iterative_random,10,960,4904,0.4687212802041338,0.6846322225867942,0.211943991483736,0.5208592335388499,0.3721141483372151,0.5295182377778376,ppluGFP_to_cgreGFP,42,aubin_linear
source_only,0,0,4904,14.991817237913665,3.871926812055422,-24.205579844316553,0.01780393033656764,0.012589106252565362,0.029785996340062574,ppluGFP_to_cgreGFP,42,mlp_small
oneshot_fancy,1,960,4904,0.45742542290589594,0.6763323317023192,0.2309355939374198,0.5335453394854065,0.37952563070760287,0.5340059014578623,ppluGFP_to_cgreGFP,42,mlp_small
oneshot_random,1,960,4904,0.4154618191535108,0.6445632778506009,0.30148854613464127,0.5760674739596693,0.41182355799898174,0.5871291960028873,ppluGFP_to_cgreGFP,42,mlp_small
iterative_fancy,1,96,4904,0.7382278498712528,0.8592018679398066,-0.24117448324880342,0.3364374595595622,0.2363371501989628,0.33067707828865,ppluGFP_to_cgreGFP,42,mlp_small
iterative_fancy,2,192,4904,0.6116464099504219,0.7820782633153934,-0.028354480169771934,0.36576645933420726,0.25686854804631054,0.38158724943269573,ppluGFP_to_cgreGFP,42,mlp_small
iterative_fancy,3,288,4904,0.5079774780095119,0.7127253875157752,0.14594297156298863,0.38874664198148473,0.2723942540257666,0.39877113237189493,ppluGFP_to_cgreGFP,42,mlp_small
iterative_fancy,4,384,4904,0.48384281572264703,0.6955881078070895,0.18652031770010347,0.42710407403407774,0.2998535032900048,0.44087990534404964,ppluGFP_to_cgreGFP,42,mlp_small
iterative_fancy,5,480,4904,0.5263908129759962,0.725527954648197,0.11498483104323043,0.4195359896687375,0.29587561098800874,0.4323735942293848,ppluGFP_to_cgreGFP,42,mlp_small
iterative_fancy,6,576,4904,0.5430150369375164,0.7368955400445278,0.08703470346615405,0.3751974988081801,0.2632327208082618,0.3909139753092342,ppluGFP_to_cgreGFP,42,mlp_small
iterative_fancy,7,672,4904,0.5205791451216567,0.721511708236018,0.12475592522124268,0.43864384036658793,0.30945783049782705,0.4467282791582474,ppluGFP_to_cgreGFP,42,mlp_small
iterative_fancy,8,768,4904,0.4796921139261296,0.6925980897505635,0.1934988476462589,0.43139197090757603,0.30434028768750604,0.4444423004417744,ppluGFP_to_cgreGFP,42,mlp_small
iterative_fancy,9,864,4904,0.4853907138707307,0.69669987359747,0.1839178533194864,0.4964808018217044,0.35199061192449577,0.5128144540808446,ppluGFP_to_cgreGFP,42,mlp_small
iterative_fancy,10,960,4904,0.45123451737937975,0.6717399179588628,0.241344296303574,0.4999597710483974,0.3543624024483999,0.5077425646944602,ppluGFP_to_cgreGFP,42,mlp_small
iterative_random,1,96,4904,0.9973334452232732,0.9986658326103247,-0.6768059125886796,0.3691107661199394,0.2611870321423255,0.3880642822839586,ppluGFP_to_cgreGFP,42,mlp_small
iterative_random,2,192,4904,0.5308800828277578,0.7286151815792461,0.10743707029511396,0.3409266037652938,0.23948855217269208,0.3588662762332245,ppluGFP_to_cgreGFP,42,mlp_small
iterative_random,3,288,4904,0.5192539369710372,0.7205927677759729,0.1269839833225852,0.3612459575046182,0.25383359133087113,0.373548320880973,ppluGFP_to_cgreGFP,42,mlp_small
iterative_random,4,384,4904,0.49808094168041883,0.7057484974694731,0.16258191083676077,0.41771134119784653,0.2939451095252813,0.429988917866609,ppluGFP_to_cgreGFP,42,mlp_small
iterative_random,5,480,4904,0.5047150197608828,0.710432980485058,0.15142810725865397,0.4651092722674816,0.3279091985061393,0.4760407169564713,ppluGFP_to_cgreGFP,42,mlp_small
iterative_random,6,576,4904,0.48264964328404886,0.6947299067148678,0.1885263855897965,0.49896269098544194,0.35403052616386327,0.5113201442038372,ppluGFP_to_cgreGFP,42,mlp_small
iterative_random,7,672,4904,0.48490593304384044,0.6963518744455568,0.18473291006979653,0.5012842493039157,0.3545998328484044,0.509348762125762,ppluGFP_to_cgreGFP,42,mlp_small
iterative_random,8,768,4904,0.5364104335857349,0.7324004598481182,0.09813895150236729,0.5427203380420752,0.3847651678575229,0.5519785021612169,ppluGFP_to_cgreGFP,42,mlp_small
iterative_random,9,864,4904,0.4592825541973473,0.6777038838588335,0.22781321922425457,0.5590123414346837,0.3982214067547387,0.5669461295148784,ppluGFP_to_cgreGFP,42,mlp_small
iterative_random,10,960,4904,0.454608691611927,0.6742467586958999,0.23567133373489868,0.5664755115896596,0.40409729677012557,0.5710809540922782,ppluGFP_to_cgreGFP,42,mlp_small
source_only,0,0,4904,0.6781017395929604,0.823469331300784,-0.14008510567054588,-0.16967370032894885,-0.12037771111536341,-0.23865854513373985,ppluGFP_to_cgreGFP,43,aubin_1_10_1
oneshot_fancy,1,960,4904,0.611331006192556,0.7818765926874623,-0.027824195249943617,0.21508516931524269,0.1504659213608687,0.3029254751715905,ppluGFP_to_cgreGFP,43,aubin_1_10_1
oneshot_random,1,960,4904,0.37714090692584396,0.6141179910455676,0.3659170805499877,0.5944423034708491,0.42540902256145496,0.6208690490797493,ppluGFP_to_cgreGFP,43,aubin_1_10_1
iterative_fancy,1,96,4904,0.7441924631910938,0.8626659047343264,-0.2512027229803764,0.25171177330876743,0.17645974458644764,0.35149306284017323,ppluGFP_to_cgreGFP,43,aubin_1_10_1
iterative_fancy,2,192,4904,0.5320933017272462,0.7294472576734018,0.10539729850798507,0.32158978766493307,0.22412789639858094,0.3678150787217568,ppluGFP_to_cgreGFP,43,aubin_1_10_1
iterative_fancy,3,288,4904,1.0577447235139825,1.0284671718212413,-0.7783747400556298,0.2597926527255794,0.17916063424201037,0.19215747084233978,ppluGFP_to_cgreGFP,43,aubin_1_10_1
iterative_fancy,4,384,4904,0.5510916109631449,0.7423554478571197,0.07345564708887387,0.3074989947255286,0.21458059990286324,0.33806552110922805,ppluGFP_to_cgreGFP,43,aubin_1_10_1
iterative_fancy,5,480,4904,0.8182926415105246,0.9045952915588963,-0.3757865497085382,0.3519314233661181,0.2445350073944842,0.3383854925896068,ppluGFP_to_cgreGFP,43,aubin_1_10_1
iterative_fancy,6,576,4904,0.50076168517435,0.7076451689754901,0.1580748058536815,0.40323641572708036,0.28460919104181315,0.4254078321792544,ppluGFP_to_cgreGFP,43,aubin_1_10_1
iterative_fancy,7,672,4904,0.8239940373960238,0.9077411731303279,-0.3853722448204411,0.40441521333183905,0.28391534493726034,0.35549982593793594,ppluGFP_to_cgreGFP,43,aubin_1_10_1
iterative_fancy,8,768,4904,0.5074103543105832,0.7123274207206847,0.14689647049164423,0.4351506695571975,0.30787455466303454,0.4524872725831499,ppluGFP_to_cgreGFP,43,aubin_1_10_1
iterative_fancy,9,864,4904,0.4641785594622103,0.6813065091881996,0.21958161863419334,0.4813257866535126,0.34216970333844204,0.49929706383636063,ppluGFP_to_cgreGFP,43,aubin_1_10_1
iterative_fancy,10,960,4904,0.44140181780352156,0.6643807777197663,0.25787590753598,0.5226041645320929,0.3743263592205142,0.5386917973281236,ppluGFP_to_cgreGFP,43,aubin_1_10_1
iterative_random,1,96,4904,0.6081988141313893,0.7798710240362757,-0.022558074683464602,0.289460769931723,0.203933050433835,0.36005791959750155,ppluGFP_to_cgreGFP,43,aubin_1_10_1
iterative_random,2,192,4904,0.5589675081476251,0.7476412964434382,0.06021398650972787,0.33422296661354234,0.23571934883067164,0.3568937847944109,ppluGFP_to_cgreGFP,43,aubin_1_10_1
iterative_random,3,288,4904,0.5303920807067343,0.7282802212793742,0.1082575429723387,0.38969957763956903,0.2752925341898784,0.433370095854156,ppluGFP_to_cgreGFP,43,aubin_1_10_1
iterative_random,4,384,4904,0.4899077226240146,0.699934084485114,0.17632345545686823,0.4133363208975127,0.29296638275785114,0.4446612468860046,ppluGFP_to_cgreGFP,43,aubin_1_10_1
iterative_random,5,480,4904,0.5868090466108516,0.7660346249425359,0.013404309631547817,0.46067747188501645,0.3277699875800117,0.5023643912117686,ppluGFP_to_cgreGFP,43,aubin_1_10_1
iterative_random,6,576,4904,0.4544712703689955,0.6741448437605938,0.23590237858130036,0.46944610557808664,0.33315859766939004,0.5125270992339077,ppluGFP_to_cgreGFP,43,aubin_1_10_1
iterative_random,7,672,4904,0.4247000987737353,0.6516901861879887,0.28595632673145865,0.5274262517589866,0.37412780878052965,0.5592805085321799,ppluGFP_to_cgreGFP,43,aubin_1_10_1
iterative_random,8,768,4904,0.4047896201874946,0.6362307916059192,0.31943159859342307,0.5407163693262176,0.38443752633903566,0.5769739814542145,ppluGFP_to_cgreGFP,43,aubin_1_10_1
iterative_random,9,864,4904,0.4145207259706162,0.6438328400839897,0.30307079590369557,0.5610305654724472,0.4011441076512022,0.5805703247828062,ppluGFP_to_cgreGFP,43,aubin_1_10_1
iterative_random,10,960,4904,0.40407197563743835,0.6356665601063488,0.3206381665977699,0.5698819148590691,0.4068566043201727,0.5823536104726263,ppluGFP_to_cgreGFP,43,aubin_1_10_1
source_only,0,0,4904,47.29402148551969,6.877064888854815,-78.51492576212755,0.16253797988539725,0.11392339368251106,0.258880834622724,ppluGFP_to_cgreGFP,43,aubin_linear
oneshot_fancy,1,960,4904,0.5018739089732528,0.7084305957348629,0.1562048360346061,0.47371543113205156,0.33612875253008184,0.4803033558878449,ppluGFP_to_cgreGFP,43,aubin_linear
oneshot_random,1,960,4904,0.43121746294964514,0.6566715030741361,0.27499875297616094,0.5714361402457048,0.4058483525812881,0.5652797969573464,ppluGFP_to_cgreGFP,43,aubin_linear
iterative_fancy,1,96,4904,0.6831508227007437,0.8265293840516159,-0.14857407437888748,0.2854435329627868,0.20108671125083244,0.3311212792152585,ppluGFP_to_cgreGFP,43,aubin_linear
iterative_fancy,2,192,4904,0.573597907320258,0.7573624675941223,0.035616054941603914,0.3188396744173992,0.2255295980976382,0.34498892058373903,ppluGFP_to_cgreGFP,43,aubin_linear
iterative_fancy,3,288,4904,0.6423011981147043,0.8014369582909839,-0.07989404328099892,0.28720872942322984,0.202227647276909,0.3319726816133657,ppluGFP_to_cgreGFP,43,aubin_linear
iterative_fancy,4,384,4904,0.7047968032776134,0.8395217705799018,-0.18496722692873413,0.3173104521900687,0.22351128189218744,0.35951525529009987,ppluGFP_to_cgreGFP,43,aubin_linear
iterative_fancy,5,480,4904,0.818970977464065,0.9049701528028784,-0.37692702859558036,0.30214096858076395,0.2125661804926348,0.34404340032497316,ppluGFP_to_cgreGFP,43,aubin_linear
iterative_fancy,6,576,4904,0.7110762072032326,0.8432533469860838,-0.19552472069417548,0.29533582195047164,0.2066723061912503,0.3396934988628111,ppluGFP_to_cgreGFP,43,aubin_linear
iterative_fancy,7,672,4904,0.5536935636960523,0.7441058820464009,0.06908101215838813,0.3279435956273953,0.23012997310873423,0.3708324788195806,ppluGFP_to_cgreGFP,43,aubin_linear
iterative_fancy,8,768,4904,0.5636174649979188,0.7507446070388509,0.05239606445246736,0.34613295666603267,0.2427639405502718,0.38399672736434864,ppluGFP_to_cgreGFP,43,aubin_linear
iterative_fancy,9,864,4904,0.9458785649972222,0.9725628848548675,-0.5902953801205049,0.36718469407630416,0.2580581910204705,0.4015035974558401,ppluGFP_to_cgreGFP,43,aubin_linear
iterative_fancy,10,960,4904,0.7113239891308074,0.8434002544052305,-0.1959413137636048,0.3616454783575064,0.25388524398941525,0.3970936979378821,ppluGFP_to_cgreGFP,43,aubin_linear
iterative_random,1,96,4904,0.568205620729022,0.7537941501026802,0.04468204794711561,0.3001831257473622,0.21160069775993492,0.34072122963888013,ppluGFP_to_cgreGFP,43,aubin_linear
iterative_random,2,192,4904,0.5626482251705245,0.7500988102713698,0.05402563686987216,0.3401830571552189,0.23997722029821242,0.36911111483493214,ppluGFP_to_cgreGFP,43,aubin_linear
iterative_random,3,288,4904,0.5557454209662299,0.7454833472091982,0.0656312467675847,0.391034152540936,0.2765385261518435,0.4082653940272073,ppluGFP_to_cgreGFP,43,aubin_linear
iterative_random,4,384,4904,0.6239589364329797,0.7899107142158408,-0.049055397504631504,0.4189473387484513,0.2970626748882571,0.4360908657873584,ppluGFP_to_cgreGFP,43,aubin_linear
iterative_random,5,480,4904,0.5006783025351149,0.7075862509511578,0.15821499618134605,0.45232039404389196,0.3213811721175213,0.46799478937192335,ppluGFP_to_cgreGFP,43,aubin_linear
iterative_random,6,576,4904,0.49209747054593606,0.7014965933958169,0.17264185600771442,0.47407636422516997,0.3367780281063512,0.48773171187425707,ppluGFP_to_cgreGFP,43,aubin_linear
iterative_random,7,672,4904,0.5085689378056267,0.7131401950567832,0.14494855661788297,0.5052065827360985,0.3574789851432591,0.5151229945945031,ppluGFP_to_cgreGFP,43,aubin_linear
iterative_random,8,768,4904,0.45324135661405884,0.6732320228673461,0.23797021924795947,0.5339208802284073,0.3795313951805943,0.5353070096926018,ppluGFP_to_cgreGFP,43,aubin_linear
iterative_random,9,864,4904,0.4600519546434533,0.6782712987024095,0.22651963459279756,0.5525687860149858,0.3945739346460296,0.5506531247419372,ppluGFP_to_cgreGFP,43,aubin_linear
iterative_random,10,960,4904,0.4419028352926125,0.664757726764129,0.25703355226148106,0.5637888326638753,0.40224209568861663,0.5593600990583449,ppluGFP_to_cgreGFP,43,aubin_linear
source_only,0,0,4904,13.64342207907461,3.6937003233985575,-21.938537677349906,0.049716670623214484,0.0346407587656056,0.06100008004251338,ppluGFP_to_cgreGFP,43,mlp_small
oneshot_fancy,1,960,4904,0.49767817966546685,0.7054630958919587,0.16325907024745956,0.44206462018234854,0.31387808885168816,0.4455246748139051,ppluGFP_to_cgreGFP,43,mlp_small
oneshot_random,1,960,4904,0.42711996086019394,0.6535441537189312,0.2818878388313917,0.6006698265970761,0.42912918269845446,0.5948203342910972,ppluGFP_to_cgreGFP,43,mlp_small
iterative_fancy,1,96,4904,0.5537639194649832,0.7441531559195211,0.06896272376658397,0.34640737513303327,0.24325180699911472,0.34080256892184857,ppluGFP_to_cgreGFP,43,mlp_small
iterative_fancy,2,192,4904,0.5221933706058149,0.722629483626163,0.12204194540932345,0.353608770475532,0.24827258612339825,0.3497374910190926,ppluGFP_to_cgreGFP,43,mlp_small
iterative_fancy,3,288,4904,0.5390214488863004,0.7341808012242628,0.09374907977509594,0.3990689537955997,0.2813372430078933,0.41382579008358245,ppluGFP_to_cgreGFP,43,mlp_small
iterative_fancy,4,384,4904,0.5084229409287205,0.7130378257348768,0.14519401958474554,0.4228981140726324,0.29856727830050006,0.4323798553267665,ppluGFP_to_cgreGFP,43,mlp_small
iterative_fancy,5,480,4904,0.5723804800916323,0.7565583124198904,0.03766290214690238,0.35921172363624987,0.25215357533730587,0.3672455742210517,ppluGFP_to_cgreGFP,43,mlp_small
iterative_fancy,6,576,4904,0.5327796176809644,0.7299175416997213,0.1042434029331295,0.41646424620813405,0.2948562615292043,0.42079087838540075,ppluGFP_to_cgreGFP,43,mlp_small
iterative_fancy,7,672,4904,0.5613177199172618,0.7492113986834835,0.05626260093247981,0.4293157361374263,0.3039477034273639,0.43021743573872606,ppluGFP_to_cgreGFP,43,mlp_small
iterative_fancy,8,768,4904,0.519126764061844,0.7205045205006309,0.1271977977565416,0.4265668030631103,0.3007180751167463,0.4290875359667465,ppluGFP_to_cgreGFP,43,mlp_small
iterative_fancy,9,864,4904,0.7682315400600537,0.8764881859215523,-0.2916193623902996,0.4299714790499151,0.3024170307286818,0.43659025709749644,ppluGFP_to_cgreGFP,43,mlp_small
iterative_fancy,10,960,4904,0.5121920407951749,0.7156759328042092,0.13885707282789317,0.4770833676267199,0.3375123549588757,0.47333517622163357,ppluGFP_to_cgreGFP,43,mlp_small
iterative_random,1,96,4904,2.8062228008641803,1.67517843851459,-3.7180719819105263,0.0684821404072027,0.05812968915300909,0.04489349071683437,ppluGFP_to_cgreGFP,43,mlp_small
iterative_random,2,192,4904,0.7594638585767016,0.8714722362626945,-0.2768783545344089,0.3656230424887155,0.257530443222027,0.37921352160648547,ppluGFP_to_cgreGFP,43,mlp_small
iterative_random,3,288,4904,0.534591600769256,0.7311577126511462,0.10119693540463104,0.4225055035370315,0.2987845621961857,0.4287661008098988,ppluGFP_to_cgreGFP,43,mlp_small
iterative_random,4,384,4904,0.543460271380181,0.737197579608195,0.08628613562304821,0.45822828883023303,0.3252671238172327,0.46789286417963194,ppluGFP_to_cgreGFP,43,mlp_small
iterative_random,5,480,4904,0.5466530441847111,0.7393598881361573,0.08091816130931218,0.5021181027698255,0.357658307597427,0.5097810907286241,ppluGFP_to_cgreGFP,43,mlp_small
iterative_random,6,576,4904,0.465739939382123,0.6824514190637477,0.21695648749671237,0.5285886822917782,0.37545578268773455,0.5334912223019884,ppluGFP_to_cgreGFP,43,mlp_small
iterative_random,7,672,4904,0.4231876450859427,0.650528742705457,0.2884991987251272,0.54847963826224,0.38900171181557863,0.5482157420192868,ppluGFP_to_cgreGFP,43,mlp_small
iterative_random,8,768,4904,0.5057088573941787,0.7111320956012172,0.14975717881677186,0.5676677199083461,0.4049921589315799,0.5604347924548982,ppluGFP_to_cgreGFP,43,mlp_small
iterative_random,9,864,4904,0.4303060967038175,0.655977207457559,0.27653102316809797,0.5746294790245601,0.4106807869317256,0.568410504041764,ppluGFP_to_cgreGFP,43,mlp_small
iterative_random,10,960,4904,0.43485723253529135,0.6594370572960632,0.26887924781878014,0.5962227066378956,0.4275172488070092,0.5829749965864028,ppluGFP_to_cgreGFP,43,mlp_small
source_only,0,0,4904,0.7462937990155543,0.8638829776165023,-0.2547356761282584,-0.16169217444743555,-0.1137388796154234,-0.24275143618084413,ppluGFP_to_cgreGFP,44,aubin_1_10_1
oneshot_fancy,1,960,4904,0.6284886091452284,0.7927727348649349,-0.05667108714420821,0.19213529018805958,0.1345304520664012,0.31454960287936173,ppluGFP_to_cgreGFP,44,aubin_1_10_1
oneshot_random,1,960,4904,0.37726910032190913,0.6142223541372531,0.3657015503825132,0.5860047791855053,0.4200160525234062,0.6114252531589937,ppluGFP_to_cgreGFP,44,aubin_1_10_1
iterative_fancy,1,96,4904,0.9396333965063681,0.969346891729874,-0.5797954460204984,0.23849679668932017,0.16616959764785752,0.32020145538951605,ppluGFP_to_cgreGFP,44,aubin_1_10_1
iterative_fancy,2,192,4904,0.6953117187984331,0.8338535355795004,-0.1690200571910021,0.30470982018491777,0.21307206100260037,0.30357245740255734,ppluGFP_to_cgreGFP,44,aubin_1_10_1
iterative_fancy,3,288,4904,0.5601209624356529,0.748412294417758,0.05827469631613291,0.29828577326470057,0.2078726083653531,0.3352952895733647,ppluGFP_to_cgreGFP,44,aubin_1_10_1
iterative_fancy,4,384,4904,0.5659848866457098,0.7523196705162705,0.04841574409359495,0.36337571494246784,0.25484301285200034,0.38196458977742503,ppluGFP_to_cgreGFP,44,aubin_1_10_1
iterative_fancy,5,480,4904,0.5173540366319839,0.7192732697883217,0.13017826517196252,0.36931246619820235,0.25871292089751796,0.4140860127264233,ppluGFP_to_cgreGFP,44,aubin_1_10_1
iterative_fancy,6,576,4904,0.5238502950224594,0.7237750306707599,0.11925617634497598,0.40041004628584836,0.2808733070842609,0.4393444052645603,ppluGFP_to_cgreGFP,44,aubin_1_10_1
iterative_fancy,7,672,4904,0.5152476797801727,0.7178075506569799,0.13371966011871284,0.4319565454539475,0.30456925104920046,0.4554630304385226,ppluGFP_to_cgreGFP,44,aubin_1_10_1
iterative_fancy,8,768,4904,0.4443695103184758,0.6666104637031104,0.2528863582737405,0.48919458620503425,0.3482216980664762,0.5221933412824674,ppluGFP_to_cgreGFP,44,aubin_1_10_1
iterative_fancy,9,864,4904,0.8106800208328896,0.9003777100933195,-0.36298753306702225,0.46242741999352294,0.32800461660150415,0.4092465703261712,ppluGFP_to_cgreGFP,44,aubin_1_10_1
iterative_fancy,10,960,4904,0.5053942406836658,0.710910852838572,0.1502861404824154,0.5303512095800131,0.3792849369525655,0.5548729921273734,ppluGFP_to_cgreGFP,44,aubin_1_10_1
iterative_random,1,96,4904,0.5275918272313735,0.7263551660388832,0.11296557879197444,0.33857697170927,0.24051333087870605,0.37660580933117704,ppluGFP_to_cgreGFP,44,aubin_1_10_1
iterative_random,2,192,4904,0.5149664046588593,0.7176115973553238,0.13419256493178333,0.38091440280614375,0.2692487419566339,0.4139975111219586,ppluGFP_to_cgreGFP,44,aubin_1_10_1
iterative_random,3,288,4904,0.49968385897456585,0.7068832003765303,0.1598869433621518,0.42668278143987015,0.3018844124129609,0.44915665287576095,ppluGFP_to_cgreGFP,44,aubin_1_10_1
iterative_random,4,384,4904,0.4854820022367206,0.696765385360611,0.18376437117910938,0.4508411323427376,0.32026629470644086,0.4711743348482937,ppluGFP_to_cgreGFP,44,aubin_1_10_1
iterative_random,5,480,4904,0.47567238217583324,0.689690062401825,0.20025717907312524,0.48347720961005336,0.3437576181016074,0.5176013651429885,ppluGFP_to_cgreGFP,44,aubin_1_10_1
iterative_random,6,576,4904,0.43880964541388684,0.6624270868660843,0.26223409888131843,0.5039187696518749,0.3585746181917401,0.5410497726758292,ppluGFP_to_cgreGFP,44,aubin_1_10_1
iterative_random,7,672,4904,0.459412064604646,0.6777994280055465,0.22759547478006648,0.5199084581604346,0.3707441452842641,0.5494995589857026,ppluGFP_to_cgreGFP,44,aubin_1_10_1
iterative_random,8,768,4904,0.4363095208373106,0.6605372970826936,0.2664375312361542,0.5412956784182805,0.38584980117946427,0.5652705783523934,ppluGFP_to_cgreGFP,44,aubin_1_10_1
iterative_random,9,864,4904,0.39688365662022934,0.6299870289301434,0.33272380945609326,0.5509111326581507,0.3924684201363842,0.5907238109285912,ppluGFP_to_cgreGFP,44,aubin_1_10_1
iterative_random,10,960,4904,0.4291633894297505,0.6551056322683774,0.2784522445235942,0.5451893145315734,0.38868844681985576,0.5862308380107759,ppluGFP_to_cgreGFP,44,aubin_1_10_1
source_only,0,0,4904,46.37634650551285,6.81001809876544,-76.97204876378754,0.1897220735645529,0.13502639107056943,0.26694370678913354,ppluGFP_to_cgreGFP,44,aubin_linear
oneshot_fancy,1,960,4904,0.4545194519728984,0.6741805781635202,0.23582137137283932,0.4942771781147437,0.35281285742731316,0.5050973152109581,ppluGFP_to_cgreGFP,44,aubin_linear
oneshot_random,1,960,4904,0.47422835629899984,0.688642400886701,0.2026850041298326,0.5739860667445542,0.41026939491866055,0.5674565923116426,ppluGFP_to_cgreGFP,44,aubin_linear
iterative_fancy,1,96,4904,0.6478920482773747,0.8049174170543054,-0.089293879067178,0.2650352150241955,0.18713838804163263,0.3186272037075528,ppluGFP_to_cgreGFP,44,aubin_linear
iterative_fancy,2,192,4904,0.5873915444021337,0.7664147339411826,0.012424962408039253,0.25322832391917327,0.17722577832782863,0.3079113488558079,ppluGFP_to_cgreGFP,44,aubin_linear
iterative_fancy,3,288,4904,0.5587657228066014,0.7475063362986306,0.060553246016688766,0.2872742167859636,0.20123514098691975,0.3381943212772392,ppluGFP_to_cgreGFP,44,aubin_linear
iterative_fancy,4,384,4904,0.7040782357699787,0.8390936990408037,-0.18375910716581356,0.2891026843742256,0.20225603037602674,0.3338772929660583,ppluGFP_to_cgreGFP,44,aubin_linear
iterative_fancy,5,480,4904,0.5761363794688417,0.7590364809868111,0.03134814922955398,0.29712164697212523,0.20830593632863217,0.3417144122135722,ppluGFP_to_cgreGFP,44,aubin_linear
iterative_fancy,6,576,4904,0.8009262801398955,0.894944847540839,-0.34658867454863773,0.29402053739137296,0.20548366341196406,0.3401399541103624,ppluGFP_to_cgreGFP,44,aubin_linear
iterative_fancy,7,672,4904,0.9859255223071127,0.992937823988548,-0.6576258954261232,0.3314408055631988,0.23214803390704136,0.36820435264690404,ppluGFP_to_cgreGFP,44,aubin_linear
iterative_fancy,8,768,4904,0.7165848615099429,0.8465133557776527,-0.20478636147854834,0.34300152572896137,0.240448651356402,0.38238533354743687,ppluGFP_to_cgreGFP,44,aubin_linear
iterative_fancy,9,864,4904,0.5874261769236107,0.7664373274597283,0.01236673512501918,0.3491853053675362,0.24503349528828952,0.38533223081260864,ppluGFP_to_cgreGFP,44,aubin_linear
iterative_fancy,10,960,4904,1.1587671095638987,1.076460454249899,-0.9482225828645039,0.35008938059255756,0.24605155039725998,0.38262888343394036,ppluGFP_to_cgreGFP,44,aubin_linear
iterative_random,1,96,4904,0.5511879110145914,0.742420306170697,0.07329373885605417,0.34560286651372957,0.24606309416935437,0.3725140175931885,ppluGFP_to_cgreGFP,44,aubin_linear
iterative_random,2,192,4904,0.5404975851644447,0.7351854086993598,0.09126726784866956,0.37763087226822395,0.26713901110289373,0.4033001175932734,ppluGFP_to_cgreGFP,44,aubin_linear
iterative_random,3,288,4904,0.5104702461802146,0.7144720051760003,0.1417519074536211,0.42240783722982134,0.29843151594122197,0.43605578583453086,ppluGFP_to_cgreGFP,44,aubin_linear
iterative_random,4,384,4904,0.5224853089596402,0.72283145266351,0.12155111261899632,0.432091547672969,0.30630386410977856,0.4509559576618065,ppluGFP_to_cgreGFP,44,aubin_linear
iterative_random,5,480,4904,0.6939827237758095,0.833056254868667,-0.16678563226280052,0.47133243657596097,0.33481607984653655,0.48169429461228763,ppluGFP_to_cgreGFP,44,aubin_linear
iterative_random,6,576,4904,0.5597454816614902,0.7481614008096716,0.05890598807236036,0.5054156833687578,0.3593521317146447,0.5080538810591297,ppluGFP_to_cgreGFP,44,aubin_linear
iterative_random,7,672,4904,0.727396752465184,0.852875578537212,-0.22296427656486495,0.50969007972999,0.3626554893837337,0.5113589571007779,ppluGFP_to_cgreGFP,44,aubin_linear
iterative_random,8,768,4904,0.48300863263697424,0.6949882248189347,0.18792282068136512,0.5368547648437089,0.3823174101921509,0.5372302504589583,ppluGFP_to_cgreGFP,44,aubin_linear
iterative_random,9,864,4904,0.4705409018638824,0.685959839833122,0.2088846813078319,0.5450318715834342,0.3876727203157729,0.5467822222216006,ppluGFP_to_cgreGFP,44,aubin_linear
iterative_random,10,960,4904,0.4524985165953277,0.6726800997467725,0.23921914812072675,0.5324571948591013,0.37883321565572786,0.5388594356664278,ppluGFP_to_cgreGFP,44,aubin_linear
source_only,0,0,4904,14.04869299125012,3.748158613406071,-22.619915269759804,0.07364451134587317,0.05181812857393412,0.06810501923407063,ppluGFP_to_cgreGFP,44,mlp_small
oneshot_fancy,1,960,4904,0.5747650539004578,0.758132609706546,0.03365374404557386,0.4793783434711427,0.3413521028065368,0.47642879519626397,ppluGFP_to_cgreGFP,44,mlp_small
oneshot_random,1,960,4904,0.523062979302161,0.723230930825114,0.12057988173277134,0.5806213566791751,0.41508118738109256,0.5737024442583687,ppluGFP_to_cgreGFP,44,mlp_small
iterative_fancy,1,96,4904,0.7231220421028638,0.8503658283955581,-0.2157772523610011,0.32892987843971017,0.2324261335117627,0.3503565518442263,ppluGFP_to_cgreGFP,44,mlp_small
iterative_fancy,2,192,4904,0.575455212742154,0.7585876434151522,0.03249338746480923,0.34844194336691103,0.24466927608261352,0.3550991347478353,ppluGFP_to_cgreGFP,44,mlp_small
iterative_fancy,3,288,4904,0.5116521420224848,0.7152986383479873,0.13976479878312142,0.3667153464552257,0.25778980293084847,0.3804839625421899,ppluGFP_to_cgreGFP,44,mlp_small
iterative_fancy,4,384,4904,0.6410335502538014,0.800645708321603,-0.07776276067093191,0.3836626738120666,0.2704530590227518,0.39963524385399807,ppluGFP_to_cgreGFP,44,mlp_small
iterative_fancy,5,480,4904,0.5747811264847582,0.7581432097465216,0.03362672138378053,0.37541262532206715,0.2646043070202556,0.3944477949166278,ppluGFP_to_cgreGFP,44,mlp_small
iterative_fancy,6,576,4904,0.52214121670126,0.7225933965248091,0.12212963120381981,0.4124599157772207,0.29130031268758655,0.42318676653584697,ppluGFP_to_cgreGFP,44,mlp_small
iterative_fancy,7,672,4904,0.6021961348600883,0.7760129733838786,-0.012465835080251786,0.42142170631036835,0.29675787314023944,0.42876226977007315,ppluGFP_to_cgreGFP,44,mlp_small
iterative_fancy,8,768,4904,0.8470134372584535,0.9203333294293179,-0.42407451233030447,0.44129088747677353,0.31115231343279004,0.41934768461073824,ppluGFP_to_cgreGFP,44,mlp_small
iterative_fancy,9,864,4904,0.6130269067003575,0.7829603481022251,-0.030675494393939795,0.4773007266944973,0.3377436996710277,0.47989893710978926,ppluGFP_to_cgreGFP,44,mlp_small
iterative_fancy,10,960,4904,0.479543457325045,0.692490763349985,0.1937487823785572,0.48307161958891437,0.34320714258132123,0.48329678962237926,ppluGFP_to_cgreGFP,44,mlp_small
iterative_random,1,96,4904,0.5195903217653317,0.7208261383754974,0.1264184232135971,0.3848638543498952,0.27400017270439964,0.3943096260645607,ppluGFP_to_cgreGFP,44,mlp_small
iterative_random,2,192,4904,0.48061367154410534,0.6932630608536022,0.19194944281078086,0.4247868583198461,0.2996146991065264,0.43908823034692357,ppluGFP_to_cgreGFP,44,mlp_small
iterative_random,3,288,4904,0.48269313146305814,0.6947612046329719,0.1884532693857428,0.4586204697961599,0.32297814807821007,0.4708945535006801,ppluGFP_to_cgreGFP,44,mlp_small
iterative_random,4,384,4904,0.49146292600826486,0.7010441683719114,0.17370870886185652,0.4518288915909699,0.31795342520741493,0.4621935381868543,ppluGFP_to_cgreGFP,44,mlp_small
iterative_random,5,480,4904,0.4475144544966462,0.6689652117237833,0.2475987977111478,0.5115974491394286,0.3628172303892786,0.5176071714283701,ppluGFP_to_cgreGFP,44,mlp_small
iterative_random,6,576,4904,0.44443082393656436,0.6666564512074898,0.2527832723521508,0.5484129791709081,0.3903606746906598,0.5464745504389401,ppluGFP_to_cgreGFP,44,mlp_small
iterative_random,7,672,4904,0.5022873816137562,0.7087223586241345,0.15550966896524698,0.5562350646523018,0.3959048504454746,0.5562813300197225,ppluGFP_to_cgreGFP,44,mlp_small
iterative_random,8,768,4904,0.44785541647927285,0.6692200060363355,0.24702554202502325,0.578734884125521,0.41301885861711535,0.5747089205633245,ppluGFP_to_cgreGFP,44,mlp_small
iterative_random,9,864,4904,0.4264814633317543,0.65305548258303,0.28296133780607124,0.5815472666239284,0.4136868742186074,0.5765851280551244,ppluGFP_to_cgreGFP,44,mlp_small
iterative_random,10,960,4904,0.48000914164429576,0.6928269204096329,0.19296583237957798,0.5696547784105193,0.40517673763580875,0.5671915669872366,ppluGFP_to_cgreGFP,44,mlp_small
source_only,0,0,4904,0.7483673372783638,0.8650822719709171,-0.2582218935370004,-0.19868365497970641,-0.1407382143971334,-0.2546959817044807,ppluGFP_to_cgreGFP,45,aubin_1_10_1
oneshot_fancy,1,960,4904,0.7087692332485713,0.8418843348397518,-0.1916460303866443,0.2350662462206048,0.16497367919136655,0.31046545032831746,ppluGFP_to_cgreGFP,45,aubin_1_10_1
oneshot_random,1,960,4904,0.4039176976973078,0.6355451972104799,0.32089755242648343,0.5783766577342344,0.41402746246975203,0.5932689660673929,ppluGFP_to_cgreGFP,45,aubin_1_10_1
iterative_fancy,1,96,4904,2.323140500692036,1.5241851923870786,-2.9058709461634016,0.20819070260701567,0.1454894369989817,0.3083358738802114,ppluGFP_to_cgreGFP,45,aubin_1_10_1
iterative_fancy,2,192,4904,0.6950412340390792,0.8336913301930633,-0.16856529409655074,0.3001901599262886,0.21002107964450695,0.3221389676901605,ppluGFP_to_cgreGFP,45,aubin_1_10_1
iterative_fancy,3,288,4904,0.5876047857381304,0.7665538374687915,0.012066442060887583,0.28743658743240047,0.20030744746303167,0.3106412079934964,ppluGFP_to_cgreGFP,45,aubin_1_10_1
iterative_fancy,4,384,4904,0.4961545958255142,0.7043824215761735,0.16582065524532885,0.4020588509184651,0.2831133731321476,0.43121349930787833,ppluGFP_to_cgreGFP,45,aubin_1_10_1
iterative_fancy,5,480,4904,0.5401467891750525,0.7349467934313698,0.09185705734379024,0.4365708276742829,0.3082877760905654,0.4653227497442135,ppluGFP_to_cgreGFP,45,aubin_1_10_1
iterative_fancy,6,576,4904,0.4561723106924151,0.6754052936514602,0.23304243792100976,0.4664786318559349,0.32920140862792385,0.49973000758922687,ppluGFP_to_cgreGFP,45,aubin_1_10_1
iterative_fancy,7,672,4904,0.8879429229087861,0.9423072338196211,-0.4928888129700739,0.419181131301024,0.2951214822414255,0.43397955796045595,ppluGFP_to_cgreGFP,45,aubin_1_10_1
iterative_fancy,8,768,4904,0.45787575267090086,0.6766651702806203,0.230178459384085,0.468321937142175,0.33163215977809934,0.4945813854762316,ppluGFP_to_cgreGFP,45,aubin_1_10_1
iterative_fancy,9,864,4904,0.4490528816743825,0.6701140810894683,0.24501225677033145,0.5206386908295303,0.3709012996172163,0.5387169534022263,ppluGFP_to_cgreGFP,45,aubin_1_10_1
iterative_fancy,10,960,4904,0.4385097991104308,0.6622007241844657,0.2627382272216554,0.5271606720754625,0.37619543107304826,0.5461717532640478,ppluGFP_to_cgreGFP,45,aubin_1_10_1
iterative_random,1,96,4904,0.8671508961356397,0.9312093728778935,-0.4579314036954767,0.2851303240747153,0.1996124180349584,0.3558744503726529,ppluGFP_to_cgreGFP,45,aubin_1_10_1
iterative_random,2,192,4904,0.528591181111974,0.7270427642938028,0.11128537594328303,0.3719321048852938,0.2628263676069259,0.3941990597237733,ppluGFP_to_cgreGFP,45,aubin_1_10_1
iterative_random,3,288,4904,0.5090168415587875,0.7134541621987971,0.1441955008919693,0.4255746306869042,0.3014232979874605,0.44516633386149035,ppluGFP_to_cgreGFP,45,aubin_1_10_1
iterative_random,4,384,4904,0.5499819389336735,0.7416076718411653,0.07532132664565971,0.4520902323330679,0.3213040385098678,0.45069054262325614,ppluGFP_to_cgreGFP,45,aubin_1_10_1
iterative_random,5,480,4904,0.5943550907296513,0.7709442851008439,0.0007172274368604237,0.44850324433597427,0.3175745182985409,0.4508248215230204,ppluGFP_to_cgreGFP,45,aubin_1_10_1
iterative_random,6,576,4904,0.44848545784139765,0.6696905687266304,0.2459662603111229,0.5181497195067565,0.37038724937462064,0.537365327687831,ppluGFP_to_cgreGFP,45,aubin_1_10_1
iterative_random,7,672,4904,0.4331801384465141,0.6581642184489477,0.2716989279342903,0.5369647477239741,0.3837276315236133,0.5495840110921626,ppluGFP_to_cgreGFP,45,aubin_1_10_1
iterative_random,8,768,4904,0.5039744134754474,0.7099115532764961,0.15267328057983987,0.5583930384508115,0.40127998820568406,0.5761447878793301,ppluGFP_to_cgreGFP,45,aubin_1_10_1
iterative_random,9,864,4904,0.4127900752275011,0.642487412505102,0.3059805202417094,0.56852822267197,0.4091401831532936,0.5903127288314334,ppluGFP_to_cgreGFP,45,aubin_1_10_1
iterative_random,10,960,4904,0.5947293802146394,0.7711869943241,8.793858221145534e-05,0.5887290613545962,0.42414413191479167,0.6018954229392524,ppluGFP_to_cgreGFP,45,aubin_1_10_1
source_only,0,0,4904,49.8354329568522,7.059421573815535,-82.78777332565936,0.19244731376645952,0.13632069314144024,0.2643493166385006,ppluGFP_to_cgreGFP,45,aubin_linear
oneshot_fancy,1,960,4904,0.4984929976025149,0.7060403654200763,0.16188912568070568,0.501233464537492,0.35747563359972256,0.49902988840390794,ppluGFP_to_cgreGFP,45,aubin_linear
oneshot_random,1,960,4904,0.44596931377289845,0.6678093393872974,0.2501966260641133,0.5609826288792457,0.39970896289384594,0.5603858232665344,ppluGFP_to_cgreGFP,45,aubin_linear
iterative_fancy,1,96,4904,0.5669797053152934,0.7529805477668685,0.046743166246034695,0.27914109278270777,0.19573395948752126,0.3271731013019146,ppluGFP_to_cgreGFP,45,aubin_linear
iterative_fancy,2,192,4904,0.5675483661693997,0.7533580597361389,0.0457870829150383,0.3018640680657639,0.21159452386317637,0.33677246077907796,ppluGFP_to_cgreGFP,45,aubin_linear
iterative_fancy,3,288,4904,0.601198200644195,0.775369718678899,-0.010788019098446844,0.33717265198838514,0.23657265961573068,0.36435940218189056,ppluGFP_to_cgreGFP,45,aubin_linear
iterative_fancy,4,384,4904,0.5629115421976745,0.7502743113006566,0.053582924805892884,0.34281537993948785,0.24062134405422653,0.36911166710962534,ppluGFP_to_cgreGFP,45,aubin_linear
iterative_fancy,5,480,4904,0.5602952210695377,0.7485287042388806,0.05798171716355649,0.3661117305329505,0.25886961738409947,0.3882759495220316,ppluGFP_to_cgreGFP,45,aubin_linear
iterative_fancy,6,576,4904,0.5776886971103047,0.7600583511220074,0.02873825440261557,0.3662968045851992,0.25923377828253413,0.39160184189001,ppluGFP_to_cgreGFP,45,aubin_linear
iterative_fancy,7,672,4904,0.5392322878943844,0.7343243751193231,0.09339459843582798,0.38743912579631234,0.2745567053747739,0.4069830680438268,ppluGFP_to_cgreGFP,45,aubin_linear
iterative_fancy,8,768,4904,0.5503418196623626,0.7418502676836901,0.07471626307681734,0.3907567948532651,0.2766034402636336,0.40952775613705134,ppluGFP_to_cgreGFP,45,aubin_linear
iterative_fancy,9,864,4904,0.5443784921876899,0.7378200947302058,0.08474234093084465,0.4052261965628222,0.2877378219429884,0.42695487608846366,ppluGFP_to_cgreGFP,45,aubin_linear
iterative_fancy,10,960,4904,0.6345203860319637,0.7965678791113558,-0.06681224825289744,0.3936004938890819,0.2803319445595767,0.4160436085330852,ppluGFP_to_cgreGFP,45,aubin_linear
iterative_random,1,96,4904,0.613548018362822,0.7832930603310756,-0.03155163378435577,0.3036369295240817,0.21414155649615166,0.347846495895049,ppluGFP_to_cgreGFP,45,aubin_linear
iterative_random,2,192,4904,0.5956859922954273,0.7718069656950676,-0.0015204029416806542,0.37466972934202547,0.2653501909113276,0.39914697281369116,ppluGFP_to_cgreGFP,45,aubin_linear
iterative_random,3,288,4904,0.5646569549493746,0.7514365940978485,0.050648381262832,0.43233120452780005,0.3070044122265433,0.4464944480551547,ppluGFP_to_cgreGFP,45,aubin_linear
iterative_random,4,384,4904,0.5218954798880621,0.722423338415961,0.12254278584461187,0.44219349262512186,0.31364321617928803,0.4568403307731934,ppluGFP_to_cgreGFP,45,aubin_linear
iterative_random,5,480,4904,0.5507252627982908,0.7421086596976826,0.07407158428804783,0.4760336890512193,0.33836389757558194,0.48089625923634133,ppluGFP_to_cgreGFP,45,aubin_linear
iterative_random,6,576,4904,0.5097510021388245,0.7139684881973605,0.14296116466541253,0.5131730434169454,0.3668253697669119,0.5119561084948594,ppluGFP_to_cgreGFP,45,aubin_linear
iterative_random,7,672,4904,0.47708348644166515,0.6907123036703958,0.19788470476419806,0.5305831200048292,0.38034024803617955,0.5226198383142093,ppluGFP_to_cgreGFP,45,aubin_linear
iterative_random,8,768,4904,0.48862335648093397,0.6990159915773987,0.1784828463335716,0.546844849370257,0.3921203560818583,0.5417651030925534,ppluGFP_to_cgreGFP,45,aubin_linear
iterative_random,9,864,4904,0.44817790674248864,0.6694609075535991,0.24648334264055216,0.5585687230589237,0.4019107506002775,0.5513652713257253,ppluGFP_to_cgreGFP,45,aubin_linear
iterative_random,10,960,4904,0.43065610288984124,0.6562439355070957,0.27594256156082086,0.5813858146228917,0.41891297198629474,0.5692662072900359,ppluGFP_to_cgreGFP,45,aubin_linear
source_only,0,0,4904,14.861005753409362,3.854997503683934,-23.985647913123554,0.11939261686094534,0.08313071223751121,0.13344352602130125,ppluGFP_to_cgreGFP,45,mlp_small
oneshot_fancy,1,960,4904,0.5350586988290418,0.7314770665092938,0.1004116084990122,0.37193562533159075,0.2601927823693095,0.3768514215809712,ppluGFP_to_cgreGFP,45,mlp_small
oneshot_random,1,960,4904,0.4224354492619374,0.6499503436893755,0.2897638574119059,0.6066702695891288,0.4349926382521456,0.6092592999547919,ppluGFP_to_cgreGFP,45,mlp_small
iterative_fancy,1,96,4904,0.5736942400643087,0.7574260624406244,0.03545409174306313,0.3444217782475877,0.2406228934664262,0.37259237704572773,ppluGFP_to_cgreGFP,45,mlp_small
iterative_fancy,2,192,4904,0.4863300868062049,0.6973737067069599,0.18233849578377648,0.4295088418329178,0.3024993072361606,0.43412351976701286,ppluGFP_to_cgreGFP,45,mlp_small
iterative_fancy,3,288,4904,0.6721623033174843,0.819855050187217,-0.13009919583080087,0.3938325828785278,0.2771684399920674,0.39185069636631,ppluGFP_to_cgreGFP,45,mlp_small
iterative_fancy,4,384,4904,0.5299141573841972,0.7279520295899979,0.10906107027489975,0.42683329800651715,0.3001113449808334,0.4221426993850472,ppluGFP_to_cgreGFP,45,mlp_small
iterative_fancy,5,480,4904,0.503456518768355,0.7095466994978942,0.1535440113380533,0.4161563496285176,0.2925502377993692,0.4027422352941578,ppluGFP_to_cgreGFP,45,mlp_small
iterative_fancy,6,576,4904,0.45878187630890777,0.6773343903190711,0.22865500353185875,0.49304498425030113,0.3483765456922673,0.479822537809352,ppluGFP_to_cgreGFP,45,mlp_small
iterative_fancy,7,672,4904,0.4858093055653673,0.6970002192003725,0.1832140796398921,0.45981790531281214,0.324514261300725,0.4498714549575734,ppluGFP_to_cgreGFP,45,mlp_small
iterative_fancy,8,768,4904,0.4474752899602399,0.6689359386071583,0.24766464462175164,0.5148708393499554,0.36531601308749523,0.5089218598355013,ppluGFP_to_cgreGFP,45,mlp_small
iterative_fancy,9,864,4904,0.4371649202103918,0.661184482735637,0.26499935754080983,0.5366890584202606,0.3824165135250666,0.5284386594320841,ppluGFP_to_cgreGFP,45,mlp_small
iterative_fancy,10,960,4904,0.5116985390520159,0.71533106954194,0.13968679196021072,0.4895631536780382,0.3471269042566381,0.48260388192675274,ppluGFP_to_cgreGFP,45,mlp_small
iterative_random,1,96,4904,0.5102121988861645,0.7142913963405723,0.14218575957245172,0.35498611999367025,0.2498575240113898,0.38831220261828137,ppluGFP_to_cgreGFP,45,mlp_small
iterative_random,2,192,4904,0.49228969534064715,0.7016335905161947,0.1723186705436538,0.40062394847482663,0.2834266778557207,0.41927444058256935,ppluGFP_to_cgreGFP,45,mlp_small
iterative_random,3,288,4904,0.4895226218941984,0.6996589325479939,0.17697092114027702,0.4401463140033895,0.3117344236985958,0.4519523905648889,ppluGFP_to_cgreGFP,45,mlp_small
iterative_random,4,384,4904,0.7124329456070061,0.844057430277707,-0.19780579026842826,0.4578115834821638,0.32436092455507415,0.469129855652221,ppluGFP_to_cgreGFP,45,mlp_small
iterative_random,5,480,4904,0.561409644899942,0.7492727439991008,0.05610804845536088,0.49926827867224194,0.35448047103149705,0.4990644612445683,ppluGFP_to_cgreGFP,45,mlp_small
iterative_random,6,576,4904,0.4806712896210315,0.6933046153178497,0.19185257016249613,0.5246011668088967,0.37404090212426017,0.5221780558982247,ppluGFP_to_cgreGFP,45,mlp_small
iterative_random,7,672,4904,0.4395210669638273,0.6629638504200869,0.26103799353962287,0.5626280401414182,0.40327962508408743,0.5569761130280089,ppluGFP_to_cgreGFP,45,mlp_small
iterative_random,8,768,4904,0.4172262001088353,0.6459304917007985,0.29852211155639985,0.5869521630100276,0.4217752784839959,0.581035114337323,ppluGFP_to_cgreGFP,45,mlp_small
iterative_random,9,864,4904,0.49793964084906456,0.7056483832965711,0.1628194783931315,0.6125224080451098,0.44131008523877446,0.6148847411255147,ppluGFP_to_cgreGFP,45,mlp_small
iterative_random,10,960,4904,0.42142884191922714,0.64917550933413,0.29145625542783116,0.613301178447278,0.44162163912462243,0.6017452981587199,ppluGFP_to_cgreGFP,45,mlp_small
source_only,0,0,4904,1.2837232436124826,1.133015111819998,-1.1583099767952092,-0.17810481877868412,-0.12618104802877125,-0.19643166164519799,ppluGFP_to_cgreGFP,46,aubin_1_10_1
oneshot_fancy,1,960,4904,0.6665713628759335,0.8164382174273407,-0.12069920825971847,0.20738196357635696,0.1447281530774268,0.28315517047867833,ppluGFP_to_cgreGFP,46,aubin_1_10_1
oneshot_random,1,960,4904,0.4134588960799175,0.6430076951949467,0.3048560389910647,0.5956608666283857,0.42839842234451886,0.6197378942390812,ppluGFP_to_cgreGFP,46,aubin_1_10_1
iterative_fancy,1,96,4904,0.9008022897887301,0.9491060477042226,-0.5145091271385314,0.2949444583673197,0.20773887423757104,0.3264390135555444,ppluGFP_to_cgreGFP,46,aubin_1_10_1
iterative_fancy,2,192,4904,0.6381459486746537,0.7988403774688994,-0.07290786743105748,0.2995280168781394,0.20854640018180207,0.3535986596939633,ppluGFP_to_cgreGFP,46,aubin_1_10_1
iterative_fancy,3,288,4904,0.7505946523867729,0.8663686584744239,-0.2619666542896515,0.35994074727826947,0.2517233223019672,0.3877342792208815,ppluGFP_to_cgreGFP,46,aubin_1_10_1
iterative_fancy,4,384,4904,0.5050513202333976,0.710669628050473,0.15086268891896026,0.36730326496259397,0.25771411788428805,0.40488485229002946,ppluGFP_to_cgreGFP,46,aubin_1_10_1
iterative_fancy,5,480,4904,0.5591040414733379,0.7477326002478011,0.05998443450892288,0.36272857923571517,0.2534607722979176,0.3824769215323205,ppluGFP_to_cgreGFP,46,aubin_1_10_1
iterative_fancy,6,576,4904,0.5073652807281849,0.7122957817705963,0.14697225221723376,0.3807398963283625,0.26678545654652486,0.4268489765550415,ppluGFP_to_cgreGFP,46,aubin_1_10_1
iterative_fancy,7,672,4904,0.5722463426116554,0.7564696574295994,0.037888426038237055,0.43130586987950864,0.3041007531507538,0.45121453414384,ppluGFP_to_cgreGFP,46,aubin_1_10_1
iterative_fancy,8,768,4904,0.5427985224369037,0.7367486154971068,0.08739872694950102,0.4274507478086908,0.29983256192452057,0.4532212286374645,ppluGFP_to_cgreGFP,46,aubin_1_10_1
iterative_fancy,9,864,4904,0.45674132433918685,0.6758264010374164,0.23208576144352844,0.46929077999555896,0.3306322199872728,0.5016412288369096,ppluGFP_to_cgreGFP,46,aubin_1_10_1
iterative_fancy,10,960,4904,0.43577653131543365,0.6601337222983186,0.2673336407428709,0.4890166475839808,0.3460697279485209,0.5293882972935491,ppluGFP_to_cgreGFP,46,aubin_1_10_1
iterative_random,1,96,4904,0.5373667591863569,0.7330530398179635,0.09653109163447327,0.34295511130590856,0.2428237795388956,0.3785839455477541,ppluGFP_to_cgreGFP,46,aubin_1_10_1
iterative_random,2,192,4904,0.5486284054500925,0.7406945426085523,0.07759700782232715,0.38184663434004157,0.2697067456614709,0.40077764492565443,ppluGFP_to_cgreGFP,46,aubin_1_10_1
iterative_random,3,288,4904,0.5563532731470932,0.7458909257707143,0.06460927148365836,0.41075761388822096,0.2912870310546345,0.4540059026968526,ppluGFP_to_cgreGFP,46,aubin_1_10_1
iterative_random,4,384,4904,0.5311603518770076,0.7288074861559859,0.1069658569801003,0.42631356596622333,0.3012557333258906,0.4518191788746941,ppluGFP_to_cgreGFP,46,aubin_1_10_1
iterative_random,5,480,4904,0.47976115073923065,0.6926479269724487,0.1933827768005968,0.457563410878964,0.3245301505304369,0.478608487102987,ppluGFP_to_cgreGFP,46,aubin_1_10_1
iterative_random,6,576,4904,0.4468533334158827,0.6684708919735269,0.2487103334191607,0.4852938254242973,0.3446560964396585,0.5146476529394036,ppluGFP_to_cgreGFP,46,aubin_1_10_1
iterative_random,7,672,4904,0.4807809470553515,0.6933836939641367,0.19166820430661535,0.5207449311659896,0.3698291164245388,0.5535507571332975,ppluGFP_to_cgreGFP,46,aubin_1_10_1
iterative_random,8,768,4904,0.41381030276605524,0.643280889476794,0.3042652227381244,0.528926817773218,0.37522727594331406,0.566058709718507,ppluGFP_to_cgreGFP,46,aubin_1_10_1
iterative_random,9,864,4904,0.39078269047694647,0.6251261396525876,0.3429812977119593,0.5744912039529556,0.40982730691978375,0.5961093460728001,ppluGFP_to_cgreGFP,46,aubin_1_10_1
iterative_random,10,960,4904,0.3880197945369241,0.6229123490001817,0.3476265247123028,0.6027630262565231,0.43252106907394566,0.6306895872370182,ppluGFP_to_cgreGFP,46,aubin_1_10_1
source_only,0,0,4904,38.43295471685681,6.1994318059687386,-63.6169102381313,0.1998755103437918,0.1415493837498634,0.27184379732125835,ppluGFP_to_cgreGFP,46,aubin_linear
oneshot_fancy,1,960,4904,0.48822314435374614,0.6987296647157226,0.17915571864560764,0.4797226116408158,0.3423736523836307,0.4878471814347437,ppluGFP_to_cgreGFP,46,aubin_linear
oneshot_random,1,960,4904,0.42313722450597646,0.650489988013633,0.288583970299778,0.5810264189390287,0.41635699625710343,0.5725257087617495,ppluGFP_to_cgreGFP,46,aubin_linear
iterative_fancy,1,96,4904,0.7389821650532485,0.8596407185872762,-0.2424427051892022,0.28693092633832384,0.19950688280531814,0.3439636444669425,ppluGFP_to_cgreGFP,46,aubin_linear
iterative_fancy,2,192,4904,0.5531491026465406,0.7437399428876605,0.06999640862019141,0.3102016847060035,0.21601572156235627,0.3596177319761289,ppluGFP_to_cgreGFP,46,aubin_linear
iterative_fancy,3,288,4904,0.6360040463827735,0.7974986184206049,-0.06930671032115243,0.3208631701152946,0.22333231780379145,0.3621185998540876,ppluGFP_to_cgreGFP,46,aubin_linear
iterative_fancy,4,384,4904,0.5921539991035845,0.7695154313615709,0.004417898932853492,0.31656858806074983,0.2199641745100204,0.3526443082230018,ppluGFP_to_cgreGFP,46,aubin_linear
iterative_fancy,5,480,4904,0.660881594234383,0.8129462431393499,-0.11113306190705341,0.3079669683107927,0.21389824265135277,0.34647794089354167,ppluGFP_to_cgreGFP,46,aubin_linear
iterative_fancy,6,576,4904,0.7278627061914053,0.853148701101634,-0.22374767951486385,0.32409867811687193,0.22592793077634252,0.3627168427112241,ppluGFP_to_cgreGFP,46,aubin_linear
iterative_fancy,7,672,4904,0.9672417919187942,0.9834845153426638,-0.626213142014117,0.34434490746802265,0.2400332563035429,0.3847988266592942,ppluGFP_to_cgreGFP,46,aubin_linear
iterative_fancy,8,768,4904,0.6645168262428272,0.8151790148444863,-0.11724493808506131,0.3436947017322574,0.24005380655989636,0.3851306550296584,ppluGFP_to_cgreGFP,46,aubin_linear
iterative_fancy,9,864,4904,0.5877469668654055,0.7666465723300441,0.011827394472525343,0.34335570467439747,0.24022719486926356,0.3839998866966873,ppluGFP_to_cgreGFP,46,aubin_linear
iterative_fancy,10,960,4904,0.6945961267190701,0.8334243377290287,-0.16781693998338776,0.35596820652995464,0.24916989719209315,0.3948975816020811,ppluGFP_to_cgreGFP,46,aubin_linear
iterative_random,1,96,4904,0.5389401607720437,0.734125439398502,0.09388574860061427,0.35062873799034255,0.24789489941898224,0.3810696749100214,ppluGFP_to_cgreGFP,46,aubin_linear
iterative_random,2,192,4904,0.5285321649434978,0.7270021767116641,0.1113845991877388,0.38037067224011467,0.2691545459357211,0.40719585138710146,ppluGFP_to_cgreGFP,46,aubin_linear
iterative_random,3,288,4904,0.5188299653979942,0.7202985251949321,0.12769680213343826,0.40874224973866025,0.2893201035494856,0.4318304333708234,ppluGFP_to_cgreGFP,46,aubin_linear
iterative_random,4,384,4904,0.5349739477989829,0.7314191327815966,0.10055409948733862,0.4277481459311635,0.3027794258607738,0.4459204947960377,ppluGFP_to_cgreGFP,46,aubin_linear
iterative_random,5,480,4904,0.496966034656317,0.7049581793669161,0.1644563919332831,0.4605520422986026,0.3261775088799545,0.47470633488909453,ppluGFP_to_cgreGFP,46,aubin_linear
iterative_random,6,576,4904,0.49327759013908895,0.7023372339119498,0.1706577337256049,0.4872932339581438,0.34536882869152763,0.4998515814130065,ppluGFP_to_cgreGFP,46,aubin_linear
iterative_random,7,672,4904,0.4553199946740882,0.6747740323056958,0.23447542760542228,0.510343982719665,0.36183267029428845,0.5151054410588811,ppluGFP_to_cgreGFP,46,aubin_linear
iterative_random,8,768,4904,0.4566528750871046,0.6757609600199649,0.23223447021246213,0.5312021610852853,0.37577191741895216,0.5339009395963794,ppluGFP_to_cgreGFP,46,aubin_linear
iterative_random,9,864,4904,0.42533454041766017,0.6521767708356839,0.284889646871457,0.5624926696179054,0.39987911445850405,0.5552377142155582,ppluGFP_to_cgreGFP,46,aubin_linear
iterative_random,10,960,4904,0.4296635482176429,0.655487260149,0.277611332974114,0.5824467741176004,0.41550845556314586,0.572029190894074,ppluGFP_to_cgreGFP,46,aubin_linear
source_only,0,0,4904,16.352146314117164,4.043778717254094,-26.492686377211047,-0.04640553789684417,-0.03242239926988843,-0.03838959072097723,ppluGFP_to_cgreGFP,46,mlp_small
oneshot_fancy,1,960,4904,0.5070756848019049,0.7120924692776247,0.14745914670951576,0.510065676248239,0.3636937321695063,0.4987752009158215,ppluGFP_to_cgreGFP,46,mlp_small
oneshot_random,1,960,4904,0.4304034941875313,0.6560514417235369,0.27636726983430093,0.5957373453025019,0.4261270638274878,0.5830108448109051,ppluGFP_to_cgreGFP,46,mlp_small
iterative_fancy,1,96,4904,0.681992367324452,0.825828291671127,-0.146626375909795,0.3523766423975751,0.24889717163782524,0.36400921593996727,ppluGFP_to_cgreGFP,46,mlp_small
iterative_fancy,2,192,4904,0.7982881348479839,0.8934697168052109,-0.34215318946094464,0.31518203817218193,0.2221395580042945,0.3005072255064172,ppluGFP_to_cgreGFP,46,mlp_small
iterative_fancy,3,288,4904,0.5860456263143745,0.7655361691745038,0.014687839902245314,0.37061185407948405,0.2611946293745046,0.373403691040082,ppluGFP_to_cgreGFP,46,mlp_small
iterative_fancy,4,384,4904,0.5446571034997886,0.7380088776564877,0.08427391475133694,0.37637355629042724,0.26459499099002576,0.36839464767014973,ppluGFP_to_cgreGFP,46,mlp_small
iterative_fancy,5,480,4904,0.7881223887473953,0.8877625745363426,-0.3250616307159895,0.38447694402964633,0.27028259378409414,0.38165042887841144,ppluGFP_to_cgreGFP,46,mlp_small
iterative_fancy,6,576,4904,0.5100709170398878,0.7141924929876313,0.14242329520941732,0.389921391713879,0.2751676026669354,0.384875426721323,ppluGFP_to_cgreGFP,46,mlp_small
iterative_fancy,7,672,4904,0.515352914362246,0.7178808496973895,0.13354273035638076,0.4572456725572341,0.3227959912737333,0.4569682326095532,ppluGFP_to_cgreGFP,46,mlp_small
iterative_fancy,8,768,4904,0.5445993998949868,0.7379697825080556,0.08437093119671213,0.5279884472239722,0.3758015208630755,0.5264842872305155,ppluGFP_to_cgreGFP,46,mlp_small
iterative_fancy,9,864,4904,0.5091655926593903,0.7135584017159284,0.14394540727865512,0.47792174440424207,0.3375956564813615,0.4688248994480023,ppluGFP_to_cgreGFP,46,mlp_small
iterative_fancy,10,960,4904,0.4654466909348393,0.6822365359131973,0.2174495229329727,0.540339681874459,0.3847956123510313,0.5277101044349851,ppluGFP_to_cgreGFP,46,mlp_small
iterative_random,1,96,4904,0.5386961149951969,0.7339592052663396,0.09429606012031622,0.3916847787975442,0.27619289911993017,0.40060044210641454,ppluGFP_to_cgreGFP,46,mlp_small
iterative_random,2,192,4904,0.4998578728082084,0.7070062749425979,0.15959437578956948,0.3982656864043453,0.28154328647193355,0.4151297884044237,ppluGFP_to_cgreGFP,46,mlp_small
iterative_random,3,288,4904,0.5226023089899524,0.7229123798842793,0.12135440173605117,0.4158448827010442,0.2930793528746963,0.4325518595871408,ppluGFP_to_cgreGFP,46,mlp_small
iterative_random,4,384,4904,0.4958275534680008,0.7041502350123877,0.1663705080166079,0.44673366693560324,0.31521321190562074,0.46253100122958346,ppluGFP_to_cgreGFP,46,mlp_small
iterative_random,5,480,4904,0.4774306200850378,0.690963544685997,0.19730107273174835,0.43534747730119316,0.3066993207852439,0.44964658770673344,ppluGFP_to_cgreGFP,46,mlp_small
iterative_random,6,576,4904,0.452354674691444,0.6725731742282351,0.23946098795480164,0.5104962315308524,0.3616202882546274,0.520730168592678,ppluGFP_to_cgreGFP,46,mlp_small
iterative_random,7,672,4904,0.48854455425195836,0.6989596227622582,0.1786153356671083,0.5282919629786486,0.372878123930049,0.533997036873838,ppluGFP_to_cgreGFP,46,mlp_small
iterative_random,8,768,4904,0.45247743001702756,0.6726644260082643,0.23925460075629146,0.5706900860830095,0.4047844682571342,0.5719162972915967,ppluGFP_to_cgreGFP,46,mlp_small
iterative_random,9,864,4904,0.45017597831655476,0.6709515469216497,0.2431240065577044,0.5758920977820021,0.40938560872434243,0.5724198258099191,ppluGFP_to_cgreGFP,46,mlp_small
iterative_random,10,960,4904,0.4010051815410844,0.6332496992033114,0.325794334274777,0.5938054754955445,0.42389680563081444,0.5983502191388124,ppluGFP_to_cgreGFP,46,mlp_small
source_only,0,0,6703,0.4251319932629597,0.6520214668728014,-1.45195861883994,-0.21089681922146342,-0.14431732691693958,-0.31204327386671615,ppluGFP_to_amacGFP,42,aubin_1_10_1
oneshot_fancy,1,960,6703,0.3737123400477322,0.6113201616565024,-1.1553945778437273,0.2107428166842119,0.14217918752639433,0.3986266240362939,ppluGFP_to_amacGFP,42,aubin_1_10_1
oneshot_random,1,960,6703,0.12559133652927715,0.35438868002417506,0.2756490573878936,0.47412686170585844,0.33052492133457206,0.6102485964037101,ppluGFP_to_amacGFP,42,aubin_1_10_1
iterative_fancy,1,96,6703,0.33255624052747446,0.5766768943936236,-0.918025820526722,0.21071763227409968,0.14371252713164642,0.21238852446882417,ppluGFP_to_amacGFP,42,aubin_1_10_1
iterative_fancy,2,192,6703,0.9686365366902637,0.9841933431446607,-4.586633662717316,-0.20745851360874357,-0.13986257643095687,-0.2936287956604928,ppluGFP_to_amacGFP,42,aubin_1_10_1
iterative_fancy,3,288,6703,0.88859048831393,0.9426507774960619,-4.124966224531758,-0.024403380548453778,-0.015353253007638007,-0.0761725125582251,ppluGFP_to_amacGFP,42,aubin_1_10_1
iterative_fancy,4,384,6703,0.18729501982815241,0.4327759464528411,-0.08022836533353828,0.28481189487826536,0.19391116433171723,0.38803503504754977,ppluGFP_to_amacGFP,42,aubin_1_10_1
iterative_fancy,5,480,6703,0.6864798982354311,0.8285408247246668,-2.959288714593627,0.2413139477254653,0.16043766020093822,0.1725386949250738,ppluGFP_to_amacGFP,42,aubin_1_10_1
iterative_fancy,6,576,6703,0.6704028303570295,0.8187813080163894,-2.866563853198078,0.2517527187854065,0.16900218144961904,0.18496302951532295,ppluGFP_to_amacGFP,42,aubin_1_10_1
iterative_fancy,7,672,6703,0.1986427021214509,0.4456935069321191,-0.1456763858162038,0.3042774998141372,0.2075979219573244,0.442548771312839,ppluGFP_to_amacGFP,42,aubin_1_10_1
iterative_fancy,8,768,6703,0.3968408878514168,0.6299530838494378,-1.2887890130478046,-0.08994417231956052,-0.058448606894170974,-0.22320986673289334,ppluGFP_to_amacGFP,42,aubin_1_10_1
iterative_fancy,9,864,6703,0.15965483396578198,0.39956830951138,0.07918704688093892,0.4014975304762242,0.27570337788608656,0.5268070009838879,ppluGFP_to_amacGFP,42,aubin_1_10_1
iterative_fancy,10,960,6703,0.1806959100100049,0.425083415355157,-0.04216784659655004,0.3836384970604832,0.26238423111451914,0.49346861256996216,ppluGFP_to_amacGFP,42,aubin_1_10_1
iterative_random,1,96,6703,0.20330219870060526,0.4508904508864712,-0.17255014026837934,0.29921107714685713,0.20559049445073613,0.3960464109242795,ppluGFP_to_amacGFP,42,aubin_1_10_1
iterative_random,2,192,6703,0.17387230400661105,0.41697998034271505,-0.002812540910956285,0.31194971212320177,0.214203332604367,0.450069413606624,ppluGFP_to_amacGFP,42,aubin_1_10_1
iterative_random,3,288,6703,0.21517700554698696,0.46387175549604975,-0.24103836382118904,0.33654452809399926,0.2314887441807149,0.41151450180162485,ppluGFP_to_amacGFP,42,aubin_1_10_1
iterative_random,4,384,6703,0.16955178611681707,0.4117666646497954,0.0221061460982801,0.35922859775702554,0.24876332880164218,0.5106156257559624,ppluGFP_to_amacGFP,42,aubin_1_10_1
iterative_random,5,480,6703,0.15606144075158598,0.395046124840614,0.09991202548065337,0.3720688954224862,0.2559777077235611,0.4976452286443975,ppluGFP_to_amacGFP,42,aubin_1_10_1
iterative_random,6,576,6703,0.15032650687201438,0.38771962404811855,0.13298838947425906,0.40084252809361076,0.27623863497420964,0.5281297998013492,ppluGFP_to_amacGFP,42,aubin_1_10_1
iterative_random,7,672,6703,0.14546066922426923,0.38139306394357675,0.16105222081918658,0.4204446227963388,0.29132236789175714,0.5394440612897837,ppluGFP_to_amacGFP,42,aubin_1_10_1
iterative_random,8,768,6703,0.18521265578713927,0.4303633996834992,-0.06821828249141637,0.44824603781865896,0.31213602093604226,0.5409235270636117,ppluGFP_to_amacGFP,42,aubin_1_10_1
iterative_random,9,864,6703,0.1939153866069487,0.4403582480287484,-0.11841148408346158,0.4687183754279305,0.3265499639450785,0.6159850048434736,ppluGFP_to_amacGFP,42,aubin_1_10_1
iterative_random,10,960,6703,0.16665787956740838,0.40823752836725874,0.038796819156026174,0.4978764167822682,0.3493460191580829,0.638024954406841,ppluGFP_to_amacGFP,42,aubin_1_10_1
source_only,0,0,6703,70.81045849994737,8.414895037963776,-407.400959641635,0.2127448711052844,0.1451410950574308,0.35106943746773134,ppluGFP_to_amacGFP,42,aubin_linear
oneshot_fancy,1,960,6703,0.1470750642102472,0.3835036690961994,0.15174116034194762,0.4480721797884283,0.31177503979340776,0.5815077228352636,ppluGFP_to_amacGFP,42,aubin_linear
oneshot_random,1,960,6703,0.17270210783511014,0.4155744311613867,0.003936592614429579,0.4667536471044849,0.3247142811096797,0.5959924180863272,ppluGFP_to_amacGFP,42,aubin_linear
iterative_fancy,1,96,6703,0.21552970630153767,0.4642517703806176,-0.2430725735929693,0.30934982991958,0.2130120651559245,0.40426242376779864,ppluGFP_to_amacGFP,42,aubin_linear
iterative_fancy,2,192,6703,0.19989046396307447,0.4470911137151738,-0.15287288114074205,0.2938916942486188,0.1990827879695629,0.4157306658541836,ppluGFP_to_amacGFP,42,aubin_linear
iterative_fancy,3,288,6703,0.19994407171671277,0.44715106140622407,-0.15318206510161314,0.3091202901370659,0.21015692388439833,0.4262318551545535,ppluGFP_to_amacGFP,42,aubin_linear
iterative_fancy,4,384,6703,0.19453239153641838,0.4410582631993401,-0.12197007430639073,0.3131586280536231,0.21308622798937193,0.43494700511375256,ppluGFP_to_amacGFP,42,aubin_linear
iterative_fancy,5,480,6703,0.1985815436519905,0.44562489119436594,-0.14532365292692506,0.3270793828583694,0.2223036117244557,0.4483686920046729,ppluGFP_to_amacGFP,42,aubin_linear
iterative_fancy,6,576,6703,0.19115001624545871,0.43720706335266213,-0.10246214646693019,0.326291609227311,0.2213432715613663,0.4622374793472084,ppluGFP_to_amacGFP,42,aubin_linear
iterative_fancy,7,672,6703,0.18279008226063054,0.42753956806432614,-0.054246033561135665,0.3472859708691445,0.23592610970806546,0.4889198702690284,ppluGFP_to_amacGFP,42,aubin_linear
iterative_fancy,8,768,6703,0.16115443705644036,0.40144045269060813,0.07053805131897817,0.3780536906689446,0.25855224128741294,0.5191754214463127,ppluGFP_to_amacGFP,42,aubin_linear
iterative_fancy,9,864,6703,0.15878666178528306,0.3984804409068067,0.08419425004218095,0.40044899812248,0.27506625797189105,0.5332285218926915,ppluGFP_to_amacGFP,42,aubin_linear
iterative_fancy,10,960,6703,0.18412322056756014,0.42909581746686853,-0.061934939626974383,0.4028148525773906,0.27746448953802055,0.5299519297653617,ppluGFP_to_amacGFP,42,aubin_linear
iterative_random,1,96,6703,0.376174568878968,0.613330717377638,-1.1695955396625917,0.2941800769547676,0.20139652295959795,0.40935357220101387,ppluGFP_to_amacGFP,42,aubin_linear
iterative_random,2,192,6703,0.18091257365521107,0.42533818739352697,-0.04341745918904194,0.3037351338222197,0.20791314500729807,0.4275930313054268,ppluGFP_to_amacGFP,42,aubin_linear
iterative_random,3,288,6703,0.17434541922047342,0.41754690661106975,-0.0055412438660797925,0.3326523981948311,0.22883869916720137,0.4580276969539988,ppluGFP_to_amacGFP,42,aubin_linear
iterative_random,4,384,6703,0.1632299569938575,0.40401727313799035,0.05856744200288211,0.3446749465546979,0.23779864449754257,0.47960644410110476,ppluGFP_to_amacGFP,42,aubin_linear
iterative_random,5,480,6703,0.16073384380527997,0.4009162553517629,0.07296383263760686,0.36760046833772503,0.2534758445246197,0.5109536841623694,ppluGFP_to_amacGFP,42,aubin_linear
iterative_random,6,576,6703,0.16543227056517032,0.4067336604771854,0.04586554746626337,0.39691354798963807,0.2732605509133407,0.5370507140052245,ppluGFP_to_amacGFP,42,aubin_linear
iterative_random,7,672,6703,0.14839414042153787,0.3852196002561888,0.1441333577384385,0.42033546288832196,0.2904249982548143,0.5557267638088446,ppluGFP_to_amacGFP,42,aubin_linear
iterative_random,8,768,6703,0.1405551570599009,0.37490686451424293,0.18934487585775306,0.44473423668600937,0.30883204556153876,0.5715824360295231,ppluGFP_to_amacGFP,42,aubin_linear
iterative_random,9,864,6703,0.13688611180391808,0.36998123169144415,0.21050617936086613,0.4698721655092798,0.32760966303480205,0.5907213359448529,ppluGFP_to_amacGFP,42,aubin_linear
iterative_random,10,960,6703,0.13660884679054455,0.3696063403007916,0.2121053117480245,0.4933185619624404,0.3453387953056782,0.6074590382225512,ppluGFP_to_amacGFP,42,aubin_linear
source_only,0,0,6703,14.960810057671935,3.8679206374577975,-85.28681855765677,0.04401641290258827,0.02863409402884782,0.07515338629314759,ppluGFP_to_amacGFP,42,mlp_small
oneshot_fancy,1,960,6703,0.22776715093117791,0.47724956881193503,-0.3136523189608116,0.4373705434872159,0.3020023125264935,0.5738122745655059,ppluGFP_to_amacGFP,42,mlp_small
oneshot_random,1,960,6703,0.09206354977362163,0.3034197583771064,0.4690213441339255,0.547293434775493,0.38456597532578124,0.7024716215350217,ppluGFP_to_amacGFP,42,mlp_small
iterative_fancy,1,96,6703,0.31389191226912777,0.5602605753300225,-0.8103788749589151,0.24852160834520928,0.167341846598511,0.33345435941132906,ppluGFP_to_amacGFP,42,mlp_small
iterative_fancy,2,192,6703,0.4072857521928707,0.638189432843314,-1.3490300100804626,0.2747981599621404,0.1853319924457595,0.37573744894164707,ppluGFP_to_amacGFP,42,mlp_small
iterative_fancy,3,288,6703,0.1492463121366221,0.38632410245365495,0.13921843763210828,0.3409369144762109,0.23267637848618847,0.44224961732303475,ppluGFP_to_amacGFP,42,mlp_small
iterative_fancy,4,384,6703,0.19012504320950888,0.43603330516086597,-0.0965505907397628,0.36652623452499805,0.2509808844828984,0.5024541362412008,ppluGFP_to_amacGFP,42,mlp_small
iterative_fancy,5,480,6703,0.1471040090914245,0.3835414046637266,0.15157422006928234,0.3139592305206996,0.2118540397105842,0.4118041846927919,ppluGFP_to_amacGFP,42,mlp_small
iterative_fancy,6,576,6703,0.13417505128543475,0.36629912815270904,0.22614228369983136,0.35259651522748686,0.2395840162459336,0.47916292223588314,ppluGFP_to_amacGFP,42,mlp_small
iterative_fancy,7,672,6703,0.20591156174807382,0.4537747918825745,-0.1875997020875615,0.38278172952875855,0.2613225240312795,0.49117604536728054,ppluGFP_to_amacGFP,42,mlp_small
iterative_fancy,8,768,6703,0.1588317387713353,0.398536997995588,0.08393426748096766,0.4147970337756819,0.2831386527312444,0.5405091684881664,ppluGFP_to_amacGFP,42,mlp_small
iterative_fancy,9,864,6703,0.309895443858838,0.5566825341779981,-0.7873291508289544,0.41979358535128203,0.2862237305993322,0.5451145162554146,ppluGFP_to_amacGFP,42,mlp_small
iterative_fancy,10,960,6703,0.11711167444374053,0.34221583020623186,0.32455570488788854,0.4501368269393906,0.3094216331054335,0.5723971709315092,ppluGFP_to_amacGFP,42,mlp_small
iterative_random,1,96,6703,0.1754357434489851,0.41885050250535105,-0.011829714110133116,0.2731526883979496,0.18325249080209996,0.32272828957056277,ppluGFP_to_amacGFP,42,mlp_small
iterative_random,2,192,6703,0.14938205015116424,0.38649974146325666,0.1384355654890208,0.3315264579573886,0.224450913650251,0.43720309511994493,ppluGFP_to_amacGFP,42,mlp_small
iterative_random,3,288,6703,0.1367295012779453,0.36976952453919903,0.21140943419711755,0.3923936653007591,0.2703127348240891,0.5327818853697578,ppluGFP_to_amacGFP,42,mlp_small
iterative_random,4,384,6703,0.1285901623497284,0.35859470485455913,0.25835326000407477,0.4293847660219505,0.2952969010210185,0.549300195856881,ppluGFP_to_amacGFP,42,mlp_small
iterative_random,5,480,6703,0.12122653880911849,0.3481760169930124,0.3008231293444499,0.42228766182138794,0.2888059968379731,0.5492536016736945,ppluGFP_to_amacGFP,42,mlp_small
iterative_random,6,576,6703,0.12780392030677282,0.35749674167294565,0.2628879291992178,0.45432334886061626,0.3131632986313656,0.5939331151366686,ppluGFP_to_amacGFP,42,mlp_small
iterative_random,7,672,6703,0.10686142337477247,0.32689665549646185,0.3836742653634906,0.489370153200034,0.3392700818854995,0.6343001812146272,ppluGFP_to_amacGFP,42,mlp_small
iterative_random,8,768,6703,0.10473017120894232,0.32362041222540694,0.39596631159793205,0.5189546482431385,0.3619269256972587,0.660520559011215,ppluGFP_to_amacGFP,42,mlp_small
iterative_random,9,864,6703,0.14775126807986655,0.3843842713741895,0.1478411388604295,0.5521903424276241,0.39010723411019316,0.6822346417065595,ppluGFP_to_amacGFP,42,mlp_small
iterative_random,10,960,6703,0.0945786782781374,0.3075364665826435,0.454515282224059,0.5754775684078559,0.40861994744970426,0.7072306120675211,ppluGFP_to_amacGFP,42,mlp_small
source_only,0,0,6703,0.3683158544161513,0.6068903149796933,-1.1242702219601743,-0.19936593405231268,-0.1362000851796736,-0.30814888530791307,ppluGFP_to_amacGFP,43,aubin_1_10_1
oneshot_fancy,1,960,6703,0.23369112081511445,0.4834160949069802,-0.3478189524883948,0.21332373094256954,0.1444142174150053,0.282228655405406,ppluGFP_to_amacGFP,43,aubin_1_10_1
oneshot_random,1,960,6703,0.12875121017973018,0.3588191887005629,0.25742441291405094,0.49601868709615804,0.34822784835327386,0.6278238073816206,ppluGFP_to_amacGFP,43,aubin_1_10_1
iterative_fancy,1,96,6703,0.20586051040783532,0.4537185365486353,-0.18730526230019007,0.19004043842425572,0.12968362261943173,0.3642286581566224,ppluGFP_to_amacGFP,43,aubin_1_10_1
iterative_fancy,2,192,6703,0.5212585034633967,0.7219823429027865,-2.0063704930814987,0.2706817492249728,0.18466150154912295,0.3348733772032836,ppluGFP_to_amacGFP,43,aubin_1_10_1
iterative_fancy,3,288,6703,0.45271524833884275,0.6728411761618359,-1.6110456814246148,0.2891368212815194,0.19790580936768226,0.30716744109522154,ppluGFP_to_amacGFP,43,aubin_1_10_1
iterative_fancy,4,384,6703,0.17075918077874777,0.4132301789302758,0.015142469417679938,0.28891687199423904,0.19711711966445578,0.4159877153671583,ppluGFP_to_amacGFP,43,aubin_1_10_1
iterative_fancy,5,480,6703,0.28658697274800654,0.5353381854005994,-0.6528970037831907,0.3234196184413204,0.22231854498527112,0.4428435496127947,ppluGFP_to_amacGFP,43,aubin_1_10_1
iterative_fancy,6,576,6703,0.2524015914092006,0.5023958513057215,-0.45573202504641297,0.3564892549019435,0.24441629702547676,0.4604685054063914,ppluGFP_to_amacGFP,43,aubin_1_10_1
iterative_fancy,7,672,6703,0.3579222117721831,0.5982660041922682,-1.064324647254257,0.3366381346939424,0.23012836280219753,0.35326408356723815,ppluGFP_to_amacGFP,43,aubin_1_10_1
iterative_fancy,8,768,6703,0.195261117926434,0.4418836022375508,-0.12617302064091795,0.37857539973216936,0.25926832268048217,0.5559123762352678,ppluGFP_to_amacGFP,43,aubin_1_10_1
iterative_fancy,9,864,6703,0.41398147273411656,0.6434139202209699,-1.3876477334007973,0.341572164400624,0.23337079285993448,0.49696055151834584,ppluGFP_to_amacGFP,43,aubin_1_10_1
iterative_fancy,10,960,6703,0.4116520484267587,0.6416011599325228,-1.3742127247496638,0.4206028746595885,0.28917411603567234,0.4248710479204062,ppluGFP_to_amacGFP,43,aubin_1_10_1
iterative_random,1,96,6703,0.2129019028962232,0.461412941838678,-0.22791665658276128,0.2959643029678049,0.20360531730796136,0.4026942990697149,ppluGFP_to_amacGFP,43,aubin_1_10_1
iterative_random,2,192,6703,0.184941444965742,0.43004818912040776,-0.06665406779671956,0.32682279110867274,0.22520122815385696,0.4003984672589446,ppluGFP_to_amacGFP,43,aubin_1_10_1
iterative_random,3,288,6703,0.17553435161821143,0.41896819881491176,-0.012398439010291362,0.34892488191391025,0.23966721030237464,0.45299327850715393,ppluGFP_to_amacGFP,43,aubin_1_10_1
iterative_random,4,384,6703,0.16406622463704001,0.4050508914161775,0.053744248999644584,0.3485809054067989,0.2381928076838867,0.47621214567828357,ppluGFP_to_amacGFP,43,aubin_1_10_1
iterative_random,5,480,6703,0.1650844822461161,0.4063058973804295,0.047871424652526584,0.3791986993915603,0.26110305200474343,0.49609791639704054,ppluGFP_to_amacGFP,43,aubin_1_10_1
iterative_random,6,576,6703,0.15754179332803198,0.39691534781113214,0.0913740577053288,0.39014789120816423,0.2677209265692755,0.5286298222126844,ppluGFP_to_amacGFP,43,aubin_1_10_1
iterative_random,7,672,6703,0.2666554887710507,0.5163869564300116,-0.5379417082560944,0.40550626035486903,0.2793340056907304,0.46232372989398657,ppluGFP_to_amacGFP,43,aubin_1_10_1
iterative_random,8,768,6703,0.13664548387671663,0.36965589928569603,0.2118940065048709,0.4249533850908363,0.2931584202305258,0.573132519757672,ppluGFP_to_amacGFP,43,aubin_1_10_1
iterative_random,9,864,6703,0.13149451839552856,0.36262172907249857,0.24160231923384012,0.460026815281615,0.31972244263573235,0.6027023456027241,ppluGFP_to_amacGFP,43,aubin_1_10_1
iterative_random,10,960,6703,0.12863149864579776,0.35865233673544883,0.25811485195898676,0.4645106327782682,0.3222969320330831,0.5984399145815043,ppluGFP_to_amacGFP,43,aubin_1_10_1
source_only,0,0,6703,81.8153160843246,9.045181926546563,-470.87173067445536,0.19806195262896492,0.13411585054698524,0.33718409964836366,ppluGFP_to_amacGFP,43,aubin_linear
oneshot_fancy,1,960,6703,0.14434332150406332,0.37992541571216754,0.16749654967755478,0.42159013538619955,0.29186519410395234,0.5555163642072534,ppluGFP_to_amacGFP,43,aubin_linear
oneshot_random,1,960,6703,0.1462641070366833,0.3824449071914585,0.15641837462537156,0.4842269443852823,0.3381061481110655,0.5920833368127126,ppluGFP_to_amacGFP,43,aubin_linear
iterative_fancy,1,96,6703,0.22067223685106058,0.46975763628818273,-0.27273223765817445,0.24379353936003287,0.16531081569178568,0.3695408474915909,ppluGFP_to_amacGFP,43,aubin_linear
iterative_fancy,2,192,6703,0.1907736287927314,0.4367764059478618,-0.1002913231147411,0.27689150260124196,0.18766912677049782,0.41413284493712765,ppluGFP_to_amacGFP,43,aubin_linear
iterative_fancy,3,288,6703,0.2656779972204087,0.5154396154938119,-0.5323040030952939,0.26905444420814817,0.18222581995306503,0.39358518751853466,ppluGFP_to_amacGFP,43,aubin_linear
iterative_fancy,4,384,6703,0.30845722346008153,0.5553892540012649,-0.779034181364398,0.30862983105980624,0.20922687745401633,0.44347187540230915,ppluGFP_to_amacGFP,43,aubin_linear
iterative_fancy,5,480,6703,0.19516678200876364,0.4417768463927955,-0.1256289360505709,0.3439481987447106,0.23526069334807093,0.46423335367158025,ppluGFP_to_amacGFP,43,aubin_linear
iterative_fancy,6,576,6703,0.19259751315841123,0.4388593318574999,-0.11081061844199214,0.3528206739130884,0.2417636758648436,0.46798014096473894,ppluGFP_to_amacGFP,43,aubin_linear
iterative_fancy,7,672,6703,0.2069382700414636,0.4549046823692449,-0.19352126595220898,0.38263074361665866,0.2618595599019336,0.5047693975079972,ppluGFP_to_amacGFP,43,aubin_linear
iterative_fancy,8,768,6703,0.1558441060745933,0.39477095393986794,0.10116550826451753,0.40837822940361473,0.2800529272281391,0.5304018651181083,ppluGFP_to_amacGFP,43,aubin_linear
iterative_fancy,9,864,6703,0.15950983520601314,0.3993868240265484,0.08002333058663591,0.4180682708082198,0.28719648746973364,0.5445108129234095,ppluGFP_to_amacGFP,43,aubin_linear
iterative_fancy,10,960,6703,0.13934977552041386,0.3732958284262146,0.19629694180802781,0.4296526152455035,0.2949935698911091,0.5649262363569021,ppluGFP_to_amacGFP,43,aubin_linear
iterative_random,1,96,6703,0.20528116980114783,0.45307965061471017,-0.18396390193135814,0.28443921630728597,0.19548099248888634,0.37944400647314525,ppluGFP_to_amacGFP,43,aubin_linear
iterative_random,2,192,6703,0.20726233163490673,0.45526072929136635,-0.19539029869890778,0.3168140675916099,0.21766292092832096,0.41858224402268873,ppluGFP_to_amacGFP,43,aubin_linear
iterative_random,3,288,6703,0.18046122312205576,0.4248072776236958,-0.04081428453405023,0.347606428820395,0.2383368546739996,0.4605130451789511,ppluGFP_to_amacGFP,43,aubin_linear
iterative_random,4,384,6703,0.173227757203971,0.41620638775008123,0.0009048977034588068,0.3515708059971355,0.24024534292745806,0.48035500800146974,ppluGFP_to_amacGFP,43,aubin_linear
iterative_random,5,480,6703,0.1706172012293983,0.41305835087720755,0.015961339757346593,0.3754708129497451,0.2574306939876114,0.5140570475987987,ppluGFP_to_amacGFP,43,aubin_linear
iterative_random,6,576,6703,0.2086001269455057,0.45672762883966816,-0.20310606414128407,0.3908042258918913,0.2685575781048706,0.5355093724208884,ppluGFP_to_amacGFP,43,aubin_linear
iterative_random,7,672,6703,0.20855063707883376,0.45667344687296385,-0.20282063018887753,0.4071555795754706,0.2804919801792743,0.5551500346831965,ppluGFP_to_amacGFP,43,aubin_linear
iterative_random,8,768,6703,0.18807997739258434,0.4336818850177908,-0.08475562626904254,0.4240731807223477,0.29246716052039745,0.5692806521730873,ppluGFP_to_amacGFP,43,aubin_linear
iterative_random,9,864,6703,0.15883715448603847,0.39854379243194654,0.08390303222096851,0.4453025755817206,0.3087195939146139,0.5858326115859501,ppluGFP_to_amacGFP,43,aubin_linear
iterative_random,10,960,6703,0.14635479144742614,0.38256344761023126,0.1558953501858118,0.4646929638061575,0.3229709111550953,0.6030205076567906,ppluGFP_to_amacGFP,43,aubin_linear
source_only,0,0,6703,15.477468431144624,3.9341413842342554,-88.26665769446011,-0.08296554785848854,-0.055445688432629626,-0.12434516891051524,ppluGFP_to_amacGFP,43,mlp_small
oneshot_fancy,1,960,6703,0.41873086850446417,0.6470941728253038,-1.4150399835205918,0.1861867174696509,0.12541726968866684,0.3363879645217002,ppluGFP_to_amacGFP,43,mlp_small
oneshot_random,1,960,6703,0.09494807906226393,0.3081364617539832,0.45238475464486305,0.5733976628095417,0.40508035449905266,0.7007837217033677,ppluGFP_to_amacGFP,43,mlp_small
iterative_fancy,1,96,6703,0.7227201548518375,0.850129492990237,-3.1683052340927977,0.1812510216022353,0.12126665543249934,0.1865531913027966,ppluGFP_to_amacGFP,43,mlp_small
iterative_fancy,2,192,6703,0.6921479972079809,0.8319543239913961,-2.9919796067128304,0.2914343572024902,0.1977021838423398,0.34871544555054146,ppluGFP_to_amacGFP,43,mlp_small
iterative_fancy,3,288,6703,0.18464600584402363,0.42970455646178995,-0.0649501158186998,0.3607626372057411,0.24465226975305282,0.41832971162970256,ppluGFP_to_amacGFP,43,mlp_small
iterative_fancy,4,384,6703,0.2437385474775233,0.4936988428966826,-0.4057677185009714,0.3436157743732595,0.23240173255336163,0.4195206700943166,ppluGFP_to_amacGFP,43,mlp_small
iterative_fancy,5,480,6703,0.1520659766611001,0.3899563778951437,0.12295595717288132,0.3644560663544381,0.2475933687787001,0.48371434617655584,ppluGFP_to_amacGFP,43,mlp_small
iterative_fancy,6,576,6703,0.2749266520017436,0.5243344848488831,-0.585645833781141,0.4174270867732652,0.2852805049620507,0.5563179599987085,ppluGFP_to_amacGFP,43,mlp_small
iterative_fancy,7,672,6703,0.1725683395564297,0.4154134561571516,0.004708104260307877,0.42229438527341057,0.2886263018856705,0.5432946623464999,ppluGFP_to_amacGFP,43,mlp_small
iterative_fancy,8,768,6703,0.13182563915312773,0.36307800698076953,0.23969257259435384,0.4346589411508809,0.2981813143870156,0.5600205290016409,ppluGFP_to_amacGFP,43,mlp_small
iterative_fancy,9,864,6703,0.12995491888317864,0.36049260586477866,0.2504819950843782,0.462588506010163,0.31852274374123785,0.607531569473063,ppluGFP_to_amacGFP,43,mlp_small
iterative_fancy,10,960,6703,0.13032765876209185,0.3610092225443719,0.24833220919865373,0.4585787315141998,0.315864832809069,0.596066860599757,ppluGFP_to_amacGFP,43,mlp_small
iterative_random,1,96,6703,0.164508094479553,0.4055959744370659,0.051195754447541986,0.29005297795871005,0.19729145533620657,0.34916895917780644,ppluGFP_to_amacGFP,43,mlp_small
iterative_random,2,192,6703,0.23657693680890235,0.48639175240633176,-0.36446296307918935,0.36952171501473485,0.25415839119384537,0.47166576582364506,ppluGFP_to_amacGFP,43,mlp_small
iterative_random,3,288,6703,0.13016485497863206,0.36078366783798854,0.24927118379092128,0.4045680327272182,0.27897242596386945,0.5346885397204784,ppluGFP_to_amacGFP,43,mlp_small
iterative_random,4,384,6703,0.14147492908314366,0.37613153162576474,0.1840400694082347,0.4114513001111016,0.2833015533339672,0.5377420709178884,ppluGFP_to_amacGFP,43,mlp_small
iterative_random,5,480,6703,0.11546705305267903,0.33980443353887985,0.3340410968566071,0.45705435326317295,0.3158754081250148,0.6092317319423775,ppluGFP_to_amacGFP,43,mlp_small
iterative_random,6,576,6703,0.1266919913425924,0.3559381847211569,0.26930100525668943,0.47298060534681236,0.3264151274619335,0.6048692030672927,ppluGFP_to_amacGFP,43,mlp_small
iterative_random,7,672,6703,0.10848358577690263,0.32936846506139994,0.3743184061336704,0.4829225698647842,0.33455770290427184,0.6329941789356879,ppluGFP_to_amacGFP,43,mlp_small
iterative_random,8,768,6703,0.09911296796074186,0.3148221211426253,0.4283636614480094,0.5091927014769714,0.3546402576195924,0.6642244070993122,ppluGFP_to_amacGFP,43,mlp_small
iterative_random,9,864,6703,0.10459533674316696,0.3234120231889454,0.39674397250257754,0.5267546941392373,0.3669468896573769,0.6781796423312734,ppluGFP_to_amacGFP,43,mlp_small
iterative_random,10,960,6703,0.0889204494689967,0.2981953210045334,0.4871492479471693,0.5456513066955694,0.38284375821781114,0.703227455017102,ppluGFP_to_amacGFP,43,mlp_small
source_only,0,0,6703,1.7386905011515275,1.3185941381454445,-9.02793774016598,0.21130660015055316,0.14505277654576132,0.3182919484226854,ppluGFP_to_amacGFP,44,aubin_1_10_1
oneshot_fancy,1,960,6703,0.3466319518352392,0.5887545769123491,-0.99920781154199,0.22901310486293913,0.15582467110319928,0.42029768328198136,ppluGFP_to_amacGFP,44,aubin_1_10_1
oneshot_random,1,960,6703,0.12332112674491733,0.3511710790269001,0.28874254490599904,0.4747287212982178,0.331204213672467,0.6026853175084974,ppluGFP_to_amacGFP,44,aubin_1_10_1
iterative_fancy,1,96,6703,1.2492502539097992,1.1176986418126307,-6.205079776876425,0.2253362918531713,0.15315748380102187,0.4360390513346315,ppluGFP_to_amacGFP,44,aubin_1_10_1
iterative_fancy,2,192,6703,0.3961685152320952,0.6294191888019424,-1.2849110883911257,0.21635747158348778,0.14759674566487566,0.42702215298830326,ppluGFP_to_amacGFP,44,aubin_1_10_1
iterative_fancy,3,288,6703,0.9706896095814133,0.9852358141995312,-4.598474808174104,-0.15400447786597735,-0.10351072703075882,-0.18367250030741833,ppluGFP_to_amacGFP,44,aubin_1_10_1
iterative_fancy,4,384,6703,0.6383913300649362,0.7989939487035782,-2.6819367837536805,0.2891454181464861,0.19404659226653184,0.23674906163308973,ppluGFP_to_amacGFP,44,aubin_1_10_1
iterative_fancy,5,480,6703,0.2794521685673318,0.5286323567162077,-0.6117468554015801,0.3372762754232247,0.2301570622795955,0.36984477050614534,ppluGFP_to_amacGFP,44,aubin_1_10_1
iterative_fancy,6,576,6703,0.2112731130713621,0.4596445507904582,-0.21852257353882365,0.41268375074547736,0.28333230642789364,0.5440618065912342,ppluGFP_to_amacGFP,44,aubin_1_10_1
iterative_fancy,7,672,6703,0.3221245147644631,0.5675601419800927,-0.8578606005495715,0.3980866546113133,0.2725024261983189,0.44602347769968165,ppluGFP_to_amacGFP,44,aubin_1_10_1
iterative_fancy,8,768,6703,0.31791377622343603,0.563838430956454,-0.8335750684772614,0.37510175483128916,0.2563415777700083,0.4232978123730604,ppluGFP_to_amacGFP,44,aubin_1_10_1
iterative_fancy,9,864,6703,0.15264697353949885,0.3907006188112566,0.11960504421858908,0.40023300509302606,0.2747513218446093,0.526020583296775,ppluGFP_to_amacGFP,44,aubin_1_10_1
iterative_fancy,10,960,6703,0.16488701981258108,0.4060628274203157,0.049010293811931116,0.41593790340286785,0.28623155559193175,0.5361547240382127,ppluGFP_to_amacGFP,44,aubin_1_10_1
iterative_random,1,96,6703,0.25424409007291665,0.5042262290608419,-0.466358678768767,0.25422361597886817,0.17518119324147133,0.32178246746664374,ppluGFP_to_amacGFP,44,aubin_1_10_1
iterative_random,2,192,6703,0.1689085782214618,0.4109848880694542,0.02581586253391599,0.3429161587765752,0.23727324909394135,0.44280402950939113,ppluGFP_to_amacGFP,44,aubin_1_10_1
iterative_random,3,288,6703,0.18238012271683657,0.4270598584704919,-0.051881582396060555,0.3685353694635108,0.2535575900319973,0.46330184169453537,ppluGFP_to_amacGFP,44,aubin_1_10_1
iterative_random,4,384,6703,0.17262899344310217,0.41548645398268064,0.0043582815639465755,0.402018008137315,0.2767679615667827,0.4871245248411125,ppluGFP_to_amacGFP,44,aubin_1_10_1
iterative_random,5,480,6703,0.1512788037857842,0.3889457594392619,0.127495994965224,0.43099361791400204,0.29891155968452643,0.5697133255813135,ppluGFP_to_amacGFP,44,aubin_1_10_1
iterative_random,6,576,6703,0.16248895228405313,0.40309918417686375,0.06284120383120428,0.4284387459376299,0.2961940149001284,0.5356223082533522,ppluGFP_to_amacGFP,44,aubin_1_10_1
iterative_random,7,672,6703,0.15630856448489616,0.39535877944582964,0.0984867336244486,0.46524203422067417,0.3229468693493831,0.5661319696782235,ppluGFP_to_amacGFP,44,aubin_1_10_1
iterative_random,8,768,6703,0.13688852195977752,0.36998448880970336,0.2104922787311183,0.4764693639353736,0.3323917715705344,0.6058417489863895,ppluGFP_to_amacGFP,44,aubin_1_10_1
iterative_random,9,864,6703,0.12145490394822103,0.3485038076524,0.29950602811485905,0.4808632201285071,0.335663320791926,0.6251653045091483,ppluGFP_to_amacGFP,44,aubin_1_10_1
iterative_random,10,960,6703,0.11849532138688888,0.34423149389166713,0.3165754890926834,0.5024126020454153,0.35253137261477946,0.6548987984787189,ppluGFP_to_amacGFP,44,aubin_1_10_1
source_only,0,0,6703,72.92891078805798,8.539842550542602,-419.61918228483444,0.19761813775593803,0.133925797331001,0.3448750145071915,ppluGFP_to_amacGFP,44,aubin_linear
oneshot_fancy,1,960,6703,0.16453921278513672,0.40563433383422653,0.051016278899267964,0.4060592995455908,0.27972208846382424,0.5417569562976907,ppluGFP_to_amacGFP,44,aubin_linear
oneshot_random,1,960,6703,0.13820930353659874,0.371765118773398,0.202874640392409,0.45636076450000196,0.3170492072211308,0.5920704922345366,ppluGFP_to_amacGFP,44,aubin_linear
iterative_fancy,1,96,6703,0.24901250983620676,0.4990115327687395,-0.4361854185699774,0.2940404004411435,0.20149946019066287,0.3991393376119395,ppluGFP_to_amacGFP,44,aubin_linear
iterative_fancy,2,192,6703,0.2049844954695038,0.45275213469348086,-0.18225282585147995,0.29730103099447275,0.20324330212567726,0.3981244402436362,ppluGFP_to_amacGFP,44,aubin_linear
iterative_fancy,3,288,6703,0.201688897778401,0.44909787104639115,-0.16324538982929782,0.3158465027646518,0.21574471492471492,0.4341234363781968,ppluGFP_to_amacGFP,44,aubin_linear
iterative_fancy,4,384,6703,0.19514212517308566,0.4417489390740918,-0.1254867271796507,0.3200694232141049,0.21859018806380498,0.42832906716137215,ppluGFP_to_amacGFP,44,aubin_linear
iterative_fancy,5,480,6703,0.19132012036881996,0.4374015550599014,-0.10344322593868327,0.3259802919074799,0.22196586675490548,0.4391250525467128,ppluGFP_to_amacGFP,44,aubin_linear
iterative_fancy,6,576,6703,0.18476549373657436,0.42984356891382514,-0.06563926500678652,0.33178220459602,0.2250947752377723,0.4500465957068194,ppluGFP_to_amacGFP,44,aubin_linear
iterative_fancy,7,672,6703,0.21754949043679087,0.46642200895411323,-0.2547217253790288,0.3532697320472062,0.24066370341382928,0.47733979584854697,ppluGFP_to_amacGFP,44,aubin_linear
iterative_fancy,8,768,6703,0.16550792006624554,0.40682664620971615,0.04542923721647796,0.376717795335229,0.2575204558006567,0.5045781740296148,ppluGFP_to_amacGFP,44,aubin_linear
iterative_fancy,9,864,6703,0.1536234174722077,0.3919482331535731,0.11397338121848521,0.40217879906297566,0.27594657801562744,0.522409445136543,ppluGFP_to_amacGFP,44,aubin_linear
iterative_fancy,10,960,6703,0.1650593224700481,0.40627493458254116,0.04801653424379626,0.3988346770001724,0.27328163307353726,0.5242179145031505,ppluGFP_to_amacGFP,44,aubin_linear
iterative_random,1,96,6703,0.18820572318892462,0.4338268354872997,-0.08548086806219257,0.2594784215492537,0.1781494042026619,0.3930996407127074,ppluGFP_to_amacGFP,44,aubin_linear
iterative_random,2,192,6703,0.16906612303808588,0.4111765108053789,0.024907219154691296,0.33650224595087475,0.23218304653071678,0.47141520601476994,ppluGFP_to_amacGFP,44,aubin_linear
iterative_random,3,288,6703,0.15801724710324827,0.3975138325935945,0.08863186704342663,0.37309133983687165,0.2567334416503085,0.5084714661339443,ppluGFP_to_amacGFP,44,aubin_linear
iterative_random,4,384,6703,0.15743132298848095,0.3967761623238989,0.09201119794760837,0.40022005393420096,0.27550649479333456,0.5297822270722344,ppluGFP_to_amacGFP,44,aubin_linear
iterative_random,5,480,6703,0.1678893668771691,0.40974304982167675,0.03169418757098785,0.4342964207578819,0.30135730256430115,0.5579221221564816,ppluGFP_to_amacGFP,44,aubin_linear
iterative_random,6,576,6703,0.21320326069539278,0.4617393861209944,-0.22965474467008007,0.4310943436368105,0.29844518987205576,0.5609712927011151,ppluGFP_to_amacGFP,44,aubin_linear
iterative_random,7,672,6703,0.15102161163314723,0.3886149915187874,0.12897935666311955,0.4635571480132759,0.3222835435610466,0.5934961471103051,ppluGFP_to_amacGFP,44,aubin_linear
iterative_random,8,768,6703,0.13003993460087668,0.36061050262142486,0.24999166496326308,0.47944791584972446,0.3346608032814026,0.6099523980365646,ppluGFP_to_amacGFP,44,aubin_linear
iterative_random,9,864,6703,0.13309161368011355,0.3648172332553844,0.23239103518511284,0.48725944650057035,0.3405240370760299,0.6160251514370321,ppluGFP_to_amacGFP,44,aubin_linear
iterative_random,10,960,6703,0.22294513429970966,0.47217066226070176,-0.2858412263423249,0.49444786630505916,0.3455865102132001,0.6274138772233809,ppluGFP_to_amacGFP,44,aubin_linear
source_only,0,0,6703,15.33705143781568,3.916254771821629,-87.45679943283656,0.011567799711985106,0.007678664749835914,0.004234573845773842,ppluGFP_to_amacGFP,44,mlp_small
oneshot_fancy,1,960,6703,0.11236578628736639,0.335210062926766,0.3519277247628412,0.4976297432064684,0.34840996536052765,0.6133268971491734,ppluGFP_to_amacGFP,44,mlp_small
oneshot_random,1,960,6703,0.08936410433359396,0.29893829519416537,0.4845904582388477,0.5554105952138165,0.39127691169288575,0.7090155294303115,ppluGFP_to_amacGFP,44,mlp_small
iterative_fancy,1,96,6703,0.16945893993620767,0.411653907956924,0.022641638595620295,0.28194646852105826,0.18857234667749528,0.34623856220619553,ppluGFP_to_amacGFP,44,mlp_small
iterative_fancy,2,192,6703,0.15911536807480717,0.3988926773893038,0.08229842890324579,0.35477766881061357,0.24002264439092036,0.4428950989164062,ppluGFP_to_amacGFP,44,mlp_small
iterative_fancy,3,288,6703,0.36864391862162293,0.6071605377670908,-1.126162339864464,0.3239746121794134,0.21821363025609627,0.41910532114859983,ppluGFP_to_amacGFP,44,mlp_small
iterative_fancy,4,384,6703,0.3024325681829259,0.5499386949314677,-0.744286842499162,0.3254119124611156,0.2194787021616179,0.4190067741731924,ppluGFP_to_amacGFP,44,mlp_small
iterative_fancy,5,480,6703,0.24709609132607574,0.4970876093065243,-0.42513243042115634,0.3543563053690246,0.23973110203799747,0.4463833876079334,ppluGFP_to_amacGFP,44,mlp_small
iterative_fancy,6,576,6703,0.1984782727262193,0.4455090040910725,-0.14472803547038682,0.37234595725793196,0.25376613048368274,0.45681001099095037,ppluGFP_to_amacGFP,44,mlp_small
iterative_fancy,7,672,6703,0.16536885680050817,0.40665569810406954,0.04623128782285957,0.3877458947217631,0.266072291806883,0.49253690494981106,ppluGFP_to_amacGFP,44,mlp_small
iterative_fancy,8,768,6703,0.16311330390992215,0.403872880879519,0.05924024136661432,0.40511884605116943,0.27878925723151976,0.5076042750229547,ppluGFP_to_amacGFP,44,mlp_small
iterative_fancy,9,864,6703,0.269735069246285,0.5193602499674816,-0.5557032599819633,0.43506210510080445,0.29907317508594966,0.5413596041462441,ppluGFP_to_amacGFP,44,mlp_small
iterative_fancy,10,960,6703,0.1372242570597981,0.37043792605482245,0.20855591876483048,0.44217840129957076,0.30511012540645405,0.5597378479163693,ppluGFP_to_amacGFP,44,mlp_small
iterative_random,1,96,6703,0.15163071292910185,0.3893978851112341,0.12546635082956714,0.28087133128724806,0.1893455890636439,0.36784288486292405,ppluGFP_to_amacGFP,44,mlp_small
iterative_random,2,192,6703,0.13088954742576833,0.3617866048180451,0.2450915033153922,0.3664463019453313,0.25256636124280596,0.5009526605173297,ppluGFP_to_amacGFP,44,mlp_small
iterative_random,3,288,6703,0.12439083440428704,0.3526908482003567,0.2825729812020311,0.3920865875367859,0.26821033963564656,0.5393488072639745,ppluGFP_to_amacGFP,44,mlp_small
iterative_random,4,384,6703,0.11899435178406634,0.34495557943605776,0.3136973197174946,0.45637944179267925,0.3155555610575655,0.5999908233735816,ppluGFP_to_amacGFP,44,mlp_small
iterative_random,5,480,6703,0.14814271164111634,0.38489311716516356,0.1455834790535795,0.44774587089539863,0.3071229740496644,0.5519267766359106,ppluGFP_to_amacGFP,44,mlp_small
iterative_random,6,576,6703,0.11415739455723856,0.337871861150405,0.34159458256579933,0.49609747795406417,0.34423752905609384,0.6323085347412747,ppluGFP_to_amacGFP,44,mlp_small
iterative_random,7,672,6703,0.1467612780339871,0.38309434612636495,0.15355092938202497,0.520004328992585,0.36166275839672735,0.6520391347493242,ppluGFP_to_amacGFP,44,mlp_small
iterative_random,8,768,6703,0.11219873586617315,0.3349607975064741,0.3528911919366049,0.5313201819987857,0.3712014074057268,0.6568120540434873,ppluGFP_to_amacGFP,44,mlp_small
iterative_random,9,864,6703,0.11018022120041462,0.3319340615248978,0.36453302202794813,0.5439871977347465,0.3811022119305378,0.6705650086512398,ppluGFP_to_amacGFP,44,mlp_small
iterative_random,10,960,6703,0.10213092959712254,0.31957930095224024,0.4109574978025583,0.5536519759942984,0.38883132344497134,0.6826117845765287,ppluGFP_to_amacGFP,44,mlp_small
source_only,0,0,6703,0.2666567831360335,0.5163882097182637,-0.5379491735361153,-0.19520850139303275,-0.13329760736175247,-0.2993209922037374,ppluGFP_to_amacGFP,45,aubin_1_10_1
oneshot_fancy,1,960,6703,0.4179409197421133,0.6464835030703516,-1.4104839357354746,0.20402284504937632,0.13826816999935124,0.3459852867563694,ppluGFP_to_amacGFP,45,aubin_1_10_1
oneshot_random,1,960,6703,0.12949074185741993,0.3598482205839289,0.2531591468325708,0.4859913355936182,0.3385021181167312,0.6099712823720014,ppluGFP_to_amacGFP,45,aubin_1_10_1
iterative_fancy,1,96,6703,1.016875408560215,1.0084024040829211,-4.864852473625491,0.20437316797202662,0.13959143831517185,0.46359481399756874,ppluGFP_to_amacGFP,45,aubin_1_10_1
iterative_fancy,2,192,6703,0.9677403776524314,0.9837379618843787,-4.5814650447081195,0.0434655947260539,0.032764626761644544,-0.04672254908647866,ppluGFP_to_amacGFP,45,aubin_1_10_1
iterative_fancy,3,288,6703,0.24956836052370276,0.4995681740500517,-0.439391300285755,0.25190916159473364,0.1725693007213139,0.30547843566016686,ppluGFP_to_amacGFP,45,aubin_1_10_1
iterative_fancy,4,384,6703,0.46266890061392435,0.6801976923027042,-1.6684536014861053,0.27285877388770097,0.18594441190420474,0.2459627517233145,ppluGFP_to_amacGFP,45,aubin_1_10_1
iterative_fancy,5,480,6703,0.5528203446419959,0.7435188932649902,-2.18840414317298,0.25980874280704774,0.17337991584317686,0.22888036086621716,ppluGFP_to_amacGFP,45,aubin_1_10_1
iterative_fancy,6,576,6703,0.35825396585518143,0.5985432029980639,-1.0662380466126535,0.2535054471220654,0.17255906447232544,0.36805933723417483,ppluGFP_to_amacGFP,45,aubin_1_10_1
iterative_fancy,7,672,6703,0.24350398512137578,0.49346122960307204,-0.4044148746785221,0.34970042070129465,0.23881416549972273,0.4659488010562344,ppluGFP_to_amacGFP,45,aubin_1_10_1
iterative_fancy,8,768,6703,0.15289182083198607,0.3910138371362145,0.11819288178756182,0.34890737697301144,0.2388927920959767,0.475492538300581,ppluGFP_to_amacGFP,45,aubin_1_10_1
iterative_fancy,9,864,6703,0.14426302764414628,0.379819730456629,0.16795964637454153,0.40381546985744476,0.27857598335575,0.5499481763591745,ppluGFP_to_amacGFP,45,aubin_1_10_1
iterative_fancy,10,960,6703,0.16043272924261942,0.40054054631537545,0.07470051785272558,0.3640369548876616,0.24930707164117188,0.48566250596281646,ppluGFP_to_amacGFP,45,aubin_1_10_1
iterative_random,1,96,6703,0.4637717467122258,0.6810078903450575,-1.6748142919042257,0.3177470477153567,0.2168728528399388,0.39063236047798144,ppluGFP_to_amacGFP,45,aubin_1_10_1
iterative_random,2,192,6703,0.18497445955801842,0.4300865721666028,-0.06684448022241907,0.3289866383569267,0.22483820854633477,0.44070530002273217,ppluGFP_to_amacGFP,45,aubin_1_10_1
iterative_random,3,288,6703,0.2159444078031011,0.4646981900148752,-0.24546437410932187,0.3547670262933143,0.24295074711019482,0.4241834350227057,ppluGFP_to_amacGFP,45,aubin_1_10_1
iterative_random,4,384,6703,0.16394906089512679,0.40490623716500934,0.054419993595093086,0.3695655412456553,0.25373658843519725,0.5112330596039962,ppluGFP_to_amacGFP,45,aubin_1_10_1
iterative_random,5,480,6703,0.14748257339808865,0.38403459922002947,0.14939084166158811,0.3917001064793745,0.26967405801150024,0.5298630324795268,ppluGFP_to_amacGFP,45,aubin_1_10_1
iterative_random,6,576,6703,0.14090682172960467,0.37537557423146845,0.18731664172932727,0.39414405046575696,0.2705010811820951,0.5615829259142862,ppluGFP_to_amacGFP,45,aubin_1_10_1
iterative_random,7,672,6703,0.14569067275911496,0.3816944756727754,0.15972567010419536,0.4076205655536208,0.2806358711958057,0.5543601763564853,ppluGFP_to_amacGFP,45,aubin_1_10_1
iterative_random,8,768,6703,0.2098187649950429,0.4580597832107103,-0.21013458732034485,0.43441855737042256,0.3001342574583402,0.6482916747980246,ppluGFP_to_amacGFP,45,aubin_1_10_1
iterative_random,9,864,6703,0.14477557379937944,0.3804938551401053,0.16500352455168954,0.43816937044700827,0.3036665330036055,0.5907442030018026,ppluGFP_to_amacGFP,45,aubin_1_10_1
iterative_random,10,960,6703,0.12888025465334438,0.35899896191123504,0.2566801459233137,0.4587101023809451,0.3191153549692651,0.6108129566401364,ppluGFP_to_amacGFP,45,aubin_1_10_1
source_only,0,0,6703,82.212801760838,9.067127536372144,-473.16423852104697,0.20860510179374117,0.14195937122933688,0.34118637515534683,ppluGFP_to_amacGFP,45,aubin_linear
oneshot_fancy,1,960,6703,0.15132815502030936,0.38900919657549143,0.12721136057693538,0.4220917305019388,0.2915933802166989,0.5415259725619337,ppluGFP_to_amacGFP,45,aubin_linear
oneshot_random,1,960,6703,0.147695228737272,0.384311369513409,0.1481643470669307,0.4713082243332591,0.32782402023028206,0.6076594999062767,ppluGFP_to_amacGFP,45,aubin_linear
iterative_fancy,1,96,6703,0.27128613445961386,0.5208513554360916,-0.5646490645284874,0.2741888873149812,0.18673984455426385,0.40273630775020236,ppluGFP_to_amacGFP,45,aubin_linear
iterative_fancy,2,192,6703,0.2461214725718891,0.4961063117638084,-0.4195112941804573,0.2732654774484517,0.18556842745267998,0.396990220632807,ppluGFP_to_amacGFP,45,aubin_linear
iterative_fancy,3,288,6703,0.38276141027020183,0.6186771454241718,-1.207585299963171,0.29596858894368205,0.20147511848740093,0.414231006387485,ppluGFP_to_amacGFP,45,aubin_linear
iterative_fancy,4,384,6703,0.2113595860979582,0.459738606273128,-0.21902130872276548,0.3270527732344231,0.22380160861808035,0.42937868263047363,ppluGFP_to_amacGFP,45,aubin_linear
iterative_fancy,5,480,6703,0.19687824857578892,0.44370964444756994,-0.13549985912005225,0.3322214044246156,0.22741497220502907,0.4378469977050512,ppluGFP_to_amacGFP,45,aubin_linear
iterative_fancy,6,576,6703,0.25460815657894464,0.5045871149553313,-0.4684584407754673,0.3221846429846498,0.21951283422099588,0.43697561073753827,ppluGFP_to_amacGFP,45,aubin_linear
iterative_fancy,7,672,6703,0.17850474765870414,0.4224982220775658,-0.029530266979655995,0.351999996146196,0.24027510138805475,0.4785894483534088,ppluGFP_to_amacGFP,45,aubin_linear
iterative_fancy,8,768,6703,0.17642998348870212,0.42003569311274264,-0.017564016569633134,0.36520133268352184,0.24864451586995792,0.4888806187969045,ppluGFP_to_amacGFP,45,aubin_linear
iterative_fancy,9,864,6703,0.16260628490121018,0.40324469606085356,0.06216448524387541,0.3864338230717175,0.26398560758024975,0.517440117571242,ppluGFP_to_amacGFP,45,aubin_linear
iterative_fancy,10,960,6703,0.17075614102796263,0.41322650087810514,0.01516000125074568,0.4105659038623682,0.280946072654949,0.5461520851870055,ppluGFP_to_amacGFP,45,aubin_linear
iterative_random,1,96,6703,0.19940055115087102,0.4465428883666954,-0.15004729764808933,0.3135708699244605,0.21350479449046678,0.4311224061895213,ppluGFP_to_amacGFP,45,aubin_linear
iterative_random,2,192,6703,0.20692748538462413,0.4548928284603134,-0.19345906519407308,0.31771667213879795,0.21677673221521152,0.4452062721539198,ppluGFP_to_amacGFP,45,aubin_linear
iterative_random,3,288,6703,0.18354801644778182,0.42842504180752766,-0.05861743654220808,0.34469325011832247,0.23649970761388728,0.46821137162764864,ppluGFP_to_amacGFP,45,aubin_linear
iterative_random,4,384,6703,0.20678463758106516,0.45473578876207355,-0.19263518717814088,0.37296436017506174,0.25654818611702523,0.49914237147140994,ppluGFP_to_amacGFP,45,aubin_linear
iterative_random,5,480,6703,0.17039853545382388,0.41279357486984203,0.0172224996831144,0.38580111900879077,0.2654072036012203,0.5233784698959576,ppluGFP_to_amacGFP,45,aubin_linear
iterative_random,6,576,6703,0.20302303398142357,0.45058077409208613,-0.17094005128396805,0.3920683757740383,0.27006100059500854,0.5331195170113223,ppluGFP_to_amacGFP,45,aubin_linear
iterative_random,7,672,6703,0.16673374626489715,0.4083304375930077,0.03835925622089453,0.4051561410244658,0.2789115188757703,0.5530682121945585,ppluGFP_to_amacGFP,45,aubin_linear
iterative_random,8,768,6703,0.20017358218859102,0.447407624195868,-0.1545057720645182,0.4122151372691566,0.2838402447322386,0.5619686974909,ppluGFP_to_amacGFP,45,aubin_linear
iterative_random,9,864,6703,0.16704025332453118,0.4087055826931303,0.03659146965457016,0.4305327477302187,0.29776586329108,0.5780553399669247,ppluGFP_to_amacGFP,45,aubin_linear
iterative_random,10,960,6703,0.15396422676157295,0.39238275543348355,0.11200775574761412,0.44597663897908474,0.3096850327415677,0.5910820728307657,ppluGFP_to_amacGFP,45,aubin_linear
source_only,0,0,6703,12.782625626246272,3.5752797969174765,-72.72408939426106,0.034840827452951174,0.02235219191244367,0.060036845309959425,ppluGFP_to_amacGFP,45,mlp_small
oneshot_fancy,1,960,6703,0.11248207612399237,0.33538347622384795,0.35125702043637996,0.5179639723586468,0.36310021765964917,0.6431194540012845,ppluGFP_to_amacGFP,45,mlp_small
oneshot_random,1,960,6703,0.08634198218981094,0.2938400622614468,0.5020206177071151,0.5724197600292805,0.4047114471337308,0.7189138541699713,ppluGFP_to_amacGFP,45,mlp_small
iterative_fancy,1,96,6703,0.16498770300525756,0.406186783395592,0.048429601165958625,0.2515324117392945,0.16896364631066155,0.3060169451258768,ppluGFP_to_amacGFP,45,mlp_small
iterative_fancy,2,192,6703,0.25784199453400797,0.5077814436684428,-0.4871096760894482,0.3076490935883119,0.2101472743473318,0.4195228442422847,ppluGFP_to_amacGFP,45,mlp_small
iterative_fancy,3,288,6703,0.1624599455682683,0.40306320294498266,0.06300850073640085,0.3257197447699165,0.22124847647120627,0.43625571750298925,ppluGFP_to_amacGFP,45,mlp_small
iterative_fancy,4,384,6703,0.2327108697378764,0.4824011502244542,-0.3421653316940305,0.3594596822900124,0.24531505998489359,0.458840046708387,ppluGFP_to_amacGFP,45,mlp_small
iterative_fancy,5,480,6703,0.13652398963404452,0.3694915285010531,0.21259472736375717,0.35168984611064347,0.24045648088298432,0.4683512341606945,ppluGFP_to_amacGFP,45,mlp_small
iterative_fancy,6,576,6703,0.26130196240910947,0.5111770362693433,-0.5070651209552903,0.35621267442624843,0.24285617071991175,0.46459417934815245,ppluGFP_to_amacGFP,45,mlp_small
iterative_fancy,7,672,6703,0.2809086153250397,0.530008127602813,-0.6201469458135815,0.36607647198801807,0.2500360421912317,0.47465002900972275,ppluGFP_to_amacGFP,45,mlp_small
iterative_fancy,8,768,6703,0.2942270206709265,0.5424269726616906,-0.696961157151593,0.40071956435433315,0.27498404914456004,0.49636249502415153,ppluGFP_to_amacGFP,45,mlp_small
iterative_fancy,9,864,6703,0.25973866655444316,0.5096456284070757,-0.4980487759015437,0.40304598116975454,0.2768936955426635,0.5089858125201828,ppluGFP_to_amacGFP,45,mlp_small
iterative_fancy,10,960,6703,0.13138603201608037,0.3624721120528866,0.2422280169402704,0.4238941833486554,0.29138532399313344,0.5374291579637935,ppluGFP_to_amacGFP,45,mlp_small
iterative_random,1,96,6703,0.13894668605817478,0.37275553122411853,0.19862176961859745,0.32637151566404543,0.22149709695759184,0.4506969921669246,ppluGFP_to_amacGFP,45,mlp_small
iterative_random,2,192,6703,0.14481207255037362,0.3805418144571942,0.16479301715987882,0.32793026952997234,0.22243755585318933,0.4482458590874091,ppluGFP_to_amacGFP,45,mlp_small
iterative_random,3,288,6703,0.12864822721864497,0.35867565741020807,0.2580183695275923,0.3844436633064443,0.26276199156207114,0.5140016899597935,ppluGFP_to_amacGFP,45,mlp_small
iterative_random,4,384,6703,0.17265364966254482,0.41551612443146513,0.004216076247178013,0.41197482056227963,0.28202578389360317,0.534328439500875,ppluGFP_to_amacGFP,45,mlp_small
iterative_random,5,480,6703,0.11791416255658657,0.343386316787065,0.3199273361083308,0.42673605556045563,0.2929076138477333,0.5809923749004224,ppluGFP_to_amacGFP,45,mlp_small
iterative_random,6,576,6703,0.18526987480342716,0.4304298721086016,-0.06854829449326982,0.4475399405090923,0.3086069880661129,0.6079682409953125,ppluGFP_to_amacGFP,45,mlp_small
iterative_random,7,672,6703,0.12734375472660964,0.35685256721314146,0.26554194484201765,0.4589469871361473,0.31592944255164573,0.6080802142520374,ppluGFP_to_amacGFP,45,mlp_small
iterative_random,8,768,6703,0.11623353385906214,0.3409303944488701,0.3296204010511423,0.4791539757631817,0.33015904164004867,0.6384923575992443,ppluGFP_to_amacGFP,45,mlp_small
iterative_random,9,864,6703,0.11334811146528893,0.3366721126931795,0.346262141544735,0.5114618486473771,0.35576160883655095,0.664818835018324,ppluGFP_to_amacGFP,45,mlp_small
iterative_random,10,960,6703,0.11271599677905106,0.3357320312080023,0.3499078776398249,0.531627268844965,0.3724006336788128,0.6948963001304376,ppluGFP_to_amacGFP,45,mlp_small
source_only,0,0,6703,0.3633685757158326,0.602800610248391,-1.0957366774580404,-0.2411265305586774,-0.1638799084730199,-0.31884392723580424,ppluGFP_to_amacGFP,46,aubin_1_10_1
oneshot_fancy,1,960,6703,0.6432219325503952,0.8020111798163384,-2.7097973954839407,0.17250083199635283,0.11455536229542682,0.0759919048533449,ppluGFP_to_amacGFP,46,aubin_1_10_1
oneshot_random,1,960,6703,0.11815101953482504,0.3437310278907405,0.3185612579998197,0.4646009768357122,0.3231958897648663,0.6171798551182082,ppluGFP_to_amacGFP,46,aubin_1_10_1
iterative_fancy,1,96,6703,0.9859655399572225,0.9929579749199975,-4.686579090466019,0.0798976217468944,0.054172451688803455,-0.05778672746720366,ppluGFP_to_amacGFP,46,aubin_1_10_1
iterative_fancy,2,192,6703,0.43411851804557644,0.6588767092905746,-1.5037886086862384,0.27792570594028576,0.18839966444250764,0.2560328764510486,ppluGFP_to_amacGFP,46,aubin_1_10_1
iterative_fancy,3,288,6703,0.2071382344985994,0.4551244165045415,-0.1946745655906872,0.32069633098416017,0.21891769042609496,0.4052134761666264,ppluGFP_to_amacGFP,46,aubin_1_10_1
iterative_fancy,4,384,6703,0.2512758949932919,0.5012742712261341,-0.4492395448921911,0.3350505764614202,0.2278681357402912,0.4183005840579073,ppluGFP_to_amacGFP,46,aubin_1_10_1
iterative_fancy,5,480,6703,0.3322113822220375,0.5763778120486922,-0.9160368422618668,0.33461533432829005,0.22692041450411052,0.3768520462571852,ppluGFP_to_amacGFP,46,aubin_1_10_1
iterative_fancy,6,576,6703,0.2334570055986782,0.48317388753809765,-0.3464686875545877,0.3083599025269921,0.20909135752127597,0.39766054903488357,ppluGFP_to_amacGFP,46,aubin_1_10_1
iterative_fancy,7,672,6703,0.13760529224622692,0.37095187322107825,0.20635828950085844,0.3493399206198821,0.23794000150624517,0.5239634529777344,ppluGFP_to_amacGFP,46,aubin_1_10_1
iterative_fancy,8,768,6703,0.16997000536527693,0.41227418711978187,0.01969405689521786,0.29844999718851517,0.2021000487385758,0.46961687481734193,ppluGFP_to_amacGFP,46,aubin_1_10_1
iterative_fancy,9,864,6703,0.3059863139017798,0.5531602967511134,-0.7647831532511022,0.37420723500631425,0.2558268199358892,0.4956649172816335,ppluGFP_to_amacGFP,46,aubin_1_10_1
iterative_fancy,10,960,6703,0.13616188258312636,0.3690011959101574,0.21468318816772292,0.42416159863591363,0.2933382059617003,0.5996262382787505,ppluGFP_to_amacGFP,46,aubin_1_10_1
iterative_random,1,96,6703,0.19022094574951798,0.43614326287301286,-0.09710371086073777,0.2630497649317686,0.17888804556748414,0.3779007993008642,ppluGFP_to_amacGFP,46,aubin_1_10_1
iterative_random,2,192,6703,0.19476735644731133,0.441324547750645,-0.12332523987265875,0.31771033375336977,0.21820760378516216,0.3974045635366107,ppluGFP_to_amacGFP,46,aubin_1_10_1
iterative_random,3,288,6703,0.2755347177033617,0.5249140098181432,-0.5891528668003687,0.35229096236761426,0.24237626602328527,0.40466263183004036,ppluGFP_to_amacGFP,46,aubin_1_10_1
iterative_random,4,384,6703,0.16310978300023093,0.4038685219229532,0.059260548294816195,0.38280997517950976,0.2651875152548095,0.4999451847277214,ppluGFP_to_amacGFP,46,aubin_1_10_1
iterative_random,5,480,6703,0.16307532365663804,0.40382585808320653,0.05945929335719946,0.4023993432961283,0.2788859053571674,0.5045910628671535,ppluGFP_to_amacGFP,46,aubin_1_10_1
iterative_random,6,576,6703,0.15369877347633837,0.3920443514149112,0.11353876371912608,0.4146516031227632,0.2878814113684386,0.5253359577209552,ppluGFP_to_amacGFP,46,aubin_1_10_1
iterative_random,7,672,6703,0.14545586455500262,0.381386765049605,0.16107993186047653,0.44978839004508947,0.3144467137625166,0.578383122044916,ppluGFP_to_amacGFP,46,aubin_1_10_1
iterative_random,8,768,6703,0.1298631520037952,0.3603653035515423,0.2510112626868969,0.461992613839943,0.3231411664133931,0.600939416126439,ppluGFP_to_amacGFP,46,aubin_1_10_1
iterative_random,9,864,6703,0.12542784260074494,0.35415793454438504,0.2765920124078528,0.4681646387128289,0.3278403694934949,0.6075645582792074,ppluGFP_to_amacGFP,46,aubin_1_10_1
iterative_random,10,960,6703,0.12736096409285297,0.3568766791103798,0.26544268942357396,0.4778924572479472,0.33655256239443476,0.6392023562337227,ppluGFP_to_amacGFP,46,aubin_1_10_1
source_only,0,0,6703,71.1737700740925,8.436454828545726,-409.4963675612136,0.2241582930091147,0.15173922319525845,0.3535618351511153,ppluGFP_to_amacGFP,46,aubin_linear
oneshot_fancy,1,960,6703,0.17040144037840377,0.4127970934713613,0.017205745463310773,0.3928898046535057,0.26919445656668045,0.526535263104692,ppluGFP_to_amacGFP,46,aubin_linear
oneshot_random,1,960,6703,0.21041505448749903,0.4587102075248588,-0.2135737007804488,0.4847575073783651,0.33821763575030145,0.6153360985565195,ppluGFP_to_amacGFP,46,aubin_linear
iterative_fancy,1,96,6703,0.2147574222311512,0.4634192726151462,-0.23861840732793937,0.28552930053021924,0.19317789648653017,0.40797476462861765,ppluGFP_to_amacGFP,46,aubin_linear
iterative_fancy,2,192,6703,0.19437725802448882,0.4408823630227102,-0.12107533818284688,0.27774542307854894,0.1866398326907789,0.42381132187551174,ppluGFP_to_amacGFP,46,aubin_linear
iterative_fancy,3,288,6703,0.18637215499982462,0.43170841432594825,-0.07490572105905069,0.30416629596822664,0.2050607040272957,0.44410537650689585,ppluGFP_to_amacGFP,46,aubin_linear
iterative_fancy,4,384,6703,0.2603257709041643,0.5102212960119994,-0.5014349138381606,0.29105537223285005,0.19586534015072016,0.43944778215664343,ppluGFP_to_amacGFP,46,aubin_linear
iterative_fancy,5,480,6703,0.2449017950175542,0.4948755348747341,-0.4124767756333969,0.3104644672782895,0.2093176933591065,0.46250050525686637,ppluGFP_to_amacGFP,46,aubin_linear
iterative_fancy,6,576,6703,0.1603060086310841,0.40038232807041335,0.07543138191509335,0.3542328758458583,0.24096493254034804,0.4988923738843902,ppluGFP_to_amacGFP,46,aubin_linear
iterative_fancy,7,672,6703,0.15137312318007018,0.38906699060710637,0.12695200567387888,0.3768307761846309,0.25651211472713115,0.5176492030236456,ppluGFP_to_amacGFP,46,aubin_linear
iterative_fancy,8,768,6703,0.18622388494483655,0.43153665538959324,-0.07405057008240101,0.3907414903474919,0.2658042561120513,0.5216611883056722,ppluGFP_to_amacGFP,46,aubin_linear
iterative_fancy,9,864,6703,0.15299407671136422,0.3911445726472045,0.11760311863460815,0.41212589147922646,0.2812804615377199,0.5475641210193178,ppluGFP_to_amacGFP,46,aubin_linear
iterative_fancy,10,960,6703,0.1628053462975165,0.4034914451354781,0.06101639402964942,0.412104824566049,0.2815202625436856,0.5542610571733075,ppluGFP_to_amacGFP,46,aubin_linear
iterative_random,1,96,6703,0.21216296734486803,0.46061151455957766,-0.22365482867372433,0.25077785641255695,0.16986205294193887,0.3748958319896943,ppluGFP_to_amacGFP,46,aubin_linear
iterative_random,2,192,6703,0.22088669107774037,0.46998584135880134,-0.27396910737813673,0.30612504344770053,0.20969572577228707,0.4196781361459848,ppluGFP_to_amacGFP,46,aubin_linear
iterative_random,3,288,6703,0.31148430164130314,0.5581077867592452,-0.7964929248933934,0.3404059212982548,0.23346623732153424,0.46297572578843554,ppluGFP_to_amacGFP,46,aubin_linear
iterative_random,4,384,6703,0.17983954906216748,0.42407493331033785,-0.037228764993276986,0.3561856010170627,0.24454760729083846,0.48592878353616953,ppluGFP_to_amacGFP,46,aubin_linear
iterative_random,5,480,6703,0.1741348067810564,0.4172946282676742,-0.0043265317431460115,0.38384271287215305,0.26509183887554894,0.5070131774066576,ppluGFP_to_amacGFP,46,aubin_linear
iterative_random,6,576,6703,0.15656399241346058,0.39568168066447124,0.09701354712975774,0.4079453288488118,0.2827919732806363,0.5411431162215181,ppluGFP_to_amacGFP,46,aubin_linear
iterative_random,7,672,6703,0.1591896412503523,0.39898576572398203,0.0818700566428362,0.43941515735681946,0.3059713614253204,0.573086029458675,ppluGFP_to_amacGFP,46,aubin_linear
iterative_random,8,768,6703,0.15899933581876766,0.3987472079134444,0.08296764762770792,0.4310626047975824,0.29915851075318955,0.5682386241800029,ppluGFP_to_amacGFP,46,aubin_linear
iterative_random,9,864,6703,0.1407410934390536,0.37515475931814274,0.18827248348398662,0.4421228424852723,0.30766308921618285,0.5816442100629594,ppluGFP_to_amacGFP,46,aubin_linear
iterative_random,10,960,6703,0.14222588760367064,0.3771284762566606,0.17970889874600127,0.45670420464317046,0.3189120424395006,0.5935014030188903,ppluGFP_to_amacGFP,46,aubin_linear
source_only,0,0,6703,15.233130322293691,3.9029642993875426,-86.85743199184985,0.03762951845643868,0.02526217597749368,0.031794798467855725,ppluGFP_to_amacGFP,46,mlp_small
oneshot_fancy,1,960,6703,0.17579772789357717,0.41928239635546016,-0.013917467779273052,0.46302250110557264,0.32086296847695894,0.6114262788963074,ppluGFP_to_amacGFP,46,mlp_small
oneshot_random,1,960,6703,0.11966698209875241,0.3459291576302183,0.3098179087968317,0.5717739524082032,0.404495713780967,0.7030908389759509,ppluGFP_to_amacGFP,46,mlp_small
iterative_fancy,1,96,6703,0.15614458551521174,0.3951513450757972,0.0994324861304886,0.305782942991771,0.20880382185633786,0.3978619431514418,ppluGFP_to_amacGFP,46,mlp_small
iterative_fancy,2,192,6703,0.3256955224840283,0.5706974001027412,-0.8784564702904689,0.24021044551293744,0.16216377527554565,0.30552138529805906,ppluGFP_to_amacGFP,46,mlp_small
iterative_fancy,3,288,6703,0.2833481660307722,0.5323045801331905,-0.6342171110182924,0.2657036694743105,0.1794665405057376,0.3567839954588565,ppluGFP_to_amacGFP,46,mlp_small
iterative_fancy,4,384,6703,0.20905279535144222,0.45722291647668123,-0.2057168396580682,0.3233648967260985,0.21928563876998308,0.4275192633734871,ppluGFP_to_amacGFP,46,mlp_small
iterative_fancy,5,480,6703,0.2708605551353332,0.5204426530707617,-0.5621945259176409,0.3250186501745765,0.22099056342126894,0.4046921468627514,ppluGFP_to_amacGFP,46,mlp_small
iterative_fancy,6,576,6703,0.1330793798362133,0.3648004657839862,0.23246159416319057,0.35973115959327534,0.24426959581206517,0.50590957872119,ppluGFP_to_amacGFP,46,mlp_small
iterative_fancy,7,672,6703,0.1401617331778436,0.37438180134435434,0.19161395721073227,0.37535558787663387,0.2549655824811335,0.5175080428509886,ppluGFP_to_amacGFP,46,mlp_small
iterative_fancy,8,768,6703,0.18695790051608074,0.4323862862257321,-0.07828402189218209,0.3677844072147966,0.24972246045855814,0.49686142308233,ppluGFP_to_amacGFP,46,mlp_small
iterative_fancy,9,864,6703,0.20517065021649075,0.4529576693428325,-0.1833264776667889,0.40108431708576625,0.27444290313365904,0.5399332783759176,ppluGFP_to_amacGFP,46,mlp_small
iterative_fancy,10,960,6703,0.20187304185935562,0.4493028398078023,-0.16430744508169037,0.42062505147932927,0.28814743655222297,0.5860524531566997,ppluGFP_to_amacGFP,46,mlp_small
iterative_random,1,96,6703,0.1498904741254421,0.38715691150416276,0.135503218440314,0.30153679112807136,0.20440767463290763,0.37460767026858066,ppluGFP_to_amacGFP,46,mlp_small
iterative_random,2,192,6703,0.14259928539210057,0.37762320557945134,0.17755531835189942,0.3367514109386616,0.23082191326668064,0.423743987936559,ppluGFP_to_amacGFP,46,mlp_small
iterative_random,3,288,6703,0.13594913344865983,0.36871280619021063,0.21591022372884872,0.38536598387656545,0.2648354052343439,0.4836540893547282,ppluGFP_to_amacGFP,46,mlp_small
iterative_random,4,384,6703,0.13208140397780824,0.36343005376249254,0.23821744304350978,0.41457097994873887,0.2860929574441163,0.5280885876255946,ppluGFP_to_amacGFP,46,mlp_small
iterative_random,5,480,6703,0.12642096412241116,0.35555725857084,0.2708641610271201,0.43387293110259195,0.29969759763736015,0.5624877003645433,ppluGFP_to_amacGFP,46,mlp_small
iterative_random,6,576,6703,0.11339170845955991,0.33673685343240933,0.3460106948704027,0.473825719357083,0.3290437676539672,0.6094860017145689,ppluGFP_to_amacGFP,46,mlp_small
iterative_random,7,672,6703,0.1290048274952876,0.35917242028764906,0.25596166917181873,0.5072906295574454,0.3546078170473032,0.6516615888478234,ppluGFP_to_amacGFP,46,mlp_small
iterative_random,8,768,6703,0.12545771446578521,0.3542001051182583,0.2764197257342854,0.5077004362976146,0.3541340845140933,0.6487762994855601,ppluGFP_to_amacGFP,46,mlp_small
iterative_random,9,864,6703,0.09966958531344389,0.3157049022638766,0.4251533579728969,0.52957441695612,0.37264189464003744,0.68355198655639,ppluGFP_to_amacGFP,46,mlp_small
iterative_random,10,960,6703,0.11762751017130264,0.3429686722884506,0.32158061038043007,0.5418255951187921,0.3818326544408795,0.6949370551972535,ppluGFP_to_amacGFP,46,mlp_small
