arm,round,n_target,n,mse,rmse,r2,spearman,kendall_tau,pearson,pair,seed,model
source_only,0,0,6703,0.8550898893179336,0.9247107057441984,-3.931750743819334,-0.10016823965029742,-0.06709975385528953,-0.1074953092833697,cgreGFP_to_amacGFP,42,CNN_Jannis_OHE
oneshot_fancy,1,960,6703,0.07445027303686914,0.2728557733251564,0.5706063257045328,0.631380663719311,0.4541126316404845,0.7622367131885706,cgreGFP_to_amacGFP,42,CNN_Jannis_OHE
oneshot_random,1,960,6703,0.07916416722952775,0.281361275284158,0.5434188317564129,0.658997462834743,0.47906474513350666,0.805053151681313,cgreGFP_to_amacGFP,42,CNN_Jannis_OHE
iterative_fancy,1,96,6703,0.24229896953126273,0.49223873225424136,-0.3974649193497388,0.41546329802034065,0.28582931183178734,0.5257411027028417,cgreGFP_to_amacGFP,42,CNN_Jannis_OHE
iterative_fancy,2,192,6703,0.12321782122747023,0.35102396104464184,0.2893383618708293,0.525280223130494,0.3678618161965247,0.6674664147034012,cgreGFP_to_amacGFP,42,CNN_Jannis_OHE
iterative_fancy,3,288,6703,0.09430995666013936,0.3070992619010006,0.4560651403804913,0.536046264854348,0.3760128525470285,0.7104292593409796,cgreGFP_to_amacGFP,42,CNN_Jannis_OHE
iterative_fancy,4,384,6703,0.10148502452166706,0.31856714287833743,0.41468277028689915,0.5696600183534477,0.40267832158771627,0.7523848903471189,cgreGFP_to_amacGFP,42,CNN_Jannis_OHE
iterative_fancy,5,480,6703,0.06154125023949124,0.2480750899213608,0.6450594137111413,0.6063547043976654,0.4330532372573633,0.8033518012710517,cgreGFP_to_amacGFP,42,CNN_Jannis_OHE
iterative_fancy,6,576,6703,0.099016187262644,0.31466837664856634,0.42892184636610287,0.5400008426558666,0.3802807785709612,0.7125933492687472,cgreGFP_to_amacGFP,42,CNN_Jannis_OHE
iterative_fancy,7,672,6703,0.06365891086961137,0.25230717562053473,0.6328457569737398,0.6394211309570658,0.4622055949485547,0.8227552377778671,cgreGFP_to_amacGFP,42,CNN_Jannis_OHE
iterative_fancy,8,768,6703,0.05853108982004769,0.2419319942050817,0.6624205836572012,0.6577566173802388,0.47855762434827626,0.833983507426056,cgreGFP_to_amacGFP,42,CNN_Jannis_OHE
iterative_fancy,9,864,6703,0.05829044572037108,0.2414341436507502,0.6638085040763311,0.6855285790703669,0.5025380212572798,0.8460989510401178,cgreGFP_to_amacGFP,42,CNN_Jannis_OHE
iterative_fancy,10,960,6703,0.04678843698816424,0.2163063498563189,0.7301466058701958,0.6795932493560365,0.4956921934096146,0.8590660259940804,cgreGFP_to_amacGFP,42,CNN_Jannis_OHE
iterative_random,1,96,6703,0.19727374708275383,0.44415509350085564,-0.1377809059202424,0.4263489305394052,0.291723150008662,0.4953333123836523,cgreGFP_to_amacGFP,42,CNN_Jannis_OHE
iterative_random,2,192,6703,0.15880363449518703,0.3985017371294472,0.08409635954465633,0.48920189040643697,0.3385560409196033,0.5847676677401036,cgreGFP_to_amacGFP,42,CNN_Jannis_OHE
iterative_random,3,288,6703,0.16978797655980765,0.4120533661551713,0.020743912247250806,0.49248727438154966,0.3424171195004917,0.6044868436784281,cgreGFP_to_amacGFP,42,CNN_Jannis_OHE
iterative_random,4,384,6703,0.11651551514055436,0.3413436906411987,0.32799406747836235,0.5645935406548992,0.39826223803891797,0.6709168524338055,cgreGFP_to_amacGFP,42,CNN_Jannis_OHE
iterative_random,5,480,6703,0.11755912470992935,0.3428689614268538,0.3219750251129715,0.6034346388352606,0.4299098787873056,0.7072431092093211,cgreGFP_to_amacGFP,42,CNN_Jannis_OHE
iterative_random,6,576,6703,0.125742668475617,0.354602127003797,0.27477624688194735,0.6286641061274801,0.44764773641344147,0.6885481100462981,cgreGFP_to_amacGFP,42,CNN_Jannis_OHE
iterative_random,7,672,6703,0.13981920093251196,0.37392405770759385,0.1935895198700499,0.5179778365232107,0.3597173353753602,0.6227721815024521,cgreGFP_to_amacGFP,42,CNN_Jannis_OHE
iterative_random,8,768,6703,0.12995388908851627,0.3604911775460202,0.25048793444894746,0.6667205896293825,0.48086234790271204,0.714045162611433,cgreGFP_to_amacGFP,42,CNN_Jannis_OHE
iterative_random,9,864,6703,0.09260086656812518,0.3043039049505037,0.46592235707529805,0.6628701059653825,0.48061869241893174,0.7785756255792822,cgreGFP_to_amacGFP,42,CNN_Jannis_OHE
iterative_random,10,960,6703,0.15971594184574875,0.39964476957136413,0.07883460576773649,0.6827642802408057,0.49467533249238327,0.7114677861740438,cgreGFP_to_amacGFP,42,CNN_Jannis_OHE
source_only,0,0,6703,0.8626734072830642,0.9288021357011752,-3.9754888593467346,-0.04726550069371208,-0.03176168043939303,0.005872508063628379,cgreGFP_to_amacGFP,43,CNN_Jannis_OHE
oneshot_fancy,1,960,6703,0.11122837791245502,0.33350918714850275,0.3584877539119051,0.6576895733388111,0.4744324727719186,0.7460831491869189,cgreGFP_to_amacGFP,43,CNN_Jannis_OHE
oneshot_random,1,960,6703,0.05811939474359793,0.24107964398430226,0.6647950445470703,0.7132596310754824,0.5277129829696089,0.8360126158790888,cgreGFP_to_amacGFP,43,CNN_Jannis_OHE
iterative_fancy,1,96,6703,0.13722253599682918,0.3704356030362486,0.20856584503537012,0.4027102151365382,0.2749590079010866,0.5085048089152482,cgreGFP_to_amacGFP,43,CNN_Jannis_OHE
iterative_fancy,2,192,6703,0.22348794112686057,0.47274511221890025,-0.28897187729141627,0.5177796525010632,0.3614508143507223,0.6176218053285212,cgreGFP_to_amacGFP,43,CNN_Jannis_OHE
iterative_fancy,3,288,6703,0.1149588692330002,0.33905584972538105,0.336972058808101,0.5623199823046992,0.39566484812942476,0.7197865809318142,cgreGFP_to_amacGFP,43,CNN_Jannis_OHE
iterative_fancy,4,384,6703,0.14042187171048803,0.3747290644058558,0.1901136021978943,0.6084181118304924,0.4347135129433001,0.7683664687617893,cgreGFP_to_amacGFP,43,CNN_Jannis_OHE
iterative_fancy,5,480,6703,0.07625385559699555,0.27614100672843855,0.5602041215110789,0.6031540792349649,0.4302025503506753,0.7919475699552301,cgreGFP_to_amacGFP,43,CNN_Jannis_OHE
iterative_fancy,6,576,6703,0.05222748002481329,0.22853332366377838,0.6987767991671185,0.6672156483236145,0.48562612506666275,0.8385910495167826,cgreGFP_to_amacGFP,43,CNN_Jannis_OHE
iterative_fancy,7,672,6703,0.07327140249252895,0.27068690860942823,0.577405488876201,0.6550015815913249,0.4727155515975722,0.8126668960380239,cgreGFP_to_amacGFP,43,CNN_Jannis_OHE
iterative_fancy,8,768,6703,0.04844887466193419,0.22011105074923928,0.7205699931245901,0.6949946296890642,0.5117189153097145,0.8640176992816218,cgreGFP_to_amacGFP,43,CNN_Jannis_OHE
iterative_fancy,9,864,6703,0.07205397282227365,0.268428710875483,0.5844270426997629,0.6783606421989424,0.495498508518603,0.8420946317330271,cgreGFP_to_amacGFP,43,CNN_Jannis_OHE
iterative_fancy,10,960,6703,0.06795086873902172,0.2606738742931898,0.608091790543626,0.7169670088283789,0.5310016686340011,0.8627184270110121,cgreGFP_to_amacGFP,43,CNN_Jannis_OHE
iterative_random,1,96,6703,0.1349738314235598,0.36738784876960723,0.22153530075036787,0.4221617032789643,0.2914256203702769,0.5270321760436589,cgreGFP_to_amacGFP,43,CNN_Jannis_OHE
iterative_random,2,192,6703,0.18511431299343564,0.4302491289862603,-0.06765108815073262,0.5093010983295991,0.3564841909291884,0.6166862841221455,cgreGFP_to_amacGFP,43,CNN_Jannis_OHE
iterative_random,3,288,6703,0.12540524386989466,0.3541260282299151,0.27672235111150556,0.5202525353498461,0.3630019261639455,0.6237648273417162,cgreGFP_to_amacGFP,43,CNN_Jannis_OHE
iterative_random,4,384,6703,0.10733028099376998,0.32761300492161477,0.38097011818537263,0.572595133266025,0.4019223893484404,0.6945401202998682,cgreGFP_to_amacGFP,43,CNN_Jannis_OHE
iterative_random,5,480,6703,0.10017602863677832,0.31650596935409975,0.42223243437438573,0.6092020850142672,0.43161679393745694,0.7434887271152404,cgreGFP_to_amacGFP,43,CNN_Jannis_OHE
iterative_random,6,576,6703,0.08711824060200894,0.2951579926107524,0.497543529333626,0.6437514784377004,0.4645305662304517,0.7609924765990687,cgreGFP_to_amacGFP,43,CNN_Jannis_OHE
iterative_random,7,672,6703,0.10875976597385813,0.3297874557557612,0.3727255304503315,0.6456846194597436,0.4657013841670277,0.7461396065375934,cgreGFP_to_amacGFP,43,CNN_Jannis_OHE
iterative_random,8,768,6703,0.10063467451180824,0.31722968731158857,0.4195871836661442,0.6311260545364518,0.45488977202334346,0.7840352036224213,cgreGFP_to_amacGFP,43,CNN_Jannis_OHE
iterative_random,9,864,6703,0.09046127131612411,0.30076780299115147,0.4782625222524882,0.6440129317917798,0.46700912870070227,0.7605311703308353,cgreGFP_to_amacGFP,43,CNN_Jannis_OHE
iterative_random,10,960,6703,0.09916835135150606,0.3149100686727975,0.428044236458884,0.6887229491927662,0.5048981948197696,0.7952545754712935,cgreGFP_to_amacGFP,43,CNN_Jannis_OHE
source_only,0,0,6703,0.8326247986960061,0.9124827662460295,-3.802182813279267,0.16319572342834388,0.1100584949175495,0.20728348272694946,cgreGFP_to_amacGFP,44,CNN_Jannis_OHE
oneshot_fancy,1,960,6703,0.19970098240144232,0.4468791586116344,-0.15178004184490534,0.6196633140837176,0.4419900509713755,0.6004662328532838,cgreGFP_to_amacGFP,44,CNN_Jannis_OHE
oneshot_random,1,960,6703,0.08698959091878244,0.2949399785020377,0.4982855193616573,0.6792836704567469,0.49546526430918314,0.7972088811839637,cgreGFP_to_amacGFP,44,CNN_Jannis_OHE
iterative_fancy,1,96,6703,0.16740385998109444,0.4091501680081464,0.034494359840309685,0.42852271343501364,0.29676822138255254,0.5017718929218551,cgreGFP_to_amacGFP,44,CNN_Jannis_OHE
iterative_fancy,2,192,6703,0.15458271607938298,0.39317008543298787,0.10844060428054803,0.4453140688406945,0.3073943316123301,0.5342476164086694,cgreGFP_to_amacGFP,44,CNN_Jannis_OHE
iterative_fancy,3,288,6703,0.09233046810115493,0.30385928997013556,0.4674818864970198,0.6188131204492611,0.4398819301235918,0.7393599405300793,cgreGFP_to_amacGFP,44,CNN_Jannis_OHE
iterative_fancy,4,384,6703,0.09476464047500732,0.30783865981225833,0.45344274094601045,0.5679336775796417,0.398819340921233,0.7276070646274083,cgreGFP_to_amacGFP,44,CNN_Jannis_OHE
iterative_fancy,5,480,6703,0.08647919166081974,0.29407344603146296,0.5012292589047717,0.6256608037423461,0.4467832392456458,0.7596099180628189,cgreGFP_to_amacGFP,44,CNN_Jannis_OHE
iterative_fancy,6,576,6703,0.08269518406106122,0.28756770343879234,0.523053610388582,0.5951331871673028,0.42336369264987234,0.7902413840306548,cgreGFP_to_amacGFP,44,CNN_Jannis_OHE
iterative_fancy,7,672,6703,0.0649400818546969,0.25483343943583403,0.6254565736404001,0.6753846236732883,0.4923032740219671,0.8371649613216553,cgreGFP_to_amacGFP,44,CNN_Jannis_OHE
iterative_fancy,8,768,6703,0.057181622916512846,0.239126792552639,0.670203665282194,0.670447079932143,0.4885556785240756,0.8442181509888971,cgreGFP_to_amacGFP,44,CNN_Jannis_OHE
iterative_fancy,9,864,6703,0.07970979226448197,0.28232922672738286,0.5402719267285354,0.6592130438356387,0.4797763598979126,0.8246823140855277,cgreGFP_to_amacGFP,44,CNN_Jannis_OHE
iterative_fancy,10,960,6703,0.07484326306568956,0.2735749679076826,0.568339746610147,0.6927683319550205,0.5078592771066016,0.8451915382514373,cgreGFP_to_amacGFP,44,CNN_Jannis_OHE
iterative_random,1,96,6703,0.24415718131251782,0.4941226379275876,-0.40818219884147555,0.4189006161332486,0.28864569461469075,0.49629706147029,cgreGFP_to_amacGFP,44,CNN_Jannis_OHE
iterative_random,2,192,6703,0.1838900224821619,0.4288239994241949,-0.06058996426767349,0.5190261062943926,0.36206123939074825,0.5877962673220054,cgreGFP_to_amacGFP,44,CNN_Jannis_OHE
iterative_random,3,288,6703,0.17396301193243466,0.4170887338833724,-0.0033357009742893684,0.5316283641254166,0.37037353671960593,0.6219660593594767,cgreGFP_to_amacGFP,44,CNN_Jannis_OHE
iterative_random,4,384,6703,0.1871930603913861,0.4326581333933133,-0.07964031192021492,0.463525051178083,0.319410340280618,0.5079630872384833,cgreGFP_to_amacGFP,44,CNN_Jannis_OHE
iterative_random,5,480,6703,0.12634827014960048,0.35545501846169014,0.27128342519917825,0.6684039163655741,0.483381084042238,0.7479176950406243,cgreGFP_to_amacGFP,44,CNN_Jannis_OHE
iterative_random,6,576,6703,0.07423079526705254,0.2724532900646504,0.5718721688259012,0.6606389495474077,0.47641682848393,0.7755543868767566,cgreGFP_to_amacGFP,44,CNN_Jannis_OHE
iterative_random,7,672,6703,0.14388734518191723,0.379324854421533,0.1701264036777016,0.6948570246032763,0.5055430916730027,0.7662479198693954,cgreGFP_to_amacGFP,44,CNN_Jannis_OHE
iterative_random,8,768,6703,0.09147536035824369,0.3024489384313387,0.4724137402118521,0.6734911231023308,0.48897425911514536,0.7905678675214205,cgreGFP_to_amacGFP,44,CNN_Jannis_OHE
iterative_random,9,864,6703,0.0572099483541105,0.23918601203688836,0.6700402976647233,0.6919376313759656,0.5061244416219765,0.8281276181468722,cgreGFP_to_amacGFP,44,CNN_Jannis_OHE
iterative_random,10,960,6703,0.06999300231306022,0.26456190639065974,0.5963137378516732,0.6803571877189678,0.49422644688412004,0.8139782701945499,cgreGFP_to_amacGFP,44,CNN_Jannis_OHE
source_only,0,0,6703,0.8829165649052569,0.9396364003726425,-4.092241739842298,-0.020560954265832883,-0.013799105698154894,-0.04465264634796573,cgreGFP_to_amacGFP,45,CNN_Jannis_OHE
oneshot_fancy,1,960,6703,0.10102447018752785,0.3178434680586151,0.41733902807726087,0.6202892419061903,0.4433456347019996,0.7658694741408929,cgreGFP_to_amacGFP,45,CNN_Jannis_OHE
oneshot_random,1,960,6703,0.09128999939113769,0.30214234954924424,0.4734828138833105,0.6765150784512736,0.4926369211410399,0.7779672301470435,cgreGFP_to_amacGFP,45,CNN_Jannis_OHE
iterative_fancy,1,96,6703,0.16157415881169002,0.4019628823805626,0.06811729637320196,0.4566852069451463,0.31433797918656065,0.5467677341324025,cgreGFP_to_amacGFP,45,CNN_Jannis_OHE
iterative_fancy,2,192,6703,0.1476537247652918,0.38425736787378817,0.1484037221867186,0.4960021203342888,0.3433754113833472,0.6362703315495277,cgreGFP_to_amacGFP,45,CNN_Jannis_OHE
iterative_fancy,3,288,6703,0.11356109858636286,0.3369882766304532,0.3450337333903384,0.5324494434966223,0.37381181262312724,0.6949479955528186,cgreGFP_to_amacGFP,45,CNN_Jannis_OHE
iterative_fancy,4,384,6703,0.07930677858873526,0.2816145922865775,0.5425963174387549,0.5527014084232522,0.3886509305942391,0.7478214323109389,cgreGFP_to_amacGFP,45,CNN_Jannis_OHE
iterative_fancy,5,480,6703,0.10513953641305171,0.3242522727955067,0.3936052883007549,0.5974611602961754,0.42629962131181925,0.7933719907268026,cgreGFP_to_amacGFP,45,CNN_Jannis_OHE
iterative_fancy,6,576,6703,0.12091845067685462,0.3477333039512532,0.3026000347837906,0.5995823910409553,0.427175081099855,0.7880593946813395,cgreGFP_to_amacGFP,45,CNN_Jannis_OHE
iterative_fancy,7,672,6703,0.14714390269600136,0.38359340804555203,0.15134413278079561,0.6408880253924437,0.4648404735247271,0.8100136067524921,cgreGFP_to_amacGFP,45,CNN_Jannis_OHE
iterative_fancy,8,768,6703,0.07365303413234392,0.271390924926284,0.5752044195535083,0.6416201637286194,0.4651551462017095,0.8339025352502423,cgreGFP_to_amacGFP,45,CNN_Jannis_OHE
iterative_fancy,9,864,6703,0.0976627448482935,0.31251039158449356,0.43672785684181303,0.632081337611139,0.45734713070000876,0.8291560162701275,cgreGFP_to_amacGFP,45,CNN_Jannis_OHE
iterative_fancy,10,960,6703,0.06845699747126041,0.26164288156045906,0.605172681356547,0.6603546732122572,0.48129073004886924,0.8365875514973743,cgreGFP_to_amacGFP,45,CNN_Jannis_OHE
iterative_random,1,96,6703,0.13166298945847013,0.3628539505895866,0.2406306584758855,0.46850962121150197,0.32335261297499224,0.6030764857802926,cgreGFP_to_amacGFP,45,CNN_Jannis_OHE
iterative_random,2,192,6703,0.13576743679640854,0.36846633061435685,0.21695816337950302,0.47498409619713045,0.3259585856480532,0.592618865629163,cgreGFP_to_amacGFP,45,CNN_Jannis_OHE
iterative_random,3,288,6703,0.1632792243389764,0.40407824036809553,0.05828329144868716,0.48966265351251287,0.3381029210603336,0.5940193204067231,cgreGFP_to_amacGFP,45,CNN_Jannis_OHE
iterative_random,4,384,6703,0.13096320962862767,0.36188839388494853,0.24466665485410022,0.5696346703000872,0.3998169598602323,0.6827462578198249,cgreGFP_to_amacGFP,45,CNN_Jannis_OHE
iterative_random,5,480,6703,0.08363194310534243,0.28919187939038404,0.5176508309017396,0.5731372414127256,0.4033965780854137,0.7228136567095682,cgreGFP_to_amacGFP,45,CNN_Jannis_OHE
iterative_random,6,576,6703,0.17901858552421573,0.42310587980340775,-0.03249383877145995,0.5713243022852157,0.4029393011568786,0.7112675754170503,cgreGFP_to_amacGFP,45,CNN_Jannis_OHE
iterative_random,7,672,6703,0.09629662219063558,0.3103169705166567,0.4446070009145222,0.6145966183547014,0.43731418535178546,0.7548929430543345,cgreGFP_to_amacGFP,45,CNN_Jannis_OHE
iterative_random,8,768,6703,0.06048165939045233,0.24593019210835487,0.6511706284771819,0.6470547483122584,0.4680212298367815,0.8189938765481088,cgreGFP_to_amacGFP,45,CNN_Jannis_OHE
iterative_random,9,864,6703,0.10363089457883685,0.3219175276042559,0.40230641502554976,0.6497003892745076,0.46926960932333744,0.7701277971527807,cgreGFP_to_amacGFP,45,CNN_Jannis_OHE
iterative_random,10,960,6703,0.059968954038000136,0.2448855937739093,0.6541276684736823,0.6568393715451781,0.4759223768444061,0.8218862026098601,cgreGFP_to_amacGFP,45,CNN_Jannis_OHE
source_only,0,0,6703,0.9018546322763323,0.9496602720322317,-4.201467482083621,0.0386316781325422,0.0260875337795184,0.03686091723329398,cgreGFP_to_amacGFP,46,CNN_Jannis_OHE
oneshot_fancy,1,960,6703,0.10354605226288596,0.32178572414401163,0.4027957450480716,0.6568020930103508,0.47449085729551577,0.7594513157836621,cgreGFP_to_amacGFP,46,CNN_Jannis_OHE
oneshot_random,1,960,6703,0.15408550369629848,0.39253726408622464,0.11130828821734351,0.6452125549013781,0.46617938507402956,0.7385774703227045,cgreGFP_to_amacGFP,46,CNN_Jannis_OHE
iterative_fancy,1,96,6703,0.1913355493723189,0.43741919181983646,-0.10353221307375882,0.42179458010780263,0.29036089789772723,0.5008997258625396,cgreGFP_to_amacGFP,46,CNN_Jannis_OHE
iterative_fancy,2,192,6703,0.12667253578527138,0.35591085370535047,0.2694132156342043,0.5103571524244418,0.3568853343409594,0.6208418160812301,cgreGFP_to_amacGFP,46,CNN_Jannis_OHE
iterative_fancy,3,288,6703,0.1945949118358316,0.4411291328350822,-0.12233066158146744,0.5667733699180137,0.4008428662750235,0.671954505641811,cgreGFP_to_amacGFP,46,CNN_Jannis_OHE
iterative_fancy,4,384,6703,0.10980775217942573,0.33137252779828585,0.3666812457343199,0.5641185355199605,0.39925955434677024,0.7168261688054498,cgreGFP_to_amacGFP,46,CNN_Jannis_OHE
iterative_fancy,5,480,6703,0.09013187791107495,0.30021971605987996,0.48016230634613033,0.5876600092563354,0.41652254388714094,0.7578384965105517,cgreGFP_to_amacGFP,46,CNN_Jannis_OHE
iterative_fancy,6,576,6703,0.07305409624138506,0.2702852127686327,0.5786588077133239,0.6025063534701307,0.4297538649423633,0.7638497885690856,cgreGFP_to_amacGFP,46,CNN_Jannis_OHE
iterative_fancy,7,672,6703,0.08918550897163664,0.2986394297001597,0.48562051112589366,0.6352085437779176,0.4577095904693924,0.7810383554547968,cgreGFP_to_amacGFP,46,CNN_Jannis_OHE
iterative_fancy,8,768,6703,0.05575127886286699,0.23611708718952762,0.6784532077438787,0.6771496021271629,0.4958910980072628,0.8450259874640623,cgreGFP_to_amacGFP,46,CNN_Jannis_OHE
iterative_fancy,9,864,6703,0.10684611512916166,0.3268732401545921,0.3837625560246489,0.6795923235887182,0.49619408421835254,0.8398058960488048,cgreGFP_to_amacGFP,46,CNN_Jannis_OHE
iterative_fancy,10,960,6703,0.051870168880308556,0.22775023354611199,0.7008375994697531,0.6748099699194662,0.4927404059159626,0.853691101768529,cgreGFP_to_amacGFP,46,CNN_Jannis_OHE
iterative_random,1,96,6703,0.17328248401074273,0.4162721273527003,0.0005892595777190479,0.41769147791818495,0.2869370410141524,0.5029342432139681,cgreGFP_to_amacGFP,46,CNN_Jannis_OHE
iterative_random,2,192,6703,0.1141740523564324,0.3378965113114256,0.34149850832309014,0.507952934965096,0.353694893866776,0.6085411827822342,cgreGFP_to_amacGFP,46,CNN_Jannis_OHE
iterative_random,3,288,6703,0.09840117088727542,0.31368960914776156,0.4324689675571912,0.5772940748861387,0.40637083903315296,0.6975506994009977,cgreGFP_to_amacGFP,46,CNN_Jannis_OHE
iterative_random,4,384,6703,0.10552282120286162,0.32484276381483645,0.39139468439717295,0.550618533707617,0.3882648144688867,0.6815557604872258,cgreGFP_to_amacGFP,46,CNN_Jannis_OHE
iterative_random,5,480,6703,0.10441681799164455,0.32313591256875884,0.3977735835371654,0.6290007450233417,0.4514160163041121,0.7097202909153035,cgreGFP_to_amacGFP,46,CNN_Jannis_OHE
iterative_random,6,576,6703,0.10628396158552661,0.32601221079206005,0.38700478960920726,0.6364408358806191,0.4582855751298655,0.7608947731587921,cgreGFP_to_amacGFP,46,CNN_Jannis_OHE
iterative_random,7,672,6703,0.0721307801028833,0.26857174107281523,0.583984054929694,0.6640650742909694,0.4814959238638145,0.8070290853089102,cgreGFP_to_amacGFP,46,CNN_Jannis_OHE
iterative_random,8,768,6703,0.0854831528422883,0.29237502089318146,0.5069739358627505,0.6709620060701562,0.48868005498416034,0.7894760205249715,cgreGFP_to_amacGFP,46,CNN_Jannis_OHE
iterative_random,9,864,6703,0.11523184922261763,0.3394581700631429,0.33539764039471365,0.6723847998609257,0.48978498513191665,0.7652371203812804,cgreGFP_to_amacGFP,46,CNN_Jannis_OHE
iterative_random,10,960,6703,0.09485860427686044,0.3079912405846316,0.4529008025422586,0.6045576432058407,0.43012812011981044,0.7290427952116161,cgreGFP_to_amacGFP,46,CNN_Jannis_OHE
source_only,0,0,6281,1.247431272442202,1.116884628080359,-3.5564093675261903,-0.08336050602374824,-0.0553444719851338,-0.09235617273145622,cgreGFP_to_ppluGFP,42,CNN_Jannis_OHE
oneshot_fancy,1,960,6281,0.08718041857001935,0.2952633037985238,0.681561874699838,0.6982033102595105,0.5140237814798214,0.8416050372042188,cgreGFP_to_ppluGFP,42,CNN_Jannis_OHE
oneshot_random,1,960,6281,0.12195959164969561,0.3492271347557283,0.5545262988602127,0.7393101171279062,0.5496383869359214,0.8275522778299564,cgreGFP_to_ppluGFP,42,CNN_Jannis_OHE
iterative_fancy,1,96,6281,0.17060275305124115,0.41304086123680445,0.376850653578232,0.47611480014327423,0.3321094766722094,0.6312003065251838,cgreGFP_to_ppluGFP,42,CNN_Jannis_OHE
iterative_fancy,2,192,6281,0.1778114985626675,0.4216770073915194,0.35051974757804005,0.6066559987209769,0.43157626134131577,0.7289469227884582,cgreGFP_to_ppluGFP,42,CNN_Jannis_OHE
iterative_fancy,3,288,6281,0.19844409615571143,0.4454706456723175,0.2751564285510196,0.6478589650314861,0.4644697323838089,0.7387908104891635,cgreGFP_to_ppluGFP,42,CNN_Jannis_OHE
iterative_fancy,4,384,6281,0.12407348126584998,0.3522406581668987,0.5468050346416997,0.6714293916235667,0.48898030589790875,0.8036129274036977,cgreGFP_to_ppluGFP,42,CNN_Jannis_OHE
iterative_fancy,5,480,6281,0.15463494158125582,0.39323649573921265,0.4351752181198063,0.6859637598123116,0.4992899670278329,0.8048670338501034,cgreGFP_to_ppluGFP,42,CNN_Jannis_OHE
iterative_fancy,6,576,6281,0.08389577019551928,0.28964766561379235,0.6935594916854224,0.7000062576729049,0.5145887151674493,0.8599295517575999,cgreGFP_to_ppluGFP,42,CNN_Jannis_OHE
iterative_fancy,7,672,6281,0.0730434510354558,0.2702655195089744,0.7331990371839808,0.6932227369264701,0.5093287547145058,0.8699268415025814,cgreGFP_to_ppluGFP,42,CNN_Jannis_OHE
iterative_fancy,8,768,6281,0.06465020684209861,0.2542640494487937,0.7638564828576617,0.7079282838834128,0.5230531026163576,0.8796547970747227,cgreGFP_to_ppluGFP,42,CNN_Jannis_OHE
iterative_fancy,9,864,6281,0.2106846406740828,0.45900396585877423,0.2304462044775626,0.6048233088147132,0.43046259321466324,0.7794364123297066,cgreGFP_to_ppluGFP,42,CNN_Jannis_OHE
iterative_fancy,10,960,6281,0.09814532088832642,0.31328153614333293,0.6415111041757579,0.7375499867231905,0.5510968038107309,0.8796609463275981,cgreGFP_to_ppluGFP,42,CNN_Jannis_OHE
iterative_random,1,96,6281,0.22248828934327008,0.47168664316818437,0.18733180085837242,0.4955565580417523,0.3436833037136744,0.5623579326818595,cgreGFP_to_ppluGFP,42,CNN_Jannis_OHE
iterative_random,2,192,6281,0.1837643979966837,0.4286774988224641,0.3287759871446576,0.5059621860331963,0.3518804701948082,0.6221938803018982,cgreGFP_to_ppluGFP,42,CNN_Jannis_OHE
iterative_random,3,288,6281,0.15584049638503608,0.39476638203504116,0.43077176814836504,0.6102888361776057,0.43532493304311076,0.7434351675027656,cgreGFP_to_ppluGFP,42,CNN_Jannis_OHE
iterative_random,4,384,6281,0.10809482485913098,0.32877777427790184,0.6051692117634739,0.6508371912472646,0.4688144615829915,0.7988108692600876,cgreGFP_to_ppluGFP,42,CNN_Jannis_OHE
iterative_random,5,480,6281,0.1561611162452332,0.3951722614825504,0.42960066127723695,0.6274387384941251,0.4479071164914504,0.731329382253128,cgreGFP_to_ppluGFP,42,CNN_Jannis_OHE
iterative_random,6,576,6281,0.11507290686310086,0.3392239774295161,0.5796808350387134,0.6514025251595781,0.4696769853878284,0.8063889470775172,cgreGFP_to_ppluGFP,42,CNN_Jannis_OHE
iterative_random,7,672,6281,0.11668729915540925,0.3415952270676645,0.5737840515236304,0.6793895127324554,0.49276705161794404,0.8128209429009619,cgreGFP_to_ppluGFP,42,CNN_Jannis_OHE
iterative_random,8,768,6281,0.09154662558255731,0.3025667291401309,0.6656137203028925,0.7004910494474996,0.5147956854231143,0.8407020812808648,cgreGFP_to_ppluGFP,42,CNN_Jannis_OHE
iterative_random,9,864,6281,0.11157702839089566,0.3340314781437457,0.592449998174494,0.7167312748654269,0.5290703569149712,0.8288177048643894,cgreGFP_to_ppluGFP,42,CNN_Jannis_OHE
iterative_random,10,960,6281,0.16134987364102357,0.4016837980813062,0.41064803172056896,0.7042175920228987,0.5173979082071469,0.7874983224640809,cgreGFP_to_ppluGFP,42,CNN_Jannis_OHE
source_only,0,0,6281,1.276598439109869,1.1298665580987293,-3.662946340235373,-0.14940551903069,-0.09958974853383716,-0.17073545839848386,cgreGFP_to_ppluGFP,43,CNN_Jannis_OHE
oneshot_fancy,1,960,6281,0.08650046175045417,0.2941096083953297,0.6840455078190515,0.7074383295648228,0.5201676371770841,0.8380059331741875,cgreGFP_to_ppluGFP,43,CNN_Jannis_OHE
oneshot_random,1,960,6281,0.0950017597930484,0.30822355489652054,0.6529933810260677,0.7344991577128527,0.5473137503531438,0.8496873616857834,cgreGFP_to_ppluGFP,43,CNN_Jannis_OHE
iterative_fancy,1,96,6281,0.291932862527289,0.540308118139353,-0.0663237798294869,0.42049691807676315,0.2873189370997108,0.48039358184317166,cgreGFP_to_ppluGFP,43,CNN_Jannis_OHE
iterative_fancy,2,192,6281,0.1524235871900458,0.39041463495884193,0.4432524854495752,0.49782008450236914,0.3473977943506976,0.6664474726513453,cgreGFP_to_ppluGFP,43,CNN_Jannis_OHE
iterative_fancy,3,288,6281,0.15722583603540338,0.39651713208309597,0.42571163000722223,0.5460856262714253,0.3858557137622687,0.6848214919855939,cgreGFP_to_ppluGFP,43,CNN_Jannis_OHE
iterative_fancy,4,384,6281,0.15209316114443572,0.3899912321378978,0.44445941072293704,0.5902710032216686,0.4215963576725324,0.7508672018562379,cgreGFP_to_ppluGFP,43,CNN_Jannis_OHE
iterative_fancy,5,480,6281,0.12891145852701721,0.35904241884075094,0.529133676387626,0.6079873283395234,0.4334651477313529,0.7719875624311,cgreGFP_to_ppluGFP,43,CNN_Jannis_OHE
iterative_fancy,6,576,6281,0.13489788083630663,0.3672844685476186,0.5072674691739715,0.6443182973279966,0.46578476902749794,0.8164948054348107,cgreGFP_to_ppluGFP,43,CNN_Jannis_OHE
iterative_fancy,7,672,6281,0.10390929148510582,0.3223496416705094,0.6204574315594751,0.6605903298225394,0.4806493958195322,0.8384545435201052,cgreGFP_to_ppluGFP,43,CNN_Jannis_OHE
iterative_fancy,8,768,6281,0.1037155636451503,0.32204900814185144,0.6211650483751059,0.6699208911491745,0.4847540880773217,0.8460640240310746,cgreGFP_to_ppluGFP,43,CNN_Jannis_OHE
iterative_fancy,9,864,6281,0.05505236002460539,0.2346323933829372,0.7989139005394313,0.7130629342740181,0.5254682088137397,0.8943269784584067,cgreGFP_to_ppluGFP,43,CNN_Jannis_OHE
iterative_fancy,10,960,6281,0.1280715209186068,0.3578708159638151,0.5322016607100057,0.7297472478202692,0.5399565161899784,0.8561453418086273,cgreGFP_to_ppluGFP,43,CNN_Jannis_OHE
iterative_random,1,96,6281,0.31165041608087357,0.5582565862404791,-0.13834477826121772,0.4785229783090928,0.33222416631253326,0.5604574011371639,cgreGFP_to_ppluGFP,43,CNN_Jannis_OHE
iterative_random,2,192,6281,0.18056931500528176,0.4249344831915642,0.3404464546033945,0.5971183517843941,0.4209453794977052,0.6804384378954158,cgreGFP_to_ppluGFP,43,CNN_Jannis_OHE
iterative_random,3,288,6281,0.18618342749273623,0.43148977681138195,0.31994015875103643,0.5458701781090403,0.38088027176629285,0.6342899307162312,cgreGFP_to_ppluGFP,43,CNN_Jannis_OHE
iterative_random,4,384,6281,0.26006748443435385,0.5099681209981207,0.05006877056582226,0.5931099128361288,0.41840025646201723,0.661467797357772,cgreGFP_to_ppluGFP,43,CNN_Jannis_OHE
iterative_random,5,480,6281,0.18972586836563488,0.4355753302996336,0.3070009202264299,0.6767947015734459,0.4896211329920321,0.7575436493338941,cgreGFP_to_ppluGFP,43,CNN_Jannis_OHE
iterative_random,6,576,6281,0.16092232778669657,0.40115125300402166,0.41220970006955027,0.681727705319522,0.4925524107380025,0.7780450494004152,cgreGFP_to_ppluGFP,43,CNN_Jannis_OHE
iterative_random,7,672,6281,0.14480494724854276,0.3805324522935498,0.4710805856136122,0.6870021019431838,0.49832405467254204,0.7689379326630084,cgreGFP_to_ppluGFP,43,CNN_Jannis_OHE
iterative_random,8,768,6281,0.23143080884148054,0.4810725608902264,0.1546680537557683,0.6855381138293284,0.4965314935326342,0.724025399021855,cgreGFP_to_ppluGFP,43,CNN_Jannis_OHE
iterative_random,9,864,6281,0.138729891471366,0.3724646177442443,0.493270538409312,0.7224520350906961,0.5338564990168944,0.8081089041600598,cgreGFP_to_ppluGFP,43,CNN_Jannis_OHE
iterative_random,10,960,6281,0.09336007399639723,0.30554880787919503,0.6589898577119147,0.7296020422678673,0.5398910304609181,0.8364875324904825,cgreGFP_to_ppluGFP,43,CNN_Jannis_OHE
source_only,0,0,6281,1.2023861124560642,1.096533680493246,-3.39187590307269,0.00926263796504276,0.00585131555162108,0.017938768922484548,cgreGFP_to_ppluGFP,44,CNN_Jannis_OHE
oneshot_fancy,1,960,6281,0.11954160847679425,0.345747897284704,0.5633583054187455,0.7092075158651847,0.5201512873194456,0.8188397477219893,cgreGFP_to_ppluGFP,44,CNN_Jannis_OHE
oneshot_random,1,960,6281,0.08449766881881712,0.29068482729378414,0.6913609765559066,0.740718482040454,0.5535841436216679,0.8644892464137504,cgreGFP_to_ppluGFP,44,CNN_Jannis_OHE
iterative_fancy,1,96,6281,0.29871249915922415,0.5465459716796238,-0.09108730832247991,0.4350778728781393,0.30125350610451507,0.4921943759465961,cgreGFP_to_ppluGFP,44,CNN_Jannis_OHE
iterative_fancy,2,192,6281,0.12638872606272744,0.35551192112603963,0.5383482937264623,0.5790888779877993,0.4084552402160313,0.7367527352086358,cgreGFP_to_ppluGFP,44,CNN_Jannis_OHE
iterative_fancy,3,288,6281,0.21338671915405938,0.46193800358279613,0.22057650185751165,0.5313085522731584,0.36910531747604675,0.6256208502227826,cgreGFP_to_ppluGFP,44,CNN_Jannis_OHE
iterative_fancy,4,384,6281,0.12736439860886517,0.35688149098666516,0.5347845194111394,0.6390028378966437,0.4590961765621769,0.7773258991763516,cgreGFP_to_ppluGFP,44,CNN_Jannis_OHE
iterative_fancy,5,480,6281,0.11236939217391553,0.33521544143120185,0.589555783604763,0.6620898201770482,0.47961095023338257,0.8146355950974453,cgreGFP_to_ppluGFP,44,CNN_Jannis_OHE
iterative_fancy,6,576,6281,0.1542908648388258,0.39279875870326497,0.436432004386906,0.6663731634426706,0.48499482670258304,0.8052343680927205,cgreGFP_to_ppluGFP,44,CNN_Jannis_OHE
iterative_fancy,7,672,6281,0.09999638769389518,0.3162220544078088,0.6347498353835318,0.6824211122999032,0.4983627942740001,0.8529180397452929,cgreGFP_to_ppluGFP,44,CNN_Jannis_OHE
iterative_fancy,8,768,6281,0.06979966602324372,0.26419626421136944,0.7450473952798526,0.6619215636893194,0.4819559759500546,0.8661790955630038,cgreGFP_to_ppluGFP,44,CNN_Jannis_OHE
iterative_fancy,9,864,6281,0.1268460189912752,0.3561544875349393,0.5366779702149639,0.6805380546421158,0.4973585610465448,0.8473966317925297,cgreGFP_to_ppluGFP,44,CNN_Jannis_OHE
iterative_fancy,10,960,6281,0.06895968713353695,0.26260176529021456,0.748115530387682,0.7135311913223455,0.5279291817401648,0.8806609418282083,cgreGFP_to_ppluGFP,44,CNN_Jannis_OHE
iterative_random,1,96,6281,0.24839766662785306,0.49839509089461653,0.09269433908052205,0.46850287435902754,0.3233956300364424,0.528871966398041,cgreGFP_to_ppluGFP,44,CNN_Jannis_OHE
iterative_random,2,192,6281,0.2339022187843948,0.4836343854446195,0.145640898782456,0.6154524237147807,0.43982596293953646,0.680351696762685,cgreGFP_to_ppluGFP,44,CNN_Jannis_OHE
iterative_random,3,288,6281,0.1616791498205453,0.4020934590621256,0.40944530648670596,0.5996397587291996,0.42241067766223256,0.7068909008580455,cgreGFP_to_ppluGFP,44,CNN_Jannis_OHE
iterative_random,4,384,6281,0.11538373837739982,0.33968181932125807,0.5785454814086081,0.669812770524556,0.48409670164810364,0.791407590214318,cgreGFP_to_ppluGFP,44,CNN_Jannis_OHE
iterative_random,5,480,6281,0.15346354364712367,0.3917442324363227,0.4394539055618255,0.6615261006528572,0.4750117868223534,0.7744331773492917,cgreGFP_to_ppluGFP,44,CNN_Jannis_OHE
iterative_random,6,576,6281,0.17017560241377858,0.4125234568043114,0.3784108783448189,0.6553737341427327,0.47381714962174987,0.79091761603701,cgreGFP_to_ppluGFP,44,CNN_Jannis_OHE
iterative_random,7,672,6281,0.11639358558144654,0.341165041558256,0.5748568795898639,0.656834433756709,0.4737084356747493,0.7878944134762838,cgreGFP_to_ppluGFP,44,CNN_Jannis_OHE
iterative_random,8,768,6281,0.10170325525624048,0.31890947815366116,0.6285152735908242,0.698153487741335,0.5115190486109115,0.8377774068564362,cgreGFP_to_ppluGFP,44,CNN_Jannis_OHE
iterative_random,9,864,6281,0.13551955061633403,0.368129801315153,0.5049967372532627,0.6850914950052014,0.499645915577178,0.8024777136682097,cgreGFP_to_ppluGFP,44,CNN_Jannis_OHE
iterative_random,10,960,6281,0.09602595770012493,0.30988055392380615,0.64925236134739,0.7115048133812952,0.5260032179954689,0.847557187097925,cgreGFP_to_ppluGFP,44,CNN_Jannis_OHE
source_only,0,0,6281,1.273649564847225,1.1285608379025143,-3.6521751830495646,-0.026211229553722962,-0.017514818644178715,-0.015036757475669238,cgreGFP_to_ppluGFP,45,CNN_Jannis_OHE
oneshot_fancy,1,960,6281,0.14827129319259272,0.3850601163358687,0.45841929398218284,0.6937705667541679,0.5038650952845486,0.7796934844285052,cgreGFP_to_ppluGFP,45,CNN_Jannis_OHE
oneshot_random,1,960,6281,0.07777125770881266,0.27887498580692505,0.7159300917196253,0.7245129487112483,0.5353985375672842,0.8564376579494479,cgreGFP_to_ppluGFP,45,CNN_Jannis_OHE
iterative_fancy,1,96,6281,0.342553194060581,0.5852804405245241,-0.25122130314876046,0.49008433342293584,0.34036128803516125,0.5053029051331484,cgreGFP_to_ppluGFP,45,CNN_Jannis_OHE
iterative_fancy,2,192,6281,0.16205117965513816,0.402555809367022,0.4080864178162148,0.5551011403738089,0.38955583897982643,0.6596076604783556,cgreGFP_to_ppluGFP,45,CNN_Jannis_OHE
iterative_fancy,3,288,6281,0.12851384983150285,0.3584882840923854,0.5305859952647252,0.6097903763766747,0.43384703520942314,0.7700706053106279,cgreGFP_to_ppluGFP,45,CNN_Jannis_OHE
iterative_fancy,4,384,6281,0.2449806204146142,0.49495517010595436,0.10517555685918956,0.5448540647149728,0.3818143277450785,0.6647314261943287,cgreGFP_to_ppluGFP,45,CNN_Jannis_OHE
iterative_fancy,5,480,6281,0.09835511936031327,0.31361619754137904,0.6407447872297491,0.6520020569564352,0.46854913163437345,0.8218491539420074,cgreGFP_to_ppluGFP,45,CNN_Jannis_OHE
iterative_fancy,6,576,6281,0.09567873791070934,0.309319798769347,0.6505206280134856,0.6757111734132258,0.48981472195236175,0.8358590824079446,cgreGFP_to_ppluGFP,45,CNN_Jannis_OHE
iterative_fancy,7,672,6281,0.06660942641156681,0.2580880206665292,0.7567001716471143,0.7017353960172699,0.5172145684657068,0.8756119028713578,cgreGFP_to_ppluGFP,45,CNN_Jannis_OHE
iterative_fancy,8,768,6281,0.06229896266485838,0.2495976014805799,0.7724447163188484,0.7188385053085794,0.5322421123058143,0.8841349339604665,cgreGFP_to_ppluGFP,45,CNN_Jannis_OHE
iterative_fancy,9,864,6281,0.07535312462632567,0.27450523606358707,0.7247626458429461,0.7114434072461283,0.5244155640051229,0.8778254190374408,cgreGFP_to_ppluGFP,45,CNN_Jannis_OHE
iterative_fancy,10,960,6281,0.05103976937098411,0.22591982952141254,0.8135704239456578,0.7426018176208912,0.5554570444844064,0.9067374828653942,cgreGFP_to_ppluGFP,45,CNN_Jannis_OHE
iterative_random,1,96,6281,0.24067869711826753,0.49059015187656135,0.12088890639505445,0.4964347319241002,0.3415230957034797,0.5416864473672617,cgreGFP_to_ppluGFP,45,CNN_Jannis_OHE
iterative_random,2,192,6281,0.24885201987686612,0.49885069898404083,0.09103475314123732,0.537361345937908,0.3742737787447122,0.6273350351860857,cgreGFP_to_ppluGFP,45,CNN_Jannis_OHE
iterative_random,3,288,6281,0.1491742021891942,0.38623076287265645,0.45512129825205794,0.5978367318961353,0.42716159345309684,0.7320515107183612,cgreGFP_to_ppluGFP,45,CNN_Jannis_OHE
iterative_random,4,384,6281,0.1097980712338471,0.33135792013146015,0.5989478768423381,0.6500303430452775,0.46728086416407033,0.7864831599370956,cgreGFP_to_ppluGFP,45,CNN_Jannis_OHE
iterative_random,5,480,6281,0.1467264104921442,0.3830488356491169,0.4640621844271785,0.6862683277320262,0.49904686640464296,0.7814274331150898,cgreGFP_to_ppluGFP,45,CNN_Jannis_OHE
iterative_random,6,576,6281,0.07528217557670616,0.27437597485331355,0.7250217967247983,0.7108935710381593,0.5213580989065829,0.8610284461621531,cgreGFP_to_ppluGFP,45,CNN_Jannis_OHE
iterative_random,7,672,6281,0.1499284850977201,0.3872059982718761,0.4523661791636582,0.6788652877949033,0.49291554883513766,0.8023351922340125,cgreGFP_to_ppluGFP,45,CNN_Jannis_OHE
iterative_random,8,768,6281,0.22217545403418396,0.47135491302646243,0.18847447361662584,0.6519219608296833,0.4687756749123647,0.7265418820714479,cgreGFP_to_ppluGFP,45,CNN_Jannis_OHE
iterative_random,9,864,6281,0.16569511468148657,0.4070566480006027,0.3947764583374812,0.7083207861458605,0.5198295966526051,0.7939104093249285,cgreGFP_to_ppluGFP,45,CNN_Jannis_OHE
iterative_random,10,960,6281,0.0698737030652703,0.2643363445787777,0.7447769650932072,0.6949052091324253,0.5081368927125546,0.8733116434963557,cgreGFP_to_ppluGFP,45,CNN_Jannis_OHE
source_only,0,0,6281,1.2445864005531886,1.1156103264819615,-3.546018092903794,0.031816600288479845,0.021093927245492132,0.02995088685645453,cgreGFP_to_ppluGFP,46,CNN_Jannis_OHE
oneshot_fancy,1,960,6281,0.11442543980270482,0.33826829559198246,0.5820457949722393,0.7146200258414693,0.5239624596352151,0.8145524998278149,cgreGFP_to_ppluGFP,46,CNN_Jannis_OHE
oneshot_random,1,960,6281,0.08730243439847377,0.2954698536204223,0.6811161955862564,0.7400520144238291,0.5519444978451444,0.8673119551910982,cgreGFP_to_ppluGFP,46,CNN_Jannis_OHE
iterative_fancy,1,96,6281,0.282459621477177,0.5314693043602584,-0.03172150135922047,0.38554280657040035,0.2629041480676228,0.47145723819119584,cgreGFP_to_ppluGFP,46,CNN_Jannis_OHE
iterative_fancy,2,192,6281,0.35553185735779774,0.5962649221258934,-0.29862760466758553,0.44921783271647114,0.3084248801451465,0.5361158795806834,cgreGFP_to_ppluGFP,46,CNN_Jannis_OHE
iterative_fancy,3,288,6281,0.3002640868805821,0.5479635817101188,-0.09675468975207413,0.5404893958854478,0.37790561394607697,0.6250158140889521,cgreGFP_to_ppluGFP,46,CNN_Jannis_OHE
iterative_fancy,4,384,6281,0.15765752566990246,0.39706111074984723,0.4241348259475928,0.5667538052865021,0.40071253129758266,0.7029748418710218,cgreGFP_to_ppluGFP,46,CNN_Jannis_OHE
iterative_fancy,5,480,6281,0.1450895960083323,0.3809062824479695,0.47004086799211897,0.5588634265663196,0.39332456417941714,0.7370618671798295,cgreGFP_to_ppluGFP,46,CNN_Jannis_OHE
iterative_fancy,6,576,6281,0.16362721453353724,0.40450860872611505,0.4023297398796206,0.6172771278346707,0.44127532619990106,0.7591121480399194,cgreGFP_to_ppluGFP,46,CNN_Jannis_OHE
iterative_fancy,7,672,6281,0.09550031061518045,0.3090312453704001,0.6511723575465913,0.680511745151812,0.49549404900715266,0.8321780137267085,cgreGFP_to_ppluGFP,46,CNN_Jannis_OHE
iterative_fancy,8,768,6281,0.10463969731208839,0.32348059804583085,0.6177895267011628,0.6887594213822321,0.5034381315721588,0.8357935033383929,cgreGFP_to_ppluGFP,46,CNN_Jannis_OHE
iterative_fancy,9,864,6281,0.0915776159813557,0.3026179373093335,0.6655005237312593,0.7080580239774754,0.5222541989106833,0.8592887865660312,cgreGFP_to_ppluGFP,46,CNN_Jannis_OHE
iterative_fancy,10,960,6281,0.06287458876722309,0.2507480583518506,0.7703421650817993,0.7099622562810602,0.5238460370210598,0.8900948845949292,cgreGFP_to_ppluGFP,46,CNN_Jannis_OHE
iterative_random,1,96,6281,0.22833146362776482,0.4778404164862625,0.1659888261918514,0.3928342851555647,0.26884141632315284,0.44030594657187844,cgreGFP_to_ppluGFP,46,CNN_Jannis_OHE
iterative_random,2,192,6281,0.22489722140023033,0.4742332984937164,0.1785328547099574,0.5680752370087914,0.40081428980902756,0.6630297000089409,cgreGFP_to_ppluGFP,46,CNN_Jannis_OHE
iterative_random,3,288,6281,0.2394901131227449,0.48937727074593984,0.12523036822219646,0.6117008476422907,0.43722190887079815,0.6894195971606378,cgreGFP_to_ppluGFP,46,CNN_Jannis_OHE
iterative_random,4,384,6281,0.09821780461066222,0.3133971994301516,0.6412463476967918,0.6372069496793223,0.4586194635609779,0.8181563039194274,cgreGFP_to_ppluGFP,46,CNN_Jannis_OHE
iterative_random,5,480,6281,0.17698581445370012,0.42069682011360643,0.35353566908957235,0.7029771023362059,0.5154700302484541,0.7622187751731727,cgreGFP_to_ppluGFP,46,CNN_Jannis_OHE
iterative_random,6,576,6281,0.09304336645499474,0.3050301074566161,0.6601466743159968,0.7094238227107474,0.52085653874364,0.8425338514416527,cgreGFP_to_ppluGFP,46,CNN_Jannis_OHE
iterative_random,7,672,6281,0.10838524135733578,0.3292191388077792,0.6041084267069041,0.6783910751867978,0.4925549842943076,0.8130752081808562,cgreGFP_to_ppluGFP,46,CNN_Jannis_OHE
iterative_random,8,768,6281,0.11306470005082236,0.3362509480296262,0.5870160786978542,0.7016786480750088,0.5127392696544336,0.8099595456044533,cgreGFP_to_ppluGFP,46,CNN_Jannis_OHE
iterative_random,9,864,6281,0.09567815800583931,0.3093188613806784,0.6505227461934932,0.6915731248763006,0.5030402250517889,0.8288434025876535,cgreGFP_to_ppluGFP,46,CNN_Jannis_OHE
iterative_random,10,960,6281,0.08393346352021687,0.2897127258513455,0.6934218117814955,0.7008930641439538,0.5106383838383007,0.8367339661586874,cgreGFP_to_ppluGFP,46,CNN_Jannis_OHE
source_only,0,0,4904,1.2493478082344835,1.1177422816707274,-1.1005149298470593,0.17939109989393992,0.1253902723342486,0.1331365325974326,amacGFP_to_cgreGFP,42,CNN_Jannis_OHE
oneshot_fancy,1,960,4904,0.33598175874511194,0.5796393350568195,0.4351175103130891,0.7182488407053961,0.5303772888940648,0.7212197720689336,amacGFP_to_cgreGFP,42,CNN_Jannis_OHE
oneshot_random,1,960,4904,0.3126624015604697,0.5591622318795053,0.47432409281792176,0.7425412710535317,0.5464931534667858,0.7368448748922305,amacGFP_to_cgreGFP,42,CNN_Jannis_OHE
iterative_fancy,1,96,4904,0.7199801427600018,0.848516436352297,-0.21049481104701284,0.48933072684923606,0.3471571406602582,0.40240204036754457,amacGFP_to_cgreGFP,42,CNN_Jannis_OHE
iterative_fancy,2,192,4904,0.5754883745355956,0.758609500688988,0.03243763290089552,0.5491974857445269,0.38938592401725586,0.5300380463944186,amacGFP_to_cgreGFP,42,CNN_Jannis_OHE
iterative_fancy,3,288,4904,0.46955014999993133,0.68523729466509,0.21055042167915738,0.5552485813088945,0.39120879097915595,0.6188861017144431,amacGFP_to_cgreGFP,42,CNN_Jannis_OHE
iterative_fancy,4,384,4904,0.3583187380593544,0.5985973087638754,0.3975625890749792,0.6618583909004864,0.4755906475761263,0.6843179319961621,amacGFP_to_cgreGFP,42,CNN_Jannis_OHE
iterative_fancy,5,480,4904,0.35514029704611205,0.5959364874263968,0.4029064675033477,0.676552785923799,0.4889288275527292,0.6965483580224281,amacGFP_to_cgreGFP,42,CNN_Jannis_OHE
iterative_fancy,6,576,4904,0.3286518743164371,0.5732816710103656,0.44744116556345725,0.7027479920847095,0.5105581670263433,0.7116851361931587,amacGFP_to_cgreGFP,42,CNN_Jannis_OHE
iterative_fancy,7,672,4904,0.30926284439335616,0.5561140570003209,0.48003973143938916,0.7258072552580398,0.5316461372739115,0.7402085734587055,amacGFP_to_cgreGFP,42,CNN_Jannis_OHE
iterative_fancy,8,768,4904,0.2685379273852031,0.5182064524735321,0.5485100930381288,0.7236535993693934,0.5255915577251983,0.7685771245801152,amacGFP_to_cgreGFP,42,CNN_Jannis_OHE
iterative_fancy,9,864,4904,0.25760884520065863,0.5075518152865367,0.5668850404681823,0.7280271243822711,0.5313640770897388,0.7683921140802129,amacGFP_to_cgreGFP,42,CNN_Jannis_OHE
iterative_fancy,10,960,4904,0.24021260367562236,0.49011488824113714,0.5961331528078535,0.7474870226562751,0.5497730637990904,0.7827127657322346,amacGFP_to_cgreGFP,42,CNN_Jannis_OHE
iterative_random,1,96,4904,0.7110107512415464,0.8432145345293488,-0.19541467029518889,0.29143819335591753,0.20342768372610573,0.41059072751031533,amacGFP_to_cgreGFP,42,CNN_Jannis_OHE
iterative_random,2,192,4904,0.635360247220561,0.7970948796853239,-0.06822429776706818,0.41004509809828066,0.285330256129376,0.4781218134344535,amacGFP_to_cgreGFP,42,CNN_Jannis_OHE
iterative_random,3,288,4904,0.4029658464315037,0.6347959092743932,0.3224978896437398,0.6054319715218928,0.4338153303162539,0.6022132589444495,amacGFP_to_cgreGFP,42,CNN_Jannis_OHE
iterative_random,4,384,4904,0.43340485575337356,0.6583349115407549,0.2713211131617007,0.6212754374690537,0.4483220343141834,0.6101907584907809,amacGFP_to_cgreGFP,42,CNN_Jannis_OHE
iterative_random,5,480,4904,0.37400753887151966,0.6115615577123202,0.3711851783010174,0.6631847478549869,0.4770008308165321,0.6693691862574424,amacGFP_to_cgreGFP,42,CNN_Jannis_OHE
iterative_random,6,576,4904,0.349721467183467,0.5913725282624034,0.4120170874234097,0.6716525574959208,0.4832620948488749,0.680469574703735,amacGFP_to_cgreGFP,42,CNN_Jannis_OHE
iterative_random,7,672,4904,0.3102067259389933,0.5569620507170963,0.4784527936262756,0.7153837445307052,0.5219413485274772,0.7244859035267666,amacGFP_to_cgreGFP,42,CNN_Jannis_OHE
iterative_random,8,768,4904,0.3436109011244437,0.5861833340555186,0.4222907159135686,0.6796697414915143,0.4917445226831517,0.7163508065488093,amacGFP_to_cgreGFP,42,CNN_Jannis_OHE
iterative_random,9,864,4904,0.28134345777431324,0.5304181914059068,0.5269802935782433,0.7232080934556843,0.5308362086579584,0.7477482350465521,amacGFP_to_cgreGFP,42,CNN_Jannis_OHE
iterative_random,10,960,4904,0.25880322527944033,0.5087270636396695,0.5648769421861368,0.7566322201050422,0.5605678246453663,0.7762165822938709,amacGFP_to_cgreGFP,42,CNN_Jannis_OHE
source_only,0,0,4904,1.1708593987131826,1.0820625669124602,-0.9685532175578104,0.23155096029316943,0.16221468198634442,0.20057023841895807,amacGFP_to_cgreGFP,43,CNN_Jannis_OHE
oneshot_fancy,1,960,4904,0.3868168481586892,0.6219460170775991,0.34964902542077925,0.6871653628469507,0.49934286074281725,0.6710131230151326,amacGFP_to_cgreGFP,43,CNN_Jannis_OHE
oneshot_random,1,960,4904,0.28176622363101494,0.5308165630714766,0.5262695019252075,0.7467844416212124,0.5531226431184941,0.7580928381322539,amacGFP_to_cgreGFP,43,CNN_Jannis_OHE
iterative_fancy,1,96,4904,0.7074626226720147,0.8411079732543347,-0.18944924018501763,0.3840184217218669,0.2691026175587152,0.32730570528205605,amacGFP_to_cgreGFP,43,CNN_Jannis_OHE
iterative_fancy,2,192,4904,0.6330353295886334,0.7956351736748655,-0.06431543894941849,0.455458460304267,0.3232106033139352,0.4747498301650691,amacGFP_to_cgreGFP,43,CNN_Jannis_OHE
iterative_fancy,3,288,4904,0.5661987256209835,0.7524617768504813,0.04805621894200374,0.5027497519218617,0.35442262973278005,0.5373704623236812,amacGFP_to_cgreGFP,43,CNN_Jannis_OHE
iterative_fancy,4,384,4904,0.42687694056128744,0.6533582023371922,0.28229642622614637,0.6504060090775942,0.47094148274901454,0.6351717814371924,amacGFP_to_cgreGFP,43,CNN_Jannis_OHE
iterative_fancy,5,480,4904,0.3603457687103549,0.600288071437668,0.39415456440993335,0.6579703253050938,0.47513447374334145,0.6754788064247923,amacGFP_to_cgreGFP,43,CNN_Jannis_OHE
iterative_fancy,6,576,4904,0.30150692689834657,0.5490964641102204,0.49307967146694,0.694961695482687,0.5087064223129178,0.7131493163879763,amacGFP_to_cgreGFP,43,CNN_Jannis_OHE
iterative_fancy,7,672,4904,0.3175368488742932,0.5635040806190255,0.4661287373773034,0.6968168593874662,0.5060796232541648,0.7231465213531323,amacGFP_to_cgreGFP,43,CNN_Jannis_OHE
iterative_fancy,8,768,4904,0.3120397385603959,0.5586051723358779,0.4753709693716708,0.7138826773129515,0.5226218332286514,0.7235984832531858,amacGFP_to_cgreGFP,43,CNN_Jannis_OHE
iterative_fancy,9,864,4904,0.3086805270498856,0.5555902510392758,0.4810187752779479,0.7013265701060107,0.5138141652671884,0.7189995291945698,amacGFP_to_cgreGFP,43,CNN_Jannis_OHE
iterative_fancy,10,960,4904,0.3243517843490368,0.569518906050569,0.4546708602222842,0.7244580314553338,0.5315238264528921,0.7073749537187018,amacGFP_to_cgreGFP,43,CNN_Jannis_OHE
iterative_random,1,96,4904,0.6511944248286676,0.8069661856785993,-0.09484612897248668,0.5802460106526923,0.4165295140750032,0.4615529778868941,amacGFP_to_cgreGFP,43,CNN_Jannis_OHE
iterative_random,2,192,4904,0.4953750102912288,0.7038288217253034,0.16713136395515826,0.5842453492620902,0.418068361808306,0.562126195630978,amacGFP_to_cgreGFP,43,CNN_Jannis_OHE
iterative_random,3,288,4904,0.42850715710795345,0.6546045807263752,0.27955556081414,0.6288043655469719,0.4550002717695385,0.6101863702956868,amacGFP_to_cgreGFP,43,CNN_Jannis_OHE
iterative_random,4,384,4904,0.4277636109102664,0.6540363987655935,0.2808056769779327,0.6321186867087975,0.4547460772168174,0.6320356187800293,amacGFP_to_cgreGFP,43,CNN_Jannis_OHE
iterative_random,5,480,4904,0.3983341236203396,0.6311371670408419,0.330285155008628,0.6490193039343752,0.469236838242504,0.6500497914059679,amacGFP_to_cgreGFP,43,CNN_Jannis_OHE
iterative_random,6,576,4904,0.36950307635552204,0.607867647070908,0.3787584823108593,0.7111747127359281,0.51986813012164,0.7045079212994463,amacGFP_to_cgreGFP,43,CNN_Jannis_OHE
iterative_random,7,672,4904,0.2898012553866575,0.5383319193459157,0.5127602901162293,0.7394254001511006,0.5474741847001533,0.7453750014316143,amacGFP_to_cgreGFP,43,CNN_Jannis_OHE
iterative_random,8,768,4904,0.2787963938253576,0.5280117364466036,0.5312626445911426,0.7467044891799703,0.5552703247344576,0.7520659699577483,amacGFP_to_cgreGFP,43,CNN_Jannis_OHE
iterative_random,9,864,4904,0.30294617860071243,0.5504054674516892,0.4906598731780235,0.7495975102272118,0.5546618902224965,0.7415672991192794,amacGFP_to_cgreGFP,43,CNN_Jannis_OHE
iterative_random,10,960,4904,0.2846741879715102,0.5335486744164117,0.5213803729953662,0.7382619621264608,0.54636115468681,0.7636169713154553,amacGFP_to_cgreGFP,43,CNN_Jannis_OHE
source_only,0,0,4904,1.2087564532008004,1.0994346061502704,-1.032269124548483,0.23986486063848844,0.16711200793127576,0.1737928813073677,amacGFP_to_cgreGFP,44,CNN_Jannis_OHE
oneshot_fancy,1,960,4904,0.30412561265304155,0.5514758495646401,0.4886769034882713,0.7174248200660791,0.5288514535655091,0.7304852179451277,amacGFP_to_cgreGFP,44,CNN_Jannis_OHE
oneshot_random,1,960,4904,0.25334353800652715,0.5033324328975107,0.5740562552272799,0.74840779273492,0.5556721070186689,0.7744064245286124,amacGFP_to_cgreGFP,44,CNN_Jannis_OHE
iterative_fancy,1,96,4904,0.7604168458337297,0.8720188334168762,-0.27848060168139854,0.3442933683241618,0.24044159448007438,0.4291118817474353,amacGFP_to_cgreGFP,44,CNN_Jannis_OHE
iterative_fancy,2,192,4904,0.6832606173741796,0.8265958004818194,-0.14875867097340656,0.4378412677574687,0.31156165574569744,0.28420735783111784,amacGFP_to_cgreGFP,44,CNN_Jannis_OHE
iterative_fancy,3,288,4904,0.5199983017018822,0.7211090775339624,0.1257324909678652,0.5243072631871453,0.36765861188481674,0.5464216648749036,amacGFP_to_cgreGFP,44,CNN_Jannis_OHE
iterative_fancy,4,384,4904,0.5856473911396185,0.7652760228437963,0.015357388385583537,0.4423945969864398,0.3145509849406142,0.5161853545416966,amacGFP_to_cgreGFP,44,CNN_Jannis_OHE
iterative_fancy,5,480,4904,0.4078798097481403,0.6386546874079453,0.3142360963758568,0.6194316938383077,0.44302216037149256,0.6353631354950008,amacGFP_to_cgreGFP,44,CNN_Jannis_OHE
iterative_fancy,6,576,4904,0.42498004319213856,0.651904934167658,0.285485659214769,0.6015406895770671,0.42848389303277273,0.6607056542779906,amacGFP_to_cgreGFP,44,CNN_Jannis_OHE
iterative_fancy,7,672,4904,0.3813613311608584,0.6175445985197008,0.3588213270236227,0.6650254158189552,0.4840520879553283,0.6822920450639943,amacGFP_to_cgreGFP,44,CNN_Jannis_OHE
iterative_fancy,8,768,4904,0.3399263865466188,0.583032063051955,0.42848545034136354,0.672006185421493,0.4864856645275504,0.7137505977066512,amacGFP_to_cgreGFP,44,CNN_Jannis_OHE
iterative_fancy,9,864,4904,0.305205522259717,0.5524540906353368,0.48686126317037415,0.7271690130989369,0.5359424540273328,0.739595194498093,amacGFP_to_cgreGFP,44,CNN_Jannis_OHE
iterative_fancy,10,960,4904,0.25120505620490075,0.5012036075338053,0.5776516615039917,0.7206228842957937,0.5301563953838433,0.7640215081259271,amacGFP_to_cgreGFP,44,CNN_Jannis_OHE
iterative_random,1,96,4904,0.5170181794934615,0.7190397621087874,0.13074293813901972,0.5873242024819102,0.4171238373570015,0.4626721434189517,amacGFP_to_cgreGFP,44,CNN_Jannis_OHE
iterative_random,2,192,4904,0.5599529454874821,0.748300037075692,0.0585571813901643,0.5278818060619065,0.3695231965434082,0.5815183149359533,amacGFP_to_cgreGFP,44,CNN_Jannis_OHE
iterative_random,3,288,4904,0.3823312833702595,0.6183294294874372,0.3571905568860704,0.6595388481832016,0.4757310342738656,0.6783318276915731,amacGFP_to_cgreGFP,44,CNN_Jannis_OHE
iterative_random,4,384,4904,0.4134187032785409,0.6429764406870138,0.304923614712419,0.6807819417684533,0.49203180118829615,0.6698223704894783,amacGFP_to_cgreGFP,44,CNN_Jannis_OHE
iterative_random,5,480,4904,0.3200331037394152,0.5657146840408291,0.4619318111263967,0.6806987355082824,0.49804153707047644,0.7010506952172677,amacGFP_to_cgreGFP,44,CNN_Jannis_OHE
iterative_random,6,576,4904,0.33250046261977967,0.5766285308756233,0.440970575759142,0.7244960318161412,0.5338780906728743,0.7233587778441509,amacGFP_to_cgreGFP,44,CNN_Jannis_OHE
iterative_random,7,672,4904,0.28909721389579535,0.5376776114883298,0.5139439874445797,0.7224798115072932,0.531357197794989,0.745742319721467,amacGFP_to_cgreGFP,44,CNN_Jannis_OHE
iterative_random,8,768,4904,0.31135430605710296,0.5579913136036285,0.4765233796109011,0.7199226265696327,0.5307467536169087,0.7367089301844106,amacGFP_to_cgreGFP,44,CNN_Jannis_OHE
iterative_random,9,864,4904,0.2946017094243938,0.5427722445228697,0.5046893387687745,0.7482093891570449,0.5572704175460651,0.7569448891329031,amacGFP_to_cgreGFP,44,CNN_Jannis_OHE
iterative_random,10,960,4904,0.30761022043015085,0.5546261988313849,0.48281827019797663,0.7220035254542669,0.5254423066954894,0.7436368245906488,amacGFP_to_cgreGFP,44,CNN_Jannis_OHE
source_only,0,0,4904,1.2450290729688083,1.1158087080538528,-1.0932538870503161,0.1525231291453951,0.10603105856027145,0.1288106962729869,amacGFP_to_cgreGFP,45,CNN_Jannis_OHE
oneshot_fancy,1,960,4904,0.30032575816681506,0.5480198519824031,0.49506555765403515,0.7090992089625154,0.5182078235448588,0.7374765392820346,amacGFP_to_cgreGFP,45,CNN_Jannis_OHE
oneshot_random,1,960,4904,0.2973290525498348,0.5452788759431588,0.5001038863302736,0.7118457545454788,0.5174115839389337,0.7484650327408033,amacGFP_to_cgreGFP,45,CNN_Jannis_OHE
iterative_fancy,1,96,4904,0.8332624336975254,0.9128320950194101,-0.40095509907345717,0.23395585303808336,0.16384058775605134,0.324463957806474,amacGFP_to_cgreGFP,45,CNN_Jannis_OHE
iterative_fancy,2,192,4904,0.4000184548587179,0.6324701217122576,0.3274533071519282,0.6106496639767286,0.43889188276979074,0.5965326962157638,amacGFP_to_cgreGFP,45,CNN_Jannis_OHE
iterative_fancy,3,288,4904,0.4879203443415422,0.6985129521644836,0.1796648130244508,0.5489950769602514,0.39558252688248796,0.5841733403449916,amacGFP_to_cgreGFP,45,CNN_Jannis_OHE
iterative_fancy,4,384,4904,0.4497383404734665,0.6706253353948586,0.2438598023202727,0.5590082735775217,0.3984611859264979,0.6048457214824754,amacGFP_to_cgreGFP,45,CNN_Jannis_OHE
iterative_fancy,5,480,4904,0.41544416051075983,0.6445495795598348,0.3015182354193183,0.6096427794008887,0.43314512278499545,0.6555632475603713,amacGFP_to_cgreGFP,45,CNN_Jannis_OHE
iterative_fancy,6,576,4904,0.3661490398753979,0.6051025036102543,0.38439758749463393,0.592212614577271,0.41884545318342054,0.6468138073812844,amacGFP_to_cgreGFP,45,CNN_Jannis_OHE
iterative_fancy,7,672,4904,0.37644293743729706,0.613549458020539,0.3670905690866525,0.6642042130349552,0.48218823879671185,0.6836538534373225,amacGFP_to_cgreGFP,45,CNN_Jannis_OHE
iterative_fancy,8,768,4904,0.28683005914413656,0.5355651773072411,0.5177557301576539,0.7139273506023336,0.5245491912992363,0.74560981630609,amacGFP_to_cgreGFP,45,CNN_Jannis_OHE
iterative_fancy,9,864,4904,0.2997607034864202,0.5475040670957798,0.49601557796425333,0.7097964815111666,0.5208428601109171,0.718603191340667,amacGFP_to_cgreGFP,45,CNN_Jannis_OHE
iterative_fancy,10,960,4904,0.30496110079464545,0.5522328320506175,0.4872722063306165,0.7178393976169131,0.5276212798511953,0.7286868529280159,amacGFP_to_cgreGFP,45,CNN_Jannis_OHE
iterative_random,1,96,4904,0.8379925583078848,0.9154193346810438,-0.40890780631687695,0.4706257084487369,0.3279539107608072,0.3352447998489678,amacGFP_to_cgreGFP,45,CNN_Jannis_OHE
iterative_random,2,192,4904,0.5532849300879241,0.74383125108315,0.06976804341505927,0.5316990654121235,0.3735666417576458,0.5187016646073366,amacGFP_to_cgreGFP,45,CNN_Jannis_OHE
iterative_random,3,288,4904,0.4588108817166152,0.677355801419472,0.228606237054234,0.5878094295739722,0.42174703394306057,0.6016315154755909,amacGFP_to_cgreGFP,45,CNN_Jannis_OHE
iterative_random,4,384,4904,0.38274855559811455,0.6186667564999064,0.35648900161167596,0.6366574090939687,0.4607072927921203,0.6458367960134674,amacGFP_to_cgreGFP,45,CNN_Jannis_OHE
iterative_random,5,480,4904,0.4004840370186099,0.6328380812013528,0.3266705289123717,0.6724411258636318,0.49050789803865397,0.6458482978404727,amacGFP_to_cgreGFP,45,CNN_Jannis_OHE
iterative_random,6,576,4904,0.367000557889639,0.6058057096872222,0.38296593948584223,0.6921742459010412,0.5079150616780802,0.6710602955160538,amacGFP_to_cgreGFP,45,CNN_Jannis_OHE
iterative_random,7,672,4904,0.374810005392924,0.6122172860945074,0.36983600003552364,0.6845705561331117,0.4999621042324077,0.686976163910368,amacGFP_to_cgreGFP,45,CNN_Jannis_OHE
iterative_random,8,768,4904,0.3568927041183035,0.5974049749694954,0.3999601644850478,0.69188601985262,0.5062462510248505,0.6913038168225972,amacGFP_to_cgreGFP,45,CNN_Jannis_OHE
iterative_random,9,864,4904,0.3080758870478845,0.5550458422940258,0.48203534996036623,0.7090976853656906,0.5243237745622938,0.7248356813430792,amacGFP_to_cgreGFP,45,CNN_Jannis_OHE
iterative_random,10,960,4904,0.2397896707538355,0.48968323511616724,0.5968442253456061,0.7593042808962261,0.5680817029292162,0.7794094773697406,amacGFP_to_cgreGFP,45,CNN_Jannis_OHE
source_only,0,0,4904,1.2499002894131064,1.1179893959305278,-1.101443810465017,-0.21734055392129642,-0.14954657793514797,-0.2496458855315227,amacGFP_to_cgreGFP,46,CNN_Jannis_OHE
oneshot_fancy,1,960,4904,0.345425456782345,0.5877290674982351,0.41923992315166636,0.7215829217187509,0.5289897031457446,0.716599969169602,amacGFP_to_cgreGFP,46,CNN_Jannis_OHE
oneshot_random,1,960,4904,0.26852140318961853,0.518190508586966,0.5485378749890798,0.7535938925932457,0.5592329116261324,0.7651036794569045,amacGFP_to_cgreGFP,46,CNN_Jannis_OHE
iterative_fancy,1,96,4904,0.8703334645072746,0.9329166439223145,-0.4632822214067793,0.25626602542186155,0.17734767150882483,0.2767411279479078,amacGFP_to_cgreGFP,46,CNN_Jannis_OHE
iterative_fancy,2,192,4904,0.6562338046742255,0.8100825912672273,-0.10331878369121039,0.4095120217030439,0.2853677559653414,0.4990386929029308,amacGFP_to_cgreGFP,46,CNN_Jannis_OHE
iterative_fancy,3,288,4904,0.5381972105397761,0.7336192544772636,0.09513486277420613,0.45608545728526656,0.31995050715700213,0.5510508088620695,amacGFP_to_cgreGFP,46,CNN_Jannis_OHE
iterative_fancy,4,384,4904,0.35402245675772004,0.5949978628177752,0.40478588026533113,0.6322648197955875,0.45536382586358554,0.6651605752408782,amacGFP_to_cgreGFP,46,CNN_Jannis_OHE
iterative_fancy,5,480,4904,0.3586067265537241,0.5988378132296959,0.39707839714054693,0.6577490930676879,0.47701117443965274,0.6703132532861222,amacGFP_to_cgreGFP,46,CNN_Jannis_OHE
iterative_fancy,6,576,4904,0.35752688657051623,0.597935520412123,0.3988939204012627,0.6842097366117487,0.4982988172550618,0.6871954205188555,amacGFP_to_cgreGFP,46,CNN_Jannis_OHE
iterative_fancy,7,672,4904,0.3110267994612782,0.5576977671295432,0.4770740129010218,0.6944861695155587,0.5062341091359829,0.7182989287724869,amacGFP_to_cgreGFP,46,CNN_Jannis_OHE
iterative_fancy,8,768,4904,0.2389978792514949,0.4888740934550479,0.5981754558172414,0.7265807921922294,0.5329299979540019,0.7821614946880588,amacGFP_to_cgreGFP,46,CNN_Jannis_OHE
iterative_fancy,9,864,4904,0.25431189472684246,0.5042934609201695,0.5724281675682359,0.7070091919087594,0.5150334466305921,0.7659604447282219,amacGFP_to_cgreGFP,46,CNN_Jannis_OHE
iterative_fancy,10,960,4904,0.268397381732991,0.518070826946462,0.5487463909199923,0.7192555909373787,0.5295876909154182,0.7526161129732298,amacGFP_to_cgreGFP,46,CNN_Jannis_OHE
iterative_random,1,96,4904,0.8361613883945729,0.9144186067631022,-0.40582908018741426,0.2662711535592523,0.1857311747497716,0.37845968494913235,amacGFP_to_cgreGFP,46,CNN_Jannis_OHE
iterative_random,2,192,4904,0.47572037014823976,0.6897248510444145,0.2001764974152005,0.5781457668018488,0.41549709814596963,0.5990332827401182,amacGFP_to_cgreGFP,46,CNN_Jannis_OHE
iterative_random,3,288,4904,0.4764442248563237,0.6902493932314057,0.19895948833946597,0.612530298596601,0.44255529101430635,0.6032952384164068,amacGFP_to_cgreGFP,46,CNN_Jannis_OHE
iterative_random,4,384,4904,0.37636195546014234,0.6134834598097509,0.3672267232071791,0.6311878098080678,0.4551562632647398,0.649594058184939,amacGFP_to_cgreGFP,46,CNN_Jannis_OHE
iterative_random,5,480,4904,0.3900020805593155,0.6245014656182286,0.3442937287064055,0.679573403684014,0.5006606048146889,0.6505534669701055,amacGFP_to_cgreGFP,46,CNN_Jannis_OHE
iterative_random,6,576,4904,0.35938018060146604,0.5994832613188346,0.39577799723259144,0.6938716875749755,0.5096015356077244,0.6994065804777453,amacGFP_to_cgreGFP,46,CNN_Jannis_OHE
iterative_random,7,672,4904,0.3684979252107805,0.6070402994948363,0.3804484320369216,0.7079635365620425,0.5138149613815398,0.7114192188687951,amacGFP_to_cgreGFP,46,CNN_Jannis_OHE
iterative_random,8,768,4904,0.3101242398708269,0.5568879958042073,0.47859147655871914,0.7415861535597141,0.5474087839426536,0.7319381518628025,amacGFP_to_cgreGFP,46,CNN_Jannis_OHE
iterative_random,9,864,4904,0.2572882176610718,0.5072358599912586,0.5674241080756038,0.7399323148887276,0.5424023133363575,0.7649275789146007,amacGFP_to_cgreGFP,46,CNN_Jannis_OHE
iterative_random,10,960,4904,0.2509625047917869,0.5009615801553916,0.5780594605661449,0.7385944446350401,0.5457841565455424,0.7773276105256901,amacGFP_to_cgreGFP,46,CNN_Jannis_OHE
source_only,0,0,6281,1.2357197950335304,1.111629342466962,-3.513631631749236,0.0378340514109164,0.025164996470206053,0.04985103390530122,amacGFP_to_ppluGFP,42,CNN_Jannis_OHE
oneshot_fancy,1,960,6281,0.0928505812404211,0.30471393345303577,0.6608508480664947,0.7590386700602771,0.5773706778389837,0.8340145673981266,amacGFP_to_ppluGFP,42,CNN_Jannis_OHE
oneshot_random,1,960,6281,0.07286319055576286,0.26993182575562086,0.7338574626671417,0.7605756725992047,0.5735218554026854,0.8697503239814814,amacGFP_to_ppluGFP,42,CNN_Jannis_OHE
iterative_fancy,1,96,6281,0.24883208669399579,0.49883071947705443,0.09110756175455459,0.37282109116027873,0.25553665215182925,0.3744457303226548,amacGFP_to_ppluGFP,42,CNN_Jannis_OHE
iterative_fancy,2,192,6281,0.2004880362695713,0.4477589041767582,0.2676906642342244,0.4917370098487627,0.33827542821657597,0.546525055988174,amacGFP_to_ppluGFP,42,CNN_Jannis_OHE
iterative_fancy,3,288,6281,0.23434649276934963,0.4840934752393897,0.14401812870163766,0.48574405524607867,0.3369492518371989,0.5502333462716265,amacGFP_to_ppluGFP,42,CNN_Jannis_OHE
iterative_fancy,4,384,6281,0.16987198246519616,0.4121552892602449,0.37951989076774795,0.5632847541930511,0.40047942273704806,0.6964244348727924,amacGFP_to_ppluGFP,42,CNN_Jannis_OHE
iterative_fancy,5,480,6281,0.126162920642172,0.3551942013070765,0.5391730781904934,0.6212449167952098,0.4501148070653557,0.7634366260294794,amacGFP_to_ppluGFP,42,CNN_Jannis_OHE
iterative_fancy,6,576,6281,0.1091253714278838,0.330341295371747,0.6014050027499029,0.6547728634119192,0.477838247356096,0.7932604145149651,amacGFP_to_ppluGFP,42,CNN_Jannis_OHE
iterative_fancy,7,672,6281,0.09487868578882751,0.30802383964366703,0.6534429252679987,0.6681575635160927,0.48956318549600725,0.8125976860024516,amacGFP_to_ppluGFP,42,CNN_Jannis_OHE
iterative_fancy,8,768,6281,0.09922449248312643,0.3149991944166309,0.6375692857587094,0.6554550399895779,0.47936276298663916,0.8177851140549441,amacGFP_to_ppluGFP,42,CNN_Jannis_OHE
iterative_fancy,9,864,6281,0.0885395079158655,0.29755589040693764,0.6765976193027493,0.6918162582935711,0.5093143936875693,0.8391462876537095,amacGFP_to_ppluGFP,42,CNN_Jannis_OHE
iterative_fancy,10,960,6281,0.07959277109068834,0.2821219082075838,0.709276770755494,0.6830889040150657,0.5007128484111562,0.8431217176590777,amacGFP_to_ppluGFP,42,CNN_Jannis_OHE
iterative_random,1,96,6281,0.2211056661328605,0.47021874285576976,0.19238201683967904,0.4108164249192203,0.28162684349569994,0.47345844684591815,amacGFP_to_ppluGFP,42,CNN_Jannis_OHE
iterative_random,2,192,6281,0.18764611349286492,0.4331813863647247,0.3145975027346548,0.5191833721804209,0.3641594228858593,0.6185106447396689,amacGFP_to_ppluGFP,42,CNN_Jannis_OHE
iterative_random,3,288,6281,0.14427165543473652,0.379831088030899,0.47302850520624395,0.6004648198693927,0.42467893587105593,0.7467411602999459,amacGFP_to_ppluGFP,42,CNN_Jannis_OHE
iterative_random,4,384,6281,0.1077961800733138,0.32832328591392024,0.6062600517397687,0.6480748861951884,0.4692375546528572,0.787159593703502,amacGFP_to_ppluGFP,42,CNN_Jannis_OHE
iterative_random,5,480,6281,0.1086427310608007,0.3296099680847057,0.6031679111668278,0.6915333289404527,0.5055284284772827,0.7994449604974198,amacGFP_to_ppluGFP,42,CNN_Jannis_OHE
iterative_random,6,576,6281,0.08668071635117088,0.2944158901132391,0.6833871038096367,0.6936940005869433,0.5079310798151818,0.8303014268882767,amacGFP_to_ppluGFP,42,CNN_Jannis_OHE
iterative_random,7,672,6281,0.0921836311473768,0.3036175738447575,0.663286972379516,0.7314368294164951,0.5440479957247786,0.8314860487942265,amacGFP_to_ppluGFP,42,CNN_Jannis_OHE
iterative_random,8,768,6281,0.07658984028074438,0.27674869517442063,0.7202453767017551,0.743292969432136,0.557255970558406,0.8641136254802446,amacGFP_to_ppluGFP,42,CNN_Jannis_OHE
iterative_random,9,864,6281,0.06378408692748862,0.2525551166131635,0.767020101551142,0.7555820179175529,0.5695991895074336,0.8817122880130674,amacGFP_to_ppluGFP,42,CNN_Jannis_OHE
iterative_random,10,960,6281,0.07855710311472783,0.2802804008751376,0.7130596863930623,0.7630437652526615,0.5762118671518276,0.8612297147542767,amacGFP_to_ppluGFP,42,CNN_Jannis_OHE
source_only,0,0,6281,1.2023224004227662,1.0965046285459839,-3.3916431863597483,0.022779404023385116,0.015700295586870316,-0.009082406866656857,amacGFP_to_ppluGFP,43,CNN_Jannis_OHE
oneshot_fancy,1,960,6281,0.0796873908179667,0.2822895513793713,0.7089311595613158,0.7305864470875496,0.5456937530015119,0.851306067418182,amacGFP_to_ppluGFP,43,CNN_Jannis_OHE
oneshot_random,1,960,6281,0.06401311325230752,0.2530081288265409,0.7661835523040064,0.7668089224671165,0.5811878387858491,0.8834819251723913,amacGFP_to_ppluGFP,43,CNN_Jannis_OHE
iterative_fancy,1,96,6281,0.23763514327074942,0.4874783515918932,0.13200589341290592,0.4085170750165895,0.28349128183092753,0.48680591570660126,amacGFP_to_ppluGFP,43,CNN_Jannis_OHE
iterative_fancy,2,192,6281,0.20356515459519917,0.4511819528695703,0.25645107847618254,0.42172562876832836,0.2876780741663169,0.5841948977615488,amacGFP_to_ppluGFP,43,CNN_Jannis_OHE
iterative_fancy,3,288,6281,0.1906619554638519,0.43664854913746354,0.30358173704787594,0.4718035933786803,0.3293443527110976,0.5929083526011381,amacGFP_to_ppluGFP,43,CNN_Jannis_OHE
iterative_fancy,4,384,6281,0.18600982271437377,0.43128856084340306,0.32057427339594924,0.38586655134700903,0.2673126651501338,0.6661206912515246,amacGFP_to_ppluGFP,43,CNN_Jannis_OHE
iterative_fancy,5,480,6281,0.15187034190304413,0.3897054553159914,0.4452732877686473,0.5074477338558641,0.355784669522685,0.6993442760875376,amacGFP_to_ppluGFP,43,CNN_Jannis_OHE
iterative_fancy,6,576,6281,0.11511251831360865,0.33928235779894106,0.5795361489240213,0.559630468550025,0.39587346668946344,0.7668580163245757,amacGFP_to_ppluGFP,43,CNN_Jannis_OHE
iterative_fancy,7,672,6281,0.09835847542284883,0.3136215480843892,0.6407325287630001,0.6103472145971303,0.4372947063355355,0.8174747293518441,amacGFP_to_ppluGFP,43,CNN_Jannis_OHE
iterative_fancy,8,768,6281,0.09095012505728817,0.30157938433733855,0.667792518158224,0.6309726923520107,0.4551758254212119,0.8321366478977086,amacGFP_to_ppluGFP,43,CNN_Jannis_OHE
iterative_fancy,9,864,6281,0.07740604656444114,0.27821942161617896,0.7172640742131711,0.6691571862063819,0.48744485494244155,0.8572720997465015,amacGFP_to_ppluGFP,43,CNN_Jannis_OHE
iterative_fancy,10,960,6281,0.08125079197873919,0.28504524549400784,0.7032206279660971,0.6824540938806453,0.49796387175260903,0.8443054307519235,amacGFP_to_ppluGFP,43,CNN_Jannis_OHE
iterative_random,1,96,6281,0.22552470611970843,0.4748944157596596,0.17624088294608442,0.43088623481314203,0.29576908912434535,0.4526912622495359,amacGFP_to_ppluGFP,43,CNN_Jannis_OHE
iterative_random,2,192,6281,0.18249709810622272,0.4271967908426077,0.3334049692937554,0.5446631288926828,0.3799902374450997,0.6202134631557201,amacGFP_to_ppluGFP,43,CNN_Jannis_OHE
iterative_random,3,288,6281,0.1539832309346882,0.3924069710577122,0.43755567831872666,0.5722687782462713,0.406945286212811,0.6885135976314019,amacGFP_to_ppluGFP,43,CNN_Jannis_OHE
iterative_random,4,384,6281,0.11165038416610351,0.3341412637883916,0.5921820564059148,0.6512588264357911,0.4680699748540911,0.7757823550033273,amacGFP_to_ppluGFP,43,CNN_Jannis_OHE
iterative_random,5,480,6281,0.10089435924355755,0.3176387244080255,0.6314698743379479,0.6842443716779494,0.4973562515891422,0.8111777484306864,amacGFP_to_ppluGFP,43,CNN_Jannis_OHE
iterative_random,6,576,6281,0.08619149026598438,0.2935838726258382,0.6851740674417235,0.7037062714767693,0.5177615500311449,0.8380209355389078,amacGFP_to_ppluGFP,43,CNN_Jannis_OHE
iterative_random,7,672,6281,0.0859766242285179,0.29321770790407237,0.6859588943476249,0.7129929619711136,0.5234113150968552,0.8324595272866506,amacGFP_to_ppluGFP,43,CNN_Jannis_OHE
iterative_random,8,768,6281,0.07625623528870441,0.2761453155291692,0.7214639135016291,0.7479276443310579,0.5593642600809071,0.8533664590869721,amacGFP_to_ppluGFP,43,CNN_Jannis_OHE
iterative_random,9,864,6281,0.06305158960751998,0.2511007558879901,0.7696956458669892,0.7438592737091007,0.554750493810554,0.8788355211386093,amacGFP_to_ppluGFP,43,CNN_Jannis_OHE
iterative_random,10,960,6281,0.06846563135894225,0.2616593804145807,0.7499201351055327,0.7548557504726886,0.5657588859877923,0.8700386193867619,amacGFP_to_ppluGFP,43,CNN_Jannis_OHE
source_only,0,0,6281,1.279294242907376,1.1310589033765552,-3.672793123739466,-0.022172279893571227,-0.014545968296039007,-0.03781261781426114,amacGFP_to_ppluGFP,44,CNN_Jannis_OHE
oneshot_fancy,1,960,6281,0.07347490811022639,0.2710625538694461,0.7316230825798276,0.7371172582289194,0.5504641764313505,0.8582018942420386,amacGFP_to_ppluGFP,44,CNN_Jannis_OHE
oneshot_random,1,960,6281,0.06802122099637886,0.26080878243720795,0.751543403323785,0.7641694409020304,0.5760034229017226,0.8779750560209707,amacGFP_to_ppluGFP,44,CNN_Jannis_OHE
iterative_fancy,1,96,6281,0.258061254275211,0.507997297507783,0.05739679423532318,0.3946432698534577,0.27045695376774714,0.4054521486217223,amacGFP_to_ppluGFP,44,CNN_Jannis_OHE
iterative_fancy,2,192,6281,0.20589008004749149,0.45375112126306805,0.24795897767379893,0.412098883901237,0.2837263642724328,0.5897199841756167,amacGFP_to_ppluGFP,44,CNN_Jannis_OHE
iterative_fancy,3,288,6281,0.18729437844588673,0.4327752054426024,0.31588226198219327,0.442104735928371,0.3082896650881286,0.658778373984521,amacGFP_to_ppluGFP,44,CNN_Jannis_OHE
iterative_fancy,4,384,6281,0.15434868419992148,0.39287235102501356,0.43622081144638825,0.45279975771948855,0.31679855453069006,0.6866010268301601,amacGFP_to_ppluGFP,44,CNN_Jannis_OHE
iterative_fancy,5,480,6281,0.1599781704535265,0.39997271213612373,0.4156583608593767,0.4942448637823969,0.3454388443619442,0.6603789175382391,amacGFP_to_ppluGFP,44,CNN_Jannis_OHE
iterative_fancy,6,576,6281,0.12104708312532615,0.3479182132704842,0.5578593581479157,0.5514516548204971,0.3880793550661206,0.7500885844727108,amacGFP_to_ppluGFP,44,CNN_Jannis_OHE
iterative_fancy,7,672,6281,0.11486947776853805,0.3389239999889917,0.5804238869827925,0.5466247469035699,0.3883309574221262,0.780134506050649,amacGFP_to_ppluGFP,44,CNN_Jannis_OHE
iterative_fancy,8,768,6281,0.11739041487492752,0.34262284639954693,0.5712158274285299,0.5967084090655128,0.4258935958266012,0.7784106775728278,amacGFP_to_ppluGFP,44,CNN_Jannis_OHE
iterative_fancy,9,864,6281,0.11329518069711578,0.3365934947338046,0.5861742173472494,0.6007682402290824,0.42882790756999983,0.7660591825685046,amacGFP_to_ppluGFP,44,CNN_Jannis_OHE
iterative_fancy,10,960,6281,0.08195830115244798,0.28628360266080205,0.7006363561926421,0.6754294304820622,0.49327155868762956,0.838729566615395,amacGFP_to_ppluGFP,44,CNN_Jannis_OHE
iterative_random,1,96,6281,0.2626185420516416,0.5124632104372387,0.04075069182169044,0.42183278389527973,0.2863073976710114,0.3962811661865459,amacGFP_to_ppluGFP,44,CNN_Jannis_OHE
iterative_random,2,192,6281,0.1668839809559188,0.40851435832283645,0.39043396544891207,0.5748964268423725,0.40682460928085457,0.6571834330861455,amacGFP_to_ppluGFP,44,CNN_Jannis_OHE
iterative_random,3,288,6281,0.1521732943545503,0.39009395580366313,0.44416671346796033,0.604728381064824,0.43237350478393116,0.6989622577908395,amacGFP_to_ppluGFP,44,CNN_Jannis_OHE
iterative_random,4,384,6281,0.09837580376685115,0.3136491730689739,0.6406692346716301,0.6818876911625893,0.49443678191781715,0.8013893126710232,amacGFP_to_ppluGFP,44,CNN_Jannis_OHE
iterative_random,5,480,6281,0.11941361967366504,0.3455627579379251,0.5638258016202595,0.6526443067211657,0.47267803792307445,0.7949289074386512,amacGFP_to_ppluGFP,44,CNN_Jannis_OHE
iterative_random,6,576,6281,0.08757648256187428,0.29593324004219984,0.6801151980592127,0.721568461452704,0.536571309732208,0.8370225148379624,amacGFP_to_ppluGFP,44,CNN_Jannis_OHE
iterative_random,7,672,6281,0.08941647053035967,0.2990258693330055,0.6733943961994608,0.7237999375858496,0.5383606698023317,0.8325045079639992,amacGFP_to_ppluGFP,44,CNN_Jannis_OHE
iterative_random,8,768,6281,0.08714430153333583,0.2952021367357219,0.6816937970012165,0.7436801058527982,0.5567346853087644,0.8404160228648343,amacGFP_to_ppluGFP,44,CNN_Jannis_OHE
iterative_random,9,864,6281,0.06320542821147243,0.2514068977006646,0.7691337298146814,0.7319906327843752,0.5462535921449161,0.877926570998132,amacGFP_to_ppluGFP,44,CNN_Jannis_OHE
iterative_random,10,960,6281,0.058795684342549226,0.24247821416067306,0.7852409083956833,0.7461939784967242,0.5607629223327636,0.8881238303199028,amacGFP_to_ppluGFP,44,CNN_Jannis_OHE
source_only,0,0,6281,1.2116079028978348,1.1007306223131228,-3.425559724604584,0.12124263377747778,0.08011506944395339,0.15603123538249347,amacGFP_to_ppluGFP,45,CNN_Jannis_OHE
oneshot_fancy,1,960,6281,0.08419366763046233,0.2901614509724928,0.6924713815080343,0.7072988226611773,0.5232437381986924,0.8424094572326591,amacGFP_to_ppluGFP,45,CNN_Jannis_OHE
oneshot_random,1,960,6281,0.057305823577073395,0.2393863479337813,0.7906828238727849,0.7510697714138603,0.5652359695130371,0.8896012461362057,amacGFP_to_ppluGFP,45,CNN_Jannis_OHE
iterative_fancy,1,96,6281,0.2343670099939556,0.4841146661628375,0.14394318679785867,0.46102597475300744,0.31661744136170566,0.5032117223777759,amacGFP_to_ppluGFP,45,CNN_Jannis_OHE
iterative_fancy,2,192,6281,0.14573342640415085,0.38175047662596423,0.4676891914617861,0.5342081588612094,0.369560802015971,0.6849507145821789,amacGFP_to_ppluGFP,45,CNN_Jannis_OHE
iterative_fancy,3,288,6281,0.17775053954836847,0.4216047195518196,0.3507424085213108,0.5330701241353533,0.3718668869623478,0.6201735164873567,amacGFP_to_ppluGFP,45,CNN_Jannis_OHE
iterative_fancy,4,384,6281,0.16347565639649278,0.404321229218171,0.4028833262218984,0.5555417674033882,0.3895920672115024,0.6666591234795585,amacGFP_to_ppluGFP,45,CNN_Jannis_OHE
iterative_fancy,5,480,6281,0.10750151088651046,0.32787423028733204,0.6073363703095633,0.5993360333227514,0.42624296188264527,0.7799814881710025,amacGFP_to_ppluGFP,45,CNN_Jannis_OHE
iterative_fancy,6,576,6281,0.10327103102678341,0.3213581040315981,0.6227887631490128,0.6761126582019324,0.488810904920068,0.7902740669679783,amacGFP_to_ppluGFP,45,CNN_Jannis_OHE
iterative_fancy,7,672,6281,0.09135675182534046,0.3022527945699435,0.6663072595664516,0.6842951346793839,0.4979940052092402,0.8244672405851916,amacGFP_to_ppluGFP,45,CNN_Jannis_OHE
iterative_fancy,8,768,6281,0.08172569933033264,0.2858770703122806,0.7014859654213054,0.6948196461176338,0.5072053984440925,0.8592061413897264,amacGFP_to_ppluGFP,45,CNN_Jannis_OHE
iterative_fancy,9,864,6281,0.06952912328137495,0.2636837561955134,0.7460355887864605,0.6881899272288197,0.5042201446058531,0.8642450883271372,amacGFP_to_ppluGFP,45,CNN_Jannis_OHE
iterative_fancy,10,960,6281,0.08249786124032242,0.2872244092000581,0.6986655408915945,0.7122897784626269,0.5243113592383483,0.8520676211160885,amacGFP_to_ppluGFP,45,CNN_Jannis_OHE
iterative_random,1,96,6281,0.216548960278349,0.46534821400575826,0.20902599370576302,0.4086366653619994,0.27909898082078194,0.4774339712771606,amacGFP_to_ppluGFP,45,CNN_Jannis_OHE
iterative_random,2,192,6281,0.22294391064503177,0.47216936648307856,0.1856675831870236,0.4849885208467918,0.33429613558053495,0.5790056407162206,amacGFP_to_ppluGFP,45,CNN_Jannis_OHE
iterative_random,3,288,6281,0.15697601301404618,0.396201985121284,0.4266241419667045,0.605568182694435,0.43213866633578846,0.7070511840692334,amacGFP_to_ppluGFP,45,CNN_Jannis_OHE
iterative_random,4,384,6281,0.1286490840113826,0.35867685179194736,0.5300920343567167,0.6496833892200176,0.47114352262651304,0.7671517991358341,amacGFP_to_ppluGFP,45,CNN_Jannis_OHE
iterative_random,5,480,6281,0.0758551698566528,0.27541817270589247,0.7229288585707175,0.7248536826497415,0.5387776702583723,0.8564090926056962,amacGFP_to_ppluGFP,45,CNN_Jannis_OHE
iterative_random,6,576,6281,0.07801064620909877,0.2793038599967762,0.7150556932423078,0.7357179210228547,0.5482633802820823,0.8579221395912736,amacGFP_to_ppluGFP,45,CNN_Jannis_OHE
iterative_random,7,672,6281,0.07628710444552302,0.27620120283141963,0.721351159782524,0.6995645703467637,0.5138452609129264,0.8582598535998969,amacGFP_to_ppluGFP,45,CNN_Jannis_OHE
iterative_random,8,768,6281,0.06371627852594634,0.25242083615649946,0.7672677807963314,0.7571756374873181,0.5695719233942452,0.8815522077397018,amacGFP_to_ppluGFP,45,CNN_Jannis_OHE
iterative_random,9,864,6281,0.07176644919951183,0.2678926075865324,0.7378634569850426,0.7613370356129487,0.5756481060512317,0.8705070100281551,amacGFP_to_ppluGFP,45,CNN_Jannis_OHE
iterative_random,10,960,6281,0.0580233891265099,0.24088044571220368,0.7880618198435485,0.7762835587519975,0.592703594195628,0.8894298467315568,amacGFP_to_ppluGFP,45,CNN_Jannis_OHE
source_only,0,0,6281,1.2979018956722383,1.1392549739510636,-3.7407600612682197,0.03482285247009431,0.023576236063352064,-0.01119181879960975,amacGFP_to_ppluGFP,46,CNN_Jannis_OHE
oneshot_fancy,1,960,6281,0.08474193512734589,0.2911046807032582,0.6904687612323541,0.7606862660291374,0.5707082250949963,0.8409476639601545,amacGFP_to_ppluGFP,46,CNN_Jannis_OHE
oneshot_random,1,960,6281,0.055278121716637076,0.2351129977620061,0.7980892757996748,0.7783671159527306,0.5910123767365797,0.8951258562259652,amacGFP_to_ppluGFP,46,CNN_Jannis_OHE
iterative_fancy,1,96,6281,0.2542388688576815,0.5042210515812301,0.07135856760711734,0.4456208213947446,0.30720617357079194,0.5096861245477946,amacGFP_to_ppluGFP,46,CNN_Jannis_OHE
iterative_fancy,2,192,6281,0.23659668459941646,0.48641205227606815,0.13579900243813248,0.4798074068547034,0.33474032468909365,0.5481255226645252,amacGFP_to_ppluGFP,46,CNN_Jannis_OHE
iterative_fancy,3,288,6281,0.18141002241574022,0.42592255448114064,0.337375658476196,0.4904330006534737,0.34049667938003997,0.6305005622753551,amacGFP_to_ppluGFP,46,CNN_Jannis_OHE
iterative_fancy,4,384,6281,0.14241600974170682,0.3773804575514037,0.47980649899661687,0.5400405475984321,0.37925331425747033,0.7106542992771838,amacGFP_to_ppluGFP,46,CNN_Jannis_OHE
iterative_fancy,5,480,6281,0.12444453793675916,0.3527669739881543,0.5454497005815686,0.5691102065677479,0.40416253717441347,0.7464440835607477,amacGFP_to_ppluGFP,46,CNN_Jannis_OHE
iterative_fancy,6,576,6281,0.1408600756712702,0.37531330334970836,0.48548975604685163,0.5945617525570513,0.4246880759398413,0.7121864900918544,amacGFP_to_ppluGFP,46,CNN_Jannis_OHE
iterative_fancy,7,672,6281,0.11599293550411707,0.3405773561235642,0.5763203075203422,0.6235116312916895,0.44758467320330736,0.7684053190669821,amacGFP_to_ppluGFP,46,CNN_Jannis_OHE
iterative_fancy,8,768,6281,0.09395477399762435,0.30652042998407847,0.6568176365111794,0.665124633053842,0.48371165607330247,0.8115781292977576,amacGFP_to_ppluGFP,46,CNN_Jannis_OHE
iterative_fancy,9,864,6281,0.10468576226889818,0.32355179225109876,0.6176212682925758,0.6814106974262019,0.49627429664605877,0.811421499548781,amacGFP_to_ppluGFP,46,CNN_Jannis_OHE
iterative_fancy,10,960,6281,0.07189916341607912,0.2681401935855181,0.737378700579676,0.7080516002192708,0.5220057250347603,0.8621626128821344,amacGFP_to_ppluGFP,46,CNN_Jannis_OHE
iterative_random,1,96,6281,0.27398932870288994,0.5234398998002444,-0.000782625450736818,0.5055527235483581,0.3464380967034307,0.41904410812073145,amacGFP_to_ppluGFP,46,CNN_Jannis_OHE
iterative_random,2,192,6281,0.2659000384595184,0.5156549606660624,0.02876458781527036,0.41486801632858167,0.2875081910767059,0.47259205874509846,amacGFP_to_ppluGFP,46,CNN_Jannis_OHE
iterative_random,3,288,6281,0.16908463022525472,0.4111990153505413,0.38239580000689055,0.6200938147372345,0.4410406305473024,0.6786834183272885,amacGFP_to_ppluGFP,46,CNN_Jannis_OHE
iterative_random,4,384,6281,0.10993560618644445,0.33156538749761627,0.5984455120546173,0.6733146185047545,0.49047152092221663,0.8018609838754138,amacGFP_to_ppluGFP,46,CNN_Jannis_OHE
iterative_random,5,480,6281,0.10050325650815518,0.3170224858084284,0.6328984293266036,0.6678381704614376,0.48912825061924714,0.8363434739023514,amacGFP_to_ppluGFP,46,CNN_Jannis_OHE
iterative_random,6,576,6281,0.05646353583330787,0.23762057114927543,0.7937593923785048,0.7460528893329076,0.5591672420744084,0.8915967687484299,amacGFP_to_ppluGFP,46,CNN_Jannis_OHE
iterative_random,7,672,6281,0.07124491008384175,0.2669174218439886,0.7397684482776837,0.7269609875706039,0.5399018446839688,0.8692973070978668,amacGFP_to_ppluGFP,46,CNN_Jannis_OHE
iterative_random,8,768,6281,0.06557711086861548,0.25608028207696015,0.7604708420752635,0.7638251780361788,0.5752832132735438,0.8769819254288229,amacGFP_to_ppluGFP,46,CNN_Jannis_OHE
iterative_random,9,864,6281,0.07241083265648851,0.2690926098139607,0.735509760324946,0.7555608221788901,0.5695528925762325,0.8815111662409181,amacGFP_to_ppluGFP,46,CNN_Jannis_OHE
iterative_random,10,960,6281,0.07383791946974708,0.2717313369299667,0.7302971350943197,0.7913917822585279,0.6029729626228442,0.8807972412441278,amacGFP_to_ppluGFP,46,CNN_Jannis_OHE
source_only,0,0,4904,1.2895673252143278,1.1355911787321737,-1.1681355678556105,-0.0602456547863982,-0.04204725536065894,-0.08235515672348503,ppluGFP_to_cgreGFP,42,CNN_Jannis_OHE
oneshot_fancy,1,960,4904,0.29484436424017463,0.5429957313277652,0.504281365856838,0.7331938596707932,0.5412066889153261,0.7428084419345167,ppluGFP_to_cgreGFP,42,CNN_Jannis_OHE
oneshot_random,1,960,4904,0.3471345836040414,0.5891812824624025,0.41636638674946247,0.731979379899964,0.5383754335451489,0.7166450646393157,ppluGFP_to_cgreGFP,42,CNN_Jannis_OHE
iterative_fancy,1,96,4904,0.9709206707851694,0.9853530691001928,-0.6323984011813302,0.4550192614668942,0.32248766835485426,0.461364477514213,ppluGFP_to_cgreGFP,42,CNN_Jannis_OHE
iterative_fancy,2,192,4904,0.5166593020447894,0.7187901655175796,0.1313463149040427,0.5010538017519895,0.35606825187355984,0.48252018530377033,ppluGFP_to_cgreGFP,42,CNN_Jannis_OHE
iterative_fancy,3,288,4904,0.5710118779931548,0.7556532789534859,0.03996391802248511,0.5573437820431133,0.4005787570466153,0.5099480522584667,ppluGFP_to_cgreGFP,42,CNN_Jannis_OHE
iterative_fancy,4,384,4904,0.49690447692708123,0.704914517460863,0.16455988827629908,0.623734990231835,0.44896924817514866,0.5930531760512068,ppluGFP_to_cgreGFP,42,CNN_Jannis_OHE
iterative_fancy,5,480,4904,0.5458340780968239,0.7388058460088306,0.08229508011711528,0.6348840617009628,0.4582739964644785,0.5741169112203384,ppluGFP_to_cgreGFP,42,CNN_Jannis_OHE
iterative_fancy,6,576,4904,0.36484200059499433,0.6040215232878662,0.3865950984713922,0.6604763309027949,0.47845106520054026,0.668245843040316,ppluGFP_to_cgreGFP,42,CNN_Jannis_OHE
iterative_fancy,7,672,4904,0.4213197293131336,0.6490914645203198,0.29163970526991945,0.6810263136486546,0.4958753171708928,0.6594506098968329,ppluGFP_to_cgreGFP,42,CNN_Jannis_OHE
iterative_fancy,8,768,4904,0.3723054807051497,0.6101684035617951,0.37404683024962937,0.7112507212641729,0.5256281481706173,0.6874083916902456,ppluGFP_to_cgreGFP,42,CNN_Jannis_OHE
iterative_fancy,9,864,4904,0.3331176013440414,0.5771634095678982,0.43993298711044504,0.7351918229386689,0.5450059903440518,0.7206914256318684,ppluGFP_to_cgreGFP,42,CNN_Jannis_OHE
iterative_fancy,10,960,4904,0.2713841800849501,0.5209454674771152,0.5437247192210612,0.7488555792166607,0.5563490990353335,0.7650946744018301,ppluGFP_to_cgreGFP,42,CNN_Jannis_OHE
iterative_random,1,96,4904,0.6731886212303604,0.8204807256909575,-0.1318247330147273,0.5064545141263408,0.35957566129472757,0.4730129021923542,ppluGFP_to_cgreGFP,42,CNN_Jannis_OHE
iterative_random,2,192,4904,0.7085715988001345,0.8417669504085644,-0.19131374973040316,0.5110501270690505,0.36246095876069817,0.4280414648981673,ppluGFP_to_cgreGFP,42,CNN_Jannis_OHE
iterative_random,3,288,4904,0.5300752659837333,0.7280626799827975,0.1087902001325568,0.5511122048481212,0.3925039607396316,0.5297242565299217,ppluGFP_to_cgreGFP,42,CNN_Jannis_OHE
iterative_random,4,384,4904,0.48529857548604566,0.6966337455837506,0.18407276458708322,0.5951137969393963,0.42888539008602494,0.5736838524837904,ppluGFP_to_cgreGFP,42,CNN_Jannis_OHE
iterative_random,5,480,4904,0.4297279666967127,0.6555363961647841,0.2775030268834062,0.642331437230554,0.4659922377213504,0.6095712046955986,ppluGFP_to_cgreGFP,42,CNN_Jannis_OHE
iterative_random,6,576,4904,0.36593252810755594,0.6049235721209382,0.38476160638340295,0.6894239101070504,0.5055691371727041,0.6647066306535119,ppluGFP_to_cgreGFP,42,CNN_Jannis_OHE
iterative_random,7,672,4904,0.35523847979504564,0.5960188585901001,0.4027413939116472,0.6941718373866167,0.5084762762371114,0.6784291848116213,ppluGFP_to_cgreGFP,42,CNN_Jannis_OHE
iterative_random,8,768,4904,0.34733706925946584,0.5893530938745175,0.4160259498114893,0.6912285604300813,0.5057459209665844,0.6753802729008911,ppluGFP_to_cgreGFP,42,CNN_Jannis_OHE
iterative_random,9,864,4904,0.3341536845344101,0.5780602775960394,0.4381910316713039,0.7178226570820787,0.5275868161257463,0.7162539306852926,ppluGFP_to_cgreGFP,42,CNN_Jannis_OHE
iterative_random,10,960,4904,0.26865168933757516,0.5183162059376256,0.548318826300531,0.7533453908701577,0.5602417411190619,0.763111714138767,ppluGFP_to_cgreGFP,42,CNN_Jannis_OHE
source_only,0,0,4904,1.2546249679554171,1.1201004276204063,-1.1093873612932499,-0.08445723530542787,-0.059193141320413596,-0.07144633504297293,ppluGFP_to_cgreGFP,43,CNN_Jannis_OHE
oneshot_fancy,1,960,4904,0.2708410454785501,0.5204239094032383,0.5446378855484365,0.7315338434400404,0.5389527466503347,0.7544775345696695,ppluGFP_to_cgreGFP,43,CNN_Jannis_OHE
oneshot_random,1,960,4904,0.3008551197379454,0.5485026159809498,0.4941755477815899,0.7340093658227413,0.5421050985258854,0.7388979840457,ppluGFP_to_cgreGFP,43,CNN_Jannis_OHE
iterative_fancy,1,96,4904,0.6870167347062249,0.8288647264217636,-0.15507379033585833,0.49682351379761,0.35463020322668587,0.4041065379979894,ppluGFP_to_cgreGFP,43,CNN_Jannis_OHE
iterative_fancy,2,192,4904,0.6113903731342442,0.7819145561595872,-0.027924008245599152,0.546485632541621,0.3894142360246583,0.5114812016922669,ppluGFP_to_cgreGFP,43,CNN_Jannis_OHE
iterative_fancy,3,288,4904,0.7107807057126269,0.8430781136482116,-0.19502789724059566,0.4754166073708568,0.33500081459255904,0.42191147180550004,ppluGFP_to_cgreGFP,43,CNN_Jannis_OHE
iterative_fancy,4,384,4904,0.4266785651554257,0.6532063725618618,0.2826299526460757,0.5930156737092082,0.4235217852784131,0.5834234483710248,ppluGFP_to_cgreGFP,43,CNN_Jannis_OHE
iterative_fancy,5,480,4904,0.5836373074144566,0.7639615876563799,0.018736920367883547,0.5861618960169883,0.42021539542382247,0.5272469560687516,ppluGFP_to_cgreGFP,43,CNN_Jannis_OHE
iterative_fancy,6,576,4904,0.4435703421137797,0.6660107672656499,0.25422999111509914,0.6054120292008398,0.43747132600963085,0.5979944784966567,ppluGFP_to_cgreGFP,43,CNN_Jannis_OHE
iterative_fancy,7,672,4904,0.4517747291292669,0.672141896573385,0.24043604414317654,0.6702753279024233,0.4902481783102576,0.6215604748826846,ppluGFP_to_cgreGFP,43,CNN_Jannis_OHE
iterative_fancy,8,768,4904,0.32816551529720195,0.5728573254285939,0.44825887571145273,0.6874799948244319,0.5059512302131988,0.689878649256582,ppluGFP_to_cgreGFP,43,CNN_Jannis_OHE
iterative_fancy,9,864,4904,0.34348828126967723,0.5860787329955569,0.4224968753464623,0.7025153011328884,0.5140157471945718,0.697751397523316,ppluGFP_to_cgreGFP,43,CNN_Jannis_OHE
iterative_fancy,10,960,4904,0.294921302626038,0.5430665729227292,0.5041520101825261,0.6999136196954723,0.5132226285431086,0.7191232601656635,ppluGFP_to_cgreGFP,43,CNN_Jannis_OHE
iterative_random,1,96,4904,0.5345149804201457,0.73110531417857,0.1013257563671971,0.4458166053911436,0.31786088287042635,0.42265068890979346,ppluGFP_to_cgreGFP,43,CNN_Jannis_OHE
iterative_random,2,192,4904,0.5877254315134205,0.7666325270384896,0.01186360162642286,0.5207051923654603,0.37089475078486217,0.49092615038626675,ppluGFP_to_cgreGFP,43,CNN_Jannis_OHE
iterative_random,3,288,4904,0.5879754062456876,0.766795543965722,0.01144332181822938,0.5672417557672225,0.4063065159182717,0.5084110127790749,ppluGFP_to_cgreGFP,43,CNN_Jannis_OHE
iterative_random,4,384,4904,0.419081107501213,0.6473647406997179,0.2954034758606451,0.626774548210569,0.45579439223213747,0.6125933474571859,ppluGFP_to_cgreGFP,43,CNN_Jannis_OHE
iterative_random,5,480,4904,0.4065288868026337,0.6375961784724198,0.3165073884831521,0.6615204032933554,0.48340826329359726,0.6554647094820574,ppluGFP_to_cgreGFP,43,CNN_Jannis_OHE
iterative_random,6,576,4904,0.32960668836161044,0.5741138287496744,0.44583584705735735,0.673555351727567,0.49399604042110606,0.6864141069836813,ppluGFP_to_cgreGFP,43,CNN_Jannis_OHE
iterative_random,7,672,4904,0.3551592712060502,0.5959524068296479,0.4028745664538812,0.6658537007420018,0.48285691393298447,0.6570286955782672,ppluGFP_to_cgreGFP,43,CNN_Jannis_OHE
iterative_random,8,768,4904,0.3313610725649518,0.575639707251812,0.44288621990988275,0.7099859776022577,0.5234837772926927,0.716503985681652,ppluGFP_to_cgreGFP,43,CNN_Jannis_OHE
iterative_random,9,864,4904,0.28901439476344254,0.537600590367461,0.5140832303542302,0.7346186431225679,0.5447794308961148,0.7462770844635984,ppluGFP_to_cgreGFP,43,CNN_Jannis_OHE
iterative_random,10,960,4904,0.2966589948628811,0.5446641119652378,0.5012304470574214,0.7297006659879045,0.5400198643275959,0.7384855052799101,ppluGFP_to_cgreGFP,43,CNN_Jannis_OHE
source_only,0,0,4904,1.2992952036016152,1.1398663095300323,-1.1844909443596991,0.03635973829538652,0.02493031297371951,0.015563799029367,ppluGFP_to_cgreGFP,44,CNN_Jannis_OHE
oneshot_fancy,1,960,4904,0.35806964626544197,0.5983892096833314,0.39798138440848596,0.7151928950088474,0.5281777237397458,0.7002588905910803,ppluGFP_to_cgreGFP,44,CNN_Jannis_OHE
oneshot_random,1,960,4904,0.29273429132342094,0.541049250367673,0.5078290085833022,0.742300649488628,0.5502227040430724,0.7489796366602828,ppluGFP_to_cgreGFP,44,CNN_Jannis_OHE
iterative_fancy,1,96,4904,0.5392526438972303,0.7343382353501895,0.09336037410885667,0.4528955388252918,0.31893383123758473,0.44465984484624443,ppluGFP_to_cgreGFP,44,CNN_Jannis_OHE
iterative_fancy,2,192,4904,0.7111234690729157,0.8432813700497098,-0.1956041815634606,0.518801759578441,0.3699909776173493,0.4483084290388345,ppluGFP_to_cgreGFP,44,CNN_Jannis_OHE
iterative_fancy,3,288,4904,0.4903153841382434,0.7002252381471574,0.1756380585711349,0.5735757922151052,0.41102078676386145,0.5499469406791708,ppluGFP_to_cgreGFP,44,CNN_Jannis_OHE
iterative_fancy,4,384,4904,0.4822558942499038,0.6944464660792103,0.18918839157354528,0.6060408940479947,0.4376290250774882,0.5805226122789426,ppluGFP_to_cgreGFP,44,CNN_Jannis_OHE
iterative_fancy,5,480,4904,0.4737739748080885,0.6883124107613406,0.2034489508060221,0.6349934212482753,0.459326801354826,0.5930427724356524,ppluGFP_to_cgreGFP,44,CNN_Jannis_OHE
iterative_fancy,6,576,4904,0.5011631186727095,0.7079287525399074,0.15739988006353156,0.6354168861208,0.4606086368984161,0.5688718272417024,ppluGFP_to_cgreGFP,44,CNN_Jannis_OHE
iterative_fancy,7,672,4904,0.33601364681617885,0.5796668412253532,0.43506389724479966,0.6867778568785557,0.5044356220984914,0.6803646098531719,ppluGFP_to_cgreGFP,44,CNN_Jannis_OHE
iterative_fancy,8,768,4904,0.47785382557354195,0.6912697198442457,0.1965895419305278,0.6524348516758147,0.47280348493522717,0.6055638436028183,ppluGFP_to_cgreGFP,44,CNN_Jannis_OHE
iterative_fancy,9,864,4904,0.30393417178331317,0.5513022508418709,0.48899877094775457,0.7069688294493293,0.5220582673629897,0.719075733689076,ppluGFP_to_cgreGFP,44,CNN_Jannis_OHE
iterative_fancy,10,960,4904,0.29866704655327886,0.5465043884117299,0.4978543315131473,0.7334097878121378,0.5414929422127084,0.7382202648954228,ppluGFP_to_cgreGFP,44,CNN_Jannis_OHE
iterative_random,1,96,4904,0.8860642012091746,0.9413098327379644,-0.4897301385376609,0.501960577827429,0.3535055540960474,0.35833618405246215,ppluGFP_to_cgreGFP,44,CNN_Jannis_OHE
iterative_random,2,192,4904,0.6336315770528705,0.7960097845208126,-0.06531790334905074,0.553607279097702,0.39486125501635294,0.4840947615866993,ppluGFP_to_cgreGFP,44,CNN_Jannis_OHE
iterative_random,3,288,4904,0.3973804810194308,0.6303812188029009,0.3318885039781818,0.5969897221409357,0.4268435358624104,0.6121735698701358,ppluGFP_to_cgreGFP,44,CNN_Jannis_OHE
iterative_random,4,384,4904,0.42531857498753073,0.6521645306113564,0.28491648937610403,0.6495446952630143,0.46884706890950734,0.628733224954953,ppluGFP_to_cgreGFP,44,CNN_Jannis_OHE
iterative_random,5,480,4904,0.3570257725246547,0.5975163366173805,0.39973643801561354,0.6904804940580275,0.5039743602229892,0.6854652482790162,ppluGFP_to_cgreGFP,44,CNN_Jannis_OHE
iterative_random,6,576,4904,0.31964399264724314,0.5653706683647844,0.46258601938857113,0.7158405070190034,0.5253220772621306,0.7164302528212809,ppluGFP_to_cgreGFP,44,CNN_Jannis_OHE
iterative_random,7,672,4904,0.38719591659839764,0.6222506862980527,0.3490117017613521,0.6991791631934128,0.5126828854509475,0.6798805215080288,ppluGFP_to_cgreGFP,44,CNN_Jannis_OHE
iterative_random,8,768,4904,0.28442872215313514,0.5333185934815465,0.5217930720154993,0.7229678323269807,0.5315724231796036,0.739941893477269,ppluGFP_to_cgreGFP,44,CNN_Jannis_OHE
iterative_random,9,864,4904,0.31679431023253884,0.5628448367290393,0.467377159548226,0.7247642409246924,0.535508860073252,0.7280139547346249,ppluGFP_to_cgreGFP,44,CNN_Jannis_OHE
iterative_random,10,960,4904,0.29248442820666853,0.5408182949999644,0.5082491007335403,0.7306559395709755,0.5379704160392278,0.7408118933478145,ppluGFP_to_cgreGFP,44,CNN_Jannis_OHE
source_only,0,0,4904,1.2837216916116054,1.1330144269212132,-1.1583073674329545,-0.07071338146638742,-0.0498803576463519,-0.08689242521893964,ppluGFP_to_cgreGFP,45,CNN_Jannis_OHE
oneshot_fancy,1,960,4904,0.3466848522002677,0.5887995008492005,0.41712251528454414,0.6882705853627109,0.5033528488540292,0.6995393271534159,ppluGFP_to_cgreGFP,45,CNN_Jannis_OHE
oneshot_random,1,960,4904,0.2838024961948904,0.5327311669077476,0.5228459389322067,0.7430122207069767,0.5503430421835446,0.7501197620111235,ppluGFP_to_cgreGFP,45,CNN_Jannis_OHE
iterative_fancy,1,96,4904,0.4477229266921792,0.6691210104997296,0.24724829566817064,0.49132484017274214,0.34785388129760647,0.5018814633480202,ppluGFP_to_cgreGFP,45,CNN_Jannis_OHE
iterative_fancy,2,192,4904,0.9178702772029508,0.9580554666630481,-0.543205349399229,0.48921563514478933,0.3475333658289767,0.31070386760958735,ppluGFP_to_cgreGFP,45,CNN_Jannis_OHE
iterative_fancy,3,288,4904,0.4954352697415115,0.7038716287374506,0.16703005039447572,0.5412383919876083,0.38565180355204476,0.5346495599160088,ppluGFP_to_cgreGFP,45,CNN_Jannis_OHE
iterative_fancy,4,384,4904,0.4920284539820542,0.7014473992980901,0.17275789280858367,0.5678710829128392,0.4082847963862591,0.5381165405809494,ppluGFP_to_cgreGFP,45,CNN_Jannis_OHE
iterative_fancy,5,480,4904,0.4609247982513605,0.6789144263096495,0.2250521320944967,0.5875428593195879,0.4206395622113374,0.5731612877786774,ppluGFP_to_cgreGFP,45,CNN_Jannis_OHE
iterative_fancy,6,576,4904,0.3804659014107654,0.6168191804822264,0.36032680335799705,0.652625091414841,0.4780068062976713,0.661068486090048,ppluGFP_to_cgreGFP,45,CNN_Jannis_OHE
iterative_fancy,7,672,4904,0.4421266900015694,0.6649260785993955,0.2566571877653965,0.6679886493603892,0.48768692510770956,0.6395455526029206,ppluGFP_to_cgreGFP,45,CNN_Jannis_OHE
iterative_fancy,8,768,4904,0.37258735024327044,0.6103993366995663,0.37357292605002257,0.6728182785596053,0.4929086688654681,0.6710785162159418,ppluGFP_to_cgreGFP,45,CNN_Jannis_OHE
iterative_fancy,9,864,4904,0.28146822408403427,0.5305357896353782,0.5267705253338972,0.7228675699685386,0.5308347967021714,0.7451411085031515,ppluGFP_to_cgreGFP,45,CNN_Jannis_OHE
iterative_fancy,10,960,4904,0.3046055966603062,0.5519108593426172,0.487869911578811,0.707531809255983,0.5186308671276798,0.7190956470024701,ppluGFP_to_cgreGFP,45,CNN_Jannis_OHE
iterative_random,1,96,4904,0.6864980048360863,0.8285517514531523,-0.15420165542706643,0.483462926531194,0.3400356553955326,0.41684759896903273,ppluGFP_to_cgreGFP,45,CNN_Jannis_OHE
iterative_random,2,192,4904,0.5034854147897702,0.7095670615169296,0.15349542877041633,0.5396252029353208,0.3827865355944476,0.5437565723062724,ppluGFP_to_cgreGFP,45,CNN_Jannis_OHE
iterative_random,3,288,4904,0.6246773554336449,0.7903653303590972,-0.0502632675843937,0.5816841424762148,0.417020944372307,0.5086739190719842,ppluGFP_to_cgreGFP,45,CNN_Jannis_OHE
iterative_random,4,384,4904,0.5298863278400774,0.7279329143815915,0.10910785978581827,0.6035833950043442,0.43442260383769943,0.5748343561078371,ppluGFP_to_cgreGFP,45,CNN_Jannis_OHE
iterative_random,5,480,4904,0.43389017885335285,0.6587034073491292,0.27050514469352316,0.6344226380109066,0.4568137924281539,0.6218774360472656,ppluGFP_to_cgreGFP,45,CNN_Jannis_OHE
iterative_random,6,576,4904,0.37128956456586065,0.6093353465587407,0.3757548790443559,0.6697555092286012,0.4872697780570531,0.6689224059137974,ppluGFP_to_cgreGFP,45,CNN_Jannis_OHE
iterative_random,7,672,4904,0.37875049859103455,0.6154270863319509,0.3632108915276785,0.6971549023091352,0.5123417932413864,0.6801008780386285,ppluGFP_to_cgreGFP,45,CNN_Jannis_OHE
iterative_random,8,768,4904,0.2875796395301477,0.5362645238407513,0.5164954687784293,0.7415984275666927,0.5476357104166035,0.746535147784506,ppluGFP_to_cgreGFP,45,CNN_Jannis_OHE
iterative_random,9,864,4904,0.34380151727745484,0.5863459024138011,0.4219702350413639,0.7392078587300067,0.5477790478423465,0.7225790464378739,ppluGFP_to_cgreGFP,45,CNN_Jannis_OHE
iterative_random,10,960,4904,0.28665617776534486,0.5354028182269355,0.5180480750353309,0.7633437586921031,0.5694288115354411,0.7597297437387727,ppluGFP_to_cgreGFP,45,CNN_Jannis_OHE
source_only,0,0,4904,1.2801362775594323,1.1314310750370224,-1.1522792496449097,-0.0019382305316375736,-0.001664644221797646,-0.0013108447558447065,ppluGFP_to_cgreGFP,46,CNN_Jannis_OHE
oneshot_fancy,1,960,4904,0.38590157783113577,0.6212097695876456,0.35118785950301046,0.6435952293105509,0.4683051591626861,0.6496174866444064,ppluGFP_to_cgreGFP,46,CNN_Jannis_OHE
oneshot_random,1,960,4904,0.27601503199849126,0.5253713277278189,0.5359389180869079,0.7564883355345532,0.5648475913389053,0.7678103059702583,ppluGFP_to_cgreGFP,46,CNN_Jannis_OHE
iterative_fancy,1,96,4904,0.6195817640421973,0.7871351624989176,-0.04169610500277354,0.4701045314099532,0.33344628625083933,0.39813087582554657,ppluGFP_to_cgreGFP,46,CNN_Jannis_OHE
iterative_fancy,2,192,4904,0.48076544222787143,0.6933725133201283,0.1916942724050199,0.48762349320926335,0.3457288099940515,0.4589765516457492,ppluGFP_to_cgreGFP,46,CNN_Jannis_OHE
iterative_fancy,3,288,4904,0.6856692080046767,0.8280514525104564,-0.1528082082967226,0.523201448450969,0.3725855634910939,0.522145629961524,ppluGFP_to_cgreGFP,46,CNN_Jannis_OHE
iterative_fancy,4,384,4904,0.47200944242790366,0.6870294334509284,0.2064156399732402,0.6077446967983007,0.43906732795540154,0.580947961208247,ppluGFP_to_cgreGFP,46,CNN_Jannis_OHE
iterative_fancy,5,480,4904,0.5051903310137915,0.7107674239959169,0.15062897160045008,0.5841222344840776,0.41833546428447144,0.5621186270508105,ppluGFP_to_cgreGFP,46,CNN_Jannis_OHE
iterative_fancy,6,576,4904,0.4045721623026716,0.6360598732058733,0.3197972081784186,0.6440075035664674,0.4657336694873888,0.6495661122765415,ppluGFP_to_cgreGFP,46,CNN_Jannis_OHE
iterative_fancy,7,672,4904,0.3632979415475922,0.6027420190658622,0.38919110821364067,0.6767121119805856,0.4931166268330893,0.6828887036681145,ppluGFP_to_cgreGFP,46,CNN_Jannis_OHE
iterative_fancy,8,768,4904,0.3862901700378278,0.6215224614105493,0.35053452363737003,0.6843591696921878,0.49834615966059287,0.6614951659635132,ppluGFP_to_cgreGFP,46,CNN_Jannis_OHE
iterative_fancy,9,864,4904,0.3250622744564745,0.5701423282448642,0.45347632090477374,0.694634435504621,0.5088487641162551,0.7057094609017579,ppluGFP_to_cgreGFP,46,CNN_Jannis_OHE
iterative_fancy,10,960,4904,0.3466534836828437,0.5887728625563883,0.4171752548329245,0.6996256877382196,0.5106091376330375,0.693130948276849,ppluGFP_to_cgreGFP,46,CNN_Jannis_OHE
iterative_random,1,96,4904,0.7146645550599506,0.8453783502432214,-0.2015577710560057,0.4463972764502178,0.3153102017265895,0.3357277319953641,ppluGFP_to_cgreGFP,46,CNN_Jannis_OHE
iterative_random,2,192,4904,0.5570702343833273,0.7463713783253798,0.06340385232743506,0.5228306983724025,0.3738661495080556,0.4965839727557583,ppluGFP_to_cgreGFP,46,CNN_Jannis_OHE
iterative_random,3,288,4904,0.4683027482838202,0.6843264924608868,0.21264766466540874,0.5606631986024765,0.405642262515328,0.5499548677295871,ppluGFP_to_cgreGFP,46,CNN_Jannis_OHE
iterative_random,4,384,4904,0.4834876630640496,0.6953327714584217,0.18711743201594244,0.6659464091644061,0.486660284880898,0.5944080919813214,ppluGFP_to_cgreGFP,46,CNN_Jannis_OHE
iterative_random,5,480,4904,0.413339524693499,0.6429148658208946,0.3050567368093312,0.7020154917537615,0.5163558916558637,0.6726930991431548,ppluGFP_to_cgreGFP,46,CNN_Jannis_OHE
iterative_random,6,576,4904,0.37867074346176016,0.6153622863498869,0.3633449829621601,0.7038950241523431,0.517669878807574,0.6723728556122953,ppluGFP_to_cgreGFP,46,CNN_Jannis_OHE
iterative_random,7,672,4904,0.28136487427473633,0.5304383793380116,0.5269442862481888,0.7139135015682084,0.5259393134518717,0.7382842069305533,ppluGFP_to_cgreGFP,46,CNN_Jannis_OHE
iterative_random,8,768,4904,0.46580826022126537,0.6825014726879828,0.2168416204103074,0.7288959529034517,0.5365099822447775,0.6453091720193616,ppluGFP_to_cgreGFP,46,CNN_Jannis_OHE
iterative_random,9,864,4904,0.27588203620800417,0.5252447393434837,0.5361625224680768,0.7400879995586148,0.548941455832608,0.7541090975180837,ppluGFP_to_cgreGFP,46,CNN_Jannis_OHE
iterative_random,10,960,4904,0.2707423516557358,0.5203290801557566,0.5448038184031138,0.732029800795072,0.5431835521227959,0.7567203922648434,ppluGFP_to_cgreGFP,46,CNN_Jannis_OHE
source_only,0,0,6703,0.899795304173615,0.948575407742376,-4.189590259549221,-0.0888876757402335,-0.058647317492882704,-0.09536428108153575,ppluGFP_to_amacGFP,42,CNN_Jannis_OHE
oneshot_fancy,1,960,6703,0.06591285364441399,0.2567349871840883,0.6198460898100622,0.6680334949837129,0.4853807694929363,0.8054481888914661,ppluGFP_to_amacGFP,42,CNN_Jannis_OHE
oneshot_random,1,960,6703,0.05562991767045732,0.235859953511522,0.6791531612322945,0.6890651448095464,0.5074266529151102,0.8399389223821156,ppluGFP_to_amacGFP,42,CNN_Jannis_OHE
iterative_fancy,1,96,6703,0.15889119772956617,0.3986115875505455,0.08359133656207252,0.44462881145753724,0.3057675383183899,0.5017750558851766,ppluGFP_to_amacGFP,42,CNN_Jannis_OHE
iterative_fancy,2,192,6703,0.14246952701248208,0.37745135714749006,0.17830370281205332,0.4488062800179142,0.3113098920461833,0.5646626199920874,ppluGFP_to_amacGFP,42,CNN_Jannis_OHE
iterative_fancy,3,288,6703,0.12457721381066145,0.3529549741973634,0.28149803365850123,0.4719884866221661,0.3286721041350541,0.6288940379693002,ppluGFP_to_amacGFP,42,CNN_Jannis_OHE
iterative_fancy,4,384,6703,0.11433298800377699,0.33813161343443915,0.3405818432954678,0.48642266353646346,0.33975845816788625,0.6581126583105774,ppluGFP_to_amacGFP,42,CNN_Jannis_OHE
iterative_fancy,5,480,6703,0.1001835343498958,0.31651782627507064,0.4221891450001195,0.5031836950063162,0.35289090246849275,0.6803022652968933,ppluGFP_to_amacGFP,42,CNN_Jannis_OHE
iterative_fancy,6,576,6703,0.0856116815887877,0.2925947395097658,0.506232643340094,0.5326441202580403,0.3775831722172086,0.7263829685082575,ppluGFP_to_amacGFP,42,CNN_Jannis_OHE
iterative_fancy,7,672,6703,0.0885049606821107,0.2974978330712859,0.48954558914985635,0.595431428513583,0.426532094565732,0.7551965238122271,ppluGFP_to_amacGFP,42,CNN_Jannis_OHE
iterative_fancy,8,768,6703,0.0720885464020444,0.2684931030809626,0.5842276387775776,0.5769006942514374,0.4133175484160213,0.7701177278711169,ppluGFP_to_amacGFP,42,CNN_Jannis_OHE
iterative_fancy,9,864,6703,0.06598476536888831,0.25687499950148573,0.6194313372734037,0.6209815748915685,0.45208095124953007,0.8035314000881115,ppluGFP_to_amacGFP,42,CNN_Jannis_OHE
iterative_fancy,10,960,6703,0.07497525999293442,0.2738161061605661,0.5675784512747046,0.5989085215883139,0.4314825988950119,0.7977960960760566,ppluGFP_to_amacGFP,42,CNN_Jannis_OHE
iterative_random,1,96,6703,0.21896999282433946,0.46794229646863456,-0.2629145058035267,0.37128775941237835,0.2537600617061847,0.3849038546367203,ppluGFP_to_amacGFP,42,CNN_Jannis_OHE
iterative_random,2,192,6703,0.1532792665791044,0.39150896104572674,0.11595827946631987,0.4573185530742319,0.31414832116406755,0.5728975713084559,ppluGFP_to_amacGFP,42,CNN_Jannis_OHE
iterative_random,3,288,6703,0.13809401245849598,0.3716100273922866,0.20353958435595254,0.5012772639272398,0.34985645051174263,0.6192362220333314,ppluGFP_to_amacGFP,42,CNN_Jannis_OHE
iterative_random,4,384,6703,0.09608188812832179,0.3099707859271931,0.4458454845929857,0.5763997371100132,0.4074901772179834,0.7062219498489712,ppluGFP_to_amacGFP,42,CNN_Jannis_OHE
iterative_random,5,480,6703,0.08821862543835961,0.29701620399964646,0.49119703430081885,0.5828955075941775,0.41299493882942323,0.7155599331611779,ppluGFP_to_amacGFP,42,CNN_Jannis_OHE
iterative_random,6,576,6703,0.07912446897485183,0.2812907196742399,0.5436477923598211,0.6476334389988231,0.47053058128478276,0.758050660675018,ppluGFP_to_amacGFP,42,CNN_Jannis_OHE
iterative_random,7,672,6703,0.09109063507735603,0.3018122513705433,0.4746326521810923,0.6399889354687975,0.4594966969640214,0.7526097205818119,ppluGFP_to_amacGFP,42,CNN_Jannis_OHE
iterative_random,8,768,6703,0.07614963130607733,0.2759522264923357,0.5608052375231861,0.6768436960292756,0.4947809648113134,0.7849580421402758,ppluGFP_to_amacGFP,42,CNN_Jannis_OHE
iterative_random,9,864,6703,0.06595542391902227,0.2568178808397544,0.6196005647651672,0.6642481999265584,0.4804201267746391,0.789372228534257,ppluGFP_to_amacGFP,42,CNN_Jannis_OHE
iterative_random,10,960,6703,0.06527733112093027,0.25549428784403433,0.6235114806854061,0.6872406801838804,0.5007470427665123,0.8138196068292862,ppluGFP_to_amacGFP,42,CNN_Jannis_OHE
source_only,0,0,6703,0.9167641425176148,0.9574780115060684,-4.28745842776195,0.006836740963779022,0.005400863992175007,-0.03860612102019928,ppluGFP_to_amacGFP,43,CNN_Jannis_OHE
oneshot_fancy,1,960,6703,0.06657057164149514,0.2580127354250079,0.6160526860266125,0.6517957220344337,0.4744155081414455,0.7890841102925339,ppluGFP_to_amacGFP,43,CNN_Jannis_OHE
oneshot_random,1,960,6703,0.054819634715254216,0.23413593213185843,0.6838264869457051,0.6923496459840559,0.5109478259890837,0.8439127481218002,ppluGFP_to_amacGFP,43,CNN_Jannis_OHE
iterative_fancy,1,96,6703,0.15477779852790277,0.3934180963401439,0.10731546173984863,0.31622276605435273,0.2159857925529561,0.4529787771145689,ppluGFP_to_amacGFP,43,CNN_Jannis_OHE
iterative_fancy,2,192,6703,0.11699131210397717,0.34203992764584834,0.32524989747052946,0.41495576538808493,0.2868939716094774,0.5782763130253793,ppluGFP_to_amacGFP,43,CNN_Jannis_OHE
iterative_fancy,3,288,6703,0.10381550560516313,0.3222041365426011,0.4012416666549099,0.44841196356000074,0.31145548195295303,0.6395063904400576,ppluGFP_to_amacGFP,43,CNN_Jannis_OHE
iterative_fancy,4,384,6703,0.10610685291930534,0.3257404686545799,0.38802626794415784,0.48111125215428696,0.3354981281433855,0.6915213494821595,ppluGFP_to_amacGFP,43,CNN_Jannis_OHE
iterative_fancy,5,480,6703,0.10060357139267888,0.3171806604960001,0.4197665716261909,0.49445088895993666,0.34669386703699795,0.7083079769065839,ppluGFP_to_amacGFP,43,CNN_Jannis_OHE
iterative_fancy,6,576,6703,0.09317845173366046,0.30525145656271724,0.4625911212539743,0.48228648201706803,0.33773806606924145,0.7052279244824913,ppluGFP_to_amacGFP,43,CNN_Jannis_OHE
iterative_fancy,7,672,6703,0.33086216332709745,0.5752061920103932,-0.9082551910321892,0.4797654663147655,0.3342296314792157,0.6552309669013755,ppluGFP_to_amacGFP,43,CNN_Jannis_OHE
iterative_fancy,8,768,6703,0.07730848462256565,0.2780440336036104,0.5541215241768296,0.5495179437202294,0.38810306943236417,0.7499659211581869,ppluGFP_to_amacGFP,43,CNN_Jannis_OHE
iterative_fancy,9,864,6703,0.07188249138912482,0.268109103517812,0.5854160658376197,0.5723630722940205,0.40858541024097805,0.7764333859062033,ppluGFP_to_amacGFP,43,CNN_Jannis_OHE
iterative_fancy,10,960,6703,0.06941950089425224,0.26347580703786116,0.5996214205691519,0.6039821244320799,0.43369549005154057,0.7990266742937844,ppluGFP_to_amacGFP,43,CNN_Jannis_OHE
iterative_random,1,96,6703,0.1632331126249969,0.40402117843622615,0.058549241827189125,0.3363950844873267,0.23040226033573707,0.4380442462162154,ppluGFP_to_amacGFP,43,CNN_Jannis_OHE
iterative_random,2,192,6703,0.1300031880939306,0.360559548610116,0.25020360129326524,0.5117476616975944,0.3578565872492982,0.5927156950977741,ppluGFP_to_amacGFP,43,CNN_Jannis_OHE
iterative_random,3,288,6703,0.140547069121093,0.3748960777616818,0.18939152323217556,0.5192137730801232,0.36170031824817545,0.57593185565373,ppluGFP_to_amacGFP,43,CNN_Jannis_OHE
iterative_random,4,384,6703,0.10515140989730634,0.3242705813010276,0.39353680770528066,0.5603682421418718,0.39682734416080623,0.6789156513192907,ppluGFP_to_amacGFP,43,CNN_Jannis_OHE
iterative_random,5,480,6703,0.08464076080713721,0.2909308522778862,0.5118324514385313,0.6186610141271681,0.44507993709417293,0.7588403651900915,ppluGFP_to_amacGFP,43,CNN_Jannis_OHE
iterative_random,6,576,6703,0.08341534697199705,0.2888171514505277,0.5189000541180104,0.6397499274435471,0.4606138353057879,0.7530779321162802,ppluGFP_to_amacGFP,43,CNN_Jannis_OHE
iterative_random,7,672,6703,0.07923936667997829,0.28149487860346284,0.5429851171840303,0.6480519349868769,0.46974374753510584,0.7920501802233568,ppluGFP_to_amacGFP,43,CNN_Jannis_OHE
iterative_random,8,768,6703,0.057092782856088355,0.23894096102612536,0.6707160523885706,0.6362709048962276,0.46221002778753845,0.8283676310539758,ppluGFP_to_amacGFP,43,CNN_Jannis_OHE
iterative_random,9,864,6703,0.06600694337606162,0.2569181647452387,0.6193034251033035,0.6547492587144907,0.4783414815377167,0.8196203256098628,ppluGFP_to_amacGFP,43,CNN_Jannis_OHE
iterative_random,10,960,6703,0.05363790481035323,0.23159858551026002,0.6906421415456417,0.6837689304773638,0.5018853408104355,0.8439448502185857,ppluGFP_to_amacGFP,43,CNN_Jannis_OHE
source_only,0,0,6703,0.9415586756070745,0.9703394641088625,-4.430461471692376,-0.06108632387151251,-0.04076654074524942,-0.06789074279372477,ppluGFP_to_amacGFP,44,CNN_Jannis_OHE
oneshot_fancy,1,960,6703,0.06804001612583405,0.2608448123421933,0.6075776309251888,0.6727498073417879,0.49233932350006837,0.7953216686404632,ppluGFP_to_amacGFP,44,CNN_Jannis_OHE
oneshot_random,1,960,6703,0.06623722944190008,0.25736594460398227,0.6179752448842672,0.6527469588904317,0.47339478226141257,0.8107811828559455,ppluGFP_to_amacGFP,44,CNN_Jannis_OHE
iterative_fancy,1,96,6703,0.16499747974780568,0.40619881800394947,0.04837321357684532,0.38811627744504035,0.26405932325739967,0.480870400097325,ppluGFP_to_amacGFP,44,CNN_Jannis_OHE
iterative_fancy,2,192,6703,0.12954160187788408,0.35991888235807257,0.25286581048642964,0.40633866708212674,0.2784303122000778,0.5170802407851363,ppluGFP_to_amacGFP,44,CNN_Jannis_OHE
iterative_fancy,3,288,6703,0.12243525845681909,0.3499074998579183,0.29385181077773015,0.520651056954407,0.3657030467028739,0.6226524273258816,ppluGFP_to_amacGFP,44,CNN_Jannis_OHE
iterative_fancy,4,384,6703,0.09791650593920675,0.3129161324368029,0.43526428387188576,0.5506082714494012,0.3879166387030423,0.6899114763299126,ppluGFP_to_amacGFP,44,CNN_Jannis_OHE
iterative_fancy,5,480,6703,0.08486503660225166,0.2913160424732075,0.5105389355951166,0.541173984522118,0.38073677537285205,0.721074237024482,ppluGFP_to_amacGFP,44,CNN_Jannis_OHE
iterative_fancy,6,576,6703,0.08404089555938316,0.28989807788149125,0.5152921881501443,0.563704654490381,0.4008826782468719,0.7540241969313681,ppluGFP_to_amacGFP,44,CNN_Jannis_OHE
iterative_fancy,7,672,6703,0.06452098169924113,0.2540098063052707,0.6278737434949664,0.6039141287231002,0.4328284138169217,0.7936232326114516,ppluGFP_to_amacGFP,44,CNN_Jannis_OHE
iterative_fancy,8,768,6703,0.06115823025062572,0.24730190102509467,0.6472684903691426,0.6184375023981493,0.4457737647908831,0.8061342475091083,ppluGFP_to_amacGFP,44,CNN_Jannis_OHE
iterative_fancy,9,864,6703,0.06086214350163008,0.2467025405252854,0.6489761775524854,0.6294947023301823,0.45545379156910887,0.8084704404828464,ppluGFP_to_amacGFP,44,CNN_Jannis_OHE
iterative_fancy,10,960,6703,0.11505122590168156,0.3391920192187333,0.3364393895821448,0.5766653804130226,0.40836732319049573,0.7988545724567253,ppluGFP_to_amacGFP,44,CNN_Jannis_OHE
iterative_random,1,96,6703,0.18650674456719438,0.4318642663698797,-0.075681969506469,0.3484113305785365,0.2344392526257966,0.36724525177147477,ppluGFP_to_amacGFP,44,CNN_Jannis_OHE
iterative_random,2,192,6703,0.17284067889003268,0.41574112003749725,0.0031373808453238894,0.49118770340189677,0.33855893759534333,0.5333955815456354,ppluGFP_to_amacGFP,44,CNN_Jannis_OHE
iterative_random,3,288,6703,0.20958049215532662,0.45779962009085,-0.20876034319796366,0.4725403575176768,0.3251139971837214,0.5804975577254601,ppluGFP_to_amacGFP,44,CNN_Jannis_OHE
iterative_random,4,384,6703,0.11069229080368086,0.33270450974352733,0.36157964872960413,0.5558897697618321,0.38940196279808503,0.6658519181403624,ppluGFP_to_amacGFP,44,CNN_Jannis_OHE
iterative_random,5,480,6703,0.09028275628648975,0.30047089091372853,0.4792921118210006,0.6044633764160584,0.4300637801019025,0.7263648365242849,ppluGFP_to_amacGFP,44,CNN_Jannis_OHE
iterative_random,6,576,6703,0.07595542827977733,0.27560012387474964,0.561925307975862,0.6482467570509289,0.4676636064952372,0.783582347746226,ppluGFP_to_amacGFP,44,CNN_Jannis_OHE
iterative_random,7,672,6703,0.068274850029113,0.2612945656325692,0.6062232209483691,0.6495398185370299,0.4699051654233516,0.7978131291181885,ppluGFP_to_amacGFP,44,CNN_Jannis_OHE
iterative_random,8,768,6703,0.09591849206854701,0.3097071069067467,0.4467878751526193,0.649763232001162,0.4701527297385939,0.7771475747568084,ppluGFP_to_amacGFP,44,CNN_Jannis_OHE
iterative_random,9,864,6703,0.0566664898043929,0.23804724279939246,0.6731747074388145,0.689785685187358,0.5062452934278163,0.8333943986044108,ppluGFP_to_amacGFP,44,CNN_Jannis_OHE
iterative_random,10,960,6703,0.05820947106763632,0.2412663902569861,0.6642755272616638,0.6849360346559958,0.5018929444019546,0.8307928798348925,ppluGFP_to_amacGFP,44,CNN_Jannis_OHE
source_only,0,0,6703,0.941030049567536,0.9700670335433196,-4.427412608764321,0.04268102929917957,0.028481177758699044,0.03661140408395504,ppluGFP_to_amacGFP,45,CNN_Jannis_OHE
oneshot_fancy,1,960,6703,0.11324119938356654,0.33651329748401704,0.34687875945256486,0.6432969644584763,0.46366966330143355,0.7406262027205455,ppluGFP_to_amacGFP,45,CNN_Jannis_OHE
oneshot_random,1,960,6703,0.05176576603053809,0.22752091339157834,0.7014397453241767,0.6800752549952186,0.49467776219469795,0.8389115085712012,ppluGFP_to_amacGFP,45,CNN_Jannis_OHE
iterative_fancy,1,96,6703,0.16291792220425033,0.4036309232507469,0.06036710987987004,0.33260116770958176,0.22813024669281623,0.4288627258133674,ppluGFP_to_amacGFP,45,CNN_Jannis_OHE
iterative_fancy,2,192,6703,0.15129883824085694,0.388971513405361,0.12738044578151686,0.345414450413799,0.2356254205491144,0.4739322356037811,ppluGFP_to_amacGFP,45,CNN_Jannis_OHE
iterative_fancy,3,288,6703,0.11569845017627668,0.340144748858889,0.3327065085862082,0.43967307683472145,0.30473100509498935,0.5936365959321016,ppluGFP_to_amacGFP,45,CNN_Jannis_OHE
iterative_fancy,4,384,6703,0.1037797387669459,0.322148628379737,0.4014479527228255,0.5035838610708465,0.35458941778249453,0.6741610182609321,ppluGFP_to_amacGFP,45,CNN_Jannis_OHE
iterative_fancy,5,480,6703,0.10531016254501803,0.32451527320762275,0.39262119813228025,0.5007581090054145,0.35007693035066073,0.708500640120719,ppluGFP_to_amacGFP,45,CNN_Jannis_OHE
iterative_fancy,6,576,6703,0.06652870653928995,0.2579315927514308,0.616294143973338,0.5925627288068295,0.4213963106703734,0.7856940609632097,ppluGFP_to_amacGFP,45,CNN_Jannis_OHE
iterative_fancy,7,672,6703,0.06507279737085198,0.25509370311877944,0.6246911338267728,0.5972863590374027,0.42584398937387885,0.7989177502490824,ppluGFP_to_amacGFP,45,CNN_Jannis_OHE
iterative_fancy,8,768,6703,0.05994900035872658,0.24484484956544741,0.6542427517810967,0.6097104610164689,0.44099768425078456,0.815922252057704,ppluGFP_to_amacGFP,45,CNN_Jannis_OHE
iterative_fancy,9,864,6703,0.054415096983988664,0.23327043744115683,0.6861596676814326,0.6248524697003115,0.4524052720898905,0.8318961598798892,ppluGFP_to_amacGFP,45,CNN_Jannis_OHE
iterative_fancy,10,960,6703,0.05566835435398213,0.23594142144604904,0.6789314767697234,0.6411032521554763,0.4667960490835364,0.8384632787304616,ppluGFP_to_amacGFP,45,CNN_Jannis_OHE
iterative_random,1,96,6703,0.16469944352136973,0.4058317921520808,0.050092144416482465,0.3639514110925413,0.2476276020059381,0.5264995856344639,ppluGFP_to_amacGFP,45,CNN_Jannis_OHE
iterative_random,2,192,6703,0.15927197862424095,0.3990889357326772,0.08139517393168239,0.4134062088740592,0.28202565539935864,0.5234024813428831,ppluGFP_to_amacGFP,45,CNN_Jannis_OHE
iterative_random,3,288,6703,0.1128338852482526,0.3359075546162256,0.34922795316295363,0.4766420639138493,0.3265543363259695,0.6730316572278927,ppluGFP_to_amacGFP,45,CNN_Jannis_OHE
iterative_random,4,384,6703,0.12513347361130492,0.3537421004224757,0.27828979237316864,0.5295461980629863,0.3712234629646348,0.6696507700827286,ppluGFP_to_amacGFP,45,CNN_Jannis_OHE
iterative_random,5,480,6703,0.10125804691856971,0.31821069579536404,0.4159918688704395,0.5912106001620099,0.4208465886274692,0.7258473874078719,ppluGFP_to_amacGFP,45,CNN_Jannis_OHE
iterative_random,6,576,6703,0.0919944020896407,0.303305789739729,0.4694201550030125,0.5710129318414445,0.4053221332078951,0.7423252613678617,ppluGFP_to_amacGFP,45,CNN_Jannis_OHE
iterative_random,7,672,6703,0.08273335344836662,0.28763406169709216,0.5228334675631481,0.6150767416321586,0.4412932994052282,0.7672545805851358,ppluGFP_to_amacGFP,45,CNN_Jannis_OHE
iterative_random,8,768,6703,0.06301200043429599,0.25102191225926074,0.6365768278943607,0.6404260215900742,0.4634597088525148,0.8071276831858788,ppluGFP_to_amacGFP,45,CNN_Jannis_OHE
iterative_random,9,864,6703,0.059682982339594404,0.24430100765161492,0.6557770168684443,0.6320853198769997,0.4558066797411731,0.8216049276924187,ppluGFP_to_amacGFP,45,CNN_Jannis_OHE
iterative_random,10,960,6703,0.06405739760406978,0.25309562936579877,0.630547475502262,0.6908419620672173,0.506816225098899,0.833817918083201,ppluGFP_to_amacGFP,45,CNN_Jannis_OHE
source_only,0,0,6703,0.9405569815843584,0.969823170265775,-4.424684178213266,-0.012838353480421835,-0.008811654858681104,-0.015303478003202689,ppluGFP_to_amacGFP,46,CNN_Jannis_OHE
oneshot_fancy,1,960,6703,0.07109614272541494,0.2666385994664218,0.5899513499704329,0.6378665021770571,0.4600197160473192,0.7731382710723207,ppluGFP_to_amacGFP,46,CNN_Jannis_OHE
oneshot_random,1,960,6703,0.08381713512647192,0.2895118911659276,0.5165827316301141,0.6798421682804938,0.49594670518076545,0.8003764016778023,ppluGFP_to_amacGFP,46,CNN_Jannis_OHE
iterative_fancy,1,96,6703,0.23642502713715627,0.4862355675361031,-0.3635868205285804,0.2836210158390722,0.19200733504274267,0.3800472654813668,ppluGFP_to_amacGFP,46,CNN_Jannis_OHE
iterative_fancy,2,192,6703,0.17589315979783318,0.4193961847678555,-0.014467873497640449,0.3485010791877613,0.23875998126361753,0.4293968064195045,ppluGFP_to_amacGFP,46,CNN_Jannis_OHE
iterative_fancy,3,288,6703,0.15822725708172297,0.39777789918712547,0.08742062962793307,0.3084884211072074,0.2102657098989625,0.47942977946125975,ppluGFP_to_amacGFP,46,CNN_Jannis_OHE
iterative_fancy,4,384,6703,0.13186265755233434,0.36312898197793897,0.23947906811944086,0.42032297342055347,0.2915030050305456,0.5874527389070708,ppluGFP_to_amacGFP,46,CNN_Jannis_OHE
iterative_fancy,5,480,6703,0.15396440522594376,0.39238298284449563,0.1120067264502217,0.5188506285321949,0.36604187306824026,0.6442628726640661,ppluGFP_to_amacGFP,46,CNN_Jannis_OHE
iterative_fancy,6,576,6703,0.13472136735728385,0.36704409456805576,0.2229913931006554,0.5365731844211933,0.37917115207673696,0.6903293881314904,ppluGFP_to_amacGFP,46,CNN_Jannis_OHE
iterative_fancy,7,672,6703,0.08570316722787187,0.29275103283826664,0.5057049977975159,0.5420735349649228,0.3850245513666651,0.7220838115627939,ppluGFP_to_amacGFP,46,CNN_Jannis_OHE
iterative_fancy,8,768,6703,0.07404240074424029,0.2721073331320571,0.5729587386001643,0.591558038872396,0.4229985605119875,0.7597371509622539,ppluGFP_to_amacGFP,46,CNN_Jannis_OHE
iterative_fancy,9,864,6703,0.07285730002762138,0.26992091439460814,0.579793834434765,0.5576178816106693,0.39659629139120334,0.7669451880728155,ppluGFP_to_amacGFP,46,CNN_Jannis_OHE
iterative_fancy,10,960,6703,0.06447793185292688,0.2539250516450216,0.6281220344807843,0.6388927843463225,0.4634061796467047,0.8017431382966161,ppluGFP_to_amacGFP,46,CNN_Jannis_OHE
iterative_random,1,96,6703,0.17404466312409847,0.4171866046796067,-0.0038066261135667467,0.3611781275073873,0.24584252423632272,0.4445168454753101,ppluGFP_to_amacGFP,46,CNN_Jannis_OHE
iterative_random,2,192,6703,0.12536125383614477,0.3540639120782359,0.2769760646501368,0.47617666661348007,0.3338235983093759,0.594315807899737,ppluGFP_to_amacGFP,46,CNN_Jannis_OHE
iterative_random,3,288,6703,0.16374119523173006,0.404649472051713,0.05561886362370372,0.5034408704593418,0.34755183578519466,0.5867336667673723,ppluGFP_to_amacGFP,46,CNN_Jannis_OHE
iterative_random,4,384,6703,0.08282899232697796,0.2878002646402153,0.522281868115392,0.5693361259324422,0.4016603066613652,0.724167493094261,ppluGFP_to_amacGFP,46,CNN_Jannis_OHE
iterative_random,5,480,6703,0.07446519327045217,0.27288311283487693,0.5705202729117325,0.5789967498848116,0.41012791204146665,0.7587531580997078,ppluGFP_to_amacGFP,46,CNN_Jannis_OHE
iterative_random,6,576,6703,0.08150099769301986,0.28548379585016703,0.5299411079282204,0.6381710221287925,0.4618449015339543,0.7852695366897776,ppluGFP_to_amacGFP,46,CNN_Jannis_OHE
iterative_random,7,672,6703,0.0971760471982841,0.3117307286718525,0.43953489681203606,0.6255323218627509,0.44971216292022953,0.777590743446107,ppluGFP_to_amacGFP,46,CNN_Jannis_OHE
iterative_random,8,768,6703,0.07056978621685397,0.2656497434910374,0.592987123326004,0.631045626729048,0.4522230419701115,0.8054491222891567,ppluGFP_to_amacGFP,46,CNN_Jannis_OHE
iterative_random,9,864,6703,0.0568571778343398,0.23844743201456334,0.6720749098090258,0.6634141122519678,0.48247154399819486,0.8303123596667354,ppluGFP_to_amacGFP,46,CNN_Jannis_OHE
iterative_random,10,960,6703,0.05927918805174575,0.24347317727369014,0.6581059097770436,0.7019871231866164,0.5165558441111774,0.8371689538077374,ppluGFP_to_amacGFP,46,CNN_Jannis_OHE
