domain,pair,model,seed,arm,round,n_target,n,mse,rmse,r2,spearman,kendall_tau,pearson
natural_proteins,cgreGFP_to_amacGFP,aubin_1_10_1,42,source_only,0,0,6703,1.1863313984151627,1.089188412725348,-5.842193820367867,0.3984461008501192,0.27492965428054655,0.49563663939453373
natural_proteins,cgreGFP_to_amacGFP,aubin_1_10_1,42,oneshot_fancy,1,960,6703,0.8308261807252801,0.911496670715412,-3.7918092424701797,-0.40001275734451125,-0.273947320562866,-0.39441186010246837
natural_proteins,cgreGFP_to_amacGFP,aubin_1_10_1,42,oneshot_random,1,960,6703,0.22223030448229256,0.4714130932444416,-0.2817184288121575,0.5507177429309321,0.38492533444412846,0.577949532768725
natural_proteins,cgreGFP_to_amacGFP,aubin_1_10_1,42,iterative_fancy,1,96,6703,0.8065740743146119,0.8980946911738271,-3.651934656974375,0.11355660078345352,0.07396317906814315,0.06290230179101354
natural_proteins,cgreGFP_to_amacGFP,aubin_1_10_1,42,iterative_fancy,2,192,6703,0.6127780324244099,0.7828014003720292,-2.534211496309234,0.2935033946867865,0.19236943140447116,0.24216136230894178
natural_proteins,cgreGFP_to_amacGFP,aubin_1_10_1,42,iterative_fancy,3,288,6703,0.560220240742306,0.7484786174249108,-2.2310832153416382,0.33530713265970985,0.22208729210657038,0.2828726917806541
natural_proteins,cgreGFP_to_amacGFP,aubin_1_10_1,42,iterative_fancy,4,384,6703,0.3828691933514371,0.6187642469886548,-1.2082069413808671,0.43361547420730434,0.2937985352788736,0.41039505623815326
natural_proteins,cgreGFP_to_amacGFP,aubin_1_10_1,42,iterative_fancy,5,480,6703,0.2916134122915189,0.5400124186456445,-0.6818871102821145,0.5030342774216527,0.3493418797527913,0.5742812277953674
natural_proteins,cgreGFP_to_amacGFP,aubin_1_10_1,42,iterative_fancy,6,576,6703,0.44044310212056753,0.6636588748148913,-1.5402657938404976,0.40517865354276467,0.27107686398532516,0.37786212781777095
natural_proteins,cgreGFP_to_amacGFP,aubin_1_10_1,42,iterative_fancy,7,672,6703,0.4263597136445106,0.6529622605055445,-1.4590395245792713,0.4272229430706851,0.2877553213289446,0.3925527023434907
natural_proteins,cgreGFP_to_amacGFP,aubin_1_10_1,42,iterative_fancy,8,768,6703,0.2541150270941107,0.5040982315919296,-0.4656143050489079,0.5402744066281122,0.37793361254125724,0.5568151084874721
natural_proteins,cgreGFP_to_amacGFP,aubin_1_10_1,42,iterative_fancy,9,864,6703,0.2894157496910792,0.537973744425394,-0.6692120403277408,0.5044337559510061,0.3463180761514977,0.5088541342305155
natural_proteins,cgreGFP_to_amacGFP,aubin_1_10_1,42,iterative_fancy,10,960,6703,0.3206531750147651,0.5662624612445761,-0.8493746144612881,0.5035965703040903,0.3452816647568086,0.4809816627484651
natural_proteins,cgreGFP_to_amacGFP,aubin_1_10_1,42,iterative_random,1,96,6703,0.30989053546681716,0.5566781255508583,-0.7873008415642773,0.4482888682265912,0.31079061238736005,0.5185860747072637
natural_proteins,cgreGFP_to_amacGFP,aubin_1_10_1,42,iterative_random,2,192,6703,0.31681622884513577,0.5628643076667198,-0.8272449385494862,0.46196915222140417,0.31970207334283895,0.5388856951632306
natural_proteins,cgreGFP_to_amacGFP,aubin_1_10_1,42,iterative_random,3,288,6703,0.2977213264730012,0.5456384576558009,-0.7171146468066518,0.48749825444635164,0.33874586903528436,0.5695137348842616
natural_proteins,cgreGFP_to_amacGFP,aubin_1_10_1,42,iterative_random,4,384,6703,0.27931972013657247,0.5285070672531943,-0.6109829560091593,0.4930185841553441,0.3421163223601242,0.5367436514253197
natural_proteins,cgreGFP_to_amacGFP,aubin_1_10_1,42,iterative_random,5,480,6703,0.3022786325643125,0.5497987200460842,-0.7433990152530665,0.4896176634744609,0.33816780568738125,0.5388261352849392
natural_proteins,cgreGFP_to_amacGFP,aubin_1_10_1,42,iterative_random,6,576,6703,0.2694522406206705,0.5190878929629071,-0.5540720393323306,0.5195202865381927,0.36215036986602156,0.5680936022374588
natural_proteins,cgreGFP_to_amacGFP,aubin_1_10_1,42,iterative_random,7,672,6703,0.23967807117882375,0.4895692710728725,-0.38234882739193776,0.5329991527899951,0.3720195766210459,0.5601114394324163
natural_proteins,cgreGFP_to_amacGFP,aubin_1_10_1,42,iterative_random,8,768,6703,0.25015970851519753,0.5001596830165318,-0.4428019135246002,0.5265694735801041,0.36485501605273907,0.5577164184694716
natural_proteins,cgreGFP_to_amacGFP,aubin_1_10_1,42,iterative_random,9,864,6703,0.22556708359317498,0.4749390314484323,-0.30096337962683894,0.5460148437395848,0.3823262175698744,0.5903979824519647
natural_proteins,cgreGFP_to_amacGFP,aubin_1_10_1,42,iterative_random,10,960,6703,0.2473236377020442,0.4973164361873074,-0.42644480941540563,0.5533415834999578,0.3867586332424485,0.5558851532980501
natural_proteins,cgreGFP_to_amacGFP,aubin_1_10_1,43,source_only,0,0,6703,1.4303716852081132,1.1959814736057215,-7.249701827360012,0.39619409277746465,0.27301024374702654,0.5027918956029441
natural_proteins,cgreGFP_to_amacGFP,aubin_1_10_1,43,oneshot_fancy,1,960,6703,0.7140374372126945,0.8450073592654057,-3.118227458983829,0.20296455330203303,0.1342499696439692,0.1978117888981019
natural_proteins,cgreGFP_to_amacGFP,aubin_1_10_1,43,oneshot_random,1,960,6703,0.27739622628856436,0.5266841807844284,-0.5998891606852401,0.5275947239438945,0.3631040268671252,0.5277751644581952
natural_proteins,cgreGFP_to_amacGFP,aubin_1_10_1,43,iterative_fancy,1,96,6703,0.6449223620768854,0.803070583496174,-2.719604662166476,0.42803949308810624,0.2942904058686579,0.6082565673476749
natural_proteins,cgreGFP_to_amacGFP,aubin_1_10_1,43,iterative_fancy,2,192,6703,0.9386205375124085,0.9688243068340144,-4.413515692172785,-0.21801425027022225,-0.14458989137697362,-0.0956985143183082
natural_proteins,cgreGFP_to_amacGFP,aubin_1_10_1,43,iterative_fancy,3,288,6703,0.5335474535692243,0.7304433267333095,-2.077247297476316,0.36823013473753907,0.24597018751682048,0.3106484914895917
natural_proteins,cgreGFP_to_amacGFP,aubin_1_10_1,43,iterative_fancy,4,384,6703,0.4081326784170548,0.6388526265243455,-1.3539146766965202,-0.2610425961900493,-0.18145458830224123,-0.017089696343439202
natural_proteins,cgreGFP_to_amacGFP,aubin_1_10_1,43,iterative_fancy,5,480,6703,0.3550936617425802,0.5958973583953702,-1.0480109194384002,0.45614221282381673,0.31055166213034047,0.4345573423649197
natural_proteins,cgreGFP_to_amacGFP,aubin_1_10_1,43,iterative_fancy,6,576,6703,0.23295609001600032,0.4826552496513431,-0.34357964532835705,0.5188526257350518,0.3614139183509016,0.5645777706494257
natural_proteins,cgreGFP_to_amacGFP,aubin_1_10_1,43,iterative_fancy,7,672,6703,0.2831514524060521,0.5321197726133207,-0.6330825606310735,0.5062893335518469,0.3492057146179586,0.5065218072009992
natural_proteins,cgreGFP_to_amacGFP,aubin_1_10_1,43,iterative_fancy,8,768,6703,0.20794822615177816,0.45601340567112514,-0.19934621121292495,0.538146642437514,0.37517164879260045,0.5734956786781986
natural_proteins,cgreGFP_to_amacGFP,aubin_1_10_1,43,iterative_fancy,9,864,6703,0.2528558199447291,0.502847710489696,-0.45835179864675757,0.5401298608079629,0.37658906537878567,0.555269156843493
natural_proteins,cgreGFP_to_amacGFP,aubin_1_10_1,43,iterative_fancy,10,960,6703,0.19603595552649844,0.442759478189342,-0.1306419144475155,0.5488625532260708,0.3848413631200046,0.5905933099025606
natural_proteins,cgreGFP_to_amacGFP,aubin_1_10_1,43,iterative_random,1,96,6703,0.7078190626770647,0.8413198337594715,-3.0823628398080585,0.4199103744353052,0.28759754773441765,0.5666663863710166
natural_proteins,cgreGFP_to_amacGFP,aubin_1_10_1,43,iterative_random,2,192,6703,0.40681253512735505,0.6378185754016223,-1.3463007196935695,0.4721888227290334,0.3266472631860738,0.6164503959775768
natural_proteins,cgreGFP_to_amacGFP,aubin_1_10_1,43,iterative_random,3,288,6703,0.2887407793016319,0.5373460517223811,-0.6653191329716872,0.47277598721564706,0.3250949288887544,0.5431764877785263
natural_proteins,cgreGFP_to_amacGFP,aubin_1_10_1,43,iterative_random,4,384,6703,0.3036137732865135,0.5510115908821823,-0.7510994702953673,0.45603613506636526,0.3118659597531089,0.4734276722264165
natural_proteins,cgreGFP_to_amacGFP,aubin_1_10_1,43,iterative_random,5,480,6703,0.2892218742992165,0.5377935238539197,-0.6680938595142711,0.49822505350171914,0.34536958138631796,0.5901850078401688
natural_proteins,cgreGFP_to_amacGFP,aubin_1_10_1,43,iterative_random,6,576,6703,0.25180656132049245,0.5018033093957158,-0.45230017522659804,0.5176710358634963,0.36147951915142224,0.6031872393391
natural_proteins,cgreGFP_to_amacGFP,aubin_1_10_1,43,iterative_random,7,672,6703,0.21643691949879398,0.4652278146228942,-0.2483049467227001,0.5251194192527855,0.36741866785313476,0.6004218366559134
natural_proteins,cgreGFP_to_amacGFP,aubin_1_10_1,43,iterative_random,8,768,6703,0.35681976806827664,0.5973439277905792,-1.0579662776551308,0.5332631558924454,0.37392243158907157,0.6758542617667438
natural_proteins,cgreGFP_to_amacGFP,aubin_1_10_1,43,iterative_random,9,864,6703,0.2504416957594435,0.5004415008364549,-0.4444282814877003,0.5373304357202263,0.3740590995958426,0.57793313811633
natural_proteins,cgreGFP_to_amacGFP,aubin_1_10_1,43,iterative_random,10,960,6703,0.2032107728051741,0.4507890557735115,-0.1720228392987042,0.5561879290764816,0.3909560969548003,0.5895601276672111
natural_proteins,cgreGFP_to_amacGFP,aubin_1_10_1,44,source_only,0,0,6703,0.6381615519865986,0.7988501436355874,-2.6806115333643223,0.4082821680529114,0.28295306719012114,0.548472741379501
natural_proteins,cgreGFP_to_amacGFP,aubin_1_10_1,44,oneshot_fancy,1,960,6703,0.7711907727459889,0.8781746823644991,-3.4478606455636776,-0.3313866887515278,-0.2221916464644042,-0.22708434115717113
natural_proteins,cgreGFP_to_amacGFP,aubin_1_10_1,44,oneshot_random,1,960,6703,0.21704175925051897,0.46587740796320976,-0.25179337400119417,0.5569176199714297,0.39258176869462047,0.6299222161125276
natural_proteins,cgreGFP_to_amacGFP,aubin_1_10_1,44,iterative_fancy,1,96,6703,0.6405182178527534,0.8003238206205995,-2.6942036583368365,0.23887362366516335,0.15551810919072218,0.1709842822308014
natural_proteins,cgreGFP_to_amacGFP,aubin_1_10_1,44,iterative_fancy,2,192,6703,0.7252183247778097,0.8515975133699074,-3.1827134870080886,0.26784529989002204,0.17675728819958184,0.20791462386762835
natural_proteins,cgreGFP_to_amacGFP,aubin_1_10_1,44,iterative_fancy,3,288,6703,0.5574002518756468,0.7465924268807224,-2.2148188642313675,0.3644126525247149,0.24282195630421083,0.3255960652198783
natural_proteins,cgreGFP_to_amacGFP,aubin_1_10_1,44,iterative_fancy,4,384,6703,0.4353150375160678,0.6597840840123895,-1.510689562448301,0.4372309437792841,0.2953854099805359,0.4190767082548468
natural_proteins,cgreGFP_to_amacGFP,aubin_1_10_1,44,iterative_fancy,5,480,6703,0.22420505322598347,0.47350296010266235,-0.29310783793418826,0.526788908937146,0.36690810994404205,0.5568632865312533
natural_proteins,cgreGFP_to_amacGFP,aubin_1_10_1,44,iterative_fancy,6,576,6703,0.2809745107225767,0.530070288473686,-0.6205269990452675,0.498329980061245,0.3445133117049746,0.5116789165154991
natural_proteins,cgreGFP_to_amacGFP,aubin_1_10_1,44,iterative_fancy,7,672,6703,0.2533784107730978,0.5033670735885472,-0.4613658533545921,0.527863791540565,0.36718267785155245,0.5520525496424464
natural_proteins,cgreGFP_to_amacGFP,aubin_1_10_1,44,iterative_fancy,8,768,6703,0.3099904117883385,0.5567678257481645,-0.7878768805621723,0.5034267236141373,0.34465091889811755,0.49781195948435986
natural_proteins,cgreGFP_to_amacGFP,aubin_1_10_1,44,iterative_fancy,9,864,6703,0.33664462706323794,0.5802108470747837,-0.9416056845745306,0.5140127191026007,0.35416124469864835,0.4838181763439283
natural_proteins,cgreGFP_to_amacGFP,aubin_1_10_1,44,iterative_fancy,10,960,6703,0.242236544512911,0.492175318878254,-0.39710488161039104,0.5549486354196078,0.38807088502227066,0.5776278342485639
natural_proteins,cgreGFP_to_amacGFP,aubin_1_10_1,44,iterative_random,1,96,6703,0.5497914726892741,0.7414792462970721,-2.170935054025306,-0.42629874815807595,-0.2952116279545327,-0.5032604175056618
natural_proteins,cgreGFP_to_amacGFP,aubin_1_10_1,44,iterative_random,2,192,6703,0.4222516587624047,0.6498089401988901,-1.4353462228883385,0.4828282039134121,0.3378241533485889,0.5296211653198815
natural_proteins,cgreGFP_to_amacGFP,aubin_1_10_1,44,iterative_random,3,288,6703,0.2596337387106028,0.5095426760445123,-0.4974436021316613,0.4765591745357691,0.3277279415649577,0.5038014905233401
natural_proteins,cgreGFP_to_amacGFP,aubin_1_10_1,44,iterative_random,4,384,6703,0.23400700576884734,0.48374270616604376,-0.34964082627616233,0.5090805991528458,0.35453916865597795,0.5493046976535789
natural_proteins,cgreGFP_to_amacGFP,aubin_1_10_1,44,iterative_random,5,480,6703,0.2781238739743896,0.5273745101674802,-0.6040858855683626,0.49871042876090393,0.34437028836676853,0.5028347530995667
natural_proteins,cgreGFP_to_amacGFP,aubin_1_10_1,44,iterative_random,6,576,6703,0.2556670390448598,0.5056352826344892,-0.474565569925433,0.5324613274616147,0.3722863931144889,0.6128969168479628
natural_proteins,cgreGFP_to_amacGFP,aubin_1_10_1,44,iterative_random,7,672,6703,0.2524639710897627,0.5024579296714927,-0.4560918012990087,0.5291750184944995,0.36714244941293805,0.5766807989657781
natural_proteins,cgreGFP_to_amacGFP,aubin_1_10_1,44,iterative_random,8,768,6703,0.3344098706863235,0.5782818263496817,-0.9287166754051039,0.5491709827988535,0.3843379553215462,0.6750477964164271
natural_proteins,cgreGFP_to_amacGFP,aubin_1_10_1,44,iterative_random,9,864,6703,0.22650488706807456,0.4759252956799781,-0.30637218289146606,0.5526552171504305,0.38599436337811016,0.6022696026674255
natural_proteins,cgreGFP_to_amacGFP,aubin_1_10_1,44,iterative_random,10,960,6703,0.27625008810769225,0.5255949848578202,-0.5932787821780816,0.5554448456700969,0.3897859830087533,0.6636551264165031
natural_proteins,cgreGFP_to_amacGFP,aubin_1_10_1,45,source_only,0,0,6703,0.5435427390910749,0.7372535107349947,-2.134895338252933,-0.4011109613741311,-0.2776987246338646,-0.5160413212097698
natural_proteins,cgreGFP_to_amacGFP,aubin_1_10_1,45,oneshot_fancy,1,960,6703,0.9655241095040085,0.9826108637217525,-4.568682666824777,-0.41224485944740225,-0.2831954742915971,-0.5752001218858729
natural_proteins,cgreGFP_to_amacGFP,aubin_1_10_1,45,oneshot_random,1,960,6703,0.23486529073144652,0.48462902382280665,-0.3545910046791414,0.5639160752552714,0.3963267444160204,0.6056232096693959
natural_proteins,cgreGFP_to_amacGFP,aubin_1_10_1,45,iterative_fancy,1,96,6703,0.5651132700793052,0.7517401612786863,-2.2593038753842025,0.2639376261018196,0.17224493597364274,0.21954096977691845
natural_proteins,cgreGFP_to_amacGFP,aubin_1_10_1,45,iterative_fancy,2,192,6703,0.6642425815786938,0.8150107861732222,-2.8310344756739174,0.2235770113908253,0.14322627923950385,0.19950703699968714
natural_proteins,cgreGFP_to_amacGFP,aubin_1_10_1,45,iterative_fancy,3,288,6703,0.44135873785490953,0.6643483558005615,-1.5455467441479684,0.36791946985611657,0.24445319177292066,0.3479023096687309
natural_proteins,cgreGFP_to_amacGFP,aubin_1_10_1,45,iterative_fancy,4,384,6703,0.4297106213398873,0.6555231661351774,-1.4783659623322967,0.3912184020106162,0.26097122006653345,0.3697523177902836
natural_proteins,cgreGFP_to_amacGFP,aubin_1_10_1,45,iterative_fancy,5,480,6703,0.6928896972103976,0.8323999622839958,-2.9962573786574,0.2685505353313783,0.17580380771127693,0.23867223931176246
natural_proteins,cgreGFP_to_amacGFP,aubin_1_10_1,45,iterative_fancy,6,576,6703,0.299621272860789,0.5473767193266343,-0.7280726316083002,0.5048110986050727,0.3514943128835211,0.6090307775808177
natural_proteins,cgreGFP_to_amacGFP,aubin_1_10_1,45,iterative_fancy,7,672,6703,0.3787413032523477,0.6154196155895161,-1.1843992396165217,0.4438722773935656,0.3022347969698551,0.43385771059817824
natural_proteins,cgreGFP_to_amacGFP,aubin_1_10_1,45,iterative_fancy,8,768,6703,0.5703460859005297,0.7552126097335304,-2.2894842618453013,0.342367911337523,0.22621812859367518,0.3081618045517619
natural_proteins,cgreGFP_to_amacGFP,aubin_1_10_1,45,iterative_fancy,9,864,6703,0.49650226678284043,0.7046291696934214,-1.8635883245765146,0.39333571152981267,0.26427396031020545,0.3508744199018767
natural_proteins,cgreGFP_to_amacGFP,aubin_1_10_1,45,iterative_fancy,10,960,6703,0.3487585166117336,0.5905578012453426,-1.0114728231498598,0.47686914036393063,0.32671452193211203,0.4543441119908047
natural_proteins,cgreGFP_to_amacGFP,aubin_1_10_1,45,iterative_random,1,96,6703,0.25494711964255806,0.5049228848473379,-0.47041341809654913,-0.44222020017029195,-0.3048216352478653,-0.5444063137302592
natural_proteins,cgreGFP_to_amacGFP,aubin_1_10_1,45,iterative_random,2,192,6703,0.33809674042911614,0.5814608674959272,-0.9499807820487765,0.42471032620905247,0.28691710301065154,0.4331919845968052
natural_proteins,cgreGFP_to_amacGFP,aubin_1_10_1,45,iterative_random,3,288,6703,0.34040979940146,0.5834464837510464,-0.9633214032511321,0.44185037569609104,0.29945055966298884,0.46507481057477285
natural_proteins,cgreGFP_to_amacGFP,aubin_1_10_1,45,iterative_random,4,384,6703,0.30924327628196824,0.5560964631086662,-0.7835677592226431,0.4960464255201094,0.34317843491042327,0.5930513234995214
natural_proteins,cgreGFP_to_amacGFP,aubin_1_10_1,45,iterative_random,5,480,6703,0.22948076809240342,0.479041509780106,-0.323535645632159,0.5089985725173085,0.35453066293260777,0.545116803135674
natural_proteins,cgreGFP_to_amacGFP,aubin_1_10_1,45,iterative_random,6,576,6703,0.2790676124427041,0.5282685041176542,-0.6095289190449877,0.4856482446999293,0.3337878460601769,0.5436865754015802
natural_proteins,cgreGFP_to_amacGFP,aubin_1_10_1,45,iterative_random,7,672,6703,0.25505262367102305,0.5050273494287444,-0.4710219150246009,0.5021833637627853,0.3481548246308299,0.5547412313571696
natural_proteins,cgreGFP_to_amacGFP,aubin_1_10_1,45,iterative_random,8,768,6703,0.2302549875100611,0.4798489215472523,-0.3280009740574059,0.5253852672764665,0.36838502492770026,0.5840742336546529
natural_proteins,cgreGFP_to_amacGFP,aubin_1_10_1,45,iterative_random,9,864,6703,0.21653914630093513,0.46533766911881863,-0.2488945421720159,0.5449992554850643,0.3830519906729407,0.5925727514092719
natural_proteins,cgreGFP_to_amacGFP,aubin_1_10_1,45,iterative_random,10,960,6703,0.18478863914385713,0.4298704911294297,-0.06577275667942661,0.5562737640650791,0.39226478662745223,0.6126827833082699
natural_proteins,cgreGFP_to_amacGFP,aubin_1_10_1,46,source_only,0,0,6703,1.2973555251439477,1.139015155800812,-6.482528043022902,-0.40472948278340953,-0.2799846348413537,-0.5129107758957486
natural_proteins,cgreGFP_to_amacGFP,aubin_1_10_1,46,oneshot_fancy,1,960,6703,0.5282125518152341,0.7267823276712457,-2.0464781280332875,0.09171038218804005,0.05601384166628937,0.4961413952754291
natural_proteins,cgreGFP_to_amacGFP,aubin_1_10_1,46,oneshot_random,1,960,6703,0.19640476388259812,0.44317577086591514,-0.13276902518434364,0.5765902363327138,0.4067318745312256,0.645638279405295
natural_proteins,cgreGFP_to_amacGFP,aubin_1_10_1,46,iterative_fancy,1,96,6703,0.34013943004399505,0.5832147375058307,-0.9617620417191566,0.3743134907093371,0.2531664834220681,0.3764939914294565
natural_proteins,cgreGFP_to_amacGFP,aubin_1_10_1,46,iterative_fancy,2,192,6703,0.998241303408662,0.9991202647372648,-4.7573798405262,-0.411064613561514,-0.28235620839731357,-0.28890041530736377
natural_proteins,cgreGFP_to_amacGFP,aubin_1_10_1,46,iterative_fancy,3,288,6703,0.4503752810982506,0.6711000529714258,-1.5975498661618377,0.34309379998329914,0.22547142750081697,0.3396891490674261
natural_proteins,cgreGFP_to_amacGFP,aubin_1_10_1,46,iterative_fancy,4,384,6703,0.5411524420995975,0.7356306424419781,-2.121109244986094,0.3411352565781395,0.2252299484267234,0.3154308347625493
natural_proteins,cgreGFP_to_amacGFP,aubin_1_10_1,46,iterative_fancy,5,480,6703,0.2976744909143725,0.545595537843165,-0.7168445216373684,0.4654782193651346,0.3177907545663541,0.49047874629816773
natural_proteins,cgreGFP_to_amacGFP,aubin_1_10_1,46,iterative_fancy,6,576,6703,0.4372822241045809,0.6612731841717013,-1.522035356665175,0.44919770216039717,0.30392515684073995,0.42150802917647057
natural_proteins,cgreGFP_to_amacGFP,aubin_1_10_1,46,iterative_fancy,7,672,6703,0.2746695589882545,0.5240892662402604,-0.5841630438705772,0.49412397175845063,0.33841631134509786,0.5186877308240514
natural_proteins,cgreGFP_to_amacGFP,aubin_1_10_1,46,iterative_fancy,8,768,6703,0.30239800714555887,0.5499072714063334,-0.7440875109155807,0.4988911662118339,0.34273802385300045,0.5134336325045509
natural_proteins,cgreGFP_to_amacGFP,aubin_1_10_1,46,iterative_fancy,9,864,6703,0.18576271914389397,0.4310019943618521,-0.07139078564308687,0.5496959046691339,0.38408429202372457,0.6064089409141216
natural_proteins,cgreGFP_to_amacGFP,aubin_1_10_1,46,iterative_fancy,10,960,6703,0.22292396890264818,0.4721482488611476,-0.2857191544245006,0.5566003703287934,0.3877842346601469,0.6027522833287745
natural_proteins,cgreGFP_to_amacGFP,aubin_1_10_1,46,iterative_random,1,96,6703,0.3659568681352378,0.604943690053246,-1.11066471394179,0.4002840212547332,0.27073891431399066,0.3981928686482299
natural_proteins,cgreGFP_to_amacGFP,aubin_1_10_1,46,iterative_random,2,192,6703,0.5692923790041271,0.7545146645388193,-2.2834069829123855,0.36519021255887224,0.2439028623564198,0.2870399076734814
natural_proteins,cgreGFP_to_amacGFP,aubin_1_10_1,46,iterative_random,3,288,6703,0.28007462720516835,0.5292207735956407,-0.6153369000138438,0.4616892240446691,0.31792858999119844,0.5096296708981185
natural_proteins,cgreGFP_to_amacGFP,aubin_1_10_1,46,iterative_random,4,384,6703,0.3520646003187869,0.5933503183775896,-1.0305407375119326,0.4401465459674067,0.29914389698981136,0.4288203006717809
natural_proteins,cgreGFP_to_amacGFP,aubin_1_10_1,46,iterative_random,5,480,6703,0.26571619388757944,0.5154766666761741,-0.5325243032579834,0.5159563714096203,0.36088979826698275,0.5673137419787847
natural_proteins,cgreGFP_to_amacGFP,aubin_1_10_1,46,iterative_random,6,576,6703,0.22933444801038202,0.47888876371280836,-0.3226917411697636,0.5198862831023624,0.3648144023360569,0.5589849980620796
natural_proteins,cgreGFP_to_amacGFP,aubin_1_10_1,46,iterative_random,7,672,6703,0.2528187183785396,0.5028108176824954,-0.45813781450434443,0.5218433738885367,0.364588978395437,0.5501898114296984
natural_proteins,cgreGFP_to_amacGFP,aubin_1_10_1,46,iterative_random,8,768,6703,0.2797532753782102,0.5289170779793466,-0.6134834959081155,0.5074544808131354,0.350593560674326,0.5117359960230022
natural_proteins,cgreGFP_to_amacGFP,aubin_1_10_1,46,iterative_random,9,864,6703,0.26182679584596547,0.51169013655333,-0.5100921099595228,0.5395095335063183,0.3797437538457799,0.6303163792689406
natural_proteins,cgreGFP_to_amacGFP,aubin_1_10_1,46,iterative_random,10,960,6703,0.21424616056195228,0.46286732501004246,-0.23566969380804337,0.5439427264970761,0.38138273758482166,0.5866556337255963
natural_proteins,cgreGFP_to_amacGFP,aubin_linear,42,source_only,0,0,6703,3.6035555692512817,1.8983033396302293,-19.783590217895224,0.4059834259879665,0.2795561983836452,0.5181810005617256
natural_proteins,cgreGFP_to_amacGFP,aubin_linear,42,oneshot_fancy,1,960,6703,0.15156046027651998,0.3893076678881627,0.12587153463065537,0.508787588999314,0.35510704815554245,0.6158890611859256
natural_proteins,cgreGFP_to_amacGFP,aubin_linear,42,oneshot_random,1,960,6703,0.12423708513668939,0.35247281474844183,0.2834597336643263,0.5392295064674641,0.37755595690892935,0.6409323194325822
natural_proteins,cgreGFP_to_amacGFP,aubin_linear,42,iterative_fancy,1,96,6703,0.16212037841594326,0.4026417494696039,0.0649669621531197,0.41669948905246396,0.2873435087055536,0.5345630239105159
natural_proteins,cgreGFP_to_amacGFP,aubin_linear,42,iterative_fancy,2,192,6703,0.21624050633376754,0.4650166731782502,-0.2471721292437239,0.42014972097626396,0.2880660049796107,0.5458250868178187
natural_proteins,cgreGFP_to_amacGFP,aubin_linear,42,iterative_fancy,3,288,6703,0.2563134663234428,0.5062741019679388,-0.4782938542284083,0.4347233707050243,0.2989229354553499,0.5571252794193979
natural_proteins,cgreGFP_to_amacGFP,aubin_linear,42,iterative_fancy,4,384,6703,0.16298890263412005,0.40371884106902917,0.05995772860641613,0.4376927556159016,0.3016099560609955,0.5574030690635773
natural_proteins,cgreGFP_to_amacGFP,aubin_linear,42,iterative_fancy,5,480,6703,0.18718005390878625,0.4326431022318353,-0.07956529673054025,0.45615121087859567,0.3152205540445054,0.5776045276066089
natural_proteins,cgreGFP_to_amacGFP,aubin_linear,42,iterative_fancy,6,576,6703,0.15423208888657447,0.3927239347004133,0.11046285473694861,0.47297978994067186,0.3271607746372234,0.582685723621341
natural_proteins,cgreGFP_to_amacGFP,aubin_linear,42,iterative_fancy,7,672,6703,0.23906124531364567,0.4889388973211741,-0.3787912699264582,0.47861991220532313,0.3314501821709415,0.5907190549086625
natural_proteins,cgreGFP_to_amacGFP,aubin_linear,42,iterative_fancy,8,768,6703,0.13053897784922766,0.36130178223920745,0.24711342146863324,0.4952751859015221,0.34367081362251617,0.610518839397526
natural_proteins,cgreGFP_to_amacGFP,aubin_linear,42,iterative_fancy,9,864,6703,0.1313636980480274,0.36244130290024534,0.24235682861835683,0.5021991629296872,0.34903959399833606,0.616398682635123
natural_proteins,cgreGFP_to_amacGFP,aubin_linear,42,iterative_fancy,10,960,6703,0.14155319071873146,0.3762355521727465,0.18358869361214103,0.5077318313020919,0.35360111858339915,0.6176036552585413
natural_proteins,cgreGFP_to_amacGFP,aubin_linear,42,iterative_random,1,96,6703,0.14996569344517494,0.3872540425162466,0.13506938927138545,0.43657143917406444,0.30319325148706094,0.5461632848580106
natural_proteins,cgreGFP_to_amacGFP,aubin_linear,42,iterative_random,2,192,6703,0.28189411856392266,0.5309370193948832,-0.625830858571893,0.4393202328734573,0.303587364812316,0.5507528601346285
natural_proteins,cgreGFP_to_amacGFP,aubin_linear,42,iterative_random,3,288,6703,0.1459111319262839,0.38198315660024057,0.15845416675086432,0.46358922446642903,0.32118558559978894,0.5767558303219611
natural_proteins,cgreGFP_to_amacGFP,aubin_linear,42,iterative_random,4,384,6703,0.14589714209317753,0.3819648440539751,0.15853485343736384,0.4762880826431164,0.3311507303393685,0.5815938903726247
natural_proteins,cgreGFP_to_amacGFP,aubin_linear,42,iterative_random,5,480,6703,0.16234769180039954,0.40292392805640065,0.06365592694281386,0.48635031024723463,0.3377297668198001,0.593803048493518
natural_proteins,cgreGFP_to_amacGFP,aubin_linear,42,iterative_random,6,576,6703,0.156592979117969,0.39571830778720485,0.09684636564006188,0.49274007303373246,0.34323699247901085,0.5940053335578195
natural_proteins,cgreGFP_to_amacGFP,aubin_linear,42,iterative_random,7,672,6703,0.1567133139387208,0.39587032465028343,0.09615233177395743,0.5079165845112877,0.3538345059646039,0.61359233788827
natural_proteins,cgreGFP_to_amacGFP,aubin_linear,42,iterative_random,8,768,6703,0.15733008135614976,0.39664856152033345,0.09259511140722487,0.5150932449290028,0.359250003425577,0.61873552699993
natural_proteins,cgreGFP_to_amacGFP,aubin_linear,42,iterative_random,9,864,6703,0.13596733281166604,0.3687374849559861,0.21580525848114307,0.5288647646094902,0.37016144951983204,0.6252571701290948
natural_proteins,cgreGFP_to_amacGFP,aubin_linear,42,iterative_random,10,960,6703,0.14940477562319174,0.3865291394231381,0.13830449580269255,0.5456969155800051,0.38288478124896524,0.6353544365544752
natural_proteins,cgreGFP_to_amacGFP,aubin_linear,43,source_only,0,0,6703,10.240122787104436,3.2000191854275557,-58.06014537534359,0.38942991648136566,0.2667494186231191,0.5017605606736351
natural_proteins,cgreGFP_to_amacGFP,aubin_linear,43,oneshot_fancy,1,960,6703,0.16400254926589247,0.40497228209581515,0.05411149817770511,0.4719850491234411,0.3264236486536044,0.5886778754750115
natural_proteins,cgreGFP_to_amacGFP,aubin_linear,43,oneshot_random,1,960,6703,0.13451274591183884,0.3667597932050879,0.2241946221197363,0.5331764963055775,0.3732607752583588,0.6279317692349593
natural_proteins,cgreGFP_to_amacGFP,aubin_linear,43,iterative_fancy,1,96,6703,0.1641222615216404,0.40512005815762864,0.053421054969681636,0.4138277590786987,0.28356428294987823,0.5366205438873863
natural_proteins,cgreGFP_to_amacGFP,aubin_linear,43,iterative_fancy,2,192,6703,0.19485446126250325,0.4414232223869778,-0.12382761891196159,0.42030897254513566,0.2872741394999742,0.5522845123857885
natural_proteins,cgreGFP_to_amacGFP,aubin_linear,43,iterative_fancy,3,288,6703,0.17959104217571312,0.42378183322992163,-0.03579549576927388,0.4323000650317532,0.29514982814816054,0.5654588309604409
natural_proteins,cgreGFP_to_amacGFP,aubin_linear,43,iterative_fancy,4,384,6703,0.17459219475689403,0.41784230848119486,-0.006964527488658279,0.4352098794958873,0.2983313626285242,0.5659286272587101
natural_proteins,cgreGFP_to_amacGFP,aubin_linear,43,iterative_fancy,5,480,6703,0.1523548450225866,0.3903265876449958,0.1212899022067031,0.4481160489773513,0.30837226370593224,0.5666094696704633
natural_proteins,cgreGFP_to_amacGFP,aubin_linear,43,iterative_fancy,6,576,6703,0.1527376139237671,0.3908165988334773,0.11908227370274116,0.4532680390911406,0.31253379574223067,0.5665675717459813
natural_proteins,cgreGFP_to_amacGFP,aubin_linear,43,iterative_fancy,7,672,6703,0.13831806870101465,0.37191137210498776,0.2022473347872198,0.4845680774541257,0.33612424014875064,0.5954238372989535
natural_proteins,cgreGFP_to_amacGFP,aubin_linear,43,iterative_fancy,8,768,6703,0.1380720067779594,0.37158041764597793,0.20366650262818375,0.49217227447034945,0.34125280516954365,0.605989893883416
natural_proteins,cgreGFP_to_amacGFP,aubin_linear,43,iterative_fancy,9,864,6703,0.15118632888864914,0.3888268623547621,0.1280293460765256,0.5150822537583761,0.35906567050289095,0.625096247191856
natural_proteins,cgreGFP_to_amacGFP,aubin_linear,43,iterative_fancy,10,960,6703,0.1680230123740056,0.40990610189896615,0.03092338407223838,0.5119310366365515,0.35686884620775144,0.6197682854197317
natural_proteins,cgreGFP_to_amacGFP,aubin_linear,43,iterative_random,1,96,6703,0.17284239094329165,0.415743179070074,0.0031275065384950285,0.4170878320405356,0.28790846154290883,0.5394963819354095
natural_proteins,cgreGFP_to_amacGFP,aubin_linear,43,iterative_random,2,192,6703,0.22567706794251216,0.4750548051988446,-0.3015977169093027,0.44551852605068015,0.30719254428794884,0.5621927985898378
natural_proteins,cgreGFP_to_amacGFP,aubin_linear,43,iterative_random,3,288,6703,0.18111137429468907,0.4255718203719427,-0.04456404648222034,0.46418547862144544,0.3212595470657497,0.5782408419736682
natural_proteins,cgreGFP_to_amacGFP,aubin_linear,43,iterative_random,4,384,6703,0.16478267554685624,0.4059343241792399,0.04961210178151454,0.4711027865970786,0.32650867681299384,0.5868992848885362
natural_proteins,cgreGFP_to_amacGFP,aubin_linear,43,iterative_random,5,480,6703,0.14168233712706532,0.37640714276839293,0.18284383871054666,0.48335641657562467,0.33520839084660164,0.5957178409445613
natural_proteins,cgreGFP_to_amacGFP,aubin_linear,43,iterative_random,6,576,6703,0.14760242312696134,0.3841906078068038,0.1486996055741331,0.49487408324490767,0.3441311699150689,0.6039540776846268
natural_proteins,cgreGFP_to_amacGFP,aubin_linear,43,iterative_random,7,672,6703,0.1438116250869717,0.3792250322525818,0.1705631210792693,0.49671195375759947,0.3451860792947386,0.606733517431697
natural_proteins,cgreGFP_to_amacGFP,aubin_linear,43,iterative_random,8,768,6703,0.14103600135326166,0.37554760198044357,0.18657159525758749,0.5124929507254867,0.3568338228942961,0.62218351341666
natural_proteins,cgreGFP_to_amacGFP,aubin_linear,43,iterative_random,9,864,6703,0.12316731752696394,0.35095201598931436,0.2896296431333596,0.5207157478909838,0.36301979593936445,0.6310828880230879
natural_proteins,cgreGFP_to_amacGFP,aubin_linear,43,iterative_random,10,960,6703,0.15256322516623147,0.3905934269367976,0.12008806490134394,0.5312371796861318,0.3713774033800859,0.6381431568346725
natural_proteins,cgreGFP_to_amacGFP,aubin_linear,44,source_only,0,0,6703,5.583161363585951,2.3628714234138832,-31.201012492021874,0.3968995142077137,0.27282714769735017,0.507516128028477
natural_proteins,cgreGFP_to_amacGFP,aubin_linear,44,oneshot_fancy,1,960,6703,0.12622015014702528,0.35527475303914474,0.27202236028178384,0.49762418871981134,0.34732063640585203,0.6084410385341237
natural_proteins,cgreGFP_to_amacGFP,aubin_linear,44,oneshot_random,1,960,6703,0.11574320315855222,0.34021052770094024,0.33244839472428245,0.5322649191535855,0.3729742526378914,0.6412208806732677
natural_proteins,cgreGFP_to_amacGFP,aubin_linear,44,iterative_fancy,1,96,6703,0.24323179452830707,0.4931853551437908,-0.4028450091280149,0.40560030668692826,0.2785282331502354,0.5235010219337577
natural_proteins,cgreGFP_to_amacGFP,aubin_linear,44,iterative_fancy,2,192,6703,0.16316456559754638,0.403936338545502,0.05894458839582328,0.4261323039944988,0.2936723772748128,0.5451889370198166
natural_proteins,cgreGFP_to_amacGFP,aubin_linear,44,iterative_fancy,3,288,6703,0.17544914489745816,0.41886650008977583,-0.011907007274630788,0.4327456627611117,0.2982479351313183,0.5427294041117934
natural_proteins,cgreGFP_to_amacGFP,aubin_linear,44,iterative_fancy,4,384,6703,0.3720579877114762,0.6099655627258609,-1.1458530624231935,0.4393937813860863,0.30224472100767535,0.5577547598324782
natural_proteins,cgreGFP_to_amacGFP,aubin_linear,44,iterative_fancy,5,480,6703,0.17039427890807532,0.41278841905760305,0.017247049409317317,0.4734994623609281,0.3271483864593702,0.5889519747165546
natural_proteins,cgreGFP_to_amacGFP,aubin_linear,44,iterative_fancy,6,576,6703,0.20407000471265174,0.4517410814976337,-0.17697847922820453,0.4795220402066289,0.3319438851652654,0.5922424572011735
natural_proteins,cgreGFP_to_amacGFP,aubin_linear,44,iterative_fancy,7,672,6703,0.1453481678696394,0.38124554799976274,0.16170107498797925,0.4790662251040558,0.3309871323719711,0.5873883378298826
natural_proteins,cgreGFP_to_amacGFP,aubin_linear,44,iterative_fancy,8,768,6703,0.12624553778421121,0.3553104808251668,0.2718759364962384,0.5031988321844878,0.34973729371619106,0.6106741524672972
natural_proteins,cgreGFP_to_amacGFP,aubin_linear,44,iterative_fancy,9,864,6703,0.13502246077350102,0.367454025387532,0.2212548298481386,0.5050717239673087,0.3510373255423473,0.6102996490979629
natural_proteins,cgreGFP_to_amacGFP,aubin_linear,44,iterative_fancy,10,960,6703,0.1280943995687327,0.35790277949288507,0.2612125833272446,0.5245685998327284,0.3654244824692232,0.6333491171471441
natural_proteins,cgreGFP_to_amacGFP,aubin_linear,44,iterative_random,1,96,6703,0.16349995467476067,0.4043512763362577,0.05701022412408596,0.4214957170841316,0.2902451376045831,0.5419620014019313
natural_proteins,cgreGFP_to_amacGFP,aubin_linear,44,iterative_random,2,192,6703,0.14288225153969078,0.3779976872147378,0.17592330454108596,0.46276773157483503,0.32054093195567723,0.5743038483913744
natural_proteins,cgreGFP_to_amacGFP,aubin_linear,44,iterative_random,3,288,6703,0.1921390010689228,0.4383366298507607,-0.10816613934496022,0.46319725998770395,0.32046643608108866,0.5786312402896123
natural_proteins,cgreGFP_to_amacGFP,aubin_linear,44,iterative_random,4,384,6703,0.14765819040241487,0.384263178567001,0.14837796652116975,0.4828094396824296,0.3353112091214834,0.5921984556151685
natural_proteins,cgreGFP_to_amacGFP,aubin_linear,44,iterative_random,5,480,6703,0.1371021851446471,0.37027312236327264,0.20925997136312002,0.5031798150604726,0.35096209673170914,0.6086146542947132
natural_proteins,cgreGFP_to_amacGFP,aubin_linear,44,iterative_random,6,576,6703,0.13884274092154078,0.37261607711093303,0.19922127560190417,0.5126701257226473,0.3576778776066826,0.61836224323108
natural_proteins,cgreGFP_to_amacGFP,aubin_linear,44,iterative_random,7,672,6703,0.15736067143204602,0.39668712032538445,0.09241868243590923,0.5251145485900245,0.3667161745023789,0.6276498188531034
natural_proteins,cgreGFP_to_amacGFP,aubin_linear,44,iterative_random,8,768,6703,0.2223129502936755,0.47150074262261293,-0.2821950904437043,0.5379701154494324,0.37666836953166605,0.6389742972298769
natural_proteins,cgreGFP_to_amacGFP,aubin_linear,44,iterative_random,9,864,6703,0.12613560383825603,0.35515574588939997,0.2725099830760289,0.5355115716372515,0.37521785690909804,0.6368337494400838
natural_proteins,cgreGFP_to_amacGFP,aubin_linear,44,iterative_random,10,960,6703,0.11569987625171171,0.3401468451297347,0.3326982836631033,0.5447637257027311,0.38248336650704756,0.6490751375382178
natural_proteins,cgreGFP_to_amacGFP,aubin_linear,45,source_only,0,0,6703,7.413758712995553,2.7228218290948734,-41.7590251084332,0.3935548499627372,0.27004221986976806,0.5083690310501512
natural_proteins,cgreGFP_to_amacGFP,aubin_linear,45,oneshot_fancy,1,960,6703,0.15056924492054166,0.3880325307503762,0.13158839215662899,0.5401443757009475,0.3795947861758263,0.6403038439913774
natural_proteins,cgreGFP_to_amacGFP,aubin_linear,45,oneshot_random,1,960,6703,0.1367361938681587,0.36977857410639503,0.21137083452803562,0.5574340514036352,0.39273611781356754,0.648979413925604
natural_proteins,cgreGFP_to_amacGFP,aubin_linear,45,iterative_fancy,1,96,6703,0.37336198768671464,0.6110335405578933,-1.1533739124860474,0.42779540423484874,0.29751785471860465,0.532145268207253
natural_proteins,cgreGFP_to_amacGFP,aubin_linear,45,iterative_fancy,2,192,6703,0.18729976737942597,0.4327814314170907,-0.0802557469454801,0.43456386384997897,0.3006659897819899,0.5379398470954262
natural_proteins,cgreGFP_to_amacGFP,aubin_linear,45,iterative_fancy,3,288,6703,0.23645878041747959,0.48627027507084947,-0.3637814933547012,0.4388218608299676,0.30300477880415655,0.5512520663269889
natural_proteins,cgreGFP_to_amacGFP,aubin_linear,45,iterative_fancy,4,384,6703,0.14557701501951326,0.38154556086988256,0.16038119375009963,0.4671340905777906,0.322940094607597,0.5782824706069014
natural_proteins,cgreGFP_to_amacGFP,aubin_linear,45,iterative_fancy,5,480,6703,0.21265189410980675,0.46114194572800116,-0.22647472511593714,0.4630484894505338,0.31951306833875387,0.5748316190496882
natural_proteins,cgreGFP_to_amacGFP,aubin_linear,45,iterative_fancy,6,576,6703,0.14044504047286013,0.3747599771491883,0.18997997582423543,0.4748141836460043,0.3283555611302129,0.5922523575508513
natural_proteins,cgreGFP_to_amacGFP,aubin_linear,45,iterative_fancy,7,672,6703,0.145391693696571,0.381302627445145,0.1614500387729252,0.4738030501528647,0.3273635387571124,0.5872854592756842
natural_proteins,cgreGFP_to_amacGFP,aubin_linear,45,iterative_fancy,8,768,6703,0.13865620133929235,0.3723656822792513,0.20029714696349776,0.48185144838933275,0.3337874673642916,0.5959135553515441
natural_proteins,cgreGFP_to_amacGFP,aubin_linear,45,iterative_fancy,9,864,6703,0.1324479899050729,0.3639340460922458,0.23610315021646755,0.5003515147777226,0.3472856337978807,0.6182220817719317
natural_proteins,cgreGFP_to_amacGFP,aubin_linear,45,iterative_fancy,10,960,6703,0.16465884034836595,0.4057817644354733,0.05032632415730787,0.5070216579397194,0.3515334918996849,0.6294904921643295
natural_proteins,cgreGFP_to_amacGFP,aubin_linear,45,iterative_random,1,96,6703,0.23311272013418866,0.4828174811812313,-0.34448301316316554,0.42800780823867285,0.29453619405755577,0.5473376562705423
natural_proteins,cgreGFP_to_amacGFP,aubin_linear,45,iterative_random,2,192,6703,0.14742372880103516,0.3839579779103895,0.14973022923816193,0.4469334924639934,0.3076709920293696,0.56779366418145
natural_proteins,cgreGFP_to_amacGFP,aubin_linear,45,iterative_random,3,288,6703,0.1374656477774202,0.3707636009338298,0.20716369220940534,0.47019167358593084,0.324656380359888,0.5893733587757001
natural_proteins,cgreGFP_to_amacGFP,aubin_linear,45,iterative_random,4,384,6703,0.14588406515948235,0.381947725689632,0.15861027495536295,0.4886432295699032,0.3378884728497667,0.599513042657289
natural_proteins,cgreGFP_to_amacGFP,aubin_linear,45,iterative_random,5,480,6703,0.14547492546231203,0.3814117531779953,0.16096999763604536,0.4837564153001588,0.33504435496144713,0.5956701434500393
natural_proteins,cgreGFP_to_amacGFP,aubin_linear,45,iterative_random,6,576,6703,0.13103542968562537,0.36198816235565684,0.24425012400247115,0.4936684428944473,0.3417926964632759,0.6136612647563828
natural_proteins,cgreGFP_to_amacGFP,aubin_linear,45,iterative_random,7,672,6703,0.13809505842043973,0.37161143472778085,0.20353355174621346,0.4934503807642449,0.34172949712094924,0.61317983315719
natural_proteins,cgreGFP_to_amacGFP,aubin_linear,45,iterative_random,8,768,6703,0.15110327385657565,0.38872004560682955,0.12850836789788422,0.5058163433992123,0.35181295194592926,0.6215720480536487
natural_proteins,cgreGFP_to_amacGFP,aubin_linear,45,iterative_random,9,864,6703,0.13226571457272582,0.3636835362959476,0.23715442741797876,0.5233704696387855,0.3650281587396474,0.6384364613100884
natural_proteins,cgreGFP_to_amacGFP,aubin_linear,45,iterative_random,10,960,6703,0.12348105969549576,0.351398718972474,0.28782012790887423,0.5296742787455502,0.3697596765730805,0.6438953835111538
natural_proteins,cgreGFP_to_amacGFP,aubin_linear,46,source_only,0,0,6703,5.810591605856172,2.410516875248164,-32.51272168247651,0.39491199842186614,0.2713037651860793,0.5045892775634783
natural_proteins,cgreGFP_to_amacGFP,aubin_linear,46,oneshot_fancy,1,960,6703,0.17150502787223915,0.4141316552405034,0.010840779029274494,0.5008118683187749,0.34802321917532525,0.598978300444173
natural_proteins,cgreGFP_to_amacGFP,aubin_linear,46,oneshot_random,1,960,6703,0.1294567004151916,0.3598009177520141,0.25335548163915367,0.5394586972813311,0.3772495416641653,0.6464246487448553
natural_proteins,cgreGFP_to_amacGFP,aubin_linear,46,iterative_fancy,1,96,6703,0.1966811226690305,0.4434874549173071,-0.13436293088662743,0.4151058588522137,0.28705159123361024,0.5389034960531386
natural_proteins,cgreGFP_to_amacGFP,aubin_linear,46,iterative_fancy,2,192,6703,0.17404047837606487,0.41718158921034,-0.003782490482348022,0.4401936878973426,0.3041411855067178,0.5623945537756158
natural_proteins,cgreGFP_to_amacGFP,aubin_linear,46,iterative_fancy,3,288,6703,0.15502445766242895,0.3937314537377335,0.10589284946789246,0.4437067261139415,0.30561568647928905,0.5678475784764635
natural_proteins,cgreGFP_to_amacGFP,aubin_linear,46,iterative_fancy,4,384,6703,0.14577297393470814,0.3818022707301623,0.15925099616754923,0.45125540520323776,0.312403113479023,0.5674610036059122
natural_proteins,cgreGFP_to_amacGFP,aubin_linear,46,iterative_fancy,5,480,6703,0.1379347955791264,0.3713957398505352,0.2044578713957933,0.4787722095753157,0.33181615093877564,0.5929269140682664
natural_proteins,cgreGFP_to_amacGFP,aubin_linear,46,iterative_fancy,6,576,6703,0.14526990026057954,0.38114288693425663,0.16215248523621162,0.47801188976787906,0.3305709680244622,0.5896397275943006
natural_proteins,cgreGFP_to_amacGFP,aubin_linear,46,iterative_fancy,7,672,6703,0.13009362245926628,0.3606849351709415,0.2496820189963831,0.49258646497954506,0.34136156892764924,0.6066080479627378
natural_proteins,cgreGFP_to_amacGFP,aubin_linear,46,iterative_fancy,8,768,6703,0.15913019558842187,0.3989112627996631,0.08221291087501048,0.5030188224420823,0.3489607133379246,0.6118258013436508
natural_proteins,cgreGFP_to_amacGFP,aubin_linear,46,iterative_fancy,9,864,6703,0.12999068841880476,0.3605422144753715,0.2502756934590942,0.5083270867008343,0.353579921074792,0.6181371447404067
natural_proteins,cgreGFP_to_amacGFP,aubin_linear,46,iterative_fancy,10,960,6703,0.1349335335844499,0.3673330009466205,0.22176771947088747,0.5211774245338648,0.36365979793348724,0.6268745878802012
natural_proteins,cgreGFP_to_amacGFP,aubin_linear,46,iterative_random,1,96,6703,0.23228769461237295,0.48196233733806726,-0.33972465935532203,0.41718476351284217,0.2870052775369465,0.5374159010969006
natural_proteins,cgreGFP_to_amacGFP,aubin_linear,46,iterative_random,2,192,6703,0.152812760084821,0.39091272694147605,0.11864886647818818,0.4523238997569276,0.31317588043927014,0.5698983562857614
natural_proteins,cgreGFP_to_amacGFP,aubin_linear,46,iterative_random,3,288,6703,0.14867400751596146,0.38558268570562326,0.1425192177885497,0.45349763389541065,0.31356960961863,0.5736518970020152
natural_proteins,cgreGFP_to_amacGFP,aubin_linear,46,iterative_random,4,384,6703,0.1543039505729837,0.39281541539632037,0.1100483907959896,0.465996353905417,0.32299250226805887,0.5837024155385262
natural_proteins,cgreGFP_to_amacGFP,aubin_linear,46,iterative_random,5,480,6703,0.17599173919479097,0.4195136936916255,-0.015036432453073179,0.5002899944872958,0.3490605398512118,0.6029945035248274
natural_proteins,cgreGFP_to_amacGFP,aubin_linear,46,iterative_random,6,576,6703,0.12462704725593828,0.3530255617599642,0.28121061810853243,0.5006086498570141,0.34834742609843217,0.6154388768663255
natural_proteins,cgreGFP_to_amacGFP,aubin_linear,46,iterative_random,7,672,6703,0.2966156175690644,0.5446242902855732,-0.7107374450907158,0.5031439380785813,0.35135767185485783,0.6107624518871264
natural_proteins,cgreGFP_to_amacGFP,aubin_linear,46,iterative_random,8,768,6703,0.13339674945343655,0.36523519744602456,0.2306311575443517,0.5161588400239406,0.3610087528377921,0.6244894177228568
natural_proteins,cgreGFP_to_amacGFP,aubin_linear,46,iterative_random,9,864,6703,0.15382682375979317,0.3922076283804194,0.11280023074316237,0.5128316671740323,0.3581019374907684,0.6265143616311519
natural_proteins,cgreGFP_to_amacGFP,aubin_linear,46,iterative_random,10,960,6703,0.12158830455201859,0.34869514558137826,0.2987366370423844,0.5262748392295494,0.3684185497624912,0.6358031397881987
natural_proteins,cgreGFP_to_amacGFP,mlp_small,42,source_only,0,0,6703,6.744593569529459,2.597035534899255,-37.8995996430482,0.09184739032892392,0.06179030464314833,0.08576216478650675
natural_proteins,cgreGFP_to_amacGFP,mlp_small,42,oneshot_fancy,1,960,6703,0.11227536684481658,0.33507516596252934,0.3524492209922101,0.5204555521498963,0.36786203426024877,0.6468849345646381
natural_proteins,cgreGFP_to_amacGFP,mlp_small,42,oneshot_random,1,960,6703,0.14210545569863442,0.376968772842837,0.18040349254796473,0.624087475996949,0.4477574781005509,0.7322322568081243
natural_proteins,cgreGFP_to_amacGFP,mlp_small,42,iterative_fancy,1,96,6703,0.2679359058891011,0.5176252562318623,-0.5453265436438464,0.40189287267689233,0.2783599495603962,0.4752675066306151
natural_proteins,cgreGFP_to_amacGFP,mlp_small,42,iterative_fancy,2,192,6703,0.21066740330212633,0.45898518854329745,-0.2150291284141832,0.2980413912031789,0.20165235403862306,0.32786137295653695
natural_proteins,cgreGFP_to_amacGFP,mlp_small,42,iterative_fancy,3,288,6703,0.16278575941549944,0.40346717266154314,0.061129361825390416,0.3241942828297497,0.21896690314220718,0.369690686770772
natural_proteins,cgreGFP_to_amacGFP,mlp_small,42,iterative_fancy,4,384,6703,0.22976658723054683,0.4793397409255223,-0.32518411413207415,0.39675473060235467,0.2709852492145605,0.46165688354339585
natural_proteins,cgreGFP_to_amacGFP,mlp_small,42,iterative_fancy,5,480,6703,0.15279595054356954,0.3908912259741443,0.11874581589672961,0.3530724383192318,0.24052458362115914,0.40569574506680783
natural_proteins,cgreGFP_to_amacGFP,mlp_small,42,iterative_fancy,6,576,6703,0.16464867866150695,0.4057692431191735,0.050384931921650944,0.507929736505301,0.3543059069857522,0.6087488593858202
natural_proteins,cgreGFP_to_amacGFP,mlp_small,42,iterative_fancy,7,672,6703,0.11426409010425692,0.3380297177827076,0.34097921352689087,0.4992376308728873,0.3478085295322297,0.6124721133295958
natural_proteins,cgreGFP_to_amacGFP,mlp_small,42,iterative_fancy,8,768,6703,0.14092586657888231,0.37540094110015537,0.18720680011996627,0.47559801576311367,0.3289016861486118,0.5809426902302947
natural_proteins,cgreGFP_to_amacGFP,mlp_small,42,iterative_fancy,9,864,6703,0.10331599077545026,0.3214280491423396,0.40412263000596793,0.5511362200250366,0.3887076836834893,0.6581516525651298
natural_proteins,cgreGFP_to_amacGFP,mlp_small,42,iterative_fancy,10,960,6703,0.10641700562388609,0.32621619460702145,0.38623745503615614,0.513162043366179,0.35674926828089165,0.6237217827329553
natural_proteins,cgreGFP_to_amacGFP,mlp_small,42,iterative_random,1,96,6703,0.16772367210218858,0.4095408063944161,0.03264983602381766,0.3932031036985204,0.2689114699339112,0.43213642185050405
natural_proteins,cgreGFP_to_amacGFP,mlp_small,42,iterative_random,2,192,6703,0.16480794181482428,0.40596544411418106,0.049466377995744715,0.21196165358980631,0.14097182632911429,0.23864691826363627
natural_proteins,cgreGFP_to_amacGFP,mlp_small,42,iterative_random,3,288,6703,0.12743266781202667,0.35697712505429063,0.2650291365623051,0.44879375137691124,0.30864509777356525,0.5251757653783611
natural_proteins,cgreGFP_to_amacGFP,mlp_small,42,iterative_random,4,384,6703,0.14586582531212158,0.3819238475300038,0.15871547369752137,0.3676883708827592,0.24787245999458346,0.45015173011303666
natural_proteins,cgreGFP_to_amacGFP,mlp_small,42,iterative_random,5,480,6703,0.13310363887990864,0.36483371401216286,0.23232167956674465,0.4244184167948604,0.2885835630142794,0.5121902418174643
natural_proteins,cgreGFP_to_amacGFP,mlp_small,42,iterative_random,6,576,6703,0.11722116312267873,0.3423757630479686,0.32392422639593266,0.5415800883424385,0.3787662105959669,0.644133110949249
natural_proteins,cgreGFP_to_amacGFP,mlp_small,42,iterative_random,7,672,6703,0.08775604355727346,0.2962364656102848,0.4938649860151628,0.6048379007012401,0.43074437444488706,0.7113734147733284
natural_proteins,cgreGFP_to_amacGFP,mlp_small,42,iterative_random,8,768,6703,0.11044903126958466,0.3323387297165118,0.3629826537273325,0.5623345948172068,0.39366670730169717,0.6685466665857159
natural_proteins,cgreGFP_to_amacGFP,mlp_small,42,iterative_random,9,864,6703,0.1115137589774906,0.3339367589491918,0.35684181200878684,0.6500125079477261,0.46997598300354815,0.7602820108603939
natural_proteins,cgreGFP_to_amacGFP,mlp_small,42,iterative_random,10,960,6703,0.0852057967369637,0.29190031986444226,0.5085735936248467,0.622118768932334,0.4455837933780487,0.716411126454709
natural_proteins,cgreGFP_to_amacGFP,mlp_small,43,source_only,0,0,6703,9.045487941331526,3.0075717682761165,-51.17006123000006,0.22107293132844344,0.14979936431800656,0.2335592339710704
natural_proteins,cgreGFP_to_amacGFP,mlp_small,43,oneshot_fancy,1,960,6703,0.1323349039308303,0.36377864688685385,0.2367553761924187,0.44187882406759926,0.3047951396755211,0.5552663989093265
natural_proteins,cgreGFP_to_amacGFP,mlp_small,43,oneshot_random,1,960,6703,0.11244911694525443,0.33533433606664026,0.35144711326321265,0.6456118307634177,0.46408201971390206,0.7648914734028068
natural_proteins,cgreGFP_to_amacGFP,mlp_small,43,iterative_fancy,1,96,6703,0.28028154512069303,0.5294162305036492,-0.616530303884649,0.18801095583284227,0.1262060895201987,0.20620885991170249
natural_proteins,cgreGFP_to_amacGFP,mlp_small,43,iterative_fancy,2,192,6703,0.12260382620893004,0.35014829174069956,0.2928795923627513,0.4736671022162267,0.33016206207019994,0.5675543389324725
natural_proteins,cgreGFP_to_amacGFP,mlp_small,43,iterative_fancy,3,288,6703,0.36378772945973875,0.6031481820081519,-1.0981541563852355,0.3193583961585681,0.2157146986502176,0.4052149757062914
natural_proteins,cgreGFP_to_amacGFP,mlp_small,43,iterative_fancy,4,384,6703,0.13602439838171412,0.3688148565089456,0.21547613148403222,0.37146071680753395,0.2522838802371106,0.4864476047323969
natural_proteins,cgreGFP_to_amacGFP,mlp_small,43,iterative_fancy,5,480,6703,0.15521540958316932,0.393973869162879,0.10479152984183981,0.46841856891338857,0.3266231173594774,0.5694580729389669
natural_proteins,cgreGFP_to_amacGFP,mlp_small,43,iterative_fancy,6,576,6703,0.12067618691722595,0.3473847822188329,0.3039972966292115,0.43633202320964204,0.30073759817081663,0.5661426907370671
natural_proteins,cgreGFP_to_amacGFP,mlp_small,43,iterative_fancy,7,672,6703,0.11606773506534623,0.34068715130651206,0.330576649434438,0.5211151077660364,0.3659885522458797,0.6495062715167111
natural_proteins,cgreGFP_to_amacGFP,mlp_small,43,iterative_fancy,8,768,6703,0.09397557036664961,0.30655435140713566,0.45799372107386904,0.5520835488007956,0.39193104111271415,0.6948692016552722
natural_proteins,cgreGFP_to_amacGFP,mlp_small,43,iterative_fancy,9,864,6703,0.23743304946049879,0.4872710225947145,-0.3694006126281413,0.5185833436828424,0.36421039879081274,0.6165887288335616
natural_proteins,cgreGFP_to_amacGFP,mlp_small,43,iterative_fancy,10,960,6703,0.15594437769929095,0.3948979332679407,0.10058718934639643,0.5120097007518309,0.3580448626619938,0.6236109908901101
natural_proteins,cgreGFP_to_amacGFP,mlp_small,43,iterative_random,1,96,6703,0.1706453890231961,0.4130924703056158,0.01579876600368002,0.2020205548996185,0.13582828299488775,0.23061347055433468
natural_proteins,cgreGFP_to_amacGFP,mlp_small,43,iterative_random,2,192,6703,0.13235817238838238,0.36381062709654644,0.23662117482449996,0.4422670800984743,0.30503532724857807,0.5242230127137222
natural_proteins,cgreGFP_to_amacGFP,mlp_small,43,iterative_random,3,288,6703,0.11762750110989355,0.3429686590781927,0.3215806626423169,0.49827106563990425,0.3469554478860729,0.5981817354588634
natural_proteins,cgreGFP_to_amacGFP,mlp_small,43,iterative_random,4,384,6703,0.12492463276657109,0.35344678915866684,0.27949428678273003,0.47895288331307184,0.33249191795975674,0.5684472772657931
natural_proteins,cgreGFP_to_amacGFP,mlp_small,43,iterative_random,5,480,6703,0.12575359900948943,0.3546175390607315,0.2747132047746449,0.5142009240074255,0.35723802132156807,0.6255056888038873
natural_proteins,cgreGFP_to_amacGFP,mlp_small,43,iterative_random,6,576,6703,0.09719376101748203,0.31175913942895406,0.4394327319494916,0.5687803385920193,0.4008780823813383,0.6789262925314333
natural_proteins,cgreGFP_to_amacGFP,mlp_small,43,iterative_random,7,672,6703,0.0978232036723027,0.31276701180319944,0.43580240685749516,0.5501306215692506,0.3860101310554208,0.6605571407546618
natural_proteins,cgreGFP_to_amacGFP,mlp_small,43,iterative_random,8,768,6703,0.09421965981653918,0.30695221096538655,0.45658592951757837,0.5624526358757951,0.3958604714587131,0.6943079074388369
natural_proteins,cgreGFP_to_amacGFP,mlp_small,43,iterative_random,9,864,6703,0.08259192519703089,0.28738810900423645,0.5236491582787504,0.5854394585554982,0.4144554972677256,0.7270090967589926
natural_proteins,cgreGFP_to_amacGFP,mlp_small,43,iterative_random,10,960,6703,0.06723167157138399,0.25929070860982273,0.6122397768673555,0.650295703056054,0.47175092081405073,0.7898837544673376
natural_proteins,cgreGFP_to_amacGFP,mlp_small,44,source_only,0,0,6703,7.751453002216228,2.7841431360862585,-43.70668474381497,0.16412867970724287,0.11057906988785653,0.15864522166116718
natural_proteins,cgreGFP_to_amacGFP,mlp_small,44,oneshot_fancy,1,960,6703,0.10695331952632062,0.32703718370595203,0.38314425218076753,0.5349958091654529,0.37758406788375526,0.6432564900842154
natural_proteins,cgreGFP_to_amacGFP,mlp_small,44,oneshot_random,1,960,6703,0.06461678374639374,0.2541983157819771,0.6273212029688691,0.6671459724786563,0.4861240884551147,0.7954742815827136
natural_proteins,cgreGFP_to_amacGFP,mlp_small,44,iterative_fancy,1,96,6703,0.23799158476982887,0.48784381185972714,-0.37262197796253327,0.1946232190745027,0.1306535715138532,0.2020418279480477
natural_proteins,cgreGFP_to_amacGFP,mlp_small,44,iterative_fancy,2,192,6703,0.2721249568172387,0.5216559755406226,-0.569486991906448,0.2441381188519348,0.1648576961934465,0.2636033953281236
natural_proteins,cgreGFP_to_amacGFP,mlp_small,44,iterative_fancy,3,288,6703,0.15065129396961147,0.3881382407978006,0.1311151723655466,0.4246859954735797,0.292407741036523,0.4991964698788264
natural_proteins,cgreGFP_to_amacGFP,mlp_small,44,iterative_fancy,4,384,6703,0.1108492881868622,0.3329403673135209,0.36067416268544106,0.47392219600422314,0.32765290339800435,0.6012178506979521
natural_proteins,cgreGFP_to_amacGFP,mlp_small,44,iterative_fancy,5,480,6703,0.1377175083482931,0.3711030966568362,0.20571108053283416,0.4002935576799327,0.27314818108261096,0.4796519099011526
natural_proteins,cgreGFP_to_amacGFP,mlp_small,44,iterative_fancy,6,576,6703,0.17487826964590722,0.4181844923546391,-0.008614471037639237,0.5458147303791968,0.38276039129290296,0.6593239712416967
natural_proteins,cgreGFP_to_amacGFP,mlp_small,44,iterative_fancy,7,672,6703,0.12354727484053786,0.35149292288826794,0.2874382305260459,0.43318256094579155,0.29842918274449487,0.5464703181160238
natural_proteins,cgreGFP_to_amacGFP,mlp_small,44,iterative_fancy,8,768,6703,0.09662473345100583,0.3108451920989061,0.442714611620015,0.5777281236431198,0.40900105730427255,0.6980008267392154
natural_proteins,cgreGFP_to_amacGFP,mlp_small,44,iterative_fancy,9,864,6703,0.09553376425356565,0.3090853672588944,0.4490068017373037,0.575792897721129,0.40641089886852744,0.6948721648183535
natural_proteins,cgreGFP_to_amacGFP,mlp_small,44,iterative_fancy,10,960,6703,0.2058159982624721,0.453669481299406,-0.1870485374707349,0.5358450587470859,0.3749488439330141,0.6488044835935707
natural_proteins,cgreGFP_to_amacGFP,mlp_small,44,iterative_random,1,96,6703,0.22198647018448034,0.4711544016397176,-0.28031210885138313,0.19291229007543176,0.12731479772397414,0.23219741202070424
natural_proteins,cgreGFP_to_amacGFP,mlp_small,44,iterative_random,2,192,6703,0.11446893329306443,0.33833257793636196,0.33979777569048564,0.5116211374794001,0.3548288717645207,0.5847965449965344
natural_proteins,cgreGFP_to_amacGFP,mlp_small,44,iterative_random,3,288,6703,0.12691895757969196,0.3562568702210414,0.2679919722268048,0.4425454493561885,0.3022848003306721,0.5218744396449471
natural_proteins,cgreGFP_to_amacGFP,mlp_small,44,iterative_random,4,384,6703,0.11733537695699577,0.3425425184659501,0.32326549546087635,0.4929815787409391,0.3400543158653528,0.5821119768819818
natural_proteins,cgreGFP_to_amacGFP,mlp_small,44,iterative_random,5,480,6703,0.11068424604581095,0.33269241957972373,0.36162604705696644,0.5672836273054451,0.39944915649596213,0.6567390651004015
natural_proteins,cgreGFP_to_amacGFP,mlp_small,44,iterative_random,6,576,6703,0.09050681040983483,0.3008434982010328,0.47799987447465075,0.6104597701747271,0.43576155436245584,0.6968988312672308
natural_proteins,cgreGFP_to_amacGFP,mlp_small,44,iterative_random,7,672,6703,0.10692700150349427,0.32699694418066705,0.3832960419870455,0.6278788418612441,0.4501726236463861,0.7132947847088866
natural_proteins,cgreGFP_to_amacGFP,mlp_small,44,iterative_random,8,768,6703,0.09774477200494602,0.31264160312560135,0.4362547633157544,0.5988532427429032,0.4260241880429824,0.6831998202469272
natural_proteins,cgreGFP_to_amacGFP,mlp_small,44,iterative_random,9,864,6703,0.10483935476551588,0.3237890590577697,0.395336592906282,0.5748433764269593,0.40579918257505904,0.6968580788134584
natural_proteins,cgreGFP_to_amacGFP,mlp_small,44,iterative_random,10,960,6703,0.1299748215386856,0.36052020961200715,0.25036720605771956,0.6417087227807318,0.462127813559562,0.754853874131004
natural_proteins,cgreGFP_to_amacGFP,mlp_small,45,source_only,0,0,6703,6.525251963300544,2.554457273727737,-36.634541848325775,-0.11729295591988048,-0.07667995083595232,-0.16936429944432174
natural_proteins,cgreGFP_to_amacGFP,mlp_small,45,oneshot_fancy,1,960,6703,0.1274226543762812,0.356963099460268,0.26508688928491686,0.378821954935974,0.25813701951040985,0.5372000340731347
natural_proteins,cgreGFP_to_amacGFP,mlp_small,45,oneshot_random,1,960,6703,0.07882580232715534,0.2807593316831256,0.5453703591686814,0.6302386662245032,0.45205546125943386,0.7468787409924711
natural_proteins,cgreGFP_to_amacGFP,mlp_small,45,iterative_fancy,1,96,6703,0.135618667919942,0.3682643994739948,0.21781619132058438,0.4189041278127047,0.2890036839032637,0.48947629044578767
natural_proteins,cgreGFP_to_amacGFP,mlp_small,45,iterative_fancy,2,192,6703,0.14522403765449665,0.3810827176014371,0.1624169988791493,0.4239236876051156,0.29332526539340037,0.5063242488410618
natural_proteins,cgreGFP_to_amacGFP,mlp_small,45,iterative_fancy,3,288,6703,0.12717959928175734,0.3566224884689093,0.26648871517267614,0.44780343026419356,0.31131541204273855,0.5183998622449806
natural_proteins,cgreGFP_to_amacGFP,mlp_small,45,iterative_fancy,4,384,6703,0.15690897039045903,0.39611736946321735,0.09502387865639939,0.400411996772612,0.27476670393612407,0.4946396716095518
natural_proteins,cgreGFP_to_amacGFP,mlp_small,45,iterative_fancy,5,480,6703,0.5137384963994495,0.7167555346137549,-1.9629986781478297,0.4544564252124983,0.3138094804259967,0.5832833493797744
natural_proteins,cgreGFP_to_amacGFP,mlp_small,45,iterative_fancy,6,576,6703,0.14723171530482398,0.3837078515027077,0.15083767152533256,0.3799385364285698,0.2591089876040253,0.48776529079304465
natural_proteins,cgreGFP_to_amacGFP,mlp_small,45,iterative_fancy,7,672,6703,0.11881508074837989,0.34469563494245165,0.31473126956842457,0.5382122046448694,0.37574430164264944,0.6627817384350245
natural_proteins,cgreGFP_to_amacGFP,mlp_small,45,iterative_fancy,8,768,6703,0.16536377561143575,0.4066494505239565,0.046260593698534525,0.5423467668322672,0.3797082720971512,0.6722166910860647
natural_proteins,cgreGFP_to_amacGFP,mlp_small,45,iterative_fancy,9,864,6703,0.11195626493827451,0.3345986624872767,0.3542896486298217,0.5328792254322995,0.3715333170326312,0.6619132803808527
natural_proteins,cgreGFP_to_amacGFP,mlp_small,45,iterative_fancy,10,960,6703,0.08926506059500339,0.29877259009990087,0.48516169529540365,0.5584432278571857,0.39187359316361203,0.6979785374960088
natural_proteins,cgreGFP_to_amacGFP,mlp_small,45,iterative_random,1,96,6703,0.5373132723934408,0.7330165566980331,-2.098966744775866,0.3518404713445256,0.23823558017621527,0.4261814154735221
natural_proteins,cgreGFP_to_amacGFP,mlp_small,45,iterative_random,2,192,6703,0.13951337194832394,0.3735148885229663,0.19535339562053244,0.4580848606847506,0.31459416815129804,0.565740840538744
natural_proteins,cgreGFP_to_amacGFP,mlp_small,45,iterative_random,3,288,6703,0.118421978041968,0.3441249453933382,0.3169984985334291,0.4759684167439567,0.32977718991768534,0.5715033136354382
natural_proteins,cgreGFP_to_amacGFP,mlp_small,45,iterative_random,4,384,6703,0.12212884498602436,0.34946937632076486,0.2956190575682559,0.5328081488317731,0.372685750939347,0.6354311289257795
natural_proteins,cgreGFP_to_amacGFP,mlp_small,45,iterative_random,5,480,6703,0.12738650758310743,0.356912464874943,0.26529536675184573,0.5223353726862425,0.36508494980967154,0.6355487607152293
natural_proteins,cgreGFP_to_amacGFP,mlp_small,45,iterative_random,6,576,6703,0.20928719643695948,0.4574791759599113,-0.20706875334842167,0.5587665311102157,0.39460479558223627,0.6778029017221452
natural_proteins,cgreGFP_to_amacGFP,mlp_small,45,iterative_random,7,672,6703,0.15233987039092237,0.39030740499114586,0.12137626874169682,0.5608323914638349,0.39556627109168624,0.6853067750144226
natural_proteins,cgreGFP_to_amacGFP,mlp_small,45,iterative_random,8,768,6703,0.08919503087917997,0.2986553714219451,0.4855655933035733,0.5888305516729386,0.41885490645796813,0.7225142638420892
natural_proteins,cgreGFP_to_amacGFP,mlp_small,45,iterative_random,9,864,6703,0.09230894192584528,0.30382386661657323,0.46760603921174737,0.5981742166582583,0.42541797830278366,0.7164585181128009
natural_proteins,cgreGFP_to_amacGFP,mlp_small,45,iterative_random,10,960,6703,0.08668493904138566,0.29442306132737917,0.5000426061214551,0.5953939531646434,0.4230338817221935,0.7183810973441084
natural_proteins,cgreGFP_to_amacGFP,mlp_small,46,source_only,0,0,6703,8.095631784156382,2.845282373360574,-45.69174384116218,0.2131099224344691,0.14440232400144434,0.23025938245812783
natural_proteins,cgreGFP_to_amacGFP,mlp_small,46,oneshot_fancy,1,960,6703,0.118300883396108,0.34394895463732406,0.3176969147084455,0.47934681922996775,0.33345327260371804,0.5891075042900656
natural_proteins,cgreGFP_to_amacGFP,mlp_small,46,oneshot_random,1,960,6703,0.13245269849689414,0.3639405150527956,0.23607599330406948,0.64466606458511,0.46487947502754473,0.7653274577292954
natural_proteins,cgreGFP_to_amacGFP,mlp_small,46,iterative_fancy,1,96,6703,0.16140374173826422,0.40175084534853717,0.06910018079170166,0.3039446726126888,0.2066346912772844,0.3379052324111985
natural_proteins,cgreGFP_to_amacGFP,mlp_small,46,iterative_fancy,2,192,6703,0.2917288291862145,0.5401192731112402,-0.6825527798957718,0.2596955175694141,0.17541283616114794,0.31098295494193673
natural_proteins,cgreGFP_to_amacGFP,mlp_small,46,iterative_fancy,3,288,6703,0.23537444640322547,0.4851540439934779,-0.3575275718101345,0.2811852387531384,0.1906123255419754,0.3765381474770968
natural_proteins,cgreGFP_to_amacGFP,mlp_small,46,iterative_fancy,4,384,6703,0.12859094774561697,0.3585957999553494,0.25834873021509475,0.44209812156574335,0.30762344492500937,0.5293321251820087
natural_proteins,cgreGFP_to_amacGFP,mlp_small,46,iterative_fancy,5,480,6703,0.14388738548301117,0.37932490754366655,0.1701261712402089,0.40836146092728265,0.28124722700402216,0.5081221004165121
natural_proteins,cgreGFP_to_amacGFP,mlp_small,46,iterative_fancy,6,576,6703,0.12561062546473814,0.35441589335798435,0.2755378080058164,0.43476877203707776,0.30095961318083836,0.5456932801147996
natural_proteins,cgreGFP_to_amacGFP,mlp_small,46,iterative_fancy,7,672,6703,0.1244235639217927,0.35273724487469804,0.2823842129516755,0.4580250732585982,0.31829086965594167,0.5494457478069399
natural_proteins,cgreGFP_to_amacGFP,mlp_small,46,iterative_fancy,8,768,6703,0.13012866428619557,0.36073350868223425,0.24947991444786466,0.4662199181489164,0.3225051807634951,0.5914460020575159
natural_proteins,cgreGFP_to_amacGFP,mlp_small,46,iterative_fancy,9,864,6703,0.10670670861186946,0.32665992807791633,0.3845665863423241,0.5359230835667709,0.3766436984789866,0.6582653878269296
natural_proteins,cgreGFP_to_amacGFP,mlp_small,46,iterative_fancy,10,960,6703,0.09245926532365331,0.30407115174520144,0.4667390455328202,0.5629677099719016,0.39774678265523133,0.6832008516149404
natural_proteins,cgreGFP_to_amacGFP,mlp_small,46,iterative_random,1,96,6703,0.1585278449357903,0.39815555369200906,0.08568698221682625,0.3640026185561672,0.24612935940788597,0.42702875053315825
natural_proteins,cgreGFP_to_amacGFP,mlp_small,46,iterative_random,2,192,6703,0.1395256634846394,0.3735313420379064,0.1952825039001136,0.3757507101516454,0.25698624289823346,0.4524381985726943
natural_proteins,cgreGFP_to_amacGFP,mlp_small,46,iterative_random,3,288,6703,0.24221711669144488,0.4921555817944615,-0.3969928312000621,0.4177462660963336,0.2875106205573328,0.498391223542619
natural_proteins,cgreGFP_to_amacGFP,mlp_small,46,iterative_random,4,384,6703,0.10908015614502695,0.3302728510565574,0.37087767271664396,0.5185804716331959,0.3644843430497396,0.6167738632366674
natural_proteins,cgreGFP_to_amacGFP,mlp_small,46,iterative_random,5,480,6703,0.10488308750461296,0.32385658477883844,0.39508436332052066,0.5254960203305333,0.36961606722668716,0.6319852060506705
natural_proteins,cgreGFP_to_amacGFP,mlp_small,46,iterative_random,6,576,6703,0.17053306626932654,0.41295649440265075,0.01644659008845062,0.532453048747513,0.37581542584091115,0.6522923564654484
natural_proteins,cgreGFP_to_amacGFP,mlp_small,46,iterative_random,7,672,6703,0.09300793449313156,0.3049720224760487,0.4635745833885614,0.5703561968328942,0.4057171709902368,0.6946973369962983
natural_proteins,cgreGFP_to_amacGFP,mlp_small,46,iterative_random,8,768,6703,0.09956124195437419,0.315533266002769,0.4257782308059811,0.5654786614901937,0.40087270286223825,0.6938275900419143
natural_proteins,cgreGFP_to_amacGFP,mlp_small,46,iterative_random,9,864,6703,0.07634512643483657,0.276306218596029,0.5596777148396463,0.6120849536970395,0.44095963379154807,0.7577355355115043
natural_proteins,cgreGFP_to_amacGFP,mlp_small,46,iterative_random,10,960,6703,0.1130397379479107,0.33621382771669384,0.3480406929493334,0.6252122315596876,0.4518499046143586,0.7647440590394223
natural_proteins,cgreGFP_to_amacGFP,CNN_Jannis_OHE,42,source_only,0,0,6703,0.8550898893179336,0.9247107057441984,-3.931750743819334,-0.10016823965029742,-0.06709975385528953,-0.1074953092833697
natural_proteins,cgreGFP_to_amacGFP,CNN_Jannis_OHE,42,oneshot_fancy,1,960,6703,0.07445027303686914,0.2728557733251564,0.5706063257045328,0.631380663719311,0.4541126316404845,0.7622367131885706
natural_proteins,cgreGFP_to_amacGFP,CNN_Jannis_OHE,42,oneshot_random,1,960,6703,0.07916416722952775,0.281361275284158,0.5434188317564129,0.658997462834743,0.47906474513350666,0.805053151681313
natural_proteins,cgreGFP_to_amacGFP,CNN_Jannis_OHE,42,iterative_fancy,1,96,6703,0.24229896953126273,0.49223873225424136,-0.3974649193497388,0.41546329802034065,0.28582931183178734,0.5257411027028417
natural_proteins,cgreGFP_to_amacGFP,CNN_Jannis_OHE,42,iterative_fancy,2,192,6703,0.12321782122747023,0.35102396104464184,0.2893383618708293,0.525280223130494,0.3678618161965247,0.6674664147034012
natural_proteins,cgreGFP_to_amacGFP,CNN_Jannis_OHE,42,iterative_fancy,3,288,6703,0.09430995666013936,0.3070992619010006,0.4560651403804913,0.536046264854348,0.3760128525470285,0.7104292593409796
natural_proteins,cgreGFP_to_amacGFP,CNN_Jannis_OHE,42,iterative_fancy,4,384,6703,0.10148502452166706,0.31856714287833743,0.41468277028689915,0.5696600183534477,0.40267832158771627,0.7523848903471189
natural_proteins,cgreGFP_to_amacGFP,CNN_Jannis_OHE,42,iterative_fancy,5,480,6703,0.06154125023949124,0.2480750899213608,0.6450594137111413,0.6063547043976654,0.4330532372573633,0.8033518012710517
natural_proteins,cgreGFP_to_amacGFP,CNN_Jannis_OHE,42,iterative_fancy,6,576,6703,0.099016187262644,0.31466837664856634,0.42892184636610287,0.5400008426558666,0.3802807785709612,0.7125933492687472
natural_proteins,cgreGFP_to_amacGFP,CNN_Jannis_OHE,42,iterative_fancy,7,672,6703,0.06365891086961137,0.25230717562053473,0.6328457569737398,0.6394211309570658,0.4622055949485547,0.8227552377778671
natural_proteins,cgreGFP_to_amacGFP,CNN_Jannis_OHE,42,iterative_fancy,8,768,6703,0.05853108982004769,0.2419319942050817,0.6624205836572012,0.6577566173802388,0.47855762434827626,0.833983507426056
natural_proteins,cgreGFP_to_amacGFP,CNN_Jannis_OHE,42,iterative_fancy,9,864,6703,0.05829044572037108,0.2414341436507502,0.6638085040763311,0.6855285790703669,0.5025380212572798,0.8460989510401178
natural_proteins,cgreGFP_to_amacGFP,CNN_Jannis_OHE,42,iterative_fancy,10,960,6703,0.04678843698816424,0.2163063498563189,0.7301466058701958,0.6795932493560365,0.4956921934096146,0.8590660259940804
natural_proteins,cgreGFP_to_amacGFP,CNN_Jannis_OHE,42,iterative_random,1,96,6703,0.19727374708275383,0.44415509350085564,-0.1377809059202424,0.4263489305394052,0.291723150008662,0.4953333123836523
natural_proteins,cgreGFP_to_amacGFP,CNN_Jannis_OHE,42,iterative_random,2,192,6703,0.15880363449518703,0.3985017371294472,0.08409635954465633,0.48920189040643697,0.3385560409196033,0.5847676677401036
natural_proteins,cgreGFP_to_amacGFP,CNN_Jannis_OHE,42,iterative_random,3,288,6703,0.16978797655980765,0.4120533661551713,0.020743912247250806,0.49248727438154966,0.3424171195004917,0.6044868436784281
natural_proteins,cgreGFP_to_amacGFP,CNN_Jannis_OHE,42,iterative_random,4,384,6703,0.11651551514055436,0.3413436906411987,0.32799406747836235,0.5645935406548992,0.39826223803891797,0.6709168524338055
natural_proteins,cgreGFP_to_amacGFP,CNN_Jannis_OHE,42,iterative_random,5,480,6703,0.11755912470992935,0.3428689614268538,0.3219750251129715,0.6034346388352606,0.4299098787873056,0.7072431092093211
natural_proteins,cgreGFP_to_amacGFP,CNN_Jannis_OHE,42,iterative_random,6,576,6703,0.125742668475617,0.354602127003797,0.27477624688194735,0.6286641061274801,0.44764773641344147,0.6885481100462981
natural_proteins,cgreGFP_to_amacGFP,CNN_Jannis_OHE,42,iterative_random,7,672,6703,0.13981920093251196,0.37392405770759385,0.1935895198700499,0.5179778365232107,0.3597173353753602,0.6227721815024521
natural_proteins,cgreGFP_to_amacGFP,CNN_Jannis_OHE,42,iterative_random,8,768,6703,0.12995388908851627,0.3604911775460202,0.25048793444894746,0.6667205896293825,0.48086234790271204,0.714045162611433
natural_proteins,cgreGFP_to_amacGFP,CNN_Jannis_OHE,42,iterative_random,9,864,6703,0.09260086656812518,0.3043039049505037,0.46592235707529805,0.6628701059653825,0.48061869241893174,0.7785756255792822
natural_proteins,cgreGFP_to_amacGFP,CNN_Jannis_OHE,42,iterative_random,10,960,6703,0.15971594184574875,0.39964476957136413,0.07883460576773649,0.6827642802408057,0.49467533249238327,0.7114677861740438
natural_proteins,cgreGFP_to_amacGFP,CNN_Jannis_OHE,43,source_only,0,0,6703,0.8626734072830642,0.9288021357011752,-3.9754888593467346,-0.04726550069371208,-0.03176168043939303,0.005872508063628379
natural_proteins,cgreGFP_to_amacGFP,CNN_Jannis_OHE,43,oneshot_fancy,1,960,6703,0.11122837791245502,0.33350918714850275,0.3584877539119051,0.6576895733388111,0.4744324727719186,0.7460831491869189
natural_proteins,cgreGFP_to_amacGFP,CNN_Jannis_OHE,43,oneshot_random,1,960,6703,0.05811939474359793,0.24107964398430226,0.6647950445470703,0.7132596310754824,0.5277129829696089,0.8360126158790888
natural_proteins,cgreGFP_to_amacGFP,CNN_Jannis_OHE,43,iterative_fancy,1,96,6703,0.13722253599682918,0.3704356030362486,0.20856584503537012,0.4027102151365382,0.2749590079010866,0.5085048089152482
natural_proteins,cgreGFP_to_amacGFP,CNN_Jannis_OHE,43,iterative_fancy,2,192,6703,0.22348794112686057,0.47274511221890025,-0.28897187729141627,0.5177796525010632,0.3614508143507223,0.6176218053285212
natural_proteins,cgreGFP_to_amacGFP,CNN_Jannis_OHE,43,iterative_fancy,3,288,6703,0.1149588692330002,0.33905584972538105,0.336972058808101,0.5623199823046992,0.39566484812942476,0.7197865809318142
natural_proteins,cgreGFP_to_amacGFP,CNN_Jannis_OHE,43,iterative_fancy,4,384,6703,0.14042187171048803,0.3747290644058558,0.1901136021978943,0.6084181118304924,0.4347135129433001,0.7683664687617893
natural_proteins,cgreGFP_to_amacGFP,CNN_Jannis_OHE,43,iterative_fancy,5,480,6703,0.07625385559699555,0.27614100672843855,0.5602041215110789,0.6031540792349649,0.4302025503506753,0.7919475699552301
natural_proteins,cgreGFP_to_amacGFP,CNN_Jannis_OHE,43,iterative_fancy,6,576,6703,0.05222748002481329,0.22853332366377838,0.6987767991671185,0.6672156483236145,0.48562612506666275,0.8385910495167826
natural_proteins,cgreGFP_to_amacGFP,CNN_Jannis_OHE,43,iterative_fancy,7,672,6703,0.07327140249252895,0.27068690860942823,0.577405488876201,0.6550015815913249,0.4727155515975722,0.8126668960380239
natural_proteins,cgreGFP_to_amacGFP,CNN_Jannis_OHE,43,iterative_fancy,8,768,6703,0.04844887466193419,0.22011105074923928,0.7205699931245901,0.6949946296890642,0.5117189153097145,0.8640176992816218
natural_proteins,cgreGFP_to_amacGFP,CNN_Jannis_OHE,43,iterative_fancy,9,864,6703,0.07205397282227365,0.268428710875483,0.5844270426997629,0.6783606421989424,0.495498508518603,0.8420946317330271
natural_proteins,cgreGFP_to_amacGFP,CNN_Jannis_OHE,43,iterative_fancy,10,960,6703,0.06795086873902172,0.2606738742931898,0.608091790543626,0.7169670088283789,0.5310016686340011,0.8627184270110121
natural_proteins,cgreGFP_to_amacGFP,CNN_Jannis_OHE,43,iterative_random,1,96,6703,0.1349738314235598,0.36738784876960723,0.22153530075036787,0.4221617032789643,0.2914256203702769,0.5270321760436589
natural_proteins,cgreGFP_to_amacGFP,CNN_Jannis_OHE,43,iterative_random,2,192,6703,0.18511431299343564,0.4302491289862603,-0.06765108815073262,0.5093010983295991,0.3564841909291884,0.6166862841221455
natural_proteins,cgreGFP_to_amacGFP,CNN_Jannis_OHE,43,iterative_random,3,288,6703,0.12540524386989466,0.3541260282299151,0.27672235111150556,0.5202525353498461,0.3630019261639455,0.6237648273417162
natural_proteins,cgreGFP_to_amacGFP,CNN_Jannis_OHE,43,iterative_random,4,384,6703,0.10733028099376998,0.32761300492161477,0.38097011818537263,0.572595133266025,0.4019223893484404,0.6945401202998682
natural_proteins,cgreGFP_to_amacGFP,CNN_Jannis_OHE,43,iterative_random,5,480,6703,0.10017602863677832,0.31650596935409975,0.42223243437438573,0.6092020850142672,0.43161679393745694,0.7434887271152404
natural_proteins,cgreGFP_to_amacGFP,CNN_Jannis_OHE,43,iterative_random,6,576,6703,0.08711824060200894,0.2951579926107524,0.497543529333626,0.6437514784377004,0.4645305662304517,0.7609924765990687
natural_proteins,cgreGFP_to_amacGFP,CNN_Jannis_OHE,43,iterative_random,7,672,6703,0.10875976597385813,0.3297874557557612,0.3727255304503315,0.6456846194597436,0.4657013841670277,0.7461396065375934
natural_proteins,cgreGFP_to_amacGFP,CNN_Jannis_OHE,43,iterative_random,8,768,6703,0.10063467451180824,0.31722968731158857,0.4195871836661442,0.6311260545364518,0.45488977202334346,0.7840352036224213
natural_proteins,cgreGFP_to_amacGFP,CNN_Jannis_OHE,43,iterative_random,9,864,6703,0.09046127131612411,0.30076780299115147,0.4782625222524882,0.6440129317917798,0.46700912870070227,0.7605311703308353
natural_proteins,cgreGFP_to_amacGFP,CNN_Jannis_OHE,43,iterative_random,10,960,6703,0.09916835135150606,0.3149100686727975,0.428044236458884,0.6887229491927662,0.5048981948197696,0.7952545754712935
natural_proteins,cgreGFP_to_amacGFP,CNN_Jannis_OHE,44,source_only,0,0,6703,0.8326247986960061,0.9124827662460295,-3.802182813279267,0.16319572342834388,0.1100584949175495,0.20728348272694946
natural_proteins,cgreGFP_to_amacGFP,CNN_Jannis_OHE,44,oneshot_fancy,1,960,6703,0.19970098240144232,0.4468791586116344,-0.15178004184490534,0.6196633140837176,0.4419900509713755,0.6004662328532838
natural_proteins,cgreGFP_to_amacGFP,CNN_Jannis_OHE,44,oneshot_random,1,960,6703,0.08698959091878244,0.2949399785020377,0.4982855193616573,0.6792836704567469,0.49546526430918314,0.7972088811839637
natural_proteins,cgreGFP_to_amacGFP,CNN_Jannis_OHE,44,iterative_fancy,1,96,6703,0.16740385998109444,0.4091501680081464,0.034494359840309685,0.42852271343501364,0.29676822138255254,0.5017718929218551
natural_proteins,cgreGFP_to_amacGFP,CNN_Jannis_OHE,44,iterative_fancy,2,192,6703,0.15458271607938298,0.39317008543298787,0.10844060428054803,0.4453140688406945,0.3073943316123301,0.5342476164086694
natural_proteins,cgreGFP_to_amacGFP,CNN_Jannis_OHE,44,iterative_fancy,3,288,6703,0.09233046810115493,0.30385928997013556,0.4674818864970198,0.6188131204492611,0.4398819301235918,0.7393599405300793
natural_proteins,cgreGFP_to_amacGFP,CNN_Jannis_OHE,44,iterative_fancy,4,384,6703,0.09476464047500732,0.30783865981225833,0.45344274094601045,0.5679336775796417,0.398819340921233,0.7276070646274083
natural_proteins,cgreGFP_to_amacGFP,CNN_Jannis_OHE,44,iterative_fancy,5,480,6703,0.08647919166081974,0.29407344603146296,0.5012292589047717,0.6256608037423461,0.4467832392456458,0.7596099180628189
natural_proteins,cgreGFP_to_amacGFP,CNN_Jannis_OHE,44,iterative_fancy,6,576,6703,0.08269518406106122,0.28756770343879234,0.523053610388582,0.5951331871673028,0.42336369264987234,0.7902413840306548
natural_proteins,cgreGFP_to_amacGFP,CNN_Jannis_OHE,44,iterative_fancy,7,672,6703,0.0649400818546969,0.25483343943583403,0.6254565736404001,0.6753846236732883,0.4923032740219671,0.8371649613216553
natural_proteins,cgreGFP_to_amacGFP,CNN_Jannis_OHE,44,iterative_fancy,8,768,6703,0.057181622916512846,0.239126792552639,0.670203665282194,0.670447079932143,0.4885556785240756,0.8442181509888971
natural_proteins,cgreGFP_to_amacGFP,CNN_Jannis_OHE,44,iterative_fancy,9,864,6703,0.07970979226448197,0.28232922672738286,0.5402719267285354,0.6592130438356387,0.4797763598979126,0.8246823140855277
natural_proteins,cgreGFP_to_amacGFP,CNN_Jannis_OHE,44,iterative_fancy,10,960,6703,0.07484326306568956,0.2735749679076826,0.568339746610147,0.6927683319550205,0.5078592771066016,0.8451915382514373
natural_proteins,cgreGFP_to_amacGFP,CNN_Jannis_OHE,44,iterative_random,1,96,6703,0.24415718131251782,0.4941226379275876,-0.40818219884147555,0.4189006161332486,0.28864569461469075,0.49629706147029
natural_proteins,cgreGFP_to_amacGFP,CNN_Jannis_OHE,44,iterative_random,2,192,6703,0.1838900224821619,0.4288239994241949,-0.06058996426767349,0.5190261062943926,0.36206123939074825,0.5877962673220054
natural_proteins,cgreGFP_to_amacGFP,CNN_Jannis_OHE,44,iterative_random,3,288,6703,0.17396301193243466,0.4170887338833724,-0.0033357009742893684,0.5316283641254166,0.37037353671960593,0.6219660593594767
natural_proteins,cgreGFP_to_amacGFP,CNN_Jannis_OHE,44,iterative_random,4,384,6703,0.1871930603913861,0.4326581333933133,-0.07964031192021492,0.463525051178083,0.319410340280618,0.5079630872384833
natural_proteins,cgreGFP_to_amacGFP,CNN_Jannis_OHE,44,iterative_random,5,480,6703,0.12634827014960048,0.35545501846169014,0.27128342519917825,0.6684039163655741,0.483381084042238,0.7479176950406243
natural_proteins,cgreGFP_to_amacGFP,CNN_Jannis_OHE,44,iterative_random,6,576,6703,0.07423079526705254,0.2724532900646504,0.5718721688259012,0.6606389495474077,0.47641682848393,0.7755543868767566
natural_proteins,cgreGFP_to_amacGFP,CNN_Jannis_OHE,44,iterative_random,7,672,6703,0.14388734518191723,0.379324854421533,0.1701264036777016,0.6948570246032763,0.5055430916730027,0.7662479198693954
natural_proteins,cgreGFP_to_amacGFP,CNN_Jannis_OHE,44,iterative_random,8,768,6703,0.09147536035824369,0.3024489384313387,0.4724137402118521,0.6734911231023308,0.48897425911514536,0.7905678675214205
natural_proteins,cgreGFP_to_amacGFP,CNN_Jannis_OHE,44,iterative_random,9,864,6703,0.0572099483541105,0.23918601203688836,0.6700402976647233,0.6919376313759656,0.5061244416219765,0.8281276181468722
natural_proteins,cgreGFP_to_amacGFP,CNN_Jannis_OHE,44,iterative_random,10,960,6703,0.06999300231306022,0.26456190639065974,0.5963137378516732,0.6803571877189678,0.49422644688412004,0.8139782701945499
natural_proteins,cgreGFP_to_amacGFP,CNN_Jannis_OHE,45,source_only,0,0,6703,0.8829165649052569,0.9396364003726425,-4.092241739842298,-0.020560954265832883,-0.013799105698154894,-0.04465264634796573
natural_proteins,cgreGFP_to_amacGFP,CNN_Jannis_OHE,45,oneshot_fancy,1,960,6703,0.10102447018752785,0.3178434680586151,0.41733902807726087,0.6202892419061903,0.4433456347019996,0.7658694741408929
natural_proteins,cgreGFP_to_amacGFP,CNN_Jannis_OHE,45,oneshot_random,1,960,6703,0.09128999939113769,0.30214234954924424,0.4734828138833105,0.6765150784512736,0.4926369211410399,0.7779672301470435
natural_proteins,cgreGFP_to_amacGFP,CNN_Jannis_OHE,45,iterative_fancy,1,96,6703,0.16157415881169002,0.4019628823805626,0.06811729637320196,0.4566852069451463,0.31433797918656065,0.5467677341324025
natural_proteins,cgreGFP_to_amacGFP,CNN_Jannis_OHE,45,iterative_fancy,2,192,6703,0.1476537247652918,0.38425736787378817,0.1484037221867186,0.4960021203342888,0.3433754113833472,0.6362703315495277
natural_proteins,cgreGFP_to_amacGFP,CNN_Jannis_OHE,45,iterative_fancy,3,288,6703,0.11356109858636286,0.3369882766304532,0.3450337333903384,0.5324494434966223,0.37381181262312724,0.6949479955528186
natural_proteins,cgreGFP_to_amacGFP,CNN_Jannis_OHE,45,iterative_fancy,4,384,6703,0.07930677858873526,0.2816145922865775,0.5425963174387549,0.5527014084232522,0.3886509305942391,0.7478214323109389
natural_proteins,cgreGFP_to_amacGFP,CNN_Jannis_OHE,45,iterative_fancy,5,480,6703,0.10513953641305171,0.3242522727955067,0.3936052883007549,0.5974611602961754,0.42629962131181925,0.7933719907268026
natural_proteins,cgreGFP_to_amacGFP,CNN_Jannis_OHE,45,iterative_fancy,6,576,6703,0.12091845067685462,0.3477333039512532,0.3026000347837906,0.5995823910409553,0.427175081099855,0.7880593946813395
natural_proteins,cgreGFP_to_amacGFP,CNN_Jannis_OHE,45,iterative_fancy,7,672,6703,0.14714390269600136,0.38359340804555203,0.15134413278079561,0.6408880253924437,0.4648404735247271,0.8100136067524921
natural_proteins,cgreGFP_to_amacGFP,CNN_Jannis_OHE,45,iterative_fancy,8,768,6703,0.07365303413234392,0.271390924926284,0.5752044195535083,0.6416201637286194,0.4651551462017095,0.8339025352502423
natural_proteins,cgreGFP_to_amacGFP,CNN_Jannis_OHE,45,iterative_fancy,9,864,6703,0.0976627448482935,0.31251039158449356,0.43672785684181303,0.632081337611139,0.45734713070000876,0.8291560162701275
natural_proteins,cgreGFP_to_amacGFP,CNN_Jannis_OHE,45,iterative_fancy,10,960,6703,0.06845699747126041,0.26164288156045906,0.605172681356547,0.6603546732122572,0.48129073004886924,0.8365875514973743
natural_proteins,cgreGFP_to_amacGFP,CNN_Jannis_OHE,45,iterative_random,1,96,6703,0.13166298945847013,0.3628539505895866,0.2406306584758855,0.46850962121150197,0.32335261297499224,0.6030764857802926
natural_proteins,cgreGFP_to_amacGFP,CNN_Jannis_OHE,45,iterative_random,2,192,6703,0.13576743679640854,0.36846633061435685,0.21695816337950302,0.47498409619713045,0.3259585856480532,0.592618865629163
natural_proteins,cgreGFP_to_amacGFP,CNN_Jannis_OHE,45,iterative_random,3,288,6703,0.1632792243389764,0.40407824036809553,0.05828329144868716,0.48966265351251287,0.3381029210603336,0.5940193204067231
natural_proteins,cgreGFP_to_amacGFP,CNN_Jannis_OHE,45,iterative_random,4,384,6703,0.13096320962862767,0.36188839388494853,0.24466665485410022,0.5696346703000872,0.3998169598602323,0.6827462578198249
natural_proteins,cgreGFP_to_amacGFP,CNN_Jannis_OHE,45,iterative_random,5,480,6703,0.08363194310534243,0.28919187939038404,0.5176508309017396,0.5731372414127256,0.4033965780854137,0.7228136567095682
natural_proteins,cgreGFP_to_amacGFP,CNN_Jannis_OHE,45,iterative_random,6,576,6703,0.17901858552421573,0.42310587980340775,-0.03249383877145995,0.5713243022852157,0.4029393011568786,0.7112675754170503
natural_proteins,cgreGFP_to_amacGFP,CNN_Jannis_OHE,45,iterative_random,7,672,6703,0.09629662219063558,0.3103169705166567,0.4446070009145222,0.6145966183547014,0.43731418535178546,0.7548929430543345
natural_proteins,cgreGFP_to_amacGFP,CNN_Jannis_OHE,45,iterative_random,8,768,6703,0.06048165939045233,0.24593019210835487,0.6511706284771819,0.6470547483122584,0.4680212298367815,0.8189938765481088
natural_proteins,cgreGFP_to_amacGFP,CNN_Jannis_OHE,45,iterative_random,9,864,6703,0.10363089457883685,0.3219175276042559,0.40230641502554976,0.6497003892745076,0.46926960932333744,0.7701277971527807
natural_proteins,cgreGFP_to_amacGFP,CNN_Jannis_OHE,45,iterative_random,10,960,6703,0.059968954038000136,0.2448855937739093,0.6541276684736823,0.6568393715451781,0.4759223768444061,0.8218862026098601
natural_proteins,cgreGFP_to_amacGFP,CNN_Jannis_OHE,46,source_only,0,0,6703,0.9018546322763323,0.9496602720322317,-4.201467482083621,0.0386316781325422,0.0260875337795184,0.03686091723329398
natural_proteins,cgreGFP_to_amacGFP,CNN_Jannis_OHE,46,oneshot_fancy,1,960,6703,0.10354605226288596,0.32178572414401163,0.4027957450480716,0.6568020930103508,0.47449085729551577,0.7594513157836621
natural_proteins,cgreGFP_to_amacGFP,CNN_Jannis_OHE,46,oneshot_random,1,960,6703,0.15408550369629848,0.39253726408622464,0.11130828821734351,0.6452125549013781,0.46617938507402956,0.7385774703227045
natural_proteins,cgreGFP_to_amacGFP,CNN_Jannis_OHE,46,iterative_fancy,1,96,6703,0.1913355493723189,0.43741919181983646,-0.10353221307375882,0.42179458010780263,0.29036089789772723,0.5008997258625396
natural_proteins,cgreGFP_to_amacGFP,CNN_Jannis_OHE,46,iterative_fancy,2,192,6703,0.12667253578527138,0.35591085370535047,0.2694132156342043,0.5103571524244418,0.3568853343409594,0.6208418160812301
natural_proteins,cgreGFP_to_amacGFP,CNN_Jannis_OHE,46,iterative_fancy,3,288,6703,0.1945949118358316,0.4411291328350822,-0.12233066158146744,0.5667733699180137,0.4008428662750235,0.671954505641811
natural_proteins,cgreGFP_to_amacGFP,CNN_Jannis_OHE,46,iterative_fancy,4,384,6703,0.10980775217942573,0.33137252779828585,0.3666812457343199,0.5641185355199605,0.39925955434677024,0.7168261688054498
natural_proteins,cgreGFP_to_amacGFP,CNN_Jannis_OHE,46,iterative_fancy,5,480,6703,0.09013187791107495,0.30021971605987996,0.48016230634613033,0.5876600092563354,0.41652254388714094,0.7578384965105517
natural_proteins,cgreGFP_to_amacGFP,CNN_Jannis_OHE,46,iterative_fancy,6,576,6703,0.07305409624138506,0.2702852127686327,0.5786588077133239,0.6025063534701307,0.4297538649423633,0.7638497885690856
natural_proteins,cgreGFP_to_amacGFP,CNN_Jannis_OHE,46,iterative_fancy,7,672,6703,0.08918550897163664,0.2986394297001597,0.48562051112589366,0.6352085437779176,0.4577095904693924,0.7810383554547968
natural_proteins,cgreGFP_to_amacGFP,CNN_Jannis_OHE,46,iterative_fancy,8,768,6703,0.05575127886286699,0.23611708718952762,0.6784532077438787,0.6771496021271629,0.4958910980072628,0.8450259874640623
natural_proteins,cgreGFP_to_amacGFP,CNN_Jannis_OHE,46,iterative_fancy,9,864,6703,0.10684611512916166,0.3268732401545921,0.3837625560246489,0.6795923235887182,0.49619408421835254,0.8398058960488048
natural_proteins,cgreGFP_to_amacGFP,CNN_Jannis_OHE,46,iterative_fancy,10,960,6703,0.051870168880308556,0.22775023354611199,0.7008375994697531,0.6748099699194662,0.4927404059159626,0.853691101768529
natural_proteins,cgreGFP_to_amacGFP,CNN_Jannis_OHE,46,iterative_random,1,96,6703,0.17328248401074273,0.4162721273527003,0.0005892595777190479,0.41769147791818495,0.2869370410141524,0.5029342432139681
natural_proteins,cgreGFP_to_amacGFP,CNN_Jannis_OHE,46,iterative_random,2,192,6703,0.1141740523564324,0.3378965113114256,0.34149850832309014,0.507952934965096,0.353694893866776,0.6085411827822342
natural_proteins,cgreGFP_to_amacGFP,CNN_Jannis_OHE,46,iterative_random,3,288,6703,0.09840117088727542,0.31368960914776156,0.4324689675571912,0.5772940748861387,0.40637083903315296,0.6975506994009977
natural_proteins,cgreGFP_to_amacGFP,CNN_Jannis_OHE,46,iterative_random,4,384,6703,0.10552282120286162,0.32484276381483645,0.39139468439717295,0.550618533707617,0.3882648144688867,0.6815557604872258
natural_proteins,cgreGFP_to_amacGFP,CNN_Jannis_OHE,46,iterative_random,5,480,6703,0.10441681799164455,0.32313591256875884,0.3977735835371654,0.6290007450233417,0.4514160163041121,0.7097202909153035
natural_proteins,cgreGFP_to_amacGFP,CNN_Jannis_OHE,46,iterative_random,6,576,6703,0.10628396158552661,0.32601221079206005,0.38700478960920726,0.6364408358806191,0.4582855751298655,0.7608947731587921
natural_proteins,cgreGFP_to_amacGFP,CNN_Jannis_OHE,46,iterative_random,7,672,6703,0.0721307801028833,0.26857174107281523,0.583984054929694,0.6640650742909694,0.4814959238638145,0.8070290853089102
natural_proteins,cgreGFP_to_amacGFP,CNN_Jannis_OHE,46,iterative_random,8,768,6703,0.0854831528422883,0.29237502089318146,0.5069739358627505,0.6709620060701562,0.48868005498416034,0.7894760205249715
natural_proteins,cgreGFP_to_amacGFP,CNN_Jannis_OHE,46,iterative_random,9,864,6703,0.11523184922261763,0.3394581700631429,0.33539764039471365,0.6723847998609257,0.48978498513191665,0.7652371203812804
natural_proteins,cgreGFP_to_amacGFP,CNN_Jannis_OHE,46,iterative_random,10,960,6703,0.09485860427686044,0.3079912405846316,0.4529008025422586,0.6045576432058407,0.43012812011981044,0.7290427952116161
natural_proteins,cgreGFP_to_ppluGFP,aubin_1_10_1,42,source_only,0,0,6281,0.7515030166768288,0.8668927365463555,-1.744965162053966,-0.1563265826717193,-0.10420179449378719,-0.15404917513024324
natural_proteins,cgreGFP_to_ppluGFP,aubin_1_10_1,42,oneshot_fancy,1,960,6281,0.3486591226023753,0.5904736425975128,-0.273524022841533,0.10800510443931247,0.07011030369332905,0.4201709378192465
natural_proteins,cgreGFP_to_ppluGFP,aubin_1_10_1,42,oneshot_random,1,960,6281,0.26434485721351386,0.514144782345901,0.03444509507369686,0.5140476165070818,0.35539703617540414,0.6196733110160294
natural_proteins,cgreGFP_to_ppluGFP,aubin_1_10_1,42,iterative_fancy,1,96,6281,0.5119439646072664,0.715502595807497,-0.869943721563325,0.19633086293321436,0.13050118103359423,0.2707652275664962
natural_proteins,cgreGFP_to_ppluGFP,aubin_1_10_1,42,iterative_fancy,2,192,6281,0.9922439086252592,0.9961144053898926,-2.624303430584718,0.258436297396666,0.17461047098096838,0.3727252502615922
natural_proteins,cgreGFP_to_ppluGFP,aubin_1_10_1,42,iterative_fancy,3,288,6281,1.3118060846170132,1.1453410341976809,-3.7915469688561583,0.24600179547342593,0.16507444206032976,0.19794765491792793
natural_proteins,cgreGFP_to_ppluGFP,aubin_1_10_1,42,iterative_fancy,4,384,6281,0.9192980479890203,0.9588003170572172,-2.3578589297389856,0.33578709325345335,0.22940698267109938,0.44852522723166516
natural_proteins,cgreGFP_to_ppluGFP,aubin_1_10_1,42,iterative_fancy,5,480,6281,1.3173001544496783,1.1477369709344027,-3.8116147928753428,-0.20283231284042397,-0.13874012480720457,-0.05863059192530698
natural_proteins,cgreGFP_to_ppluGFP,aubin_1_10_1,42,iterative_fancy,6,576,6281,0.8200216584214686,0.9055504725974519,-1.9952386544638756,0.34433594835067793,0.22986997867344566,0.318595150105645
natural_proteins,cgreGFP_to_ppluGFP,aubin_1_10_1,42,iterative_fancy,7,672,6281,0.4717140449317549,0.6868144181158072,-0.7229985656146072,0.4575870050573189,0.3156933609333304,0.44671491312942885
natural_proteins,cgreGFP_to_ppluGFP,aubin_1_10_1,42,iterative_fancy,8,768,6281,0.4358674926070101,0.6602026148138237,-0.5920642444906732,0.46146525944290506,0.3153123455542954,0.4727496921802513
natural_proteins,cgreGFP_to_ppluGFP,aubin_1_10_1,42,iterative_fancy,9,864,6281,0.3430992134504281,0.5857467144171004,-0.25321571191316417,0.5038682774891055,0.34915249758926115,0.536106312740783
natural_proteins,cgreGFP_to_ppluGFP,aubin_1_10_1,42,iterative_fancy,10,960,6281,0.43834946976719125,0.6620796551527552,-0.6011299976367324,0.4652879417973874,0.3174390106569443,0.49832915124908805
natural_proteins,cgreGFP_to_ppluGFP,aubin_1_10_1,42,iterative_random,1,96,6281,0.47796507486261824,0.6913501825143451,-0.7458312875151174,0.2578217644747102,0.17181842225507474,0.32152551480891906
natural_proteins,cgreGFP_to_ppluGFP,aubin_1_10_1,42,iterative_random,2,192,6281,0.2880104712243254,0.5366660704985228,-0.05199672160131108,-0.3254892863862255,-0.2185904725158835,-0.43269427347711586
natural_proteins,cgreGFP_to_ppluGFP,aubin_1_10_1,42,iterative_random,3,288,6281,0.2784126242554004,0.5276482012244526,-0.016939303366416913,-0.33681868976999196,-0.22683814901278262,-0.4419021816892778
natural_proteins,cgreGFP_to_ppluGFP,aubin_1_10_1,42,iterative_random,4,384,6281,0.4695551595155127,0.6852409499697991,-0.7151129482252632,0.4002988619045598,0.27271239532364927,0.517072330480414
natural_proteins,cgreGFP_to_ppluGFP,aubin_1_10_1,42,iterative_random,5,480,6281,0.3360985132581085,0.5797400393780893,-0.22764471923388196,0.44023267888048206,0.3014537366444327,0.5571127810119103
natural_proteins,cgreGFP_to_ppluGFP,aubin_1_10_1,42,iterative_random,6,576,6281,0.3585618989514449,0.5988003832258668,-0.30969523637306495,0.43882411617855815,0.30037558737637243,0.48259277335836803
natural_proteins,cgreGFP_to_ppluGFP,aubin_1_10_1,42,iterative_random,7,672,6281,0.3050382046945709,0.5523026386815212,-0.11419279284431472,0.4625161608835221,0.31775133729796173,0.552680215741981
natural_proteins,cgreGFP_to_ppluGFP,aubin_1_10_1,42,iterative_random,8,768,6281,0.30231264292753296,0.5498296490073384,-0.10423731438112904,0.4243154199091584,0.2867538637440852,0.6212456777446342
natural_proteins,cgreGFP_to_ppluGFP,aubin_1_10_1,42,iterative_random,9,864,6281,0.2740224681586512,0.5234715542975102,-0.0009036717400203731,,,
natural_proteins,cgreGFP_to_ppluGFP,aubin_1_10_1,42,iterative_random,10,960,6281,0.27495021180228546,0.5243569507523338,-0.0042923793361047125,0.26486903165579756,0.17712853284208221,0.3699645214542964
natural_proteins,cgreGFP_to_ppluGFP,aubin_1_10_1,43,source_only,0,0,6281,2.5979274022607957,1.6118087362527838,-8.489276895102478,0.16583003906864147,0.11087793028216773,0.25352588258810654
natural_proteins,cgreGFP_to_ppluGFP,aubin_1_10_1,43,oneshot_fancy,1,960,6281,0.5230475826824037,0.7232202864151446,-0.9105011699203309,0.350691800165288,0.23956921210981813,0.5367613206206187
natural_proteins,cgreGFP_to_ppluGFP,aubin_1_10_1,43,oneshot_random,1,960,6281,0.24899924287030678,0.49899823934589865,0.09049700149010631,0.5615170145251409,0.3968223542009231,0.6317387129972518
natural_proteins,cgreGFP_to_ppluGFP,aubin_1_10_1,43,iterative_fancy,1,96,6281,0.5377345318384156,0.7333038468727786,-0.9641472137491176,0.2937564468587222,0.19880734238254752,0.3785236099457581
natural_proteins,cgreGFP_to_ppluGFP,aubin_1_10_1,43,iterative_fancy,2,192,6281,1.2194050130864096,1.104266730951544,-3.454039711187975,-0.2929129824787876,-0.19862857144393223,-0.3961198934187705
natural_proteins,cgreGFP_to_ppluGFP,aubin_1_10_1,43,iterative_fancy,3,288,6281,0.8414930856433892,0.9173293223501521,-2.0736659107700133,0.2847671404347235,0.19315748481097514,0.39032073760901675
natural_proteins,cgreGFP_to_ppluGFP,aubin_1_10_1,43,iterative_fancy,4,384,6281,0.401879291980444,0.6339395018299806,-0.467917801202415,0.43516610001691763,0.29908669932828086,0.4463589289713371
natural_proteins,cgreGFP_to_ppluGFP,aubin_1_10_1,43,iterative_fancy,5,480,6281,0.3336187309736393,0.5775973779144425,-0.21858698316457525,0.4711728266027868,0.32420963433213307,0.5491051853258846
natural_proteins,cgreGFP_to_ppluGFP,aubin_1_10_1,43,iterative_fancy,6,576,6281,0.32790285442478856,0.572628024484297,-0.19770898048325813,0.4762365805086377,0.32979497727230117,0.5351847618495633
natural_proteins,cgreGFP_to_ppluGFP,aubin_1_10_1,43,iterative_fancy,7,672,6281,0.3011939143823477,0.5488113650265888,-0.10015100891836681,0.47794243036225165,0.3302560124730568,0.5388385781314126
natural_proteins,cgreGFP_to_ppluGFP,aubin_1_10_1,43,iterative_fancy,8,768,6281,0.4817351921199567,0.6940714603842725,-0.7596021444492855,-0.3076788964169641,-0.21712435788955123,0.12168381660733944
natural_proteins,cgreGFP_to_ppluGFP,aubin_1_10_1,43,iterative_fancy,9,864,6281,0.3753397456586563,0.6126497740623563,-0.37097856283159625,0.479877039309645,0.3279747517915856,0.5163545244273815
natural_proteins,cgreGFP_to_ppluGFP,aubin_1_10_1,43,iterative_fancy,10,960,6281,0.2646190590112491,0.5144113713860232,0.03344353637672148,0.5421954796954759,0.3751681664656168,0.6183495940859023
natural_proteins,cgreGFP_to_ppluGFP,aubin_1_10_1,43,iterative_random,1,96,6281,0.6129070542903705,0.7828838063789355,-1.2387248943375528,0.2776478880911402,0.1882993816809304,0.3530451769653352
natural_proteins,cgreGFP_to_ppluGFP,aubin_1_10_1,43,iterative_random,2,192,6281,0.41266843601621367,0.6423927428109798,-0.5073265911198959,0.3349824486925693,0.2267608905509721,0.4176140397824135
natural_proteins,cgreGFP_to_ppluGFP,aubin_1_10_1,43,iterative_random,3,288,6281,0.4039604684718447,0.6355788452047824,-0.47551957636260367,0.36169653156577375,0.24687448450170835,0.4159795761978281
natural_proteins,cgreGFP_to_ppluGFP,aubin_1_10_1,43,iterative_random,4,384,6281,0.37912181506406856,0.6157286862442488,-0.3847930765832972,0.41289175205581663,0.28249614577704296,0.49129805410962835
natural_proteins,cgreGFP_to_ppluGFP,aubin_1_10_1,43,iterative_random,5,480,6281,0.3449140565756726,0.5872938417654936,-0.25984466887386737,0.4276957659869578,0.29346297929198306,0.49830444493550535
natural_proteins,cgreGFP_to_ppluGFP,aubin_1_10_1,43,iterative_random,6,576,6281,0.44763480572996056,0.6690551589592301,-0.6350459276731506,0.42884819733176416,0.2910282484204552,0.4551558781940269
natural_proteins,cgreGFP_to_ppluGFP,aubin_1_10_1,43,iterative_random,7,672,6281,0.31541146485414934,0.5616150504163411,-0.15208251134588413,0.46597430754732133,0.32224708390448487,0.52153998690565
natural_proteins,cgreGFP_to_ppluGFP,aubin_1_10_1,43,iterative_random,8,768,6281,0.320874927310495,0.5664582308612833,-0.17203853783420864,0.48903536315040297,0.3392196367245095,0.5638001860989004
natural_proteins,cgreGFP_to_ppluGFP,aubin_1_10_1,43,iterative_random,9,864,6281,0.306115494132462,0.5532770500684643,-0.11812773643181518,0.5039893558278247,0.347079920261021,0.5782261802102582
natural_proteins,cgreGFP_to_ppluGFP,aubin_1_10_1,43,iterative_random,10,960,6281,0.2567370771722977,0.5066922904212158,0.06223352800115667,0.5279771680276383,0.3669283496452593,0.6467230685260879
natural_proteins,cgreGFP_to_ppluGFP,aubin_1_10_1,44,source_only,0,0,6281,1.3239132817285004,1.1506143062418877,-3.8357701237120283,0.15734098894043685,0.10445675989204009,0.20186718653531327
natural_proteins,cgreGFP_to_ppluGFP,aubin_1_10_1,44,oneshot_fancy,1,960,6281,0.6442064066460831,0.8026246985024091,-1.3530499601120116,0.28984080123367234,0.19546907749293876,0.5523019160188534
natural_proteins,cgreGFP_to_ppluGFP,aubin_1_10_1,44,oneshot_random,1,960,6281,0.42487452613155513,0.6518239993522448,-0.5519109658835062,0.5354428436463896,0.3729425860972391,0.6371668667901419
natural_proteins,cgreGFP_to_ppluGFP,aubin_1_10_1,44,iterative_fancy,1,96,6281,1.1754713612850145,1.0841915703809057,-3.2935661788661488,-0.16892886401948584,-0.11070387563382764,-0.05442351865837733
natural_proteins,cgreGFP_to_ppluGFP,aubin_1_10_1,44,iterative_fancy,2,192,6281,0.5270410096472069,0.7259759015609312,-0.9250876953930631,0.22713849242754244,0.15247016934630755,0.22508763822482764
natural_proteins,cgreGFP_to_ppluGFP,aubin_1_10_1,44,iterative_fancy,3,288,6281,1.2629803971904392,1.1238240063241394,-3.613204622884023,0.001906180705691079,0.001638184865788514,-0.014147483952686283
natural_proteins,cgreGFP_to_ppluGFP,aubin_1_10_1,44,iterative_fancy,4,384,6281,1.1519559642210473,1.0732921150465269,-3.2076730496570427,0.04748125325370957,0.030283906211388982,0.09597133864913032
natural_proteins,cgreGFP_to_ppluGFP,aubin_1_10_1,44,iterative_fancy,5,480,6281,0.366852827627686,0.605683768667847,-0.3399789609521011,0.42989796797503194,0.2965789929154473,0.4971433618496468
natural_proteins,cgreGFP_to_ppluGFP,aubin_1_10_1,44,iterative_fancy,6,576,6281,0.43052188019994103,0.6561416616859053,-0.5725386810509747,0.4361266675048023,0.29927376151153573,0.44882859125514574
natural_proteins,cgreGFP_to_ppluGFP,aubin_1_10_1,44,iterative_fancy,7,672,6281,0.45651378035710893,0.6756580350718172,-0.6674775686452112,0.4651722006083796,0.3182275964241782,0.47301405590791634
natural_proteins,cgreGFP_to_ppluGFP,aubin_1_10_1,44,iterative_fancy,8,768,6281,0.3031706169532822,0.5506093142631009,-0.10737117912733196,0.5158358626671229,0.3598826358509343,0.5539103781143611
natural_proteins,cgreGFP_to_ppluGFP,aubin_1_10_1,44,iterative_fancy,9,864,6281,0.2895071420258327,0.5380586789801208,-0.0574635116447737,0.511711021426816,0.3550951494704426,0.5537686147629968
natural_proteins,cgreGFP_to_ppluGFP,aubin_1_10_1,44,iterative_fancy,10,960,6281,0.30645135824283937,0.5535804893986415,-0.1193545249632133,0.5431820843190761,0.37955794709660573,0.5780331944484575
natural_proteins,cgreGFP_to_ppluGFP,aubin_1_10_1,44,iterative_random,1,96,6281,0.29027058478314244,0.5387676538018429,-0.060252088304525,-0.3015058642319967,-0.20191761814293724,-0.3908185110552794
natural_proteins,cgreGFP_to_ppluGFP,aubin_1_10_1,44,iterative_random,2,192,6281,0.30667583815470684,0.5537832050132134,-0.12017446782968655,0.2882594633616428,0.1997959759343346,0.31516971963004836
natural_proteins,cgreGFP_to_ppluGFP,aubin_1_10_1,44,iterative_random,3,288,6281,0.35157922786127827,0.592941167284983,-0.28419009739791257,0.4185178959988411,0.2870549129750224,0.47218246462216984
natural_proteins,cgreGFP_to_ppluGFP,aubin_1_10_1,44,iterative_random,4,384,6281,0.7479450774261087,0.8648381799077263,-1.7319693136339307,0.3752143161131979,0.25143819447796223,0.35320779621704884
natural_proteins,cgreGFP_to_ppluGFP,aubin_1_10_1,44,iterative_random,5,480,6281,0.27381424780364805,0.5232726323854976,-0.00014311907711594962,,,
natural_proteins,cgreGFP_to_ppluGFP,aubin_1_10_1,44,iterative_random,6,576,6281,0.4082027555167515,0.6389074702308242,-0.4910150965232496,0.46437940438445974,0.31435893089153066,0.5012280338681504
natural_proteins,cgreGFP_to_ppluGFP,aubin_1_10_1,44,iterative_random,7,672,6281,0.31348794488290455,0.5598999418493491,-0.145056597686974,0.5017878427213154,0.34586073372881004,0.5586927165739963
natural_proteins,cgreGFP_to_ppluGFP,aubin_1_10_1,44,iterative_random,8,768,6281,0.2826455155659221,0.5316441625428818,-0.03240050435204078,0.5171776798727626,0.3579947160626802,0.6041915954109407
natural_proteins,cgreGFP_to_ppluGFP,aubin_1_10_1,44,iterative_random,9,864,6281,0.27385116367719936,0.5233079052309446,-0.0002779592368711281,0.5141498554869132,0.35777592891614857,0.5724443632320056
natural_proteins,cgreGFP_to_ppluGFP,aubin_1_10_1,44,iterative_random,10,960,6281,0.2664063637218599,0.5161456807160745,0.026915167154337727,0.5300239469359258,0.3689386784872422,0.6253088344728215
natural_proteins,cgreGFP_to_ppluGFP,aubin_1_10_1,45,source_only,0,0,6281,0.8217628916490216,0.9065113852837269,-2.00159874143968,-0.16383476918969836,-0.10886497407353689,-0.24066295830048123
natural_proteins,cgreGFP_to_ppluGFP,aubin_1_10_1,45,oneshot_fancy,1,960,6281,0.48805395118836786,0.6986085822464306,-0.7826822560726565,0.33497910770360656,0.22798973628810665,0.3858469146409413
natural_proteins,cgreGFP_to_ppluGFP,aubin_1_10_1,45,oneshot_random,1,960,6281,0.31628621140394375,0.5623932889037206,-0.15527763997681165,0.5041278612681562,0.3486885201056137,0.54879238003235
natural_proteins,cgreGFP_to_ppluGFP,aubin_1_10_1,45,iterative_fancy,1,96,6281,0.5065267476910782,0.7117069254202029,-0.8501566130883891,0.30485871073395915,0.2064338047188944,0.38941427766627545
natural_proteins,cgreGFP_to_ppluGFP,aubin_1_10_1,45,iterative_fancy,2,192,6281,1.0500378870915898,1.0247135634369196,-2.835403657657787,-0.23689698116964175,-0.15933838594191732,-0.24114327371533933
natural_proteins,cgreGFP_to_ppluGFP,aubin_1_10_1,45,iterative_fancy,3,288,6281,0.7542136018024965,0.8684547206403432,-1.7548659363338102,0.2403069422213895,0.16267324144367895,0.3760823349364033
natural_proteins,cgreGFP_to_ppluGFP,aubin_1_10_1,45,iterative_fancy,4,384,6281,0.41619440911942457,0.6451313115323303,-0.5202056789157807,0.4077139675255847,0.275418766830098,0.44523748658089457
natural_proteins,cgreGFP_to_ppluGFP,aubin_1_10_1,45,iterative_fancy,5,480,6281,0.3809539045799849,0.6172146341265613,-0.39148502828988274,0.4194597436234478,0.28565348093427,0.5247296377409564
natural_proteins,cgreGFP_to_ppluGFP,aubin_1_10_1,45,iterative_fancy,6,576,6281,0.5963865343260073,0.7722606647538169,-1.1783814881836752,0.35731161552776386,0.23749714207344794,0.37269252814326626
natural_proteins,cgreGFP_to_ppluGFP,aubin_1_10_1,45,iterative_fancy,7,672,6281,0.3373115632673261,0.5807852987699724,-0.23207554644447081,0.46560362458375576,0.3204592610718422,0.5449516664993421
natural_proteins,cgreGFP_to_ppluGFP,aubin_1_10_1,45,iterative_fancy,8,768,6281,0.3158118610354525,0.5619714058877484,-0.15354501188720837,0.4282703001472689,0.29156302967645753,0.5660198814885996
natural_proteins,cgreGFP_to_ppluGFP,aubin_1_10_1,45,iterative_fancy,9,864,6281,0.2789847251675521,0.5281900464487683,-0.019028978375281058,0.500062844025422,0.3458291346948787,0.5640831176399858
natural_proteins,cgreGFP_to_ppluGFP,aubin_1_10_1,45,iterative_fancy,10,960,6281,0.27141446025296867,0.5209745293706485,0.008622425540489198,0.5171168123760123,0.3587846280623893,0.5924185285335866
natural_proteins,cgreGFP_to_ppluGFP,aubin_1_10_1,45,iterative_random,1,96,6281,0.46964559117420057,0.6853069320926213,-0.7154432619394286,0.28105335391102987,0.1897675882117556,0.4077276892461774
natural_proteins,cgreGFP_to_ppluGFP,aubin_1_10_1,45,iterative_random,2,192,6281,0.4251220493323589,0.6520138413656253,-0.5528150774411831,0.33447472244998017,0.22595080090333058,0.4080601399760969
natural_proteins,cgreGFP_to_ppluGFP,aubin_1_10_1,45,iterative_random,3,288,6281,0.40060236638437285,0.6329315653246983,-0.46325365987767375,-0.30589390672961275,-0.2100972170237539,-0.24925201232516253
natural_proteins,cgreGFP_to_ppluGFP,aubin_1_10_1,45,iterative_random,4,384,6281,0.36601850070772346,0.6049946286602249,-0.336931470418812,0.3820209585939416,0.2630741690366274,0.4297397666840219
natural_proteins,cgreGFP_to_ppluGFP,aubin_1_10_1,45,iterative_random,5,480,6281,0.34076346164201937,0.5837494853462565,-0.2446840663987675,0.4551788010615081,0.31316886985348663,0.5247696282130907
natural_proteins,cgreGFP_to_ppluGFP,aubin_1_10_1,45,iterative_random,6,576,6281,0.27380821666609534,0.523266869451999,-0.0001210895415022506,,,
natural_proteins,cgreGFP_to_ppluGFP,aubin_1_10_1,45,iterative_random,7,672,6281,0.3158694206357909,0.5620226157689661,-0.15375525601685824,0.4780776531331514,0.327180389194055,0.6139863897604916
natural_proteins,cgreGFP_to_ppluGFP,aubin_1_10_1,45,iterative_random,8,768,6281,0.3067179226447866,0.5538212009708428,-0.1203281870517896,0.5406918006796977,0.37700196089934057,0.6231103158312626
natural_proteins,cgreGFP_to_ppluGFP,aubin_1_10_1,45,iterative_random,9,864,6281,0.24117168639244396,0.4910923399855102,0.11908819721245589,0.5475056717827002,0.3813265253365639,0.6578155988201237
natural_proteins,cgreGFP_to_ppluGFP,aubin_1_10_1,45,iterative_random,10,960,6281,0.2496216483119242,0.49962150505349967,0.08822358246716266,0.5626397685810912,0.3927103707463657,0.6606640670778052
natural_proteins,cgreGFP_to_ppluGFP,aubin_1_10_1,46,source_only,0,0,6281,0.5865730265783211,0.7658805563391208,-1.1425363401441304,-0.15842950747004847,-0.10587943037042837,-0.20119129084128734
natural_proteins,cgreGFP_to_ppluGFP,aubin_1_10_1,46,oneshot_fancy,1,960,6281,0.48837206716664605,0.6988362234219446,-0.7838442171805811,0.3577697259481009,0.24362723907400358,0.5447316079986738
natural_proteins,cgreGFP_to_ppluGFP,aubin_1_10_1,46,oneshot_random,1,960,6281,0.2489888033324009,0.49898777874052275,0.0905351332969303,0.5584264359966247,0.39313228609771844,0.6288951037139265
natural_proteins,cgreGFP_to_ppluGFP,aubin_1_10_1,46,iterative_fancy,1,96,6281,0.509503061503647,0.7137948315192868,-0.8610279968959602,0.19849630340793484,0.1317807342870351,0.26456366252410024
natural_proteins,cgreGFP_to_ppluGFP,aubin_1_10_1,46,iterative_fancy,2,192,6281,1.2814231622158132,1.1319996299539206,-3.6805692859168655,0.2586081737591181,0.1726551346645184,0.1881970901705402
natural_proteins,cgreGFP_to_ppluGFP,aubin_1_10_1,46,iterative_fancy,3,288,6281,1.2524963841513663,1.1191498488367706,-3.5749103646945715,0.30583156323499094,0.20856385649574682,0.27716520597186745
natural_proteins,cgreGFP_to_ppluGFP,aubin_1_10_1,46,iterative_fancy,4,384,6281,0.36490415189306796,0.6040729690137343,-0.3328611625068998,0.4127357667277685,0.28324645772094675,0.5004611401113369
natural_proteins,cgreGFP_to_ppluGFP,aubin_1_10_1,46,iterative_fancy,5,480,6281,0.3340335560008363,0.5779563616752015,-0.22010218699308282,0.4345925520538337,0.2989350105228558,0.49514296084893483
natural_proteins,cgreGFP_to_ppluGFP,aubin_1_10_1,46,iterative_fancy,6,576,6281,0.36581982723738315,0.6048304119646954,-0.33620578902751164,0.4472482186343679,0.3072056404855658,0.48984588742978047
natural_proteins,cgreGFP_to_ppluGFP,aubin_1_10_1,46,iterative_fancy,7,672,6281,0.32870464066902216,0.5733276904781611,-0.20063761185132334,0.4552357380529774,0.314589065341579,0.5282119440089778
natural_proteins,cgreGFP_to_ppluGFP,aubin_1_10_1,46,iterative_fancy,8,768,6281,0.353425994430919,0.5944964208730941,-0.2909356590039407,0.4840876704995492,0.33338424334218425,0.5216953156973274
natural_proteins,cgreGFP_to_ppluGFP,aubin_1_10_1,46,iterative_fancy,9,864,6281,0.3142552275150794,0.5605847193021581,-0.14785920000264063,0.5190492214076625,0.35929945188757406,0.5639167580181705
natural_proteins,cgreGFP_to_ppluGFP,aubin_1_10_1,46,iterative_fancy,10,960,6281,0.5111327525106555,0.7149354883558764,-0.8669806610102477,0.5276760621351582,0.36484754426624133,0.545512718663959
natural_proteins,cgreGFP_to_ppluGFP,aubin_1_10_1,46,iterative_random,1,96,6281,0.5502726014529333,0.7418036138041748,-1.009944187982767,0.2873087477424866,0.19291719689585696,0.2822048198832814
natural_proteins,cgreGFP_to_ppluGFP,aubin_1_10_1,46,iterative_random,2,192,6281,0.2905118616157713,0.5389915227680036,-0.061133384167987526,0.21039521677888345,0.14101787424836618,-0.01611134506283055
natural_proteins,cgreGFP_to_ppluGFP,aubin_1_10_1,46,iterative_random,3,288,6281,0.48521462808047344,0.6965734907965372,-0.7723112491145614,0.35195202739617026,0.23485221501325845,0.3835018507010429
natural_proteins,cgreGFP_to_ppluGFP,aubin_1_10_1,46,iterative_random,4,384,6281,0.5349429814397038,0.7313979637924238,-0.9539507029932903,0.41802352086581157,0.27909158587986577,0.42556928491862167
natural_proteins,cgreGFP_to_ppluGFP,aubin_1_10_1,46,iterative_random,5,480,6281,0.27378638787910053,0.5232460108582774,-4.1356980885920436e-05,,,
natural_proteins,cgreGFP_to_ppluGFP,aubin_1_10_1,46,iterative_random,6,576,6281,0.34513892152370074,0.5874852521754914,-0.2606660181363545,0.4886628764406293,0.33725854697504165,0.5631833696176726
natural_proteins,cgreGFP_to_ppluGFP,aubin_1_10_1,46,iterative_random,7,672,6281,0.284720614019774,0.5335921794964521,-0.03998007866811437,0.5158480433740344,0.35819466929823607,0.5963405390715661
natural_proteins,cgreGFP_to_ppluGFP,aubin_1_10_1,46,iterative_random,8,768,6281,0.28535037042299743,0.5341819637754511,-0.0422803480603422,0.522925967120395,0.36252738912608695,0.602728731232903
natural_proteins,cgreGFP_to_ppluGFP,aubin_1_10_1,46,iterative_random,9,864,6281,0.2759255852444729,0.5252861936549189,-0.007855061134291796,,,
natural_proteins,cgreGFP_to_ppluGFP,aubin_1_10_1,46,iterative_random,10,960,6281,0.25607018619035765,0.5060337796929743,0.06466943640297307,0.5482879697162398,0.3832433053003855,0.6311412909852381
natural_proteins,cgreGFP_to_ppluGFP,aubin_linear,42,source_only,0,0,6281,75.37395338652925,8.681817401128018,-274.31343398622136,0.15913200491090887,0.10593336700637268,0.24560936487027088
natural_proteins,cgreGFP_to_ppluGFP,aubin_linear,42,oneshot_fancy,1,960,6281,0.2577128439200967,0.5076542562808832,0.058669409601681544,0.45034773633007996,0.3118476272805681,0.5490271535426277
natural_proteins,cgreGFP_to_ppluGFP,aubin_linear,42,oneshot_random,1,960,6281,0.18186440054928235,0.42645562553363314,0.33571598164284466,0.5395163508389108,0.37822293964801373,0.6365763505871596
natural_proteins,cgreGFP_to_ppluGFP,aubin_linear,42,iterative_fancy,1,96,6281,0.4600686678183317,0.6782836190107584,-0.6804622699964171,0.2725877494878558,0.18483063950910816,0.37014894343817123
natural_proteins,cgreGFP_to_ppluGFP,aubin_linear,42,iterative_fancy,2,192,6281,0.28572752986396693,0.5345348724489049,-0.04365797330339061,0.32048273908752567,0.21624874966988952,0.43656042000641365
natural_proteins,cgreGFP_to_ppluGFP,aubin_linear,42,iterative_fancy,3,288,6281,0.2959281238111109,0.5439927608076333,-0.08091700539748237,0.36966895110143533,0.25095328612156004,0.4731665973804005
natural_proteins,cgreGFP_to_ppluGFP,aubin_linear,42,iterative_fancy,4,384,6281,0.22191727091248895,0.4710809600402981,0.18941752195942152,0.39227764537436455,0.2672652087864505,0.49821015354932996
natural_proteins,cgreGFP_to_ppluGFP,aubin_linear,42,iterative_fancy,5,480,6281,0.24229841860263546,0.492238172638648,0.11497265729404493,0.4428998491082491,0.30366875597557286,0.5358805919676531
natural_proteins,cgreGFP_to_ppluGFP,aubin_linear,42,iterative_fancy,6,576,6281,0.21120287337445454,0.45956813790172024,0.22855329030850435,0.44768904126489706,0.30699866407714027,0.5456507362853185
natural_proteins,cgreGFP_to_ppluGFP,aubin_linear,42,iterative_fancy,7,672,6281,0.24669922998322785,0.4966882623771452,0.09889810581996672,0.48000868701858007,0.3306820077512695,0.57500346169636
natural_proteins,cgreGFP_to_ppluGFP,aubin_linear,42,iterative_fancy,8,768,6281,0.19881559604247656,0.44588742530203357,0.27379947558576523,0.4927018674585114,0.339960647041052,0.5878079721349978
natural_proteins,cgreGFP_to_ppluGFP,aubin_linear,42,iterative_fancy,9,864,6281,0.18561279137559697,0.43082802993259034,0.3220244834004351,0.5131665203363945,0.3558727095006295,0.6076007838401691
natural_proteins,cgreGFP_to_ppluGFP,aubin_linear,42,iterative_fancy,10,960,6281,0.3817312231273552,0.6178440119701373,-0.3943242881265032,0.5258326345626121,0.36554393584025213,0.6191208937782198
natural_proteins,cgreGFP_to_ppluGFP,aubin_linear,42,iterative_random,1,96,6281,0.4121923256843932,0.6420220601228537,-0.5055875345291181,0.2787320118724031,0.18819124817374847,0.3814086672602408
natural_proteins,cgreGFP_to_ppluGFP,aubin_linear,42,iterative_random,2,192,6281,0.2572372351129894,0.5071856022335309,0.06040663430644544,0.33419494519770254,0.22635499768392436,0.4380166896540996
natural_proteins,cgreGFP_to_ppluGFP,aubin_linear,42,iterative_random,3,288,6281,0.23141806664935807,0.4810593171838147,0.15471459631473106,0.3703899564148396,0.2515764142454302,0.4797054841076558
natural_proteins,cgreGFP_to_ppluGFP,aubin_linear,42,iterative_random,4,384,6281,0.22309164671992102,0.47232578451734036,0.18512795743735888,0.4142961463675798,0.28315436618077716,0.520106346384745
natural_proteins,cgreGFP_to_ppluGFP,aubin_linear,42,iterative_random,5,480,6281,0.2765664556030531,0.5258958600360466,-0.010195925733178957,0.4259246498476174,0.292452104220667,0.5348491727846888
natural_proteins,cgreGFP_to_ppluGFP,aubin_linear,42,iterative_random,6,576,6281,0.20638667558780158,0.4542980030638497,0.24614509612238422,0.45890455567780203,0.316405571171212,0.564133349339703
natural_proteins,cgreGFP_to_ppluGFP,aubin_linear,42,iterative_random,7,672,6281,0.19215571326535125,0.4383556926348183,0.2981255871260916,0.47048789263759205,0.3245393663722657,0.5834022369996785
natural_proteins,cgreGFP_to_ppluGFP,aubin_linear,42,iterative_random,8,768,6281,0.21349669188680873,0.462057022332535,0.22017481175983544,0.4782630204216342,0.32972458965339846,0.5939908718216946
natural_proteins,cgreGFP_to_ppluGFP,aubin_linear,42,iterative_random,9,864,6281,0.2017294429274067,0.4491430094384267,0.26315626057638064,0.4975636890854484,0.34412769800276855,0.6099820128979492
natural_proteins,cgreGFP_to_ppluGFP,aubin_linear,42,iterative_random,10,960,6281,0.2588394430860338,0.5087626588951215,0.054554355645183183,0.523434976246216,0.3633319489005509,0.6358392397541922
natural_proteins,cgreGFP_to_ppluGFP,aubin_linear,43,source_only,0,0,6281,72.946297708658,8.540860478233911,-265.44609731113155,0.16767855507465312,0.11216285546614206,0.2546549045892702
natural_proteins,cgreGFP_to_ppluGFP,aubin_linear,43,oneshot_fancy,1,960,6281,0.22174653829640445,0.4708997115059686,0.19004114564792074,0.48255088524921835,0.3360277098739928,0.5863726639467147
natural_proteins,cgreGFP_to_ppluGFP,aubin_linear,43,oneshot_random,1,960,6281,0.17065018533357437,0.4130982756361667,0.37667740083050905,0.55169425192002,0.38879414682874586,0.641763931616788
natural_proteins,cgreGFP_to_ppluGFP,aubin_linear,43,iterative_fancy,1,96,6281,0.2840457595340854,0.5329594351675232,-0.037515082505008124,0.27425670897982807,0.1866413933731026,0.3688320969708081
natural_proteins,cgreGFP_to_ppluGFP,aubin_linear,43,iterative_fancy,2,192,6281,0.24637367953165595,0.49636043308432226,0.10008722233477119,0.34900679510641697,0.2387366574896675,0.4379786593517896
natural_proteins,cgreGFP_to_ppluGFP,aubin_linear,43,iterative_fancy,3,288,6281,0.2814679652387322,0.5305355456882528,-0.02809934447247686,0.3973568151539879,0.27203162352310645,0.47826373924072735
natural_proteins,cgreGFP_to_ppluGFP,aubin_linear,43,iterative_fancy,4,384,6281,0.21897673357522818,0.4679494989581976,0.200158227411534,0.4345216515087759,0.2987195374141878,0.5139328588102134
natural_proteins,cgreGFP_to_ppluGFP,aubin_linear,43,iterative_fancy,5,480,6281,0.2470041556176907,0.49699512635205056,0.097784324204932,0.4582223705579725,0.31613809597087345,0.5406496653930273
natural_proteins,cgreGFP_to_ppluGFP,aubin_linear,43,iterative_fancy,6,576,6281,0.25215621266872,0.5021515833577745,0.07896574756032015,0.489785441482367,0.33935299531673074,0.5687574926162147
natural_proteins,cgreGFP_to_ppluGFP,aubin_linear,43,iterative_fancy,7,672,6281,0.28626228229560735,0.5350348421323674,-0.045611227997786497,0.511627410379142,0.35560256793604256,0.5915009353982823
natural_proteins,cgreGFP_to_ppluGFP,aubin_linear,43,iterative_fancy,8,768,6281,0.177918727980485,0.4218041346175793,0.3501280778046333,0.533876700830274,0.37216507210885563,0.6187048613371873
natural_proteins,cgreGFP_to_ppluGFP,aubin_linear,43,iterative_fancy,9,864,6281,0.1691663432195662,0.41129836277277615,0.3820973323790906,0.5450512914390669,0.38033578331158563,0.6290401836463585
natural_proteins,cgreGFP_to_ppluGFP,aubin_linear,43,iterative_fancy,10,960,6281,0.17357888204116304,0.41662798998766637,0.36597994486006924,0.5610009875560271,0.3929868402681945,0.6355449788064038
natural_proteins,cgreGFP_to_ppluGFP,aubin_linear,43,iterative_random,1,96,6281,0.3014300799726377,0.5490264838535913,-0.1010136352863733,0.2772667682074459,0.18771712155900458,0.37520021859543384
natural_proteins,cgreGFP_to_ppluGFP,aubin_linear,43,iterative_random,2,192,6281,0.2799127970902256,0.5290678567917594,-0.022418885054411142,0.3365909543016319,0.22900660817890658,0.43664040129317677
natural_proteins,cgreGFP_to_ppluGFP,aubin_linear,43,iterative_random,3,288,6281,0.23907236006364696,0.4889502633843722,0.12675626707837961,0.389987263062122,0.2672247887826466,0.4792147265291863
natural_proteins,cgreGFP_to_ppluGFP,aubin_linear,43,iterative_random,4,384,6281,0.24711715014741256,0.49710879105826783,0.0973715965901305,0.41436875578277843,0.2846112707707776,0.4990094546353243
natural_proteins,cgreGFP_to_ppluGFP,aubin_linear,43,iterative_random,5,480,6281,0.22357414908999337,0.47283628148651347,0.18336555307295077,0.4296125600562047,0.295202174087464,0.524758962902024
natural_proteins,cgreGFP_to_ppluGFP,aubin_linear,43,iterative_random,6,576,6281,0.27968942405899716,0.5288567141097834,-0.021602985217340942,0.4685003917302823,0.3241483328515915,0.5564487243344651
natural_proteins,cgreGFP_to_ppluGFP,aubin_linear,43,iterative_random,7,672,6281,0.20976671826676152,0.4580029675305189,0.23379903869599006,0.4731443293461362,0.3273523612289225,0.568081067514184
natural_proteins,cgreGFP_to_ppluGFP,aubin_linear,43,iterative_random,8,768,6281,0.1873092580731669,0.4327923960436076,0.315827912155776,0.5040758703523519,0.3511219938451944,0.5951501816639516
natural_proteins,cgreGFP_to_ppluGFP,aubin_linear,43,iterative_random,9,864,6281,0.1777331831658549,0.4215841353346386,0.3508058050270889,0.5170531404458028,0.36028049877065976,0.618083354459432
natural_proteins,cgreGFP_to_ppluGFP,aubin_linear,43,iterative_random,10,960,6281,0.17688127928088163,0.4205725612553458,0.3539174977731949,0.5356453528268915,0.3746168608083997,0.6392766836489363
natural_proteins,cgreGFP_to_ppluGFP,aubin_linear,44,source_only,0,0,6281,63.08427761889058,7.942561149836404,-229.42375146134864,0.16343831683083407,0.10879383260444819,0.2578257491171364
natural_proteins,cgreGFP_to_ppluGFP,aubin_linear,44,oneshot_fancy,1,960,6281,0.3330739896133262,0.5771256272366756,-0.21659724257377677,0.46252022008113625,0.3193322704493968,0.5719446252105932
natural_proteins,cgreGFP_to_ppluGFP,aubin_linear,44,oneshot_random,1,960,6281,0.1786826079599399,0.4227086561213762,0.34733790413258814,0.5274457863484673,0.3687152667683291,0.6251264617250842
natural_proteins,cgreGFP_to_ppluGFP,aubin_linear,44,iterative_fancy,1,96,6281,0.30536337466731944,0.5525969368964322,-0.11538051960938867,0.27031757453009087,0.18121732630520693,0.3805826558438582
natural_proteins,cgreGFP_to_ppluGFP,aubin_linear,44,iterative_fancy,2,192,6281,0.2708130960037221,0.5203970561059336,0.010818988797395512,0.3468161708030456,0.23514030372559672,0.4336824124459896
natural_proteins,cgreGFP_to_ppluGFP,aubin_linear,44,iterative_fancy,3,288,6281,0.3214222097089965,0.5669410989767777,-0.17403755990644876,0.38315199091412483,0.2617838733206844,0.47300971543643394
natural_proteins,cgreGFP_to_ppluGFP,aubin_linear,44,iterative_fancy,4,384,6281,0.24387056765200976,0.49383252996538185,0.10923017286707348,0.4190068461896316,0.28710007104020374,0.5065044584886691
natural_proteins,cgreGFP_to_ppluGFP,aubin_linear,44,iterative_fancy,5,480,6281,0.260302547743757,0.5101985375750866,0.04921017042600917,0.436257024739645,0.29930396752155836,0.530920226526473
natural_proteins,cgreGFP_to_ppluGFP,aubin_linear,44,iterative_fancy,6,576,6281,0.20135522715697027,0.4487262274003719,0.2645231336695606,0.4623745616674292,0.3176189018715103,0.5592239749544068
natural_proteins,cgreGFP_to_ppluGFP,aubin_linear,44,iterative_fancy,7,672,6281,0.3203402522741387,0.5659860884104296,-0.17008556583642753,0.4761357512263292,0.3274494820441229,0.5611020383924458
natural_proteins,cgreGFP_to_ppluGFP,aubin_linear,44,iterative_fancy,8,768,6281,0.22293845865718936,0.47216359310856376,0.18568749730095158,0.4822117593844641,0.3320055706165952,0.5705232085507731
natural_proteins,cgreGFP_to_ppluGFP,aubin_linear,44,iterative_fancy,9,864,6281,0.18587284821438724,0.4311297347833796,0.32107459105563807,0.513131928273899,0.35444782786152346,0.6027033776416049
natural_proteins,cgreGFP_to_ppluGFP,aubin_linear,44,iterative_fancy,10,960,6281,0.20912326375686888,0.45729997130643785,0.23614934225276396,0.5295999036276542,0.3679764182848619,0.6271513177371584
natural_proteins,cgreGFP_to_ppluGFP,aubin_linear,44,iterative_random,1,96,6281,0.30034080719351464,0.5480335821767811,-0.097034920944163,0.30424763182482994,0.20642145483071522,0.3997384927294265
natural_proteins,cgreGFP_to_ppluGFP,aubin_linear,44,iterative_random,2,192,6281,0.2688959908627098,0.5185518208074386,0.017821471431921365,0.36366996974427723,0.24892210934598624,0.44456013178121995
natural_proteins,cgreGFP_to_ppluGFP,aubin_linear,44,iterative_random,3,288,6281,0.25580856353155806,0.5057752104755215,0.06562504811453274,0.42093803266844887,0.2898592389226554,0.5122026210929451
natural_proteins,cgreGFP_to_ppluGFP,aubin_linear,44,iterative_random,4,384,6281,0.28371630150302046,0.5326502619008278,-0.036311693034089876,0.4398298154788709,0.30349884556344964,0.5312849208269244
natural_proteins,cgreGFP_to_ppluGFP,aubin_linear,44,iterative_random,5,480,6281,0.2038004458720827,0.45144262744238356,0.25559164565469294,0.46526155281009857,0.3218818616422371,0.555687355586405
natural_proteins,cgreGFP_to_ppluGFP,aubin_linear,44,iterative_random,6,576,6281,0.20487702729192375,0.45263343589700017,0.2516592881977048,0.4821756643711515,0.33399665329415507,0.5716029915932642
natural_proteins,cgreGFP_to_ppluGFP,aubin_linear,44,iterative_random,7,672,6281,0.20107193238687296,0.44841045080023834,0.2655579056628228,0.5146652284204056,0.35759150498681364,0.6063471975866805
natural_proteins,cgreGFP_to_ppluGFP,aubin_linear,44,iterative_random,8,768,6281,0.22327150564807352,0.4725161432671624,0.18447099867484296,0.5026908089412151,0.3491903553799971,0.594152762177071
natural_proteins,cgreGFP_to_ppluGFP,aubin_linear,44,iterative_random,9,864,6281,0.17695270662527,0.4206574694751895,0.3536565998558038,0.5367074270245319,0.3751184925732529,0.6254645016318852
natural_proteins,cgreGFP_to_ppluGFP,aubin_linear,44,iterative_random,10,960,6281,0.23844279913509522,0.4883060506845018,0.12905582247325575,0.5264319297317323,0.3675792753217157,0.6171023846275256
natural_proteins,cgreGFP_to_ppluGFP,aubin_linear,45,source_only,0,0,6281,62.26526582044885,7.890834291787456,-226.43220145536844,0.1810065949719949,0.12118930952191727,0.27154321948932236
natural_proteins,cgreGFP_to_ppluGFP,aubin_linear,45,oneshot_fancy,1,960,6281,0.20181675694198428,0.4492401996059394,0.26283733447381563,0.46150519303134174,0.3185025914537018,0.5694937957647699
natural_proteins,cgreGFP_to_ppluGFP,aubin_linear,45,oneshot_random,1,960,6281,0.17803408464095055,0.42194085443454105,0.34970672219173227,0.5151964558255353,0.358110377417673,0.6169022612484049
natural_proteins,cgreGFP_to_ppluGFP,aubin_linear,45,iterative_fancy,1,96,6281,0.3216172537620044,0.5671130872780176,-0.1747499843660869,0.2773236354876092,0.1869889924847562,0.3777128666861997
natural_proteins,cgreGFP_to_ppluGFP,aubin_linear,45,iterative_fancy,2,192,6281,0.35486408297905225,0.5957046944410059,-0.2961884695409238,0.35171467150250996,0.23861962646022367,0.46248419059555623
natural_proteins,cgreGFP_to_ppluGFP,aubin_linear,45,iterative_fancy,3,288,6281,0.2297650368186874,0.47933812368586687,0.1607525086002891,0.4217038407131053,0.28917430768123575,0.5195609851362245
natural_proteins,cgreGFP_to_ppluGFP,aubin_linear,45,iterative_fancy,4,384,6281,0.21117516118880317,0.45953798666574147,0.22865451276867987,0.44176396837686643,0.3035720076177566,0.5371781491265135
natural_proteins,cgreGFP_to_ppluGFP,aubin_linear,45,iterative_fancy,5,480,6281,0.25470545407859674,0.5046835187308941,0.06965430275638518,0.4844128421592885,0.3344902577560653,0.5739859352359891
natural_proteins,cgreGFP_to_ppluGFP,aubin_linear,45,iterative_fancy,6,576,6281,0.2164665707892612,0.4652596810269091,0.20932693232110688,0.4886773490596457,0.33689013726589406,0.5770644797279626
natural_proteins,cgreGFP_to_ppluGFP,aubin_linear,45,iterative_fancy,7,672,6281,0.29184112491946573,0.5402232176790125,-0.06598869596164225,0.5187859986428103,0.3601560595055086,0.6047724466967471
natural_proteins,cgreGFP_to_ppluGFP,aubin_linear,45,iterative_fancy,8,768,6281,0.18325142343152426,0.42807875844466314,0.33064969527241617,0.5267349672442958,0.36512761101817687,0.6164390345105368
natural_proteins,cgreGFP_to_ppluGFP,aubin_linear,45,iterative_fancy,9,864,6281,0.16891801560793684,0.4109963693366851,0.3830043821547694,0.5349995936983539,0.3717550578419259,0.6325048589292401
natural_proteins,cgreGFP_to_ppluGFP,aubin_linear,45,iterative_fancy,10,960,6281,0.27140653373972107,0.5209669219247236,0.008651378189032721,0.5395761061242935,0.3757146827578626,0.6374294321710776
natural_proteins,cgreGFP_to_ppluGFP,aubin_linear,45,iterative_random,1,96,6281,0.2816576064671593,0.5307142418167797,-0.028792034393567922,0.27225711567370514,0.18385023887144336,0.36950213156024075
natural_proteins,cgreGFP_to_ppluGFP,aubin_linear,45,iterative_random,2,192,6281,0.37973174845510843,0.6162237811502478,-0.38702093977535923,0.3295540746675034,0.22361376058242105,0.42031840737529086
natural_proteins,cgreGFP_to_ppluGFP,aubin_linear,45,iterative_random,3,288,6281,0.2708627639386016,0.5204447751093305,0.010637570030085364,0.3519686814745417,0.23974808950120194,0.4429597911991978
natural_proteins,cgreGFP_to_ppluGFP,aubin_linear,45,iterative_random,4,384,6281,0.23608233671697496,0.4858830483943384,0.13767772679072587,0.39848419896844284,0.27358516103306557,0.48382323287463846
natural_proteins,cgreGFP_to_ppluGFP,aubin_linear,45,iterative_random,5,480,6281,0.2173099268040415,0.4661651282582616,0.2062464618127947,0.4428940797244136,0.3049441735298326,0.5328700106247561
natural_proteins,cgreGFP_to_ppluGFP,aubin_linear,45,iterative_random,6,576,6281,0.22328711741577728,0.4725326628030884,0.18441397460772146,0.47221560955802167,0.32704417520782314,0.558795762443975
natural_proteins,cgreGFP_to_ppluGFP,aubin_linear,45,iterative_random,7,672,6281,0.19532822568110864,0.44195952946068334,0.28653756171011024,0.5015832401136632,0.3472709286184354,0.5929005493827564
natural_proteins,cgreGFP_to_ppluGFP,aubin_linear,45,iterative_random,8,768,6281,0.24223469961135338,0.4921734446425908,0.11520539942195274,0.5193482552693593,0.3615112234030642,0.6056993576256662
natural_proteins,cgreGFP_to_ppluGFP,aubin_linear,45,iterative_random,9,864,6281,0.2087851838197623,0.45693017389942886,0.23738422438730367,0.5349154473842058,0.3732914102721082,0.6212548789178729
natural_proteins,cgreGFP_to_ppluGFP,aubin_linear,45,iterative_random,10,960,6281,0.2475279523616295,0.4975218109406154,0.0958710866234419,0.5406379500716665,0.3780597052437949,0.6268492484296313
natural_proteins,cgreGFP_to_ppluGFP,aubin_linear,46,source_only,0,0,6281,71.89615159314073,8.479159840051414,-261.61029833469064,0.1767341188088059,0.1183608362686751,0.26700477337424044
natural_proteins,cgreGFP_to_ppluGFP,aubin_linear,46,oneshot_fancy,1,960,6281,0.22076045575429848,0.4698515252229139,0.1936429438641939,0.4655049332098429,0.32200819006040365,0.5775297412641622
natural_proteins,cgreGFP_to_ppluGFP,aubin_linear,46,oneshot_random,1,960,6281,0.18340845829288022,0.4282621373561761,0.33007610446295244,0.5519263061568611,0.388146481634993,0.62787421944591
natural_proteins,cgreGFP_to_ppluGFP,aubin_linear,46,iterative_fancy,1,96,6281,0.3756677875540431,0.612917439427239,-0.37217677967776774,0.2699022865398046,0.18262288806154067,0.3741182316514765
natural_proteins,cgreGFP_to_ppluGFP,aubin_linear,46,iterative_fancy,2,192,6281,0.26348592917315,0.5133088048856653,0.03758244448572712,0.33912732845508664,0.23006374296521354,0.4413998497601303
natural_proteins,cgreGFP_to_ppluGFP,aubin_linear,46,iterative_fancy,3,288,6281,0.2503241947754314,0.500324089741271,0.0856574376556899,0.37782317055594916,0.25756122318978353,0.4843519960866921
natural_proteins,cgreGFP_to_ppluGFP,aubin_linear,46,iterative_fancy,4,384,6281,0.21895054334780908,0.4679215140894989,0.200253890715947,0.41087028072250115,0.28010044731781225,0.5207912661572572
natural_proteins,cgreGFP_to_ppluGFP,aubin_linear,46,iterative_fancy,5,480,6281,0.20050555085581048,0.4477784618042838,0.2676266898682039,0.44612604988722465,0.3060125049223132,0.5515380361654125
natural_proteins,cgreGFP_to_ppluGFP,aubin_linear,46,iterative_fancy,6,576,6281,0.20835280792386848,0.4564567974341805,0.23896353510835533,0.46326256733254556,0.3166154914094208,0.5648340285332996
natural_proteins,cgreGFP_to_ppluGFP,aubin_linear,46,iterative_fancy,7,672,6281,0.20653216137975886,0.4544580963958711,0.24561368983174492,0.48084255579879226,0.3300395372503178,0.5731625963964617
natural_proteins,cgreGFP_to_ppluGFP,aubin_linear,46,iterative_fancy,8,768,6281,0.18388871724502243,0.42882247754172403,0.3283218944822335,0.502152666185001,0.3477298064998688,0.6018138774641801
natural_proteins,cgreGFP_to_ppluGFP,aubin_linear,46,iterative_fancy,9,864,6281,0.22082022131886428,0.4699151213983907,0.19342464215550736,0.5187641009154729,0.3603823959156047,0.6150232687130921
natural_proteins,cgreGFP_to_ppluGFP,aubin_linear,46,iterative_fancy,10,960,6281,0.29186259202741277,0.5402430860523925,-0.06606710744121957,0.5324435867219004,0.3704313504000328,0.6247347445269544
natural_proteins,cgreGFP_to_ppluGFP,aubin_linear,46,iterative_random,1,96,6281,0.3489556008605931,0.5907246404718471,-0.27460694928634344,0.294876275857193,0.1997579620228915,0.39272496665351847
natural_proteins,cgreGFP_to_ppluGFP,aubin_linear,46,iterative_random,2,192,6281,0.2675450369106543,0.5172475586318936,0.022756011216378824,0.355940450756263,0.2434575067606896,0.44280513493788276
natural_proteins,cgreGFP_to_ppluGFP,aubin_linear,46,iterative_random,3,288,6281,0.3411832696025716,0.5841089535374129,-0.24621747105702751,0.39546088811028285,0.26913854684911914,0.493304525232794
natural_proteins,cgreGFP_to_ppluGFP,aubin_linear,46,iterative_random,4,384,6281,0.20856856362527385,0.4566930737653833,0.2381754585860666,0.4533001403852957,0.31277004049700946,0.5451605732268638
natural_proteins,cgreGFP_to_ppluGFP,aubin_linear,46,iterative_random,5,480,6281,0.20694739700287532,0.4549147139881005,0.24409698624678955,0.4697639884710362,0.3252274136289122,0.5646910555973956
natural_proteins,cgreGFP_to_ppluGFP,aubin_linear,46,iterative_random,6,576,6281,0.19353360718167872,0.4399245471460745,0.29309264552320835,0.5076084461758296,0.35182915549345134,0.5960695434293157
natural_proteins,cgreGFP_to_ppluGFP,aubin_linear,46,iterative_random,7,672,6281,0.24120311157074462,0.4911243341260384,0.11897341255060834,0.5191098718237899,0.360289118907581,0.6037103907802649
natural_proteins,cgreGFP_to_ppluGFP,aubin_linear,46,iterative_random,8,768,6281,0.18267303416817887,0.42740266045987463,0.33276233932407917,0.5290042876176266,0.3692212821601423,0.6162291911314354
natural_proteins,cgreGFP_to_ppluGFP,aubin_linear,46,iterative_random,9,864,6281,0.1944724395233124,0.44099029413731133,0.28966343497633684,0.5506164111289036,0.385394507090375,0.6388557499744765
natural_proteins,cgreGFP_to_ppluGFP,aubin_linear,46,iterative_random,10,960,6281,0.16585441182800972,0.40725227050074225,0.3941946042292246,0.55497764265133,0.38987146114446175,0.645014059551411
natural_proteins,cgreGFP_to_ppluGFP,mlp_small,42,source_only,0,0,6281,5.901415305341094,2.429282878822698,-20.55570777560771,-0.13800065620313587,-0.08961113588798739,-0.20688999754583964
natural_proteins,cgreGFP_to_ppluGFP,mlp_small,42,oneshot_fancy,1,960,6281,0.26869191724006686,0.5183550108179401,0.018566877600916132,0.4076996530765018,0.2808644814482258,0.5157646299653088
natural_proteins,cgreGFP_to_ppluGFP,mlp_small,42,oneshot_random,1,960,6281,0.12491070125564582,0.35342708053521565,0.5437469767843578,0.6835775192792649,0.5013381376818264,0.8094662813931953
natural_proteins,cgreGFP_to_ppluGFP,mlp_small,42,iterative_fancy,1,96,6281,0.6346257317439179,0.7966340011221702,-1.3180552651449817,0.23664594534209182,0.15880967672279792,0.33093391534384486
natural_proteins,cgreGFP_to_ppluGFP,mlp_small,42,iterative_fancy,2,192,6281,0.4100250715432779,0.6403320010301514,-0.4976713492541931,0.36113329705333863,0.245376557297784,0.43918056547265205
natural_proteins,cgreGFP_to_ppluGFP,mlp_small,42,iterative_fancy,3,288,6281,0.307323359558024,0.5543675311181419,-0.12253962625799142,0.42944931724731267,0.2942870779308004,0.5106835283634877
natural_proteins,cgreGFP_to_ppluGFP,mlp_small,42,iterative_fancy,4,384,6281,0.1684703306104464,0.4104513742338383,0.38463961141455283,0.5315312854848008,0.37138084249565567,0.6222337477631539
natural_proteins,cgreGFP_to_ppluGFP,mlp_small,42,iterative_fancy,5,480,6281,0.24094380865573406,0.4908602740655777,0.11992055108808286,0.5264195991527729,0.3666220613809951,0.6087533533238253
natural_proteins,cgreGFP_to_ppluGFP,mlp_small,42,iterative_fancy,6,576,6281,0.29051574366475563,0.5389951239712245,-0.06114756387050768,0.5431319236201998,0.3793919315686369,0.6393711195093866
natural_proteins,cgreGFP_to_ppluGFP,mlp_small,42,iterative_fancy,7,672,6281,0.18686684973818948,0.4322809847057692,0.3174438677008188,0.5260161249668767,0.3673175956696736,0.642382468580074
natural_proteins,cgreGFP_to_ppluGFP,mlp_small,42,iterative_fancy,8,768,6281,0.5471294102000362,0.7396819655771231,-0.9984632620311611,0.5260279772838926,0.3681334207979436,0.6248165033499364
natural_proteins,cgreGFP_to_ppluGFP,mlp_small,42,iterative_fancy,9,864,6281,0.1794163871138176,0.4235757159160775,0.34465767774714706,0.598998324786723,0.4260974320489533,0.7087303696488909
natural_proteins,cgreGFP_to_ppluGFP,mlp_small,42,iterative_fancy,10,960,6281,0.15460124667144398,0.3931936503447684,0.4352982932792129,0.5620068450624246,0.3949750693713085,0.6629005915519509
natural_proteins,cgreGFP_to_ppluGFP,mlp_small,42,iterative_random,1,96,6281,0.31192947339713767,0.558506466746033,-0.13936407238827075,0.3342310129559561,0.22636139820367313,0.4343916903243033
natural_proteins,cgreGFP_to_ppluGFP,mlp_small,42,iterative_random,2,192,6281,0.19413425434882026,0.4406066889515186,0.29089870150448605,0.41902906354339275,0.2856857310187003,0.5416431799178514
natural_proteins,cgreGFP_to_ppluGFP,mlp_small,42,iterative_random,3,288,6281,0.2619073750980385,0.5117688688246272,0.0433483241248539,0.48438458470641427,0.33275548033410957,0.6022309791755794
natural_proteins,cgreGFP_to_ppluGFP,mlp_small,42,iterative_random,4,384,6281,0.17002010417144953,0.41233494172996005,0.3789788564480091,0.5282223924995936,0.3691936002142771,0.6535090547663578
natural_proteins,cgreGFP_to_ppluGFP,mlp_small,42,iterative_random,5,480,6281,0.1343224126853126,0.3665002219444247,0.5093694434725384,0.59206768119088,0.41976970505886674,0.7155033270973243
natural_proteins,cgreGFP_to_ppluGFP,mlp_small,42,iterative_random,6,576,6281,0.12876162629121027,0.3588337028363003,0.5296809586450699,0.6158977820342396,0.4397812611354724,0.7341994860095588
natural_proteins,cgreGFP_to_ppluGFP,mlp_small,42,iterative_random,7,672,6281,0.12469111060930939,0.35311628482598956,0.5445490609553194,0.6229396603240211,0.44314745813651846,0.739377004819169
natural_proteins,cgreGFP_to_ppluGFP,mlp_small,42,iterative_random,8,768,6281,0.1274802698890871,0.3570437926768747,0.5343612840808298,0.6513701715957356,0.4691595689451805,0.7745040188570989
natural_proteins,cgreGFP_to_ppluGFP,mlp_small,42,iterative_random,9,864,6281,0.11053578293909865,0.332469221040232,0.5962532862876528,0.65355984058371,0.4735213199676551,0.7762425067719682
natural_proteins,cgreGFP_to_ppluGFP,mlp_small,42,iterative_random,10,960,6281,0.0980971527619943,0.31320464996866554,0.6416870446919887,0.6785066538789981,0.49399793945178566,0.8013079084585357
natural_proteins,cgreGFP_to_ppluGFP,mlp_small,43,source_only,0,0,6281,15.56086492093143,3.9447262162197556,-55.83813790697378,-0.06950473276955983,-0.045708879869886455,-0.10662427588854194
natural_proteins,cgreGFP_to_ppluGFP,mlp_small,43,oneshot_fancy,1,960,6281,0.33312277927383616,0.5771678952209973,-0.21677545332662307,0.36887577883062955,0.253615964359653,0.4811084201400043
natural_proteins,cgreGFP_to_ppluGFP,mlp_small,43,oneshot_random,1,960,6281,0.10020415619697509,0.3165504007215519,0.6339909331701403,0.6840634376877576,0.5010787854376099,0.8065111703071275
natural_proteins,cgreGFP_to_ppluGFP,mlp_small,43,iterative_fancy,1,96,6281,0.9718974413910619,0.9858485894857597,-2.549985240917674,0.2798544646481431,0.1899252261326874,0.3488029533866167
natural_proteins,cgreGFP_to_ppluGFP,mlp_small,43,iterative_fancy,2,192,6281,0.23704926493143802,0.48687705319868796,0.13414589231500407,0.3796691855626413,0.259374533798444,0.4747102176017671
natural_proteins,cgreGFP_to_ppluGFP,mlp_small,43,iterative_fancy,3,288,6281,0.22856089195659327,0.47808042415120205,0.1651508085713671,0.4541750228045455,0.31352800896057414,0.5553510845028413
natural_proteins,cgreGFP_to_ppluGFP,mlp_small,43,iterative_fancy,4,384,6281,0.1849869966587393,0.43010114700932767,0.3243102822039686,0.4502871846355037,0.3106337250179833,0.5767201348709696
natural_proteins,cgreGFP_to_ppluGFP,mlp_small,43,iterative_fancy,5,480,6281,0.1766381648473626,0.4202834339435265,0.35480550571939473,0.5043489747679023,0.35182190724686707,0.6360053687099709
natural_proteins,cgreGFP_to_ppluGFP,mlp_small,43,iterative_fancy,6,576,6281,0.16919238969924622,0.4113300252829183,0.3820021941324978,0.516568294286627,0.3609334396387265,0.6194245303372192
natural_proteins,cgreGFP_to_ppluGFP,mlp_small,43,iterative_fancy,7,672,6281,0.17299611311107038,0.41592801433790244,0.3681085862296084,0.5150592198173548,0.35894301756721014,0.6069671216520607
natural_proteins,cgreGFP_to_ppluGFP,mlp_small,43,iterative_fancy,8,768,6281,0.19854325847507603,0.44558193239299554,0.2747942249323996,0.5122198606648405,0.35929232167651315,0.6369861653397128
natural_proteins,cgreGFP_to_ppluGFP,mlp_small,43,iterative_fancy,9,864,6281,0.1577439940544431,0.39716998131082754,0.42381898862170597,0.5364139615339059,0.3766815769305125,0.6643298272997411
natural_proteins,cgreGFP_to_ppluGFP,mlp_small,43,iterative_fancy,10,960,6281,0.1983708121006914,0.44538838343707554,0.2754241083520318,0.6046972945659012,0.4325556599077046,0.7149556656042886
natural_proteins,cgreGFP_to_ppluGFP,mlp_small,43,iterative_random,1,96,6281,0.27181798367224,0.5213616630250445,0.007148502344717089,0.3050844739130646,0.20649745892249505,0.37992329492516336
natural_proteins,cgreGFP_to_ppluGFP,mlp_small,43,iterative_random,2,192,6281,0.1986891431856644,0.4457456036638661,0.2742613615381684,0.4716634994283039,0.3261960199354724,0.5450565775153318
natural_proteins,cgreGFP_to_ppluGFP,mlp_small,43,iterative_random,3,288,6281,0.19820898377209964,0.44520667534539465,0.2760152079409358,0.5309141933165903,0.37162425343360345,0.6222632806489412
natural_proteins,cgreGFP_to_ppluGFP,mlp_small,43,iterative_random,4,384,6281,0.1616937230140116,0.40211158030329297,0.40939207595073046,0.5647059867047831,0.3954756050997014,0.6414326555589912
natural_proteins,cgreGFP_to_ppluGFP,mlp_small,43,iterative_random,5,480,6281,0.18054885931103137,0.42491041327676515,0.34052117175932983,0.5990279453283913,0.42567506696604424,0.696494957926103
natural_proteins,cgreGFP_to_ppluGFP,mlp_small,43,iterative_random,6,576,6281,0.1366157888520943,0.36961573133741793,0.5009925806501663,0.6226092777148236,0.44515783752321003,0.7252507451492325
natural_proteins,cgreGFP_to_ppluGFP,mlp_small,43,iterative_random,7,672,6281,0.14620586035277083,0.38236874918430613,0.4659635633517779,0.5881507084427681,0.415482678827156,0.7029105200227276
natural_proteins,cgreGFP_to_ppluGFP,mlp_small,43,iterative_random,8,768,6281,0.11082087712693839,0.33289769768945293,0.5952119416807014,0.6551474401042312,0.4730198989381895,0.7737807242910988
natural_proteins,cgreGFP_to_ppluGFP,mlp_small,43,iterative_random,9,864,6281,0.11728097722115598,0.3424631034449638,0.5716155630787583,0.6677419566356638,0.48339747673835837,0.7917012637910796
natural_proteins,cgreGFP_to_ppluGFP,mlp_small,43,iterative_random,10,960,6281,0.3539751472259095,0.5949581054376094,-0.2929415129492241,0.6541266294093362,0.47167939309221696,0.7699486205979164
natural_proteins,cgreGFP_to_ppluGFP,mlp_small,44,source_only,0,0,6281,8.05555091615663,2.8382302436829594,-28.423975866101994,-0.17515991383302013,-0.11708605807072858,-0.27501777520312914
natural_proteins,cgreGFP_to_ppluGFP,mlp_small,44,oneshot_fancy,1,960,6281,0.5589347445769811,0.7476193848322695,-1.0415838229231302,0.37277905170159176,0.25488340300854434,0.448333630832029
natural_proteins,cgreGFP_to_ppluGFP,mlp_small,44,oneshot_random,1,960,6281,0.10775051549352878,0.3282537364502174,0.6064268477177863,0.6626977279385241,0.48203043476213325,0.7934481090022668
natural_proteins,cgreGFP_to_ppluGFP,mlp_small,44,iterative_fancy,1,96,6281,1.20435463783733,1.0974309262260336,-3.3990662050039955,0.08790664089782224,0.05687963992188689,0.1364114430515038
natural_proteins,cgreGFP_to_ppluGFP,mlp_small,44,iterative_fancy,2,192,6281,0.6253519110286851,0.7907919517981231,-1.2841813960885182,0.33347642471652394,0.22508694772600663,0.41758978584846246
natural_proteins,cgreGFP_to_ppluGFP,mlp_small,44,iterative_fancy,3,288,6281,0.3524763462557375,0.5936971839715407,-0.28746694218014346,0.4628204023963691,0.31934483548170045,0.5493164239276822
natural_proteins,cgreGFP_to_ppluGFP,mlp_small,44,iterative_fancy,4,384,6281,0.1804427139029633,0.42478549163426393,0.3409088820423135,0.5104616176277746,0.35693815839708354,0.5945271135300685
natural_proteins,cgreGFP_to_ppluGFP,mlp_small,44,iterative_fancy,5,480,6281,0.19896550426717283,0.4460554946048449,0.27325191576875174,0.46771909154886887,0.32400328566024056,0.5617509494413548
natural_proteins,cgreGFP_to_ppluGFP,mlp_small,44,iterative_fancy,6,576,6281,0.18436827294785066,0.4293812675791186,0.32657025321358124,0.5345463561679114,0.37682094095574037,0.6405609532025163
natural_proteins,cgreGFP_to_ppluGFP,mlp_small,44,iterative_fancy,7,672,6281,0.19644471440432454,0.44322084157260083,0.28245943749631,0.49614565902194363,0.34555738880143794,0.6253141245917581
natural_proteins,cgreGFP_to_ppluGFP,mlp_small,44,iterative_fancy,8,768,6281,0.17752305913416339,0.42133485392756603,0.3515733111234105,0.5047076208785597,0.35049516398536495,0.6180337629464958
natural_proteins,cgreGFP_to_ppluGFP,mlp_small,44,iterative_fancy,9,864,6281,0.14525036335510552,0.3811172567007502,0.46945364378104426,0.5647165093660983,0.3993266157922055,0.69741890135023
natural_proteins,cgreGFP_to_ppluGFP,mlp_small,44,iterative_fancy,10,960,6281,0.1219293165857162,0.3491837862583488,0.5546368825758576,0.6237194528774844,0.445263341122688,0.757243599927137
natural_proteins,cgreGFP_to_ppluGFP,mlp_small,44,iterative_random,1,96,6281,0.44304423424193146,0.6656156805859755,-0.6182782520565175,0.35852745851024964,0.24296687359276123,0.4172200861864056
natural_proteins,cgreGFP_to_ppluGFP,mlp_small,44,iterative_random,2,192,6281,0.23444826567349747,0.4841985808255715,0.1436463895733474,0.44908518000747066,0.3110537634371877,0.5427282203018409
natural_proteins,cgreGFP_to_ppluGFP,mlp_small,44,iterative_random,3,288,6281,0.16683995563555873,0.4084604701015249,0.39059477381289065,0.5404715935727057,0.3775758400760595,0.644348813989488
natural_proteins,cgreGFP_to_ppluGFP,mlp_small,44,iterative_random,4,384,6281,0.1627355534683385,0.4034049497320757,0.40558665103768055,0.5568010062748504,0.3897591359470375,0.6802690520213414
natural_proteins,cgreGFP_to_ppluGFP,mlp_small,44,iterative_random,5,480,6281,0.14565308335768604,0.38164523232668063,0.46798265517206417,0.5791761249085252,0.4070929129217684,0.7054473891253935
natural_proteins,cgreGFP_to_ppluGFP,mlp_small,44,iterative_random,6,576,6281,0.13859460569972812,0.3722829645575098,0.49376468776310933,0.5695581810556912,0.40079191729656494,0.7038568582777234
natural_proteins,cgreGFP_to_ppluGFP,mlp_small,44,iterative_random,7,672,6281,0.1623568454433422,0.4029352869175672,0.406969932690763,0.634212723373438,0.4548865014812652,0.7589333479473539
natural_proteins,cgreGFP_to_ppluGFP,mlp_small,44,iterative_random,8,768,6281,0.11769905256195361,0.3430729551596185,0.5700884870456133,0.6545894506266389,0.47242039099951916,0.7674324454915902
natural_proteins,cgreGFP_to_ppluGFP,mlp_small,44,iterative_random,9,864,6281,0.10340171685997135,0.32156137339545515,0.6223114156849119,0.6784182735258405,0.4943994087554656,0.7935856990532699
natural_proteins,cgreGFP_to_ppluGFP,mlp_small,44,iterative_random,10,960,6281,0.10001443537967693,0.31625058953253654,0.6346839138002152,0.6983831150055931,0.5161511705756371,0.8218306406420761
natural_proteins,cgreGFP_to_ppluGFP,mlp_small,45,source_only,0,0,6281,14.520805901062348,3.810617522274093,-52.039183394927775,0.0505634076799471,0.03148504531558092,0.06115335136867271
natural_proteins,cgreGFP_to_ppluGFP,mlp_small,45,oneshot_fancy,1,960,6281,0.16273279451256634,0.4034015301316622,0.4055967284922086,0.600542574813069,0.42600985410211667,0.6874953850858707
natural_proteins,cgreGFP_to_ppluGFP,mlp_small,45,oneshot_random,1,960,6281,0.1902990011435778,0.43623273735882984,0.30490747618991554,0.6541072111680077,0.4714712302072997,0.7778454115897597
natural_proteins,cgreGFP_to_ppluGFP,mlp_small,45,iterative_fancy,1,96,6281,0.28503444456272714,0.5338861719156314,-0.04112638665102075,0.2169260413340612,0.14655488193659574,0.25349511264522573
natural_proteins,cgreGFP_to_ppluGFP,mlp_small,45,iterative_fancy,2,192,6281,0.551578760906452,0.7426834863563697,-1.0147151098772,0.3639718595180089,0.24908875677311712,0.4272543658114644
natural_proteins,cgreGFP_to_ppluGFP,mlp_small,45,iterative_fancy,3,288,6281,0.28377393761105285,0.5327043622977503,-0.03652221661831323,0.4396849666856262,0.3029352914355517,0.5248389714537972
natural_proteins,cgreGFP_to_ppluGFP,mlp_small,45,iterative_fancy,4,384,6281,0.22554075406721114,0.4749113117911713,0.176182265673978,0.5212661224135122,0.3637738253889534,0.6151842636551316
natural_proteins,cgreGFP_to_ppluGFP,mlp_small,45,iterative_fancy,5,480,6281,0.23455309699202948,0.48430682112895074,0.14326347917794413,0.5431932792631543,0.38059031406925137,0.6284747762732975
natural_proteins,cgreGFP_to_ppluGFP,mlp_small,45,iterative_fancy,6,576,6281,0.17136174582439034,0.41395862815550827,0.3740783310801027,0.5500447369080785,0.38635339187837464,0.6444253304146453
natural_proteins,cgreGFP_to_ppluGFP,mlp_small,45,iterative_fancy,7,672,6281,0.1574121877914209,0.3967520482510719,0.4250309553235494,0.5805306061744897,0.41148601807299773,0.6817204591199517
natural_proteins,cgreGFP_to_ppluGFP,mlp_small,45,iterative_fancy,8,768,6281,0.18068524248938173,0.425070867608428,0.34002301398091217,0.5286649676638335,0.36974865817560654,0.6104941515186229
natural_proteins,cgreGFP_to_ppluGFP,mlp_small,45,iterative_fancy,9,864,6281,0.2715209770698869,0.5210767477731921,0.008233358637063648,0.538231982525311,0.37754200914388236,0.623850745912909
natural_proteins,cgreGFP_to_ppluGFP,mlp_small,45,iterative_fancy,10,960,6281,0.18125527899090835,0.42574085896341723,0.3379408795076415,0.604846110858635,0.43166484486209394,0.7049731214370256
natural_proteins,cgreGFP_to_ppluGFP,mlp_small,45,iterative_random,1,96,6281,0.28069422279455214,0.529805834994814,-0.025273146830491644,0.29373770047944125,0.19656658402245114,0.3453749381456141
natural_proteins,cgreGFP_to_ppluGFP,mlp_small,45,iterative_random,2,192,6281,0.40596834595946774,0.6371564532824475,-0.48285361711944574,0.4014786189084833,0.2733851439677124,0.4747353399069827
natural_proteins,cgreGFP_to_ppluGFP,mlp_small,45,iterative_random,3,288,6281,0.22257858442609918,0.4717823485741059,0.18700198600577644,0.4904093161163155,0.3410917103898195,0.5965948725886793
natural_proteins,cgreGFP_to_ppluGFP,mlp_small,45,iterative_random,4,384,6281,0.1726566155317309,0.4155196933139642,0.36934864649178734,0.5290234674827878,0.36911128998830073,0.6194669926799334
natural_proteins,cgreGFP_to_ppluGFP,mlp_small,45,iterative_random,5,480,6281,0.16091684477324752,0.4011444188484336,0.4122297275086513,0.5697137542881704,0.3993996942530008,0.6597191654553305
natural_proteins,cgreGFP_to_ppluGFP,mlp_small,45,iterative_random,6,576,6281,0.13577245713313768,0.3684731430282778,0.5040729624147368,0.6211786989557259,0.44130098524233874,0.719705706823875
natural_proteins,cgreGFP_to_ppluGFP,mlp_small,45,iterative_random,7,672,6281,0.12657703783733032,0.35577666848365747,0.5376604598130665,0.6609913774556461,0.473519866854271,0.7489949219405161
natural_proteins,cgreGFP_to_ppluGFP,mlp_small,45,iterative_random,8,768,6281,0.11501293774121078,0.3391355742785041,0.5798998802677201,0.6578722974894136,0.47186983257397463,0.7722232837142728
natural_proteins,cgreGFP_to_ppluGFP,mlp_small,45,iterative_random,9,864,6281,0.26085213089753456,0.510736850929649,0.047202744537764185,0.6680160163873188,0.48006684429510094,0.7767009903637752
natural_proteins,cgreGFP_to_ppluGFP,mlp_small,45,iterative_random,10,960,6281,0.10579813104475645,0.3252662463963275,0.6135581927368849,0.6672480242651312,0.48119402970871966,0.7844992537312255
natural_proteins,cgreGFP_to_ppluGFP,mlp_small,46,source_only,0,0,6281,15.05894260204672,3.8805853427088444,-54.00479958520847,-0.005899526316508367,-0.004251298762819373,-0.007725404598627254
natural_proteins,cgreGFP_to_ppluGFP,mlp_small,46,oneshot_fancy,1,960,6281,0.2501219413295543,0.5001219264634917,0.08639619538588894,0.5124093495406741,0.35944528157843125,0.6169381808364734
natural_proteins,cgreGFP_to_ppluGFP,mlp_small,46,oneshot_random,1,960,6281,0.10925781774307344,0.3305417034854656,0.6009212248901071,0.6800015859219076,0.49706144669029667,0.7830816528686058
natural_proteins,cgreGFP_to_ppluGFP,mlp_small,46,iterative_fancy,1,96,6281,0.333171211720189,0.577209850678407,-0.21695235930704015,0.346690036015847,0.23868174360412295,0.3742724360734148
natural_proteins,cgreGFP_to_ppluGFP,mlp_small,46,iterative_fancy,2,192,6281,0.31382569240248087,0.5602014748306906,-0.1462902656220766,0.38315478380091644,0.2617760204206175,0.41006498906530686
natural_proteins,cgreGFP_to_ppluGFP,mlp_small,46,iterative_fancy,3,288,6281,0.33588430844328704,0.5795552678073826,-0.2268623075320244,0.4354811029027842,0.29727385959989894,0.49992338866808717
natural_proteins,cgreGFP_to_ppluGFP,mlp_small,46,iterative_fancy,4,384,6281,0.19686288448027062,0.44369233087835835,0.2809320154303795,0.4679405643302285,0.3221185866804259,0.5311515554366639
natural_proteins,cgreGFP_to_ppluGFP,mlp_small,46,iterative_fancy,5,480,6281,0.17744931548291148,0.42124733290895916,0.35184266966105715,0.5496532682705795,0.38350298579386044,0.6119594867962825
natural_proteins,cgreGFP_to_ppluGFP,mlp_small,46,iterative_fancy,6,576,6281,0.1796432464306537,0.4238434220684022,0.3438290437861603,0.5276579412772814,0.36769354956982303,0.5970087142445151
natural_proteins,cgreGFP_to_ppluGFP,mlp_small,46,iterative_fancy,7,672,6281,0.16031876880244655,0.40039826273654905,0.4144142798892524,0.5733371571617167,0.4050628199701287,0.6460374036845244
natural_proteins,cgreGFP_to_ppluGFP,mlp_small,46,iterative_fancy,8,768,6281,0.17753715016599342,0.4213515754877314,0.3515218417472237,0.5939225417258761,0.42091683434668004,0.6828222844105322
natural_proteins,cgreGFP_to_ppluGFP,mlp_small,46,iterative_fancy,9,864,6281,0.1383869962673835,0.3720040272193078,0.49452300894938994,0.6072243355015052,0.43293253394350095,0.7053280323845084
natural_proteins,cgreGFP_to_ppluGFP,mlp_small,46,iterative_fancy,10,960,6281,0.1603184526919315,0.40039786799124133,0.41441543452513796,0.6316116869126056,0.4524157837106831,0.7365084931652157
natural_proteins,cgreGFP_to_ppluGFP,mlp_small,46,iterative_random,1,96,6281,0.24088292820201093,0.4907982561114199,0.12014292507835511,0.314516849903606,0.21226563585946476,0.3642252834843019
natural_proteins,cgreGFP_to_ppluGFP,mlp_small,46,iterative_random,2,192,6281,0.19592126229499426,0.44262993831754566,0.28437141625385254,0.4555005489174467,0.3122279860322111,0.537606177501575
natural_proteins,cgreGFP_to_ppluGFP,mlp_small,46,iterative_random,3,288,6281,0.17169681486952318,0.4143631437151755,0.3728544466307234,0.5262952835344348,0.36625756315707214,0.6360755332402965
natural_proteins,cgreGFP_to_ppluGFP,mlp_small,46,iterative_random,4,384,6281,0.1445544484530482,0.3802031673369492,0.4719955659284081,0.5930036587872975,0.4208273877471826,0.7023324261639858
natural_proteins,cgreGFP_to_ppluGFP,mlp_small,46,iterative_random,5,480,6281,0.1534990631176683,0.39178956484019367,0.4393241659505984,0.5881969668127233,0.4162474180241332,0.7006995743199735
natural_proteins,cgreGFP_to_ppluGFP,mlp_small,46,iterative_random,6,576,6281,0.13931556127999423,0.3732499983656989,0.491131301193392,0.6425199480851852,0.46150078324762017,0.7611148968808682
natural_proteins,cgreGFP_to_ppluGFP,mlp_small,46,iterative_random,7,672,6281,0.11729097696681363,0.3424777028754042,0.5715790376718729,0.6345079744878215,0.45372586460200803,0.7565627681517952
natural_proteins,cgreGFP_to_ppluGFP,mlp_small,46,iterative_random,8,768,6281,0.10745828260470561,0.32780830161041624,0.6074942673837421,0.6644411033001617,0.48035063748469864,0.7828390614206846
natural_proteins,cgreGFP_to_ppluGFP,mlp_small,46,iterative_random,9,864,6281,0.10661499560578323,0.3265195179553333,0.6105744858024134,0.6928710408543376,0.506602809446667,0.8116243605224946
natural_proteins,cgreGFP_to_ppluGFP,mlp_small,46,iterative_random,10,960,6281,0.09722970140280167,0.3118167753710529,0.6448555266646752,0.6936707489063453,0.5070072473630038,0.8098565292795618
natural_proteins,cgreGFP_to_ppluGFP,CNN_Jannis_OHE,42,source_only,0,0,6281,1.247431272442202,1.116884628080359,-3.5564093675261903,-0.08336050602374824,-0.0553444719851338,-0.09235617273145622
natural_proteins,cgreGFP_to_ppluGFP,CNN_Jannis_OHE,42,oneshot_fancy,1,960,6281,0.08718041857001935,0.2952633037985238,0.681561874699838,0.6982033102595105,0.5140237814798214,0.8416050372042188
natural_proteins,cgreGFP_to_ppluGFP,CNN_Jannis_OHE,42,oneshot_random,1,960,6281,0.12195959164969561,0.3492271347557283,0.5545262988602127,0.7393101171279062,0.5496383869359214,0.8275522778299564
natural_proteins,cgreGFP_to_ppluGFP,CNN_Jannis_OHE,42,iterative_fancy,1,96,6281,0.17060275305124115,0.41304086123680445,0.376850653578232,0.47611480014327423,0.3321094766722094,0.6312003065251838
natural_proteins,cgreGFP_to_ppluGFP,CNN_Jannis_OHE,42,iterative_fancy,2,192,6281,0.1778114985626675,0.4216770073915194,0.35051974757804005,0.6066559987209769,0.43157626134131577,0.7289469227884582
natural_proteins,cgreGFP_to_ppluGFP,CNN_Jannis_OHE,42,iterative_fancy,3,288,6281,0.19844409615571143,0.4454706456723175,0.2751564285510196,0.6478589650314861,0.4644697323838089,0.7387908104891635
natural_proteins,cgreGFP_to_ppluGFP,CNN_Jannis_OHE,42,iterative_fancy,4,384,6281,0.12407348126584998,0.3522406581668987,0.5468050346416997,0.6714293916235667,0.48898030589790875,0.8036129274036977
natural_proteins,cgreGFP_to_ppluGFP,CNN_Jannis_OHE,42,iterative_fancy,5,480,6281,0.15463494158125582,0.39323649573921265,0.4351752181198063,0.6859637598123116,0.4992899670278329,0.8048670338501034
natural_proteins,cgreGFP_to_ppluGFP,CNN_Jannis_OHE,42,iterative_fancy,6,576,6281,0.08389577019551928,0.28964766561379235,0.6935594916854224,0.7000062576729049,0.5145887151674493,0.8599295517575999
natural_proteins,cgreGFP_to_ppluGFP,CNN_Jannis_OHE,42,iterative_fancy,7,672,6281,0.0730434510354558,0.2702655195089744,0.7331990371839808,0.6932227369264701,0.5093287547145058,0.8699268415025814
natural_proteins,cgreGFP_to_ppluGFP,CNN_Jannis_OHE,42,iterative_fancy,8,768,6281,0.06465020684209861,0.2542640494487937,0.7638564828576617,0.7079282838834128,0.5230531026163576,0.8796547970747227
natural_proteins,cgreGFP_to_ppluGFP,CNN_Jannis_OHE,42,iterative_fancy,9,864,6281,0.2106846406740828,0.45900396585877423,0.2304462044775626,0.6048233088147132,0.43046259321466324,0.7794364123297066
natural_proteins,cgreGFP_to_ppluGFP,CNN_Jannis_OHE,42,iterative_fancy,10,960,6281,0.09814532088832642,0.31328153614333293,0.6415111041757579,0.7375499867231905,0.5510968038107309,0.8796609463275981
natural_proteins,cgreGFP_to_ppluGFP,CNN_Jannis_OHE,42,iterative_random,1,96,6281,0.22248828934327008,0.47168664316818437,0.18733180085837242,0.4955565580417523,0.3436833037136744,0.5623579326818595
natural_proteins,cgreGFP_to_ppluGFP,CNN_Jannis_OHE,42,iterative_random,2,192,6281,0.1837643979966837,0.4286774988224641,0.3287759871446576,0.5059621860331963,0.3518804701948082,0.6221938803018982
natural_proteins,cgreGFP_to_ppluGFP,CNN_Jannis_OHE,42,iterative_random,3,288,6281,0.15584049638503608,0.39476638203504116,0.43077176814836504,0.6102888361776057,0.43532493304311076,0.7434351675027656
natural_proteins,cgreGFP_to_ppluGFP,CNN_Jannis_OHE,42,iterative_random,4,384,6281,0.10809482485913098,0.32877777427790184,0.6051692117634739,0.6508371912472646,0.4688144615829915,0.7988108692600876
natural_proteins,cgreGFP_to_ppluGFP,CNN_Jannis_OHE,42,iterative_random,5,480,6281,0.1561611162452332,0.3951722614825504,0.42960066127723695,0.6274387384941251,0.4479071164914504,0.731329382253128
natural_proteins,cgreGFP_to_ppluGFP,CNN_Jannis_OHE,42,iterative_random,6,576,6281,0.11507290686310086,0.3392239774295161,0.5796808350387134,0.6514025251595781,0.4696769853878284,0.8063889470775172
natural_proteins,cgreGFP_to_ppluGFP,CNN_Jannis_OHE,42,iterative_random,7,672,6281,0.11668729915540925,0.3415952270676645,0.5737840515236304,0.6793895127324554,0.49276705161794404,0.8128209429009619
natural_proteins,cgreGFP_to_ppluGFP,CNN_Jannis_OHE,42,iterative_random,8,768,6281,0.09154662558255731,0.3025667291401309,0.6656137203028925,0.7004910494474996,0.5147956854231143,0.8407020812808648
natural_proteins,cgreGFP_to_ppluGFP,CNN_Jannis_OHE,42,iterative_random,9,864,6281,0.11157702839089566,0.3340314781437457,0.592449998174494,0.7167312748654269,0.5290703569149712,0.8288177048643894
natural_proteins,cgreGFP_to_ppluGFP,CNN_Jannis_OHE,42,iterative_random,10,960,6281,0.16134987364102357,0.4016837980813062,0.41064803172056896,0.7042175920228987,0.5173979082071469,0.7874983224640809
natural_proteins,cgreGFP_to_ppluGFP,CNN_Jannis_OHE,43,source_only,0,0,6281,1.276598439109869,1.1298665580987293,-3.662946340235373,-0.14940551903069,-0.09958974853383716,-0.17073545839848386
natural_proteins,cgreGFP_to_ppluGFP,CNN_Jannis_OHE,43,oneshot_fancy,1,960,6281,0.08650046175045417,0.2941096083953297,0.6840455078190515,0.7074383295648228,0.5201676371770841,0.8380059331741875
natural_proteins,cgreGFP_to_ppluGFP,CNN_Jannis_OHE,43,oneshot_random,1,960,6281,0.0950017597930484,0.30822355489652054,0.6529933810260677,0.7344991577128527,0.5473137503531438,0.8496873616857834
natural_proteins,cgreGFP_to_ppluGFP,CNN_Jannis_OHE,43,iterative_fancy,1,96,6281,0.291932862527289,0.540308118139353,-0.0663237798294869,0.42049691807676315,0.2873189370997108,0.48039358184317166
natural_proteins,cgreGFP_to_ppluGFP,CNN_Jannis_OHE,43,iterative_fancy,2,192,6281,0.1524235871900458,0.39041463495884193,0.4432524854495752,0.49782008450236914,0.3473977943506976,0.6664474726513453
natural_proteins,cgreGFP_to_ppluGFP,CNN_Jannis_OHE,43,iterative_fancy,3,288,6281,0.15722583603540338,0.39651713208309597,0.42571163000722223,0.5460856262714253,0.3858557137622687,0.6848214919855939
natural_proteins,cgreGFP_to_ppluGFP,CNN_Jannis_OHE,43,iterative_fancy,4,384,6281,0.15209316114443572,0.3899912321378978,0.44445941072293704,0.5902710032216686,0.4215963576725324,0.7508672018562379
natural_proteins,cgreGFP_to_ppluGFP,CNN_Jannis_OHE,43,iterative_fancy,5,480,6281,0.12891145852701721,0.35904241884075094,0.529133676387626,0.6079873283395234,0.4334651477313529,0.7719875624311
natural_proteins,cgreGFP_to_ppluGFP,CNN_Jannis_OHE,43,iterative_fancy,6,576,6281,0.13489788083630663,0.3672844685476186,0.5072674691739715,0.6443182973279966,0.46578476902749794,0.8164948054348107
natural_proteins,cgreGFP_to_ppluGFP,CNN_Jannis_OHE,43,iterative_fancy,7,672,6281,0.10390929148510582,0.3223496416705094,0.6204574315594751,0.6605903298225394,0.4806493958195322,0.8384545435201052
natural_proteins,cgreGFP_to_ppluGFP,CNN_Jannis_OHE,43,iterative_fancy,8,768,6281,0.1037155636451503,0.32204900814185144,0.6211650483751059,0.6699208911491745,0.4847540880773217,0.8460640240310746
natural_proteins,cgreGFP_to_ppluGFP,CNN_Jannis_OHE,43,iterative_fancy,9,864,6281,0.05505236002460539,0.2346323933829372,0.7989139005394313,0.7130629342740181,0.5254682088137397,0.8943269784584067
natural_proteins,cgreGFP_to_ppluGFP,CNN_Jannis_OHE,43,iterative_fancy,10,960,6281,0.1280715209186068,0.3578708159638151,0.5322016607100057,0.7297472478202692,0.5399565161899784,0.8561453418086273
natural_proteins,cgreGFP_to_ppluGFP,CNN_Jannis_OHE,43,iterative_random,1,96,6281,0.31165041608087357,0.5582565862404791,-0.13834477826121772,0.4785229783090928,0.33222416631253326,0.5604574011371639
natural_proteins,cgreGFP_to_ppluGFP,CNN_Jannis_OHE,43,iterative_random,2,192,6281,0.18056931500528176,0.4249344831915642,0.3404464546033945,0.5971183517843941,0.4209453794977052,0.6804384378954158
natural_proteins,cgreGFP_to_ppluGFP,CNN_Jannis_OHE,43,iterative_random,3,288,6281,0.18618342749273623,0.43148977681138195,0.31994015875103643,0.5458701781090403,0.38088027176629285,0.6342899307162312
natural_proteins,cgreGFP_to_ppluGFP,CNN_Jannis_OHE,43,iterative_random,4,384,6281,0.26006748443435385,0.5099681209981207,0.05006877056582226,0.5931099128361288,0.41840025646201723,0.661467797357772
natural_proteins,cgreGFP_to_ppluGFP,CNN_Jannis_OHE,43,iterative_random,5,480,6281,0.18972586836563488,0.4355753302996336,0.3070009202264299,0.6767947015734459,0.4896211329920321,0.7575436493338941
natural_proteins,cgreGFP_to_ppluGFP,CNN_Jannis_OHE,43,iterative_random,6,576,6281,0.16092232778669657,0.40115125300402166,0.41220970006955027,0.681727705319522,0.4925524107380025,0.7780450494004152
natural_proteins,cgreGFP_to_ppluGFP,CNN_Jannis_OHE,43,iterative_random,7,672,6281,0.14480494724854276,0.3805324522935498,0.4710805856136122,0.6870021019431838,0.49832405467254204,0.7689379326630084
natural_proteins,cgreGFP_to_ppluGFP,CNN_Jannis_OHE,43,iterative_random,8,768,6281,0.23143080884148054,0.4810725608902264,0.1546680537557683,0.6855381138293284,0.4965314935326342,0.724025399021855
natural_proteins,cgreGFP_to_ppluGFP,CNN_Jannis_OHE,43,iterative_random,9,864,6281,0.138729891471366,0.3724646177442443,0.493270538409312,0.7224520350906961,0.5338564990168944,0.8081089041600598
natural_proteins,cgreGFP_to_ppluGFP,CNN_Jannis_OHE,43,iterative_random,10,960,6281,0.09336007399639723,0.30554880787919503,0.6589898577119147,0.7296020422678673,0.5398910304609181,0.8364875324904825
natural_proteins,cgreGFP_to_ppluGFP,CNN_Jannis_OHE,44,source_only,0,0,6281,1.2023861124560642,1.096533680493246,-3.39187590307269,0.00926263796504276,0.00585131555162108,0.017938768922484548
natural_proteins,cgreGFP_to_ppluGFP,CNN_Jannis_OHE,44,oneshot_fancy,1,960,6281,0.11954160847679425,0.345747897284704,0.5633583054187455,0.7092075158651847,0.5201512873194456,0.8188397477219893
natural_proteins,cgreGFP_to_ppluGFP,CNN_Jannis_OHE,44,oneshot_random,1,960,6281,0.08449766881881712,0.29068482729378414,0.6913609765559066,0.740718482040454,0.5535841436216679,0.8644892464137504
natural_proteins,cgreGFP_to_ppluGFP,CNN_Jannis_OHE,44,iterative_fancy,1,96,6281,0.29871249915922415,0.5465459716796238,-0.09108730832247991,0.4350778728781393,0.30125350610451507,0.4921943759465961
natural_proteins,cgreGFP_to_ppluGFP,CNN_Jannis_OHE,44,iterative_fancy,2,192,6281,0.12638872606272744,0.35551192112603963,0.5383482937264623,0.5790888779877993,0.4084552402160313,0.7367527352086358
natural_proteins,cgreGFP_to_ppluGFP,CNN_Jannis_OHE,44,iterative_fancy,3,288,6281,0.21338671915405938,0.46193800358279613,0.22057650185751165,0.5313085522731584,0.36910531747604675,0.6256208502227826
natural_proteins,cgreGFP_to_ppluGFP,CNN_Jannis_OHE,44,iterative_fancy,4,384,6281,0.12736439860886517,0.35688149098666516,0.5347845194111394,0.6390028378966437,0.4590961765621769,0.7773258991763516
natural_proteins,cgreGFP_to_ppluGFP,CNN_Jannis_OHE,44,iterative_fancy,5,480,6281,0.11236939217391553,0.33521544143120185,0.589555783604763,0.6620898201770482,0.47961095023338257,0.8146355950974453
natural_proteins,cgreGFP_to_ppluGFP,CNN_Jannis_OHE,44,iterative_fancy,6,576,6281,0.1542908648388258,0.39279875870326497,0.436432004386906,0.6663731634426706,0.48499482670258304,0.8052343680927205
natural_proteins,cgreGFP_to_ppluGFP,CNN_Jannis_OHE,44,iterative_fancy,7,672,6281,0.09999638769389518,0.3162220544078088,0.6347498353835318,0.6824211122999032,0.4983627942740001,0.8529180397452929
natural_proteins,cgreGFP_to_ppluGFP,CNN_Jannis_OHE,44,iterative_fancy,8,768,6281,0.06979966602324372,0.26419626421136944,0.7450473952798526,0.6619215636893194,0.4819559759500546,0.8661790955630038
natural_proteins,cgreGFP_to_ppluGFP,CNN_Jannis_OHE,44,iterative_fancy,9,864,6281,0.1268460189912752,0.3561544875349393,0.5366779702149639,0.6805380546421158,0.4973585610465448,0.8473966317925297
natural_proteins,cgreGFP_to_ppluGFP,CNN_Jannis_OHE,44,iterative_fancy,10,960,6281,0.06895968713353695,0.26260176529021456,0.748115530387682,0.7135311913223455,0.5279291817401648,0.8806609418282083
natural_proteins,cgreGFP_to_ppluGFP,CNN_Jannis_OHE,44,iterative_random,1,96,6281,0.24839766662785306,0.49839509089461653,0.09269433908052205,0.46850287435902754,0.3233956300364424,0.528871966398041
natural_proteins,cgreGFP_to_ppluGFP,CNN_Jannis_OHE,44,iterative_random,2,192,6281,0.2339022187843948,0.4836343854446195,0.145640898782456,0.6154524237147807,0.43982596293953646,0.680351696762685
natural_proteins,cgreGFP_to_ppluGFP,CNN_Jannis_OHE,44,iterative_random,3,288,6281,0.1616791498205453,0.4020934590621256,0.40944530648670596,0.5996397587291996,0.42241067766223256,0.7068909008580455
natural_proteins,cgreGFP_to_ppluGFP,CNN_Jannis_OHE,44,iterative_random,4,384,6281,0.11538373837739982,0.33968181932125807,0.5785454814086081,0.669812770524556,0.48409670164810364,0.791407590214318
natural_proteins,cgreGFP_to_ppluGFP,CNN_Jannis_OHE,44,iterative_random,5,480,6281,0.15346354364712367,0.3917442324363227,0.4394539055618255,0.6615261006528572,0.4750117868223534,0.7744331773492917
natural_proteins,cgreGFP_to_ppluGFP,CNN_Jannis_OHE,44,iterative_random,6,576,6281,0.17017560241377858,0.4125234568043114,0.3784108783448189,0.6553737341427327,0.47381714962174987,0.79091761603701
natural_proteins,cgreGFP_to_ppluGFP,CNN_Jannis_OHE,44,iterative_random,7,672,6281,0.11639358558144654,0.341165041558256,0.5748568795898639,0.656834433756709,0.4737084356747493,0.7878944134762838
natural_proteins,cgreGFP_to_ppluGFP,CNN_Jannis_OHE,44,iterative_random,8,768,6281,0.10170325525624048,0.31890947815366116,0.6285152735908242,0.698153487741335,0.5115190486109115,0.8377774068564362
natural_proteins,cgreGFP_to_ppluGFP,CNN_Jannis_OHE,44,iterative_random,9,864,6281,0.13551955061633403,0.368129801315153,0.5049967372532627,0.6850914950052014,0.499645915577178,0.8024777136682097
natural_proteins,cgreGFP_to_ppluGFP,CNN_Jannis_OHE,44,iterative_random,10,960,6281,0.09602595770012493,0.30988055392380615,0.64925236134739,0.7115048133812952,0.5260032179954689,0.847557187097925
natural_proteins,cgreGFP_to_ppluGFP,CNN_Jannis_OHE,45,source_only,0,0,6281,1.273649564847225,1.1285608379025143,-3.6521751830495646,-0.026211229553722962,-0.017514818644178715,-0.015036757475669238
natural_proteins,cgreGFP_to_ppluGFP,CNN_Jannis_OHE,45,oneshot_fancy,1,960,6281,0.14827129319259272,0.3850601163358687,0.45841929398218284,0.6937705667541679,0.5038650952845486,0.7796934844285052
natural_proteins,cgreGFP_to_ppluGFP,CNN_Jannis_OHE,45,oneshot_random,1,960,6281,0.07777125770881266,0.27887498580692505,0.7159300917196253,0.7245129487112483,0.5353985375672842,0.8564376579494479
natural_proteins,cgreGFP_to_ppluGFP,CNN_Jannis_OHE,45,iterative_fancy,1,96,6281,0.342553194060581,0.5852804405245241,-0.25122130314876046,0.49008433342293584,0.34036128803516125,0.5053029051331484
natural_proteins,cgreGFP_to_ppluGFP,CNN_Jannis_OHE,45,iterative_fancy,2,192,6281,0.16205117965513816,0.402555809367022,0.4080864178162148,0.5551011403738089,0.38955583897982643,0.6596076604783556
natural_proteins,cgreGFP_to_ppluGFP,CNN_Jannis_OHE,45,iterative_fancy,3,288,6281,0.12851384983150285,0.3584882840923854,0.5305859952647252,0.6097903763766747,0.43384703520942314,0.7700706053106279
natural_proteins,cgreGFP_to_ppluGFP,CNN_Jannis_OHE,45,iterative_fancy,4,384,6281,0.2449806204146142,0.49495517010595436,0.10517555685918956,0.5448540647149728,0.3818143277450785,0.6647314261943287
natural_proteins,cgreGFP_to_ppluGFP,CNN_Jannis_OHE,45,iterative_fancy,5,480,6281,0.09835511936031327,0.31361619754137904,0.6407447872297491,0.6520020569564352,0.46854913163437345,0.8218491539420074
natural_proteins,cgreGFP_to_ppluGFP,CNN_Jannis_OHE,45,iterative_fancy,6,576,6281,0.09567873791070934,0.309319798769347,0.6505206280134856,0.6757111734132258,0.48981472195236175,0.8358590824079446
natural_proteins,cgreGFP_to_ppluGFP,CNN_Jannis_OHE,45,iterative_fancy,7,672,6281,0.06660942641156681,0.2580880206665292,0.7567001716471143,0.7017353960172699,0.5172145684657068,0.8756119028713578
natural_proteins,cgreGFP_to_ppluGFP,CNN_Jannis_OHE,45,iterative_fancy,8,768,6281,0.06229896266485838,0.2495976014805799,0.7724447163188484,0.7188385053085794,0.5322421123058143,0.8841349339604665
natural_proteins,cgreGFP_to_ppluGFP,CNN_Jannis_OHE,45,iterative_fancy,9,864,6281,0.07535312462632567,0.27450523606358707,0.7247626458429461,0.7114434072461283,0.5244155640051229,0.8778254190374408
natural_proteins,cgreGFP_to_ppluGFP,CNN_Jannis_OHE,45,iterative_fancy,10,960,6281,0.05103976937098411,0.22591982952141254,0.8135704239456578,0.7426018176208912,0.5554570444844064,0.9067374828653942
natural_proteins,cgreGFP_to_ppluGFP,CNN_Jannis_OHE,45,iterative_random,1,96,6281,0.24067869711826753,0.49059015187656135,0.12088890639505445,0.4964347319241002,0.3415230957034797,0.5416864473672617
natural_proteins,cgreGFP_to_ppluGFP,CNN_Jannis_OHE,45,iterative_random,2,192,6281,0.24885201987686612,0.49885069898404083,0.09103475314123732,0.537361345937908,0.3742737787447122,0.6273350351860857
natural_proteins,cgreGFP_to_ppluGFP,CNN_Jannis_OHE,45,iterative_random,3,288,6281,0.1491742021891942,0.38623076287265645,0.45512129825205794,0.5978367318961353,0.42716159345309684,0.7320515107183612
natural_proteins,cgreGFP_to_ppluGFP,CNN_Jannis_OHE,45,iterative_random,4,384,6281,0.1097980712338471,0.33135792013146015,0.5989478768423381,0.6500303430452775,0.46728086416407033,0.7864831599370956
natural_proteins,cgreGFP_to_ppluGFP,CNN_Jannis_OHE,45,iterative_random,5,480,6281,0.1467264104921442,0.3830488356491169,0.4640621844271785,0.6862683277320262,0.49904686640464296,0.7814274331150898
natural_proteins,cgreGFP_to_ppluGFP,CNN_Jannis_OHE,45,iterative_random,6,576,6281,0.07528217557670616,0.27437597485331355,0.7250217967247983,0.7108935710381593,0.5213580989065829,0.8610284461621531
natural_proteins,cgreGFP_to_ppluGFP,CNN_Jannis_OHE,45,iterative_random,7,672,6281,0.1499284850977201,0.3872059982718761,0.4523661791636582,0.6788652877949033,0.49291554883513766,0.8023351922340125
natural_proteins,cgreGFP_to_ppluGFP,CNN_Jannis_OHE,45,iterative_random,8,768,6281,0.22217545403418396,0.47135491302646243,0.18847447361662584,0.6519219608296833,0.4687756749123647,0.7265418820714479
natural_proteins,cgreGFP_to_ppluGFP,CNN_Jannis_OHE,45,iterative_random,9,864,6281,0.16569511468148657,0.4070566480006027,0.3947764583374812,0.7083207861458605,0.5198295966526051,0.7939104093249285
natural_proteins,cgreGFP_to_ppluGFP,CNN_Jannis_OHE,45,iterative_random,10,960,6281,0.0698737030652703,0.2643363445787777,0.7447769650932072,0.6949052091324253,0.5081368927125546,0.8733116434963557
natural_proteins,cgreGFP_to_ppluGFP,CNN_Jannis_OHE,46,source_only,0,0,6281,1.2445864005531886,1.1156103264819615,-3.546018092903794,0.031816600288479845,0.021093927245492132,0.02995088685645453
natural_proteins,cgreGFP_to_ppluGFP,CNN_Jannis_OHE,46,oneshot_fancy,1,960,6281,0.11442543980270482,0.33826829559198246,0.5820457949722393,0.7146200258414693,0.5239624596352151,0.8145524998278149
natural_proteins,cgreGFP_to_ppluGFP,CNN_Jannis_OHE,46,oneshot_random,1,960,6281,0.08730243439847377,0.2954698536204223,0.6811161955862564,0.7400520144238291,0.5519444978451444,0.8673119551910982
natural_proteins,cgreGFP_to_ppluGFP,CNN_Jannis_OHE,46,iterative_fancy,1,96,6281,0.282459621477177,0.5314693043602584,-0.03172150135922047,0.38554280657040035,0.2629041480676228,0.47145723819119584
natural_proteins,cgreGFP_to_ppluGFP,CNN_Jannis_OHE,46,iterative_fancy,2,192,6281,0.35553185735779774,0.5962649221258934,-0.29862760466758553,0.44921783271647114,0.3084248801451465,0.5361158795806834
natural_proteins,cgreGFP_to_ppluGFP,CNN_Jannis_OHE,46,iterative_fancy,3,288,6281,0.3002640868805821,0.5479635817101188,-0.09675468975207413,0.5404893958854478,0.37790561394607697,0.6250158140889521
natural_proteins,cgreGFP_to_ppluGFP,CNN_Jannis_OHE,46,iterative_fancy,4,384,6281,0.15765752566990246,0.39706111074984723,0.4241348259475928,0.5667538052865021,0.40071253129758266,0.7029748418710218
natural_proteins,cgreGFP_to_ppluGFP,CNN_Jannis_OHE,46,iterative_fancy,5,480,6281,0.1450895960083323,0.3809062824479695,0.47004086799211897,0.5588634265663196,0.39332456417941714,0.7370618671798295
natural_proteins,cgreGFP_to_ppluGFP,CNN_Jannis_OHE,46,iterative_fancy,6,576,6281,0.16362721453353724,0.40450860872611505,0.4023297398796206,0.6172771278346707,0.44127532619990106,0.7591121480399194
natural_proteins,cgreGFP_to_ppluGFP,CNN_Jannis_OHE,46,iterative_fancy,7,672,6281,0.09550031061518045,0.3090312453704001,0.6511723575465913,0.680511745151812,0.49549404900715266,0.8321780137267085
natural_proteins,cgreGFP_to_ppluGFP,CNN_Jannis_OHE,46,iterative_fancy,8,768,6281,0.10463969731208839,0.32348059804583085,0.6177895267011628,0.6887594213822321,0.5034381315721588,0.8357935033383929
natural_proteins,cgreGFP_to_ppluGFP,CNN_Jannis_OHE,46,iterative_fancy,9,864,6281,0.0915776159813557,0.3026179373093335,0.6655005237312593,0.7080580239774754,0.5222541989106833,0.8592887865660312
natural_proteins,cgreGFP_to_ppluGFP,CNN_Jannis_OHE,46,iterative_fancy,10,960,6281,0.06287458876722309,0.2507480583518506,0.7703421650817993,0.7099622562810602,0.5238460370210598,0.8900948845949292
natural_proteins,cgreGFP_to_ppluGFP,CNN_Jannis_OHE,46,iterative_random,1,96,6281,0.22833146362776482,0.4778404164862625,0.1659888261918514,0.3928342851555647,0.26884141632315284,0.44030594657187844
natural_proteins,cgreGFP_to_ppluGFP,CNN_Jannis_OHE,46,iterative_random,2,192,6281,0.22489722140023033,0.4742332984937164,0.1785328547099574,0.5680752370087914,0.40081428980902756,0.6630297000089409
natural_proteins,cgreGFP_to_ppluGFP,CNN_Jannis_OHE,46,iterative_random,3,288,6281,0.2394901131227449,0.48937727074593984,0.12523036822219646,0.6117008476422907,0.43722190887079815,0.6894195971606378
natural_proteins,cgreGFP_to_ppluGFP,CNN_Jannis_OHE,46,iterative_random,4,384,6281,0.09821780461066222,0.3133971994301516,0.6412463476967918,0.6372069496793223,0.4586194635609779,0.8181563039194274
natural_proteins,cgreGFP_to_ppluGFP,CNN_Jannis_OHE,46,iterative_random,5,480,6281,0.17698581445370012,0.42069682011360643,0.35353566908957235,0.7029771023362059,0.5154700302484541,0.7622187751731727
natural_proteins,cgreGFP_to_ppluGFP,CNN_Jannis_OHE,46,iterative_random,6,576,6281,0.09304336645499474,0.3050301074566161,0.6601466743159968,0.7094238227107474,0.52085653874364,0.8425338514416527
natural_proteins,cgreGFP_to_ppluGFP,CNN_Jannis_OHE,46,iterative_random,7,672,6281,0.10838524135733578,0.3292191388077792,0.6041084267069041,0.6783910751867978,0.4925549842943076,0.8130752081808562
natural_proteins,cgreGFP_to_ppluGFP,CNN_Jannis_OHE,46,iterative_random,8,768,6281,0.11306470005082236,0.3362509480296262,0.5870160786978542,0.7016786480750088,0.5127392696544336,0.8099595456044533
natural_proteins,cgreGFP_to_ppluGFP,CNN_Jannis_OHE,46,iterative_random,9,864,6281,0.09567815800583931,0.3093188613806784,0.6505227461934932,0.6915731248763006,0.5030402250517889,0.8288434025876535
natural_proteins,cgreGFP_to_ppluGFP,CNN_Jannis_OHE,46,iterative_random,10,960,6281,0.08393346352021687,0.2897127258513455,0.6934218117814955,0.7008930641439538,0.5106383838383007,0.8367339661586874
natural_proteins,amacGFP_to_cgreGFP,aubin_1_10_1,42,source_only,0,0,4904,4.540409939201158,2.130823770094833,-6.633742022884332,0.46529421091023715,0.3325840811748554,0.4717177321840335
natural_proteins,amacGFP_to_cgreGFP,aubin_1_10_1,42,oneshot_fancy,1,960,4904,0.47683486354161436,0.690532304488077,0.1983027117515369,0.4592658110601319,0.3257579687356832,0.5364098206111985
natural_proteins,amacGFP_to_cgreGFP,aubin_1_10_1,42,oneshot_random,1,960,4904,0.31338100788950296,0.5598044371827566,0.47311590778500456,0.6461517718154139,0.46732919405921775,0.6893241038389295
natural_proteins,amacGFP_to_cgreGFP,aubin_1_10_1,42,iterative_fancy,1,96,4904,1.5361750285770752,1.2394252815628197,-1.5827544268431346,0.4780375547309125,0.3386537876363049,0.4918430406965255
natural_proteins,amacGFP_to_cgreGFP,aubin_1_10_1,42,iterative_fancy,2,192,4904,0.4253863767553041,0.6522165106429797,0.2848024949987663,0.5299790205997724,0.37527042062596516,0.5613189628491986
natural_proteins,amacGFP_to_cgreGFP,aubin_1_10_1,42,iterative_fancy,3,288,4904,0.6811387158787904,0.8253112842308594,-0.1451911409858775,0.5171681739924627,0.36426588945536853,0.47543019073068776
natural_proteins,amacGFP_to_cgreGFP,aubin_1_10_1,42,iterative_fancy,4,384,4904,0.45702086937407194,0.67603318659225,0.23161576540601947,0.5665995694125573,0.40300395002780237,0.5763861148036171
natural_proteins,amacGFP_to_cgreGFP,aubin_1_10_1,42,iterative_fancy,5,480,4904,0.40589867706491245,0.6371017792040079,0.31756695328511797,0.5771369142076269,0.41044005618863766,0.5979866839757197
natural_proteins,amacGFP_to_cgreGFP,aubin_1_10_1,42,iterative_fancy,6,576,4904,0.593984810157134,0.7707041002597131,0.0013397761504202466,0.5729870925728149,0.40650466064879753,0.5432511271002248
natural_proteins,amacGFP_to_cgreGFP,aubin_1_10_1,42,iterative_fancy,7,672,4904,0.38622689123983306,0.6214715530415154,0.3506409135946378,0.5947865500039653,0.426521840873137,0.6154179679961513
natural_proteins,amacGFP_to_cgreGFP,aubin_1_10_1,42,iterative_fancy,8,768,4904,0.3606616475957627,0.6005511198855287,0.3936234806633182,0.606948145941382,0.43551466718762544,0.6312567343488293
natural_proteins,amacGFP_to_cgreGFP,aubin_1_10_1,42,iterative_fancy,9,864,4904,0.4800088512929074,0.6928267108685312,0.19296632054422047,0.5833265716889959,0.4177410074557584,0.5887768127077888
natural_proteins,amacGFP_to_cgreGFP,aubin_1_10_1,42,iterative_fancy,10,960,4904,0.38814011217790867,0.6230089182169937,0.34742423596648964,0.603900128830761,0.4340579443630376,0.6201338173631685
natural_proteins,amacGFP_to_cgreGFP,aubin_1_10_1,42,iterative_random,1,96,4904,0.40219924220203057,0.634191802376876,0.3237867730264766,0.5158227221200096,0.3672993486803435,0.5798086279999431
natural_proteins,amacGFP_to_cgreGFP,aubin_1_10_1,42,iterative_random,2,192,4904,0.5047764511509416,0.710476214345661,0.15132482332832708,0.528487565521667,0.3768884028524927,0.5406021121217133
natural_proteins,amacGFP_to_cgreGFP,aubin_1_10_1,42,iterative_random,3,288,4904,0.41133917259992203,0.6413572893480841,0.30841990710491685,0.5555994065890815,0.39608957694332125,0.5849485811970525
natural_proteins,amacGFP_to_cgreGFP,aubin_1_10_1,42,iterative_random,4,384,4904,0.38226145296732184,0.6182729599192591,0.3573079619857241,0.5809919785692943,0.4166813195502194,0.6074680014139296
natural_proteins,amacGFP_to_cgreGFP,aubin_1_10_1,42,iterative_random,5,480,4904,0.38714028131999667,0.6222059798169708,0.3491052407519656,0.59984802392118,0.4321514470282912,0.6359130220172253
natural_proteins,amacGFP_to_cgreGFP,aubin_1_10_1,42,iterative_random,6,576,4904,0.3697152229525435,0.60804212267946,0.37840180253648203,0.58885595926303,0.4214052857018847,0.6202650114692323
natural_proteins,amacGFP_to_cgreGFP,aubin_1_10_1,42,iterative_random,7,672,4904,0.35945281502816395,0.5995438391211805,0.395655877758179,0.6183011526304183,0.44464086940359765,0.6435538334019661
natural_proteins,amacGFP_to_cgreGFP,aubin_1_10_1,42,iterative_random,8,768,4904,0.3603206487422187,0.6002671478118877,0.39419679834011634,0.6262278032849683,0.451621782667011,0.6458409260891875
natural_proteins,amacGFP_to_cgreGFP,aubin_1_10_1,42,iterative_random,9,864,4904,0.4247654910964911,0.6517403555837946,0.285846383327916,0.617986607975403,0.4454377104566724,0.6103782516318434
natural_proteins,amacGFP_to_cgreGFP,aubin_1_10_1,42,iterative_random,10,960,4904,0.3884306588453697,0.6232420547791763,0.34693574300336383,0.651434665930701,0.47143401336912616,0.6679295985945738
natural_proteins,amacGFP_to_cgreGFP,aubin_1_10_1,43,source_only,0,0,4904,2.907917139310655,1.7052616043618218,-3.889049571001273,0.4340739570534295,0.30760033531567366,0.46160239704754075
natural_proteins,amacGFP_to_cgreGFP,aubin_1_10_1,43,oneshot_fancy,1,960,4904,0.4913986301303625,0.7009983096487198,0.1738168088245502,0.4616675630790744,0.32715477562903517,0.5201960473768958
natural_proteins,amacGFP_to_cgreGFP,aubin_1_10_1,43,oneshot_random,1,960,4904,0.37811830185475337,0.6149132474217427,0.3642737970487885,0.6352249822728806,0.45745980041618917,0.6393830964079937
natural_proteins,amacGFP_to_cgreGFP,aubin_1_10_1,43,iterative_fancy,1,96,4904,1.302927820984298,1.1414586374390874,-1.190598424595752,0.4631688462231584,0.32541846502020944,0.46961331303182086
natural_proteins,amacGFP_to_cgreGFP,aubin_1_10_1,43,iterative_fancy,2,192,4904,0.4394890263548368,0.6629396853069189,0.26109186306827004,0.5040866293534126,0.3589882978379671,0.5461645112057723
natural_proteins,amacGFP_to_cgreGFP,aubin_1_10_1,43,iterative_fancy,3,288,4904,0.5504324179225571,0.7419113275335248,0.07456394120383492,0.5430925007475279,0.38363702810362305,0.5478773756139439
natural_proteins,amacGFP_to_cgreGFP,aubin_1_10_1,43,iterative_fancy,4,384,4904,0.38038479761571636,0.6167534334040763,0.36046316228962916,0.5647359600933486,0.4008722082591753,0.6043866283270478
natural_proteins,amacGFP_to_cgreGFP,aubin_1_10_1,43,iterative_fancy,5,480,4904,0.5627046112325074,0.7501363950859252,0.05393083559495915,0.571473385769526,0.405367389144608,0.5644649095715377
natural_proteins,amacGFP_to_cgreGFP,aubin_1_10_1,43,iterative_fancy,6,576,4904,0.4469313681822156,0.668529257536434,0.24857913441224755,0.5596277718209448,0.3975187953238075,0.5598832988650444
natural_proteins,amacGFP_to_cgreGFP,aubin_1_10_1,43,iterative_fancy,7,672,4904,0.3770847377467422,0.6140722577569697,0.36601151718206304,0.5858260811585223,0.41755303904055613,0.608284861910853
natural_proteins,amacGFP_to_cgreGFP,aubin_1_10_1,43,iterative_fancy,8,768,4904,0.3740328824783651,0.6115822777667491,0.3711425683694962,0.5968488973986613,0.4261934777367943,0.6188985859536147
natural_proteins,amacGFP_to_cgreGFP,aubin_1_10_1,43,iterative_fancy,9,864,4904,0.45399637818063376,0.6737925334853703,0.2367008096708232,0.5976950466101932,0.42591438252277464,0.6102028198792055
natural_proteins,amacGFP_to_cgreGFP,aubin_1_10_1,43,iterative_fancy,10,960,4904,0.36054361829790726,0.6004528443582454,0.3938219220426288,0.6044515760911542,0.4312614880005589,0.6337738402483615
natural_proteins,amacGFP_to_cgreGFP,aubin_1_10_1,43,iterative_random,1,96,4904,0.4224507287905364,0.6499620979645939,0.28973816810606834,0.5004443521738795,0.3545302294758958,0.547469330832376
natural_proteins,amacGFP_to_cgreGFP,aubin_1_10_1,43,iterative_random,2,192,4904,0.4102558373423639,0.6405121679893083,0.3102413069325166,0.5282702651792888,0.37593859698925614,0.565144344298605
natural_proteins,amacGFP_to_cgreGFP,aubin_1_10_1,43,iterative_random,3,288,4904,0.4187719043007857,0.6471258797952573,0.29592333585045205,0.5475624345569845,0.38999918847464043,0.5800940600493762
natural_proteins,amacGFP_to_cgreGFP,aubin_1_10_1,43,iterative_random,4,384,4904,0.41560959895700955,0.6446779032641103,0.3012400855526216,0.5539297615529111,0.3951770750783098,0.5628220413938564
natural_proteins,amacGFP_to_cgreGFP,aubin_1_10_1,43,iterative_random,5,480,4904,0.3796209888699845,0.6161339049833117,0.36174734565584865,0.5850132235011046,0.4187112445619667,0.6111745434800457
natural_proteins,amacGFP_to_cgreGFP,aubin_1_10_1,43,iterative_random,6,576,4904,0.3662801964315428,0.6052108693930924,0.3841770753982313,0.5997576592818566,0.4302875296237539,0.6267323593994967
natural_proteins,amacGFP_to_cgreGFP,aubin_1_10_1,43,iterative_random,7,672,4904,0.3843112646063109,0.619928435068364,0.353861635892468,0.6053058225436464,0.4335117850769343,0.6206536274315159
natural_proteins,amacGFP_to_cgreGFP,aubin_1_10_1,43,iterative_random,8,768,4904,0.3508588405680151,0.5923333863357823,0.41010483387855423,0.6437976343602836,0.4640644088989987,0.6727413597534022
natural_proteins,amacGFP_to_cgreGFP,aubin_1_10_1,43,iterative_random,9,864,4904,0.3278332580490084,0.5725672519879289,0.4488174962219146,0.6445257193880751,0.46444163400663463,0.6740677845404246
natural_proteins,amacGFP_to_cgreGFP,aubin_1_10_1,43,iterative_random,10,960,4904,0.3365087495865376,0.580093742068071,0.43423148632280284,0.6566201941529392,0.4751662907498277,0.6820783042550735
natural_proteins,amacGFP_to_cgreGFP,aubin_1_10_1,44,source_only,0,0,4904,0.857073344838009,0.9257825580761441,-0.44098812591689995,-0.4509328331473878,-0.32098404572125966,-0.48200419335155364
natural_proteins,amacGFP_to_cgreGFP,aubin_1_10_1,44,oneshot_fancy,1,960,4904,0.4772579064051321,0.690838553068032,0.19759145436994363,0.4449232792891705,0.31525783082633363,0.49620625572365984
natural_proteins,amacGFP_to_cgreGFP,aubin_1_10_1,44,oneshot_random,1,960,4904,0.3230037341987147,0.5683341747587547,0.45693732233017037,0.6577470604706834,0.47515425622718455,0.6785852379796407
natural_proteins,amacGFP_to_cgreGFP,aubin_1_10_1,44,iterative_fancy,1,96,4904,0.8704246621633701,0.9329655203507631,-0.46343555103759404,0.43237126213161436,0.3026269934597037,0.48395998722623657
natural_proteins,amacGFP_to_cgreGFP,aubin_1_10_1,44,iterative_fancy,2,192,4904,0.43344380583950287,0.6583644931491239,0.2712556268040234,0.5225595566134563,0.36856954173258977,0.5471937734660672
natural_proteins,amacGFP_to_cgreGFP,aubin_1_10_1,44,iterative_fancy,3,288,4904,0.5531984855701283,0.7437731411997399,0.06991338164596383,0.5788215339688774,0.41149044669569135,0.5927844401734816
natural_proteins,amacGFP_to_cgreGFP,aubin_1_10_1,44,iterative_fancy,4,384,4904,0.3918176666348833,0.6259534061213209,0.3412412035144481,0.552372102184375,0.39441868883152714,0.5849090786899197
natural_proteins,amacGFP_to_cgreGFP,aubin_1_10_1,44,iterative_fancy,5,480,4904,0.48093366003869037,0.6934938067774581,0.1914114496227951,0.5700464516363989,0.407033388014114,0.5865394180157737
natural_proteins,amacGFP_to_cgreGFP,aubin_1_10_1,44,iterative_fancy,6,576,4904,0.6001700431518218,0.7747064238482999,-0.009059389049448585,0.5737096426364358,0.4079590791110642,0.5721928307162893
natural_proteins,amacGFP_to_cgreGFP,aubin_1_10_1,44,iterative_fancy,7,672,4904,0.3820173182540396,0.6180754955942191,0.3577184230332908,0.5722872203012062,0.4070252229650594,0.6058508121103658
natural_proteins,amacGFP_to_cgreGFP,aubin_1_10_1,44,iterative_fancy,8,768,4904,0.3884887413770252,0.6232886501269097,0.34683808947237627,0.5941623249958876,0.42464282401594017,0.619038779021735
natural_proteins,amacGFP_to_cgreGFP,aubin_1_10_1,44,iterative_fancy,9,864,4904,0.3928297760454088,0.626761338984313,0.3395395549315352,0.5831753071271968,0.41671769354736676,0.5995795533031194
natural_proteins,amacGFP_to_cgreGFP,aubin_1_10_1,44,iterative_fancy,10,960,4904,0.40419795920469953,0.6357656480218946,0.3204263517915139,0.5916459281446427,0.4235797143427435,0.606720156025215
natural_proteins,amacGFP_to_cgreGFP,aubin_1_10_1,44,iterative_random,1,96,4904,0.5945583067146512,0.7710760706406672,0.0003755626036872073,0.5171649983803311,0.36876586786725984,0.518919139682833
natural_proteins,amacGFP_to_cgreGFP,aubin_1_10_1,44,iterative_random,2,192,4904,0.427885290124897,0.6541294138967434,0.2806010990331048,0.5334437434009348,0.3783192985841004,0.5474915852879954
natural_proteins,amacGFP_to_cgreGFP,aubin_1_10_1,44,iterative_random,3,288,4904,0.3817544756167527,0.6178628291269452,0.3581603375107347,0.5695880011684002,0.40586978482378416,0.6045184196846265
natural_proteins,amacGFP_to_cgreGFP,aubin_1_10_1,44,iterative_random,4,384,4904,0.40923896743015364,0.6397178811242918,0.3119509592953189,0.5672533022202586,0.4043839755894967,0.5843738694821742
natural_proteins,amacGFP_to_cgreGFP,aubin_1_10_1,44,iterative_random,5,480,4904,0.41197071832969884,0.6418494514523626,0.3073580961139871,0.577987303239682,0.4119363099647899,0.5913011689856726
natural_proteins,amacGFP_to_cgreGFP,aubin_1_10_1,44,iterative_random,6,576,4904,0.40579236442715805,0.6370183391607797,0.31774569557078314,0.6060081864434801,0.4354178795420385,0.638722390881876
natural_proteins,amacGFP_to_cgreGFP,aubin_1_10_1,44,iterative_random,7,672,4904,0.3594496991018148,0.5995412405346398,0.39566111653138025,0.603752967694185,0.43336411046286355,0.6449172128674009
natural_proteins,amacGFP_to_cgreGFP,aubin_1_10_1,44,iterative_random,8,768,4904,0.33821882845803747,0.581565841894138,0.43135634924958244,0.6175294650366341,0.4442843054344346,0.6626004301058814
natural_proteins,amacGFP_to_cgreGFP,aubin_1_10_1,44,iterative_random,9,864,4904,0.33754112305221295,0.5809828939411322,0.4324957680035836,0.636019039452668,0.4580232436223553,0.6609098312812085
natural_proteins,amacGFP_to_cgreGFP,aubin_1_10_1,44,iterative_random,10,960,4904,0.4887572763611898,0.6991117767290076,0.17825768829028954,0.6140800825262458,0.4405586338984926,0.6418043673789593
natural_proteins,amacGFP_to_cgreGFP,aubin_1_10_1,45,source_only,0,0,4904,1.0505252736000847,1.02495135182119,-0.7662367571580926,-0.44405131247461155,-0.3173262262853356,-0.4749144532823428
natural_proteins,amacGFP_to_cgreGFP,aubin_1_10_1,45,oneshot_fancy,1,960,4904,0.43318022931421174,0.6581642874801182,0.2716987751594151,0.46418214950758285,0.33053248922304995,0.5426355303019605
natural_proteins,amacGFP_to_cgreGFP,aubin_1_10_1,45,oneshot_random,1,960,4904,0.3244218895616289,0.5695804504735296,0.4545529930881369,0.649868421980448,0.46911253989283785,0.6780505978441314
natural_proteins,amacGFP_to_cgreGFP,aubin_1_10_1,45,iterative_fancy,1,96,4904,0.7982683685576831,0.8934586552032966,-0.34211995661128447,-0.10201427578852575,-0.07748212564257456,0.15305993957065814
natural_proteins,amacGFP_to_cgreGFP,aubin_1_10_1,45,iterative_fancy,2,192,4904,0.4783364128361861,0.691618690346195,0.19577817319601143,0.5240901146156541,0.3730168340606935,0.5388478585449261
natural_proteins,amacGFP_to_cgreGFP,aubin_1_10_1,45,iterative_fancy,3,288,4904,0.3934682590957182,0.6272704832014003,0.3384660802987791,0.5613677019254508,0.4012256746033998,0.5862287810887824
natural_proteins,amacGFP_to_cgreGFP,aubin_1_10_1,45,iterative_fancy,4,384,4904,0.4458698856393033,0.6677348917342146,0.250363793507548,0.5425452140216195,0.38782151122146563,0.5616509684856743
natural_proteins,amacGFP_to_cgreGFP,aubin_1_10_1,45,iterative_fancy,5,480,4904,0.46398666135910405,0.6811656636671465,0.2199042548351995,0.557122118433827,0.39908221904293156,0.5641830522562441
natural_proteins,amacGFP_to_cgreGFP,aubin_1_10_1,45,iterative_fancy,6,576,4904,0.414959063832954,0.6441731629251206,0.3023338232063496,0.5449396663865639,0.38809483843945136,0.5513513649675472
natural_proteins,amacGFP_to_cgreGFP,aubin_1_10_1,45,iterative_fancy,7,672,4904,0.38718390297652766,0.622241032861485,0.3490319001336013,0.5828023715340765,0.4171489654795974,0.6094925383784372
natural_proteins,amacGFP_to_cgreGFP,aubin_1_10_1,45,iterative_fancy,8,768,4904,0.3860858657567394,0.6213580817505631,0.3508780182109622,0.5813436493109839,0.4133246428909961,0.6030542865784083
natural_proteins,amacGFP_to_cgreGFP,aubin_1_10_1,45,iterative_fancy,9,864,4904,0.4138189869482945,0.6432876393560617,0.30425062211664256,0.5949525209260826,0.4255080167250199,0.6105952407211315
natural_proteins,amacGFP_to_cgreGFP,aubin_1_10_1,45,iterative_fancy,10,960,4904,0.43633823356829504,0.6605590311003968,0.26638925683273185,0.5946621254501848,0.42537940554111153,0.6100342686702285
natural_proteins,amacGFP_to_cgreGFP,aubin_1_10_1,45,iterative_random,1,96,4904,0.46004215446753277,0.6782640742863599,0.22653611152236075,0.4472366007373412,0.31438157833347263,0.4994043588188072
natural_proteins,amacGFP_to_cgreGFP,aubin_1_10_1,45,iterative_random,2,192,4904,0.4412239290278716,0.6642468886098538,0.2581749900065635,0.5343859744542411,0.3801570821834484,0.5733814015149167
natural_proteins,amacGFP_to_cgreGFP,aubin_1_10_1,45,iterative_random,3,288,4904,0.4097455711701683,0.6401137173738494,0.3110992119176844,0.5660718485463496,0.4038049144561562,0.6010965406989555
natural_proteins,amacGFP_to_cgreGFP,aubin_1_10_1,45,iterative_random,4,384,4904,0.3848171850602002,0.6203363483306457,0.3530110373163907,0.5797697511389067,0.4161237284743975,0.6044342034198618
natural_proteins,amacGFP_to_cgreGFP,aubin_1_10_1,45,iterative_random,5,480,4904,0.4088707343220991,0.6394300073675766,0.3125700656290672,0.5918118618840683,0.42445986503603456,0.6203904239402934
natural_proteins,amacGFP_to_cgreGFP,aubin_1_10_1,45,iterative_random,6,576,4904,0.3884807042133501,0.6232822027086528,0.34685160226855827,0.5903438904610019,0.42397530231164376,0.6061885521386066
natural_proteins,amacGFP_to_cgreGFP,aubin_1_10_1,45,iterative_random,7,672,4904,0.359210626830237,0.5993418280332493,0.39606306615057485,0.6196046608541149,0.4446606443666134,0.6419077356782212
natural_proteins,amacGFP_to_cgreGFP,aubin_1_10_1,45,iterative_random,8,768,4904,0.37562900685226286,0.6128858024561042,0.3684590217580823,0.6441110263325526,0.46306534564571467,0.6749010910981459
natural_proteins,amacGFP_to_cgreGFP,aubin_1_10_1,45,iterative_random,9,864,4904,0.4007805304294713,0.633072294789048,0.32617203775401615,0.6189368449987395,0.44473051609771125,0.6061419666876977
natural_proteins,amacGFP_to_cgreGFP,aubin_1_10_1,45,iterative_random,10,960,4904,0.3246967341010799,0.5698216686833522,0.4540908999426584,0.665146690215207,0.4807744057479783,0.6981811873532718
natural_proteins,amacGFP_to_cgreGFP,aubin_1_10_1,46,source_only,0,0,4904,0.9441798002528724,0.9716891479546699,-0.587439265366642,-0.4544773439220709,-0.32313087846979194,-0.4719354899987761
natural_proteins,amacGFP_to_cgreGFP,aubin_1_10_1,46,oneshot_fancy,1,960,4904,0.4619354879657756,0.67965836121229,0.22335287043126795,0.44620100625460346,0.31723782207527756,0.4906084010684638
natural_proteins,amacGFP_to_cgreGFP,aubin_1_10_1,46,oneshot_random,1,960,4904,0.359911413596288,0.599926173454941,0.3948848409557755,0.6451589993418766,0.46438715757293497,0.6373781183883915
natural_proteins,amacGFP_to_cgreGFP,aubin_1_10_1,46,iterative_fancy,1,96,4904,1.7654973157942682,1.3287201796444081,-1.968311503000411,0.46643280283203864,0.3314270183153065,0.5068831193017674
natural_proteins,amacGFP_to_cgreGFP,aubin_1_10_1,46,iterative_fancy,2,192,4904,0.3959085421683349,0.6292126366883734,0.3343632588160024,0.5383129782061785,0.3801978232364168,0.5795508225483637
natural_proteins,amacGFP_to_cgreGFP,aubin_1_10_1,46,iterative_fancy,3,288,4904,0.59435832255229,0.7709463811136869,0.0007117938084837405,0.5393488879833619,0.38192434113406704,0.5410186658784755
natural_proteins,amacGFP_to_cgreGFP,aubin_1_10_1,46,iterative_fancy,4,384,4904,0.3867449607379206,0.6218882220607821,0.3497698889622186,0.569574689904527,0.40604254885441754,0.599401014266673
natural_proteins,amacGFP_to_cgreGFP,aubin_1_10_1,46,iterative_fancy,5,480,4904,0.38783650963093774,0.6227652122838412,0.3479346796383389,0.5612437949626111,0.4011811009780574,0.5932475346075118
natural_proteins,amacGFP_to_cgreGFP,aubin_1_10_1,46,iterative_fancy,6,576,4904,0.4204848389845418,0.6484480233484731,0.2930433973310359,0.5436546267710699,0.3875701293163239,0.553624128978305
natural_proteins,amacGFP_to_cgreGFP,aubin_1_10_1,46,iterative_fancy,7,672,4904,0.41450045959601084,0.6438171010434647,0.3031048695396773,0.566917253173051,0.4061637167356306,0.5878415857415098
natural_proteins,amacGFP_to_cgreGFP,aubin_1_10_1,46,iterative_fancy,8,768,4904,0.39962139335449126,0.63215614633925,0.32812088235572523,0.6004204146121618,0.4317037153871288,0.6196211361381928
natural_proteins,amacGFP_to_cgreGFP,aubin_1_10_1,46,iterative_fancy,9,864,4904,0.4243621836474074,0.6514308740360771,0.2865244597711091,0.5972777208797273,0.4287792297786488,0.6119682373567916
natural_proteins,amacGFP_to_cgreGFP,aubin_1_10_1,46,iterative_fancy,10,960,4904,0.3573950325936165,0.597825252555976,0.39911560506362187,0.6090474635475954,0.43841352433882735,0.636510052404099
natural_proteins,amacGFP_to_cgreGFP,aubin_1_10_1,46,iterative_random,1,96,4904,0.4136923184679877,0.6431891778225033,0.30446358845977917,0.5241452509328347,0.3729104045889011,0.5618346012255503
natural_proteins,amacGFP_to_cgreGFP,aubin_1_10_1,46,iterative_random,2,192,4904,0.4192662539498475,0.6475077250117156,0.29509219114312957,0.5475389960779088,0.39019380308112883,0.5841650724225136
natural_proteins,amacGFP_to_cgreGFP,aubin_1_10_1,46,iterative_random,3,288,4904,0.3868628254701445,0.6219829784408448,0.3495717242653208,0.5553757038157028,0.3983328677445416,0.6076583042833444
natural_proteins,amacGFP_to_cgreGFP,aubin_1_10_1,46,iterative_random,4,384,4904,0.3745153723702432,0.6119766109666637,0.37033136334339345,0.5882680011947641,0.4215025686670023,0.6299839867377712
natural_proteins,amacGFP_to_cgreGFP,aubin_1_10_1,46,iterative_random,5,480,4904,0.3603945168524901,0.6003286740215646,0.3940726046868822,0.60762592778295,0.4343666051468657,0.6446653048755082
natural_proteins,amacGFP_to_cgreGFP,aubin_1_10_1,46,iterative_random,6,576,4904,0.36271753020367675,0.6022603508481003,0.39016694751580416,0.6146969202899445,0.44056399910136357,0.6505860197720754
natural_proteins,amacGFP_to_cgreGFP,aubin_1_10_1,46,iterative_random,7,672,4904,0.33727539283820235,0.5807541586921289,0.432942537332478,0.6275184097231047,0.4510755316805664,0.6672559703604315
natural_proteins,amacGFP_to_cgreGFP,aubin_1_10_1,46,iterative_random,8,768,4904,0.3474029142286143,0.5894089532986535,0.41591524537847235,0.617025354563087,0.44193467405727654,0.6507971996595682
natural_proteins,amacGFP_to_cgreGFP,aubin_1_10_1,46,iterative_random,9,864,4904,0.33080508195176833,0.5751565716844139,0.4438210009021326,0.6368924779795087,0.45656059750166256,0.667145966876141
natural_proteins,amacGFP_to_cgreGFP,aubin_1_10_1,46,iterative_random,10,960,4904,0.34699504410834686,0.5890628524260776,0.4166009929912776,0.6459690273281484,0.4659457329593569,0.6778115492001402
natural_proteins,amacGFP_to_cgreGFP,aubin_linear,42,source_only,0,0,4904,18.464458827258227,4.2970290698642275,-30.04409451280912,0.46317048792133064,0.3289137795819387,0.4838728287230997
natural_proteins,amacGFP_to_cgreGFP,aubin_linear,42,oneshot_fancy,1,960,4904,0.4208719169724037,0.6487464196220305,0.29239260730510386,0.5625528607886581,0.40335452240427166,0.5520082110625939
natural_proteins,amacGFP_to_cgreGFP,aubin_linear,42,oneshot_random,1,960,4904,0.38696827218663027,0.6220677392267101,0.34939443784369995,0.624749169046664,0.4510617088723974,0.6089056930973593
natural_proteins,amacGFP_to_cgreGFP,aubin_linear,42,iterative_fancy,1,96,4904,0.7431959876177521,0.8620881553633318,-0.2495273593984848,0.4707214529872859,0.33259034847532376,0.48318523215141096
natural_proteins,amacGFP_to_cgreGFP,aubin_linear,42,iterative_fancy,2,192,4904,0.4971501724735642,0.7050887692153125,0.16414680301678775,0.47361762967528825,0.33463696255208003,0.49206192511746655
natural_proteins,amacGFP_to_cgreGFP,aubin_linear,42,iterative_fancy,3,288,4904,0.5019128504687164,0.7084580795422665,0.15613936412032203,0.4898557327674834,0.3460712129302617,0.49924759017101766
natural_proteins,amacGFP_to_cgreGFP,aubin_linear,42,iterative_fancy,4,384,4904,0.47255890368368936,0.687429199033391,0.20549183671881954,0.48050409273099637,0.3409842754300156,0.485473734264941
natural_proteins,amacGFP_to_cgreGFP,aubin_linear,42,iterative_fancy,5,480,4904,0.4771488035305582,0.6907595844652162,0.19777488785053343,0.46918819607050016,0.33421284840851057,0.47344635202404917
natural_proteins,amacGFP_to_cgreGFP,aubin_linear,42,iterative_fancy,6,576,4904,0.5029763357626008,0.709208245695579,0.15435133782151733,0.4756419908255033,0.33897917041006626,0.4794497299349148
natural_proteins,amacGFP_to_cgreGFP,aubin_linear,42,iterative_fancy,7,672,4904,0.4690903063740678,0.6849016764281336,0.2113235517836447,0.4860284124457275,0.3467976303158068,0.4946103765772184
natural_proteins,amacGFP_to_cgreGFP,aubin_linear,42,iterative_fancy,8,768,4904,0.5260014245176045,0.7252595566537572,0.115639505638224,0.4906059398392705,0.34922116371159206,0.4989032504600569
natural_proteins,amacGFP_to_cgreGFP,aubin_linear,42,iterative_fancy,9,864,4904,0.4731266495919888,0.6878420237176476,0.2045372916762922,0.5090161482710418,0.36387542111614496,0.5083786437266317
natural_proteins,amacGFP_to_cgreGFP,aubin_linear,42,iterative_fancy,10,960,4904,0.43770561082850246,0.6615932366858828,0.2640903002644581,0.5193284789569043,0.3720069407184702,0.5197674190903823
natural_proteins,amacGFP_to_cgreGFP,aubin_linear,42,iterative_random,1,96,4904,0.4495441101124862,0.6704805068847909,0.24418635972116598,0.5104548913179605,0.3643420643208052,0.5230556533720034
natural_proteins,amacGFP_to_cgreGFP,aubin_linear,42,iterative_random,2,192,4904,0.44038963612773785,0.663618592361409,0.25957767761768824,0.5318163012460323,0.37968369824247655,0.5386189684233518
natural_proteins,amacGFP_to_cgreGFP,aubin_linear,42,iterative_random,3,288,4904,0.46647454943822814,0.6829894211759272,0.21572139557091374,0.5425596276069162,0.3867453688918143,0.5493484784759581
natural_proteins,amacGFP_to_cgreGFP,aubin_linear,42,iterative_random,4,384,4904,0.42450976434219956,0.6515441384451245,0.2862763339483999,0.5629498291451547,0.4033990080155767,0.5638424312048301
natural_proteins,amacGFP_to_cgreGFP,aubin_linear,42,iterative_random,5,480,4904,0.4153358602622147,0.6444655617348491,0.30170031945346465,0.5868935169853013,0.42228922881009423,0.5782638500577776
natural_proteins,amacGFP_to_cgreGFP,aubin_linear,42,iterative_random,6,576,4904,0.3922930851028717,0.6263330464719802,0.3404418875966927,0.5991081211016895,0.43081125246592883,0.5905960735236901
natural_proteins,amacGFP_to_cgreGFP,aubin_linear,42,iterative_random,7,672,4904,0.5100173444780212,0.7141549863146103,0.14251336617707677,0.6065078971041924,0.4357536670478804,0.5937666625675807
natural_proteins,amacGFP_to_cgreGFP,aubin_linear,42,iterative_random,8,768,4904,0.3901355415287766,0.6246083104864812,0.3440693422248692,0.6207483214841859,0.4475045500924567,0.6061742665816126
natural_proteins,amacGFP_to_cgreGFP,aubin_linear,42,iterative_random,9,864,4904,0.408097430954626,0.6388250393923409,0.31387021219991984,0.6331240422544662,0.4578208851630215,0.6159239636944871
natural_proteins,amacGFP_to_cgreGFP,aubin_linear,42,iterative_random,10,960,4904,0.3736112834170537,0.6112375016448628,0.3718513983020877,0.6453035071086083,0.46713150379646734,0.6266964581567381
natural_proteins,amacGFP_to_cgreGFP,aubin_linear,43,source_only,0,0,4904,17.813096428567345,4.22055641220057,-28.948965971202554,0.4479597096654413,0.31977907277435375,0.4753690290784122
natural_proteins,amacGFP_to_cgreGFP,aubin_linear,43,oneshot_fancy,1,960,4904,0.4514349275433957,0.6718890738383797,0.2410073488668122,0.5229629341566047,0.37500808703007366,0.5221118428274062
natural_proteins,amacGFP_to_cgreGFP,aubin_linear,43,oneshot_random,1,960,4904,0.3877468797623936,0.6226932469221049,0.34808537336493484,0.6352200863328762,0.45762582113427014,0.6106022153933391
natural_proteins,amacGFP_to_cgreGFP,aubin_linear,43,iterative_fancy,1,96,4904,0.63906360744763,0.7994145404279497,-0.07445071718069252,0.47071456646315446,0.33360373061887516,0.4869414474006677
natural_proteins,amacGFP_to_cgreGFP,aubin_linear,43,iterative_fancy,2,192,4904,0.4903377957459054,0.7002412411061673,0.1756003781780644,0.4666649873331853,0.3299598962973411,0.4807344839254876
natural_proteins,amacGFP_to_cgreGFP,aubin_linear,43,iterative_fancy,3,288,4904,0.5272515463784342,0.7261208896447162,0.11353768930213748,0.4753761604600616,0.3373625658139362,0.49238276418504545
natural_proteins,amacGFP_to_cgreGFP,aubin_linear,43,iterative_fancy,4,384,4904,0.4707203742500166,0.6860906457969068,0.20858293633010405,0.48007263877725614,0.33952716189917354,0.4867594505279116
natural_proteins,amacGFP_to_cgreGFP,aubin_linear,43,iterative_fancy,5,480,4904,0.4658216236183539,0.6825112626311407,0.21681915267561191,0.48066805885872194,0.33861244098836535,0.4894488390083296
natural_proteins,amacGFP_to_cgreGFP,aubin_linear,43,iterative_fancy,6,576,4904,0.47813278499313117,0.6914714636144655,0.196120530481669,0.4861676960583048,0.3432361598924659,0.49407358393454814
natural_proteins,amacGFP_to_cgreGFP,aubin_linear,43,iterative_fancy,7,672,4904,0.5124630258379601,0.7158652288231075,0.1384014686123306,0.5053311980991594,0.3577662774626553,0.5105889266097651
natural_proteins,amacGFP_to_cgreGFP,aubin_linear,43,iterative_fancy,8,768,4904,0.5050496275228632,0.7106684371230111,0.15086553485483645,0.5167207808999463,0.36568291896726274,0.5186199257899972
natural_proteins,amacGFP_to_cgreGFP,aubin_linear,43,iterative_fancy,9,864,4904,0.5152813196406318,0.7178309826418973,0.1336631017859038,0.5308676787056316,0.3768778230051567,0.5308530492398396
natural_proteins,amacGFP_to_cgreGFP,aubin_linear,43,iterative_fancy,10,960,4904,0.4363465962532461,0.6605653610758334,0.2663751967411564,0.5364783598266745,0.3811521629823935,0.5345867647092544
natural_proteins,amacGFP_to_cgreGFP,aubin_linear,43,iterative_random,1,96,4904,0.7542058004493062,0.8684502291146604,-0.26803803839041573,0.495985123840614,0.3520313153674126,0.5168685939437305
natural_proteins,amacGFP_to_cgreGFP,aubin_linear,43,iterative_random,2,192,4904,0.5982002284873419,0.7734340492164422,-0.005747561002446222,0.5337193246627413,0.37919454924249313,0.5398986980745587
natural_proteins,amacGFP_to_cgreGFP,aubin_linear,43,iterative_random,3,288,4904,0.431018356693962,0.6565198829387896,0.27533350816597413,0.5429295420492943,0.38595334623503835,0.5444955779108012
natural_proteins,amacGFP_to_cgreGFP,aubin_linear,43,iterative_random,4,384,4904,0.4403483309209423,0.6635874704369743,0.2596471236142176,0.5632357708249928,0.4015699849442246,0.5595521245211008
natural_proteins,amacGFP_to_cgreGFP,aubin_linear,43,iterative_random,5,480,4904,0.46117120977828213,0.67909587672013,0.2246378430648336,0.5696895246555995,0.40792338240264614,0.5659679769510658
natural_proteins,amacGFP_to_cgreGFP,aubin_linear,43,iterative_random,6,576,4904,0.3977280772629848,0.6306568617425682,0.33130409418106066,0.5922103548822751,0.4247370905745264,0.581788697270268
natural_proteins,amacGFP_to_cgreGFP,aubin_linear,43,iterative_random,7,672,4904,0.4186881158028927,0.6470611376082578,0.2960642085438794,0.6073481402846428,0.4350525770591597,0.5957651028956459
natural_proteins,amacGFP_to_cgreGFP,aubin_linear,43,iterative_random,8,768,4904,0.445929373357528,0.6677794346620207,0.25026377745161066,0.6184078535026483,0.4438198621565046,0.6015926667360877
natural_proteins,amacGFP_to_cgreGFP,aubin_linear,43,iterative_random,9,864,4904,0.3873438030112712,0.6223695068134936,0.3487630619381459,0.6250252741758382,0.449883226695957,0.6082329395460326
natural_proteins,amacGFP_to_cgreGFP,aubin_linear,43,iterative_random,10,960,4904,0.3892326391556888,0.6238851169531846,0.3455873821992983,0.6335744835424192,0.45644047112043834,0.6122835802308733
natural_proteins,amacGFP_to_cgreGFP,aubin_linear,44,source_only,0,0,4904,13.850886464659343,3.7216779098491775,-22.287345300383322,0.4281272589651831,0.30288153455075445,0.4588128187508852
natural_proteins,amacGFP_to_cgreGFP,aubin_linear,44,oneshot_fancy,1,960,4904,0.40496530873443176,0.6363688464518292,0.31913621534352876,0.5899390376820232,0.42189484011527234,0.5893484108072218
natural_proteins,amacGFP_to_cgreGFP,aubin_linear,44,oneshot_random,1,960,4904,0.36670659165180414,0.6055630368936038,0.38346018173557705,0.6493464072583572,0.46774022007685834,0.6287868582945888
natural_proteins,amacGFP_to_cgreGFP,aubin_linear,44,iterative_fancy,1,96,4904,0.4571024152737332,0.6760934959557984,0.23147866316869425,0.4685527876801566,0.33307662846173514,0.48987458829737174
natural_proteins,amacGFP_to_cgreGFP,aubin_linear,44,iterative_fancy,2,192,4904,0.7070220802835012,0.8408460502871505,-0.18870856104170475,0.4714566238082282,0.3353463757590931,0.4887817464989649
natural_proteins,amacGFP_to_cgreGFP,aubin_linear,44,iterative_fancy,3,288,4904,0.5332856266717676,0.7302640800914199,0.10339265550089838,0.47249384247570136,0.33584694425103706,0.48744433912936913
natural_proteins,amacGFP_to_cgreGFP,aubin_linear,44,iterative_fancy,4,384,4904,0.505058469329429,0.7106746578635185,0.15085066922128287,0.5007577372964224,0.35738625976102084,0.5107970365868385
natural_proteins,amacGFP_to_cgreGFP,aubin_linear,44,iterative_fancy,5,480,4904,0.4531409937923519,0.6731574806777029,0.23813895817238673,0.5161921854383394,0.3675428189702583,0.5226309281957342
natural_proteins,amacGFP_to_cgreGFP,aubin_linear,44,iterative_fancy,6,576,4904,0.5955910531987306,0.7717454588131573,-0.0013607828673320999,0.4952088874015636,0.3529571502024106,0.500913383891782
natural_proteins,amacGFP_to_cgreGFP,aubin_linear,44,iterative_fancy,7,672,4904,0.44419025424274194,0.6664759967491267,0.2531877395711367,0.5072713672552885,0.3618586738084558,0.5123661515752314
natural_proteins,amacGFP_to_cgreGFP,aubin_linear,44,iterative_fancy,8,768,4904,0.5971596111373197,0.7727610310680267,-0.003997982329820182,0.5166935151694919,0.3695234777981092,0.5193859037811418
natural_proteins,amacGFP_to_cgreGFP,aubin_linear,44,iterative_fancy,9,864,4904,0.7472324414286282,0.8644260763238394,-0.25631380544457394,0.5193370006068239,0.37024317770324094,0.5222399253526671
natural_proteins,amacGFP_to_cgreGFP,aubin_linear,44,iterative_fancy,10,960,4904,0.47180339005759186,0.6868794581712222,0.2067620735902983,0.5090923406866463,0.3625189279126,0.514620958662983
natural_proteins,amacGFP_to_cgreGFP,aubin_linear,44,iterative_random,1,96,4904,0.43402772492734537,0.6588078057577531,0.27027388997001156,0.5200107546925794,0.36997442143235454,0.5298767625118943
natural_proteins,amacGFP_to_cgreGFP,aubin_linear,44,iterative_random,2,192,4904,0.5934586478588917,0.77036267293976,0.0022244071200319127,0.5464581414689528,0.3883693445426926,0.5515828479808192
natural_proteins,amacGFP_to_cgreGFP,aubin_linear,44,iterative_random,3,288,4904,0.42414515733689284,0.6512642761098545,0.28688934375489716,0.553143074000375,0.39357288769952176,0.5557664065055375
natural_proteins,amacGFP_to_cgreGFP,aubin_linear,44,iterative_random,4,384,4904,0.44980946658668486,0.6706783629927873,0.24374021875696672,0.5653654235528008,0.4031340596240716,0.5625943816965118
natural_proteins,amacGFP_to_cgreGFP,aubin_linear,44,iterative_random,5,480,4904,0.5806706583229831,0.7620174921371445,0.023724715333533264,0.5839671188625181,0.4168868929739986,0.5755053433705518
natural_proteins,amacGFP_to_cgreGFP,aubin_linear,44,iterative_random,6,576,4904,0.4075809325414644,0.6384206548518495,0.3147385953842802,0.5920735547849213,0.4243158191415689,0.5802099937113498
natural_proteins,amacGFP_to_cgreGFP,aubin_linear,44,iterative_random,7,672,4904,0.5022623562787163,0.7087047031583157,0.15555174378983072,0.6025550707652505,0.43246215245916414,0.589878639056933
natural_proteins,amacGFP_to_cgreGFP,aubin_linear,44,iterative_random,8,768,4904,0.42786783758184016,0.6541160734776666,0.28063044180459984,0.6119197610581844,0.43889926705388427,0.598557695522586
natural_proteins,amacGFP_to_cgreGFP,aubin_linear,44,iterative_random,9,864,4904,0.3802069163114317,0.6166092087468624,0.3607622321986873,0.6195300755897517,0.44405630804734253,0.6068684831924481
natural_proteins,amacGFP_to_cgreGFP,aubin_linear,44,iterative_random,10,960,4904,0.3918283145609256,0.6259619114298614,0.3412233012717929,0.6146691633299135,0.44077948297784303,0.603360213089878
natural_proteins,amacGFP_to_cgreGFP,aubin_linear,45,source_only,0,0,4904,13.486484080791483,3.6723948699440645,-21.67467952169358,0.4430177570361391,0.31417835256315857,0.4650041335982943
natural_proteins,amacGFP_to_cgreGFP,aubin_linear,45,oneshot_fancy,1,960,4904,0.4965427158624298,0.7046578714968207,0.16516811323361624,0.5651617364991666,0.4057635262924762,0.5569713440777263
natural_proteins,amacGFP_to_cgreGFP,aubin_linear,45,oneshot_random,1,960,4904,0.42389151507578154,0.6510695163158705,0.2873157897395884,0.620322799494151,0.4460868100121719,0.6086282961429178
natural_proteins,amacGFP_to_cgreGFP,aubin_linear,45,iterative_fancy,1,96,4904,0.6089858510936194,0.7803754552096186,-0.02388131139834071,0.4745902814685044,0.3369881730456609,0.49429425403031435
natural_proteins,amacGFP_to_cgreGFP,aubin_linear,45,iterative_fancy,2,192,4904,0.5841691738450556,0.7643096060138559,0.017842699102360804,0.47643702862482434,0.33827899054445404,0.4952686067108304
natural_proteins,amacGFP_to_cgreGFP,aubin_linear,45,iterative_fancy,3,288,4904,0.513367471502784,0.7164966653814824,0.13688083391823158,0.4921104882761168,0.35122352013681374,0.5078059537414557
natural_proteins,amacGFP_to_cgreGFP,aubin_linear,45,iterative_fancy,4,384,4904,0.5142836444783082,0.7171357224949181,0.13534048222374984,0.4657126385550776,0.33174231972681373,0.4845212106431512
natural_proteins,amacGFP_to_cgreGFP,aubin_linear,45,iterative_fancy,5,480,4904,0.6163123416736814,0.7850556296681666,-0.036199260607818085,0.49102862747223075,0.349143034342404,0.5053784881588729
natural_proteins,amacGFP_to_cgreGFP,aubin_linear,45,iterative_fancy,6,576,4904,0.5503302695640364,0.7418424829868107,0.07473568213195592,0.5008467292411573,0.35616687066166985,0.5126570195157789
natural_proteins,amacGFP_to_cgreGFP,aubin_linear,45,iterative_fancy,7,672,4904,0.596408078346963,0.7722746132995458,-0.002734438394328853,0.5085900589447582,0.36096864755283564,0.5156989395321252
natural_proteins,amacGFP_to_cgreGFP,aubin_linear,45,iterative_fancy,8,768,4904,0.5934591582604091,0.7703630042132145,0.0022235489874922187,0.5127573097031983,0.3653126007701552,0.5160532333018835
natural_proteins,amacGFP_to_cgreGFP,aubin_linear,45,iterative_fancy,9,864,4904,0.44007176123277414,0.6633790479301966,0.26011211723353744,0.5220318854925409,0.37215064704739353,0.5218558352107695
natural_proteins,amacGFP_to_cgreGFP,aubin_linear,45,iterative_fancy,10,960,4904,0.4510872318512644,0.6716302791352281,0.2415919258657484,0.5517367047336312,0.39520743180506007,0.546482697044662
natural_proteins,amacGFP_to_cgreGFP,aubin_linear,45,iterative_random,1,96,4904,0.5286644046503872,0.7270931196555137,0.1111622660017283,0.48915620324691017,0.3460562029465372,0.5125950141781581
natural_proteins,amacGFP_to_cgreGFP,aubin_linear,45,iterative_random,2,192,4904,0.5055229337443224,0.711001359875157,0.1500697702342786,0.513855894360505,0.365966653634381,0.5237682841160037
natural_proteins,amacGFP_to_cgreGFP,aubin_linear,45,iterative_random,3,288,4904,0.4126425710853144,0.6423726107838926,0.3062285173573528,0.5574176347005585,0.39728653555129334,0.5602841823368092
natural_proteins,amacGFP_to_cgreGFP,aubin_linear,45,iterative_random,4,384,4904,0.42015260893929285,0.6481917995001887,0.2936019721054819,0.5877932893357645,0.42119255087698537,0.5816011755046938
natural_proteins,amacGFP_to_cgreGFP,aubin_linear,45,iterative_random,5,480,4904,0.4083250307574005,0.6390031539494938,0.31348755111818816,0.5835645874873944,0.41795884042088843,0.5789144757744131
natural_proteins,amacGFP_to_cgreGFP,aubin_linear,45,iterative_random,6,576,4904,0.42303373502505726,0.6504104358211492,0.28875796604245274,0.6061771024977999,0.43553558835021594,0.5956580875154924
natural_proteins,amacGFP_to_cgreGFP,aubin_linear,45,iterative_random,7,672,4904,0.43349497463628256,0.6584033525402818,0.2711695972605531,0.6226023410703069,0.4472378425790162,0.6062327868649278
natural_proteins,amacGFP_to_cgreGFP,aubin_linear,45,iterative_random,8,768,4904,0.39725130147386334,0.6302787490260665,0.3321056921481268,0.6356073686377453,0.457556396826901,0.6187567469875381
natural_proteins,amacGFP_to_cgreGFP,aubin_linear,45,iterative_random,9,864,4904,0.3721393863445511,0.6100322830347187,0.37432608289801217,0.6393842093370307,0.4609230725883816,0.6214447572163209
natural_proteins,amacGFP_to_cgreGFP,aubin_linear,45,iterative_random,10,960,4904,0.4239032889987512,0.6510785582391354,0.28729599437050257,0.650828769462691,0.4698629820912114,0.6288910333679492
natural_proteins,amacGFP_to_cgreGFP,aubin_linear,46,source_only,0,0,4904,21.651394889155153,4.653105940031363,-35.40225557441326,0.446984222486901,0.3149306858572922,0.4696678814914693
natural_proteins,amacGFP_to_cgreGFP,aubin_linear,46,oneshot_fancy,1,960,4904,0.43700375450129697,0.6610625949948288,0.2652703237008349,0.6136696437579159,0.4413139659733956,0.5952941349225402
natural_proteins,amacGFP_to_cgreGFP,aubin_linear,46,oneshot_random,1,960,4904,0.37092956173674074,0.6090398687579827,0.37636014789932926,0.6556619255916426,0.4737638262980755,0.6305490316295368
natural_proteins,amacGFP_to_cgreGFP,aubin_linear,46,iterative_fancy,1,96,4904,0.5327736541764383,0.7299134566347152,0.10425342930865811,0.47724697482033673,0.33772028100254214,0.49704167943287714
natural_proteins,amacGFP_to_cgreGFP,aubin_linear,46,iterative_fancy,2,192,4904,0.6672500216057036,0.8168537332997282,-0.12184022982693743,0.46912026542001506,0.3324298271729537,0.48739074440316893
natural_proteins,amacGFP_to_cgreGFP,aubin_linear,46,iterative_fancy,3,288,4904,0.5190587603336665,0.7204573272121441,0.12731213168771793,0.4905733500714448,0.3481311037062096,0.4975515775639341
natural_proteins,amacGFP_to_cgreGFP,aubin_linear,46,iterative_fancy,4,384,4904,0.5456298587150012,0.7386676239791489,0.08263843195049192,0.4846743141708295,0.3437612199439965,0.48872034412472576
natural_proteins,amacGFP_to_cgreGFP,aubin_linear,46,iterative_fancy,5,480,4904,0.5985401637264606,0.7736537750999866,-0.006319090435838559,0.47596455952902034,0.33823082008475847,0.47854523016180683
natural_proteins,amacGFP_to_cgreGFP,aubin_linear,46,iterative_fancy,6,576,4904,0.6056241712143656,0.7782185883248778,-0.018229355450446905,0.49726123267149913,0.35376162359603996,0.4996677205665533
natural_proteins,amacGFP_to_cgreGFP,aubin_linear,46,iterative_fancy,7,672,4904,0.5410730662042504,0.7355766895465424,0.09029971781337232,0.5121795273869528,0.3636939085665419,0.5127899374270921
natural_proteins,amacGFP_to_cgreGFP,aubin_linear,46,iterative_fancy,8,768,4904,0.5950505011423309,0.7713951653610042,-0.0004519585532831716,0.49304731282822706,0.34921391690906534,0.4992293429810206
natural_proteins,amacGFP_to_cgreGFP,aubin_linear,46,iterative_fancy,9,864,4904,0.46435298096158184,0.6814345023269528,0.2192883656576392,0.5117504767870209,0.3633494933545885,0.5141645287211553
natural_proteins,amacGFP_to_cgreGFP,aubin_linear,46,iterative_fancy,10,960,4904,0.5227596412640568,0.7230211900518939,0.12108988068872939,0.5174423754286781,0.3682028660777886,0.517275306253604
natural_proteins,amacGFP_to_cgreGFP,aubin_linear,46,iterative_random,1,96,4904,0.4903000084451781,0.7002142589559128,0.1756639095572473,0.5174095192069618,0.36780447697268415,0.5269902739893295
natural_proteins,amacGFP_to_cgreGFP,aubin_linear,46,iterative_random,2,192,4904,0.5847242951690352,0.7646726719119987,0.016909379636628197,0.5419692965661519,0.3865919838688318,0.5429960714561136
natural_proteins,amacGFP_to_cgreGFP,aubin_linear,46,iterative_random,3,288,4904,0.48132388759001804,0.6937750987099623,0.19075536426994222,0.5490341425378609,0.39226383215249316,0.5503637159487632
natural_proteins,amacGFP_to_cgreGFP,aubin_linear,46,iterative_random,4,384,4904,0.4405500669697289,0.6637394571439376,0.2593079469817604,0.5746510012162996,0.41105786978696,0.5703631407117502
natural_proteins,amacGFP_to_cgreGFP,aubin_linear,46,iterative_random,5,480,4904,0.4045226477734366,0.6360209491623972,0.31988045641979457,0.5857367446973355,0.4178637089780061,0.5839606081968534
natural_proteins,amacGFP_to_cgreGFP,aubin_linear,46,iterative_random,6,576,4904,0.3921852329113416,0.6262469424367209,0.3406232183174356,0.6003307565921538,0.42932969364092805,0.5944048856504882
natural_proteins,amacGFP_to_cgreGFP,aubin_linear,46,iterative_random,7,672,4904,0.3907476629695116,0.6250981226731621,0.34304018908058964,0.6067608879912193,0.4344603421060145,0.5980923028616072
natural_proteins,amacGFP_to_cgreGFP,aubin_linear,46,iterative_random,8,768,4904,0.38252006006410844,0.6184820612306459,0.35687316867661956,0.6160508211435145,0.4411395791640428,0.6034834530329094
natural_proteins,amacGFP_to_cgreGFP,aubin_linear,46,iterative_random,9,864,4904,0.38556481522708097,0.6209386565733213,0.3517540548194539,0.6207698234100436,0.444261174752947,0.6058907285661428
natural_proteins,amacGFP_to_cgreGFP,aubin_linear,46,iterative_random,10,960,4904,0.4904922454434472,0.7003515156287214,0.17534070357547693,0.6302487797660533,0.4532771430815344,0.6131389772543955
natural_proteins,amacGFP_to_cgreGFP,mlp_small,42,source_only,0,0,4904,8.15564880423015,2.8558096582633357,-12.71200394554941,0.37254662773399166,0.26381022278306765,0.38670053913415636
natural_proteins,amacGFP_to_cgreGFP,mlp_small,42,oneshot_fancy,1,960,4904,0.6135735756189431,0.7833093741421349,-0.0315946029220886,0.34297564965588967,0.2411637950285342,0.3321149317733401
natural_proteins,amacGFP_to_cgreGFP,mlp_small,42,oneshot_random,1,960,4904,0.33113394654579087,0.5754423920305063,0.4432680844243596,0.6583047599240873,0.4770034947110785,0.6757996731318625
natural_proteins,amacGFP_to_cgreGFP,mlp_small,42,iterative_fancy,1,96,4904,0.5602850370482144,0.7485219015153894,0.05799883944823514,0.3572150811493287,0.249094326461898,0.35315880943117717
natural_proteins,amacGFP_to_cgreGFP,mlp_small,42,iterative_fancy,2,192,4904,0.4800751126372814,0.692874528783734,0.19285491606404925,0.4513642927309301,0.31936614059648216,0.45892808624763354
natural_proteins,amacGFP_to_cgreGFP,mlp_small,42,iterative_fancy,3,288,4904,0.4754443981663152,0.6895247625475934,0.20064048611749097,0.4571673177769757,0.3220517855747541,0.45502104453185116
natural_proteins,amacGFP_to_cgreGFP,mlp_small,42,iterative_fancy,4,384,4904,0.5389001867479278,0.7340982132847946,0.09395295649413127,0.38478413270015366,0.2708729515259374,0.38938817656526004
natural_proteins,amacGFP_to_cgreGFP,mlp_small,42,iterative_fancy,5,480,4904,0.6767793028595739,0.8226659728344025,-0.1378617071229613,0.4745407647917102,0.33607587967705654,0.4699517936397286
natural_proteins,amacGFP_to_cgreGFP,mlp_small,42,iterative_fancy,6,576,4904,0.4475186124757897,0.6689683194859004,0.2475918069458769,0.54385352367422,0.3881802146082187,0.5411010628544247
natural_proteins,amacGFP_to_cgreGFP,mlp_small,42,iterative_fancy,7,672,4904,0.4215865218763689,0.6492969442992697,0.291191149824787,0.5456848292365293,0.38881524396268696,0.5464080863195524
natural_proteins,amacGFP_to_cgreGFP,mlp_small,42,iterative_fancy,8,768,4904,0.4820179089235906,0.6942750959984022,0.18958851372344665,0.45164197429555203,0.319563528887496,0.45411319536284606
natural_proteins,amacGFP_to_cgreGFP,mlp_small,42,iterative_fancy,9,864,4904,0.5013987496989523,0.7080951558222611,0.15700371617282305,0.44452487230447224,0.31422422885713985,0.44845180506505117
natural_proteins,amacGFP_to_cgreGFP,mlp_small,42,iterative_fancy,10,960,4904,0.4431984731457099,0.6657315323354527,0.25485521038088654,0.5486741302691196,0.39055695587792005,0.5446036209743464
natural_proteins,amacGFP_to_cgreGFP,mlp_small,42,iterative_random,1,96,4904,0.4499683451402223,0.670796798695568,0.24347309796679262,0.5206634888911497,0.3698501384375736,0.5361137734867395
natural_proteins,amacGFP_to_cgreGFP,mlp_small,42,iterative_random,2,192,4904,0.47727100918418086,0.6908480362454401,0.19756942480953377,0.4546053006227536,0.32361582341484274,0.45990517351376436
natural_proteins,amacGFP_to_cgreGFP,mlp_small,42,iterative_random,3,288,4904,0.4772910173710571,0.6908625169822554,0.19753578526178284,0.4766676880319922,0.33781001090692353,0.48718400253396144
natural_proteins,amacGFP_to_cgreGFP,mlp_small,42,iterative_random,4,384,4904,0.49505404056994584,0.7036007678861258,0.16767100686895697,0.4304365505604415,0.304130954649781,0.4383747560075384
natural_proteins,amacGFP_to_cgreGFP,mlp_small,42,iterative_random,5,480,4904,0.4374041378002058,0.6613653587845418,0.2645971635996395,0.5515837022895304,0.393182802040229,0.5523975300457203
natural_proteins,amacGFP_to_cgreGFP,mlp_small,42,iterative_random,6,576,4904,0.47683818902637354,0.6905347123978443,0.19829712065005223,0.4994886504625464,0.3534325402132758,0.5139580436663042
natural_proteins,amacGFP_to_cgreGFP,mlp_small,42,iterative_random,7,672,4904,0.5315476537857577,0.7290731470749404,0.1063146904784057,0.5611535364915078,0.3988649694687332,0.567898227973847
natural_proteins,amacGFP_to_cgreGFP,mlp_small,42,iterative_random,8,768,4904,0.43529430565372423,0.6597683727291906,0.26814440152165464,0.5366010966302126,0.381755802551154,0.5341509746984288
natural_proteins,amacGFP_to_cgreGFP,mlp_small,42,iterative_random,9,864,4904,0.43341823250572237,0.658345070996755,0.2712986229729508,0.5692283447095621,0.40604927259067647,0.5711163435083693
natural_proteins,amacGFP_to_cgreGFP,mlp_small,42,iterative_random,10,960,4904,0.4902061832130855,0.7001472582343556,0.1758216569031089,0.592185387853391,0.4235242198630419,0.5931155351711117
natural_proteins,amacGFP_to_cgreGFP,mlp_small,43,source_only,0,0,4904,9.723314744396301,3.1182230106899507,-15.34770370075617,0.29779849992525104,0.21107738957432987,0.2864599755709903
natural_proteins,amacGFP_to_cgreGFP,mlp_small,43,oneshot_fancy,1,960,4904,0.5443284277594359,0.737786166690211,0.08482651371148164,0.4601806761186953,0.326757292072442,0.4528341492118399
natural_proteins,amacGFP_to_cgreGFP,mlp_small,43,oneshot_random,1,960,4904,0.4308105655138123,0.6563616118526527,0.27568286522516794,0.5794690126177139,0.41340414637705397,0.570617675069203
natural_proteins,amacGFP_to_cgreGFP,mlp_small,43,iterative_fancy,1,96,4904,0.7866979110984889,0.886959926433257,-0.32266667188303666,0.3282617611168611,0.2322148182249566,0.31894506781012705
natural_proteins,amacGFP_to_cgreGFP,mlp_small,43,iterative_fancy,2,192,4904,0.4794767176398906,0.692442573532196,0.19386099108789823,0.4843455926072144,0.34370866792220045,0.4761524529102632
natural_proteins,amacGFP_to_cgreGFP,mlp_small,43,iterative_fancy,3,288,4904,0.4890679397105828,0.6993339257540584,0.1777353733678514,0.5287240187326436,0.3759688803538629,0.5191061360230579
natural_proteins,amacGFP_to_cgreGFP,mlp_small,43,iterative_fancy,4,384,4904,0.48128074563954926,0.6937440058404464,0.19082789836370306,0.4881685116134435,0.34593249105484625,0.49052673971303934
natural_proteins,amacGFP_to_cgreGFP,mlp_small,43,iterative_fancy,5,480,4904,0.44724145381384395,0.6687611335999154,0.248057790800426,0.515171060907152,0.3649285996170247,0.5229391086767754
natural_proteins,amacGFP_to_cgreGFP,mlp_small,43,iterative_fancy,6,576,4904,0.44016378412237134,0.6634484035118114,0.2599574001465801,0.5327640086171929,0.3790045381017699,0.5451097858150602
natural_proteins,amacGFP_to_cgreGFP,mlp_small,43,iterative_fancy,7,672,4904,0.5159419115924552,0.7182909658296248,0.1325524556966432,0.41449377347710376,0.2905442109305656,0.4193933343488553
natural_proteins,amacGFP_to_cgreGFP,mlp_small,43,iterative_fancy,8,768,4904,0.7257204802938926,0.8518922938340813,-0.22014597833031613,0.5585256313834042,0.3960845661009193,0.5591444875541147
natural_proteins,amacGFP_to_cgreGFP,mlp_small,43,iterative_fancy,9,864,4904,0.5728212821395069,0.756849576956681,0.03692178644111965,0.4952912621828413,0.3503080632300164,0.49487111273337364
natural_proteins,amacGFP_to_cgreGFP,mlp_small,43,iterative_fancy,10,960,4904,0.4542670593909255,0.6739933674680527,0.23624571628553903,0.515753380196796,0.3655397727550362,0.5120836473329041
natural_proteins,amacGFP_to_cgreGFP,mlp_small,43,iterative_random,1,96,4904,0.6335082813493661,0.7959323346550045,-0.06511060761899867,0.3342895289840842,0.2373646440501177,0.3297779710107078
natural_proteins,amacGFP_to_cgreGFP,mlp_small,43,iterative_random,2,192,4904,0.5380463156786521,0.7335164045054835,0.09538856066885082,0.37154562279452713,0.2612221473131982,0.362800647399555
natural_proteins,amacGFP_to_cgreGFP,mlp_small,43,iterative_random,3,288,4904,0.5803555237359098,0.7618106875962753,0.024254547699425033,0.41403815148872986,0.29115501339544075,0.40875987486351906
natural_proteins,amacGFP_to_cgreGFP,mlp_small,43,iterative_random,4,384,4904,0.5828815205791105,0.7634667776525121,0.020007616583111343,0.4632408012030849,0.32723906619587384,0.4678404662722909
natural_proteins,amacGFP_to_cgreGFP,mlp_small,43,iterative_random,5,480,4904,0.6511821123057884,0.8069585567461246,-0.09482542806121019,0.4578410358440784,0.3237456920374698,0.4506811278106959
natural_proteins,amacGFP_to_cgreGFP,mlp_small,43,iterative_random,6,576,4904,0.36643284670746434,0.60533696955288,0.38392042614371225,0.626146094043587,0.45054245983906926,0.6297672107358061
natural_proteins,amacGFP_to_cgreGFP,mlp_small,43,iterative_random,7,672,4904,0.3972908053373984,0.6303100866537029,0.3320392747304989,0.6147783889293422,0.4402324059039855,0.6126260214795199
natural_proteins,amacGFP_to_cgreGFP,mlp_small,43,iterative_random,8,768,4904,0.41376380401427765,0.6432447465889463,0.30434340058554554,0.6132227065764713,0.44016897286312107,0.595552272546277
natural_proteins,amacGFP_to_cgreGFP,mlp_small,43,iterative_random,9,864,4904,0.4133487750711445,0.6429220598728469,0.3050411842496492,0.6423118377730623,0.46346294458042897,0.6360488921797207
natural_proteins,amacGFP_to_cgreGFP,mlp_small,43,iterative_random,10,960,4904,0.4872995971564655,0.6980684759795887,0.1807084685392084,0.5936954060155906,0.42513253758985187,0.5804780815090493
natural_proteins,amacGFP_to_cgreGFP,mlp_small,44,source_only,0,0,4904,8.924855845481694,2.9874497226701062,-14.005263407520712,0.30751211345757096,0.21679441725943208,0.2973464257673556
natural_proteins,amacGFP_to_cgreGFP,mlp_small,44,oneshot_fancy,1,960,4904,0.6102450605611813,0.7811818357854856,-0.02599840662913655,0.34741327057431987,0.2440006804111482,0.3287913583671209
natural_proteins,amacGFP_to_cgreGFP,mlp_small,44,oneshot_random,1,960,4904,0.3142611382322179,0.560589991198753,0.4716361541784435,0.6850802931252341,0.49766324425200925,0.7008441588661058
natural_proteins,amacGFP_to_cgreGFP,mlp_small,44,iterative_fancy,1,96,4904,0.7914774404591768,0.889650178699008,-0.33070244279774674,0.31215858300205773,0.21778664386424218,0.2962650357683341
natural_proteins,amacGFP_to_cgreGFP,mlp_small,44,iterative_fancy,2,192,4904,0.5828111836425627,0.7634207120864371,0.02012587331223392,0.4348720264256345,0.30488898336977,0.4397854323711052
natural_proteins,amacGFP_to_cgreGFP,mlp_small,44,iterative_fancy,3,288,4904,0.4639644649189769,0.6811493704900393,0.21994157346942533,0.47405867291324777,0.3338101478594267,0.47584222802481735
natural_proteins,amacGFP_to_cgreGFP,mlp_small,44,iterative_fancy,4,384,4904,0.6125420719998478,0.7826506704781181,-0.029860347066497095,0.34061791838659977,0.23865683012048758,0.33950114664781167
natural_proteins,amacGFP_to_cgreGFP,mlp_small,44,iterative_fancy,5,480,4904,0.4064705225209091,0.6375504078274197,0.3166055157174773,0.5579805675204705,0.39970405702434536,0.5753638960413222
natural_proteins,amacGFP_to_cgreGFP,mlp_small,44,iterative_fancy,6,576,4904,0.5016578879275382,0.7082781148161633,0.15656802987758078,0.4226106797884586,0.29765325218791255,0.42287362125869843
natural_proteins,amacGFP_to_cgreGFP,mlp_small,44,iterative_fancy,7,672,4904,0.5091921340463845,0.7135769993815555,0.14390078353235103,0.4685131987790624,0.3315572048274077,0.4691499186293453
natural_proteins,amacGFP_to_cgreGFP,mlp_small,44,iterative_fancy,8,768,4904,0.43878604011008987,0.6624092693419151,0.26227378622276354,0.5443577454889927,0.38925136946235595,0.5459021881532113
natural_proteins,amacGFP_to_cgreGFP,mlp_small,44,iterative_fancy,9,864,4904,0.47339133590528776,0.6880344002339475,0.2040922774463506,0.5603772005458693,0.39911266933894585,0.5639674444009476
natural_proteins,amacGFP_to_cgreGFP,mlp_small,44,iterative_fancy,10,960,4904,0.44407353101598246,0.6663884235308882,0.25338398506726867,0.5274557567254183,0.3748359235305161,0.5192261258374086
natural_proteins,amacGFP_to_cgreGFP,mlp_small,44,iterative_random,1,96,4904,0.5929603987631197,0.7700392189772672,0.0030621079248468464,0.47636252988836847,0.33852578408673195,0.47948501802636573
natural_proteins,amacGFP_to_cgreGFP,mlp_small,44,iterative_random,2,192,4904,0.42846568167211346,0.6545729001968486,0.2796252930149169,0.5459041493183031,0.3877861113584019,0.5537813780099593
natural_proteins,amacGFP_to_cgreGFP,mlp_small,44,iterative_random,3,288,4904,0.4398082249027514,0.6631803863978122,0.26055519800906,0.5539954830843217,0.39337863546271296,0.5591541473116112
natural_proteins,amacGFP_to_cgreGFP,mlp_small,44,iterative_random,4,384,4904,0.423160782646966,0.650508095758205,0.2885443622526499,0.5555021184213119,0.394179108849564,0.5577634551449606
natural_proteins,amacGFP_to_cgreGFP,mlp_small,44,iterative_random,5,480,4904,0.46350065960390496,0.6808088275014543,0.220721364319043,0.5175444701211592,0.3653411770887293,0.5276215526652039
natural_proteins,amacGFP_to_cgreGFP,mlp_small,44,iterative_random,6,576,4904,0.40126381638705555,0.6334538786581511,0.3253594943112692,0.604716803462314,0.432014773604851,0.611137186460681
natural_proteins,amacGFP_to_cgreGFP,mlp_small,44,iterative_random,7,672,4904,0.5114580812860746,0.7151629753322487,0.1400910709960631,0.6304177938747773,0.45225606884112873,0.6408069278026061
natural_proteins,amacGFP_to_cgreGFP,mlp_small,44,iterative_random,8,768,4904,0.4095510736958116,0.6399617751833399,0.31142621841340246,0.6159678454343561,0.44151437136000143,0.6053247377666899
natural_proteins,amacGFP_to_cgreGFP,mlp_small,44,iterative_random,9,864,4904,0.3869024526471983,0.622014833140817,0.34950509952201025,0.639745099490483,0.45873448360567465,0.6423847273053169
natural_proteins,amacGFP_to_cgreGFP,mlp_small,44,iterative_random,10,960,4904,0.4211805551295238,0.6489842487530216,0.2918736973164856,0.6210224189418622,0.4459363804462259,0.608650016199915
natural_proteins,amacGFP_to_cgreGFP,mlp_small,45,source_only,0,0,4904,7.5706800391984315,2.7514868778895587,-11.728502300655418,0.34374047939951696,0.2430316331482757,0.3310083451301744
natural_proteins,amacGFP_to_cgreGFP,mlp_small,45,oneshot_fancy,1,960,4904,0.7594174913328607,0.8714456330333297,-0.2768003977898563,0.324150948078812,0.22882465397051324,0.3056931772719653
natural_proteins,amacGFP_to_cgreGFP,mlp_small,45,oneshot_random,1,960,4904,0.5096239644179906,0.7138795167379371,0.1431747518086457,0.6378377342699335,0.4592797578049974,0.6482146158898981
natural_proteins,amacGFP_to_cgreGFP,mlp_small,45,iterative_fancy,1,96,4904,1.1881416553665325,1.0900191077988186,-0.9976096883680565,0.3595957675917914,0.25321215505392725,0.35039570016577315
natural_proteins,amacGFP_to_cgreGFP,mlp_small,45,iterative_fancy,2,192,4904,0.7284845113112601,0.8535130410903281,-0.22479311372389832,0.39662909705363136,0.2792990981389068,0.38437777664606526
natural_proteins,amacGFP_to_cgreGFP,mlp_small,45,iterative_fancy,3,288,4904,0.698032056605638,0.8354831276606596,-0.1735937316638747,0.4764490110595165,0.33632612685795454,0.4699138364945024
natural_proteins,amacGFP_to_cgreGFP,mlp_small,45,iterative_fancy,4,384,4904,0.5575786045637354,0.7467118618073074,0.06254913505271131,0.40308141381710194,0.28247174063653874,0.4053355166130662
natural_proteins,amacGFP_to_cgreGFP,mlp_small,45,iterative_fancy,5,480,4904,0.44409440639097497,0.6664040864152733,0.2533488875255362,0.5060189837988494,0.3591729855572539,0.5040851500891378
natural_proteins,amacGFP_to_cgreGFP,mlp_small,45,iterative_fancy,6,576,4904,0.4341109568224405,0.6588709713004819,0.27013395308683585,0.5154486191386703,0.3652092321116093,0.5205408295481752
natural_proteins,amacGFP_to_cgreGFP,mlp_small,45,iterative_fancy,7,672,4904,0.6179343409766701,0.7860879982398091,-0.038926310457086055,0.44781477870987424,0.3150724339674087,0.44991584219512043
natural_proteins,amacGFP_to_cgreGFP,mlp_small,45,iterative_fancy,8,768,4904,0.46899692262722054,0.6848334999306186,0.211480556865148,0.5822884039239147,0.4152726836343489,0.582493642527127
natural_proteins,amacGFP_to_cgreGFP,mlp_small,45,iterative_fancy,9,864,4904,0.48273850911904026,0.6947938608818016,0.18837697642453244,0.5055798013914817,0.3587643916153167,0.49501368246654553
natural_proteins,amacGFP_to_cgreGFP,mlp_small,45,iterative_fancy,10,960,4904,0.38863346609645655,0.6234047369858979,0.3465947653700888,0.5920396070733669,0.42321326711797486,0.5961379639084595
natural_proteins,amacGFP_to_cgreGFP,mlp_small,45,iterative_random,1,96,4904,0.5504829252008051,0.7419453653745707,0.07447902386430261,0.30846452341921937,0.21660737523701545,0.31076734186878135
natural_proteins,amacGFP_to_cgreGFP,mlp_small,45,iterative_random,2,192,4904,0.5284022178328028,0.7269127993320814,0.11160307785661405,0.3636702936962059,0.2566820615735935,0.35444616736520307
natural_proteins,amacGFP_to_cgreGFP,mlp_small,45,iterative_random,3,288,4904,0.4669278017009796,0.6833211556076539,0.2149593474537912,0.5531195279601584,0.39435164155139263,0.5591855126372538
natural_proteins,amacGFP_to_cgreGFP,mlp_small,45,iterative_random,4,384,4904,0.6643768464990877,0.8150931520379052,-0.11700959165897973,0.4711689832466998,0.33338300242002533,0.479486850047099
natural_proteins,amacGFP_to_cgreGFP,mlp_small,45,iterative_random,5,480,4904,0.495738585309287,0.7040870580470053,0.1665200892176375,0.5523794261778211,0.39289677425894565,0.5542203146497784
natural_proteins,amacGFP_to_cgreGFP,mlp_small,45,iterative_random,6,576,4904,0.47351049012212165,0.6881209850906465,0.20389194475295314,0.4910997111808503,0.34811028885601214,0.4866205664010192
natural_proteins,amacGFP_to_cgreGFP,mlp_small,45,iterative_random,7,672,4904,0.3944158087345148,0.6280253249149391,0.3368729753603904,0.6144663423354371,0.44256232774221604,0.6151338847150507
natural_proteins,amacGFP_to_cgreGFP,mlp_small,45,iterative_random,8,768,4904,0.5333332217122607,0.7302966669184933,0.10331263447514116,0.6407417624021006,0.4627617663348702,0.6447771824807766
natural_proteins,amacGFP_to_cgreGFP,mlp_small,45,iterative_random,9,864,4904,0.4731392086990369,0.6878511530113451,0.20451617618572482,0.6479861963785666,0.46884414247237427,0.6478625355151715
natural_proteins,amacGFP_to_cgreGFP,mlp_small,45,iterative_random,10,960,4904,0.4920927641468785,0.701493238846162,0.17264976882544292,0.6502461418865091,0.47004281887645594,0.6452445933994413
natural_proteins,amacGFP_to_cgreGFP,mlp_small,46,source_only,0,0,4904,9.821301622092856,3.1338955984673222,-15.51244797626866,0.30306446374055196,0.21430880673457015,0.30236501573895536
natural_proteins,amacGFP_to_cgreGFP,mlp_small,46,oneshot_fancy,1,960,4904,0.7679814834712612,0.8763455274440904,-0.29119894495761733,0.32898290218899046,0.23127786729437694,0.3077085432412169
natural_proteins,amacGFP_to_cgreGFP,mlp_small,46,oneshot_random,1,960,4904,0.3738378172777035,0.6114227811242426,0.37147052937729785,0.6468967241114564,0.46579965683527386,0.6248381565272147
natural_proteins,amacGFP_to_cgreGFP,mlp_small,46,iterative_fancy,1,96,4904,0.5839353322674506,0.7641566150125579,0.01823585441246811,0.3259361175022567,0.22925106288359523,0.3233178737038345
natural_proteins,amacGFP_to_cgreGFP,mlp_small,46,iterative_fancy,2,192,4904,0.6000133623138588,0.7746052945299682,-0.008795963254651484,0.3635653902638773,0.2550650191386258,0.352199791146227
natural_proteins,amacGFP_to_cgreGFP,mlp_small,46,iterative_fancy,3,288,4904,0.5663366136636603,0.7525533958887305,0.04782438927024946,0.48130797089916216,0.3402014537165852,0.4858951410073777
natural_proteins,amacGFP_to_cgreGFP,mlp_small,46,iterative_fancy,4,384,4904,0.5094130516977967,0.7137317785399475,0.14352935707928527,0.39772778728218955,0.27883462145425597,0.3924290523983253
natural_proteins,amacGFP_to_cgreGFP,mlp_small,46,iterative_fancy,5,480,4904,0.5982024818410949,0.773435505935107,-0.005751349541689876,0.5042604805839909,0.35893718610532044,0.4966957504711199
natural_proteins,amacGFP_to_cgreGFP,mlp_small,46,iterative_fancy,6,576,4904,0.4751705344136951,0.6893261451691028,0.20110093027670006,0.4731741997784401,0.3353808289748344,0.46591135847734844
natural_proteins,amacGFP_to_cgreGFP,mlp_small,46,iterative_fancy,7,672,4904,0.6487538350750962,0.8054525653786796,-0.09074279187034451,0.4257118708819042,0.2993526104508925,0.41728432888741546
natural_proteins,amacGFP_to_cgreGFP,mlp_small,46,iterative_fancy,8,768,4904,0.4705539843810212,0.6859693756874436,0.20886268581355183,0.4578610448810781,0.3227807329301564,0.46022772449791904
natural_proteins,amacGFP_to_cgreGFP,mlp_small,46,iterative_fancy,9,864,4904,0.42245165545386676,0.6499628108237169,0.289736610117054,0.5727601842199381,0.4082141389848114,0.5767841629904356
natural_proteins,amacGFP_to_cgreGFP,mlp_small,46,iterative_fancy,10,960,4904,0.4021648019301201,0.6341646489123468,0.3238446770823842,0.5983495064268238,0.42785981183584193,0.6060031390171463
natural_proteins,amacGFP_to_cgreGFP,mlp_small,46,iterative_random,1,96,4904,0.5032176899131536,0.7093783827501045,0.15394555170393243,0.4543398946580842,0.32221567182852956,0.4561871455952158
natural_proteins,amacGFP_to_cgreGFP,mlp_small,46,iterative_random,2,192,4904,0.5380360020914766,0.733509374235583,0.09540590079119282,0.39593748286317143,0.280851951361468,0.3922058046163207
natural_proteins,amacGFP_to_cgreGFP,mlp_small,46,iterative_random,3,288,4904,0.4704671745900514,0.685906097501729,0.20900863817428517,0.4993353645378032,0.35332095439369937,0.5141735283991612
natural_proteins,amacGFP_to_cgreGFP,mlp_small,46,iterative_random,4,384,4904,0.47572291714334647,0.6897266974268478,0.20017221517993133,0.5562102831928722,0.3960569047091089,0.5648296852363035
natural_proteins,amacGFP_to_cgreGFP,mlp_small,46,iterative_random,5,480,4904,0.3847552792084877,0.6202864493187705,0.353115118953954,0.5824315015006156,0.41488461013995165,0.5954028320356088
natural_proteins,amacGFP_to_cgreGFP,mlp_small,46,iterative_random,6,576,4904,0.4124149652159417,0.642195426031626,0.3066111886387902,0.578506591211788,0.41145531209016356,0.5946550023789494
natural_proteins,amacGFP_to_cgreGFP,mlp_small,46,iterative_random,7,672,4904,0.453684895911932,0.6735613527451912,0.2372245014334199,0.5391919699466555,0.38115569986109793,0.5525530812963109
natural_proteins,amacGFP_to_cgreGFP,mlp_small,46,iterative_random,8,768,4904,0.3765451447702654,0.613632744212909,0.3669187290054319,0.6378396119191874,0.4577668765847936,0.6526478437115757
natural_proteins,amacGFP_to_cgreGFP,mlp_small,46,iterative_random,9,864,4904,0.3972974170059434,0.630315331406387,0.33202815860382995,0.6491138046689063,0.46627947616453846,0.6547344145027219
natural_proteins,amacGFP_to_cgreGFP,mlp_small,46,iterative_random,10,960,4904,0.36833722058347806,0.6069079177136166,0.38071862298512626,0.659034405346168,0.47660289705995645,0.6502068039321613
natural_proteins,amacGFP_to_cgreGFP,CNN_Jannis_OHE,42,source_only,0,0,4904,1.2493478082344835,1.1177422816707274,-1.1005149298470593,0.17939109989393992,0.1253902723342486,0.1331365325974326
natural_proteins,amacGFP_to_cgreGFP,CNN_Jannis_OHE,42,oneshot_fancy,1,960,4904,0.33598175874511194,0.5796393350568195,0.4351175103130891,0.7182488407053961,0.5303772888940648,0.7212197720689336
natural_proteins,amacGFP_to_cgreGFP,CNN_Jannis_OHE,42,oneshot_random,1,960,4904,0.3126624015604697,0.5591622318795053,0.47432409281792176,0.7425412710535317,0.5464931534667858,0.7368448748922305
natural_proteins,amacGFP_to_cgreGFP,CNN_Jannis_OHE,42,iterative_fancy,1,96,4904,0.7199801427600018,0.848516436352297,-0.21049481104701284,0.48933072684923606,0.3471571406602582,0.40240204036754457
natural_proteins,amacGFP_to_cgreGFP,CNN_Jannis_OHE,42,iterative_fancy,2,192,4904,0.5754883745355956,0.758609500688988,0.03243763290089552,0.5491974857445269,0.38938592401725586,0.5300380463944186
natural_proteins,amacGFP_to_cgreGFP,CNN_Jannis_OHE,42,iterative_fancy,3,288,4904,0.46955014999993133,0.68523729466509,0.21055042167915738,0.5552485813088945,0.39120879097915595,0.6188861017144431
natural_proteins,amacGFP_to_cgreGFP,CNN_Jannis_OHE,42,iterative_fancy,4,384,4904,0.3583187380593544,0.5985973087638754,0.3975625890749792,0.6618583909004864,0.4755906475761263,0.6843179319961621
natural_proteins,amacGFP_to_cgreGFP,CNN_Jannis_OHE,42,iterative_fancy,5,480,4904,0.35514029704611205,0.5959364874263968,0.4029064675033477,0.676552785923799,0.4889288275527292,0.6965483580224281
natural_proteins,amacGFP_to_cgreGFP,CNN_Jannis_OHE,42,iterative_fancy,6,576,4904,0.3286518743164371,0.5732816710103656,0.44744116556345725,0.7027479920847095,0.5105581670263433,0.7116851361931587
natural_proteins,amacGFP_to_cgreGFP,CNN_Jannis_OHE,42,iterative_fancy,7,672,4904,0.30926284439335616,0.5561140570003209,0.48003973143938916,0.7258072552580398,0.5316461372739115,0.7402085734587055
natural_proteins,amacGFP_to_cgreGFP,CNN_Jannis_OHE,42,iterative_fancy,8,768,4904,0.2685379273852031,0.5182064524735321,0.5485100930381288,0.7236535993693934,0.5255915577251983,0.7685771245801152
natural_proteins,amacGFP_to_cgreGFP,CNN_Jannis_OHE,42,iterative_fancy,9,864,4904,0.25760884520065863,0.5075518152865367,0.5668850404681823,0.7280271243822711,0.5313640770897388,0.7683921140802129
natural_proteins,amacGFP_to_cgreGFP,CNN_Jannis_OHE,42,iterative_fancy,10,960,4904,0.24021260367562236,0.49011488824113714,0.5961331528078535,0.7474870226562751,0.5497730637990904,0.7827127657322346
natural_proteins,amacGFP_to_cgreGFP,CNN_Jannis_OHE,42,iterative_random,1,96,4904,0.7110107512415464,0.8432145345293488,-0.19541467029518889,0.29143819335591753,0.20342768372610573,0.41059072751031533
natural_proteins,amacGFP_to_cgreGFP,CNN_Jannis_OHE,42,iterative_random,2,192,4904,0.635360247220561,0.7970948796853239,-0.06822429776706818,0.41004509809828066,0.285330256129376,0.4781218134344535
natural_proteins,amacGFP_to_cgreGFP,CNN_Jannis_OHE,42,iterative_random,3,288,4904,0.4029658464315037,0.6347959092743932,0.3224978896437398,0.6054319715218928,0.4338153303162539,0.6022132589444495
natural_proteins,amacGFP_to_cgreGFP,CNN_Jannis_OHE,42,iterative_random,4,384,4904,0.43340485575337356,0.6583349115407549,0.2713211131617007,0.6212754374690537,0.4483220343141834,0.6101907584907809
natural_proteins,amacGFP_to_cgreGFP,CNN_Jannis_OHE,42,iterative_random,5,480,4904,0.37400753887151966,0.6115615577123202,0.3711851783010174,0.6631847478549869,0.4770008308165321,0.6693691862574424
natural_proteins,amacGFP_to_cgreGFP,CNN_Jannis_OHE,42,iterative_random,6,576,4904,0.349721467183467,0.5913725282624034,0.4120170874234097,0.6716525574959208,0.4832620948488749,0.680469574703735
natural_proteins,amacGFP_to_cgreGFP,CNN_Jannis_OHE,42,iterative_random,7,672,4904,0.3102067259389933,0.5569620507170963,0.4784527936262756,0.7153837445307052,0.5219413485274772,0.7244859035267666
natural_proteins,amacGFP_to_cgreGFP,CNN_Jannis_OHE,42,iterative_random,8,768,4904,0.3436109011244437,0.5861833340555186,0.4222907159135686,0.6796697414915143,0.4917445226831517,0.7163508065488093
natural_proteins,amacGFP_to_cgreGFP,CNN_Jannis_OHE,42,iterative_random,9,864,4904,0.28134345777431324,0.5304181914059068,0.5269802935782433,0.7232080934556843,0.5308362086579584,0.7477482350465521
natural_proteins,amacGFP_to_cgreGFP,CNN_Jannis_OHE,42,iterative_random,10,960,4904,0.25880322527944033,0.5087270636396695,0.5648769421861368,0.7566322201050422,0.5605678246453663,0.7762165822938709
natural_proteins,amacGFP_to_cgreGFP,CNN_Jannis_OHE,43,source_only,0,0,4904,1.1708593987131826,1.0820625669124602,-0.9685532175578104,0.23155096029316943,0.16221468198634442,0.20057023841895807
natural_proteins,amacGFP_to_cgreGFP,CNN_Jannis_OHE,43,oneshot_fancy,1,960,4904,0.3868168481586892,0.6219460170775991,0.34964902542077925,0.6871653628469507,0.49934286074281725,0.6710131230151326
natural_proteins,amacGFP_to_cgreGFP,CNN_Jannis_OHE,43,oneshot_random,1,960,4904,0.28176622363101494,0.5308165630714766,0.5262695019252075,0.7467844416212124,0.5531226431184941,0.7580928381322539
natural_proteins,amacGFP_to_cgreGFP,CNN_Jannis_OHE,43,iterative_fancy,1,96,4904,0.7074626226720147,0.8411079732543347,-0.18944924018501763,0.3840184217218669,0.2691026175587152,0.32730570528205605
natural_proteins,amacGFP_to_cgreGFP,CNN_Jannis_OHE,43,iterative_fancy,2,192,4904,0.6330353295886334,0.7956351736748655,-0.06431543894941849,0.455458460304267,0.3232106033139352,0.4747498301650691
natural_proteins,amacGFP_to_cgreGFP,CNN_Jannis_OHE,43,iterative_fancy,3,288,4904,0.5661987256209835,0.7524617768504813,0.04805621894200374,0.5027497519218617,0.35442262973278005,0.5373704623236812
natural_proteins,amacGFP_to_cgreGFP,CNN_Jannis_OHE,43,iterative_fancy,4,384,4904,0.42687694056128744,0.6533582023371922,0.28229642622614637,0.6504060090775942,0.47094148274901454,0.6351717814371924
natural_proteins,amacGFP_to_cgreGFP,CNN_Jannis_OHE,43,iterative_fancy,5,480,4904,0.3603457687103549,0.600288071437668,0.39415456440993335,0.6579703253050938,0.47513447374334145,0.6754788064247923
natural_proteins,amacGFP_to_cgreGFP,CNN_Jannis_OHE,43,iterative_fancy,6,576,4904,0.30150692689834657,0.5490964641102204,0.49307967146694,0.694961695482687,0.5087064223129178,0.7131493163879763
natural_proteins,amacGFP_to_cgreGFP,CNN_Jannis_OHE,43,iterative_fancy,7,672,4904,0.3175368488742932,0.5635040806190255,0.4661287373773034,0.6968168593874662,0.5060796232541648,0.7231465213531323
natural_proteins,amacGFP_to_cgreGFP,CNN_Jannis_OHE,43,iterative_fancy,8,768,4904,0.3120397385603959,0.5586051723358779,0.4753709693716708,0.7138826773129515,0.5226218332286514,0.7235984832531858
natural_proteins,amacGFP_to_cgreGFP,CNN_Jannis_OHE,43,iterative_fancy,9,864,4904,0.3086805270498856,0.5555902510392758,0.4810187752779479,0.7013265701060107,0.5138141652671884,0.7189995291945698
natural_proteins,amacGFP_to_cgreGFP,CNN_Jannis_OHE,43,iterative_fancy,10,960,4904,0.3243517843490368,0.569518906050569,0.4546708602222842,0.7244580314553338,0.5315238264528921,0.7073749537187018
natural_proteins,amacGFP_to_cgreGFP,CNN_Jannis_OHE,43,iterative_random,1,96,4904,0.6511944248286676,0.8069661856785993,-0.09484612897248668,0.5802460106526923,0.4165295140750032,0.4615529778868941
natural_proteins,amacGFP_to_cgreGFP,CNN_Jannis_OHE,43,iterative_random,2,192,4904,0.4953750102912288,0.7038288217253034,0.16713136395515826,0.5842453492620902,0.418068361808306,0.562126195630978
natural_proteins,amacGFP_to_cgreGFP,CNN_Jannis_OHE,43,iterative_random,3,288,4904,0.42850715710795345,0.6546045807263752,0.27955556081414,0.6288043655469719,0.4550002717695385,0.6101863702956868
natural_proteins,amacGFP_to_cgreGFP,CNN_Jannis_OHE,43,iterative_random,4,384,4904,0.4277636109102664,0.6540363987655935,0.2808056769779327,0.6321186867087975,0.4547460772168174,0.6320356187800293
natural_proteins,amacGFP_to_cgreGFP,CNN_Jannis_OHE,43,iterative_random,5,480,4904,0.3983341236203396,0.6311371670408419,0.330285155008628,0.6490193039343752,0.469236838242504,0.6500497914059679
natural_proteins,amacGFP_to_cgreGFP,CNN_Jannis_OHE,43,iterative_random,6,576,4904,0.36950307635552204,0.607867647070908,0.3787584823108593,0.7111747127359281,0.51986813012164,0.7045079212994463
natural_proteins,amacGFP_to_cgreGFP,CNN_Jannis_OHE,43,iterative_random,7,672,4904,0.2898012553866575,0.5383319193459157,0.5127602901162293,0.7394254001511006,0.5474741847001533,0.7453750014316143
natural_proteins,amacGFP_to_cgreGFP,CNN_Jannis_OHE,43,iterative_random,8,768,4904,0.2787963938253576,0.5280117364466036,0.5312626445911426,0.7467044891799703,0.5552703247344576,0.7520659699577483
natural_proteins,amacGFP_to_cgreGFP,CNN_Jannis_OHE,43,iterative_random,9,864,4904,0.30294617860071243,0.5504054674516892,0.4906598731780235,0.7495975102272118,0.5546618902224965,0.7415672991192794
natural_proteins,amacGFP_to_cgreGFP,CNN_Jannis_OHE,43,iterative_random,10,960,4904,0.2846741879715102,0.5335486744164117,0.5213803729953662,0.7382619621264608,0.54636115468681,0.7636169713154553
natural_proteins,amacGFP_to_cgreGFP,CNN_Jannis_OHE,44,source_only,0,0,4904,1.2087564532008004,1.0994346061502704,-1.032269124548483,0.23986486063848844,0.16711200793127576,0.1737928813073677
natural_proteins,amacGFP_to_cgreGFP,CNN_Jannis_OHE,44,oneshot_fancy,1,960,4904,0.30412561265304155,0.5514758495646401,0.4886769034882713,0.7174248200660791,0.5288514535655091,0.7304852179451277
natural_proteins,amacGFP_to_cgreGFP,CNN_Jannis_OHE,44,oneshot_random,1,960,4904,0.25334353800652715,0.5033324328975107,0.5740562552272799,0.74840779273492,0.5556721070186689,0.7744064245286124
natural_proteins,amacGFP_to_cgreGFP,CNN_Jannis_OHE,44,iterative_fancy,1,96,4904,0.7604168458337297,0.8720188334168762,-0.27848060168139854,0.3442933683241618,0.24044159448007438,0.4291118817474353
natural_proteins,amacGFP_to_cgreGFP,CNN_Jannis_OHE,44,iterative_fancy,2,192,4904,0.6832606173741796,0.8265958004818194,-0.14875867097340656,0.4378412677574687,0.31156165574569744,0.28420735783111784
natural_proteins,amacGFP_to_cgreGFP,CNN_Jannis_OHE,44,iterative_fancy,3,288,4904,0.5199983017018822,0.7211090775339624,0.1257324909678652,0.5243072631871453,0.36765861188481674,0.5464216648749036
natural_proteins,amacGFP_to_cgreGFP,CNN_Jannis_OHE,44,iterative_fancy,4,384,4904,0.5856473911396185,0.7652760228437963,0.015357388385583537,0.4423945969864398,0.3145509849406142,0.5161853545416966
natural_proteins,amacGFP_to_cgreGFP,CNN_Jannis_OHE,44,iterative_fancy,5,480,4904,0.4078798097481403,0.6386546874079453,0.3142360963758568,0.6194316938383077,0.44302216037149256,0.6353631354950008
natural_proteins,amacGFP_to_cgreGFP,CNN_Jannis_OHE,44,iterative_fancy,6,576,4904,0.42498004319213856,0.651904934167658,0.285485659214769,0.6015406895770671,0.42848389303277273,0.6607056542779906
natural_proteins,amacGFP_to_cgreGFP,CNN_Jannis_OHE,44,iterative_fancy,7,672,4904,0.3813613311608584,0.6175445985197008,0.3588213270236227,0.6650254158189552,0.4840520879553283,0.6822920450639943
natural_proteins,amacGFP_to_cgreGFP,CNN_Jannis_OHE,44,iterative_fancy,8,768,4904,0.3399263865466188,0.583032063051955,0.42848545034136354,0.672006185421493,0.4864856645275504,0.7137505977066512
natural_proteins,amacGFP_to_cgreGFP,CNN_Jannis_OHE,44,iterative_fancy,9,864,4904,0.305205522259717,0.5524540906353368,0.48686126317037415,0.7271690130989369,0.5359424540273328,0.739595194498093
natural_proteins,amacGFP_to_cgreGFP,CNN_Jannis_OHE,44,iterative_fancy,10,960,4904,0.25120505620490075,0.5012036075338053,0.5776516615039917,0.7206228842957937,0.5301563953838433,0.7640215081259271
natural_proteins,amacGFP_to_cgreGFP,CNN_Jannis_OHE,44,iterative_random,1,96,4904,0.5170181794934615,0.7190397621087874,0.13074293813901972,0.5873242024819102,0.4171238373570015,0.4626721434189517
natural_proteins,amacGFP_to_cgreGFP,CNN_Jannis_OHE,44,iterative_random,2,192,4904,0.5599529454874821,0.748300037075692,0.0585571813901643,0.5278818060619065,0.3695231965434082,0.5815183149359533
natural_proteins,amacGFP_to_cgreGFP,CNN_Jannis_OHE,44,iterative_random,3,288,4904,0.3823312833702595,0.6183294294874372,0.3571905568860704,0.6595388481832016,0.4757310342738656,0.6783318276915731
natural_proteins,amacGFP_to_cgreGFP,CNN_Jannis_OHE,44,iterative_random,4,384,4904,0.4134187032785409,0.6429764406870138,0.304923614712419,0.6807819417684533,0.49203180118829615,0.6698223704894783
natural_proteins,amacGFP_to_cgreGFP,CNN_Jannis_OHE,44,iterative_random,5,480,4904,0.3200331037394152,0.5657146840408291,0.4619318111263967,0.6806987355082824,0.49804153707047644,0.7010506952172677
natural_proteins,amacGFP_to_cgreGFP,CNN_Jannis_OHE,44,iterative_random,6,576,4904,0.33250046261977967,0.5766285308756233,0.440970575759142,0.7244960318161412,0.5338780906728743,0.7233587778441509
natural_proteins,amacGFP_to_cgreGFP,CNN_Jannis_OHE,44,iterative_random,7,672,4904,0.28909721389579535,0.5376776114883298,0.5139439874445797,0.7224798115072932,0.531357197794989,0.745742319721467
natural_proteins,amacGFP_to_cgreGFP,CNN_Jannis_OHE,44,iterative_random,8,768,4904,0.31135430605710296,0.5579913136036285,0.4765233796109011,0.7199226265696327,0.5307467536169087,0.7367089301844106
natural_proteins,amacGFP_to_cgreGFP,CNN_Jannis_OHE,44,iterative_random,9,864,4904,0.2946017094243938,0.5427722445228697,0.5046893387687745,0.7482093891570449,0.5572704175460651,0.7569448891329031
natural_proteins,amacGFP_to_cgreGFP,CNN_Jannis_OHE,44,iterative_random,10,960,4904,0.30761022043015085,0.5546261988313849,0.48281827019797663,0.7220035254542669,0.5254423066954894,0.7436368245906488
natural_proteins,amacGFP_to_cgreGFP,CNN_Jannis_OHE,45,source_only,0,0,4904,1.2450290729688083,1.1158087080538528,-1.0932538870503161,0.1525231291453951,0.10603105856027145,0.1288106962729869
natural_proteins,amacGFP_to_cgreGFP,CNN_Jannis_OHE,45,oneshot_fancy,1,960,4904,0.30032575816681506,0.5480198519824031,0.49506555765403515,0.7090992089625154,0.5182078235448588,0.7374765392820346
natural_proteins,amacGFP_to_cgreGFP,CNN_Jannis_OHE,45,oneshot_random,1,960,4904,0.2973290525498348,0.5452788759431588,0.5001038863302736,0.7118457545454788,0.5174115839389337,0.7484650327408033
natural_proteins,amacGFP_to_cgreGFP,CNN_Jannis_OHE,45,iterative_fancy,1,96,4904,0.8332624336975254,0.9128320950194101,-0.40095509907345717,0.23395585303808336,0.16384058775605134,0.324463957806474
natural_proteins,amacGFP_to_cgreGFP,CNN_Jannis_OHE,45,iterative_fancy,2,192,4904,0.4000184548587179,0.6324701217122576,0.3274533071519282,0.6106496639767286,0.43889188276979074,0.5965326962157638
natural_proteins,amacGFP_to_cgreGFP,CNN_Jannis_OHE,45,iterative_fancy,3,288,4904,0.4879203443415422,0.6985129521644836,0.1796648130244508,0.5489950769602514,0.39558252688248796,0.5841733403449916
natural_proteins,amacGFP_to_cgreGFP,CNN_Jannis_OHE,45,iterative_fancy,4,384,4904,0.4497383404734665,0.6706253353948586,0.2438598023202727,0.5590082735775217,0.3984611859264979,0.6048457214824754
natural_proteins,amacGFP_to_cgreGFP,CNN_Jannis_OHE,45,iterative_fancy,5,480,4904,0.41544416051075983,0.6445495795598348,0.3015182354193183,0.6096427794008887,0.43314512278499545,0.6555632475603713
natural_proteins,amacGFP_to_cgreGFP,CNN_Jannis_OHE,45,iterative_fancy,6,576,4904,0.3661490398753979,0.6051025036102543,0.38439758749463393,0.592212614577271,0.41884545318342054,0.6468138073812844
natural_proteins,amacGFP_to_cgreGFP,CNN_Jannis_OHE,45,iterative_fancy,7,672,4904,0.37644293743729706,0.613549458020539,0.3670905690866525,0.6642042130349552,0.48218823879671185,0.6836538534373225
natural_proteins,amacGFP_to_cgreGFP,CNN_Jannis_OHE,45,iterative_fancy,8,768,4904,0.28683005914413656,0.5355651773072411,0.5177557301576539,0.7139273506023336,0.5245491912992363,0.74560981630609
natural_proteins,amacGFP_to_cgreGFP,CNN_Jannis_OHE,45,iterative_fancy,9,864,4904,0.2997607034864202,0.5475040670957798,0.49601557796425333,0.7097964815111666,0.5208428601109171,0.718603191340667
natural_proteins,amacGFP_to_cgreGFP,CNN_Jannis_OHE,45,iterative_fancy,10,960,4904,0.30496110079464545,0.5522328320506175,0.4872722063306165,0.7178393976169131,0.5276212798511953,0.7286868529280159
natural_proteins,amacGFP_to_cgreGFP,CNN_Jannis_OHE,45,iterative_random,1,96,4904,0.8379925583078848,0.9154193346810438,-0.40890780631687695,0.4706257084487369,0.3279539107608072,0.3352447998489678
natural_proteins,amacGFP_to_cgreGFP,CNN_Jannis_OHE,45,iterative_random,2,192,4904,0.5532849300879241,0.74383125108315,0.06976804341505927,0.5316990654121235,0.3735666417576458,0.5187016646073366
natural_proteins,amacGFP_to_cgreGFP,CNN_Jannis_OHE,45,iterative_random,3,288,4904,0.4588108817166152,0.677355801419472,0.228606237054234,0.5878094295739722,0.42174703394306057,0.6016315154755909
natural_proteins,amacGFP_to_cgreGFP,CNN_Jannis_OHE,45,iterative_random,4,384,4904,0.38274855559811455,0.6186667564999064,0.35648900161167596,0.6366574090939687,0.4607072927921203,0.6458367960134674
natural_proteins,amacGFP_to_cgreGFP,CNN_Jannis_OHE,45,iterative_random,5,480,4904,0.4004840370186099,0.6328380812013528,0.3266705289123717,0.6724411258636318,0.49050789803865397,0.6458482978404727
natural_proteins,amacGFP_to_cgreGFP,CNN_Jannis_OHE,45,iterative_random,6,576,4904,0.367000557889639,0.6058057096872222,0.38296593948584223,0.6921742459010412,0.5079150616780802,0.6710602955160538
natural_proteins,amacGFP_to_cgreGFP,CNN_Jannis_OHE,45,iterative_random,7,672,4904,0.374810005392924,0.6122172860945074,0.36983600003552364,0.6845705561331117,0.4999621042324077,0.686976163910368
natural_proteins,amacGFP_to_cgreGFP,CNN_Jannis_OHE,45,iterative_random,8,768,4904,0.3568927041183035,0.5974049749694954,0.3999601644850478,0.69188601985262,0.5062462510248505,0.6913038168225972
natural_proteins,amacGFP_to_cgreGFP,CNN_Jannis_OHE,45,iterative_random,9,864,4904,0.3080758870478845,0.5550458422940258,0.48203534996036623,0.7090976853656906,0.5243237745622938,0.7248356813430792
natural_proteins,amacGFP_to_cgreGFP,CNN_Jannis_OHE,45,iterative_random,10,960,4904,0.2397896707538355,0.48968323511616724,0.5968442253456061,0.7593042808962261,0.5680817029292162,0.7794094773697406
natural_proteins,amacGFP_to_cgreGFP,CNN_Jannis_OHE,46,source_only,0,0,4904,1.2499002894131064,1.1179893959305278,-1.101443810465017,-0.21734055392129642,-0.14954657793514797,-0.2496458855315227
natural_proteins,amacGFP_to_cgreGFP,CNN_Jannis_OHE,46,oneshot_fancy,1,960,4904,0.345425456782345,0.5877290674982351,0.41923992315166636,0.7215829217187509,0.5289897031457446,0.716599969169602
natural_proteins,amacGFP_to_cgreGFP,CNN_Jannis_OHE,46,oneshot_random,1,960,4904,0.26852140318961853,0.518190508586966,0.5485378749890798,0.7535938925932457,0.5592329116261324,0.7651036794569045
natural_proteins,amacGFP_to_cgreGFP,CNN_Jannis_OHE,46,iterative_fancy,1,96,4904,0.8703334645072746,0.9329166439223145,-0.4632822214067793,0.25626602542186155,0.17734767150882483,0.2767411279479078
natural_proteins,amacGFP_to_cgreGFP,CNN_Jannis_OHE,46,iterative_fancy,2,192,4904,0.6562338046742255,0.8100825912672273,-0.10331878369121039,0.4095120217030439,0.2853677559653414,0.4990386929029308
natural_proteins,amacGFP_to_cgreGFP,CNN_Jannis_OHE,46,iterative_fancy,3,288,4904,0.5381972105397761,0.7336192544772636,0.09513486277420613,0.45608545728526656,0.31995050715700213,0.5510508088620695
natural_proteins,amacGFP_to_cgreGFP,CNN_Jannis_OHE,46,iterative_fancy,4,384,4904,0.35402245675772004,0.5949978628177752,0.40478588026533113,0.6322648197955875,0.45536382586358554,0.6651605752408782
natural_proteins,amacGFP_to_cgreGFP,CNN_Jannis_OHE,46,iterative_fancy,5,480,4904,0.3586067265537241,0.5988378132296959,0.39707839714054693,0.6577490930676879,0.47701117443965274,0.6703132532861222
natural_proteins,amacGFP_to_cgreGFP,CNN_Jannis_OHE,46,iterative_fancy,6,576,4904,0.35752688657051623,0.597935520412123,0.3988939204012627,0.6842097366117487,0.4982988172550618,0.6871954205188555
natural_proteins,amacGFP_to_cgreGFP,CNN_Jannis_OHE,46,iterative_fancy,7,672,4904,0.3110267994612782,0.5576977671295432,0.4770740129010218,0.6944861695155587,0.5062341091359829,0.7182989287724869
natural_proteins,amacGFP_to_cgreGFP,CNN_Jannis_OHE,46,iterative_fancy,8,768,4904,0.2389978792514949,0.4888740934550479,0.5981754558172414,0.7265807921922294,0.5329299979540019,0.7821614946880588
natural_proteins,amacGFP_to_cgreGFP,CNN_Jannis_OHE,46,iterative_fancy,9,864,4904,0.25431189472684246,0.5042934609201695,0.5724281675682359,0.7070091919087594,0.5150334466305921,0.7659604447282219
natural_proteins,amacGFP_to_cgreGFP,CNN_Jannis_OHE,46,iterative_fancy,10,960,4904,0.268397381732991,0.518070826946462,0.5487463909199923,0.7192555909373787,0.5295876909154182,0.7526161129732298
natural_proteins,amacGFP_to_cgreGFP,CNN_Jannis_OHE,46,iterative_random,1,96,4904,0.8361613883945729,0.9144186067631022,-0.40582908018741426,0.2662711535592523,0.1857311747497716,0.37845968494913235
natural_proteins,amacGFP_to_cgreGFP,CNN_Jannis_OHE,46,iterative_random,2,192,4904,0.47572037014823976,0.6897248510444145,0.2001764974152005,0.5781457668018488,0.41549709814596963,0.5990332827401182
natural_proteins,amacGFP_to_cgreGFP,CNN_Jannis_OHE,46,iterative_random,3,288,4904,0.4764442248563237,0.6902493932314057,0.19895948833946597,0.612530298596601,0.44255529101430635,0.6032952384164068
natural_proteins,amacGFP_to_cgreGFP,CNN_Jannis_OHE,46,iterative_random,4,384,4904,0.37636195546014234,0.6134834598097509,0.3672267232071791,0.6311878098080678,0.4551562632647398,0.649594058184939
natural_proteins,amacGFP_to_cgreGFP,CNN_Jannis_OHE,46,iterative_random,5,480,4904,0.3900020805593155,0.6245014656182286,0.3442937287064055,0.679573403684014,0.5006606048146889,0.6505534669701055
natural_proteins,amacGFP_to_cgreGFP,CNN_Jannis_OHE,46,iterative_random,6,576,4904,0.35938018060146604,0.5994832613188346,0.39577799723259144,0.6938716875749755,0.5096015356077244,0.6994065804777453
natural_proteins,amacGFP_to_cgreGFP,CNN_Jannis_OHE,46,iterative_random,7,672,4904,0.3684979252107805,0.6070402994948363,0.3804484320369216,0.7079635365620425,0.5138149613815398,0.7114192188687951
natural_proteins,amacGFP_to_cgreGFP,CNN_Jannis_OHE,46,iterative_random,8,768,4904,0.3101242398708269,0.5568879958042073,0.47859147655871914,0.7415861535597141,0.5474087839426536,0.7319381518628025
natural_proteins,amacGFP_to_cgreGFP,CNN_Jannis_OHE,46,iterative_random,9,864,4904,0.2572882176610718,0.5072358599912586,0.5674241080756038,0.7399323148887276,0.5424023133363575,0.7649275789146007
natural_proteins,amacGFP_to_cgreGFP,CNN_Jannis_OHE,46,iterative_random,10,960,4904,0.2509625047917869,0.5009615801553916,0.5780594605661449,0.7385944446350401,0.5457841565455424,0.7773276105256901
natural_proteins,amacGFP_to_ppluGFP,aubin_1_10_1,42,source_only,0,0,6281,0.6269078542238978,0.7917751285711732,-1.2898646864682166,-0.20627312040690957,-0.13926836175424806,-0.2908169718649937
natural_proteins,amacGFP_to_ppluGFP,aubin_1_10_1,42,oneshot_fancy,1,960,6281,0.4569130879320642,0.6759534658037225,-0.6689360929064223,0.41038459523957177,0.2836073305753053,0.6085393624338402
natural_proteins,amacGFP_to_ppluGFP,aubin_1_10_1,42,oneshot_random,1,960,6281,0.14250834592595057,0.37750277605065446,0.47946922874843223,0.5757495509283393,0.40847114140650725,0.7203593709694825
natural_proteins,amacGFP_to_ppluGFP,aubin_1_10_1,42,iterative_fancy,1,96,6281,0.5936046904294163,0.77045745530134,-1.1682204317235407,0.2540597861597562,0.1711406703962919,0.4607321056795236
natural_proteins,amacGFP_to_ppluGFP,aubin_1_10_1,42,iterative_fancy,2,192,6281,0.9626931794808355,0.9811692919577312,-2.51636544468889,0.38302194239982934,0.2591742423512779,0.43801598319969987
natural_proteins,amacGFP_to_ppluGFP,aubin_1_10_1,42,iterative_fancy,3,288,6281,0.28612936134703293,0.5349106106136173,-0.04512571647614605,0.3954591548580691,0.26906222351261616,0.5187763117836035
natural_proteins,amacGFP_to_ppluGFP,aubin_1_10_1,42,iterative_fancy,4,384,6281,0.21648349258400834,0.4652778659940835,0.2092651232052024,0.43706878936878946,0.30045713895639886,0.5402728938101402
natural_proteins,amacGFP_to_ppluGFP,aubin_1_10_1,42,iterative_fancy,5,480,6281,0.3353440416053472,0.579088975551553,-0.22488891073194783,0.4289668983169075,0.29507064093604884,0.5012325807152214
natural_proteins,amacGFP_to_ppluGFP,aubin_1_10_1,42,iterative_fancy,6,576,6281,0.19763720471909688,0.44456406143445387,0.27810370731626133,0.4754211023643789,0.328846078950916,0.586504699709909
natural_proteins,amacGFP_to_ppluGFP,aubin_1_10_1,42,iterative_fancy,7,672,6281,0.44826411260392784,0.6695252889950669,-0.6373445550997177,0.49797359561461574,0.34681874397342455,0.5467047641201732
natural_proteins,amacGFP_to_ppluGFP,aubin_1_10_1,42,iterative_fancy,8,768,6281,0.31042323545380457,0.5571563833016764,-0.13386233708121065,0.4906836475965404,0.3419980417040789,0.5448288506274623
natural_proteins,amacGFP_to_ppluGFP,aubin_1_10_1,42,iterative_fancy,9,864,6281,0.19978848634965163,0.44697705349341105,0.2702458637699342,0.5282382608060084,0.36987194660534883,0.6185200112696778
natural_proteins,amacGFP_to_ppluGFP,aubin_1_10_1,42,iterative_fancy,10,960,6281,0.16876849486754236,0.4108144287479961,0.3835505266336062,0.5407134055820647,0.38080319759501746,0.6364007052351941
natural_proteins,amacGFP_to_ppluGFP,aubin_1_10_1,42,iterative_random,1,96,6281,0.24122469051260492,0.49114630255414216,0.1188945925827225,0.3596098638072681,0.2454051965367166,0.48965071712231795
natural_proteins,amacGFP_to_ppluGFP,aubin_1_10_1,42,iterative_random,2,192,6281,0.23414747230842425,0.48388787162774005,0.14474507752240473,0.382790908923583,0.2603103942800991,0.5145523772902679
natural_proteins,amacGFP_to_ppluGFP,aubin_1_10_1,42,iterative_random,3,288,6281,0.2782457966362365,0.5274900915052685,-0.016329943200840358,0.42905309199468905,0.293879657124323,0.5338739730018344
natural_proteins,amacGFP_to_ppluGFP,aubin_1_10_1,42,iterative_random,4,384,6281,0.20757808130589847,0.45560737626370634,0.24179332757658445,0.44487181899697587,0.3040444219415637,0.593659765018106
natural_proteins,amacGFP_to_ppluGFP,aubin_1_10_1,42,iterative_random,5,480,6281,0.16481996379605826,0.4059802505000191,0.397973063858327,0.49227100586136285,0.34070254744492096,0.65092972534406
natural_proteins,amacGFP_to_ppluGFP,aubin_1_10_1,42,iterative_random,6,576,6281,0.27698980052787997,0.5262982049445732,-0.011742249625956713,-0.21498014362110526,-0.1434627574659984,-0.27750684593339586
natural_proteins,amacGFP_to_ppluGFP,aubin_1_10_1,42,iterative_random,7,672,6281,0.1739393491699236,0.41706036633792426,0.36466329051729784,0.5077164607095278,0.35288171891608383,0.6371962518615839
natural_proteins,amacGFP_to_ppluGFP,aubin_1_10_1,42,iterative_random,8,768,6281,0.26587158142159295,0.5156273668276277,0.028868530947882,0.5298271038389075,0.3689130642397554,0.6574779144637364
natural_proteins,amacGFP_to_ppluGFP,aubin_1_10_1,42,iterative_random,9,864,6281,0.15267680268170747,0.39073879085868535,0.4423275820391043,0.5530084618255012,0.3871108859422251,0.6975063778623048
natural_proteins,amacGFP_to_ppluGFP,aubin_1_10_1,42,iterative_random,10,960,6281,0.16683852544522432,0.40845871938939476,0.3905999977741468,0.5798166720781831,0.4086439705270575,0.7096917476294456
natural_proteins,amacGFP_to_ppluGFP,aubin_1_10_1,43,source_only,0,0,6281,0.5650222464069052,0.7516796168627331,-1.0638192365891634,-0.18384679098067178,-0.12444527212856792,-0.30066694532994664
natural_proteins,amacGFP_to_ppluGFP,aubin_1_10_1,43,oneshot_fancy,1,960,6281,0.5102960096802468,0.7143500610206783,-0.8639243460413113,0.34395679914597077,0.2377310425087619,0.5258515254976219
natural_proteins,amacGFP_to_ppluGFP,aubin_1_10_1,43,oneshot_random,1,960,6281,0.15946100861857376,0.3993256924098095,0.41754736354943456,0.5706313301437188,0.4058475155139557,0.6786680051194065
natural_proteins,amacGFP_to_ppluGFP,aubin_1_10_1,43,iterative_fancy,1,96,6281,0.7831633368527883,0.8849651613779993,-1.8606087110137377,0.23440819062271503,0.15818785790234854,0.43155076865792685
natural_proteins,amacGFP_to_ppluGFP,aubin_1_10_1,43,iterative_fancy,2,192,6281,1.343515914227809,1.1591013390673868,-3.907371357640658,-0.21315563328958667,-0.142804689965407,-0.1388129258659845
natural_proteins,amacGFP_to_ppluGFP,aubin_1_10_1,43,iterative_fancy,3,288,6281,0.20608382688556762,0.45396456567177973,0.24725129146499458,0.3812054381134013,0.25873542660855,0.5187104998032551
natural_proteins,amacGFP_to_ppluGFP,aubin_1_10_1,43,iterative_fancy,4,384,6281,0.5882249492596168,0.7669582447953844,-1.1485702084186915,0.3796659510957955,0.25901684876849224,0.40836506149215424
natural_proteins,amacGFP_to_ppluGFP,aubin_1_10_1,43,iterative_fancy,5,480,6281,0.26474414491889864,0.5145329386141364,0.03298664338874635,0.42226016398470756,0.2884542146953034,0.5302676317756178
natural_proteins,amacGFP_to_ppluGFP,aubin_1_10_1,43,iterative_fancy,6,576,6281,0.45823761417285813,0.6769325034099472,-0.6737741019450063,0.42307924899366783,0.2894941808142487,0.45338218294156285
natural_proteins,amacGFP_to_ppluGFP,aubin_1_10_1,43,iterative_fancy,7,672,6281,0.18327519611614176,0.42810652426252715,0.3305628623660466,0.4736634661398239,0.32662820138176246,0.5888839728775614
natural_proteins,amacGFP_to_ppluGFP,aubin_1_10_1,43,iterative_fancy,8,768,6281,0.2108303448859774,0.45916265624065883,0.22991400037892318,0.4893707169519735,0.3399464070804597,0.5841163101065825
natural_proteins,amacGFP_to_ppluGFP,aubin_1_10_1,43,iterative_fancy,9,864,6281,0.2987020812298834,0.5465364408983937,-0.0910492554438267,0.3730450478438771,0.2552996873245605,0.4158745756549558
natural_proteins,amacGFP_to_ppluGFP,aubin_1_10_1,43,iterative_fancy,10,960,6281,0.20988292381567705,0.4581298110968954,0.23337458240462217,0.5199177085979456,0.3628596022300124,0.6189630628048326
natural_proteins,amacGFP_to_ppluGFP,aubin_1_10_1,43,iterative_random,1,96,6281,0.2728897715880946,0.5223885255134291,0.0032336538014059446,0.3349071865976303,0.2299589048332882,0.4474229771833075
natural_proteins,amacGFP_to_ppluGFP,aubin_1_10_1,43,iterative_random,2,192,6281,0.23136733801732984,0.48100658833048204,0.15489988942007604,0.3860150789682977,0.2653595464799397,0.5043946076045124
natural_proteins,amacGFP_to_ppluGFP,aubin_1_10_1,43,iterative_random,3,288,6281,0.21723863339318658,0.4660886540060663,0.20650687052006267,0.4246591795453081,0.29320624385287536,0.5249268948175145
natural_proteins,amacGFP_to_ppluGFP,aubin_1_10_1,43,iterative_random,4,384,6281,0.2183862027736754,0.4673180959193378,0.20231522005349323,0.4686750432547782,0.3262093993194095,0.5639656154420386
natural_proteins,amacGFP_to_ppluGFP,aubin_1_10_1,43,iterative_random,5,480,6281,0.23712988966778378,0.4869598439992602,0.13385139969480464,0.4876029253125552,0.3401204669237891,0.5940404664332898
natural_proteins,amacGFP_to_ppluGFP,aubin_1_10_1,43,iterative_random,6,576,6281,0.19317127208400328,0.43951253916583916,0.29441612287198415,0.5168695857338709,0.36174606984817487,0.6138058805222862
natural_proteins,amacGFP_to_ppluGFP,aubin_1_10_1,43,iterative_random,7,672,6281,0.1785933127357399,0.4226030202633908,0.3476640668679697,0.5176038981167278,0.36161795670278885,0.6198668049357655
natural_proteins,amacGFP_to_ppluGFP,aubin_1_10_1,43,iterative_random,8,768,6281,0.16978500815210976,0.4120497641694626,0.3798375760652356,0.5386239726424952,0.37985674756565296,0.6630539897698982
natural_proteins,amacGFP_to_ppluGFP,aubin_1_10_1,43,iterative_random,9,864,6281,0.1679126928029698,0.4097715129227138,0.38667645800145833,0.545965944398151,0.38444118039991465,0.6619160170517002
natural_proteins,amacGFP_to_ppluGFP,aubin_1_10_1,43,iterative_random,10,960,6281,0.1567694929479234,0.3959412746202691,0.4273784840973308,0.5766737788773367,0.40925581706412384,0.6953429681317003
natural_proteins,amacGFP_to_ppluGFP,aubin_1_10_1,44,source_only,0,0,6281,0.7366352129249619,0.858274555678404,-1.6906585226533681,-0.20127106215457244,-0.1374834844000907,-0.2818592649065427
natural_proteins,amacGFP_to_ppluGFP,aubin_1_10_1,44,oneshot_fancy,1,960,6281,0.3722188199979576,0.6100973856672044,-0.35957896492996544,0.38939746163018624,0.26968643369780065,0.5427780567002827
natural_proteins,amacGFP_to_ppluGFP,aubin_1_10_1,44,oneshot_random,1,960,6281,0.156790613421008,0.39596794494126414,0.42730133874789533,0.5937894302630304,0.42330994726849064,0.7020363866097405
natural_proteins,amacGFP_to_ppluGFP,aubin_1_10_1,44,iterative_fancy,1,96,6281,0.9524424143067178,0.9759315623068647,-2.478923155485879,0.24730636230367015,0.16775195079224425,0.4357484280518447
natural_proteins,amacGFP_to_ppluGFP,aubin_1_10_1,44,iterative_fancy,2,192,6281,0.20713680909468046,0.45512285055211243,0.24340513327782076,0.40765654761910597,0.27903193946782695,0.512182549773575
natural_proteins,amacGFP_to_ppluGFP,aubin_1_10_1,44,iterative_fancy,3,288,6281,0.46545382140313185,0.6822417616967843,-0.7001322628701028,0.384037935623379,0.26344781995884364,0.4520171780215154
natural_proteins,amacGFP_to_ppluGFP,aubin_1_10_1,44,iterative_fancy,4,384,6281,0.2548275799798655,0.504804496790456,0.06920822158714435,0.41690056541267057,0.284408081857419,0.5343114500262576
natural_proteins,amacGFP_to_ppluGFP,aubin_1_10_1,44,iterative_fancy,5,480,6281,0.5717030825465681,0.756110496254726,-1.0882218830853279,0.4437920298716017,0.3062028303955793,0.5066736062714142
natural_proteins,amacGFP_to_ppluGFP,aubin_1_10_1,44,iterative_fancy,6,576,6281,0.21474115712673517,0.4634017232669028,0.21562923622230679,0.42464052947583897,0.2917363444379256,0.531427681079733
natural_proteins,amacGFP_to_ppluGFP,aubin_1_10_1,44,iterative_fancy,7,672,6281,0.46507318091346195,0.6819627415874433,-0.6987419226316411,0.41914046186335974,0.28790902607343,0.5219726248110097
natural_proteins,amacGFP_to_ppluGFP,aubin_1_10_1,44,iterative_fancy,8,768,6281,0.32070497247080026,0.566308195659219,-0.1714177550778766,0.46928652706141755,0.3250087239297068,0.5512931799482377
natural_proteins,amacGFP_to_ppluGFP,aubin_1_10_1,44,iterative_fancy,9,864,6281,0.25609855373798984,0.5060618082191046,0.06456582014561241,0.5001058327439646,0.3480870549789035,0.5855899931461019
natural_proteins,amacGFP_to_ppluGFP,aubin_1_10_1,44,iterative_fancy,10,960,6281,0.30186032884638725,0.5494181730215949,-0.1025851767748931,0.5119877888517844,0.35773473694293917,0.5806304985926021
natural_proteins,amacGFP_to_ppluGFP,aubin_1_10_1,44,iterative_random,1,96,6281,0.2805331122083265,0.5296537663496093,-0.02468466889146348,0.36097094818326314,0.247380955442364,0.46398556603683117
natural_proteins,amacGFP_to_ppluGFP,aubin_1_10_1,44,iterative_random,2,192,6281,0.240850115970794,0.49076482756081247,0.12026277613627634,0.4350359757088805,0.30139080879185404,0.5222681213767462
natural_proteins,amacGFP_to_ppluGFP,aubin_1_10_1,44,iterative_random,3,288,6281,0.21372896466603702,0.46230830045115673,0.2193264044042742,0.49492659498854463,0.34507301408255253,0.5924208044865674
natural_proteins,amacGFP_to_ppluGFP,aubin_1_10_1,44,iterative_random,4,384,6281,0.2171361230364242,0.465978672297804,0.20688130329254395,0.49757361583103393,0.34529566533734446,0.5918345753726282
natural_proteins,amacGFP_to_ppluGFP,aubin_1_10_1,44,iterative_random,5,480,6281,0.18639323342047018,0.431732826433745,0.3191738145719155,0.5233772365288056,0.3644940816450923,0.625352645579089
natural_proteins,amacGFP_to_ppluGFP,aubin_1_10_1,44,iterative_random,6,576,6281,0.18967725209793995,0.43551951976684117,0.30717849763885563,0.535010605198852,0.37504981353607664,0.6435333411700064
natural_proteins,amacGFP_to_ppluGFP,aubin_1_10_1,44,iterative_random,7,672,6281,0.16839049723705635,0.4103541120021296,0.3849312134758379,0.5479756205387866,0.3838684560312555,0.6603549690755092
natural_proteins,amacGFP_to_ppluGFP,aubin_1_10_1,44,iterative_random,8,768,6281,0.1599593850122382,0.3999492280430582,0.41572697719323815,0.5565916467931931,0.39157325918830327,0.6836553087247752
natural_proteins,amacGFP_to_ppluGFP,aubin_1_10_1,44,iterative_random,9,864,6281,0.13606438061083018,0.3688690561850237,0.50300667291427,0.568655006523555,0.4009950907879471,0.7134482021352981
natural_proteins,amacGFP_to_ppluGFP,aubin_1_10_1,44,iterative_random,10,960,6281,0.14440958841914003,0.38001261613154375,0.4725246865541778,0.5967856890691339,0.42554562358714465,0.7230795358480571
natural_proteins,amacGFP_to_ppluGFP,aubin_1_10_1,45,source_only,0,0,6281,6.328002385943231,2.515552103603348,-22.113874075475973,0.2074534779914138,0.14068671739295435,0.253904615856543
natural_proteins,amacGFP_to_ppluGFP,aubin_1_10_1,45,oneshot_fancy,1,960,6281,0.2305499816995039,0.48015620552014515,0.15788539256195067,0.3867433190510513,0.26576329020796585,0.5104338095407789
natural_proteins,amacGFP_to_ppluGFP,aubin_1_10_1,45,oneshot_random,1,960,6281,0.16506926700101265,0.40628717306975454,0.3970624505976985,0.5666158296633181,0.3998699682927197,0.7149898676334049
natural_proteins,amacGFP_to_ppluGFP,aubin_1_10_1,45,iterative_fancy,1,96,6281,0.5201399407984367,0.7212072800509135,-0.8998806195058933,0.2632139132661642,0.17743754735257614,0.4353062108267211
natural_proteins,amacGFP_to_ppluGFP,aubin_1_10_1,45,iterative_fancy,2,192,6281,0.22094942465676956,0.47005257648136506,0.19295270970347356,0.35928483472890654,0.24332806357186298,0.4705169682986386
natural_proteins,amacGFP_to_ppluGFP,aubin_1_10_1,45,iterative_fancy,3,288,6281,0.7538448868292801,0.8682424124801092,-1.7535191556373304,0.3787925506007099,0.25506439457635716,0.372630248028066
natural_proteins,amacGFP_to_ppluGFP,aubin_1_10_1,45,iterative_fancy,4,384,6281,0.24304062472402166,0.49299150573211875,0.11226165028401647,0.43172928525974463,0.29594252175860924,0.53457383008291
natural_proteins,amacGFP_to_ppluGFP,aubin_1_10_1,45,iterative_fancy,5,480,6281,0.4092009903736451,0.6396881977757953,-0.4946612826927179,0.4856754938980189,0.3369942044682197,0.5766122789557773
natural_proteins,amacGFP_to_ppluGFP,aubin_1_10_1,45,iterative_fancy,6,576,6281,0.18702080984662012,0.43245902678360193,0.3168815078371725,0.4886304083912209,0.3374887394842024,0.5804782271874762
natural_proteins,amacGFP_to_ppluGFP,aubin_1_10_1,45,iterative_fancy,7,672,6281,0.23781221159086574,0.4876599343711412,0.1313591277190409,0.5179601028958178,0.3620742338610873,0.61034182324103
natural_proteins,amacGFP_to_ppluGFP,aubin_1_10_1,45,iterative_fancy,8,768,6281,0.17929431510295887,0.42343159436083516,0.34510356207446613,0.5179338570553409,0.3621477450043894,0.6056285954792221
natural_proteins,amacGFP_to_ppluGFP,aubin_1_10_1,45,iterative_fancy,9,864,6281,0.3654537142423193,0.604527678640374,-0.33486851240383353,0.5158873284562306,0.36017468304441713,0.5551472607007144
natural_proteins,amacGFP_to_ppluGFP,aubin_1_10_1,45,iterative_fancy,10,960,6281,0.15448033095722496,0.3930398592474114,0.435739954078585,0.5455428605874039,0.38518605225943525,0.6743646452617909
natural_proteins,amacGFP_to_ppluGFP,aubin_1_10_1,45,iterative_random,1,96,6281,0.3080081568337613,0.5549848257689225,-0.12504093979001252,0.3148812785712842,0.21474352716386955,0.39528680693289797
natural_proteins,amacGFP_to_ppluGFP,aubin_1_10_1,45,iterative_random,2,192,6281,0.23763875833008122,0.48748205949560974,0.1319926889257591,0.388877489130678,0.2664772369732717,0.5057367524908576
natural_proteins,amacGFP_to_ppluGFP,aubin_1_10_1,45,iterative_random,3,288,6281,0.2614151334475215,0.5112877208065156,0.04514630251216123,0.4312616765755492,0.2972828874396642,0.5211055238068889
natural_proteins,amacGFP_to_ppluGFP,aubin_1_10_1,45,iterative_random,4,384,6281,0.20888292115763482,0.4570371113570919,0.2370272257039474,0.47904719755450076,0.3328415888165984,0.5649404416736031
natural_proteins,amacGFP_to_ppluGFP,aubin_1_10_1,45,iterative_random,5,480,6281,0.16325697598432587,0.4040507096693754,0.4036820856409572,0.5313881311171078,0.3725898892509901,0.6559390290890015
natural_proteins,amacGFP_to_ppluGFP,aubin_1_10_1,45,iterative_random,6,576,6281,0.27394144237856016,0.5233941558505981,-0.0006077142539657743,-0.23002204610409036,-0.17738812662990813,-0.2851146271937255
natural_proteins,amacGFP_to_ppluGFP,aubin_1_10_1,45,iterative_random,7,672,6281,0.16868084684213247,0.41070773896060503,0.3838706727553569,0.5682113159533011,0.4016618818974927,0.6757903549531162
natural_proteins,amacGFP_to_ppluGFP,aubin_1_10_1,45,iterative_random,8,768,6281,0.17194673749403364,0.41466460844160985,0.37194157085741797,0.5822923365963494,0.41324140640572066,0.7206307021654513
natural_proteins,amacGFP_to_ppluGFP,aubin_1_10_1,45,iterative_random,9,864,6281,0.14526837733848638,0.38114088909284766,0.46938784530024924,0.5858684096837072,0.4158419673281503,0.6957143114913719
natural_proteins,amacGFP_to_ppluGFP,aubin_1_10_1,45,iterative_random,10,960,6281,0.1556955906817548,0.3945828058617795,0.431301055587621,0.503903356296248,0.3469343084869989,0.7138345561693191
natural_proteins,amacGFP_to_ppluGFP,aubin_1_10_1,46,source_only,0,0,6281,6.209463311728353,2.491879473756376,-21.680894271215394,0.16928010914500874,0.11182086309019461,0.21101243385964707
natural_proteins,amacGFP_to_ppluGFP,aubin_1_10_1,46,oneshot_fancy,1,960,6281,0.886462459256809,0.9415213535851479,-2.2379225553728244,0.32891302911609166,0.225476390239288,0.49073776292132215
natural_proteins,amacGFP_to_ppluGFP,aubin_1_10_1,46,oneshot_random,1,960,6281,0.14514848583788784,0.38098357686111334,0.46982576502254736,0.6054542435114686,0.4330337089484662,0.7204448265266064
natural_proteins,amacGFP_to_ppluGFP,aubin_1_10_1,46,iterative_fancy,1,96,6281,0.7173124171976873,0.8469429834396689,-1.620079429918118,0.24958848010635892,0.1691457214781992,0.3824264887745553
natural_proteins,amacGFP_to_ppluGFP,aubin_1_10_1,46,iterative_fancy,2,192,6281,0.7162254441325183,0.8463010363532106,-1.616109115588345,0.36398842905947065,0.24565245332640315,0.39593900161215184
natural_proteins,amacGFP_to_ppluGFP,aubin_1_10_1,46,iterative_fancy,3,288,6281,0.24485130091521515,0.4948245152730563,0.10564791360659731,0.43439030590307637,0.29752254862829863,0.578665826536142
natural_proteins,amacGFP_to_ppluGFP,aubin_1_10_1,46,iterative_fancy,4,384,6281,0.3056326351443879,0.552840515107556,-0.11636402947251501,-0.21844055399618303,-0.15178022051222176,0.05597223007849638
natural_proteins,amacGFP_to_ppluGFP,aubin_1_10_1,46,iterative_fancy,5,480,6281,0.1728440703105616,0.415745198782333,0.3686639428699361,0.5046954160937107,0.3524926375249701,0.6327230246171944
natural_proteins,amacGFP_to_ppluGFP,aubin_1_10_1,46,iterative_fancy,6,576,6281,0.1688419117188773,0.41090377428161606,0.3832823617763137,0.481802133797222,0.3343712243344418,0.6262370878975704
natural_proteins,amacGFP_to_ppluGFP,aubin_1_10_1,46,iterative_fancy,7,672,6281,0.28559439544125487,0.5344103249762816,-0.0431716820389445,0.5085198817051906,0.35429700820018845,0.5962323885651881
natural_proteins,amacGFP_to_ppluGFP,aubin_1_10_1,46,iterative_fancy,8,768,6281,0.16715016418527584,0.4088400227292771,0.3894616956441427,0.5286221885451647,0.3705858368121966,0.6487357075059659
natural_proteins,amacGFP_to_ppluGFP,aubin_1_10_1,46,iterative_fancy,9,864,6281,0.1763367586335885,0.4199247059099863,0.3559064321802027,0.5302916726628194,0.3716149574866796,0.6555423955756905
natural_proteins,amacGFP_to_ppluGFP,aubin_1_10_1,46,iterative_fancy,10,960,6281,0.20146444248048867,0.44884790573254174,0.2641242101102832,0.5326571314714508,0.3734287016704041,0.6254334160240653
natural_proteins,amacGFP_to_ppluGFP,aubin_1_10_1,46,iterative_random,1,96,6281,0.23310569405750053,0.4828102050055493,0.14855031175555056,0.37389552111865254,0.2563557483911853,0.469684760629966
natural_proteins,amacGFP_to_ppluGFP,aubin_1_10_1,46,iterative_random,2,192,6281,0.2146208075680472,0.4632718506104674,0.21606882906296887,0.4444354859284457,0.3066331273480124,0.5428809274724639
natural_proteins,amacGFP_to_ppluGFP,aubin_1_10_1,46,iterative_random,3,288,6281,0.23957014348005887,0.4894590314623471,0.1249380466508141,0.4587516051000683,0.3169350504854673,0.5782424808886566
natural_proteins,amacGFP_to_ppluGFP,aubin_1_10_1,46,iterative_random,4,384,6281,0.1646025757951076,0.405712429924334,0.3987671025727647,0.496691085016033,0.34536291084589116,0.6460512768095664
natural_proteins,amacGFP_to_ppluGFP,aubin_1_10_1,46,iterative_random,5,480,6281,0.17514552391825247,0.41850391147306193,0.36025757611557396,0.50520304350933,0.3513188372270868,0.6209286559274694
natural_proteins,amacGFP_to_ppluGFP,aubin_1_10_1,46,iterative_random,6,576,6281,0.19393123013506264,0.44037623702359624,0.291640274567336,0.5481459495449589,0.3860747044077444,0.6808839015191473
natural_proteins,amacGFP_to_ppluGFP,aubin_1_10_1,46,iterative_random,7,672,6281,0.16907179856645102,0.4111834123191876,0.3824426693548584,0.5460393120656958,0.383051553875182,0.6484159528726621
natural_proteins,amacGFP_to_ppluGFP,aubin_1_10_1,46,iterative_random,8,768,6281,0.27556636005598006,0.5249441494635215,-0.0065429431442596275,-0.03780644357162099,-0.030872950144223386,-0.049958586558862955
natural_proteins,amacGFP_to_ppluGFP,aubin_1_10_1,46,iterative_random,9,864,6281,0.18115011427858604,0.42561733315101963,0.3383250076684021,0.5894899551493376,0.41845238550883707,0.6821715722640022
natural_proteins,amacGFP_to_ppluGFP,aubin_1_10_1,46,iterative_random,10,960,6281,0.12465053170539739,0.35305882187731463,0.544697280822813,0.5885946240249313,0.41702220360733144,0.7401607712359151
natural_proteins,amacGFP_to_ppluGFP,aubin_linear,42,source_only,0,0,6281,82.82004836368972,9.100552091147533,-301.511290617634,0.14757999563525645,0.09830107966075431,0.2771627160901111
natural_proteins,amacGFP_to_ppluGFP,aubin_linear,42,oneshot_fancy,1,960,6281,0.19707025189855332,0.4439259531707437,0.2801745782327909,0.46778766982316683,0.32477876779666426,0.5748516843980236
natural_proteins,amacGFP_to_ppluGFP,aubin_linear,42,oneshot_random,1,960,6281,0.15297147547999898,0.39111568043227185,0.4412512502778666,0.5682917288305827,0.4013157985705291,0.6800695839308482
natural_proteins,amacGFP_to_ppluGFP,aubin_linear,42,iterative_fancy,1,96,6281,0.257336154916814,0.5072831112079467,0.06004531650823286,0.3329208408966277,0.22778978376612202,0.41146637469211966
natural_proteins,amacGFP_to_ppluGFP,aubin_linear,42,iterative_fancy,2,192,6281,0.2825086925295798,0.5315154678178047,-0.031900739933546474,0.3678138725474948,0.25187881616005475,0.4570835876826594
natural_proteins,amacGFP_to_ppluGFP,aubin_linear,42,iterative_fancy,3,288,6281,0.4433412694356268,0.6658387713520645,-0.6193632127825612,0.42290930945167426,0.2905251919155553,0.5036206216303609
natural_proteins,amacGFP_to_ppluGFP,aubin_linear,42,iterative_fancy,4,384,6281,0.22069323247943579,0.46977998305529767,0.1938884858560188,0.4462677431814265,0.30687412845512946,0.5300998320097944
natural_proteins,amacGFP_to_ppluGFP,aubin_linear,42,iterative_fancy,5,480,6281,0.19988646082446718,0.44708663682162003,0.26988799891221416,0.49022207320159794,0.3391007630516142,0.5743523696300334
natural_proteins,amacGFP_to_ppluGFP,aubin_linear,42,iterative_fancy,6,576,6281,0.19287372184250007,0.4391739084263773,0.29550296487895156,0.5070581006564662,0.35152333455544327,0.591849192635248
natural_proteins,amacGFP_to_ppluGFP,aubin_linear,42,iterative_fancy,7,672,6281,0.20698384941628908,0.4549547773309882,0.24396383893710072,0.5264834405208793,0.36558591661052564,0.6104138388581091
natural_proteins,amacGFP_to_ppluGFP,aubin_linear,42,iterative_fancy,8,768,6281,0.20877290623405487,0.4569167388420508,0.2374290699092685,0.5553698869373048,0.3884362604859475,0.6399743087437485
natural_proteins,amacGFP_to_ppluGFP,aubin_linear,42,iterative_fancy,9,864,6281,0.16716327648824023,0.40885605839737804,0.38941380120588653,0.558713457285325,0.3898521530685411,0.6496581903853529
natural_proteins,amacGFP_to_ppluGFP,aubin_linear,42,iterative_fancy,10,960,6281,0.1573131025483635,0.3966271581074139,0.4253928774106609,0.5752956960526769,0.4031090103161128,0.6726757692162741
natural_proteins,amacGFP_to_ppluGFP,aubin_linear,42,iterative_random,1,96,6281,0.31845389223740483,0.5643171911588418,-0.1631953838025315,0.3398182964630354,0.2295967325962363,0.4408654469805137
natural_proteins,amacGFP_to_ppluGFP,aubin_linear,42,iterative_random,2,192,6281,0.2172018002520491,0.46604913931049063,0.2066414084886239,0.3996977512338017,0.2718975663823957,0.5084284050256169
natural_proteins,amacGFP_to_ppluGFP,aubin_linear,42,iterative_random,3,288,6281,0.21561094868059952,0.4643392603265413,0.21245220637595408,0.4340964824597409,0.29716644980817397,0.5452812872080086
natural_proteins,amacGFP_to_ppluGFP,aubin_linear,42,iterative_random,4,384,6281,0.22144400396440336,0.4705783717558674,0.19114619271125866,0.4498995768811753,0.30723010497204034,0.5722744700956159
natural_proteins,amacGFP_to_ppluGFP,aubin_linear,42,iterative_random,5,480,6281,0.21056429401399462,0.4588728516855128,0.2308857867307016,0.4964275530968725,0.3421285954096292,0.6122056300360694
natural_proteins,amacGFP_to_ppluGFP,aubin_linear,42,iterative_random,6,576,6281,0.1716534320606191,0.41431079162944706,0.3730129081357756,0.5228383204518826,0.36324124385190565,0.6358244839054934
natural_proteins,amacGFP_to_ppluGFP,aubin_linear,42,iterative_random,7,672,6281,0.17326668864371722,0.41625315451503453,0.36712027295030303,0.5347628266631599,0.3715754511525515,0.6524890239570806
natural_proteins,amacGFP_to_ppluGFP,aubin_linear,42,iterative_random,8,768,6281,0.2303189519025031,0.47991556747255354,0.15872925975887542,0.5625560928405399,0.39401239217763584,0.6692193982082248
natural_proteins,amacGFP_to_ppluGFP,aubin_linear,42,iterative_random,9,864,6281,0.1578869756508105,0.39734994104795146,0.4232967292399952,0.555365099940486,0.38850676101399206,0.6766444993313852
natural_proteins,amacGFP_to_ppluGFP,aubin_linear,42,iterative_random,10,960,6281,0.18473198590170722,0.42980459036835245,0.32524174306103526,0.5842997666643527,0.4111015808302715,0.6999762187886406
natural_proteins,amacGFP_to_ppluGFP,aubin_linear,43,source_only,0,0,6281,69.15891681735386,8.316184029791179,-251.61218264764656,0.19735434389964746,0.13387805211281334,0.31274170154053427
natural_proteins,amacGFP_to_ppluGFP,aubin_linear,43,oneshot_fancy,1,960,6281,0.17489912564611082,0.4182094279737256,0.3611575787210326,0.506672909919098,0.35505929083891713,0.6156251497880123
natural_proteins,amacGFP_to_ppluGFP,aubin_linear,43,oneshot_random,1,960,6281,0.15743478415715836,0.3967805239136094,0.42494841907903425,0.5759861824673004,0.40924723842788147,0.6787283262153212
natural_proteins,amacGFP_to_ppluGFP,aubin_linear,43,iterative_fancy,1,96,6281,0.26640573525076167,0.5161450719039771,0.026917462728981767,0.3174340887251857,0.21823791577904017,0.3962242497609547
natural_proteins,amacGFP_to_ppluGFP,aubin_linear,43,iterative_fancy,2,192,6281,0.4037103539856821,0.6353820535596533,-0.47460599978898266,0.386376535359986,0.26594497901708825,0.4562253336883543
natural_proteins,amacGFP_to_ppluGFP,aubin_linear,43,iterative_fancy,3,288,6281,0.2376304494788863,0.4874735372088277,0.13202303811473182,0.4243494534831841,0.2933630559953821,0.5064504198298521
natural_proteins,amacGFP_to_ppluGFP,aubin_linear,43,iterative_fancy,4,384,6281,0.24522465601620602,0.4952016316776491,0.10428418422354446,0.4642476948420872,0.32233308246002756,0.5467121899085675
natural_proteins,amacGFP_to_ppluGFP,aubin_linear,43,iterative_fancy,5,480,6281,0.21866870865732482,0.4676202611706691,0.2012833295733698,0.4969594066321529,0.34602685568233105,0.5694359233549031
natural_proteins,amacGFP_to_ppluGFP,aubin_linear,43,iterative_fancy,6,576,6281,0.18790858462162308,0.43348423803135344,0.31363879187322397,0.5236410586942902,0.3659839270261533,0.6036009380715752
natural_proteins,amacGFP_to_ppluGFP,aubin_linear,43,iterative_fancy,7,672,6281,0.2301943441330093,0.47978572731273417,0.15918440628336217,0.5401093355008151,0.3785238934210067,0.6269643459738115
natural_proteins,amacGFP_to_ppluGFP,aubin_linear,43,iterative_fancy,8,768,6281,0.16396281182806344,0.4049232172005743,0.4011039259287631,0.5643822908662083,0.397178903517918,0.6522205729040473
natural_proteins,amacGFP_to_ppluGFP,aubin_linear,43,iterative_fancy,9,864,6281,0.18244283834499161,0.42713327936955653,0.33360316032023907,0.5713955046481842,0.4032250877467966,0.6542095571073885
natural_proteins,amacGFP_to_ppluGFP,aubin_linear,43,iterative_fancy,10,960,6281,0.18210939145037977,0.4267427696521404,0.33482111964813654,0.5770932772109161,0.40719964017621596,0.669146385851646
natural_proteins,amacGFP_to_ppluGFP,aubin_linear,43,iterative_random,1,96,6281,0.30860681047790534,0.5555239063063852,-0.12722760219967078,0.3381407437662383,0.23233854454793343,0.43380575656109743
natural_proteins,amacGFP_to_ppluGFP,aubin_linear,43,iterative_random,2,192,6281,0.21766456956748115,0.466545356388295,0.2049510817424377,0.403884699251458,0.2776860272598866,0.5021291195376965
natural_proteins,amacGFP_to_ppluGFP,aubin_linear,43,iterative_random,3,288,6281,0.21059022059763197,0.4589011011074521,0.23079108642042168,0.4414430369515681,0.3054502692110586,0.5309693575492457
natural_proteins,amacGFP_to_ppluGFP,aubin_linear,43,iterative_random,4,384,6281,0.23808581588089647,0.4879403814820992,0.13035975149877765,0.4730017834121798,0.3284376282233064,0.5563192797123325
natural_proteins,amacGFP_to_ppluGFP,aubin_linear,43,iterative_random,5,480,6281,0.1917542525563644,0.43789753659545105,0.29959197599699117,0.5078776512240756,0.3553574044728967,0.5918629793871742
natural_proteins,amacGFP_to_ppluGFP,aubin_linear,43,iterative_random,6,576,6281,0.17850906861907537,0.4225033356307088,0.34797177975829807,0.5296574943650667,0.3722780466063475,0.6172530436333414
natural_proteins,amacGFP_to_ppluGFP,aubin_linear,43,iterative_random,7,672,6281,0.18835204104390993,0.433995438966713,0.3120190080492691,0.5292719661697779,0.36990775316864755,0.6248313910754532
natural_proteins,amacGFP_to_ppluGFP,aubin_linear,43,iterative_random,8,768,6281,0.20769145419703228,0.4557317787877342,0.24137921794618045,0.5448538834539796,0.3831761283574293,0.6479771879990984
natural_proteins,amacGFP_to_ppluGFP,aubin_linear,43,iterative_random,9,864,6281,0.18981383931314613,0.43567630106897726,0.30667959458856464,0.564646984712362,0.3981098172871108,0.6669031402893077
natural_proteins,amacGFP_to_ppluGFP,aubin_linear,43,iterative_random,10,960,6281,0.18273714554263804,0.42747765502145024,0.3325281639641985,0.5828860679849313,0.4131210286984318,0.6840679096169728
natural_proteins,amacGFP_to_ppluGFP,aubin_linear,44,source_only,0,0,6281,60.96694152389734,7.80813303702603,-221.68989851845993,0.2163625466286093,0.14670535710080093,0.3331649994650458
natural_proteins,amacGFP_to_ppluGFP,aubin_linear,44,oneshot_fancy,1,960,6281,0.17654047826298422,0.4201672027455073,0.35516231901883355,0.5233399393398547,0.36643134424819923,0.6316939923244893
natural_proteins,amacGFP_to_ppluGFP,aubin_linear,44,oneshot_random,1,960,6281,0.1689358306102083,0.41101804170888695,0.38293931047905827,0.6008475747336246,0.427266528777218,0.6965708086760816
natural_proteins,amacGFP_to_ppluGFP,aubin_linear,44,iterative_fancy,1,96,6281,0.3030266505372837,0.5504785650116485,-0.1068453225603565,0.30410709353019905,0.20689434191279474,0.41765296223243353
natural_proteins,amacGFP_to_ppluGFP,aubin_linear,44,iterative_fancy,2,192,6281,0.22798834125458653,0.47748124701875627,0.1672421264977645,0.3953035153437697,0.2720072104851298,0.4809132163511243
natural_proteins,amacGFP_to_ppluGFP,aubin_linear,44,iterative_fancy,3,288,6281,0.24330218162981482,0.49325670966527646,0.11130627874409693,0.4228360340707495,0.29149529751064374,0.5098338456129199
natural_proteins,amacGFP_to_ppluGFP,aubin_linear,44,iterative_fancy,4,384,6281,0.20855987227506362,0.4566835581396199,0.238207204903791,0.47854244402273727,0.33087538629155144,0.5648747020954321
natural_proteins,amacGFP_to_ppluGFP,aubin_linear,44,iterative_fancy,5,480,6281,0.1788202612103001,0.4228714476177129,0.34683510724648503,0.5134628454378253,0.3570684872413942,0.6014186297220592
natural_proteins,amacGFP_to_ppluGFP,aubin_linear,44,iterative_fancy,6,576,6281,0.19179784280972267,0.43794730597381537,0.29943275677335757,0.5159394309918217,0.3598429416391482,0.6039139499992765
natural_proteins,amacGFP_to_ppluGFP,aubin_linear,44,iterative_fancy,7,672,6281,0.19778346450660986,0.44472852900011917,0.2775694739034563,0.5521196147516464,0.3872907343862966,0.64942537969726
natural_proteins,amacGFP_to_ppluGFP,aubin_linear,44,iterative_fancy,8,768,6281,0.1647877518627285,0.40594057676306333,0.3980907222480212,0.5502296002196247,0.3848973787234583,0.6444764641182505
natural_proteins,amacGFP_to_ppluGFP,aubin_linear,44,iterative_fancy,9,864,6281,0.19827468671701326,0.4452804584944339,0.2757752191573515,0.5543800041690261,0.3872957854176528,0.6536934616148069
natural_proteins,amacGFP_to_ppluGFP,aubin_linear,44,iterative_fancy,10,960,6281,0.1553090711289669,0.39409271894944586,0.43271286988950786,0.5673934143092866,0.39697984957070437,0.6694034617985034
natural_proteins,amacGFP_to_ppluGFP,aubin_linear,44,iterative_random,1,96,6281,0.26609136629241315,0.5158404465456476,0.028065737346047004,0.3824535139597633,0.26283605041877656,0.4777533242477344
natural_proteins,amacGFP_to_ppluGFP,aubin_linear,44,iterative_random,2,192,6281,0.23933806254048426,0.48922189499294105,0.1257857532864124,0.44182650050127087,0.30540253448502946,0.5223781585814407
natural_proteins,amacGFP_to_ppluGFP,aubin_linear,44,iterative_random,3,288,6281,0.1987710545273643,0.44583747546316055,0.2739621694200348,0.5009196132487116,0.3480717657910299,0.5890507715806771
natural_proteins,amacGFP_to_ppluGFP,aubin_linear,44,iterative_random,4,384,6281,0.1793663020670991,0.4235165900730444,0.34484062007117144,0.517362388801023,0.35974779254955735,0.6109556573535624
natural_proteins,amacGFP_to_ppluGFP,aubin_linear,44,iterative_random,5,480,6281,0.2538021528347333,0.5037878053652483,0.07295373122203486,0.5210335609230251,0.362680547716284,0.6239583846209846
natural_proteins,amacGFP_to_ppluGFP,aubin_linear,44,iterative_random,6,576,6281,0.1834043562686876,0.4282573481782742,0.3300910876543074,0.5344135792593351,0.37270785191646827,0.6344907599290988
natural_proteins,amacGFP_to_ppluGFP,aubin_linear,44,iterative_random,7,672,6281,0.16803788448054108,0.4099242423674661,0.3862191786747141,0.5576265699753701,0.3910240043602817,0.6599585353498804
natural_proteins,amacGFP_to_ppluGFP,aubin_linear,44,iterative_random,8,768,6281,0.1605746623016594,0.4007176840390993,0.4134795946984444,0.561391051999887,0.39454116225264896,0.6606923276688887
natural_proteins,amacGFP_to_ppluGFP,aubin_linear,44,iterative_random,9,864,6281,0.1509900768461693,0.3885744160983444,0.44848857348390603,0.580919017652114,0.4102777193700486,0.683134767475471
natural_proteins,amacGFP_to_ppluGFP,aubin_linear,44,iterative_random,10,960,6281,0.21977614584680188,0.46880288591987346,0.19723826729574923,0.5903729948073194,0.41859057418488443,0.6946227732821568
natural_proteins,amacGFP_to_ppluGFP,aubin_linear,45,source_only,0,0,6281,71.92030979962792,8.48058428409434,-261.6985394111913,0.2074447355354586,0.1394505362687841,0.3257683204644175
natural_proteins,amacGFP_to_ppluGFP,aubin_linear,45,oneshot_fancy,1,960,6281,0.18390384635007417,0.4288401174681237,0.3282666334049278,0.5168487516289375,0.36238807154121505,0.5913467605427274
natural_proteins,amacGFP_to_ppluGFP,aubin_linear,45,oneshot_random,1,960,6281,0.15175318330153653,0.3895551094537672,0.44570122521192646,0.5706527387580016,0.40156633013431353,0.6815877434681565
natural_proteins,amacGFP_to_ppluGFP,aubin_linear,45,iterative_fancy,1,96,6281,0.27098048655974577,0.5205578609143712,0.010207572429735912,0.3350333769618279,0.23024658949024707,0.4183602860029844
natural_proteins,amacGFP_to_ppluGFP,aubin_linear,45,iterative_fancy,2,192,6281,0.2506143609725272,0.5006139839961796,0.08459756685735842,0.37927915324948014,0.26086957441991027,0.4617420994912396
natural_proteins,amacGFP_to_ppluGFP,aubin_linear,45,iterative_fancy,3,288,6281,0.22002391590926768,0.46906706973445456,0.1963332540428736,0.426393119267516,0.29282498637406856,0.5089520562900287
natural_proteins,amacGFP_to_ppluGFP,aubin_linear,45,iterative_fancy,4,384,6281,0.24057587943085368,0.4904853508830347,0.1212644617337969,0.431241832086921,0.29570584935620936,0.5154118672388306
natural_proteins,amacGFP_to_ppluGFP,aubin_linear,45,iterative_fancy,5,480,6281,0.21078471523506662,0.4591129656577634,0.23008066877456135,0.48002725144586617,0.33103337154595386,0.5694843372714957
natural_proteins,amacGFP_to_ppluGFP,aubin_linear,45,iterative_fancy,6,576,6281,0.19923269405115115,0.44635489697229846,0.272275969388762,0.49934808646232215,0.3460927499837898,0.5834545508419365
natural_proteins,amacGFP_to_ppluGFP,aubin_linear,45,iterative_fancy,7,672,6281,0.2779857365497858,0.5272435267974238,-0.01538003899352991,0.5076168493809812,0.3527358149268762,0.5993544874202794
natural_proteins,amacGFP_to_ppluGFP,aubin_linear,45,iterative_fancy,8,768,6281,0.17841972078260157,0.42239758614675055,0.3482981346670382,0.5282274740153755,0.3673647715125532,0.6174687703564319
natural_proteins,amacGFP_to_ppluGFP,aubin_linear,45,iterative_fancy,9,864,6281,0.16899426245219967,0.41108911740910836,0.38272588037024746,0.5461073113747454,0.3810314598009313,0.6352037802419055
natural_proteins,amacGFP_to_ppluGFP,aubin_linear,45,iterative_fancy,10,960,6281,0.16809477555412589,0.40999362867503913,0.38601137642834027,0.5669935090765876,0.39781517105221165,0.6501176141800908
natural_proteins,amacGFP_to_ppluGFP,aubin_linear,45,iterative_random,1,96,6281,0.28424446779465184,0.5331458222612757,-0.038240890972257136,0.3432321881258007,0.2347461337299728,0.4428699745840479
natural_proteins,amacGFP_to_ppluGFP,aubin_linear,45,iterative_random,2,192,6281,0.4105925666325933,0.6407749734755511,-0.49974420087985405,0.39008521928569045,0.2667498395502688,0.49560578476003675
natural_proteins,amacGFP_to_ppluGFP,aubin_linear,45,iterative_random,3,288,6281,0.26156284207796876,0.5114321480685085,0.04460677700698712,0.4418856686460759,0.30461568352945084,0.5300579066956282
natural_proteins,amacGFP_to_ppluGFP,aubin_linear,45,iterative_random,4,384,6281,0.20350208583744525,0.45111205463548104,0.25668144553926375,0.49256745716582884,0.34301937578328967,0.573491179191661
natural_proteins,amacGFP_to_ppluGFP,aubin_linear,45,iterative_random,5,480,6281,0.18942618374631168,0.43523118425304924,0.3080955583335172,0.5344131674337589,0.3736210003793676,0.6153748563043613
natural_proteins,amacGFP_to_ppluGFP,aubin_linear,45,iterative_random,6,576,6281,0.20342201076295321,0.4510232929272647,0.25697393044611283,0.5612706239075458,0.39435431739694726,0.6434613053811935
natural_proteins,amacGFP_to_ppluGFP,aubin_linear,45,iterative_random,7,672,6281,0.16562298341286236,0.40696803733568854,0.3950399274321814,0.5718006461049792,0.4022738711261632,0.6520520736131833
natural_proteins,amacGFP_to_ppluGFP,aubin_linear,45,iterative_random,8,768,6281,0.1593062414645475,0.39913185974630927,0.41811267125493257,0.5860442410259527,0.4138168417805601,0.6691645254922876
natural_proteins,amacGFP_to_ppluGFP,aubin_linear,45,iterative_random,9,864,6281,0.18800355685348552,0.4335937693896045,0.3132918931089612,0.608999493676443,0.43293127725196706,0.6897052086461739
natural_proteins,amacGFP_to_ppluGFP,aubin_linear,45,iterative_random,10,960,6281,0.1684706886392129,0.41045181037390116,0.38463830366665386,0.6052589632815046,0.42936030938178077,0.6978318006629416
natural_proteins,amacGFP_to_ppluGFP,aubin_linear,46,source_only,0,0,6281,86.02164219986179,9.274785291307923,-313.2055398066806,0.16087051087212628,0.10727691856833174,0.29735441763606785
natural_proteins,amacGFP_to_ppluGFP,aubin_linear,46,oneshot_fancy,1,960,6281,0.1896050726507059,0.4354366459666732,0.30744214271236436,0.5215929733929212,0.36436200447760947,0.6222035975653221
natural_proteins,amacGFP_to_ppluGFP,aubin_linear,46,oneshot_random,1,960,6281,0.14712998024005008,0.3835752602033271,0.4625880920098795,0.6069095990639486,0.43298468237255955,0.6847101106681501
natural_proteins,amacGFP_to_ppluGFP,aubin_linear,46,iterative_fancy,1,96,6281,0.3680395555246905,0.6066626373238181,-0.34431364313144863,0.3346862971350277,0.22672187779489036,0.4472887549273462
natural_proteins,amacGFP_to_ppluGFP,aubin_linear,46,iterative_fancy,2,192,6281,0.23464224488973584,0.48439884897647706,0.14293785457226205,0.3840307874380548,0.2620462122334683,0.49850959889921204
natural_proteins,amacGFP_to_ppluGFP,aubin_linear,46,iterative_fancy,3,288,6281,0.3521827923364372,0.5934499071837801,-0.2863946972738929,0.43791350462261863,0.29955431402068655,0.5431571933095329
natural_proteins,amacGFP_to_ppluGFP,aubin_linear,46,iterative_fancy,4,384,6281,0.18933853203019377,0.4351304770183235,0.3084157179360719,0.4832006212476037,0.33246554802008127,0.5869055711774778
natural_proteins,amacGFP_to_ppluGFP,aubin_linear,46,iterative_fancy,5,480,6281,0.22369718674655897,0.4729663695724665,0.18291614159568637,0.49645542204956566,0.34347575337724084,0.594033944952514
natural_proteins,amacGFP_to_ppluGFP,aubin_linear,46,iterative_fancy,6,576,6281,0.2923315915057125,0.5406769751947206,-0.06778019068957053,0.4985484686743393,0.34386408975583677,0.6010536877065318
natural_proteins,amacGFP_to_ppluGFP,aubin_linear,46,iterative_fancy,7,672,6281,0.17973265522472998,0.4239488827968886,0.34350246622163394,0.5198617322582456,0.36010805445499555,0.6166084610179258
natural_proteins,amacGFP_to_ppluGFP,aubin_linear,46,iterative_fancy,8,768,6281,0.17702634506188455,0.42074498816014977,0.35338762562867565,0.5319192324386377,0.3691047207526504,0.6245116224561984
natural_proteins,amacGFP_to_ppluGFP,aubin_linear,46,iterative_fancy,9,864,6281,0.18026713888168755,0.42457877818101974,0.3415501932626729,0.5354536840042432,0.37226888165178723,0.6280362557821392
natural_proteins,amacGFP_to_ppluGFP,aubin_linear,46,iterative_fancy,10,960,6281,0.16065891410955657,0.4008227963945621,0.4131718537148613,0.5638802979015661,0.3947140313492761,0.6652277885236768
natural_proteins,amacGFP_to_ppluGFP,aubin_linear,46,iterative_random,1,96,6281,0.2805648077022332,0.5296836864603565,-0.024800440917173816,0.38239105176553567,0.26107244087805975,0.4780628834966636
natural_proteins,amacGFP_to_ppluGFP,aubin_linear,46,iterative_random,2,192,6281,0.20204798113653447,0.44949747622932706,0.26199275721387205,0.4481600966492521,0.30985159794497324,0.5454520175815329
natural_proteins,amacGFP_to_ppluGFP,aubin_linear,46,iterative_random,3,288,6281,0.19425395881972932,0.4407425085236609,0.2904614649331141,0.4668102072843078,0.3222774588995559,0.5699969232623107
natural_proteins,amacGFP_to_ppluGFP,aubin_linear,46,iterative_random,4,384,6281,0.1789249136136528,0.42299516972851214,0.3464528503626755,0.5152137423870878,0.3597528033914586,0.6092516108533192
natural_proteins,amacGFP_to_ppluGFP,aubin_linear,46,iterative_random,5,480,6281,0.16719761772969974,0.4088980529786119,0.38928836523379295,0.5394670311391777,0.3774463734715268,0.6355874196518938
natural_proteins,amacGFP_to_ppluGFP,aubin_linear,46,iterative_random,6,576,6281,0.1791132729753831,0.42321776070408845,0.34576484263093976,0.5452067854361148,0.38250777313545636,0.6455451979886817
natural_proteins,amacGFP_to_ppluGFP,aubin_linear,46,iterative_random,7,672,6281,0.18890589676903122,0.4346330599126477,0.30999597602341633,0.5657432955562735,0.39829303067076915,0.6608634797588162
natural_proteins,amacGFP_to_ppluGFP,aubin_linear,46,iterative_random,8,768,6281,0.15624887046845196,0.3952832787615129,0.4292801272538025,0.5769374703971794,0.40824797091241677,0.6701807781052636
natural_proteins,amacGFP_to_ppluGFP,aubin_linear,46,iterative_random,9,864,6281,0.16536498758538118,0.40665094071621327,0.3959822916578404,0.6026469844247717,0.42887137739740366,0.6882068616715133
natural_proteins,amacGFP_to_ppluGFP,aubin_linear,46,iterative_random,10,960,6281,0.16635806053715252,0.4078701515643827,0.39235496003641235,0.6077180809002011,0.43237526744488664,0.6960057578867448
natural_proteins,amacGFP_to_ppluGFP,mlp_small,42,source_only,0,0,6281,16.214167929888873,4.026682000094976,-58.22441442224742,-0.008755273306696407,-0.005803329414565761,-0.015597281492811492
natural_proteins,amacGFP_to_ppluGFP,mlp_small,42,oneshot_fancy,1,960,6281,0.14177503944818684,0.3765302636551103,0.4821477286212219,0.5666809171319183,0.4013084766226835,0.7023260735224464
natural_proteins,amacGFP_to_ppluGFP,mlp_small,42,oneshot_random,1,960,6281,0.2049708155867817,0.45273702696684937,0.25131671392151356,0.6577756609629568,0.47831221850545536,0.7807247331621088
natural_proteins,amacGFP_to_ppluGFP,mlp_small,42,iterative_fancy,1,96,6281,0.3284447045696732,0.5731009549544244,-0.19968816052346527,0.37325172374523735,0.25523831311751893,0.47093396750824423
natural_proteins,amacGFP_to_ppluGFP,mlp_small,42,iterative_fancy,2,192,6281,0.29481248093577883,0.5429663718277393,-0.07684197075607502,0.3626780038355449,0.24896501982517225,0.4544754853887565
natural_proteins,amacGFP_to_ppluGFP,mlp_small,42,iterative_fancy,3,288,6281,0.3263587287737985,0.5712781535940251,-0.19206885526254425,0.33171881305433176,0.2265360205500918,0.4202580210973464
natural_proteins,amacGFP_to_ppluGFP,mlp_small,42,iterative_fancy,4,384,6281,0.25019957586734115,0.5001995360527048,0.08611262486538795,0.43666648893183335,0.2991815919228515,0.5124917868668082
natural_proteins,amacGFP_to_ppluGFP,mlp_small,42,iterative_fancy,5,480,6281,0.23689581425170628,0.4867194410044726,0.1347063914222728,0.48709385844097836,0.3381325524351905,0.5783767310889322
natural_proteins,amacGFP_to_ppluGFP,mlp_small,42,iterative_fancy,6,576,6281,0.17538089955614275,0.4187850278557517,0.3593978351542375,0.5031490407312207,0.35110027977972913,0.6029804564907123
natural_proteins,amacGFP_to_ppluGFP,mlp_small,42,iterative_fancy,7,672,6281,0.18812947820250062,0.4337389516777351,0.31283194855979135,0.5025394379101792,0.34801810046675746,0.5950072242138837
natural_proteins,amacGFP_to_ppluGFP,mlp_small,42,iterative_fancy,8,768,6281,0.1850975840637834,0.4302296875667501,0.3239063469336214,0.5562545479502684,0.39038694534542046,0.6395063387066942
natural_proteins,amacGFP_to_ppluGFP,mlp_small,42,iterative_fancy,9,864,6281,0.773740689156271,0.8796253117983083,-1.8261912315262658,0.5409586110364111,0.377232352973092,0.6160747380705474
natural_proteins,amacGFP_to_ppluGFP,mlp_small,42,iterative_fancy,10,960,6281,0.4186979461475719,0.6470687337119387,-0.5293501823597793,0.555618520545666,0.38914960209718547,0.6332217750154424
natural_proteins,amacGFP_to_ppluGFP,mlp_small,42,iterative_random,1,96,6281,0.452356150650311,0.6725742714751368,-0.6522912707214215,0.38394059452563534,0.2635242738239632,0.4728898102944212
natural_proteins,amacGFP_to_ppluGFP,mlp_small,42,iterative_random,2,192,6281,0.19445414838444194,0.44096955494052187,0.28973024580458295,0.42472806326853035,0.29067267556664933,0.5393165320297586
natural_proteins,amacGFP_to_ppluGFP,mlp_small,42,iterative_random,3,288,6281,0.19697123110154244,0.44381441065105404,0.28053626492210804,0.4597826018181993,0.31422064141501693,0.5860909662976996
natural_proteins,amacGFP_to_ppluGFP,mlp_small,42,iterative_random,4,384,6281,0.17069026322224082,0.41314678169173824,0.3765310109881308,0.49191880994666587,0.3395959817706944,0.6179609108560856
natural_proteins,amacGFP_to_ppluGFP,mlp_small,42,iterative_random,5,480,6281,0.13670234963559386,0.36973280843819345,0.5006764058247384,0.579582380431046,0.40790645201985637,0.7093310429795114
natural_proteins,amacGFP_to_ppluGFP,mlp_small,42,iterative_random,6,576,6281,0.14120868828737437,0.37577744515520667,0.48421640189520765,0.5912616913201288,0.4183527999077979,0.7232846365315928
natural_proteins,amacGFP_to_ppluGFP,mlp_small,42,iterative_random,7,672,6281,0.14256489617787801,0.3775776690667471,0.4792626713986924,0.6050625401184475,0.4276757317579121,0.7229007860542043
natural_proteins,amacGFP_to_ppluGFP,mlp_small,42,iterative_random,8,768,6281,0.16804975036764358,0.4099387153802914,0.3861758369369027,0.6380995957779717,0.45680305057812676,0.7533481630330193
natural_proteins,amacGFP_to_ppluGFP,mlp_small,42,iterative_random,9,864,6281,0.11716343452356667,0.3422914467578275,0.5720449034842875,0.6359371746184216,0.4575758436810774,0.7615412879927934
natural_proteins,amacGFP_to_ppluGFP,mlp_small,42,iterative_random,10,960,6281,0.11935942388438503,0.34548433232837783,0.5640237589806457,0.6570778914979651,0.47534125098668983,0.7826920749837374
natural_proteins,amacGFP_to_ppluGFP,mlp_small,43,source_only,0,0,6281,15.091594672333617,3.8847901709530746,-54.1240656339368,0.08918349112197374,0.05958075623315298,0.11652437525504838
natural_proteins,amacGFP_to_ppluGFP,mlp_small,43,oneshot_fancy,1,960,6281,0.13176096723592495,0.36298893541804406,0.5187254651611304,0.6396922096289718,0.45928368403147735,0.724797928747573
natural_proteins,amacGFP_to_ppluGFP,mlp_small,43,oneshot_random,1,960,6281,0.12190473241816102,0.34914858215115385,0.5547266795320633,0.6548809727246324,0.47358304738403145,0.7789640284373369
natural_proteins,amacGFP_to_ppluGFP,mlp_small,43,iterative_fancy,1,96,6281,0.23106189860979914,0.4806889832415542,0.15601554765987613,0.3303083354376152,0.22453792983785023,0.41801744875654323
natural_proteins,amacGFP_to_ppluGFP,mlp_small,43,iterative_fancy,2,192,6281,0.20034593128737122,0.4476001913397393,0.26820972166558155,0.45380434019084914,0.31365956897635394,0.5554815418560555
natural_proteins,amacGFP_to_ppluGFP,mlp_small,43,iterative_fancy,3,288,6281,0.21056966550897485,0.4588787045712351,0.23086616662770576,0.421257132276953,0.28785458661163643,0.4903501498408731
natural_proteins,amacGFP_to_ppluGFP,mlp_small,43,iterative_fancy,4,384,6281,0.21728101314387221,0.46613411497537083,0.20635207281915247,0.3909121245942478,0.2678322820316557,0.4866467995083773
natural_proteins,amacGFP_to_ppluGFP,mlp_small,43,iterative_fancy,5,480,6281,0.47001184104866683,0.6855740959580277,-0.7167810385334099,0.41428014255846174,0.2858324327169344,0.5111866268098852
natural_proteins,amacGFP_to_ppluGFP,mlp_small,43,iterative_fancy,6,576,6281,0.22427414047913746,0.47357590783224757,0.18080874101192268,0.435237344613861,0.30064805724820004,0.5373901248030497
natural_proteins,amacGFP_to_ppluGFP,mlp_small,43,iterative_fancy,7,672,6281,0.35772736782731135,0.5981031414625001,-0.30664699995676137,0.45838292419914334,0.315653831097759,0.5530038857177813
natural_proteins,amacGFP_to_ppluGFP,mlp_small,43,iterative_fancy,8,768,6281,0.21708102850862557,0.46591955154149256,0.20708254341543242,0.5272629000049409,0.3673940013281744,0.6330882194565411
natural_proteins,amacGFP_to_ppluGFP,mlp_small,43,iterative_fancy,9,864,6281,0.18418767490621668,0.42917091572730864,0.3272299116868268,0.5163542478494232,0.35929695541909484,0.6243313389382996
natural_proteins,amacGFP_to_ppluGFP,mlp_small,43,iterative_fancy,10,960,6281,0.2358272811288561,0.4856205114375381,0.13860935139932617,0.5828322019248922,0.41221223921844596,0.6960633451513301
natural_proteins,amacGFP_to_ppluGFP,mlp_small,43,iterative_random,1,96,6281,0.32569179543144433,0.5706941347442116,-0.18963279213365647,0.3976653038330225,0.27455222097156806,0.47866546312958885
natural_proteins,amacGFP_to_ppluGFP,mlp_small,43,iterative_random,2,192,6281,0.19860186181751358,0.44564768799749604,0.2745801683952983,0.4734864311989344,0.3287704078970498,0.5721681519012958
natural_proteins,amacGFP_to_ppluGFP,mlp_small,43,iterative_random,3,288,6281,0.18240227569133843,0.4270857942982164,0.3337513208314914,0.513926604267536,0.3565887004887143,0.5806843452948063
natural_proteins,amacGFP_to_ppluGFP,mlp_small,43,iterative_random,4,384,6281,0.15809813571660647,0.39761556271932624,0.4225254388907028,0.5799247831736375,0.4073186187153707,0.6538198123356799
natural_proteins,amacGFP_to_ppluGFP,mlp_small,43,iterative_random,5,480,6281,0.18242606456160318,0.4271136436144404,0.3336644288048829,0.592867915779648,0.41952905360975323,0.6912404887779184
natural_proteins,amacGFP_to_ppluGFP,mlp_small,43,iterative_random,6,576,6281,0.14201428070233135,0.3768478216765109,0.4812738679801073,0.6139868693381758,0.43726053040076174,0.7232660503457194
natural_proteins,amacGFP_to_ppluGFP,mlp_small,43,iterative_random,7,672,6281,0.13878311337423285,0.3725360564753872,0.49307613829915176,0.6109998169785099,0.43374155242502715,0.7120466054560878
natural_proteins,amacGFP_to_ppluGFP,mlp_small,43,iterative_random,8,768,6281,0.17129109444377827,0.41387328307560306,0.37433639468613944,0.6293070141933735,0.4505656210734244,0.7403163550508909
natural_proteins,amacGFP_to_ppluGFP,mlp_small,43,iterative_random,9,864,6281,0.2830117866952739,0.5319885212063075,-0.03373835858233076,0.6359702075739541,0.45476332340752146,0.7539110910989337
natural_proteins,amacGFP_to_ppluGFP,mlp_small,43,iterative_random,10,960,6281,0.1358389157150935,0.3685633130346718,0.5038302135659098,0.6479827393082825,0.4663623697001981,0.7696333209801096
natural_proteins,amacGFP_to_ppluGFP,mlp_small,44,source_only,0,0,6281,17.23764683373915,4.151824518659134,-61.96280784558924,0.18285236827640128,0.1228431818216284,0.21587649708090942
natural_proteins,amacGFP_to_ppluGFP,mlp_small,44,oneshot_fancy,1,960,6281,0.20098971716347208,0.4483187673558537,0.2658582077494649,0.4904448094757024,0.343422105700218,0.6061668600962075
natural_proteins,amacGFP_to_ppluGFP,mlp_small,44,oneshot_random,1,960,6281,0.118949952588398,0.3448912184854784,0.5655194075907016,0.6410770320908945,0.4626951285714018,0.7722725830087558
natural_proteins,amacGFP_to_ppluGFP,mlp_small,44,iterative_fancy,1,96,6281,0.6231116418279786,0.789374208995948,-1.2759985135543204,0.29157584695226846,0.19769376261669339,0.36096585049098195
natural_proteins,amacGFP_to_ppluGFP,mlp_small,44,iterative_fancy,2,192,6281,0.2676144728125341,0.5173146748474607,0.022502387308788063,0.35287496040816807,0.23944585332973506,0.368706141150954
natural_proteins,amacGFP_to_ppluGFP,mlp_small,44,iterative_fancy,3,288,6281,0.3785853560348298,0.6152929026364841,-0.38283358831318814,0.4314308108995761,0.29758309912784175,0.4844105493217473
natural_proteins,amacGFP_to_ppluGFP,mlp_small,44,iterative_fancy,4,384,6281,0.293512859207151,0.5417682707644949,-0.07209492877518309,0.4443222390431657,0.307844908012721,0.5231597153260256
natural_proteins,amacGFP_to_ppluGFP,mlp_small,44,iterative_fancy,5,480,6281,0.17366583726727752,0.41673233287960454,0.3656623292802965,0.5010350283614456,0.3510058043289079,0.6051788881167723
natural_proteins,amacGFP_to_ppluGFP,mlp_small,44,iterative_fancy,6,576,6281,0.215579311122372,0.46430519178916363,0.21256776678385636,0.5648283111548731,0.3989246943680622,0.6534307659836142
natural_proteins,amacGFP_to_ppluGFP,mlp_small,44,iterative_fancy,7,672,6281,0.22373844895220607,0.4730099882161116,0.18276542587732292,0.5947405202504035,0.4212635453267341,0.6871453234308643
natural_proteins,amacGFP_to_ppluGFP,mlp_small,44,iterative_fancy,8,768,6281,0.18441768938193215,0.42943880749407376,0.32638975308653395,0.5494854143521597,0.38641012113601786,0.6327729112737419
natural_proteins,amacGFP_to_ppluGFP,mlp_small,44,iterative_fancy,9,864,6281,0.15846471691476968,0.3980762702231441,0.4211864520926568,0.566699941889503,0.39893568760466835,0.6612499587905316
natural_proteins,amacGFP_to_ppluGFP,mlp_small,44,iterative_fancy,10,960,6281,0.2166628106156734,0.46547052604399497,0.2086101401393654,0.5550664912757108,0.39027595953270644,0.6540064441509512
natural_proteins,amacGFP_to_ppluGFP,mlp_small,44,iterative_random,1,96,6281,0.21295378280186605,0.46146915693453017,0.22215785972006885,0.4216689924308836,0.28920944070134996,0.4937417144318269
natural_proteins,amacGFP_to_ppluGFP,mlp_small,44,iterative_random,2,192,6281,0.22289845523453988,0.47212122938344964,0.18583361514625496,0.4814537014456142,0.33554859086375993,0.5717344546132963
natural_proteins,amacGFP_to_ppluGFP,mlp_small,44,iterative_random,3,288,6281,0.19807965541415293,0.44506140634091484,0.2764875970453724,0.5057878863301531,0.35072198388551146,0.6064215020368177
natural_proteins,amacGFP_to_ppluGFP,mlp_small,44,iterative_random,4,384,6281,0.3388866812181215,0.5821397437197717,-0.2378288751805,0.5349189010271144,0.3713046021059607,0.6530337197981697
natural_proteins,amacGFP_to_ppluGFP,mlp_small,44,iterative_random,5,480,6281,0.153260130955239,0.3914845219868073,0.44019689759293157,0.5675802265479933,0.39841024434975675,0.6857927859727462
natural_proteins,amacGFP_to_ppluGFP,mlp_small,44,iterative_random,6,576,6281,0.1795338195160364,0.423714313560489,0.3442287402101931,0.6021702161014459,0.42632218901642627,0.7267084880867714
natural_proteins,amacGFP_to_ppluGFP,mlp_small,44,iterative_random,7,672,6281,0.12363092124366447,0.35161189007720495,0.548421544244534,0.616020920576888,0.4398377483827862,0.7435889690788295
natural_proteins,amacGFP_to_ppluGFP,mlp_small,44,iterative_random,8,768,6281,0.11784843075569211,0.3432905922912717,0.5695428632374802,0.6409807073168122,0.46145197219290984,0.7574148663673148
natural_proteins,amacGFP_to_ppluGFP,mlp_small,44,iterative_random,9,864,6281,0.1272399591516065,0.3567071055524497,0.5352390511527023,0.6650276997296144,0.48169912755886957,0.7843843103290351
natural_proteins,amacGFP_to_ppluGFP,mlp_small,44,iterative_random,10,960,6281,0.12457804138484327,0.3529561465463426,0.5449620614026529,0.6739494972168718,0.49140605316255814,0.791800630905561
natural_proteins,amacGFP_to_ppluGFP,mlp_small,45,source_only,0,0,6281,15.248847922292391,3.9049773267321783,-54.69845413694693,0.11472921850475974,0.07484808352337381,0.21719253053278204
natural_proteins,amacGFP_to_ppluGFP,mlp_small,45,oneshot_fancy,1,960,6281,0.2486036543081582,0.4986016990626468,0.09194194156021629,0.3635885630437295,0.24868261536718883,0.47779989282086766
natural_proteins,amacGFP_to_ppluGFP,mlp_small,45,oneshot_random,1,960,6281,0.11981923436092208,0.3461491504552945,0.5623442397887961,0.6490616795919869,0.46682062468853164,0.7697870591455975
natural_proteins,amacGFP_to_ppluGFP,mlp_small,45,iterative_fancy,1,96,6281,1.1237051440681836,1.0600495950983537,-3.1044831550083414,0.21842623725417248,0.14748292340238697,0.24350182830362935
natural_proteins,amacGFP_to_ppluGFP,mlp_small,45,iterative_fancy,2,192,6281,0.4540410166956374,0.6738256574928246,-0.6584454690340245,0.3708242186607996,0.25384346598446017,0.44002784039620557
natural_proteins,amacGFP_to_ppluGFP,mlp_small,45,iterative_fancy,3,288,6281,0.31492577171602765,0.5611824763087562,-0.15030845227491962,0.44931439509238885,0.31073473717494193,0.5218836486500251
natural_proteins,amacGFP_to_ppluGFP,mlp_small,45,iterative_fancy,4,384,6281,0.19052735929692174,0.4364943977841202,0.3040733675283537,0.4671255866960697,0.32228935045917434,0.5568822438933416
natural_proteins,amacGFP_to_ppluGFP,mlp_small,45,iterative_fancy,5,480,6281,0.19821153273839565,0.44520953801372637,0.276005897501022,0.45251990534724995,0.31071307753877914,0.5382566763500403
natural_proteins,amacGFP_to_ppluGFP,mlp_small,45,iterative_fancy,6,576,6281,0.2991091287101912,0.5469087023536846,-0.09253605074331528,0.4716559130698176,0.3250350324603825,0.5583920328012969
natural_proteins,amacGFP_to_ppluGFP,mlp_small,45,iterative_fancy,7,672,6281,0.16977219367151145,0.4120342142001213,0.37988438266751345,0.5415337474648473,0.3775016054851613,0.6367346995184876
natural_proteins,amacGFP_to_ppluGFP,mlp_small,45,iterative_fancy,8,768,6281,0.16547594571365531,0.4067873470422296,0.3955770022713705,0.5379222021431462,0.3762643211358783,0.6425078202172095
natural_proteins,amacGFP_to_ppluGFP,mlp_small,45,iterative_fancy,9,864,6281,0.1286168839079734,0.3586319616375169,0.5302096495360457,0.6077414500223539,0.4323695882958562,0.7304131148914629
natural_proteins,amacGFP_to_ppluGFP,mlp_small,45,iterative_fancy,10,960,6281,0.10865460171150289,0.32962797471013117,0.6031245520293322,0.6310440615292612,0.4510444328790525,0.7767293329399858
natural_proteins,amacGFP_to_ppluGFP,mlp_small,45,iterative_random,1,96,6281,0.2559969640587477,0.505961425465171,0.06493689002045722,0.34884970038470814,0.23673559948924816,0.4183702574285689
natural_proteins,amacGFP_to_ppluGFP,mlp_small,45,iterative_random,2,192,6281,0.18465489428099496,0.42971489883525676,0.32552333050439286,0.4564506849033878,0.31486560365877225,0.5706550346936137
natural_proteins,amacGFP_to_ppluGFP,mlp_small,45,iterative_random,3,288,6281,0.1791708782716295,0.423285811564278,0.34555443159088106,0.496545120379529,0.343963432872295,0.5980220220066489
natural_proteins,amacGFP_to_ppluGFP,mlp_small,45,iterative_random,4,384,6281,0.15968694245024584,0.3996084864592416,0.4167221100466454,0.5546271833505881,0.38969998957302415,0.6531733262061667
natural_proteins,amacGFP_to_ppluGFP,mlp_small,45,iterative_random,5,480,6281,0.15482367614405312,0.39347639845872984,0.43448583991605005,0.6063179232847496,0.4309948902102388,0.7056766332198023
natural_proteins,amacGFP_to_ppluGFP,mlp_small,45,iterative_random,6,576,6281,0.14145486452961317,0.3761048584233035,0.4833172102836304,0.6082530018547642,0.42907213239004316,0.6982287718431922
natural_proteins,amacGFP_to_ppluGFP,mlp_small,45,iterative_random,7,672,6281,0.15574409079916865,0.39464425854073776,0.4311239024296134,0.6455216950537128,0.4606244155671149,0.7476831649367599
natural_proteins,amacGFP_to_ppluGFP,mlp_small,45,iterative_random,8,768,6281,0.12164396016254087,0.34877494199345926,0.5556791850324044,0.6332853317309993,0.4501572522452071,0.749740524528103
natural_proteins,amacGFP_to_ppluGFP,mlp_small,45,iterative_random,9,864,6281,0.12264219036309808,0.35020307017942903,0.5520330158708266,0.6522092416837937,0.46743525230142013,0.7699559724277629
natural_proteins,amacGFP_to_ppluGFP,mlp_small,45,iterative_random,10,960,6281,0.10850071961373761,0.32939447417001033,0.6036866269486019,0.6521647825822336,0.4680775506917776,0.7785103034125354
natural_proteins,amacGFP_to_ppluGFP,mlp_small,46,source_only,0,0,6281,19.637467815470337,4.431418262302752,-70.72847457457732,0.12132398477697098,0.0812897673147377,0.14474868975229568
natural_proteins,amacGFP_to_ppluGFP,mlp_small,46,oneshot_fancy,1,960,6281,0.5206686614700711,0.7215737394543063,-0.901811842391081,0.32246152991096394,0.2185527821950235,0.41111332135988116
natural_proteins,amacGFP_to_ppluGFP,mlp_small,46,oneshot_random,1,960,6281,0.11169119339125344,0.3342023240362841,0.5920329952593311,0.6801225270192098,0.49790867929700233,0.7831932863376121
natural_proteins,amacGFP_to_ppluGFP,mlp_small,46,iterative_fancy,1,96,6281,0.48366512575847886,0.6954603696534253,-0.7666514848847312,0.28837642893829196,0.19716580431591563,0.33452723855245975
natural_proteins,amacGFP_to_ppluGFP,mlp_small,46,iterative_fancy,2,192,6281,0.4747472083170485,0.6890190188355098,-0.7340776000811169,0.33860001801221934,0.23179421414494056,0.39879072024784373
natural_proteins,amacGFP_to_ppluGFP,mlp_small,46,iterative_fancy,3,288,6281,0.288128994601816,0.5367764847697932,-0.05242964407118955,0.4087002164132563,0.28061601869074104,0.5261796527743735
natural_proteins,amacGFP_to_ppluGFP,mlp_small,46,iterative_fancy,4,384,6281,0.21732615130213864,0.46618253002674676,0.2061871996660566,0.42548602828391896,0.2925834778377779,0.5323102626278039
natural_proteins,amacGFP_to_ppluGFP,mlp_small,46,iterative_fancy,5,480,6281,0.1962894383611731,0.443045639140228,0.28302660398732027,0.447110276701781,0.3083861433212744,0.5731787964842588
natural_proteins,amacGFP_to_ppluGFP,mlp_small,46,iterative_fancy,6,576,6281,0.19793749111574407,0.44490166454593544,0.2770068711371063,0.49672036144003406,0.34599539314820393,0.5979965981962763
natural_proteins,amacGFP_to_ppluGFP,mlp_small,46,iterative_fancy,7,672,6281,0.19428524698657443,0.4407780019313287,0.2903471807239113,0.48295080452362965,0.33444266927456806,0.5758906358206215
natural_proteins,amacGFP_to_ppluGFP,mlp_small,46,iterative_fancy,8,768,6281,0.20142869444001654,0.4488080819682468,0.2642547846037052,0.49122190028391527,0.34137956359435967,0.604346397321093
natural_proteins,amacGFP_to_ppluGFP,mlp_small,46,iterative_fancy,9,864,6281,0.16083640220979303,0.40104413997687716,0.4125235547180287,0.521618978014097,0.3639500588050454,0.6431828800407529
natural_proteins,amacGFP_to_ppluGFP,mlp_small,46,iterative_fancy,10,960,6281,0.44493859920616136,0.6670371797779802,-0.6251976731574749,0.5227941763597463,0.36409336046622537,0.618905085847161
natural_proteins,amacGFP_to_ppluGFP,mlp_small,46,iterative_random,1,96,6281,0.2793089015545621,0.5284968321140271,-0.02021307593571131,0.4000926526681191,0.27361660874964727,0.44976010318969006
natural_proteins,amacGFP_to_ppluGFP,mlp_small,46,iterative_random,2,192,6281,0.17901315703751616,0.42309946470955995,0.34613052946853395,0.5008940833911941,0.34923664173444297,0.6064791167510148
natural_proteins,amacGFP_to_ppluGFP,mlp_small,46,iterative_random,3,288,6281,0.2441629464286247,0.4941284715826692,0.10816222032646894,0.5452451466827021,0.38258417621398144,0.6546080309137856
natural_proteins,amacGFP_to_ppluGFP,mlp_small,46,iterative_random,4,384,6281,0.19177787792397422,0.43792451167293,0.29950568118567233,0.5759792213727783,0.4074847338287231,0.680452002602136
natural_proteins,amacGFP_to_ppluGFP,mlp_small,46,iterative_random,5,480,6281,0.17223450489776654,0.4150114515260591,0.3708904619723006,0.6012424878971061,0.4273993586317176,0.7140775984225473
natural_proteins,amacGFP_to_ppluGFP,mlp_small,46,iterative_random,6,576,6281,0.17182108621005554,0.4145130712173689,0.37240052895796216,0.6221219553494047,0.4447640493660061,0.7403586574161118
natural_proteins,amacGFP_to_ppluGFP,mlp_small,46,iterative_random,7,672,6281,0.12927692380152084,0.3595510030600955,0.5277987656498235,0.63249835383568,0.4533853022715082,0.7592620317718823
natural_proteins,amacGFP_to_ppluGFP,mlp_small,46,iterative_random,8,768,6281,0.12138721378598762,0.3484066787333268,0.5566169854716345,0.6588966858642865,0.47675961838513137,0.7861650605439221
natural_proteins,amacGFP_to_ppluGFP,mlp_small,46,iterative_random,9,864,6281,0.10858221416029644,0.32951815452308003,0.6033889572304009,0.6587230684298094,0.4743894091455066,0.777122455520814
natural_proteins,amacGFP_to_ppluGFP,mlp_small,46,iterative_random,10,960,6281,0.1360443599848877,0.36884191733707233,0.5030798009250899,0.6896247856430389,0.5024451277423958,0.8026980137831804
natural_proteins,amacGFP_to_ppluGFP,CNN_Jannis_OHE,42,source_only,0,0,6281,1.2357197950335304,1.111629342466962,-3.513631631749236,0.0378340514109164,0.025164996470206053,0.04985103390530122
natural_proteins,amacGFP_to_ppluGFP,CNN_Jannis_OHE,42,oneshot_fancy,1,960,6281,0.0928505812404211,0.30471393345303577,0.6608508480664947,0.7590386700602771,0.5773706778389837,0.8340145673981266
natural_proteins,amacGFP_to_ppluGFP,CNN_Jannis_OHE,42,oneshot_random,1,960,6281,0.07286319055576286,0.26993182575562086,0.7338574626671417,0.7605756725992047,0.5735218554026854,0.8697503239814814
natural_proteins,amacGFP_to_ppluGFP,CNN_Jannis_OHE,42,iterative_fancy,1,96,6281,0.24883208669399579,0.49883071947705443,0.09110756175455459,0.37282109116027873,0.25553665215182925,0.3744457303226548
natural_proteins,amacGFP_to_ppluGFP,CNN_Jannis_OHE,42,iterative_fancy,2,192,6281,0.2004880362695713,0.4477589041767582,0.2676906642342244,0.4917370098487627,0.33827542821657597,0.546525055988174
natural_proteins,amacGFP_to_ppluGFP,CNN_Jannis_OHE,42,iterative_fancy,3,288,6281,0.23434649276934963,0.4840934752393897,0.14401812870163766,0.48574405524607867,0.3369492518371989,0.5502333462716265
natural_proteins,amacGFP_to_ppluGFP,CNN_Jannis_OHE,42,iterative_fancy,4,384,6281,0.16987198246519616,0.4121552892602449,0.37951989076774795,0.5632847541930511,0.40047942273704806,0.6964244348727924
natural_proteins,amacGFP_to_ppluGFP,CNN_Jannis_OHE,42,iterative_fancy,5,480,6281,0.126162920642172,0.3551942013070765,0.5391730781904934,0.6212449167952098,0.4501148070653557,0.7634366260294794
natural_proteins,amacGFP_to_ppluGFP,CNN_Jannis_OHE,42,iterative_fancy,6,576,6281,0.1091253714278838,0.330341295371747,0.6014050027499029,0.6547728634119192,0.477838247356096,0.7932604145149651
natural_proteins,amacGFP_to_ppluGFP,CNN_Jannis_OHE,42,iterative_fancy,7,672,6281,0.09487868578882751,0.30802383964366703,0.6534429252679987,0.6681575635160927,0.48956318549600725,0.8125976860024516
natural_proteins,amacGFP_to_ppluGFP,CNN_Jannis_OHE,42,iterative_fancy,8,768,6281,0.09922449248312643,0.3149991944166309,0.6375692857587094,0.6554550399895779,0.47936276298663916,0.8177851140549441
natural_proteins,amacGFP_to_ppluGFP,CNN_Jannis_OHE,42,iterative_fancy,9,864,6281,0.0885395079158655,0.29755589040693764,0.6765976193027493,0.6918162582935711,0.5093143936875693,0.8391462876537095
natural_proteins,amacGFP_to_ppluGFP,CNN_Jannis_OHE,42,iterative_fancy,10,960,6281,0.07959277109068834,0.2821219082075838,0.709276770755494,0.6830889040150657,0.5007128484111562,0.8431217176590777
natural_proteins,amacGFP_to_ppluGFP,CNN_Jannis_OHE,42,iterative_random,1,96,6281,0.2211056661328605,0.47021874285576976,0.19238201683967904,0.4108164249192203,0.28162684349569994,0.47345844684591815
natural_proteins,amacGFP_to_ppluGFP,CNN_Jannis_OHE,42,iterative_random,2,192,6281,0.18764611349286492,0.4331813863647247,0.3145975027346548,0.5191833721804209,0.3641594228858593,0.6185106447396689
natural_proteins,amacGFP_to_ppluGFP,CNN_Jannis_OHE,42,iterative_random,3,288,6281,0.14427165543473652,0.379831088030899,0.47302850520624395,0.6004648198693927,0.42467893587105593,0.7467411602999459
natural_proteins,amacGFP_to_ppluGFP,CNN_Jannis_OHE,42,iterative_random,4,384,6281,0.1077961800733138,0.32832328591392024,0.6062600517397687,0.6480748861951884,0.4692375546528572,0.787159593703502
natural_proteins,amacGFP_to_ppluGFP,CNN_Jannis_OHE,42,iterative_random,5,480,6281,0.1086427310608007,0.3296099680847057,0.6031679111668278,0.6915333289404527,0.5055284284772827,0.7994449604974198
natural_proteins,amacGFP_to_ppluGFP,CNN_Jannis_OHE,42,iterative_random,6,576,6281,0.08668071635117088,0.2944158901132391,0.6833871038096367,0.6936940005869433,0.5079310798151818,0.8303014268882767
natural_proteins,amacGFP_to_ppluGFP,CNN_Jannis_OHE,42,iterative_random,7,672,6281,0.0921836311473768,0.3036175738447575,0.663286972379516,0.7314368294164951,0.5440479957247786,0.8314860487942265
natural_proteins,amacGFP_to_ppluGFP,CNN_Jannis_OHE,42,iterative_random,8,768,6281,0.07658984028074438,0.27674869517442063,0.7202453767017551,0.743292969432136,0.557255970558406,0.8641136254802446
natural_proteins,amacGFP_to_ppluGFP,CNN_Jannis_OHE,42,iterative_random,9,864,6281,0.06378408692748862,0.2525551166131635,0.767020101551142,0.7555820179175529,0.5695991895074336,0.8817122880130674
natural_proteins,amacGFP_to_ppluGFP,CNN_Jannis_OHE,42,iterative_random,10,960,6281,0.07855710311472783,0.2802804008751376,0.7130596863930623,0.7630437652526615,0.5762118671518276,0.8612297147542767
natural_proteins,amacGFP_to_ppluGFP,CNN_Jannis_OHE,43,source_only,0,0,6281,1.2023224004227662,1.0965046285459839,-3.3916431863597483,0.022779404023385116,0.015700295586870316,-0.009082406866656857
natural_proteins,amacGFP_to_ppluGFP,CNN_Jannis_OHE,43,oneshot_fancy,1,960,6281,0.0796873908179667,0.2822895513793713,0.7089311595613158,0.7305864470875496,0.5456937530015119,0.851306067418182
natural_proteins,amacGFP_to_ppluGFP,CNN_Jannis_OHE,43,oneshot_random,1,960,6281,0.06401311325230752,0.2530081288265409,0.7661835523040064,0.7668089224671165,0.5811878387858491,0.8834819251723913
natural_proteins,amacGFP_to_ppluGFP,CNN_Jannis_OHE,43,iterative_fancy,1,96,6281,0.23763514327074942,0.4874783515918932,0.13200589341290592,0.4085170750165895,0.28349128183092753,0.48680591570660126
natural_proteins,amacGFP_to_ppluGFP,CNN_Jannis_OHE,43,iterative_fancy,2,192,6281,0.20356515459519917,0.4511819528695703,0.25645107847618254,0.42172562876832836,0.2876780741663169,0.5841948977615488
natural_proteins,amacGFP_to_ppluGFP,CNN_Jannis_OHE,43,iterative_fancy,3,288,6281,0.1906619554638519,0.43664854913746354,0.30358173704787594,0.4718035933786803,0.3293443527110976,0.5929083526011381
natural_proteins,amacGFP_to_ppluGFP,CNN_Jannis_OHE,43,iterative_fancy,4,384,6281,0.18600982271437377,0.43128856084340306,0.32057427339594924,0.38586655134700903,0.2673126651501338,0.6661206912515246
natural_proteins,amacGFP_to_ppluGFP,CNN_Jannis_OHE,43,iterative_fancy,5,480,6281,0.15187034190304413,0.3897054553159914,0.4452732877686473,0.5074477338558641,0.355784669522685,0.6993442760875376
natural_proteins,amacGFP_to_ppluGFP,CNN_Jannis_OHE,43,iterative_fancy,6,576,6281,0.11511251831360865,0.33928235779894106,0.5795361489240213,0.559630468550025,0.39587346668946344,0.7668580163245757
natural_proteins,amacGFP_to_ppluGFP,CNN_Jannis_OHE,43,iterative_fancy,7,672,6281,0.09835847542284883,0.3136215480843892,0.6407325287630001,0.6103472145971303,0.4372947063355355,0.8174747293518441
natural_proteins,amacGFP_to_ppluGFP,CNN_Jannis_OHE,43,iterative_fancy,8,768,6281,0.09095012505728817,0.30157938433733855,0.667792518158224,0.6309726923520107,0.4551758254212119,0.8321366478977086
natural_proteins,amacGFP_to_ppluGFP,CNN_Jannis_OHE,43,iterative_fancy,9,864,6281,0.07740604656444114,0.27821942161617896,0.7172640742131711,0.6691571862063819,0.48744485494244155,0.8572720997465015
natural_proteins,amacGFP_to_ppluGFP,CNN_Jannis_OHE,43,iterative_fancy,10,960,6281,0.08125079197873919,0.28504524549400784,0.7032206279660971,0.6824540938806453,0.49796387175260903,0.8443054307519235
natural_proteins,amacGFP_to_ppluGFP,CNN_Jannis_OHE,43,iterative_random,1,96,6281,0.22552470611970843,0.4748944157596596,0.17624088294608442,0.43088623481314203,0.29576908912434535,0.4526912622495359
natural_proteins,amacGFP_to_ppluGFP,CNN_Jannis_OHE,43,iterative_random,2,192,6281,0.18249709810622272,0.4271967908426077,0.3334049692937554,0.5446631288926828,0.3799902374450997,0.6202134631557201
natural_proteins,amacGFP_to_ppluGFP,CNN_Jannis_OHE,43,iterative_random,3,288,6281,0.1539832309346882,0.3924069710577122,0.43755567831872666,0.5722687782462713,0.406945286212811,0.6885135976314019
natural_proteins,amacGFP_to_ppluGFP,CNN_Jannis_OHE,43,iterative_random,4,384,6281,0.11165038416610351,0.3341412637883916,0.5921820564059148,0.6512588264357911,0.4680699748540911,0.7757823550033273
natural_proteins,amacGFP_to_ppluGFP,CNN_Jannis_OHE,43,iterative_random,5,480,6281,0.10089435924355755,0.3176387244080255,0.6314698743379479,0.6842443716779494,0.4973562515891422,0.8111777484306864
natural_proteins,amacGFP_to_ppluGFP,CNN_Jannis_OHE,43,iterative_random,6,576,6281,0.08619149026598438,0.2935838726258382,0.6851740674417235,0.7037062714767693,0.5177615500311449,0.8380209355389078
natural_proteins,amacGFP_to_ppluGFP,CNN_Jannis_OHE,43,iterative_random,7,672,6281,0.0859766242285179,0.29321770790407237,0.6859588943476249,0.7129929619711136,0.5234113150968552,0.8324595272866506
natural_proteins,amacGFP_to_ppluGFP,CNN_Jannis_OHE,43,iterative_random,8,768,6281,0.07625623528870441,0.2761453155291692,0.7214639135016291,0.7479276443310579,0.5593642600809071,0.8533664590869721
natural_proteins,amacGFP_to_ppluGFP,CNN_Jannis_OHE,43,iterative_random,9,864,6281,0.06305158960751998,0.2511007558879901,0.7696956458669892,0.7438592737091007,0.554750493810554,0.8788355211386093
natural_proteins,amacGFP_to_ppluGFP,CNN_Jannis_OHE,43,iterative_random,10,960,6281,0.06846563135894225,0.2616593804145807,0.7499201351055327,0.7548557504726886,0.5657588859877923,0.8700386193867619
natural_proteins,amacGFP_to_ppluGFP,CNN_Jannis_OHE,44,source_only,0,0,6281,1.279294242907376,1.1310589033765552,-3.672793123739466,-0.022172279893571227,-0.014545968296039007,-0.03781261781426114
natural_proteins,amacGFP_to_ppluGFP,CNN_Jannis_OHE,44,oneshot_fancy,1,960,6281,0.07347490811022639,0.2710625538694461,0.7316230825798276,0.7371172582289194,0.5504641764313505,0.8582018942420386
natural_proteins,amacGFP_to_ppluGFP,CNN_Jannis_OHE,44,oneshot_random,1,960,6281,0.06802122099637886,0.26080878243720795,0.751543403323785,0.7641694409020304,0.5760034229017226,0.8779750560209707
natural_proteins,amacGFP_to_ppluGFP,CNN_Jannis_OHE,44,iterative_fancy,1,96,6281,0.258061254275211,0.507997297507783,0.05739679423532318,0.3946432698534577,0.27045695376774714,0.4054521486217223
natural_proteins,amacGFP_to_ppluGFP,CNN_Jannis_OHE,44,iterative_fancy,2,192,6281,0.20589008004749149,0.45375112126306805,0.24795897767379893,0.412098883901237,0.2837263642724328,0.5897199841756167
natural_proteins,amacGFP_to_ppluGFP,CNN_Jannis_OHE,44,iterative_fancy,3,288,6281,0.18729437844588673,0.4327752054426024,0.31588226198219327,0.442104735928371,0.3082896650881286,0.658778373984521
natural_proteins,amacGFP_to_ppluGFP,CNN_Jannis_OHE,44,iterative_fancy,4,384,6281,0.15434868419992148,0.39287235102501356,0.43622081144638825,0.45279975771948855,0.31679855453069006,0.6866010268301601
natural_proteins,amacGFP_to_ppluGFP,CNN_Jannis_OHE,44,iterative_fancy,5,480,6281,0.1599781704535265,0.39997271213612373,0.4156583608593767,0.4942448637823969,0.3454388443619442,0.6603789175382391
natural_proteins,amacGFP_to_ppluGFP,CNN_Jannis_OHE,44,iterative_fancy,6,576,6281,0.12104708312532615,0.3479182132704842,0.5578593581479157,0.5514516548204971,0.3880793550661206,0.7500885844727108
natural_proteins,amacGFP_to_ppluGFP,CNN_Jannis_OHE,44,iterative_fancy,7,672,6281,0.11486947776853805,0.3389239999889917,0.5804238869827925,0.5466247469035699,0.3883309574221262,0.780134506050649
natural_proteins,amacGFP_to_ppluGFP,CNN_Jannis_OHE,44,iterative_fancy,8,768,6281,0.11739041487492752,0.34262284639954693,0.5712158274285299,0.5967084090655128,0.4258935958266012,0.7784106775728278
natural_proteins,amacGFP_to_ppluGFP,CNN_Jannis_OHE,44,iterative_fancy,9,864,6281,0.11329518069711578,0.3365934947338046,0.5861742173472494,0.6007682402290824,0.42882790756999983,0.7660591825685046
natural_proteins,amacGFP_to_ppluGFP,CNN_Jannis_OHE,44,iterative_fancy,10,960,6281,0.08195830115244798,0.28628360266080205,0.7006363561926421,0.6754294304820622,0.49327155868762956,0.838729566615395
natural_proteins,amacGFP_to_ppluGFP,CNN_Jannis_OHE,44,iterative_random,1,96,6281,0.2626185420516416,0.5124632104372387,0.04075069182169044,0.42183278389527973,0.2863073976710114,0.3962811661865459
natural_proteins,amacGFP_to_ppluGFP,CNN_Jannis_OHE,44,iterative_random,2,192,6281,0.1668839809559188,0.40851435832283645,0.39043396544891207,0.5748964268423725,0.40682460928085457,0.6571834330861455
natural_proteins,amacGFP_to_ppluGFP,CNN_Jannis_OHE,44,iterative_random,3,288,6281,0.1521732943545503,0.39009395580366313,0.44416671346796033,0.604728381064824,0.43237350478393116,0.6989622577908395
natural_proteins,amacGFP_to_ppluGFP,CNN_Jannis_OHE,44,iterative_random,4,384,6281,0.09837580376685115,0.3136491730689739,0.6406692346716301,0.6818876911625893,0.49443678191781715,0.8013893126710232
natural_proteins,amacGFP_to_ppluGFP,CNN_Jannis_OHE,44,iterative_random,5,480,6281,0.11941361967366504,0.3455627579379251,0.5638258016202595,0.6526443067211657,0.47267803792307445,0.7949289074386512
natural_proteins,amacGFP_to_ppluGFP,CNN_Jannis_OHE,44,iterative_random,6,576,6281,0.08757648256187428,0.29593324004219984,0.6801151980592127,0.721568461452704,0.536571309732208,0.8370225148379624
natural_proteins,amacGFP_to_ppluGFP,CNN_Jannis_OHE,44,iterative_random,7,672,6281,0.08941647053035967,0.2990258693330055,0.6733943961994608,0.7237999375858496,0.5383606698023317,0.8325045079639992
natural_proteins,amacGFP_to_ppluGFP,CNN_Jannis_OHE,44,iterative_random,8,768,6281,0.08714430153333583,0.2952021367357219,0.6816937970012165,0.7436801058527982,0.5567346853087644,0.8404160228648343
natural_proteins,amacGFP_to_ppluGFP,CNN_Jannis_OHE,44,iterative_random,9,864,6281,0.06320542821147243,0.2514068977006646,0.7691337298146814,0.7319906327843752,0.5462535921449161,0.877926570998132
natural_proteins,amacGFP_to_ppluGFP,CNN_Jannis_OHE,44,iterative_random,10,960,6281,0.058795684342549226,0.24247821416067306,0.7852409083956833,0.7461939784967242,0.5607629223327636,0.8881238303199028
natural_proteins,amacGFP_to_ppluGFP,CNN_Jannis_OHE,45,source_only,0,0,6281,1.2116079028978348,1.1007306223131228,-3.425559724604584,0.12124263377747778,0.08011506944395339,0.15603123538249347
natural_proteins,amacGFP_to_ppluGFP,CNN_Jannis_OHE,45,oneshot_fancy,1,960,6281,0.08419366763046233,0.2901614509724928,0.6924713815080343,0.7072988226611773,0.5232437381986924,0.8424094572326591
natural_proteins,amacGFP_to_ppluGFP,CNN_Jannis_OHE,45,oneshot_random,1,960,6281,0.057305823577073395,0.2393863479337813,0.7906828238727849,0.7510697714138603,0.5652359695130371,0.8896012461362057
natural_proteins,amacGFP_to_ppluGFP,CNN_Jannis_OHE,45,iterative_fancy,1,96,6281,0.2343670099939556,0.4841146661628375,0.14394318679785867,0.46102597475300744,0.31661744136170566,0.5032117223777759
natural_proteins,amacGFP_to_ppluGFP,CNN_Jannis_OHE,45,iterative_fancy,2,192,6281,0.14573342640415085,0.38175047662596423,0.4676891914617861,0.5342081588612094,0.369560802015971,0.6849507145821789
natural_proteins,amacGFP_to_ppluGFP,CNN_Jannis_OHE,45,iterative_fancy,3,288,6281,0.17775053954836847,0.4216047195518196,0.3507424085213108,0.5330701241353533,0.3718668869623478,0.6201735164873567
natural_proteins,amacGFP_to_ppluGFP,CNN_Jannis_OHE,45,iterative_fancy,4,384,6281,0.16347565639649278,0.404321229218171,0.4028833262218984,0.5555417674033882,0.3895920672115024,0.6666591234795585
natural_proteins,amacGFP_to_ppluGFP,CNN_Jannis_OHE,45,iterative_fancy,5,480,6281,0.10750151088651046,0.32787423028733204,0.6073363703095633,0.5993360333227514,0.42624296188264527,0.7799814881710025
natural_proteins,amacGFP_to_ppluGFP,CNN_Jannis_OHE,45,iterative_fancy,6,576,6281,0.10327103102678341,0.3213581040315981,0.6227887631490128,0.6761126582019324,0.488810904920068,0.7902740669679783
natural_proteins,amacGFP_to_ppluGFP,CNN_Jannis_OHE,45,iterative_fancy,7,672,6281,0.09135675182534046,0.3022527945699435,0.6663072595664516,0.6842951346793839,0.4979940052092402,0.8244672405851916
natural_proteins,amacGFP_to_ppluGFP,CNN_Jannis_OHE,45,iterative_fancy,8,768,6281,0.08172569933033264,0.2858770703122806,0.7014859654213054,0.6948196461176338,0.5072053984440925,0.8592061413897264
natural_proteins,amacGFP_to_ppluGFP,CNN_Jannis_OHE,45,iterative_fancy,9,864,6281,0.06952912328137495,0.2636837561955134,0.7460355887864605,0.6881899272288197,0.5042201446058531,0.8642450883271372
natural_proteins,amacGFP_to_ppluGFP,CNN_Jannis_OHE,45,iterative_fancy,10,960,6281,0.08249786124032242,0.2872244092000581,0.6986655408915945,0.7122897784626269,0.5243113592383483,0.8520676211160885
natural_proteins,amacGFP_to_ppluGFP,CNN_Jannis_OHE,45,iterative_random,1,96,6281,0.216548960278349,0.46534821400575826,0.20902599370576302,0.4086366653619994,0.27909898082078194,0.4774339712771606
natural_proteins,amacGFP_to_ppluGFP,CNN_Jannis_OHE,45,iterative_random,2,192,6281,0.22294391064503177,0.47216936648307856,0.1856675831870236,0.4849885208467918,0.33429613558053495,0.5790056407162206
natural_proteins,amacGFP_to_ppluGFP,CNN_Jannis_OHE,45,iterative_random,3,288,6281,0.15697601301404618,0.396201985121284,0.4266241419667045,0.605568182694435,0.43213866633578846,0.7070511840692334
natural_proteins,amacGFP_to_ppluGFP,CNN_Jannis_OHE,45,iterative_random,4,384,6281,0.1286490840113826,0.35867685179194736,0.5300920343567167,0.6496833892200176,0.47114352262651304,0.7671517991358341
natural_proteins,amacGFP_to_ppluGFP,CNN_Jannis_OHE,45,iterative_random,5,480,6281,0.0758551698566528,0.27541817270589247,0.7229288585707175,0.7248536826497415,0.5387776702583723,0.8564090926056962
natural_proteins,amacGFP_to_ppluGFP,CNN_Jannis_OHE,45,iterative_random,6,576,6281,0.07801064620909877,0.2793038599967762,0.7150556932423078,0.7357179210228547,0.5482633802820823,0.8579221395912736
natural_proteins,amacGFP_to_ppluGFP,CNN_Jannis_OHE,45,iterative_random,7,672,6281,0.07628710444552302,0.27620120283141963,0.721351159782524,0.6995645703467637,0.5138452609129264,0.8582598535998969
natural_proteins,amacGFP_to_ppluGFP,CNN_Jannis_OHE,45,iterative_random,8,768,6281,0.06371627852594634,0.25242083615649946,0.7672677807963314,0.7571756374873181,0.5695719233942452,0.8815522077397018
natural_proteins,amacGFP_to_ppluGFP,CNN_Jannis_OHE,45,iterative_random,9,864,6281,0.07176644919951183,0.2678926075865324,0.7378634569850426,0.7613370356129487,0.5756481060512317,0.8705070100281551
natural_proteins,amacGFP_to_ppluGFP,CNN_Jannis_OHE,45,iterative_random,10,960,6281,0.0580233891265099,0.24088044571220368,0.7880618198435485,0.7762835587519975,0.592703594195628,0.8894298467315568
natural_proteins,amacGFP_to_ppluGFP,CNN_Jannis_OHE,46,source_only,0,0,6281,1.2979018956722383,1.1392549739510636,-3.7407600612682197,0.03482285247009431,0.023576236063352064,-0.01119181879960975
natural_proteins,amacGFP_to_ppluGFP,CNN_Jannis_OHE,46,oneshot_fancy,1,960,6281,0.08474193512734589,0.2911046807032582,0.6904687612323541,0.7606862660291374,0.5707082250949963,0.8409476639601545
natural_proteins,amacGFP_to_ppluGFP,CNN_Jannis_OHE,46,oneshot_random,1,960,6281,0.055278121716637076,0.2351129977620061,0.7980892757996748,0.7783671159527306,0.5910123767365797,0.8951258562259652
natural_proteins,amacGFP_to_ppluGFP,CNN_Jannis_OHE,46,iterative_fancy,1,96,6281,0.2542388688576815,0.5042210515812301,0.07135856760711734,0.4456208213947446,0.30720617357079194,0.5096861245477946
natural_proteins,amacGFP_to_ppluGFP,CNN_Jannis_OHE,46,iterative_fancy,2,192,6281,0.23659668459941646,0.48641205227606815,0.13579900243813248,0.4798074068547034,0.33474032468909365,0.5481255226645252
natural_proteins,amacGFP_to_ppluGFP,CNN_Jannis_OHE,46,iterative_fancy,3,288,6281,0.18141002241574022,0.42592255448114064,0.337375658476196,0.4904330006534737,0.34049667938003997,0.6305005622753551
natural_proteins,amacGFP_to_ppluGFP,CNN_Jannis_OHE,46,iterative_fancy,4,384,6281,0.14241600974170682,0.3773804575514037,0.47980649899661687,0.5400405475984321,0.37925331425747033,0.7106542992771838
natural_proteins,amacGFP_to_ppluGFP,CNN_Jannis_OHE,46,iterative_fancy,5,480,6281,0.12444453793675916,0.3527669739881543,0.5454497005815686,0.5691102065677479,0.40416253717441347,0.7464440835607477
natural_proteins,amacGFP_to_ppluGFP,CNN_Jannis_OHE,46,iterative_fancy,6,576,6281,0.1408600756712702,0.37531330334970836,0.48548975604685163,0.5945617525570513,0.4246880759398413,0.7121864900918544
natural_proteins,amacGFP_to_ppluGFP,CNN_Jannis_OHE,46,iterative_fancy,7,672,6281,0.11599293550411707,0.3405773561235642,0.5763203075203422,0.6235116312916895,0.44758467320330736,0.7684053190669821
natural_proteins,amacGFP_to_ppluGFP,CNN_Jannis_OHE,46,iterative_fancy,8,768,6281,0.09395477399762435,0.30652042998407847,0.6568176365111794,0.665124633053842,0.48371165607330247,0.8115781292977576
natural_proteins,amacGFP_to_ppluGFP,CNN_Jannis_OHE,46,iterative_fancy,9,864,6281,0.10468576226889818,0.32355179225109876,0.6176212682925758,0.6814106974262019,0.49627429664605877,0.811421499548781
natural_proteins,amacGFP_to_ppluGFP,CNN_Jannis_OHE,46,iterative_fancy,10,960,6281,0.07189916341607912,0.2681401935855181,0.737378700579676,0.7080516002192708,0.5220057250347603,0.8621626128821344
natural_proteins,amacGFP_to_ppluGFP,CNN_Jannis_OHE,46,iterative_random,1,96,6281,0.27398932870288994,0.5234398998002444,-0.000782625450736818,0.5055527235483581,0.3464380967034307,0.41904410812073145
natural_proteins,amacGFP_to_ppluGFP,CNN_Jannis_OHE,46,iterative_random,2,192,6281,0.2659000384595184,0.5156549606660624,0.02876458781527036,0.41486801632858167,0.2875081910767059,0.47259205874509846
natural_proteins,amacGFP_to_ppluGFP,CNN_Jannis_OHE,46,iterative_random,3,288,6281,0.16908463022525472,0.4111990153505413,0.38239580000689055,0.6200938147372345,0.4410406305473024,0.6786834183272885
natural_proteins,amacGFP_to_ppluGFP,CNN_Jannis_OHE,46,iterative_random,4,384,6281,0.10993560618644445,0.33156538749761627,0.5984455120546173,0.6733146185047545,0.49047152092221663,0.8018609838754138
natural_proteins,amacGFP_to_ppluGFP,CNN_Jannis_OHE,46,iterative_random,5,480,6281,0.10050325650815518,0.3170224858084284,0.6328984293266036,0.6678381704614376,0.48912825061924714,0.8363434739023514
natural_proteins,amacGFP_to_ppluGFP,CNN_Jannis_OHE,46,iterative_random,6,576,6281,0.05646353583330787,0.23762057114927543,0.7937593923785048,0.7460528893329076,0.5591672420744084,0.8915967687484299
natural_proteins,amacGFP_to_ppluGFP,CNN_Jannis_OHE,46,iterative_random,7,672,6281,0.07124491008384175,0.2669174218439886,0.7397684482776837,0.7269609875706039,0.5399018446839688,0.8692973070978668
natural_proteins,amacGFP_to_ppluGFP,CNN_Jannis_OHE,46,iterative_random,8,768,6281,0.06557711086861548,0.25608028207696015,0.7604708420752635,0.7638251780361788,0.5752832132735438,0.8769819254288229
natural_proteins,amacGFP_to_ppluGFP,CNN_Jannis_OHE,46,iterative_random,9,864,6281,0.07241083265648851,0.2690926098139607,0.735509760324946,0.7555608221788901,0.5695528925762325,0.8815111662409181
natural_proteins,amacGFP_to_ppluGFP,CNN_Jannis_OHE,46,iterative_random,10,960,6281,0.07383791946974708,0.2717313369299667,0.7302971350943197,0.7913917822585279,0.6029729626228442,0.8807972412441278
natural_proteins,ppluGFP_to_cgreGFP,aubin_1_10_1,42,source_only,0,0,4904,0.7586917849591847,0.8710291527607928,-0.2755802755288297,-0.15709752842752955,-0.1106792118617668,-0.24710822617012868
natural_proteins,ppluGFP_to_cgreGFP,aubin_1_10_1,42,oneshot_fancy,1,960,4904,1.2038797369737935,1.0972145355279401,-1.024069954408719,0.1970292615425794,0.13665441066597311,0.07035679121802257
natural_proteins,ppluGFP_to_cgreGFP,aubin_1_10_1,42,oneshot_random,1,960,4904,0.47621663813104137,0.6900845152088557,0.1993421274341518,0.5437826522162157,0.3897476553712275,0.5780747480325085
natural_proteins,ppluGFP_to_cgreGFP,aubin_1_10_1,42,iterative_fancy,1,96,4904,0.9100434956700646,0.9539619990702274,-0.5300462664328043,0.29136144458894747,0.20301253204049471,0.30533938177442266
natural_proteins,ppluGFP_to_cgreGFP,aubin_1_10_1,42,iterative_fancy,2,192,4904,0.9792471050509995,0.9895691512223891,-0.646397544872535,0.2888962396984231,0.20079546670614315,0.2404361598340703
natural_proteins,ppluGFP_to_cgreGFP,aubin_1_10_1,42,iterative_fancy,3,288,4904,0.5499054053828292,0.741556070289246,0.07545000167524163,0.3201794991234091,0.22475013701919616,0.3534424872287594
natural_proteins,ppluGFP_to_cgreGFP,aubin_1_10_1,42,iterative_fancy,4,384,4904,0.6729423650807304,0.8203306437533163,-0.1314107052192206,0.3962970493629661,0.27871381265317074,0.41170027613301907
natural_proteins,ppluGFP_to_cgreGFP,aubin_1_10_1,42,iterative_fancy,5,480,4904,0.5246568495061917,0.7243320022656681,0.11790012503272462,0.42306839535788443,0.2993950837522539,0.4376672098636687
natural_proteins,ppluGFP_to_cgreGFP,aubin_1_10_1,42,iterative_fancy,6,576,4904,0.46801604061041724,0.684116978747361,0.2131297031694308,0.4532133451973753,0.3222647236114527,0.47457388330007755
natural_proteins,ppluGFP_to_cgreGFP,aubin_1_10_1,42,iterative_fancy,7,672,4904,0.5524372247786801,0.7432612089828717,0.07119328116426049,0.43769191642929806,0.31058347391858476,0.443752421818324
natural_proteins,ppluGFP_to_cgreGFP,aubin_1_10_1,42,iterative_fancy,8,768,4904,0.63961753706755,0.7997609249441673,-0.07538203304730517,0.4369149750971098,0.3095162822827742,0.42246101731569413
natural_proteins,ppluGFP_to_cgreGFP,aubin_1_10_1,42,iterative_fancy,9,864,4904,0.46293649245406415,0.6803943653897085,0.22166989243375956,0.49371044043966755,0.3520626701195205,0.5160010756443745
natural_proteins,ppluGFP_to_cgreGFP,aubin_1_10_1,42,iterative_fancy,10,960,4904,0.7018355602821922,0.8377562654389356,-0.17998852117378727,0.47624195301372846,0.3380538721169176,0.4645090756199147
natural_proteins,ppluGFP_to_cgreGFP,aubin_1_10_1,42,iterative_random,1,96,4904,0.5545189394749281,0.7446602846096522,0.06769331680659274,0.3193901431827288,0.2265092472554222,0.38307258521044474
natural_proteins,ppluGFP_to_cgreGFP,aubin_1_10_1,42,iterative_random,2,192,4904,0.5783974243375359,0.7605244403288667,0.027546678996490548,0.35129657749188065,0.2481920918368104,0.3490856758755892
natural_proteins,ppluGFP_to_cgreGFP,aubin_1_10_1,42,iterative_random,3,288,4904,0.5702859947581834,0.7551728244303971,0.04118433763849072,0.3814251137334143,0.26947673513459225,0.40894568195719483
natural_proteins,ppluGFP_to_cgreGFP,aubin_1_10_1,42,iterative_random,4,384,4904,0.503672796255826,0.7096990885268389,0.15318038634233289,0.4061186423419766,0.2873026697434199,0.4508831118371364
natural_proteins,ppluGFP_to_cgreGFP,aubin_1_10_1,42,iterative_random,5,480,4904,0.4818347620315877,0.6941431855399776,0.1898964366080681,0.44935196274364125,0.31942139272501485,0.48273458107477635
natural_proteins,ppluGFP_to_cgreGFP,aubin_1_10_1,42,iterative_random,6,576,4904,0.4839533425483553,0.6956675517431838,0.18633449014590386,0.4578735779782135,0.3259299763169961,0.4858123906711443
natural_proteins,ppluGFP_to_cgreGFP,aubin_1_10_1,42,iterative_random,7,672,4904,0.4551293211955906,0.6746327305990946,0.23479600485834606,0.4821606852847681,0.3440054845611934,0.5111892223634178
natural_proteins,ppluGFP_to_cgreGFP,aubin_1_10_1,42,iterative_random,8,768,4904,0.45326817851615264,0.6732519428238976,0.23792512387465858,0.5023133954522631,0.35825498547003154,0.5177957782711795
natural_proteins,ppluGFP_to_cgreGFP,aubin_1_10_1,42,iterative_random,9,864,4904,0.4497208594631879,0.6706123019026626,0.24388919295339906,0.5099307926560106,0.3638760536393329,0.5296752676730108
natural_proteins,ppluGFP_to_cgreGFP,aubin_1_10_1,42,iterative_random,10,960,4904,0.578450292198214,0.7605591970374259,0.02745779283530192,0.5404454824216095,0.38443038016133046,0.537726781320675
natural_proteins,ppluGFP_to_cgreGFP,aubin_1_10_1,43,source_only,0,0,4904,0.6781017395929604,0.823469331300784,-0.14008510567054588,-0.16967370032894885,-0.12037771111536341,-0.23865854513373985
natural_proteins,ppluGFP_to_cgreGFP,aubin_1_10_1,43,oneshot_fancy,1,960,4904,0.611331006192556,0.7818765926874623,-0.027824195249943617,0.21508516931524269,0.1504659213608687,0.3029254751715905
natural_proteins,ppluGFP_to_cgreGFP,aubin_1_10_1,43,oneshot_random,1,960,4904,0.37714090692584396,0.6141179910455676,0.3659170805499877,0.5944423034708491,0.42540902256145496,0.6208690490797493
natural_proteins,ppluGFP_to_cgreGFP,aubin_1_10_1,43,iterative_fancy,1,96,4904,0.7441924631910938,0.8626659047343264,-0.2512027229803764,0.25171177330876743,0.17645974458644764,0.35149306284017323
natural_proteins,ppluGFP_to_cgreGFP,aubin_1_10_1,43,iterative_fancy,2,192,4904,0.5320933017272462,0.7294472576734018,0.10539729850798507,0.32158978766493307,0.22412789639858094,0.3678150787217568
natural_proteins,ppluGFP_to_cgreGFP,aubin_1_10_1,43,iterative_fancy,3,288,4904,1.0577447235139825,1.0284671718212413,-0.7783747400556298,0.2597926527255794,0.17916063424201037,0.19215747084233978
natural_proteins,ppluGFP_to_cgreGFP,aubin_1_10_1,43,iterative_fancy,4,384,4904,0.5510916109631449,0.7423554478571197,0.07345564708887387,0.3074989947255286,0.21458059990286324,0.33806552110922805
natural_proteins,ppluGFP_to_cgreGFP,aubin_1_10_1,43,iterative_fancy,5,480,4904,0.8182926415105246,0.9045952915588963,-0.3757865497085382,0.3519314233661181,0.2445350073944842,0.3383854925896068
natural_proteins,ppluGFP_to_cgreGFP,aubin_1_10_1,43,iterative_fancy,6,576,4904,0.50076168517435,0.7076451689754901,0.1580748058536815,0.40323641572708036,0.28460919104181315,0.4254078321792544
natural_proteins,ppluGFP_to_cgreGFP,aubin_1_10_1,43,iterative_fancy,7,672,4904,0.8239940373960238,0.9077411731303279,-0.3853722448204411,0.40441521333183905,0.28391534493726034,0.35549982593793594
natural_proteins,ppluGFP_to_cgreGFP,aubin_1_10_1,43,iterative_fancy,8,768,4904,0.5074103543105832,0.7123274207206847,0.14689647049164423,0.4351506695571975,0.30787455466303454,0.4524872725831499
natural_proteins,ppluGFP_to_cgreGFP,aubin_1_10_1,43,iterative_fancy,9,864,4904,0.4641785594622103,0.6813065091881996,0.21958161863419334,0.4813257866535126,0.34216970333844204,0.49929706383636063
natural_proteins,ppluGFP_to_cgreGFP,aubin_1_10_1,43,iterative_fancy,10,960,4904,0.44140181780352156,0.6643807777197663,0.25787590753598,0.5226041645320929,0.3743263592205142,0.5386917973281236
natural_proteins,ppluGFP_to_cgreGFP,aubin_1_10_1,43,iterative_random,1,96,4904,0.6081988141313893,0.7798710240362757,-0.022558074683464602,0.289460769931723,0.203933050433835,0.36005791959750155
natural_proteins,ppluGFP_to_cgreGFP,aubin_1_10_1,43,iterative_random,2,192,4904,0.5589675081476251,0.7476412964434382,0.06021398650972787,0.33422296661354234,0.23571934883067164,0.3568937847944109
natural_proteins,ppluGFP_to_cgreGFP,aubin_1_10_1,43,iterative_random,3,288,4904,0.5303920807067343,0.7282802212793742,0.1082575429723387,0.38969957763956903,0.2752925341898784,0.433370095854156
natural_proteins,ppluGFP_to_cgreGFP,aubin_1_10_1,43,iterative_random,4,384,4904,0.4899077226240146,0.699934084485114,0.17632345545686823,0.4133363208975127,0.29296638275785114,0.4446612468860046
natural_proteins,ppluGFP_to_cgreGFP,aubin_1_10_1,43,iterative_random,5,480,4904,0.5868090466108516,0.7660346249425359,0.013404309631547817,0.46067747188501645,0.3277699875800117,0.5023643912117686
natural_proteins,ppluGFP_to_cgreGFP,aubin_1_10_1,43,iterative_random,6,576,4904,0.4544712703689955,0.6741448437605938,0.23590237858130036,0.46944610557808664,0.33315859766939004,0.5125270992339077
natural_proteins,ppluGFP_to_cgreGFP,aubin_1_10_1,43,iterative_random,7,672,4904,0.4247000987737353,0.6516901861879887,0.28595632673145865,0.5274262517589866,0.37412780878052965,0.5592805085321799
natural_proteins,ppluGFP_to_cgreGFP,aubin_1_10_1,43,iterative_random,8,768,4904,0.4047896201874946,0.6362307916059192,0.31943159859342307,0.5407163693262176,0.38443752633903566,0.5769739814542145
natural_proteins,ppluGFP_to_cgreGFP,aubin_1_10_1,43,iterative_random,9,864,4904,0.4145207259706162,0.6438328400839897,0.30307079590369557,0.5610305654724472,0.4011441076512022,0.5805703247828062
natural_proteins,ppluGFP_to_cgreGFP,aubin_1_10_1,43,iterative_random,10,960,4904,0.40407197563743835,0.6356665601063488,0.3206381665977699,0.5698819148590691,0.4068566043201727,0.5823536104726263
natural_proteins,ppluGFP_to_cgreGFP,aubin_1_10_1,44,source_only,0,0,4904,0.7462937990155543,0.8638829776165023,-0.2547356761282584,-0.16169217444743555,-0.1137388796154234,-0.24275143618084413
natural_proteins,ppluGFP_to_cgreGFP,aubin_1_10_1,44,oneshot_fancy,1,960,4904,0.6284886091452284,0.7927727348649349,-0.05667108714420821,0.19213529018805958,0.1345304520664012,0.31454960287936173
natural_proteins,ppluGFP_to_cgreGFP,aubin_1_10_1,44,oneshot_random,1,960,4904,0.37726910032190913,0.6142223541372531,0.3657015503825132,0.5860047791855053,0.4200160525234062,0.6114252531589937
natural_proteins,ppluGFP_to_cgreGFP,aubin_1_10_1,44,iterative_fancy,1,96,4904,0.9396333965063681,0.969346891729874,-0.5797954460204984,0.23849679668932017,0.16616959764785752,0.32020145538951605
natural_proteins,ppluGFP_to_cgreGFP,aubin_1_10_1,44,iterative_fancy,2,192,4904,0.6953117187984331,0.8338535355795004,-0.1690200571910021,0.30470982018491777,0.21307206100260037,0.30357245740255734
natural_proteins,ppluGFP_to_cgreGFP,aubin_1_10_1,44,iterative_fancy,3,288,4904,0.5601209624356529,0.748412294417758,0.05827469631613291,0.29828577326470057,0.2078726083653531,0.3352952895733647
natural_proteins,ppluGFP_to_cgreGFP,aubin_1_10_1,44,iterative_fancy,4,384,4904,0.5659848866457098,0.7523196705162705,0.04841574409359495,0.36337571494246784,0.25484301285200034,0.38196458977742503
natural_proteins,ppluGFP_to_cgreGFP,aubin_1_10_1,44,iterative_fancy,5,480,4904,0.5173540366319839,0.7192732697883217,0.13017826517196252,0.36931246619820235,0.25871292089751796,0.4140860127264233
natural_proteins,ppluGFP_to_cgreGFP,aubin_1_10_1,44,iterative_fancy,6,576,4904,0.5238502950224594,0.7237750306707599,0.11925617634497598,0.40041004628584836,0.2808733070842609,0.4393444052645603
natural_proteins,ppluGFP_to_cgreGFP,aubin_1_10_1,44,iterative_fancy,7,672,4904,0.5152476797801727,0.7178075506569799,0.13371966011871284,0.4319565454539475,0.30456925104920046,0.4554630304385226
natural_proteins,ppluGFP_to_cgreGFP,aubin_1_10_1,44,iterative_fancy,8,768,4904,0.4443695103184758,0.6666104637031104,0.2528863582737405,0.48919458620503425,0.3482216980664762,0.5221933412824674
natural_proteins,ppluGFP_to_cgreGFP,aubin_1_10_1,44,iterative_fancy,9,864,4904,0.8106800208328896,0.9003777100933195,-0.36298753306702225,0.46242741999352294,0.32800461660150415,0.4092465703261712
natural_proteins,ppluGFP_to_cgreGFP,aubin_1_10_1,44,iterative_fancy,10,960,4904,0.5053942406836658,0.710910852838572,0.1502861404824154,0.5303512095800131,0.3792849369525655,0.5548729921273734
natural_proteins,ppluGFP_to_cgreGFP,aubin_1_10_1,44,iterative_random,1,96,4904,0.5275918272313735,0.7263551660388832,0.11296557879197444,0.33857697170927,0.24051333087870605,0.37660580933117704
natural_proteins,ppluGFP_to_cgreGFP,aubin_1_10_1,44,iterative_random,2,192,4904,0.5149664046588593,0.7176115973553238,0.13419256493178333,0.38091440280614375,0.2692487419566339,0.4139975111219586
natural_proteins,ppluGFP_to_cgreGFP,aubin_1_10_1,44,iterative_random,3,288,4904,0.49968385897456585,0.7068832003765303,0.1598869433621518,0.42668278143987015,0.3018844124129609,0.44915665287576095
natural_proteins,ppluGFP_to_cgreGFP,aubin_1_10_1,44,iterative_random,4,384,4904,0.4854820022367206,0.696765385360611,0.18376437117910938,0.4508411323427376,0.32026629470644086,0.4711743348482937
natural_proteins,ppluGFP_to_cgreGFP,aubin_1_10_1,44,iterative_random,5,480,4904,0.47567238217583324,0.689690062401825,0.20025717907312524,0.48347720961005336,0.3437576181016074,0.5176013651429885
natural_proteins,ppluGFP_to_cgreGFP,aubin_1_10_1,44,iterative_random,6,576,4904,0.43880964541388684,0.6624270868660843,0.26223409888131843,0.5039187696518749,0.3585746181917401,0.5410497726758292
natural_proteins,ppluGFP_to_cgreGFP,aubin_1_10_1,44,iterative_random,7,672,4904,0.459412064604646,0.6777994280055465,0.22759547478006648,0.5199084581604346,0.3707441452842641,0.5494995589857026
natural_proteins,ppluGFP_to_cgreGFP,aubin_1_10_1,44,iterative_random,8,768,4904,0.4363095208373106,0.6605372970826936,0.2664375312361542,0.5412956784182805,0.38584980117946427,0.5652705783523934
natural_proteins,ppluGFP_to_cgreGFP,aubin_1_10_1,44,iterative_random,9,864,4904,0.39688365662022934,0.6299870289301434,0.33272380945609326,0.5509111326581507,0.3924684201363842,0.5907238109285912
natural_proteins,ppluGFP_to_cgreGFP,aubin_1_10_1,44,iterative_random,10,960,4904,0.4291633894297505,0.6551056322683774,0.2784522445235942,0.5451893145315734,0.38868844681985576,0.5862308380107759
natural_proteins,ppluGFP_to_cgreGFP,aubin_1_10_1,45,source_only,0,0,4904,0.7483673372783638,0.8650822719709171,-0.2582218935370004,-0.19868365497970641,-0.1407382143971334,-0.2546959817044807
natural_proteins,ppluGFP_to_cgreGFP,aubin_1_10_1,45,oneshot_fancy,1,960,4904,0.7087692332485713,0.8418843348397518,-0.1916460303866443,0.2350662462206048,0.16497367919136655,0.31046545032831746
natural_proteins,ppluGFP_to_cgreGFP,aubin_1_10_1,45,oneshot_random,1,960,4904,0.4039176976973078,0.6355451972104799,0.32089755242648343,0.5783766577342344,0.41402746246975203,0.5932689660673929
natural_proteins,ppluGFP_to_cgreGFP,aubin_1_10_1,45,iterative_fancy,1,96,4904,2.323140500692036,1.5241851923870786,-2.9058709461634016,0.20819070260701567,0.1454894369989817,0.3083358738802114
natural_proteins,ppluGFP_to_cgreGFP,aubin_1_10_1,45,iterative_fancy,2,192,4904,0.6950412340390792,0.8336913301930633,-0.16856529409655074,0.3001901599262886,0.21002107964450695,0.3221389676901605
natural_proteins,ppluGFP_to_cgreGFP,aubin_1_10_1,45,iterative_fancy,3,288,4904,0.5876047857381304,0.7665538374687915,0.012066442060887583,0.28743658743240047,0.20030744746303167,0.3106412079934964
natural_proteins,ppluGFP_to_cgreGFP,aubin_1_10_1,45,iterative_fancy,4,384,4904,0.4961545958255142,0.7043824215761735,0.16582065524532885,0.4020588509184651,0.2831133731321476,0.43121349930787833
natural_proteins,ppluGFP_to_cgreGFP,aubin_1_10_1,45,iterative_fancy,5,480,4904,0.5401467891750525,0.7349467934313698,0.09185705734379024,0.4365708276742829,0.3082877760905654,0.4653227497442135
natural_proteins,ppluGFP_to_cgreGFP,aubin_1_10_1,45,iterative_fancy,6,576,4904,0.4561723106924151,0.6754052936514602,0.23304243792100976,0.4664786318559349,0.32920140862792385,0.49973000758922687
natural_proteins,ppluGFP_to_cgreGFP,aubin_1_10_1,45,iterative_fancy,7,672,4904,0.8879429229087861,0.9423072338196211,-0.4928888129700739,0.419181131301024,0.2951214822414255,0.43397955796045595
natural_proteins,ppluGFP_to_cgreGFP,aubin_1_10_1,45,iterative_fancy,8,768,4904,0.45787575267090086,0.6766651702806203,0.230178459384085,0.468321937142175,0.33163215977809934,0.4945813854762316
natural_proteins,ppluGFP_to_cgreGFP,aubin_1_10_1,45,iterative_fancy,9,864,4904,0.4490528816743825,0.6701140810894683,0.24501225677033145,0.5206386908295303,0.3709012996172163,0.5387169534022263
natural_proteins,ppluGFP_to_cgreGFP,aubin_1_10_1,45,iterative_fancy,10,960,4904,0.4385097991104308,0.6622007241844657,0.2627382272216554,0.5271606720754625,0.37619543107304826,0.5461717532640478
natural_proteins,ppluGFP_to_cgreGFP,aubin_1_10_1,45,iterative_random,1,96,4904,0.8671508961356397,0.9312093728778935,-0.4579314036954767,0.2851303240747153,0.1996124180349584,0.3558744503726529
natural_proteins,ppluGFP_to_cgreGFP,aubin_1_10_1,45,iterative_random,2,192,4904,0.528591181111974,0.7270427642938028,0.11128537594328303,0.3719321048852938,0.2628263676069259,0.3941990597237733
natural_proteins,ppluGFP_to_cgreGFP,aubin_1_10_1,45,iterative_random,3,288,4904,0.5090168415587875,0.7134541621987971,0.1441955008919693,0.4255746306869042,0.3014232979874605,0.44516633386149035
natural_proteins,ppluGFP_to_cgreGFP,aubin_1_10_1,45,iterative_random,4,384,4904,0.5499819389336735,0.7416076718411653,0.07532132664565971,0.4520902323330679,0.3213040385098678,0.45069054262325614
natural_proteins,ppluGFP_to_cgreGFP,aubin_1_10_1,45,iterative_random,5,480,4904,0.5943550907296513,0.7709442851008439,0.0007172274368604237,0.44850324433597427,0.3175745182985409,0.4508248215230204
natural_proteins,ppluGFP_to_cgreGFP,aubin_1_10_1,45,iterative_random,6,576,4904,0.44848545784139765,0.6696905687266304,0.2459662603111229,0.5181497195067565,0.37038724937462064,0.537365327687831
natural_proteins,ppluGFP_to_cgreGFP,aubin_1_10_1,45,iterative_random,7,672,4904,0.4331801384465141,0.6581642184489477,0.2716989279342903,0.5369647477239741,0.3837276315236133,0.5495840110921626
natural_proteins,ppluGFP_to_cgreGFP,aubin_1_10_1,45,iterative_random,8,768,4904,0.5039744134754474,0.7099115532764961,0.15267328057983987,0.5583930384508115,0.40127998820568406,0.5761447878793301
natural_proteins,ppluGFP_to_cgreGFP,aubin_1_10_1,45,iterative_random,9,864,4904,0.4127900752275011,0.642487412505102,0.3059805202417094,0.56852822267197,0.4091401831532936,0.5903127288314334
natural_proteins,ppluGFP_to_cgreGFP,aubin_1_10_1,45,iterative_random,10,960,4904,0.5947293802146394,0.7711869943241,8.793858221145534e-05,0.5887290613545962,0.42414413191479167,0.6018954229392524
natural_proteins,ppluGFP_to_cgreGFP,aubin_1_10_1,46,source_only,0,0,4904,1.2837232436124826,1.133015111819998,-1.1583099767952092,-0.17810481877868412,-0.12618104802877125,-0.19643166164519799
natural_proteins,ppluGFP_to_cgreGFP,aubin_1_10_1,46,oneshot_fancy,1,960,4904,0.6665713628759335,0.8164382174273407,-0.12069920825971847,0.20738196357635696,0.1447281530774268,0.28315517047867833
natural_proteins,ppluGFP_to_cgreGFP,aubin_1_10_1,46,oneshot_random,1,960,4904,0.4134588960799175,0.6430076951949467,0.3048560389910647,0.5956608666283857,0.42839842234451886,0.6197378942390812
natural_proteins,ppluGFP_to_cgreGFP,aubin_1_10_1,46,iterative_fancy,1,96,4904,0.9008022897887301,0.9491060477042226,-0.5145091271385314,0.2949444583673197,0.20773887423757104,0.3264390135555444
natural_proteins,ppluGFP_to_cgreGFP,aubin_1_10_1,46,iterative_fancy,2,192,4904,0.6381459486746537,0.7988403774688994,-0.07290786743105748,0.2995280168781394,0.20854640018180207,0.3535986596939633
natural_proteins,ppluGFP_to_cgreGFP,aubin_1_10_1,46,iterative_fancy,3,288,4904,0.7505946523867729,0.8663686584744239,-0.2619666542896515,0.35994074727826947,0.2517233223019672,0.3877342792208815
natural_proteins,ppluGFP_to_cgreGFP,aubin_1_10_1,46,iterative_fancy,4,384,4904,0.5050513202333976,0.710669628050473,0.15086268891896026,0.36730326496259397,0.25771411788428805,0.40488485229002946
natural_proteins,ppluGFP_to_cgreGFP,aubin_1_10_1,46,iterative_fancy,5,480,4904,0.5591040414733379,0.7477326002478011,0.05998443450892288,0.36272857923571517,0.2534607722979176,0.3824769215323205
natural_proteins,ppluGFP_to_cgreGFP,aubin_1_10_1,46,iterative_fancy,6,576,4904,0.5073652807281849,0.7122957817705963,0.14697225221723376,0.3807398963283625,0.26678545654652486,0.4268489765550415
natural_proteins,ppluGFP_to_cgreGFP,aubin_1_10_1,46,iterative_fancy,7,672,4904,0.5722463426116554,0.7564696574295994,0.037888426038237055,0.43130586987950864,0.3041007531507538,0.45121453414384
natural_proteins,ppluGFP_to_cgreGFP,aubin_1_10_1,46,iterative_fancy,8,768,4904,0.5427985224369037,0.7367486154971068,0.08739872694950102,0.4274507478086908,0.29983256192452057,0.4532212286374645
natural_proteins,ppluGFP_to_cgreGFP,aubin_1_10_1,46,iterative_fancy,9,864,4904,0.45674132433918685,0.6758264010374164,0.23208576144352844,0.46929077999555896,0.3306322199872728,0.5016412288369096
natural_proteins,ppluGFP_to_cgreGFP,aubin_1_10_1,46,iterative_fancy,10,960,4904,0.43577653131543365,0.6601337222983186,0.2673336407428709,0.4890166475839808,0.3460697279485209,0.5293882972935491
natural_proteins,ppluGFP_to_cgreGFP,aubin_1_10_1,46,iterative_random,1,96,4904,0.5373667591863569,0.7330530398179635,0.09653109163447327,0.34295511130590856,0.2428237795388956,0.3785839455477541
natural_proteins,ppluGFP_to_cgreGFP,aubin_1_10_1,46,iterative_random,2,192,4904,0.5486284054500925,0.7406945426085523,0.07759700782232715,0.38184663434004157,0.2697067456614709,0.40077764492565443
natural_proteins,ppluGFP_to_cgreGFP,aubin_1_10_1,46,iterative_random,3,288,4904,0.5563532731470932,0.7458909257707143,0.06460927148365836,0.41075761388822096,0.2912870310546345,0.4540059026968526
natural_proteins,ppluGFP_to_cgreGFP,aubin_1_10_1,46,iterative_random,4,384,4904,0.5311603518770076,0.7288074861559859,0.1069658569801003,0.42631356596622333,0.3012557333258906,0.4518191788746941
natural_proteins,ppluGFP_to_cgreGFP,aubin_1_10_1,46,iterative_random,5,480,4904,0.47976115073923065,0.6926479269724487,0.1933827768005968,0.457563410878964,0.3245301505304369,0.478608487102987
natural_proteins,ppluGFP_to_cgreGFP,aubin_1_10_1,46,iterative_random,6,576,4904,0.4468533334158827,0.6684708919735269,0.2487103334191607,0.4852938254242973,0.3446560964396585,0.5146476529394036
natural_proteins,ppluGFP_to_cgreGFP,aubin_1_10_1,46,iterative_random,7,672,4904,0.4807809470553515,0.6933836939641367,0.19166820430661535,0.5207449311659896,0.3698291164245388,0.5535507571332975
natural_proteins,ppluGFP_to_cgreGFP,aubin_1_10_1,46,iterative_random,8,768,4904,0.41381030276605524,0.643280889476794,0.3042652227381244,0.528926817773218,0.37522727594331406,0.566058709718507
natural_proteins,ppluGFP_to_cgreGFP,aubin_1_10_1,46,iterative_random,9,864,4904,0.39078269047694647,0.6251261396525876,0.3429812977119593,0.5744912039529556,0.40982730691978375,0.5961093460728001
natural_proteins,ppluGFP_to_cgreGFP,aubin_1_10_1,46,iterative_random,10,960,4904,0.3880197945369241,0.6229123490001817,0.3476265247123028,0.6027630262565231,0.43252106907394566,0.6306895872370182
natural_proteins,ppluGFP_to_cgreGFP,aubin_linear,42,source_only,0,0,4904,47.71335002121989,6.9074850720953345,-79.21993828461629,0.1726182561367758,0.1221741065364616,0.25966249814560494
natural_proteins,ppluGFP_to_cgreGFP,aubin_linear,42,oneshot_fancy,1,960,4904,0.4863396243481219,0.6973805448592052,0.182322460417917,0.5340544055759906,0.3828923445285208,0.5322412484580339
natural_proteins,ppluGFP_to_cgreGFP,aubin_linear,42,oneshot_random,1,960,4904,0.4590114659327288,0.6775038493859122,0.2282689969855668,0.5311373129025454,0.3785650606503982,0.5367948528429477
natural_proteins,ppluGFP_to_cgreGFP,aubin_linear,42,iterative_fancy,1,96,4904,0.5512721238012281,0.742477019039127,0.0731521528105602,0.30060293644879077,0.21007086813121992,0.34758110252448227
natural_proteins,ppluGFP_to_cgreGFP,aubin_linear,42,iterative_fancy,2,192,4904,0.6498374892508822,0.8061249836414216,-0.09256472789170478,0.31292815956081665,0.21846860145441216,0.3569935667936238
natural_proteins,ppluGFP_to_cgreGFP,aubin_linear,42,iterative_fancy,3,288,4904,0.6444384214706484,0.8027692205551036,-0.08348733374662376,0.33285607004082146,0.23329030266090894,0.37439774639380596
natural_proteins,ppluGFP_to_cgreGFP,aubin_linear,42,iterative_fancy,4,384,4904,0.5920559016794663,0.7694516889834386,0.004582829068866756,0.34259659280823807,0.2402007153329864,0.3807215853501273
natural_proteins,ppluGFP_to_cgreGFP,aubin_linear,42,iterative_fancy,5,480,4904,0.6388565180924357,0.7992850042959868,-0.0741025400921902,0.33954642019460585,0.2394741359736857,0.36681477697549647
natural_proteins,ppluGFP_to_cgreGFP,aubin_linear,42,iterative_fancy,6,576,4904,0.5661608698303768,0.7524366218030438,0.04811986547247871,0.3516937403618137,0.24780589680831797,0.3835404657457424
natural_proteins,ppluGFP_to_cgreGFP,aubin_linear,42,iterative_fancy,7,672,4904,0.5553020022069017,0.7451858843314879,0.06637676192197517,0.36701609150072917,0.2591671991831086,0.3924311380771701
natural_proteins,ppluGFP_to_cgreGFP,aubin_linear,42,iterative_fancy,8,768,4904,0.5152714503103988,0.7178241081981008,0.133679694983863,0.38625289713301864,0.27276558114537786,0.40834777237191744
natural_proteins,ppluGFP_to_cgreGFP,aubin_linear,42,iterative_fancy,9,864,4904,0.5583403805162259,0.7472217746534331,0.061268369399737566,0.3969617677316071,0.27979569754913686,0.4178971747972215
natural_proteins,ppluGFP_to_cgreGFP,aubin_linear,42,iterative_fancy,10,960,4904,0.5985875418506755,0.773684394214253,-0.0063987467626080985,0.4056012871479341,0.2854316593974934,0.42761065338979365
natural_proteins,ppluGFP_to_cgreGFP,aubin_linear,42,iterative_random,1,96,4904,0.6005611212163154,0.7749587867856687,-0.009716904360869805,0.314852114111617,0.22230049258966797,0.34993742831918395
natural_proteins,ppluGFP_to_cgreGFP,aubin_linear,42,iterative_random,2,192,4904,0.623603721477015,0.7896858372017412,-0.04845817844890399,0.3517309784285526,0.24828389618681548,0.3738808473395458
natural_proteins,ppluGFP_to_cgreGFP,aubin_linear,42,iterative_random,3,288,4904,0.5776486648894525,0.7600320157002944,0.028805560141674458,0.370285820524827,0.261603892274205,0.3881476027519942
natural_proteins,ppluGFP_to_cgreGFP,aubin_linear,42,iterative_random,4,384,4904,0.5971886534156903,0.772779822081096,-0.004046810797690981,0.4068551591292221,0.2874789996346359,0.420395256794707
natural_proteins,ppluGFP_to_cgreGFP,aubin_linear,42,iterative_random,5,480,4904,0.5871163423378912,0.7662351743021794,0.012887656656074942,0.44243345048531996,0.3139943965883394,0.4548253621309446
natural_proteins,ppluGFP_to_cgreGFP,aubin_linear,42,iterative_random,6,576,4904,0.49509025609081736,0.7036265032606556,0.16761011810621107,0.45486695625111656,0.3237405495937,0.4667368618046977
natural_proteins,ppluGFP_to_cgreGFP,aubin_linear,42,iterative_random,7,672,4904,0.5500674357774279,0.7416653125078911,0.07517758172885025,0.4801731771704917,0.3420237091436171,0.4867377852652992
natural_proteins,ppluGFP_to_cgreGFP,aubin_linear,42,iterative_random,8,768,4904,0.4913832590320041,0.7009873458429932,0.17384265208563188,0.49218069481317595,0.3509648192875621,0.5007566405586784
natural_proteins,ppluGFP_to_cgreGFP,aubin_linear,42,iterative_random,9,864,4904,0.46103911236364475,0.6789986099865336,0.2248599370164227,0.5130902441549787,0.3662946487287962,0.5193224040321724
natural_proteins,ppluGFP_to_cgreGFP,aubin_linear,42,iterative_random,10,960,4904,0.4687212802041338,0.6846322225867942,0.211943991483736,0.5208592335388499,0.3721141483372151,0.5295182377778376
natural_proteins,ppluGFP_to_cgreGFP,aubin_linear,43,source_only,0,0,4904,47.29402148551969,6.877064888854815,-78.51492576212755,0.16253797988539725,0.11392339368251106,0.258880834622724
natural_proteins,ppluGFP_to_cgreGFP,aubin_linear,43,oneshot_fancy,1,960,4904,0.5018739089732528,0.7084305957348629,0.1562048360346061,0.47371543113205156,0.33612875253008184,0.4803033558878449
natural_proteins,ppluGFP_to_cgreGFP,aubin_linear,43,oneshot_random,1,960,4904,0.43121746294964514,0.6566715030741361,0.27499875297616094,0.5714361402457048,0.4058483525812881,0.5652797969573464
natural_proteins,ppluGFP_to_cgreGFP,aubin_linear,43,iterative_fancy,1,96,4904,0.6831508227007437,0.8265293840516159,-0.14857407437888748,0.2854435329627868,0.20108671125083244,0.3311212792152585
natural_proteins,ppluGFP_to_cgreGFP,aubin_linear,43,iterative_fancy,2,192,4904,0.573597907320258,0.7573624675941223,0.035616054941603914,0.3188396744173992,0.2255295980976382,0.34498892058373903
natural_proteins,ppluGFP_to_cgreGFP,aubin_linear,43,iterative_fancy,3,288,4904,0.6423011981147043,0.8014369582909839,-0.07989404328099892,0.28720872942322984,0.202227647276909,0.3319726816133657
natural_proteins,ppluGFP_to_cgreGFP,aubin_linear,43,iterative_fancy,4,384,4904,0.7047968032776134,0.8395217705799018,-0.18496722692873413,0.3173104521900687,0.22351128189218744,0.35951525529009987
natural_proteins,ppluGFP_to_cgreGFP,aubin_linear,43,iterative_fancy,5,480,4904,0.818970977464065,0.9049701528028784,-0.37692702859558036,0.30214096858076395,0.2125661804926348,0.34404340032497316
natural_proteins,ppluGFP_to_cgreGFP,aubin_linear,43,iterative_fancy,6,576,4904,0.7110762072032326,0.8432533469860838,-0.19552472069417548,0.29533582195047164,0.2066723061912503,0.3396934988628111
natural_proteins,ppluGFP_to_cgreGFP,aubin_linear,43,iterative_fancy,7,672,4904,0.5536935636960523,0.7441058820464009,0.06908101215838813,0.3279435956273953,0.23012997310873423,0.3708324788195806
natural_proteins,ppluGFP_to_cgreGFP,aubin_linear,43,iterative_fancy,8,768,4904,0.5636174649979188,0.7507446070388509,0.05239606445246736,0.34613295666603267,0.2427639405502718,0.38399672736434864
natural_proteins,ppluGFP_to_cgreGFP,aubin_linear,43,iterative_fancy,9,864,4904,0.9458785649972222,0.9725628848548675,-0.5902953801205049,0.36718469407630416,0.2580581910204705,0.4015035974558401
natural_proteins,ppluGFP_to_cgreGFP,aubin_linear,43,iterative_fancy,10,960,4904,0.7113239891308074,0.8434002544052305,-0.1959413137636048,0.3616454783575064,0.25388524398941525,0.3970936979378821
natural_proteins,ppluGFP_to_cgreGFP,aubin_linear,43,iterative_random,1,96,4904,0.568205620729022,0.7537941501026802,0.04468204794711561,0.3001831257473622,0.21160069775993492,0.34072122963888013
natural_proteins,ppluGFP_to_cgreGFP,aubin_linear,43,iterative_random,2,192,4904,0.5626482251705245,0.7500988102713698,0.05402563686987216,0.3401830571552189,0.23997722029821242,0.36911111483493214
natural_proteins,ppluGFP_to_cgreGFP,aubin_linear,43,iterative_random,3,288,4904,0.5557454209662299,0.7454833472091982,0.0656312467675847,0.391034152540936,0.2765385261518435,0.4082653940272073
natural_proteins,ppluGFP_to_cgreGFP,aubin_linear,43,iterative_random,4,384,4904,0.6239589364329797,0.7899107142158408,-0.049055397504631504,0.4189473387484513,0.2970626748882571,0.4360908657873584
natural_proteins,ppluGFP_to_cgreGFP,aubin_linear,43,iterative_random,5,480,4904,0.5006783025351149,0.7075862509511578,0.15821499618134605,0.45232039404389196,0.3213811721175213,0.46799478937192335
natural_proteins,ppluGFP_to_cgreGFP,aubin_linear,43,iterative_random,6,576,4904,0.49209747054593606,0.7014965933958169,0.17264185600771442,0.47407636422516997,0.3367780281063512,0.48773171187425707
natural_proteins,ppluGFP_to_cgreGFP,aubin_linear,43,iterative_random,7,672,4904,0.5085689378056267,0.7131401950567832,0.14494855661788297,0.5052065827360985,0.3574789851432591,0.5151229945945031
natural_proteins,ppluGFP_to_cgreGFP,aubin_linear,43,iterative_random,8,768,4904,0.45324135661405884,0.6732320228673461,0.23797021924795947,0.5339208802284073,0.3795313951805943,0.5353070096926018
natural_proteins,ppluGFP_to_cgreGFP,aubin_linear,43,iterative_random,9,864,4904,0.4600519546434533,0.6782712987024095,0.22651963459279756,0.5525687860149858,0.3945739346460296,0.5506531247419372
natural_proteins,ppluGFP_to_cgreGFP,aubin_linear,43,iterative_random,10,960,4904,0.4419028352926125,0.664757726764129,0.25703355226148106,0.5637888326638753,0.40224209568861663,0.5593600990583449
natural_proteins,ppluGFP_to_cgreGFP,aubin_linear,44,source_only,0,0,4904,46.37634650551285,6.81001809876544,-76.97204876378754,0.1897220735645529,0.13502639107056943,0.26694370678913354
natural_proteins,ppluGFP_to_cgreGFP,aubin_linear,44,oneshot_fancy,1,960,4904,0.4545194519728984,0.6741805781635202,0.23582137137283932,0.4942771781147437,0.35281285742731316,0.5050973152109581
natural_proteins,ppluGFP_to_cgreGFP,aubin_linear,44,oneshot_random,1,960,4904,0.47422835629899984,0.688642400886701,0.2026850041298326,0.5739860667445542,0.41026939491866055,0.5674565923116426
natural_proteins,ppluGFP_to_cgreGFP,aubin_linear,44,iterative_fancy,1,96,4904,0.6478920482773747,0.8049174170543054,-0.089293879067178,0.2650352150241955,0.18713838804163263,0.3186272037075528
natural_proteins,ppluGFP_to_cgreGFP,aubin_linear,44,iterative_fancy,2,192,4904,0.5873915444021337,0.7664147339411826,0.012424962408039253,0.25322832391917327,0.17722577832782863,0.3079113488558079
natural_proteins,ppluGFP_to_cgreGFP,aubin_linear,44,iterative_fancy,3,288,4904,0.5587657228066014,0.7475063362986306,0.060553246016688766,0.2872742167859636,0.20123514098691975,0.3381943212772392
natural_proteins,ppluGFP_to_cgreGFP,aubin_linear,44,iterative_fancy,4,384,4904,0.7040782357699787,0.8390936990408037,-0.18375910716581356,0.2891026843742256,0.20225603037602674,0.3338772929660583
natural_proteins,ppluGFP_to_cgreGFP,aubin_linear,44,iterative_fancy,5,480,4904,0.5761363794688417,0.7590364809868111,0.03134814922955398,0.29712164697212523,0.20830593632863217,0.3417144122135722
natural_proteins,ppluGFP_to_cgreGFP,aubin_linear,44,iterative_fancy,6,576,4904,0.8009262801398955,0.894944847540839,-0.34658867454863773,0.29402053739137296,0.20548366341196406,0.3401399541103624
natural_proteins,ppluGFP_to_cgreGFP,aubin_linear,44,iterative_fancy,7,672,4904,0.9859255223071127,0.992937823988548,-0.6576258954261232,0.3314408055631988,0.23214803390704136,0.36820435264690404
natural_proteins,ppluGFP_to_cgreGFP,aubin_linear,44,iterative_fancy,8,768,4904,0.7165848615099429,0.8465133557776527,-0.20478636147854834,0.34300152572896137,0.240448651356402,0.38238533354743687
natural_proteins,ppluGFP_to_cgreGFP,aubin_linear,44,iterative_fancy,9,864,4904,0.5874261769236107,0.7664373274597283,0.01236673512501918,0.3491853053675362,0.24503349528828952,0.38533223081260864
natural_proteins,ppluGFP_to_cgreGFP,aubin_linear,44,iterative_fancy,10,960,4904,1.1587671095638987,1.076460454249899,-0.9482225828645039,0.35008938059255756,0.24605155039725998,0.38262888343394036
natural_proteins,ppluGFP_to_cgreGFP,aubin_linear,44,iterative_random,1,96,4904,0.5511879110145914,0.742420306170697,0.07329373885605417,0.34560286651372957,0.24606309416935437,0.3725140175931885
natural_proteins,ppluGFP_to_cgreGFP,aubin_linear,44,iterative_random,2,192,4904,0.5404975851644447,0.7351854086993598,0.09126726784866956,0.37763087226822395,0.26713901110289373,0.4033001175932734
natural_proteins,ppluGFP_to_cgreGFP,aubin_linear,44,iterative_random,3,288,4904,0.5104702461802146,0.7144720051760003,0.1417519074536211,0.42240783722982134,0.29843151594122197,0.43605578583453086
natural_proteins,ppluGFP_to_cgreGFP,aubin_linear,44,iterative_random,4,384,4904,0.5224853089596402,0.72283145266351,0.12155111261899632,0.432091547672969,0.30630386410977856,0.4509559576618065
natural_proteins,ppluGFP_to_cgreGFP,aubin_linear,44,iterative_random,5,480,4904,0.6939827237758095,0.833056254868667,-0.16678563226280052,0.47133243657596097,0.33481607984653655,0.48169429461228763
natural_proteins,ppluGFP_to_cgreGFP,aubin_linear,44,iterative_random,6,576,4904,0.5597454816614902,0.7481614008096716,0.05890598807236036,0.5054156833687578,0.3593521317146447,0.5080538810591297
natural_proteins,ppluGFP_to_cgreGFP,aubin_linear,44,iterative_random,7,672,4904,0.727396752465184,0.852875578537212,-0.22296427656486495,0.50969007972999,0.3626554893837337,0.5113589571007779
natural_proteins,ppluGFP_to_cgreGFP,aubin_linear,44,iterative_random,8,768,4904,0.48300863263697424,0.6949882248189347,0.18792282068136512,0.5368547648437089,0.3823174101921509,0.5372302504589583
natural_proteins,ppluGFP_to_cgreGFP,aubin_linear,44,iterative_random,9,864,4904,0.4705409018638824,0.685959839833122,0.2088846813078319,0.5450318715834342,0.3876727203157729,0.5467822222216006
natural_proteins,ppluGFP_to_cgreGFP,aubin_linear,44,iterative_random,10,960,4904,0.4524985165953277,0.6726800997467725,0.23921914812072675,0.5324571948591013,0.37883321565572786,0.5388594356664278
natural_proteins,ppluGFP_to_cgreGFP,aubin_linear,45,source_only,0,0,4904,49.8354329568522,7.059421573815535,-82.78777332565936,0.19244731376645952,0.13632069314144024,0.2643493166385006
natural_proteins,ppluGFP_to_cgreGFP,aubin_linear,45,oneshot_fancy,1,960,4904,0.4984929976025149,0.7060403654200763,0.16188912568070568,0.501233464537492,0.35747563359972256,0.49902988840390794
natural_proteins,ppluGFP_to_cgreGFP,aubin_linear,45,oneshot_random,1,960,4904,0.44596931377289845,0.6678093393872974,0.2501966260641133,0.5609826288792457,0.39970896289384594,0.5603858232665344
natural_proteins,ppluGFP_to_cgreGFP,aubin_linear,45,iterative_fancy,1,96,4904,0.5669797053152934,0.7529805477668685,0.046743166246034695,0.27914109278270777,0.19573395948752126,0.3271731013019146
natural_proteins,ppluGFP_to_cgreGFP,aubin_linear,45,iterative_fancy,2,192,4904,0.5675483661693997,0.7533580597361389,0.0457870829150383,0.3018640680657639,0.21159452386317637,0.33677246077907796
natural_proteins,ppluGFP_to_cgreGFP,aubin_linear,45,iterative_fancy,3,288,4904,0.601198200644195,0.775369718678899,-0.010788019098446844,0.33717265198838514,0.23657265961573068,0.36435940218189056
natural_proteins,ppluGFP_to_cgreGFP,aubin_linear,45,iterative_fancy,4,384,4904,0.5629115421976745,0.7502743113006566,0.053582924805892884,0.34281537993948785,0.24062134405422653,0.36911166710962534
natural_proteins,ppluGFP_to_cgreGFP,aubin_linear,45,iterative_fancy,5,480,4904,0.5602952210695377,0.7485287042388806,0.05798171716355649,0.3661117305329505,0.25886961738409947,0.3882759495220316
natural_proteins,ppluGFP_to_cgreGFP,aubin_linear,45,iterative_fancy,6,576,4904,0.5776886971103047,0.7600583511220074,0.02873825440261557,0.3662968045851992,0.25923377828253413,0.39160184189001
natural_proteins,ppluGFP_to_cgreGFP,aubin_linear,45,iterative_fancy,7,672,4904,0.5392322878943844,0.7343243751193231,0.09339459843582798,0.38743912579631234,0.2745567053747739,0.4069830680438268
natural_proteins,ppluGFP_to_cgreGFP,aubin_linear,45,iterative_fancy,8,768,4904,0.5503418196623626,0.7418502676836901,0.07471626307681734,0.3907567948532651,0.2766034402636336,0.40952775613705134
natural_proteins,ppluGFP_to_cgreGFP,aubin_linear,45,iterative_fancy,9,864,4904,0.5443784921876899,0.7378200947302058,0.08474234093084465,0.4052261965628222,0.2877378219429884,0.42695487608846366
natural_proteins,ppluGFP_to_cgreGFP,aubin_linear,45,iterative_fancy,10,960,4904,0.6345203860319637,0.7965678791113558,-0.06681224825289744,0.3936004938890819,0.2803319445595767,0.4160436085330852
natural_proteins,ppluGFP_to_cgreGFP,aubin_linear,45,iterative_random,1,96,4904,0.613548018362822,0.7832930603310756,-0.03155163378435577,0.3036369295240817,0.21414155649615166,0.347846495895049
natural_proteins,ppluGFP_to_cgreGFP,aubin_linear,45,iterative_random,2,192,4904,0.5956859922954273,0.7718069656950676,-0.0015204029416806542,0.37466972934202547,0.2653501909113276,0.39914697281369116
natural_proteins,ppluGFP_to_cgreGFP,aubin_linear,45,iterative_random,3,288,4904,0.5646569549493746,0.7514365940978485,0.050648381262832,0.43233120452780005,0.3070044122265433,0.4464944480551547
natural_proteins,ppluGFP_to_cgreGFP,aubin_linear,45,iterative_random,4,384,4904,0.5218954798880621,0.722423338415961,0.12254278584461187,0.44219349262512186,0.31364321617928803,0.4568403307731934
natural_proteins,ppluGFP_to_cgreGFP,aubin_linear,45,iterative_random,5,480,4904,0.5507252627982908,0.7421086596976826,0.07407158428804783,0.4760336890512193,0.33836389757558194,0.48089625923634133
natural_proteins,ppluGFP_to_cgreGFP,aubin_linear,45,iterative_random,6,576,4904,0.5097510021388245,0.7139684881973605,0.14296116466541253,0.5131730434169454,0.3668253697669119,0.5119561084948594
natural_proteins,ppluGFP_to_cgreGFP,aubin_linear,45,iterative_random,7,672,4904,0.47708348644166515,0.6907123036703958,0.19788470476419806,0.5305831200048292,0.38034024803617955,0.5226198383142093
natural_proteins,ppluGFP_to_cgreGFP,aubin_linear,45,iterative_random,8,768,4904,0.48862335648093397,0.6990159915773987,0.1784828463335716,0.546844849370257,0.3921203560818583,0.5417651030925534
natural_proteins,ppluGFP_to_cgreGFP,aubin_linear,45,iterative_random,9,864,4904,0.44817790674248864,0.6694609075535991,0.24648334264055216,0.5585687230589237,0.4019107506002775,0.5513652713257253
natural_proteins,ppluGFP_to_cgreGFP,aubin_linear,45,iterative_random,10,960,4904,0.43065610288984124,0.6562439355070957,0.27594256156082086,0.5813858146228917,0.41891297198629474,0.5692662072900359
natural_proteins,ppluGFP_to_cgreGFP,aubin_linear,46,source_only,0,0,4904,38.43295471685681,6.1994318059687386,-63.6169102381313,0.1998755103437918,0.1415493837498634,0.27184379732125835
natural_proteins,ppluGFP_to_cgreGFP,aubin_linear,46,oneshot_fancy,1,960,4904,0.48822314435374614,0.6987296647157226,0.17915571864560764,0.4797226116408158,0.3423736523836307,0.4878471814347437
natural_proteins,ppluGFP_to_cgreGFP,aubin_linear,46,oneshot_random,1,960,4904,0.42313722450597646,0.650489988013633,0.288583970299778,0.5810264189390287,0.41635699625710343,0.5725257087617495
natural_proteins,ppluGFP_to_cgreGFP,aubin_linear,46,iterative_fancy,1,96,4904,0.7389821650532485,0.8596407185872762,-0.2424427051892022,0.28693092633832384,0.19950688280531814,0.3439636444669425
natural_proteins,ppluGFP_to_cgreGFP,aubin_linear,46,iterative_fancy,2,192,4904,0.5531491026465406,0.7437399428876605,0.06999640862019141,0.3102016847060035,0.21601572156235627,0.3596177319761289
natural_proteins,ppluGFP_to_cgreGFP,aubin_linear,46,iterative_fancy,3,288,4904,0.6360040463827735,0.7974986184206049,-0.06930671032115243,0.3208631701152946,0.22333231780379145,0.3621185998540876
natural_proteins,ppluGFP_to_cgreGFP,aubin_linear,46,iterative_fancy,4,384,4904,0.5921539991035845,0.7695154313615709,0.004417898932853492,0.31656858806074983,0.2199641745100204,0.3526443082230018
natural_proteins,ppluGFP_to_cgreGFP,aubin_linear,46,iterative_fancy,5,480,4904,0.660881594234383,0.8129462431393499,-0.11113306190705341,0.3079669683107927,0.21389824265135277,0.34647794089354167
natural_proteins,ppluGFP_to_cgreGFP,aubin_linear,46,iterative_fancy,6,576,4904,0.7278627061914053,0.853148701101634,-0.22374767951486385,0.32409867811687193,0.22592793077634252,0.3627168427112241
natural_proteins,ppluGFP_to_cgreGFP,aubin_linear,46,iterative_fancy,7,672,4904,0.9672417919187942,0.9834845153426638,-0.626213142014117,0.34434490746802265,0.2400332563035429,0.3847988266592942
natural_proteins,ppluGFP_to_cgreGFP,aubin_linear,46,iterative_fancy,8,768,4904,0.6645168262428272,0.8151790148444863,-0.11724493808506131,0.3436947017322574,0.24005380655989636,0.3851306550296584
natural_proteins,ppluGFP_to_cgreGFP,aubin_linear,46,iterative_fancy,9,864,4904,0.5877469668654055,0.7666465723300441,0.011827394472525343,0.34335570467439747,0.24022719486926356,0.3839998866966873
natural_proteins,ppluGFP_to_cgreGFP,aubin_linear,46,iterative_fancy,10,960,4904,0.6945961267190701,0.8334243377290287,-0.16781693998338776,0.35596820652995464,0.24916989719209315,0.3948975816020811
natural_proteins,ppluGFP_to_cgreGFP,aubin_linear,46,iterative_random,1,96,4904,0.5389401607720437,0.734125439398502,0.09388574860061427,0.35062873799034255,0.24789489941898224,0.3810696749100214
natural_proteins,ppluGFP_to_cgreGFP,aubin_linear,46,iterative_random,2,192,4904,0.5285321649434978,0.7270021767116641,0.1113845991877388,0.38037067224011467,0.2691545459357211,0.40719585138710146
natural_proteins,ppluGFP_to_cgreGFP,aubin_linear,46,iterative_random,3,288,4904,0.5188299653979942,0.7202985251949321,0.12769680213343826,0.40874224973866025,0.2893201035494856,0.4318304333708234
natural_proteins,ppluGFP_to_cgreGFP,aubin_linear,46,iterative_random,4,384,4904,0.5349739477989829,0.7314191327815966,0.10055409948733862,0.4277481459311635,0.3027794258607738,0.4459204947960377
natural_proteins,ppluGFP_to_cgreGFP,aubin_linear,46,iterative_random,5,480,4904,0.496966034656317,0.7049581793669161,0.1644563919332831,0.4605520422986026,0.3261775088799545,0.47470633488909453
natural_proteins,ppluGFP_to_cgreGFP,aubin_linear,46,iterative_random,6,576,4904,0.49327759013908895,0.7023372339119498,0.1706577337256049,0.4872932339581438,0.34536882869152763,0.4998515814130065
natural_proteins,ppluGFP_to_cgreGFP,aubin_linear,46,iterative_random,7,672,4904,0.4553199946740882,0.6747740323056958,0.23447542760542228,0.510343982719665,0.36183267029428845,0.5151054410588811
natural_proteins,ppluGFP_to_cgreGFP,aubin_linear,46,iterative_random,8,768,4904,0.4566528750871046,0.6757609600199649,0.23223447021246213,0.5312021610852853,0.37577191741895216,0.5339009395963794
natural_proteins,ppluGFP_to_cgreGFP,aubin_linear,46,iterative_random,9,864,4904,0.42533454041766017,0.6521767708356839,0.284889646871457,0.5624926696179054,0.39987911445850405,0.5552377142155582
natural_proteins,ppluGFP_to_cgreGFP,aubin_linear,46,iterative_random,10,960,4904,0.4296635482176429,0.655487260149,0.277611332974114,0.5824467741176004,0.41550845556314586,0.572029190894074
natural_proteins,ppluGFP_to_cgreGFP,mlp_small,42,source_only,0,0,4904,14.991817237913665,3.871926812055422,-24.205579844316553,0.01780393033656764,0.012589106252565362,0.029785996340062574
natural_proteins,ppluGFP_to_cgreGFP,mlp_small,42,oneshot_fancy,1,960,4904,0.45742542290589594,0.6763323317023192,0.2309355939374198,0.5335453394854065,0.37952563070760287,0.5340059014578623
natural_proteins,ppluGFP_to_cgreGFP,mlp_small,42,oneshot_random,1,960,4904,0.4154618191535108,0.6445632778506009,0.30148854613464127,0.5760674739596693,0.41182355799898174,0.5871291960028873
natural_proteins,ppluGFP_to_cgreGFP,mlp_small,42,iterative_fancy,1,96,4904,0.7382278498712528,0.8592018679398066,-0.24117448324880342,0.3364374595595622,0.2363371501989628,0.33067707828865
natural_proteins,ppluGFP_to_cgreGFP,mlp_small,42,iterative_fancy,2,192,4904,0.6116464099504219,0.7820782633153934,-0.028354480169771934,0.36576645933420726,0.25686854804631054,0.38158724943269573
natural_proteins,ppluGFP_to_cgreGFP,mlp_small,42,iterative_fancy,3,288,4904,0.5079774780095119,0.7127253875157752,0.14594297156298863,0.38874664198148473,0.2723942540257666,0.39877113237189493
natural_proteins,ppluGFP_to_cgreGFP,mlp_small,42,iterative_fancy,4,384,4904,0.48384281572264703,0.6955881078070895,0.18652031770010347,0.42710407403407774,0.2998535032900048,0.44087990534404964
natural_proteins,ppluGFP_to_cgreGFP,mlp_small,42,iterative_fancy,5,480,4904,0.5263908129759962,0.725527954648197,0.11498483104323043,0.4195359896687375,0.29587561098800874,0.4323735942293848
natural_proteins,ppluGFP_to_cgreGFP,mlp_small,42,iterative_fancy,6,576,4904,0.5430150369375164,0.7368955400445278,0.08703470346615405,0.3751974988081801,0.2632327208082618,0.3909139753092342
natural_proteins,ppluGFP_to_cgreGFP,mlp_small,42,iterative_fancy,7,672,4904,0.5205791451216567,0.721511708236018,0.12475592522124268,0.43864384036658793,0.30945783049782705,0.4467282791582474
natural_proteins,ppluGFP_to_cgreGFP,mlp_small,42,iterative_fancy,8,768,4904,0.4796921139261296,0.6925980897505635,0.1934988476462589,0.43139197090757603,0.30434028768750604,0.4444423004417744
natural_proteins,ppluGFP_to_cgreGFP,mlp_small,42,iterative_fancy,9,864,4904,0.4853907138707307,0.69669987359747,0.1839178533194864,0.4964808018217044,0.35199061192449577,0.5128144540808446
natural_proteins,ppluGFP_to_cgreGFP,mlp_small,42,iterative_fancy,10,960,4904,0.45123451737937975,0.6717399179588628,0.241344296303574,0.4999597710483974,0.3543624024483999,0.5077425646944602
natural_proteins,ppluGFP_to_cgreGFP,mlp_small,42,iterative_random,1,96,4904,0.9973334452232732,0.9986658326103247,-0.6768059125886796,0.3691107661199394,0.2611870321423255,0.3880642822839586
natural_proteins,ppluGFP_to_cgreGFP,mlp_small,42,iterative_random,2,192,4904,0.5308800828277578,0.7286151815792461,0.10743707029511396,0.3409266037652938,0.23948855217269208,0.3588662762332245
natural_proteins,ppluGFP_to_cgreGFP,mlp_small,42,iterative_random,3,288,4904,0.5192539369710372,0.7205927677759729,0.1269839833225852,0.3612459575046182,0.25383359133087113,0.373548320880973
natural_proteins,ppluGFP_to_cgreGFP,mlp_small,42,iterative_random,4,384,4904,0.49808094168041883,0.7057484974694731,0.16258191083676077,0.41771134119784653,0.2939451095252813,0.429988917866609
natural_proteins,ppluGFP_to_cgreGFP,mlp_small,42,iterative_random,5,480,4904,0.5047150197608828,0.710432980485058,0.15142810725865397,0.4651092722674816,0.3279091985061393,0.4760407169564713
natural_proteins,ppluGFP_to_cgreGFP,mlp_small,42,iterative_random,6,576,4904,0.48264964328404886,0.6947299067148678,0.1885263855897965,0.49896269098544194,0.35403052616386327,0.5113201442038372
natural_proteins,ppluGFP_to_cgreGFP,mlp_small,42,iterative_random,7,672,4904,0.48490593304384044,0.6963518744455568,0.18473291006979653,0.5012842493039157,0.3545998328484044,0.509348762125762
natural_proteins,ppluGFP_to_cgreGFP,mlp_small,42,iterative_random,8,768,4904,0.5364104335857349,0.7324004598481182,0.09813895150236729,0.5427203380420752,0.3847651678575229,0.5519785021612169
natural_proteins,ppluGFP_to_cgreGFP,mlp_small,42,iterative_random,9,864,4904,0.4592825541973473,0.6777038838588335,0.22781321922425457,0.5590123414346837,0.3982214067547387,0.5669461295148784
natural_proteins,ppluGFP_to_cgreGFP,mlp_small,42,iterative_random,10,960,4904,0.454608691611927,0.6742467586958999,0.23567133373489868,0.5664755115896596,0.40409729677012557,0.5710809540922782
natural_proteins,ppluGFP_to_cgreGFP,mlp_small,43,source_only,0,0,4904,13.64342207907461,3.6937003233985575,-21.938537677349906,0.049716670623214484,0.0346407587656056,0.06100008004251338
natural_proteins,ppluGFP_to_cgreGFP,mlp_small,43,oneshot_fancy,1,960,4904,0.49767817966546685,0.7054630958919587,0.16325907024745956,0.44206462018234854,0.31387808885168816,0.4455246748139051
natural_proteins,ppluGFP_to_cgreGFP,mlp_small,43,oneshot_random,1,960,4904,0.42711996086019394,0.6535441537189312,0.2818878388313917,0.6006698265970761,0.42912918269845446,0.5948203342910972
natural_proteins,ppluGFP_to_cgreGFP,mlp_small,43,iterative_fancy,1,96,4904,0.5537639194649832,0.7441531559195211,0.06896272376658397,0.34640737513303327,0.24325180699911472,0.34080256892184857
natural_proteins,ppluGFP_to_cgreGFP,mlp_small,43,iterative_fancy,2,192,4904,0.5221933706058149,0.722629483626163,0.12204194540932345,0.353608770475532,0.24827258612339825,0.3497374910190926
natural_proteins,ppluGFP_to_cgreGFP,mlp_small,43,iterative_fancy,3,288,4904,0.5390214488863004,0.7341808012242628,0.09374907977509594,0.3990689537955997,0.2813372430078933,0.41382579008358245
natural_proteins,ppluGFP_to_cgreGFP,mlp_small,43,iterative_fancy,4,384,4904,0.5084229409287205,0.7130378257348768,0.14519401958474554,0.4228981140726324,0.29856727830050006,0.4323798553267665
natural_proteins,ppluGFP_to_cgreGFP,mlp_small,43,iterative_fancy,5,480,4904,0.5723804800916323,0.7565583124198904,0.03766290214690238,0.35921172363624987,0.25215357533730587,0.3672455742210517
natural_proteins,ppluGFP_to_cgreGFP,mlp_small,43,iterative_fancy,6,576,4904,0.5327796176809644,0.7299175416997213,0.1042434029331295,0.41646424620813405,0.2948562615292043,0.42079087838540075
natural_proteins,ppluGFP_to_cgreGFP,mlp_small,43,iterative_fancy,7,672,4904,0.5613177199172618,0.7492113986834835,0.05626260093247981,0.4293157361374263,0.3039477034273639,0.43021743573872606
natural_proteins,ppluGFP_to_cgreGFP,mlp_small,43,iterative_fancy,8,768,4904,0.519126764061844,0.7205045205006309,0.1271977977565416,0.4265668030631103,0.3007180751167463,0.4290875359667465
natural_proteins,ppluGFP_to_cgreGFP,mlp_small,43,iterative_fancy,9,864,4904,0.7682315400600537,0.8764881859215523,-0.2916193623902996,0.4299714790499151,0.3024170307286818,0.43659025709749644
natural_proteins,ppluGFP_to_cgreGFP,mlp_small,43,iterative_fancy,10,960,4904,0.5121920407951749,0.7156759328042092,0.13885707282789317,0.4770833676267199,0.3375123549588757,0.47333517622163357
natural_proteins,ppluGFP_to_cgreGFP,mlp_small,43,iterative_random,1,96,4904,2.8062228008641803,1.67517843851459,-3.7180719819105263,0.0684821404072027,0.05812968915300909,0.04489349071683437
natural_proteins,ppluGFP_to_cgreGFP,mlp_small,43,iterative_random,2,192,4904,0.7594638585767016,0.8714722362626945,-0.2768783545344089,0.3656230424887155,0.257530443222027,0.37921352160648547
natural_proteins,ppluGFP_to_cgreGFP,mlp_small,43,iterative_random,3,288,4904,0.534591600769256,0.7311577126511462,0.10119693540463104,0.4225055035370315,0.2987845621961857,0.4287661008098988
natural_proteins,ppluGFP_to_cgreGFP,mlp_small,43,iterative_random,4,384,4904,0.543460271380181,0.737197579608195,0.08628613562304821,0.45822828883023303,0.3252671238172327,0.46789286417963194
natural_proteins,ppluGFP_to_cgreGFP,mlp_small,43,iterative_random,5,480,4904,0.5466530441847111,0.7393598881361573,0.08091816130931218,0.5021181027698255,0.357658307597427,0.5097810907286241
natural_proteins,ppluGFP_to_cgreGFP,mlp_small,43,iterative_random,6,576,4904,0.465739939382123,0.6824514190637477,0.21695648749671237,0.5285886822917782,0.37545578268773455,0.5334912223019884
natural_proteins,ppluGFP_to_cgreGFP,mlp_small,43,iterative_random,7,672,4904,0.4231876450859427,0.650528742705457,0.2884991987251272,0.54847963826224,0.38900171181557863,0.5482157420192868
natural_proteins,ppluGFP_to_cgreGFP,mlp_small,43,iterative_random,8,768,4904,0.5057088573941787,0.7111320956012172,0.14975717881677186,0.5676677199083461,0.4049921589315799,0.5604347924548982
natural_proteins,ppluGFP_to_cgreGFP,mlp_small,43,iterative_random,9,864,4904,0.4303060967038175,0.655977207457559,0.27653102316809797,0.5746294790245601,0.4106807869317256,0.568410504041764
natural_proteins,ppluGFP_to_cgreGFP,mlp_small,43,iterative_random,10,960,4904,0.43485723253529135,0.6594370572960632,0.26887924781878014,0.5962227066378956,0.4275172488070092,0.5829749965864028
natural_proteins,ppluGFP_to_cgreGFP,mlp_small,44,source_only,0,0,4904,14.04869299125012,3.748158613406071,-22.619915269759804,0.07364451134587317,0.05181812857393412,0.06810501923407063
natural_proteins,ppluGFP_to_cgreGFP,mlp_small,44,oneshot_fancy,1,960,4904,0.5747650539004578,0.758132609706546,0.03365374404557386,0.4793783434711427,0.3413521028065368,0.47642879519626397
natural_proteins,ppluGFP_to_cgreGFP,mlp_small,44,oneshot_random,1,960,4904,0.523062979302161,0.723230930825114,0.12057988173277134,0.5806213566791751,0.41508118738109256,0.5737024442583687
natural_proteins,ppluGFP_to_cgreGFP,mlp_small,44,iterative_fancy,1,96,4904,0.7231220421028638,0.8503658283955581,-0.2157772523610011,0.32892987843971017,0.2324261335117627,0.3503565518442263
natural_proteins,ppluGFP_to_cgreGFP,mlp_small,44,iterative_fancy,2,192,4904,0.575455212742154,0.7585876434151522,0.03249338746480923,0.34844194336691103,0.24466927608261352,0.3550991347478353
natural_proteins,ppluGFP_to_cgreGFP,mlp_small,44,iterative_fancy,3,288,4904,0.5116521420224848,0.7152986383479873,0.13976479878312142,0.3667153464552257,0.25778980293084847,0.3804839625421899
natural_proteins,ppluGFP_to_cgreGFP,mlp_small,44,iterative_fancy,4,384,4904,0.6410335502538014,0.800645708321603,-0.07776276067093191,0.3836626738120666,0.2704530590227518,0.39963524385399807
natural_proteins,ppluGFP_to_cgreGFP,mlp_small,44,iterative_fancy,5,480,4904,0.5747811264847582,0.7581432097465216,0.03362672138378053,0.37541262532206715,0.2646043070202556,0.3944477949166278
natural_proteins,ppluGFP_to_cgreGFP,mlp_small,44,iterative_fancy,6,576,4904,0.52214121670126,0.7225933965248091,0.12212963120381981,0.4124599157772207,0.29130031268758655,0.42318676653584697
natural_proteins,ppluGFP_to_cgreGFP,mlp_small,44,iterative_fancy,7,672,4904,0.6021961348600883,0.7760129733838786,-0.012465835080251786,0.42142170631036835,0.29675787314023944,0.42876226977007315
natural_proteins,ppluGFP_to_cgreGFP,mlp_small,44,iterative_fancy,8,768,4904,0.8470134372584535,0.9203333294293179,-0.42407451233030447,0.44129088747677353,0.31115231343279004,0.41934768461073824
natural_proteins,ppluGFP_to_cgreGFP,mlp_small,44,iterative_fancy,9,864,4904,0.6130269067003575,0.7829603481022251,-0.030675494393939795,0.4773007266944973,0.3377436996710277,0.47989893710978926
natural_proteins,ppluGFP_to_cgreGFP,mlp_small,44,iterative_fancy,10,960,4904,0.479543457325045,0.692490763349985,0.1937487823785572,0.48307161958891437,0.34320714258132123,0.48329678962237926
natural_proteins,ppluGFP_to_cgreGFP,mlp_small,44,iterative_random,1,96,4904,0.5195903217653317,0.7208261383754974,0.1264184232135971,0.3848638543498952,0.27400017270439964,0.3943096260645607
natural_proteins,ppluGFP_to_cgreGFP,mlp_small,44,iterative_random,2,192,4904,0.48061367154410534,0.6932630608536022,0.19194944281078086,0.4247868583198461,0.2996146991065264,0.43908823034692357
natural_proteins,ppluGFP_to_cgreGFP,mlp_small,44,iterative_random,3,288,4904,0.48269313146305814,0.6947612046329719,0.1884532693857428,0.4586204697961599,0.32297814807821007,0.4708945535006801
natural_proteins,ppluGFP_to_cgreGFP,mlp_small,44,iterative_random,4,384,4904,0.49146292600826486,0.7010441683719114,0.17370870886185652,0.4518288915909699,0.31795342520741493,0.4621935381868543
natural_proteins,ppluGFP_to_cgreGFP,mlp_small,44,iterative_random,5,480,4904,0.4475144544966462,0.6689652117237833,0.2475987977111478,0.5115974491394286,0.3628172303892786,0.5176071714283701
natural_proteins,ppluGFP_to_cgreGFP,mlp_small,44,iterative_random,6,576,4904,0.44443082393656436,0.6666564512074898,0.2527832723521508,0.5484129791709081,0.3903606746906598,0.5464745504389401
natural_proteins,ppluGFP_to_cgreGFP,mlp_small,44,iterative_random,7,672,4904,0.5022873816137562,0.7087223586241345,0.15550966896524698,0.5562350646523018,0.3959048504454746,0.5562813300197225
natural_proteins,ppluGFP_to_cgreGFP,mlp_small,44,iterative_random,8,768,4904,0.44785541647927285,0.6692200060363355,0.24702554202502325,0.578734884125521,0.41301885861711535,0.5747089205633245
natural_proteins,ppluGFP_to_cgreGFP,mlp_small,44,iterative_random,9,864,4904,0.4264814633317543,0.65305548258303,0.28296133780607124,0.5815472666239284,0.4136868742186074,0.5765851280551244
natural_proteins,ppluGFP_to_cgreGFP,mlp_small,44,iterative_random,10,960,4904,0.48000914164429576,0.6928269204096329,0.19296583237957798,0.5696547784105193,0.40517673763580875,0.5671915669872366
natural_proteins,ppluGFP_to_cgreGFP,mlp_small,45,source_only,0,0,4904,14.861005753409362,3.854997503683934,-23.985647913123554,0.11939261686094534,0.08313071223751121,0.13344352602130125
natural_proteins,ppluGFP_to_cgreGFP,mlp_small,45,oneshot_fancy,1,960,4904,0.5350586988290418,0.7314770665092938,0.1004116084990122,0.37193562533159075,0.2601927823693095,0.3768514215809712
natural_proteins,ppluGFP_to_cgreGFP,mlp_small,45,oneshot_random,1,960,4904,0.4224354492619374,0.6499503436893755,0.2897638574119059,0.6066702695891288,0.4349926382521456,0.6092592999547919
natural_proteins,ppluGFP_to_cgreGFP,mlp_small,45,iterative_fancy,1,96,4904,0.5736942400643087,0.7574260624406244,0.03545409174306313,0.3444217782475877,0.2406228934664262,0.37259237704572773
natural_proteins,ppluGFP_to_cgreGFP,mlp_small,45,iterative_fancy,2,192,4904,0.4863300868062049,0.6973737067069599,0.18233849578377648,0.4295088418329178,0.3024993072361606,0.43412351976701286
natural_proteins,ppluGFP_to_cgreGFP,mlp_small,45,iterative_fancy,3,288,4904,0.6721623033174843,0.819855050187217,-0.13009919583080087,0.3938325828785278,0.2771684399920674,0.39185069636631
natural_proteins,ppluGFP_to_cgreGFP,mlp_small,45,iterative_fancy,4,384,4904,0.5299141573841972,0.7279520295899979,0.10906107027489975,0.42683329800651715,0.3001113449808334,0.4221426993850472
natural_proteins,ppluGFP_to_cgreGFP,mlp_small,45,iterative_fancy,5,480,4904,0.503456518768355,0.7095466994978942,0.1535440113380533,0.4161563496285176,0.2925502377993692,0.4027422352941578
natural_proteins,ppluGFP_to_cgreGFP,mlp_small,45,iterative_fancy,6,576,4904,0.45878187630890777,0.6773343903190711,0.22865500353185875,0.49304498425030113,0.3483765456922673,0.479822537809352
natural_proteins,ppluGFP_to_cgreGFP,mlp_small,45,iterative_fancy,7,672,4904,0.4858093055653673,0.6970002192003725,0.1832140796398921,0.45981790531281214,0.324514261300725,0.4498714549575734
natural_proteins,ppluGFP_to_cgreGFP,mlp_small,45,iterative_fancy,8,768,4904,0.4474752899602399,0.6689359386071583,0.24766464462175164,0.5148708393499554,0.36531601308749523,0.5089218598355013
natural_proteins,ppluGFP_to_cgreGFP,mlp_small,45,iterative_fancy,9,864,4904,0.4371649202103918,0.661184482735637,0.26499935754080983,0.5366890584202606,0.3824165135250666,0.5284386594320841
natural_proteins,ppluGFP_to_cgreGFP,mlp_small,45,iterative_fancy,10,960,4904,0.5116985390520159,0.71533106954194,0.13968679196021072,0.4895631536780382,0.3471269042566381,0.48260388192675274
natural_proteins,ppluGFP_to_cgreGFP,mlp_small,45,iterative_random,1,96,4904,0.5102121988861645,0.7142913963405723,0.14218575957245172,0.35498611999367025,0.2498575240113898,0.38831220261828137
natural_proteins,ppluGFP_to_cgreGFP,mlp_small,45,iterative_random,2,192,4904,0.49228969534064715,0.7016335905161947,0.1723186705436538,0.40062394847482663,0.2834266778557207,0.41927444058256935
natural_proteins,ppluGFP_to_cgreGFP,mlp_small,45,iterative_random,3,288,4904,0.4895226218941984,0.6996589325479939,0.17697092114027702,0.4401463140033895,0.3117344236985958,0.4519523905648889
natural_proteins,ppluGFP_to_cgreGFP,mlp_small,45,iterative_random,4,384,4904,0.7124329456070061,0.844057430277707,-0.19780579026842826,0.4578115834821638,0.32436092455507415,0.469129855652221
natural_proteins,ppluGFP_to_cgreGFP,mlp_small,45,iterative_random,5,480,4904,0.561409644899942,0.7492727439991008,0.05610804845536088,0.49926827867224194,0.35448047103149705,0.4990644612445683
natural_proteins,ppluGFP_to_cgreGFP,mlp_small,45,iterative_random,6,576,4904,0.4806712896210315,0.6933046153178497,0.19185257016249613,0.5246011668088967,0.37404090212426017,0.5221780558982247
natural_proteins,ppluGFP_to_cgreGFP,mlp_small,45,iterative_random,7,672,4904,0.4395210669638273,0.6629638504200869,0.26103799353962287,0.5626280401414182,0.40327962508408743,0.5569761130280089
natural_proteins,ppluGFP_to_cgreGFP,mlp_small,45,iterative_random,8,768,4904,0.4172262001088353,0.6459304917007985,0.29852211155639985,0.5869521630100276,0.4217752784839959,0.581035114337323
natural_proteins,ppluGFP_to_cgreGFP,mlp_small,45,iterative_random,9,864,4904,0.49793964084906456,0.7056483832965711,0.1628194783931315,0.6125224080451098,0.44131008523877446,0.6148847411255147
natural_proteins,ppluGFP_to_cgreGFP,mlp_small,45,iterative_random,10,960,4904,0.42142884191922714,0.64917550933413,0.29145625542783116,0.613301178447278,0.44162163912462243,0.6017452981587199
natural_proteins,ppluGFP_to_cgreGFP,mlp_small,46,source_only,0,0,4904,16.352146314117164,4.043778717254094,-26.492686377211047,-0.04640553789684417,-0.03242239926988843,-0.03838959072097723
natural_proteins,ppluGFP_to_cgreGFP,mlp_small,46,oneshot_fancy,1,960,4904,0.5070756848019049,0.7120924692776247,0.14745914670951576,0.510065676248239,0.3636937321695063,0.4987752009158215
natural_proteins,ppluGFP_to_cgreGFP,mlp_small,46,oneshot_random,1,960,4904,0.4304034941875313,0.6560514417235369,0.27636726983430093,0.5957373453025019,0.4261270638274878,0.5830108448109051
natural_proteins,ppluGFP_to_cgreGFP,mlp_small,46,iterative_fancy,1,96,4904,0.681992367324452,0.825828291671127,-0.146626375909795,0.3523766423975751,0.24889717163782524,0.36400921593996727
natural_proteins,ppluGFP_to_cgreGFP,mlp_small,46,iterative_fancy,2,192,4904,0.7982881348479839,0.8934697168052109,-0.34215318946094464,0.31518203817218193,0.2221395580042945,0.3005072255064172
natural_proteins,ppluGFP_to_cgreGFP,mlp_small,46,iterative_fancy,3,288,4904,0.5860456263143745,0.7655361691745038,0.014687839902245314,0.37061185407948405,0.2611946293745046,0.373403691040082
natural_proteins,ppluGFP_to_cgreGFP,mlp_small,46,iterative_fancy,4,384,4904,0.5446571034997886,0.7380088776564877,0.08427391475133694,0.37637355629042724,0.26459499099002576,0.36839464767014973
natural_proteins,ppluGFP_to_cgreGFP,mlp_small,46,iterative_fancy,5,480,4904,0.7881223887473953,0.8877625745363426,-0.3250616307159895,0.38447694402964633,0.27028259378409414,0.38165042887841144
natural_proteins,ppluGFP_to_cgreGFP,mlp_small,46,iterative_fancy,6,576,4904,0.5100709170398878,0.7141924929876313,0.14242329520941732,0.389921391713879,0.2751676026669354,0.384875426721323
natural_proteins,ppluGFP_to_cgreGFP,mlp_small,46,iterative_fancy,7,672,4904,0.515352914362246,0.7178808496973895,0.13354273035638076,0.4572456725572341,0.3227959912737333,0.4569682326095532
natural_proteins,ppluGFP_to_cgreGFP,mlp_small,46,iterative_fancy,8,768,4904,0.5445993998949868,0.7379697825080556,0.08437093119671213,0.5279884472239722,0.3758015208630755,0.5264842872305155
natural_proteins,ppluGFP_to_cgreGFP,mlp_small,46,iterative_fancy,9,864,4904,0.5091655926593903,0.7135584017159284,0.14394540727865512,0.47792174440424207,0.3375956564813615,0.4688248994480023
natural_proteins,ppluGFP_to_cgreGFP,mlp_small,46,iterative_fancy,10,960,4904,0.4654466909348393,0.6822365359131973,0.2174495229329727,0.540339681874459,0.3847956123510313,0.5277101044349851
natural_proteins,ppluGFP_to_cgreGFP,mlp_small,46,iterative_random,1,96,4904,0.5386961149951969,0.7339592052663396,0.09429606012031622,0.3916847787975442,0.27619289911993017,0.40060044210641454
natural_proteins,ppluGFP_to_cgreGFP,mlp_small,46,iterative_random,2,192,4904,0.4998578728082084,0.7070062749425979,0.15959437578956948,0.3982656864043453,0.28154328647193355,0.4151297884044237
natural_proteins,ppluGFP_to_cgreGFP,mlp_small,46,iterative_random,3,288,4904,0.5226023089899524,0.7229123798842793,0.12135440173605117,0.4158448827010442,0.2930793528746963,0.4325518595871408
natural_proteins,ppluGFP_to_cgreGFP,mlp_small,46,iterative_random,4,384,4904,0.4958275534680008,0.7041502350123877,0.1663705080166079,0.44673366693560324,0.31521321190562074,0.46253100122958346
natural_proteins,ppluGFP_to_cgreGFP,mlp_small,46,iterative_random,5,480,4904,0.4774306200850378,0.690963544685997,0.19730107273174835,0.43534747730119316,0.3066993207852439,0.44964658770673344
natural_proteins,ppluGFP_to_cgreGFP,mlp_small,46,iterative_random,6,576,4904,0.452354674691444,0.6725731742282351,0.23946098795480164,0.5104962315308524,0.3616202882546274,0.520730168592678
natural_proteins,ppluGFP_to_cgreGFP,mlp_small,46,iterative_random,7,672,4904,0.48854455425195836,0.6989596227622582,0.1786153356671083,0.5282919629786486,0.372878123930049,0.533997036873838
natural_proteins,ppluGFP_to_cgreGFP,mlp_small,46,iterative_random,8,768,4904,0.45247743001702756,0.6726644260082643,0.23925460075629146,0.5706900860830095,0.4047844682571342,0.5719162972915967
natural_proteins,ppluGFP_to_cgreGFP,mlp_small,46,iterative_random,9,864,4904,0.45017597831655476,0.6709515469216497,0.2431240065577044,0.5758920977820021,0.40938560872434243,0.5724198258099191
natural_proteins,ppluGFP_to_cgreGFP,mlp_small,46,iterative_random,10,960,4904,0.4010051815410844,0.6332496992033114,0.325794334274777,0.5938054754955445,0.42389680563081444,0.5983502191388124
natural_proteins,ppluGFP_to_cgreGFP,CNN_Jannis_OHE,42,source_only,0,0,4904,1.2895673252143278,1.1355911787321737,-1.1681355678556105,-0.0602456547863982,-0.04204725536065894,-0.08235515672348503
natural_proteins,ppluGFP_to_cgreGFP,CNN_Jannis_OHE,42,oneshot_fancy,1,960,4904,0.29484436424017463,0.5429957313277652,0.504281365856838,0.7331938596707932,0.5412066889153261,0.7428084419345167
natural_proteins,ppluGFP_to_cgreGFP,CNN_Jannis_OHE,42,oneshot_random,1,960,4904,0.3471345836040414,0.5891812824624025,0.41636638674946247,0.731979379899964,0.5383754335451489,0.7166450646393157
natural_proteins,ppluGFP_to_cgreGFP,CNN_Jannis_OHE,42,iterative_fancy,1,96,4904,0.9709206707851694,0.9853530691001928,-0.6323984011813302,0.4550192614668942,0.32248766835485426,0.461364477514213
natural_proteins,ppluGFP_to_cgreGFP,CNN_Jannis_OHE,42,iterative_fancy,2,192,4904,0.5166593020447894,0.7187901655175796,0.1313463149040427,0.5010538017519895,0.35606825187355984,0.48252018530377033
natural_proteins,ppluGFP_to_cgreGFP,CNN_Jannis_OHE,42,iterative_fancy,3,288,4904,0.5710118779931548,0.7556532789534859,0.03996391802248511,0.5573437820431133,0.4005787570466153,0.5099480522584667
natural_proteins,ppluGFP_to_cgreGFP,CNN_Jannis_OHE,42,iterative_fancy,4,384,4904,0.49690447692708123,0.704914517460863,0.16455988827629908,0.623734990231835,0.44896924817514866,0.5930531760512068
natural_proteins,ppluGFP_to_cgreGFP,CNN_Jannis_OHE,42,iterative_fancy,5,480,4904,0.5458340780968239,0.7388058460088306,0.08229508011711528,0.6348840617009628,0.4582739964644785,0.5741169112203384
natural_proteins,ppluGFP_to_cgreGFP,CNN_Jannis_OHE,42,iterative_fancy,6,576,4904,0.36484200059499433,0.6040215232878662,0.3865950984713922,0.6604763309027949,0.47845106520054026,0.668245843040316
natural_proteins,ppluGFP_to_cgreGFP,CNN_Jannis_OHE,42,iterative_fancy,7,672,4904,0.4213197293131336,0.6490914645203198,0.29163970526991945,0.6810263136486546,0.4958753171708928,0.6594506098968329
natural_proteins,ppluGFP_to_cgreGFP,CNN_Jannis_OHE,42,iterative_fancy,8,768,4904,0.3723054807051497,0.6101684035617951,0.37404683024962937,0.7112507212641729,0.5256281481706173,0.6874083916902456
natural_proteins,ppluGFP_to_cgreGFP,CNN_Jannis_OHE,42,iterative_fancy,9,864,4904,0.3331176013440414,0.5771634095678982,0.43993298711044504,0.7351918229386689,0.5450059903440518,0.7206914256318684
natural_proteins,ppluGFP_to_cgreGFP,CNN_Jannis_OHE,42,iterative_fancy,10,960,4904,0.2713841800849501,0.5209454674771152,0.5437247192210612,0.7488555792166607,0.5563490990353335,0.7650946744018301
natural_proteins,ppluGFP_to_cgreGFP,CNN_Jannis_OHE,42,iterative_random,1,96,4904,0.6731886212303604,0.8204807256909575,-0.1318247330147273,0.5064545141263408,0.35957566129472757,0.4730129021923542
natural_proteins,ppluGFP_to_cgreGFP,CNN_Jannis_OHE,42,iterative_random,2,192,4904,0.7085715988001345,0.8417669504085644,-0.19131374973040316,0.5110501270690505,0.36246095876069817,0.4280414648981673
natural_proteins,ppluGFP_to_cgreGFP,CNN_Jannis_OHE,42,iterative_random,3,288,4904,0.5300752659837333,0.7280626799827975,0.1087902001325568,0.5511122048481212,0.3925039607396316,0.5297242565299217
natural_proteins,ppluGFP_to_cgreGFP,CNN_Jannis_OHE,42,iterative_random,4,384,4904,0.48529857548604566,0.6966337455837506,0.18407276458708322,0.5951137969393963,0.42888539008602494,0.5736838524837904
natural_proteins,ppluGFP_to_cgreGFP,CNN_Jannis_OHE,42,iterative_random,5,480,4904,0.4297279666967127,0.6555363961647841,0.2775030268834062,0.642331437230554,0.4659922377213504,0.6095712046955986
natural_proteins,ppluGFP_to_cgreGFP,CNN_Jannis_OHE,42,iterative_random,6,576,4904,0.36593252810755594,0.6049235721209382,0.38476160638340295,0.6894239101070504,0.5055691371727041,0.6647066306535119
natural_proteins,ppluGFP_to_cgreGFP,CNN_Jannis_OHE,42,iterative_random,7,672,4904,0.35523847979504564,0.5960188585901001,0.4027413939116472,0.6941718373866167,0.5084762762371114,0.6784291848116213
natural_proteins,ppluGFP_to_cgreGFP,CNN_Jannis_OHE,42,iterative_random,8,768,4904,0.34733706925946584,0.5893530938745175,0.4160259498114893,0.6912285604300813,0.5057459209665844,0.6753802729008911
natural_proteins,ppluGFP_to_cgreGFP,CNN_Jannis_OHE,42,iterative_random,9,864,4904,0.3341536845344101,0.5780602775960394,0.4381910316713039,0.7178226570820787,0.5275868161257463,0.7162539306852926
natural_proteins,ppluGFP_to_cgreGFP,CNN_Jannis_OHE,42,iterative_random,10,960,4904,0.26865168933757516,0.5183162059376256,0.548318826300531,0.7533453908701577,0.5602417411190619,0.763111714138767
natural_proteins,ppluGFP_to_cgreGFP,CNN_Jannis_OHE,43,source_only,0,0,4904,1.2546249679554171,1.1201004276204063,-1.1093873612932499,-0.08445723530542787,-0.059193141320413596,-0.07144633504297293
natural_proteins,ppluGFP_to_cgreGFP,CNN_Jannis_OHE,43,oneshot_fancy,1,960,4904,0.2708410454785501,0.5204239094032383,0.5446378855484365,0.7315338434400404,0.5389527466503347,0.7544775345696695
natural_proteins,ppluGFP_to_cgreGFP,CNN_Jannis_OHE,43,oneshot_random,1,960,4904,0.3008551197379454,0.5485026159809498,0.4941755477815899,0.7340093658227413,0.5421050985258854,0.7388979840457
natural_proteins,ppluGFP_to_cgreGFP,CNN_Jannis_OHE,43,iterative_fancy,1,96,4904,0.6870167347062249,0.8288647264217636,-0.15507379033585833,0.49682351379761,0.35463020322668587,0.4041065379979894
natural_proteins,ppluGFP_to_cgreGFP,CNN_Jannis_OHE,43,iterative_fancy,2,192,4904,0.6113903731342442,0.7819145561595872,-0.027924008245599152,0.546485632541621,0.3894142360246583,0.5114812016922669
natural_proteins,ppluGFP_to_cgreGFP,CNN_Jannis_OHE,43,iterative_fancy,3,288,4904,0.7107807057126269,0.8430781136482116,-0.19502789724059566,0.4754166073708568,0.33500081459255904,0.42191147180550004
natural_proteins,ppluGFP_to_cgreGFP,CNN_Jannis_OHE,43,iterative_fancy,4,384,4904,0.4266785651554257,0.6532063725618618,0.2826299526460757,0.5930156737092082,0.4235217852784131,0.5834234483710248
natural_proteins,ppluGFP_to_cgreGFP,CNN_Jannis_OHE,43,iterative_fancy,5,480,4904,0.5836373074144566,0.7639615876563799,0.018736920367883547,0.5861618960169883,0.42021539542382247,0.5272469560687516
natural_proteins,ppluGFP_to_cgreGFP,CNN_Jannis_OHE,43,iterative_fancy,6,576,4904,0.4435703421137797,0.6660107672656499,0.25422999111509914,0.6054120292008398,0.43747132600963085,0.5979944784966567
natural_proteins,ppluGFP_to_cgreGFP,CNN_Jannis_OHE,43,iterative_fancy,7,672,4904,0.4517747291292669,0.672141896573385,0.24043604414317654,0.6702753279024233,0.4902481783102576,0.6215604748826846
natural_proteins,ppluGFP_to_cgreGFP,CNN_Jannis_OHE,43,iterative_fancy,8,768,4904,0.32816551529720195,0.5728573254285939,0.44825887571145273,0.6874799948244319,0.5059512302131988,0.689878649256582
natural_proteins,ppluGFP_to_cgreGFP,CNN_Jannis_OHE,43,iterative_fancy,9,864,4904,0.34348828126967723,0.5860787329955569,0.4224968753464623,0.7025153011328884,0.5140157471945718,0.697751397523316
natural_proteins,ppluGFP_to_cgreGFP,CNN_Jannis_OHE,43,iterative_fancy,10,960,4904,0.294921302626038,0.5430665729227292,0.5041520101825261,0.6999136196954723,0.5132226285431086,0.7191232601656635
natural_proteins,ppluGFP_to_cgreGFP,CNN_Jannis_OHE,43,iterative_random,1,96,4904,0.5345149804201457,0.73110531417857,0.1013257563671971,0.4458166053911436,0.31786088287042635,0.42265068890979346
natural_proteins,ppluGFP_to_cgreGFP,CNN_Jannis_OHE,43,iterative_random,2,192,4904,0.5877254315134205,0.7666325270384896,0.01186360162642286,0.5207051923654603,0.37089475078486217,0.49092615038626675
natural_proteins,ppluGFP_to_cgreGFP,CNN_Jannis_OHE,43,iterative_random,3,288,4904,0.5879754062456876,0.766795543965722,0.01144332181822938,0.5672417557672225,0.4063065159182717,0.5084110127790749
natural_proteins,ppluGFP_to_cgreGFP,CNN_Jannis_OHE,43,iterative_random,4,384,4904,0.419081107501213,0.6473647406997179,0.2954034758606451,0.626774548210569,0.45579439223213747,0.6125933474571859
natural_proteins,ppluGFP_to_cgreGFP,CNN_Jannis_OHE,43,iterative_random,5,480,4904,0.4065288868026337,0.6375961784724198,0.3165073884831521,0.6615204032933554,0.48340826329359726,0.6554647094820574
natural_proteins,ppluGFP_to_cgreGFP,CNN_Jannis_OHE,43,iterative_random,6,576,4904,0.32960668836161044,0.5741138287496744,0.44583584705735735,0.673555351727567,0.49399604042110606,0.6864141069836813
natural_proteins,ppluGFP_to_cgreGFP,CNN_Jannis_OHE,43,iterative_random,7,672,4904,0.3551592712060502,0.5959524068296479,0.4028745664538812,0.6658537007420018,0.48285691393298447,0.6570286955782672
natural_proteins,ppluGFP_to_cgreGFP,CNN_Jannis_OHE,43,iterative_random,8,768,4904,0.3313610725649518,0.575639707251812,0.44288621990988275,0.7099859776022577,0.5234837772926927,0.716503985681652
natural_proteins,ppluGFP_to_cgreGFP,CNN_Jannis_OHE,43,iterative_random,9,864,4904,0.28901439476344254,0.537600590367461,0.5140832303542302,0.7346186431225679,0.5447794308961148,0.7462770844635984
natural_proteins,ppluGFP_to_cgreGFP,CNN_Jannis_OHE,43,iterative_random,10,960,4904,0.2966589948628811,0.5446641119652378,0.5012304470574214,0.7297006659879045,0.5400198643275959,0.7384855052799101
natural_proteins,ppluGFP_to_cgreGFP,CNN_Jannis_OHE,44,source_only,0,0,4904,1.2992952036016152,1.1398663095300323,-1.1844909443596991,0.03635973829538652,0.02493031297371951,0.015563799029367
natural_proteins,ppluGFP_to_cgreGFP,CNN_Jannis_OHE,44,oneshot_fancy,1,960,4904,0.35806964626544197,0.5983892096833314,0.39798138440848596,0.7151928950088474,0.5281777237397458,0.7002588905910803
natural_proteins,ppluGFP_to_cgreGFP,CNN_Jannis_OHE,44,oneshot_random,1,960,4904,0.29273429132342094,0.541049250367673,0.5078290085833022,0.742300649488628,0.5502227040430724,0.7489796366602828
natural_proteins,ppluGFP_to_cgreGFP,CNN_Jannis_OHE,44,iterative_fancy,1,96,4904,0.5392526438972303,0.7343382353501895,0.09336037410885667,0.4528955388252918,0.31893383123758473,0.44465984484624443
natural_proteins,ppluGFP_to_cgreGFP,CNN_Jannis_OHE,44,iterative_fancy,2,192,4904,0.7111234690729157,0.8432813700497098,-0.1956041815634606,0.518801759578441,0.3699909776173493,0.4483084290388345
natural_proteins,ppluGFP_to_cgreGFP,CNN_Jannis_OHE,44,iterative_fancy,3,288,4904,0.4903153841382434,0.7002252381471574,0.1756380585711349,0.5735757922151052,0.41102078676386145,0.5499469406791708
natural_proteins,ppluGFP_to_cgreGFP,CNN_Jannis_OHE,44,iterative_fancy,4,384,4904,0.4822558942499038,0.6944464660792103,0.18918839157354528,0.6060408940479947,0.4376290250774882,0.5805226122789426
natural_proteins,ppluGFP_to_cgreGFP,CNN_Jannis_OHE,44,iterative_fancy,5,480,4904,0.4737739748080885,0.6883124107613406,0.2034489508060221,0.6349934212482753,0.459326801354826,0.5930427724356524
natural_proteins,ppluGFP_to_cgreGFP,CNN_Jannis_OHE,44,iterative_fancy,6,576,4904,0.5011631186727095,0.7079287525399074,0.15739988006353156,0.6354168861208,0.4606086368984161,0.5688718272417024
natural_proteins,ppluGFP_to_cgreGFP,CNN_Jannis_OHE,44,iterative_fancy,7,672,4904,0.33601364681617885,0.5796668412253532,0.43506389724479966,0.6867778568785557,0.5044356220984914,0.6803646098531719
natural_proteins,ppluGFP_to_cgreGFP,CNN_Jannis_OHE,44,iterative_fancy,8,768,4904,0.47785382557354195,0.6912697198442457,0.1965895419305278,0.6524348516758147,0.47280348493522717,0.6055638436028183
natural_proteins,ppluGFP_to_cgreGFP,CNN_Jannis_OHE,44,iterative_fancy,9,864,4904,0.30393417178331317,0.5513022508418709,0.48899877094775457,0.7069688294493293,0.5220582673629897,0.719075733689076
natural_proteins,ppluGFP_to_cgreGFP,CNN_Jannis_OHE,44,iterative_fancy,10,960,4904,0.29866704655327886,0.5465043884117299,0.4978543315131473,0.7334097878121378,0.5414929422127084,0.7382202648954228
natural_proteins,ppluGFP_to_cgreGFP,CNN_Jannis_OHE,44,iterative_random,1,96,4904,0.8860642012091746,0.9413098327379644,-0.4897301385376609,0.501960577827429,0.3535055540960474,0.35833618405246215
natural_proteins,ppluGFP_to_cgreGFP,CNN_Jannis_OHE,44,iterative_random,2,192,4904,0.6336315770528705,0.7960097845208126,-0.06531790334905074,0.553607279097702,0.39486125501635294,0.4840947615866993
natural_proteins,ppluGFP_to_cgreGFP,CNN_Jannis_OHE,44,iterative_random,3,288,4904,0.3973804810194308,0.6303812188029009,0.3318885039781818,0.5969897221409357,0.4268435358624104,0.6121735698701358
natural_proteins,ppluGFP_to_cgreGFP,CNN_Jannis_OHE,44,iterative_random,4,384,4904,0.42531857498753073,0.6521645306113564,0.28491648937610403,0.6495446952630143,0.46884706890950734,0.628733224954953
natural_proteins,ppluGFP_to_cgreGFP,CNN_Jannis_OHE,44,iterative_random,5,480,4904,0.3570257725246547,0.5975163366173805,0.39973643801561354,0.6904804940580275,0.5039743602229892,0.6854652482790162
natural_proteins,ppluGFP_to_cgreGFP,CNN_Jannis_OHE,44,iterative_random,6,576,4904,0.31964399264724314,0.5653706683647844,0.46258601938857113,0.7158405070190034,0.5253220772621306,0.7164302528212809
natural_proteins,ppluGFP_to_cgreGFP,CNN_Jannis_OHE,44,iterative_random,7,672,4904,0.38719591659839764,0.6222506862980527,0.3490117017613521,0.6991791631934128,0.5126828854509475,0.6798805215080288
natural_proteins,ppluGFP_to_cgreGFP,CNN_Jannis_OHE,44,iterative_random,8,768,4904,0.28442872215313514,0.5333185934815465,0.5217930720154993,0.7229678323269807,0.5315724231796036,0.739941893477269
natural_proteins,ppluGFP_to_cgreGFP,CNN_Jannis_OHE,44,iterative_random,9,864,4904,0.31679431023253884,0.5628448367290393,0.467377159548226,0.7247642409246924,0.535508860073252,0.7280139547346249
natural_proteins,ppluGFP_to_cgreGFP,CNN_Jannis_OHE,44,iterative_random,10,960,4904,0.29248442820666853,0.5408182949999644,0.5082491007335403,0.7306559395709755,0.5379704160392278,0.7408118933478145
natural_proteins,ppluGFP_to_cgreGFP,CNN_Jannis_OHE,45,source_only,0,0,4904,1.2837216916116054,1.1330144269212132,-1.1583073674329545,-0.07071338146638742,-0.0498803576463519,-0.08689242521893964
natural_proteins,ppluGFP_to_cgreGFP,CNN_Jannis_OHE,45,oneshot_fancy,1,960,4904,0.3466848522002677,0.5887995008492005,0.41712251528454414,0.6882705853627109,0.5033528488540292,0.6995393271534159
natural_proteins,ppluGFP_to_cgreGFP,CNN_Jannis_OHE,45,oneshot_random,1,960,4904,0.2838024961948904,0.5327311669077476,0.5228459389322067,0.7430122207069767,0.5503430421835446,0.7501197620111235
natural_proteins,ppluGFP_to_cgreGFP,CNN_Jannis_OHE,45,iterative_fancy,1,96,4904,0.4477229266921792,0.6691210104997296,0.24724829566817064,0.49132484017274214,0.34785388129760647,0.5018814633480202
natural_proteins,ppluGFP_to_cgreGFP,CNN_Jannis_OHE,45,iterative_fancy,2,192,4904,0.9178702772029508,0.9580554666630481,-0.543205349399229,0.48921563514478933,0.3475333658289767,0.31070386760958735
natural_proteins,ppluGFP_to_cgreGFP,CNN_Jannis_OHE,45,iterative_fancy,3,288,4904,0.4954352697415115,0.7038716287374506,0.16703005039447572,0.5412383919876083,0.38565180355204476,0.5346495599160088
natural_proteins,ppluGFP_to_cgreGFP,CNN_Jannis_OHE,45,iterative_fancy,4,384,4904,0.4920284539820542,0.7014473992980901,0.17275789280858367,0.5678710829128392,0.4082847963862591,0.5381165405809494
natural_proteins,ppluGFP_to_cgreGFP,CNN_Jannis_OHE,45,iterative_fancy,5,480,4904,0.4609247982513605,0.6789144263096495,0.2250521320944967,0.5875428593195879,0.4206395622113374,0.5731612877786774
natural_proteins,ppluGFP_to_cgreGFP,CNN_Jannis_OHE,45,iterative_fancy,6,576,4904,0.3804659014107654,0.6168191804822264,0.36032680335799705,0.652625091414841,0.4780068062976713,0.661068486090048
natural_proteins,ppluGFP_to_cgreGFP,CNN_Jannis_OHE,45,iterative_fancy,7,672,4904,0.4421266900015694,0.6649260785993955,0.2566571877653965,0.6679886493603892,0.48768692510770956,0.6395455526029206
natural_proteins,ppluGFP_to_cgreGFP,CNN_Jannis_OHE,45,iterative_fancy,8,768,4904,0.37258735024327044,0.6103993366995663,0.37357292605002257,0.6728182785596053,0.4929086688654681,0.6710785162159418
natural_proteins,ppluGFP_to_cgreGFP,CNN_Jannis_OHE,45,iterative_fancy,9,864,4904,0.28146822408403427,0.5305357896353782,0.5267705253338972,0.7228675699685386,0.5308347967021714,0.7451411085031515
natural_proteins,ppluGFP_to_cgreGFP,CNN_Jannis_OHE,45,iterative_fancy,10,960,4904,0.3046055966603062,0.5519108593426172,0.487869911578811,0.707531809255983,0.5186308671276798,0.7190956470024701
natural_proteins,ppluGFP_to_cgreGFP,CNN_Jannis_OHE,45,iterative_random,1,96,4904,0.6864980048360863,0.8285517514531523,-0.15420165542706643,0.483462926531194,0.3400356553955326,0.41684759896903273
natural_proteins,ppluGFP_to_cgreGFP,CNN_Jannis_OHE,45,iterative_random,2,192,4904,0.5034854147897702,0.7095670615169296,0.15349542877041633,0.5396252029353208,0.3827865355944476,0.5437565723062724
natural_proteins,ppluGFP_to_cgreGFP,CNN_Jannis_OHE,45,iterative_random,3,288,4904,0.6246773554336449,0.7903653303590972,-0.0502632675843937,0.5816841424762148,0.417020944372307,0.5086739190719842
natural_proteins,ppluGFP_to_cgreGFP,CNN_Jannis_OHE,45,iterative_random,4,384,4904,0.5298863278400774,0.7279329143815915,0.10910785978581827,0.6035833950043442,0.43442260383769943,0.5748343561078371
natural_proteins,ppluGFP_to_cgreGFP,CNN_Jannis_OHE,45,iterative_random,5,480,4904,0.43389017885335285,0.6587034073491292,0.27050514469352316,0.6344226380109066,0.4568137924281539,0.6218774360472656
natural_proteins,ppluGFP_to_cgreGFP,CNN_Jannis_OHE,45,iterative_random,6,576,4904,0.37128956456586065,0.6093353465587407,0.3757548790443559,0.6697555092286012,0.4872697780570531,0.6689224059137974
natural_proteins,ppluGFP_to_cgreGFP,CNN_Jannis_OHE,45,iterative_random,7,672,4904,0.37875049859103455,0.6154270863319509,0.3632108915276785,0.6971549023091352,0.5123417932413864,0.6801008780386285
natural_proteins,ppluGFP_to_cgreGFP,CNN_Jannis_OHE,45,iterative_random,8,768,4904,0.2875796395301477,0.5362645238407513,0.5164954687784293,0.7415984275666927,0.5476357104166035,0.746535147784506
natural_proteins,ppluGFP_to_cgreGFP,CNN_Jannis_OHE,45,iterative_random,9,864,4904,0.34380151727745484,0.5863459024138011,0.4219702350413639,0.7392078587300067,0.5477790478423465,0.7225790464378739
natural_proteins,ppluGFP_to_cgreGFP,CNN_Jannis_OHE,45,iterative_random,10,960,4904,0.28665617776534486,0.5354028182269355,0.5180480750353309,0.7633437586921031,0.5694288115354411,0.7597297437387727
natural_proteins,ppluGFP_to_cgreGFP,CNN_Jannis_OHE,46,source_only,0,0,4904,1.2801362775594323,1.1314310750370224,-1.1522792496449097,-0.0019382305316375736,-0.001664644221797646,-0.0013108447558447065
natural_proteins,ppluGFP_to_cgreGFP,CNN_Jannis_OHE,46,oneshot_fancy,1,960,4904,0.38590157783113577,0.6212097695876456,0.35118785950301046,0.6435952293105509,0.4683051591626861,0.6496174866444064
natural_proteins,ppluGFP_to_cgreGFP,CNN_Jannis_OHE,46,oneshot_random,1,960,4904,0.27601503199849126,0.5253713277278189,0.5359389180869079,0.7564883355345532,0.5648475913389053,0.7678103059702583
natural_proteins,ppluGFP_to_cgreGFP,CNN_Jannis_OHE,46,iterative_fancy,1,96,4904,0.6195817640421973,0.7871351624989176,-0.04169610500277354,0.4701045314099532,0.33344628625083933,0.39813087582554657
natural_proteins,ppluGFP_to_cgreGFP,CNN_Jannis_OHE,46,iterative_fancy,2,192,4904,0.48076544222787143,0.6933725133201283,0.1916942724050199,0.48762349320926335,0.3457288099940515,0.4589765516457492
natural_proteins,ppluGFP_to_cgreGFP,CNN_Jannis_OHE,46,iterative_fancy,3,288,4904,0.6856692080046767,0.8280514525104564,-0.1528082082967226,0.523201448450969,0.3725855634910939,0.522145629961524
natural_proteins,ppluGFP_to_cgreGFP,CNN_Jannis_OHE,46,iterative_fancy,4,384,4904,0.47200944242790366,0.6870294334509284,0.2064156399732402,0.6077446967983007,0.43906732795540154,0.580947961208247
natural_proteins,ppluGFP_to_cgreGFP,CNN_Jannis_OHE,46,iterative_fancy,5,480,4904,0.5051903310137915,0.7107674239959169,0.15062897160045008,0.5841222344840776,0.41833546428447144,0.5621186270508105
natural_proteins,ppluGFP_to_cgreGFP,CNN_Jannis_OHE,46,iterative_fancy,6,576,4904,0.4045721623026716,0.6360598732058733,0.3197972081784186,0.6440075035664674,0.4657336694873888,0.6495661122765415
natural_proteins,ppluGFP_to_cgreGFP,CNN_Jannis_OHE,46,iterative_fancy,7,672,4904,0.3632979415475922,0.6027420190658622,0.38919110821364067,0.6767121119805856,0.4931166268330893,0.6828887036681145
natural_proteins,ppluGFP_to_cgreGFP,CNN_Jannis_OHE,46,iterative_fancy,8,768,4904,0.3862901700378278,0.6215224614105493,0.35053452363737003,0.6843591696921878,0.49834615966059287,0.6614951659635132
natural_proteins,ppluGFP_to_cgreGFP,CNN_Jannis_OHE,46,iterative_fancy,9,864,4904,0.3250622744564745,0.5701423282448642,0.45347632090477374,0.694634435504621,0.5088487641162551,0.7057094609017579
natural_proteins,ppluGFP_to_cgreGFP,CNN_Jannis_OHE,46,iterative_fancy,10,960,4904,0.3466534836828437,0.5887728625563883,0.4171752548329245,0.6996256877382196,0.5106091376330375,0.693130948276849
natural_proteins,ppluGFP_to_cgreGFP,CNN_Jannis_OHE,46,iterative_random,1,96,4904,0.7146645550599506,0.8453783502432214,-0.2015577710560057,0.4463972764502178,0.3153102017265895,0.3357277319953641
natural_proteins,ppluGFP_to_cgreGFP,CNN_Jannis_OHE,46,iterative_random,2,192,4904,0.5570702343833273,0.7463713783253798,0.06340385232743506,0.5228306983724025,0.3738661495080556,0.4965839727557583
natural_proteins,ppluGFP_to_cgreGFP,CNN_Jannis_OHE,46,iterative_random,3,288,4904,0.4683027482838202,0.6843264924608868,0.21264766466540874,0.5606631986024765,0.405642262515328,0.5499548677295871
natural_proteins,ppluGFP_to_cgreGFP,CNN_Jannis_OHE,46,iterative_random,4,384,4904,0.4834876630640496,0.6953327714584217,0.18711743201594244,0.6659464091644061,0.486660284880898,0.5944080919813214
natural_proteins,ppluGFP_to_cgreGFP,CNN_Jannis_OHE,46,iterative_random,5,480,4904,0.413339524693499,0.6429148658208946,0.3050567368093312,0.7020154917537615,0.5163558916558637,0.6726930991431548
natural_proteins,ppluGFP_to_cgreGFP,CNN_Jannis_OHE,46,iterative_random,6,576,4904,0.37867074346176016,0.6153622863498869,0.3633449829621601,0.7038950241523431,0.517669878807574,0.6723728556122953
natural_proteins,ppluGFP_to_cgreGFP,CNN_Jannis_OHE,46,iterative_random,7,672,4904,0.28136487427473633,0.5304383793380116,0.5269442862481888,0.7139135015682084,0.5259393134518717,0.7382842069305533
natural_proteins,ppluGFP_to_cgreGFP,CNN_Jannis_OHE,46,iterative_random,8,768,4904,0.46580826022126537,0.6825014726879828,0.2168416204103074,0.7288959529034517,0.5365099822447775,0.6453091720193616
natural_proteins,ppluGFP_to_cgreGFP,CNN_Jannis_OHE,46,iterative_random,9,864,4904,0.27588203620800417,0.5252447393434837,0.5361625224680768,0.7400879995586148,0.548941455832608,0.7541090975180837
natural_proteins,ppluGFP_to_cgreGFP,CNN_Jannis_OHE,46,iterative_random,10,960,4904,0.2707423516557358,0.5203290801557566,0.5448038184031138,0.732029800795072,0.5431835521227959,0.7567203922648434
natural_proteins,ppluGFP_to_amacGFP,aubin_1_10_1,42,source_only,0,0,6703,0.4251319932629597,0.6520214668728014,-1.45195861883994,-0.21089681922146342,-0.14431732691693958,-0.31204327386671615
natural_proteins,ppluGFP_to_amacGFP,aubin_1_10_1,42,oneshot_fancy,1,960,6703,0.3737123400477322,0.6113201616565024,-1.1553945778437273,0.2107428166842119,0.14217918752639433,0.3986266240362939
natural_proteins,ppluGFP_to_amacGFP,aubin_1_10_1,42,oneshot_random,1,960,6703,0.12559133652927715,0.35438868002417506,0.2756490573878936,0.47412686170585844,0.33052492133457206,0.6102485964037101
natural_proteins,ppluGFP_to_amacGFP,aubin_1_10_1,42,iterative_fancy,1,96,6703,0.33255624052747446,0.5766768943936236,-0.918025820526722,0.21071763227409968,0.14371252713164642,0.21238852446882417
natural_proteins,ppluGFP_to_amacGFP,aubin_1_10_1,42,iterative_fancy,2,192,6703,0.9686365366902637,0.9841933431446607,-4.586633662717316,-0.20745851360874357,-0.13986257643095687,-0.2936287956604928
natural_proteins,ppluGFP_to_amacGFP,aubin_1_10_1,42,iterative_fancy,3,288,6703,0.88859048831393,0.9426507774960619,-4.124966224531758,-0.024403380548453778,-0.015353253007638007,-0.0761725125582251
natural_proteins,ppluGFP_to_amacGFP,aubin_1_10_1,42,iterative_fancy,4,384,6703,0.18729501982815241,0.4327759464528411,-0.08022836533353828,0.28481189487826536,0.19391116433171723,0.38803503504754977
natural_proteins,ppluGFP_to_amacGFP,aubin_1_10_1,42,iterative_fancy,5,480,6703,0.6864798982354311,0.8285408247246668,-2.959288714593627,0.2413139477254653,0.16043766020093822,0.1725386949250738
natural_proteins,ppluGFP_to_amacGFP,aubin_1_10_1,42,iterative_fancy,6,576,6703,0.6704028303570295,0.8187813080163894,-2.866563853198078,0.2517527187854065,0.16900218144961904,0.18496302951532295
natural_proteins,ppluGFP_to_amacGFP,aubin_1_10_1,42,iterative_fancy,7,672,6703,0.1986427021214509,0.4456935069321191,-0.1456763858162038,0.3042774998141372,0.2075979219573244,0.442548771312839
natural_proteins,ppluGFP_to_amacGFP,aubin_1_10_1,42,iterative_fancy,8,768,6703,0.3968408878514168,0.6299530838494378,-1.2887890130478046,-0.08994417231956052,-0.058448606894170974,-0.22320986673289334
natural_proteins,ppluGFP_to_amacGFP,aubin_1_10_1,42,iterative_fancy,9,864,6703,0.15965483396578198,0.39956830951138,0.07918704688093892,0.4014975304762242,0.27570337788608656,0.5268070009838879
natural_proteins,ppluGFP_to_amacGFP,aubin_1_10_1,42,iterative_fancy,10,960,6703,0.1806959100100049,0.425083415355157,-0.04216784659655004,0.3836384970604832,0.26238423111451914,0.49346861256996216
natural_proteins,ppluGFP_to_amacGFP,aubin_1_10_1,42,iterative_random,1,96,6703,0.20330219870060526,0.4508904508864712,-0.17255014026837934,0.29921107714685713,0.20559049445073613,0.3960464109242795
natural_proteins,ppluGFP_to_amacGFP,aubin_1_10_1,42,iterative_random,2,192,6703,0.17387230400661105,0.41697998034271505,-0.002812540910956285,0.31194971212320177,0.214203332604367,0.450069413606624
natural_proteins,ppluGFP_to_amacGFP,aubin_1_10_1,42,iterative_random,3,288,6703,0.21517700554698696,0.46387175549604975,-0.24103836382118904,0.33654452809399926,0.2314887441807149,0.41151450180162485
natural_proteins,ppluGFP_to_amacGFP,aubin_1_10_1,42,iterative_random,4,384,6703,0.16955178611681707,0.4117666646497954,0.0221061460982801,0.35922859775702554,0.24876332880164218,0.5106156257559624
natural_proteins,ppluGFP_to_amacGFP,aubin_1_10_1,42,iterative_random,5,480,6703,0.15606144075158598,0.395046124840614,0.09991202548065337,0.3720688954224862,0.2559777077235611,0.4976452286443975
natural_proteins,ppluGFP_to_amacGFP,aubin_1_10_1,42,iterative_random,6,576,6703,0.15032650687201438,0.38771962404811855,0.13298838947425906,0.40084252809361076,0.27623863497420964,0.5281297998013492
natural_proteins,ppluGFP_to_amacGFP,aubin_1_10_1,42,iterative_random,7,672,6703,0.14546066922426923,0.38139306394357675,0.16105222081918658,0.4204446227963388,0.29132236789175714,0.5394440612897837
natural_proteins,ppluGFP_to_amacGFP,aubin_1_10_1,42,iterative_random,8,768,6703,0.18521265578713927,0.4303633996834992,-0.06821828249141637,0.44824603781865896,0.31213602093604226,0.5409235270636117
natural_proteins,ppluGFP_to_amacGFP,aubin_1_10_1,42,iterative_random,9,864,6703,0.1939153866069487,0.4403582480287484,-0.11841148408346158,0.4687183754279305,0.3265499639450785,0.6159850048434736
natural_proteins,ppluGFP_to_amacGFP,aubin_1_10_1,42,iterative_random,10,960,6703,0.16665787956740838,0.40823752836725874,0.038796819156026174,0.4978764167822682,0.3493460191580829,0.638024954406841
natural_proteins,ppluGFP_to_amacGFP,aubin_1_10_1,43,source_only,0,0,6703,0.3683158544161513,0.6068903149796933,-1.1242702219601743,-0.19936593405231268,-0.1362000851796736,-0.30814888530791307
natural_proteins,ppluGFP_to_amacGFP,aubin_1_10_1,43,oneshot_fancy,1,960,6703,0.23369112081511445,0.4834160949069802,-0.3478189524883948,0.21332373094256954,0.1444142174150053,0.282228655405406
natural_proteins,ppluGFP_to_amacGFP,aubin_1_10_1,43,oneshot_random,1,960,6703,0.12875121017973018,0.3588191887005629,0.25742441291405094,0.49601868709615804,0.34822784835327386,0.6278238073816206
natural_proteins,ppluGFP_to_amacGFP,aubin_1_10_1,43,iterative_fancy,1,96,6703,0.20586051040783532,0.4537185365486353,-0.18730526230019007,0.19004043842425572,0.12968362261943173,0.3642286581566224
natural_proteins,ppluGFP_to_amacGFP,aubin_1_10_1,43,iterative_fancy,2,192,6703,0.5212585034633967,0.7219823429027865,-2.0063704930814987,0.2706817492249728,0.18466150154912295,0.3348733772032836
natural_proteins,ppluGFP_to_amacGFP,aubin_1_10_1,43,iterative_fancy,3,288,6703,0.45271524833884275,0.6728411761618359,-1.6110456814246148,0.2891368212815194,0.19790580936768226,0.30716744109522154
natural_proteins,ppluGFP_to_amacGFP,aubin_1_10_1,43,iterative_fancy,4,384,6703,0.17075918077874777,0.4132301789302758,0.015142469417679938,0.28891687199423904,0.19711711966445578,0.4159877153671583
natural_proteins,ppluGFP_to_amacGFP,aubin_1_10_1,43,iterative_fancy,5,480,6703,0.28658697274800654,0.5353381854005994,-0.6528970037831907,0.3234196184413204,0.22231854498527112,0.4428435496127947
natural_proteins,ppluGFP_to_amacGFP,aubin_1_10_1,43,iterative_fancy,6,576,6703,0.2524015914092006,0.5023958513057215,-0.45573202504641297,0.3564892549019435,0.24441629702547676,0.4604685054063914
natural_proteins,ppluGFP_to_amacGFP,aubin_1_10_1,43,iterative_fancy,7,672,6703,0.3579222117721831,0.5982660041922682,-1.064324647254257,0.3366381346939424,0.23012836280219753,0.35326408356723815
natural_proteins,ppluGFP_to_amacGFP,aubin_1_10_1,43,iterative_fancy,8,768,6703,0.195261117926434,0.4418836022375508,-0.12617302064091795,0.37857539973216936,0.25926832268048217,0.5559123762352678
natural_proteins,ppluGFP_to_amacGFP,aubin_1_10_1,43,iterative_fancy,9,864,6703,0.41398147273411656,0.6434139202209699,-1.3876477334007973,0.341572164400624,0.23337079285993448,0.49696055151834584
natural_proteins,ppluGFP_to_amacGFP,aubin_1_10_1,43,iterative_fancy,10,960,6703,0.4116520484267587,0.6416011599325228,-1.3742127247496638,0.4206028746595885,0.28917411603567234,0.4248710479204062
natural_proteins,ppluGFP_to_amacGFP,aubin_1_10_1,43,iterative_random,1,96,6703,0.2129019028962232,0.461412941838678,-0.22791665658276128,0.2959643029678049,0.20360531730796136,0.4026942990697149
natural_proteins,ppluGFP_to_amacGFP,aubin_1_10_1,43,iterative_random,2,192,6703,0.184941444965742,0.43004818912040776,-0.06665406779671956,0.32682279110867274,0.22520122815385696,0.4003984672589446
natural_proteins,ppluGFP_to_amacGFP,aubin_1_10_1,43,iterative_random,3,288,6703,0.17553435161821143,0.41896819881491176,-0.012398439010291362,0.34892488191391025,0.23966721030237464,0.45299327850715393
natural_proteins,ppluGFP_to_amacGFP,aubin_1_10_1,43,iterative_random,4,384,6703,0.16406622463704001,0.4050508914161775,0.053744248999644584,0.3485809054067989,0.2381928076838867,0.47621214567828357
natural_proteins,ppluGFP_to_amacGFP,aubin_1_10_1,43,iterative_random,5,480,6703,0.1650844822461161,0.4063058973804295,0.047871424652526584,0.3791986993915603,0.26110305200474343,0.49609791639704054
natural_proteins,ppluGFP_to_amacGFP,aubin_1_10_1,43,iterative_random,6,576,6703,0.15754179332803198,0.39691534781113214,0.0913740577053288,0.39014789120816423,0.2677209265692755,0.5286298222126844
natural_proteins,ppluGFP_to_amacGFP,aubin_1_10_1,43,iterative_random,7,672,6703,0.2666554887710507,0.5163869564300116,-0.5379417082560944,0.40550626035486903,0.2793340056907304,0.46232372989398657
natural_proteins,ppluGFP_to_amacGFP,aubin_1_10_1,43,iterative_random,8,768,6703,0.13664548387671663,0.36965589928569603,0.2118940065048709,0.4249533850908363,0.2931584202305258,0.573132519757672
natural_proteins,ppluGFP_to_amacGFP,aubin_1_10_1,43,iterative_random,9,864,6703,0.13149451839552856,0.36262172907249857,0.24160231923384012,0.460026815281615,0.31972244263573235,0.6027023456027241
natural_proteins,ppluGFP_to_amacGFP,aubin_1_10_1,43,iterative_random,10,960,6703,0.12863149864579776,0.35865233673544883,0.25811485195898676,0.4645106327782682,0.3222969320330831,0.5984399145815043
natural_proteins,ppluGFP_to_amacGFP,aubin_1_10_1,44,source_only,0,0,6703,1.7386905011515275,1.3185941381454445,-9.02793774016598,0.21130660015055316,0.14505277654576132,0.3182919484226854
natural_proteins,ppluGFP_to_amacGFP,aubin_1_10_1,44,oneshot_fancy,1,960,6703,0.3466319518352392,0.5887545769123491,-0.99920781154199,0.22901310486293913,0.15582467110319928,0.42029768328198136
natural_proteins,ppluGFP_to_amacGFP,aubin_1_10_1,44,oneshot_random,1,960,6703,0.12332112674491733,0.3511710790269001,0.28874254490599904,0.4747287212982178,0.331204213672467,0.6026853175084974
natural_proteins,ppluGFP_to_amacGFP,aubin_1_10_1,44,iterative_fancy,1,96,6703,1.2492502539097992,1.1176986418126307,-6.205079776876425,0.2253362918531713,0.15315748380102187,0.4360390513346315
natural_proteins,ppluGFP_to_amacGFP,aubin_1_10_1,44,iterative_fancy,2,192,6703,0.3961685152320952,0.6294191888019424,-1.2849110883911257,0.21635747158348778,0.14759674566487566,0.42702215298830326
natural_proteins,ppluGFP_to_amacGFP,aubin_1_10_1,44,iterative_fancy,3,288,6703,0.9706896095814133,0.9852358141995312,-4.598474808174104,-0.15400447786597735,-0.10351072703075882,-0.18367250030741833
natural_proteins,ppluGFP_to_amacGFP,aubin_1_10_1,44,iterative_fancy,4,384,6703,0.6383913300649362,0.7989939487035782,-2.6819367837536805,0.2891454181464861,0.19404659226653184,0.23674906163308973
natural_proteins,ppluGFP_to_amacGFP,aubin_1_10_1,44,iterative_fancy,5,480,6703,0.2794521685673318,0.5286323567162077,-0.6117468554015801,0.3372762754232247,0.2301570622795955,0.36984477050614534
natural_proteins,ppluGFP_to_amacGFP,aubin_1_10_1,44,iterative_fancy,6,576,6703,0.2112731130713621,0.4596445507904582,-0.21852257353882365,0.41268375074547736,0.28333230642789364,0.5440618065912342
natural_proteins,ppluGFP_to_amacGFP,aubin_1_10_1,44,iterative_fancy,7,672,6703,0.3221245147644631,0.5675601419800927,-0.8578606005495715,0.3980866546113133,0.2725024261983189,0.44602347769968165
natural_proteins,ppluGFP_to_amacGFP,aubin_1_10_1,44,iterative_fancy,8,768,6703,0.31791377622343603,0.563838430956454,-0.8335750684772614,0.37510175483128916,0.2563415777700083,0.4232978123730604
natural_proteins,ppluGFP_to_amacGFP,aubin_1_10_1,44,iterative_fancy,9,864,6703,0.15264697353949885,0.3907006188112566,0.11960504421858908,0.40023300509302606,0.2747513218446093,0.526020583296775
natural_proteins,ppluGFP_to_amacGFP,aubin_1_10_1,44,iterative_fancy,10,960,6703,0.16488701981258108,0.4060628274203157,0.049010293811931116,0.41593790340286785,0.28623155559193175,0.5361547240382127
natural_proteins,ppluGFP_to_amacGFP,aubin_1_10_1,44,iterative_random,1,96,6703,0.25424409007291665,0.5042262290608419,-0.466358678768767,0.25422361597886817,0.17518119324147133,0.32178246746664374
natural_proteins,ppluGFP_to_amacGFP,aubin_1_10_1,44,iterative_random,2,192,6703,0.1689085782214618,0.4109848880694542,0.02581586253391599,0.3429161587765752,0.23727324909394135,0.44280402950939113
natural_proteins,ppluGFP_to_amacGFP,aubin_1_10_1,44,iterative_random,3,288,6703,0.18238012271683657,0.4270598584704919,-0.051881582396060555,0.3685353694635108,0.2535575900319973,0.46330184169453537
natural_proteins,ppluGFP_to_amacGFP,aubin_1_10_1,44,iterative_random,4,384,6703,0.17262899344310217,0.41548645398268064,0.0043582815639465755,0.402018008137315,0.2767679615667827,0.4871245248411125
natural_proteins,ppluGFP_to_amacGFP,aubin_1_10_1,44,iterative_random,5,480,6703,0.1512788037857842,0.3889457594392619,0.127495994965224,0.43099361791400204,0.29891155968452643,0.5697133255813135
natural_proteins,ppluGFP_to_amacGFP,aubin_1_10_1,44,iterative_random,6,576,6703,0.16248895228405313,0.40309918417686375,0.06284120383120428,0.4284387459376299,0.2961940149001284,0.5356223082533522
natural_proteins,ppluGFP_to_amacGFP,aubin_1_10_1,44,iterative_random,7,672,6703,0.15630856448489616,0.39535877944582964,0.0984867336244486,0.46524203422067417,0.3229468693493831,0.5661319696782235
natural_proteins,ppluGFP_to_amacGFP,aubin_1_10_1,44,iterative_random,8,768,6703,0.13688852195977752,0.36998448880970336,0.2104922787311183,0.4764693639353736,0.3323917715705344,0.6058417489863895
natural_proteins,ppluGFP_to_amacGFP,aubin_1_10_1,44,iterative_random,9,864,6703,0.12145490394822103,0.3485038076524,0.29950602811485905,0.4808632201285071,0.335663320791926,0.6251653045091483
natural_proteins,ppluGFP_to_amacGFP,aubin_1_10_1,44,iterative_random,10,960,6703,0.11849532138688888,0.34423149389166713,0.3165754890926834,0.5024126020454153,0.35253137261477946,0.6548987984787189
natural_proteins,ppluGFP_to_amacGFP,aubin_1_10_1,45,source_only,0,0,6703,0.2666567831360335,0.5163882097182637,-0.5379491735361153,-0.19520850139303275,-0.13329760736175247,-0.2993209922037374
natural_proteins,ppluGFP_to_amacGFP,aubin_1_10_1,45,oneshot_fancy,1,960,6703,0.4179409197421133,0.6464835030703516,-1.4104839357354746,0.20402284504937632,0.13826816999935124,0.3459852867563694
natural_proteins,ppluGFP_to_amacGFP,aubin_1_10_1,45,oneshot_random,1,960,6703,0.12949074185741993,0.3598482205839289,0.2531591468325708,0.4859913355936182,0.3385021181167312,0.6099712823720014
natural_proteins,ppluGFP_to_amacGFP,aubin_1_10_1,45,iterative_fancy,1,96,6703,1.016875408560215,1.0084024040829211,-4.864852473625491,0.20437316797202662,0.13959143831517185,0.46359481399756874
natural_proteins,ppluGFP_to_amacGFP,aubin_1_10_1,45,iterative_fancy,2,192,6703,0.9677403776524314,0.9837379618843787,-4.5814650447081195,0.0434655947260539,0.032764626761644544,-0.04672254908647866
natural_proteins,ppluGFP_to_amacGFP,aubin_1_10_1,45,iterative_fancy,3,288,6703,0.24956836052370276,0.4995681740500517,-0.439391300285755,0.25190916159473364,0.1725693007213139,0.30547843566016686
natural_proteins,ppluGFP_to_amacGFP,aubin_1_10_1,45,iterative_fancy,4,384,6703,0.46266890061392435,0.6801976923027042,-1.6684536014861053,0.27285877388770097,0.18594441190420474,0.2459627517233145
natural_proteins,ppluGFP_to_amacGFP,aubin_1_10_1,45,iterative_fancy,5,480,6703,0.5528203446419959,0.7435188932649902,-2.18840414317298,0.25980874280704774,0.17337991584317686,0.22888036086621716
natural_proteins,ppluGFP_to_amacGFP,aubin_1_10_1,45,iterative_fancy,6,576,6703,0.35825396585518143,0.5985432029980639,-1.0662380466126535,0.2535054471220654,0.17255906447232544,0.36805933723417483
natural_proteins,ppluGFP_to_amacGFP,aubin_1_10_1,45,iterative_fancy,7,672,6703,0.24350398512137578,0.49346122960307204,-0.4044148746785221,0.34970042070129465,0.23881416549972273,0.4659488010562344
natural_proteins,ppluGFP_to_amacGFP,aubin_1_10_1,45,iterative_fancy,8,768,6703,0.15289182083198607,0.3910138371362145,0.11819288178756182,0.34890737697301144,0.2388927920959767,0.475492538300581
natural_proteins,ppluGFP_to_amacGFP,aubin_1_10_1,45,iterative_fancy,9,864,6703,0.14426302764414628,0.379819730456629,0.16795964637454153,0.40381546985744476,0.27857598335575,0.5499481763591745
natural_proteins,ppluGFP_to_amacGFP,aubin_1_10_1,45,iterative_fancy,10,960,6703,0.16043272924261942,0.40054054631537545,0.07470051785272558,0.3640369548876616,0.24930707164117188,0.48566250596281646
natural_proteins,ppluGFP_to_amacGFP,aubin_1_10_1,45,iterative_random,1,96,6703,0.4637717467122258,0.6810078903450575,-1.6748142919042257,0.3177470477153567,0.2168728528399388,0.39063236047798144
natural_proteins,ppluGFP_to_amacGFP,aubin_1_10_1,45,iterative_random,2,192,6703,0.18497445955801842,0.4300865721666028,-0.06684448022241907,0.3289866383569267,0.22483820854633477,0.44070530002273217
natural_proteins,ppluGFP_to_amacGFP,aubin_1_10_1,45,iterative_random,3,288,6703,0.2159444078031011,0.4646981900148752,-0.24546437410932187,0.3547670262933143,0.24295074711019482,0.4241834350227057
natural_proteins,ppluGFP_to_amacGFP,aubin_1_10_1,45,iterative_random,4,384,6703,0.16394906089512679,0.40490623716500934,0.054419993595093086,0.3695655412456553,0.25373658843519725,0.5112330596039962
natural_proteins,ppluGFP_to_amacGFP,aubin_1_10_1,45,iterative_random,5,480,6703,0.14748257339808865,0.38403459922002947,0.14939084166158811,0.3917001064793745,0.26967405801150024,0.5298630324795268
natural_proteins,ppluGFP_to_amacGFP,aubin_1_10_1,45,iterative_random,6,576,6703,0.14090682172960467,0.37537557423146845,0.18731664172932727,0.39414405046575696,0.2705010811820951,0.5615829259142862
natural_proteins,ppluGFP_to_amacGFP,aubin_1_10_1,45,iterative_random,7,672,6703,0.14569067275911496,0.3816944756727754,0.15972567010419536,0.4076205655536208,0.2806358711958057,0.5543601763564853
natural_proteins,ppluGFP_to_amacGFP,aubin_1_10_1,45,iterative_random,8,768,6703,0.2098187649950429,0.4580597832107103,-0.21013458732034485,0.43441855737042256,0.3001342574583402,0.6482916747980246
natural_proteins,ppluGFP_to_amacGFP,aubin_1_10_1,45,iterative_random,9,864,6703,0.14477557379937944,0.3804938551401053,0.16500352455168954,0.43816937044700827,0.3036665330036055,0.5907442030018026
natural_proteins,ppluGFP_to_amacGFP,aubin_1_10_1,45,iterative_random,10,960,6703,0.12888025465334438,0.35899896191123504,0.2566801459233137,0.4587101023809451,0.3191153549692651,0.6108129566401364
natural_proteins,ppluGFP_to_amacGFP,aubin_1_10_1,46,source_only,0,0,6703,0.3633685757158326,0.602800610248391,-1.0957366774580404,-0.2411265305586774,-0.1638799084730199,-0.31884392723580424
natural_proteins,ppluGFP_to_amacGFP,aubin_1_10_1,46,oneshot_fancy,1,960,6703,0.6432219325503952,0.8020111798163384,-2.7097973954839407,0.17250083199635283,0.11455536229542682,0.0759919048533449
natural_proteins,ppluGFP_to_amacGFP,aubin_1_10_1,46,oneshot_random,1,960,6703,0.11815101953482504,0.3437310278907405,0.3185612579998197,0.4646009768357122,0.3231958897648663,0.6171798551182082
natural_proteins,ppluGFP_to_amacGFP,aubin_1_10_1,46,iterative_fancy,1,96,6703,0.9859655399572225,0.9929579749199975,-4.686579090466019,0.0798976217468944,0.054172451688803455,-0.05778672746720366
natural_proteins,ppluGFP_to_amacGFP,aubin_1_10_1,46,iterative_fancy,2,192,6703,0.43411851804557644,0.6588767092905746,-1.5037886086862384,0.27792570594028576,0.18839966444250764,0.2560328764510486
natural_proteins,ppluGFP_to_amacGFP,aubin_1_10_1,46,iterative_fancy,3,288,6703,0.2071382344985994,0.4551244165045415,-0.1946745655906872,0.32069633098416017,0.21891769042609496,0.4052134761666264
natural_proteins,ppluGFP_to_amacGFP,aubin_1_10_1,46,iterative_fancy,4,384,6703,0.2512758949932919,0.5012742712261341,-0.4492395448921911,0.3350505764614202,0.2278681357402912,0.4183005840579073
natural_proteins,ppluGFP_to_amacGFP,aubin_1_10_1,46,iterative_fancy,5,480,6703,0.3322113822220375,0.5763778120486922,-0.9160368422618668,0.33461533432829005,0.22692041450411052,0.3768520462571852
natural_proteins,ppluGFP_to_amacGFP,aubin_1_10_1,46,iterative_fancy,6,576,6703,0.2334570055986782,0.48317388753809765,-0.3464686875545877,0.3083599025269921,0.20909135752127597,0.39766054903488357
natural_proteins,ppluGFP_to_amacGFP,aubin_1_10_1,46,iterative_fancy,7,672,6703,0.13760529224622692,0.37095187322107825,0.20635828950085844,0.3493399206198821,0.23794000150624517,0.5239634529777344
natural_proteins,ppluGFP_to_amacGFP,aubin_1_10_1,46,iterative_fancy,8,768,6703,0.16997000536527693,0.41227418711978187,0.01969405689521786,0.29844999718851517,0.2021000487385758,0.46961687481734193
natural_proteins,ppluGFP_to_amacGFP,aubin_1_10_1,46,iterative_fancy,9,864,6703,0.3059863139017798,0.5531602967511134,-0.7647831532511022,0.37420723500631425,0.2558268199358892,0.4956649172816335
natural_proteins,ppluGFP_to_amacGFP,aubin_1_10_1,46,iterative_fancy,10,960,6703,0.13616188258312636,0.3690011959101574,0.21468318816772292,0.42416159863591363,0.2933382059617003,0.5996262382787505
natural_proteins,ppluGFP_to_amacGFP,aubin_1_10_1,46,iterative_random,1,96,6703,0.19022094574951798,0.43614326287301286,-0.09710371086073777,0.2630497649317686,0.17888804556748414,0.3779007993008642
natural_proteins,ppluGFP_to_amacGFP,aubin_1_10_1,46,iterative_random,2,192,6703,0.19476735644731133,0.441324547750645,-0.12332523987265875,0.31771033375336977,0.21820760378516216,0.3974045635366107
natural_proteins,ppluGFP_to_amacGFP,aubin_1_10_1,46,iterative_random,3,288,6703,0.2755347177033617,0.5249140098181432,-0.5891528668003687,0.35229096236761426,0.24237626602328527,0.40466263183004036
natural_proteins,ppluGFP_to_amacGFP,aubin_1_10_1,46,iterative_random,4,384,6703,0.16310978300023093,0.4038685219229532,0.059260548294816195,0.38280997517950976,0.2651875152548095,0.4999451847277214
natural_proteins,ppluGFP_to_amacGFP,aubin_1_10_1,46,iterative_random,5,480,6703,0.16307532365663804,0.40382585808320653,0.05945929335719946,0.4023993432961283,0.2788859053571674,0.5045910628671535
natural_proteins,ppluGFP_to_amacGFP,aubin_1_10_1,46,iterative_random,6,576,6703,0.15369877347633837,0.3920443514149112,0.11353876371912608,0.4146516031227632,0.2878814113684386,0.5253359577209552
natural_proteins,ppluGFP_to_amacGFP,aubin_1_10_1,46,iterative_random,7,672,6703,0.14545586455500262,0.381386765049605,0.16107993186047653,0.44978839004508947,0.3144467137625166,0.578383122044916
natural_proteins,ppluGFP_to_amacGFP,aubin_1_10_1,46,iterative_random,8,768,6703,0.1298631520037952,0.3603653035515423,0.2510112626868969,0.461992613839943,0.3231411664133931,0.600939416126439
natural_proteins,ppluGFP_to_amacGFP,aubin_1_10_1,46,iterative_random,9,864,6703,0.12542784260074494,0.35415793454438504,0.2765920124078528,0.4681646387128289,0.3278403694934949,0.6075645582792074
natural_proteins,ppluGFP_to_amacGFP,aubin_1_10_1,46,iterative_random,10,960,6703,0.12736096409285297,0.3568766791103798,0.26544268942357396,0.4778924572479472,0.33655256239443476,0.6392023562337227
natural_proteins,ppluGFP_to_amacGFP,aubin_linear,42,source_only,0,0,6703,70.81045849994737,8.414895037963776,-407.400959641635,0.2127448711052844,0.1451410950574308,0.35106943746773134
natural_proteins,ppluGFP_to_amacGFP,aubin_linear,42,oneshot_fancy,1,960,6703,0.1470750642102472,0.3835036690961994,0.15174116034194762,0.4480721797884283,0.31177503979340776,0.5815077228352636
natural_proteins,ppluGFP_to_amacGFP,aubin_linear,42,oneshot_random,1,960,6703,0.17270210783511014,0.4155744311613867,0.003936592614429579,0.4667536471044849,0.3247142811096797,0.5959924180863272
natural_proteins,ppluGFP_to_amacGFP,aubin_linear,42,iterative_fancy,1,96,6703,0.21552970630153767,0.4642517703806176,-0.2430725735929693,0.30934982991958,0.2130120651559245,0.40426242376779864
natural_proteins,ppluGFP_to_amacGFP,aubin_linear,42,iterative_fancy,2,192,6703,0.19989046396307447,0.4470911137151738,-0.15287288114074205,0.2938916942486188,0.1990827879695629,0.4157306658541836
natural_proteins,ppluGFP_to_amacGFP,aubin_linear,42,iterative_fancy,3,288,6703,0.19994407171671277,0.44715106140622407,-0.15318206510161314,0.3091202901370659,0.21015692388439833,0.4262318551545535
natural_proteins,ppluGFP_to_amacGFP,aubin_linear,42,iterative_fancy,4,384,6703,0.19453239153641838,0.4410582631993401,-0.12197007430639073,0.3131586280536231,0.21308622798937193,0.43494700511375256
natural_proteins,ppluGFP_to_amacGFP,aubin_linear,42,iterative_fancy,5,480,6703,0.1985815436519905,0.44562489119436594,-0.14532365292692506,0.3270793828583694,0.2223036117244557,0.4483686920046729
natural_proteins,ppluGFP_to_amacGFP,aubin_linear,42,iterative_fancy,6,576,6703,0.19115001624545871,0.43720706335266213,-0.10246214646693019,0.326291609227311,0.2213432715613663,0.4622374793472084
natural_proteins,ppluGFP_to_amacGFP,aubin_linear,42,iterative_fancy,7,672,6703,0.18279008226063054,0.42753956806432614,-0.054246033561135665,0.3472859708691445,0.23592610970806546,0.4889198702690284
natural_proteins,ppluGFP_to_amacGFP,aubin_linear,42,iterative_fancy,8,768,6703,0.16115443705644036,0.40144045269060813,0.07053805131897817,0.3780536906689446,0.25855224128741294,0.5191754214463127
natural_proteins,ppluGFP_to_amacGFP,aubin_linear,42,iterative_fancy,9,864,6703,0.15878666178528306,0.3984804409068067,0.08419425004218095,0.40044899812248,0.27506625797189105,0.5332285218926915
natural_proteins,ppluGFP_to_amacGFP,aubin_linear,42,iterative_fancy,10,960,6703,0.18412322056756014,0.42909581746686853,-0.061934939626974383,0.4028148525773906,0.27746448953802055,0.5299519297653617
natural_proteins,ppluGFP_to_amacGFP,aubin_linear,42,iterative_random,1,96,6703,0.376174568878968,0.613330717377638,-1.1695955396625917,0.2941800769547676,0.20139652295959795,0.40935357220101387
natural_proteins,ppluGFP_to_amacGFP,aubin_linear,42,iterative_random,2,192,6703,0.18091257365521107,0.42533818739352697,-0.04341745918904194,0.3037351338222197,0.20791314500729807,0.4275930313054268
natural_proteins,ppluGFP_to_amacGFP,aubin_linear,42,iterative_random,3,288,6703,0.17434541922047342,0.41754690661106975,-0.0055412438660797925,0.3326523981948311,0.22883869916720137,0.4580276969539988
natural_proteins,ppluGFP_to_amacGFP,aubin_linear,42,iterative_random,4,384,6703,0.1632299569938575,0.40401727313799035,0.05856744200288211,0.3446749465546979,0.23779864449754257,0.47960644410110476
natural_proteins,ppluGFP_to_amacGFP,aubin_linear,42,iterative_random,5,480,6703,0.16073384380527997,0.4009162553517629,0.07296383263760686,0.36760046833772503,0.2534758445246197,0.5109536841623694
natural_proteins,ppluGFP_to_amacGFP,aubin_linear,42,iterative_random,6,576,6703,0.16543227056517032,0.4067336604771854,0.04586554746626337,0.39691354798963807,0.2732605509133407,0.5370507140052245
natural_proteins,ppluGFP_to_amacGFP,aubin_linear,42,iterative_random,7,672,6703,0.14839414042153787,0.3852196002561888,0.1441333577384385,0.42033546288832196,0.2904249982548143,0.5557267638088446
natural_proteins,ppluGFP_to_amacGFP,aubin_linear,42,iterative_random,8,768,6703,0.1405551570599009,0.37490686451424293,0.18934487585775306,0.44473423668600937,0.30883204556153876,0.5715824360295231
natural_proteins,ppluGFP_to_amacGFP,aubin_linear,42,iterative_random,9,864,6703,0.13688611180391808,0.36998123169144415,0.21050617936086613,0.4698721655092798,0.32760966303480205,0.5907213359448529
natural_proteins,ppluGFP_to_amacGFP,aubin_linear,42,iterative_random,10,960,6703,0.13660884679054455,0.3696063403007916,0.2121053117480245,0.4933185619624404,0.3453387953056782,0.6074590382225512
natural_proteins,ppluGFP_to_amacGFP,aubin_linear,43,source_only,0,0,6703,81.8153160843246,9.045181926546563,-470.87173067445536,0.19806195262896492,0.13411585054698524,0.33718409964836366
natural_proteins,ppluGFP_to_amacGFP,aubin_linear,43,oneshot_fancy,1,960,6703,0.14434332150406332,0.37992541571216754,0.16749654967755478,0.42159013538619955,0.29186519410395234,0.5555163642072534
natural_proteins,ppluGFP_to_amacGFP,aubin_linear,43,oneshot_random,1,960,6703,0.1462641070366833,0.3824449071914585,0.15641837462537156,0.4842269443852823,0.3381061481110655,0.5920833368127126
natural_proteins,ppluGFP_to_amacGFP,aubin_linear,43,iterative_fancy,1,96,6703,0.22067223685106058,0.46975763628818273,-0.27273223765817445,0.24379353936003287,0.16531081569178568,0.3695408474915909
natural_proteins,ppluGFP_to_amacGFP,aubin_linear,43,iterative_fancy,2,192,6703,0.1907736287927314,0.4367764059478618,-0.1002913231147411,0.27689150260124196,0.18766912677049782,0.41413284493712765
natural_proteins,ppluGFP_to_amacGFP,aubin_linear,43,iterative_fancy,3,288,6703,0.2656779972204087,0.5154396154938119,-0.5323040030952939,0.26905444420814817,0.18222581995306503,0.39358518751853466
natural_proteins,ppluGFP_to_amacGFP,aubin_linear,43,iterative_fancy,4,384,6703,0.30845722346008153,0.5553892540012649,-0.779034181364398,0.30862983105980624,0.20922687745401633,0.44347187540230915
natural_proteins,ppluGFP_to_amacGFP,aubin_linear,43,iterative_fancy,5,480,6703,0.19516678200876364,0.4417768463927955,-0.1256289360505709,0.3439481987447106,0.23526069334807093,0.46423335367158025
natural_proteins,ppluGFP_to_amacGFP,aubin_linear,43,iterative_fancy,6,576,6703,0.19259751315841123,0.4388593318574999,-0.11081061844199214,0.3528206739130884,0.2417636758648436,0.46798014096473894
natural_proteins,ppluGFP_to_amacGFP,aubin_linear,43,iterative_fancy,7,672,6703,0.2069382700414636,0.4549046823692449,-0.19352126595220898,0.38263074361665866,0.2618595599019336,0.5047693975079972
natural_proteins,ppluGFP_to_amacGFP,aubin_linear,43,iterative_fancy,8,768,6703,0.1558441060745933,0.39477095393986794,0.10116550826451753,0.40837822940361473,0.2800529272281391,0.5304018651181083
natural_proteins,ppluGFP_to_amacGFP,aubin_linear,43,iterative_fancy,9,864,6703,0.15950983520601314,0.3993868240265484,0.08002333058663591,0.4180682708082198,0.28719648746973364,0.5445108129234095
natural_proteins,ppluGFP_to_amacGFP,aubin_linear,43,iterative_fancy,10,960,6703,0.13934977552041386,0.3732958284262146,0.19629694180802781,0.4296526152455035,0.2949935698911091,0.5649262363569021
natural_proteins,ppluGFP_to_amacGFP,aubin_linear,43,iterative_random,1,96,6703,0.20528116980114783,0.45307965061471017,-0.18396390193135814,0.28443921630728597,0.19548099248888634,0.37944400647314525
natural_proteins,ppluGFP_to_amacGFP,aubin_linear,43,iterative_random,2,192,6703,0.20726233163490673,0.45526072929136635,-0.19539029869890778,0.3168140675916099,0.21766292092832096,0.41858224402268873
natural_proteins,ppluGFP_to_amacGFP,aubin_linear,43,iterative_random,3,288,6703,0.18046122312205576,0.4248072776236958,-0.04081428453405023,0.347606428820395,0.2383368546739996,0.4605130451789511
natural_proteins,ppluGFP_to_amacGFP,aubin_linear,43,iterative_random,4,384,6703,0.173227757203971,0.41620638775008123,0.0009048977034588068,0.3515708059971355,0.24024534292745806,0.48035500800146974
natural_proteins,ppluGFP_to_amacGFP,aubin_linear,43,iterative_random,5,480,6703,0.1706172012293983,0.41305835087720755,0.015961339757346593,0.3754708129497451,0.2574306939876114,0.5140570475987987
natural_proteins,ppluGFP_to_amacGFP,aubin_linear,43,iterative_random,6,576,6703,0.2086001269455057,0.45672762883966816,-0.20310606414128407,0.3908042258918913,0.2685575781048706,0.5355093724208884
natural_proteins,ppluGFP_to_amacGFP,aubin_linear,43,iterative_random,7,672,6703,0.20855063707883376,0.45667344687296385,-0.20282063018887753,0.4071555795754706,0.2804919801792743,0.5551500346831965
natural_proteins,ppluGFP_to_amacGFP,aubin_linear,43,iterative_random,8,768,6703,0.18807997739258434,0.4336818850177908,-0.08475562626904254,0.4240731807223477,0.29246716052039745,0.5692806521730873
natural_proteins,ppluGFP_to_amacGFP,aubin_linear,43,iterative_random,9,864,6703,0.15883715448603847,0.39854379243194654,0.08390303222096851,0.4453025755817206,0.3087195939146139,0.5858326115859501
natural_proteins,ppluGFP_to_amacGFP,aubin_linear,43,iterative_random,10,960,6703,0.14635479144742614,0.38256344761023126,0.1558953501858118,0.4646929638061575,0.3229709111550953,0.6030205076567906
natural_proteins,ppluGFP_to_amacGFP,aubin_linear,44,source_only,0,0,6703,72.92891078805798,8.539842550542602,-419.61918228483444,0.19761813775593803,0.133925797331001,0.3448750145071915
natural_proteins,ppluGFP_to_amacGFP,aubin_linear,44,oneshot_fancy,1,960,6703,0.16453921278513672,0.40563433383422653,0.051016278899267964,0.4060592995455908,0.27972208846382424,0.5417569562976907
natural_proteins,ppluGFP_to_amacGFP,aubin_linear,44,oneshot_random,1,960,6703,0.13820930353659874,0.371765118773398,0.202874640392409,0.45636076450000196,0.3170492072211308,0.5920704922345366
natural_proteins,ppluGFP_to_amacGFP,aubin_linear,44,iterative_fancy,1,96,6703,0.24901250983620676,0.4990115327687395,-0.4361854185699774,0.2940404004411435,0.20149946019066287,0.3991393376119395
natural_proteins,ppluGFP_to_amacGFP,aubin_linear,44,iterative_fancy,2,192,6703,0.2049844954695038,0.45275213469348086,-0.18225282585147995,0.29730103099447275,0.20324330212567726,0.3981244402436362
natural_proteins,ppluGFP_to_amacGFP,aubin_linear,44,iterative_fancy,3,288,6703,0.201688897778401,0.44909787104639115,-0.16324538982929782,0.3158465027646518,0.21574471492471492,0.4341234363781968
natural_proteins,ppluGFP_to_amacGFP,aubin_linear,44,iterative_fancy,4,384,6703,0.19514212517308566,0.4417489390740918,-0.1254867271796507,0.3200694232141049,0.21859018806380498,0.42832906716137215
natural_proteins,ppluGFP_to_amacGFP,aubin_linear,44,iterative_fancy,5,480,6703,0.19132012036881996,0.4374015550599014,-0.10344322593868327,0.3259802919074799,0.22196586675490548,0.4391250525467128
natural_proteins,ppluGFP_to_amacGFP,aubin_linear,44,iterative_fancy,6,576,6703,0.18476549373657436,0.42984356891382514,-0.06563926500678652,0.33178220459602,0.2250947752377723,0.4500465957068194
natural_proteins,ppluGFP_to_amacGFP,aubin_linear,44,iterative_fancy,7,672,6703,0.21754949043679087,0.46642200895411323,-0.2547217253790288,0.3532697320472062,0.24066370341382928,0.47733979584854697
natural_proteins,ppluGFP_to_amacGFP,aubin_linear,44,iterative_fancy,8,768,6703,0.16550792006624554,0.40682664620971615,0.04542923721647796,0.376717795335229,0.2575204558006567,0.5045781740296148
natural_proteins,ppluGFP_to_amacGFP,aubin_linear,44,iterative_fancy,9,864,6703,0.1536234174722077,0.3919482331535731,0.11397338121848521,0.40217879906297566,0.27594657801562744,0.522409445136543
natural_proteins,ppluGFP_to_amacGFP,aubin_linear,44,iterative_fancy,10,960,6703,0.1650593224700481,0.40627493458254116,0.04801653424379626,0.3988346770001724,0.27328163307353726,0.5242179145031505
natural_proteins,ppluGFP_to_amacGFP,aubin_linear,44,iterative_random,1,96,6703,0.18820572318892462,0.4338268354872997,-0.08548086806219257,0.2594784215492537,0.1781494042026619,0.3930996407127074
natural_proteins,ppluGFP_to_amacGFP,aubin_linear,44,iterative_random,2,192,6703,0.16906612303808588,0.4111765108053789,0.024907219154691296,0.33650224595087475,0.23218304653071678,0.47141520601476994
natural_proteins,ppluGFP_to_amacGFP,aubin_linear,44,iterative_random,3,288,6703,0.15801724710324827,0.3975138325935945,0.08863186704342663,0.37309133983687165,0.2567334416503085,0.5084714661339443
natural_proteins,ppluGFP_to_amacGFP,aubin_linear,44,iterative_random,4,384,6703,0.15743132298848095,0.3967761623238989,0.09201119794760837,0.40022005393420096,0.27550649479333456,0.5297822270722344
natural_proteins,ppluGFP_to_amacGFP,aubin_linear,44,iterative_random,5,480,6703,0.1678893668771691,0.40974304982167675,0.03169418757098785,0.4342964207578819,0.30135730256430115,0.5579221221564816
natural_proteins,ppluGFP_to_amacGFP,aubin_linear,44,iterative_random,6,576,6703,0.21320326069539278,0.4617393861209944,-0.22965474467008007,0.4310943436368105,0.29844518987205576,0.5609712927011151
natural_proteins,ppluGFP_to_amacGFP,aubin_linear,44,iterative_random,7,672,6703,0.15102161163314723,0.3886149915187874,0.12897935666311955,0.4635571480132759,0.3222835435610466,0.5934961471103051
natural_proteins,ppluGFP_to_amacGFP,aubin_linear,44,iterative_random,8,768,6703,0.13003993460087668,0.36061050262142486,0.24999166496326308,0.47944791584972446,0.3346608032814026,0.6099523980365646
natural_proteins,ppluGFP_to_amacGFP,aubin_linear,44,iterative_random,9,864,6703,0.13309161368011355,0.3648172332553844,0.23239103518511284,0.48725944650057035,0.3405240370760299,0.6160251514370321
natural_proteins,ppluGFP_to_amacGFP,aubin_linear,44,iterative_random,10,960,6703,0.22294513429970966,0.47217066226070176,-0.2858412263423249,0.49444786630505916,0.3455865102132001,0.6274138772233809
natural_proteins,ppluGFP_to_amacGFP,aubin_linear,45,source_only,0,0,6703,82.212801760838,9.067127536372144,-473.16423852104697,0.20860510179374117,0.14195937122933688,0.34118637515534683
natural_proteins,ppluGFP_to_amacGFP,aubin_linear,45,oneshot_fancy,1,960,6703,0.15132815502030936,0.38900919657549143,0.12721136057693538,0.4220917305019388,0.2915933802166989,0.5415259725619337
natural_proteins,ppluGFP_to_amacGFP,aubin_linear,45,oneshot_random,1,960,6703,0.147695228737272,0.384311369513409,0.1481643470669307,0.4713082243332591,0.32782402023028206,0.6076594999062767
natural_proteins,ppluGFP_to_amacGFP,aubin_linear,45,iterative_fancy,1,96,6703,0.27128613445961386,0.5208513554360916,-0.5646490645284874,0.2741888873149812,0.18673984455426385,0.40273630775020236
natural_proteins,ppluGFP_to_amacGFP,aubin_linear,45,iterative_fancy,2,192,6703,0.2461214725718891,0.4961063117638084,-0.4195112941804573,0.2732654774484517,0.18556842745267998,0.396990220632807
natural_proteins,ppluGFP_to_amacGFP,aubin_linear,45,iterative_fancy,3,288,6703,0.38276141027020183,0.6186771454241718,-1.207585299963171,0.29596858894368205,0.20147511848740093,0.414231006387485
natural_proteins,ppluGFP_to_amacGFP,aubin_linear,45,iterative_fancy,4,384,6703,0.2113595860979582,0.459738606273128,-0.21902130872276548,0.3270527732344231,0.22380160861808035,0.42937868263047363
natural_proteins,ppluGFP_to_amacGFP,aubin_linear,45,iterative_fancy,5,480,6703,0.19687824857578892,0.44370964444756994,-0.13549985912005225,0.3322214044246156,0.22741497220502907,0.4378469977050512
natural_proteins,ppluGFP_to_amacGFP,aubin_linear,45,iterative_fancy,6,576,6703,0.25460815657894464,0.5045871149553313,-0.4684584407754673,0.3221846429846498,0.21951283422099588,0.43697561073753827
natural_proteins,ppluGFP_to_amacGFP,aubin_linear,45,iterative_fancy,7,672,6703,0.17850474765870414,0.4224982220775658,-0.029530266979655995,0.351999996146196,0.24027510138805475,0.4785894483534088
natural_proteins,ppluGFP_to_amacGFP,aubin_linear,45,iterative_fancy,8,768,6703,0.17642998348870212,0.42003569311274264,-0.017564016569633134,0.36520133268352184,0.24864451586995792,0.4888806187969045
natural_proteins,ppluGFP_to_amacGFP,aubin_linear,45,iterative_fancy,9,864,6703,0.16260628490121018,0.40324469606085356,0.06216448524387541,0.3864338230717175,0.26398560758024975,0.517440117571242
natural_proteins,ppluGFP_to_amacGFP,aubin_linear,45,iterative_fancy,10,960,6703,0.17075614102796263,0.41322650087810514,0.01516000125074568,0.4105659038623682,0.280946072654949,0.5461520851870055
natural_proteins,ppluGFP_to_amacGFP,aubin_linear,45,iterative_random,1,96,6703,0.19940055115087102,0.4465428883666954,-0.15004729764808933,0.3135708699244605,0.21350479449046678,0.4311224061895213
natural_proteins,ppluGFP_to_amacGFP,aubin_linear,45,iterative_random,2,192,6703,0.20692748538462413,0.4548928284603134,-0.19345906519407308,0.31771667213879795,0.21677673221521152,0.4452062721539198
natural_proteins,ppluGFP_to_amacGFP,aubin_linear,45,iterative_random,3,288,6703,0.18354801644778182,0.42842504180752766,-0.05861743654220808,0.34469325011832247,0.23649970761388728,0.46821137162764864
natural_proteins,ppluGFP_to_amacGFP,aubin_linear,45,iterative_random,4,384,6703,0.20678463758106516,0.45473578876207355,-0.19263518717814088,0.37296436017506174,0.25654818611702523,0.49914237147140994
natural_proteins,ppluGFP_to_amacGFP,aubin_linear,45,iterative_random,5,480,6703,0.17039853545382388,0.41279357486984203,0.0172224996831144,0.38580111900879077,0.2654072036012203,0.5233784698959576
natural_proteins,ppluGFP_to_amacGFP,aubin_linear,45,iterative_random,6,576,6703,0.20302303398142357,0.45058077409208613,-0.17094005128396805,0.3920683757740383,0.27006100059500854,0.5331195170113223
natural_proteins,ppluGFP_to_amacGFP,aubin_linear,45,iterative_random,7,672,6703,0.16673374626489715,0.4083304375930077,0.03835925622089453,0.4051561410244658,0.2789115188757703,0.5530682121945585
natural_proteins,ppluGFP_to_amacGFP,aubin_linear,45,iterative_random,8,768,6703,0.20017358218859102,0.447407624195868,-0.1545057720645182,0.4122151372691566,0.2838402447322386,0.5619686974909
natural_proteins,ppluGFP_to_amacGFP,aubin_linear,45,iterative_random,9,864,6703,0.16704025332453118,0.4087055826931303,0.03659146965457016,0.4305327477302187,0.29776586329108,0.5780553399669247
natural_proteins,ppluGFP_to_amacGFP,aubin_linear,45,iterative_random,10,960,6703,0.15396422676157295,0.39238275543348355,0.11200775574761412,0.44597663897908474,0.3096850327415677,0.5910820728307657
natural_proteins,ppluGFP_to_amacGFP,aubin_linear,46,source_only,0,0,6703,71.1737700740925,8.436454828545726,-409.4963675612136,0.2241582930091147,0.15173922319525845,0.3535618351511153
natural_proteins,ppluGFP_to_amacGFP,aubin_linear,46,oneshot_fancy,1,960,6703,0.17040144037840377,0.4127970934713613,0.017205745463310773,0.3928898046535057,0.26919445656668045,0.526535263104692
natural_proteins,ppluGFP_to_amacGFP,aubin_linear,46,oneshot_random,1,960,6703,0.21041505448749903,0.4587102075248588,-0.2135737007804488,0.4847575073783651,0.33821763575030145,0.6153360985565195
natural_proteins,ppluGFP_to_amacGFP,aubin_linear,46,iterative_fancy,1,96,6703,0.2147574222311512,0.4634192726151462,-0.23861840732793937,0.28552930053021924,0.19317789648653017,0.40797476462861765
natural_proteins,ppluGFP_to_amacGFP,aubin_linear,46,iterative_fancy,2,192,6703,0.19437725802448882,0.4408823630227102,-0.12107533818284688,0.27774542307854894,0.1866398326907789,0.42381132187551174
natural_proteins,ppluGFP_to_amacGFP,aubin_linear,46,iterative_fancy,3,288,6703,0.18637215499982462,0.43170841432594825,-0.07490572105905069,0.30416629596822664,0.2050607040272957,0.44410537650689585
natural_proteins,ppluGFP_to_amacGFP,aubin_linear,46,iterative_fancy,4,384,6703,0.2603257709041643,0.5102212960119994,-0.5014349138381606,0.29105537223285005,0.19586534015072016,0.43944778215664343
natural_proteins,ppluGFP_to_amacGFP,aubin_linear,46,iterative_fancy,5,480,6703,0.2449017950175542,0.4948755348747341,-0.4124767756333969,0.3104644672782895,0.2093176933591065,0.46250050525686637
natural_proteins,ppluGFP_to_amacGFP,aubin_linear,46,iterative_fancy,6,576,6703,0.1603060086310841,0.40038232807041335,0.07543138191509335,0.3542328758458583,0.24096493254034804,0.4988923738843902
natural_proteins,ppluGFP_to_amacGFP,aubin_linear,46,iterative_fancy,7,672,6703,0.15137312318007018,0.38906699060710637,0.12695200567387888,0.3768307761846309,0.25651211472713115,0.5176492030236456
natural_proteins,ppluGFP_to_amacGFP,aubin_linear,46,iterative_fancy,8,768,6703,0.18622388494483655,0.43153665538959324,-0.07405057008240101,0.3907414903474919,0.2658042561120513,0.5216611883056722
natural_proteins,ppluGFP_to_amacGFP,aubin_linear,46,iterative_fancy,9,864,6703,0.15299407671136422,0.3911445726472045,0.11760311863460815,0.41212589147922646,0.2812804615377199,0.5475641210193178
natural_proteins,ppluGFP_to_amacGFP,aubin_linear,46,iterative_fancy,10,960,6703,0.1628053462975165,0.4034914451354781,0.06101639402964942,0.412104824566049,0.2815202625436856,0.5542610571733075
natural_proteins,ppluGFP_to_amacGFP,aubin_linear,46,iterative_random,1,96,6703,0.21216296734486803,0.46061151455957766,-0.22365482867372433,0.25077785641255695,0.16986205294193887,0.3748958319896943
natural_proteins,ppluGFP_to_amacGFP,aubin_linear,46,iterative_random,2,192,6703,0.22088669107774037,0.46998584135880134,-0.27396910737813673,0.30612504344770053,0.20969572577228707,0.4196781361459848
natural_proteins,ppluGFP_to_amacGFP,aubin_linear,46,iterative_random,3,288,6703,0.31148430164130314,0.5581077867592452,-0.7964929248933934,0.3404059212982548,0.23346623732153424,0.46297572578843554
natural_proteins,ppluGFP_to_amacGFP,aubin_linear,46,iterative_random,4,384,6703,0.17983954906216748,0.42407493331033785,-0.037228764993276986,0.3561856010170627,0.24454760729083846,0.48592878353616953
natural_proteins,ppluGFP_to_amacGFP,aubin_linear,46,iterative_random,5,480,6703,0.1741348067810564,0.4172946282676742,-0.0043265317431460115,0.38384271287215305,0.26509183887554894,0.5070131774066576
natural_proteins,ppluGFP_to_amacGFP,aubin_linear,46,iterative_random,6,576,6703,0.15656399241346058,0.39568168066447124,0.09701354712975774,0.4079453288488118,0.2827919732806363,0.5411431162215181
natural_proteins,ppluGFP_to_amacGFP,aubin_linear,46,iterative_random,7,672,6703,0.1591896412503523,0.39898576572398203,0.0818700566428362,0.43941515735681946,0.3059713614253204,0.573086029458675
natural_proteins,ppluGFP_to_amacGFP,aubin_linear,46,iterative_random,8,768,6703,0.15899933581876766,0.3987472079134444,0.08296764762770792,0.4310626047975824,0.29915851075318955,0.5682386241800029
natural_proteins,ppluGFP_to_amacGFP,aubin_linear,46,iterative_random,9,864,6703,0.1407410934390536,0.37515475931814274,0.18827248348398662,0.4421228424852723,0.30766308921618285,0.5816442100629594
natural_proteins,ppluGFP_to_amacGFP,aubin_linear,46,iterative_random,10,960,6703,0.14222588760367064,0.3771284762566606,0.17970889874600127,0.45670420464317046,0.3189120424395006,0.5935014030188903
natural_proteins,ppluGFP_to_amacGFP,mlp_small,42,source_only,0,0,6703,14.960810057671935,3.8679206374577975,-85.28681855765677,0.04401641290258827,0.02863409402884782,0.07515338629314759
natural_proteins,ppluGFP_to_amacGFP,mlp_small,42,oneshot_fancy,1,960,6703,0.22776715093117791,0.47724956881193503,-0.3136523189608116,0.4373705434872159,0.3020023125264935,0.5738122745655059
natural_proteins,ppluGFP_to_amacGFP,mlp_small,42,oneshot_random,1,960,6703,0.09206354977362163,0.3034197583771064,0.4690213441339255,0.547293434775493,0.38456597532578124,0.7024716215350217
natural_proteins,ppluGFP_to_amacGFP,mlp_small,42,iterative_fancy,1,96,6703,0.31389191226912777,0.5602605753300225,-0.8103788749589151,0.24852160834520928,0.167341846598511,0.33345435941132906
natural_proteins,ppluGFP_to_amacGFP,mlp_small,42,iterative_fancy,2,192,6703,0.4072857521928707,0.638189432843314,-1.3490300100804626,0.2747981599621404,0.1853319924457595,0.37573744894164707
natural_proteins,ppluGFP_to_amacGFP,mlp_small,42,iterative_fancy,3,288,6703,0.1492463121366221,0.38632410245365495,0.13921843763210828,0.3409369144762109,0.23267637848618847,0.44224961732303475
natural_proteins,ppluGFP_to_amacGFP,mlp_small,42,iterative_fancy,4,384,6703,0.19012504320950888,0.43603330516086597,-0.0965505907397628,0.36652623452499805,0.2509808844828984,0.5024541362412008
natural_proteins,ppluGFP_to_amacGFP,mlp_small,42,iterative_fancy,5,480,6703,0.1471040090914245,0.3835414046637266,0.15157422006928234,0.3139592305206996,0.2118540397105842,0.4118041846927919
natural_proteins,ppluGFP_to_amacGFP,mlp_small,42,iterative_fancy,6,576,6703,0.13417505128543475,0.36629912815270904,0.22614228369983136,0.35259651522748686,0.2395840162459336,0.47916292223588314
natural_proteins,ppluGFP_to_amacGFP,mlp_small,42,iterative_fancy,7,672,6703,0.20591156174807382,0.4537747918825745,-0.1875997020875615,0.38278172952875855,0.2613225240312795,0.49117604536728054
natural_proteins,ppluGFP_to_amacGFP,mlp_small,42,iterative_fancy,8,768,6703,0.1588317387713353,0.398536997995588,0.08393426748096766,0.4147970337756819,0.2831386527312444,0.5405091684881664
natural_proteins,ppluGFP_to_amacGFP,mlp_small,42,iterative_fancy,9,864,6703,0.309895443858838,0.5566825341779981,-0.7873291508289544,0.41979358535128203,0.2862237305993322,0.5451145162554146
natural_proteins,ppluGFP_to_amacGFP,mlp_small,42,iterative_fancy,10,960,6703,0.11711167444374053,0.34221583020623186,0.32455570488788854,0.4501368269393906,0.3094216331054335,0.5723971709315092
natural_proteins,ppluGFP_to_amacGFP,mlp_small,42,iterative_random,1,96,6703,0.1754357434489851,0.41885050250535105,-0.011829714110133116,0.2731526883979496,0.18325249080209996,0.32272828957056277
natural_proteins,ppluGFP_to_amacGFP,mlp_small,42,iterative_random,2,192,6703,0.14938205015116424,0.38649974146325666,0.1384355654890208,0.3315264579573886,0.224450913650251,0.43720309511994493
natural_proteins,ppluGFP_to_amacGFP,mlp_small,42,iterative_random,3,288,6703,0.1367295012779453,0.36976952453919903,0.21140943419711755,0.3923936653007591,0.2703127348240891,0.5327818853697578
natural_proteins,ppluGFP_to_amacGFP,mlp_small,42,iterative_random,4,384,6703,0.1285901623497284,0.35859470485455913,0.25835326000407477,0.4293847660219505,0.2952969010210185,0.549300195856881
natural_proteins,ppluGFP_to_amacGFP,mlp_small,42,iterative_random,5,480,6703,0.12122653880911849,0.3481760169930124,0.3008231293444499,0.42228766182138794,0.2888059968379731,0.5492536016736945
natural_proteins,ppluGFP_to_amacGFP,mlp_small,42,iterative_random,6,576,6703,0.12780392030677282,0.35749674167294565,0.2628879291992178,0.45432334886061626,0.3131632986313656,0.5939331151366686
natural_proteins,ppluGFP_to_amacGFP,mlp_small,42,iterative_random,7,672,6703,0.10686142337477247,0.32689665549646185,0.3836742653634906,0.489370153200034,0.3392700818854995,0.6343001812146272
natural_proteins,ppluGFP_to_amacGFP,mlp_small,42,iterative_random,8,768,6703,0.10473017120894232,0.32362041222540694,0.39596631159793205,0.5189546482431385,0.3619269256972587,0.660520559011215
natural_proteins,ppluGFP_to_amacGFP,mlp_small,42,iterative_random,9,864,6703,0.14775126807986655,0.3843842713741895,0.1478411388604295,0.5521903424276241,0.39010723411019316,0.6822346417065595
natural_proteins,ppluGFP_to_amacGFP,mlp_small,42,iterative_random,10,960,6703,0.0945786782781374,0.3075364665826435,0.454515282224059,0.5754775684078559,0.40861994744970426,0.7072306120675211
natural_proteins,ppluGFP_to_amacGFP,mlp_small,43,source_only,0,0,6703,15.477468431144624,3.9341413842342554,-88.26665769446011,-0.08296554785848854,-0.055445688432629626,-0.12434516891051524
natural_proteins,ppluGFP_to_amacGFP,mlp_small,43,oneshot_fancy,1,960,6703,0.41873086850446417,0.6470941728253038,-1.4150399835205918,0.1861867174696509,0.12541726968866684,0.3363879645217002
natural_proteins,ppluGFP_to_amacGFP,mlp_small,43,oneshot_random,1,960,6703,0.09494807906226393,0.3081364617539832,0.45238475464486305,0.5733976628095417,0.40508035449905266,0.7007837217033677
natural_proteins,ppluGFP_to_amacGFP,mlp_small,43,iterative_fancy,1,96,6703,0.7227201548518375,0.850129492990237,-3.1683052340927977,0.1812510216022353,0.12126665543249934,0.1865531913027966
natural_proteins,ppluGFP_to_amacGFP,mlp_small,43,iterative_fancy,2,192,6703,0.6921479972079809,0.8319543239913961,-2.9919796067128304,0.2914343572024902,0.1977021838423398,0.34871544555054146
natural_proteins,ppluGFP_to_amacGFP,mlp_small,43,iterative_fancy,3,288,6703,0.18464600584402363,0.42970455646178995,-0.0649501158186998,0.3607626372057411,0.24465226975305282,0.41832971162970256
natural_proteins,ppluGFP_to_amacGFP,mlp_small,43,iterative_fancy,4,384,6703,0.2437385474775233,0.4936988428966826,-0.4057677185009714,0.3436157743732595,0.23240173255336163,0.4195206700943166
natural_proteins,ppluGFP_to_amacGFP,mlp_small,43,iterative_fancy,5,480,6703,0.1520659766611001,0.3899563778951437,0.12295595717288132,0.3644560663544381,0.2475933687787001,0.48371434617655584
natural_proteins,ppluGFP_to_amacGFP,mlp_small,43,iterative_fancy,6,576,6703,0.2749266520017436,0.5243344848488831,-0.585645833781141,0.4174270867732652,0.2852805049620507,0.5563179599987085
natural_proteins,ppluGFP_to_amacGFP,mlp_small,43,iterative_fancy,7,672,6703,0.1725683395564297,0.4154134561571516,0.004708104260307877,0.42229438527341057,0.2886263018856705,0.5432946623464999
natural_proteins,ppluGFP_to_amacGFP,mlp_small,43,iterative_fancy,8,768,6703,0.13182563915312773,0.36307800698076953,0.23969257259435384,0.4346589411508809,0.2981813143870156,0.5600205290016409
natural_proteins,ppluGFP_to_amacGFP,mlp_small,43,iterative_fancy,9,864,6703,0.12995491888317864,0.36049260586477866,0.2504819950843782,0.462588506010163,0.31852274374123785,0.607531569473063
natural_proteins,ppluGFP_to_amacGFP,mlp_small,43,iterative_fancy,10,960,6703,0.13032765876209185,0.3610092225443719,0.24833220919865373,0.4585787315141998,0.315864832809069,0.596066860599757
natural_proteins,ppluGFP_to_amacGFP,mlp_small,43,iterative_random,1,96,6703,0.164508094479553,0.4055959744370659,0.051195754447541986,0.29005297795871005,0.19729145533620657,0.34916895917780644
natural_proteins,ppluGFP_to_amacGFP,mlp_small,43,iterative_random,2,192,6703,0.23657693680890235,0.48639175240633176,-0.36446296307918935,0.36952171501473485,0.25415839119384537,0.47166576582364506
natural_proteins,ppluGFP_to_amacGFP,mlp_small,43,iterative_random,3,288,6703,0.13016485497863206,0.36078366783798854,0.24927118379092128,0.4045680327272182,0.27897242596386945,0.5346885397204784
natural_proteins,ppluGFP_to_amacGFP,mlp_small,43,iterative_random,4,384,6703,0.14147492908314366,0.37613153162576474,0.1840400694082347,0.4114513001111016,0.2833015533339672,0.5377420709178884
natural_proteins,ppluGFP_to_amacGFP,mlp_small,43,iterative_random,5,480,6703,0.11546705305267903,0.33980443353887985,0.3340410968566071,0.45705435326317295,0.3158754081250148,0.6092317319423775
natural_proteins,ppluGFP_to_amacGFP,mlp_small,43,iterative_random,6,576,6703,0.1266919913425924,0.3559381847211569,0.26930100525668943,0.47298060534681236,0.3264151274619335,0.6048692030672927
natural_proteins,ppluGFP_to_amacGFP,mlp_small,43,iterative_random,7,672,6703,0.10848358577690263,0.32936846506139994,0.3743184061336704,0.4829225698647842,0.33455770290427184,0.6329941789356879
natural_proteins,ppluGFP_to_amacGFP,mlp_small,43,iterative_random,8,768,6703,0.09911296796074186,0.3148221211426253,0.4283636614480094,0.5091927014769714,0.3546402576195924,0.6642244070993122
natural_proteins,ppluGFP_to_amacGFP,mlp_small,43,iterative_random,9,864,6703,0.10459533674316696,0.3234120231889454,0.39674397250257754,0.5267546941392373,0.3669468896573769,0.6781796423312734
natural_proteins,ppluGFP_to_amacGFP,mlp_small,43,iterative_random,10,960,6703,0.0889204494689967,0.2981953210045334,0.4871492479471693,0.5456513066955694,0.38284375821781114,0.703227455017102
natural_proteins,ppluGFP_to_amacGFP,mlp_small,44,source_only,0,0,6703,15.33705143781568,3.916254771821629,-87.45679943283656,0.011567799711985106,0.007678664749835914,0.004234573845773842
natural_proteins,ppluGFP_to_amacGFP,mlp_small,44,oneshot_fancy,1,960,6703,0.11236578628736639,0.335210062926766,0.3519277247628412,0.4976297432064684,0.34840996536052765,0.6133268971491734
natural_proteins,ppluGFP_to_amacGFP,mlp_small,44,oneshot_random,1,960,6703,0.08936410433359396,0.29893829519416537,0.4845904582388477,0.5554105952138165,0.39127691169288575,0.7090155294303115
natural_proteins,ppluGFP_to_amacGFP,mlp_small,44,iterative_fancy,1,96,6703,0.16945893993620767,0.411653907956924,0.022641638595620295,0.28194646852105826,0.18857234667749528,0.34623856220619553
natural_proteins,ppluGFP_to_amacGFP,mlp_small,44,iterative_fancy,2,192,6703,0.15911536807480717,0.3988926773893038,0.08229842890324579,0.35477766881061357,0.24002264439092036,0.4428950989164062
natural_proteins,ppluGFP_to_amacGFP,mlp_small,44,iterative_fancy,3,288,6703,0.36864391862162293,0.6071605377670908,-1.126162339864464,0.3239746121794134,0.21821363025609627,0.41910532114859983
natural_proteins,ppluGFP_to_amacGFP,mlp_small,44,iterative_fancy,4,384,6703,0.3024325681829259,0.5499386949314677,-0.744286842499162,0.3254119124611156,0.2194787021616179,0.4190067741731924
natural_proteins,ppluGFP_to_amacGFP,mlp_small,44,iterative_fancy,5,480,6703,0.24709609132607574,0.4970876093065243,-0.42513243042115634,0.3543563053690246,0.23973110203799747,0.4463833876079334
natural_proteins,ppluGFP_to_amacGFP,mlp_small,44,iterative_fancy,6,576,6703,0.1984782727262193,0.4455090040910725,-0.14472803547038682,0.37234595725793196,0.25376613048368274,0.45681001099095037
natural_proteins,ppluGFP_to_amacGFP,mlp_small,44,iterative_fancy,7,672,6703,0.16536885680050817,0.40665569810406954,0.04623128782285957,0.3877458947217631,0.266072291806883,0.49253690494981106
natural_proteins,ppluGFP_to_amacGFP,mlp_small,44,iterative_fancy,8,768,6703,0.16311330390992215,0.403872880879519,0.05924024136661432,0.40511884605116943,0.27878925723151976,0.5076042750229547
natural_proteins,ppluGFP_to_amacGFP,mlp_small,44,iterative_fancy,9,864,6703,0.269735069246285,0.5193602499674816,-0.5557032599819633,0.43506210510080445,0.29907317508594966,0.5413596041462441
natural_proteins,ppluGFP_to_amacGFP,mlp_small,44,iterative_fancy,10,960,6703,0.1372242570597981,0.37043792605482245,0.20855591876483048,0.44217840129957076,0.30511012540645405,0.5597378479163693
natural_proteins,ppluGFP_to_amacGFP,mlp_small,44,iterative_random,1,96,6703,0.15163071292910185,0.3893978851112341,0.12546635082956714,0.28087133128724806,0.1893455890636439,0.36784288486292405
natural_proteins,ppluGFP_to_amacGFP,mlp_small,44,iterative_random,2,192,6703,0.13088954742576833,0.3617866048180451,0.2450915033153922,0.3664463019453313,0.25256636124280596,0.5009526605173297
natural_proteins,ppluGFP_to_amacGFP,mlp_small,44,iterative_random,3,288,6703,0.12439083440428704,0.3526908482003567,0.2825729812020311,0.3920865875367859,0.26821033963564656,0.5393488072639745
natural_proteins,ppluGFP_to_amacGFP,mlp_small,44,iterative_random,4,384,6703,0.11899435178406634,0.34495557943605776,0.3136973197174946,0.45637944179267925,0.3155555610575655,0.5999908233735816
natural_proteins,ppluGFP_to_amacGFP,mlp_small,44,iterative_random,5,480,6703,0.14814271164111634,0.38489311716516356,0.1455834790535795,0.44774587089539863,0.3071229740496644,0.5519267766359106
natural_proteins,ppluGFP_to_amacGFP,mlp_small,44,iterative_random,6,576,6703,0.11415739455723856,0.337871861150405,0.34159458256579933,0.49609747795406417,0.34423752905609384,0.6323085347412747
natural_proteins,ppluGFP_to_amacGFP,mlp_small,44,iterative_random,7,672,6703,0.1467612780339871,0.38309434612636495,0.15355092938202497,0.520004328992585,0.36166275839672735,0.6520391347493242
natural_proteins,ppluGFP_to_amacGFP,mlp_small,44,iterative_random,8,768,6703,0.11219873586617315,0.3349607975064741,0.3528911919366049,0.5313201819987857,0.3712014074057268,0.6568120540434873
natural_proteins,ppluGFP_to_amacGFP,mlp_small,44,iterative_random,9,864,6703,0.11018022120041462,0.3319340615248978,0.36453302202794813,0.5439871977347465,0.3811022119305378,0.6705650086512398
natural_proteins,ppluGFP_to_amacGFP,mlp_small,44,iterative_random,10,960,6703,0.10213092959712254,0.31957930095224024,0.4109574978025583,0.5536519759942984,0.38883132344497134,0.6826117845765287
natural_proteins,ppluGFP_to_amacGFP,mlp_small,45,source_only,0,0,6703,12.782625626246272,3.5752797969174765,-72.72408939426106,0.034840827452951174,0.02235219191244367,0.060036845309959425
natural_proteins,ppluGFP_to_amacGFP,mlp_small,45,oneshot_fancy,1,960,6703,0.11248207612399237,0.33538347622384795,0.35125702043637996,0.5179639723586468,0.36310021765964917,0.6431194540012845
natural_proteins,ppluGFP_to_amacGFP,mlp_small,45,oneshot_random,1,960,6703,0.08634198218981094,0.2938400622614468,0.5020206177071151,0.5724197600292805,0.4047114471337308,0.7189138541699713
natural_proteins,ppluGFP_to_amacGFP,mlp_small,45,iterative_fancy,1,96,6703,0.16498770300525756,0.406186783395592,0.048429601165958625,0.2515324117392945,0.16896364631066155,0.3060169451258768
natural_proteins,ppluGFP_to_amacGFP,mlp_small,45,iterative_fancy,2,192,6703,0.25784199453400797,0.5077814436684428,-0.4871096760894482,0.3076490935883119,0.2101472743473318,0.4195228442422847
natural_proteins,ppluGFP_to_amacGFP,mlp_small,45,iterative_fancy,3,288,6703,0.1624599455682683,0.40306320294498266,0.06300850073640085,0.3257197447699165,0.22124847647120627,0.43625571750298925
natural_proteins,ppluGFP_to_amacGFP,mlp_small,45,iterative_fancy,4,384,6703,0.2327108697378764,0.4824011502244542,-0.3421653316940305,0.3594596822900124,0.24531505998489359,0.458840046708387
natural_proteins,ppluGFP_to_amacGFP,mlp_small,45,iterative_fancy,5,480,6703,0.13652398963404452,0.3694915285010531,0.21259472736375717,0.35168984611064347,0.24045648088298432,0.4683512341606945
natural_proteins,ppluGFP_to_amacGFP,mlp_small,45,iterative_fancy,6,576,6703,0.26130196240910947,0.5111770362693433,-0.5070651209552903,0.35621267442624843,0.24285617071991175,0.46459417934815245
natural_proteins,ppluGFP_to_amacGFP,mlp_small,45,iterative_fancy,7,672,6703,0.2809086153250397,0.530008127602813,-0.6201469458135815,0.36607647198801807,0.2500360421912317,0.47465002900972275
natural_proteins,ppluGFP_to_amacGFP,mlp_small,45,iterative_fancy,8,768,6703,0.2942270206709265,0.5424269726616906,-0.696961157151593,0.40071956435433315,0.27498404914456004,0.49636249502415153
natural_proteins,ppluGFP_to_amacGFP,mlp_small,45,iterative_fancy,9,864,6703,0.25973866655444316,0.5096456284070757,-0.4980487759015437,0.40304598116975454,0.2768936955426635,0.5089858125201828
natural_proteins,ppluGFP_to_amacGFP,mlp_small,45,iterative_fancy,10,960,6703,0.13138603201608037,0.3624721120528866,0.2422280169402704,0.4238941833486554,0.29138532399313344,0.5374291579637935
natural_proteins,ppluGFP_to_amacGFP,mlp_small,45,iterative_random,1,96,6703,0.13894668605817478,0.37275553122411853,0.19862176961859745,0.32637151566404543,0.22149709695759184,0.4506969921669246
natural_proteins,ppluGFP_to_amacGFP,mlp_small,45,iterative_random,2,192,6703,0.14481207255037362,0.3805418144571942,0.16479301715987882,0.32793026952997234,0.22243755585318933,0.4482458590874091
natural_proteins,ppluGFP_to_amacGFP,mlp_small,45,iterative_random,3,288,6703,0.12864822721864497,0.35867565741020807,0.2580183695275923,0.3844436633064443,0.26276199156207114,0.5140016899597935
natural_proteins,ppluGFP_to_amacGFP,mlp_small,45,iterative_random,4,384,6703,0.17265364966254482,0.41551612443146513,0.004216076247178013,0.41197482056227963,0.28202578389360317,0.534328439500875
natural_proteins,ppluGFP_to_amacGFP,mlp_small,45,iterative_random,5,480,6703,0.11791416255658657,0.343386316787065,0.3199273361083308,0.42673605556045563,0.2929076138477333,0.5809923749004224
natural_proteins,ppluGFP_to_amacGFP,mlp_small,45,iterative_random,6,576,6703,0.18526987480342716,0.4304298721086016,-0.06854829449326982,0.4475399405090923,0.3086069880661129,0.6079682409953125
natural_proteins,ppluGFP_to_amacGFP,mlp_small,45,iterative_random,7,672,6703,0.12734375472660964,0.35685256721314146,0.26554194484201765,0.4589469871361473,0.31592944255164573,0.6080802142520374
natural_proteins,ppluGFP_to_amacGFP,mlp_small,45,iterative_random,8,768,6703,0.11623353385906214,0.3409303944488701,0.3296204010511423,0.4791539757631817,0.33015904164004867,0.6384923575992443
natural_proteins,ppluGFP_to_amacGFP,mlp_small,45,iterative_random,9,864,6703,0.11334811146528893,0.3366721126931795,0.346262141544735,0.5114618486473771,0.35576160883655095,0.664818835018324
natural_proteins,ppluGFP_to_amacGFP,mlp_small,45,iterative_random,10,960,6703,0.11271599677905106,0.3357320312080023,0.3499078776398249,0.531627268844965,0.3724006336788128,0.6948963001304376
natural_proteins,ppluGFP_to_amacGFP,mlp_small,46,source_only,0,0,6703,15.233130322293691,3.9029642993875426,-86.85743199184985,0.03762951845643868,0.02526217597749368,0.031794798467855725
natural_proteins,ppluGFP_to_amacGFP,mlp_small,46,oneshot_fancy,1,960,6703,0.17579772789357717,0.41928239635546016,-0.013917467779273052,0.46302250110557264,0.32086296847695894,0.6114262788963074
natural_proteins,ppluGFP_to_amacGFP,mlp_small,46,oneshot_random,1,960,6703,0.11966698209875241,0.3459291576302183,0.3098179087968317,0.5717739524082032,0.404495713780967,0.7030908389759509
natural_proteins,ppluGFP_to_amacGFP,mlp_small,46,iterative_fancy,1,96,6703,0.15614458551521174,0.3951513450757972,0.0994324861304886,0.305782942991771,0.20880382185633786,0.3978619431514418
natural_proteins,ppluGFP_to_amacGFP,mlp_small,46,iterative_fancy,2,192,6703,0.3256955224840283,0.5706974001027412,-0.8784564702904689,0.24021044551293744,0.16216377527554565,0.30552138529805906
natural_proteins,ppluGFP_to_amacGFP,mlp_small,46,iterative_fancy,3,288,6703,0.2833481660307722,0.5323045801331905,-0.6342171110182924,0.2657036694743105,0.1794665405057376,0.3567839954588565
natural_proteins,ppluGFP_to_amacGFP,mlp_small,46,iterative_fancy,4,384,6703,0.20905279535144222,0.45722291647668123,-0.2057168396580682,0.3233648967260985,0.21928563876998308,0.4275192633734871
natural_proteins,ppluGFP_to_amacGFP,mlp_small,46,iterative_fancy,5,480,6703,0.2708605551353332,0.5204426530707617,-0.5621945259176409,0.3250186501745765,0.22099056342126894,0.4046921468627514
natural_proteins,ppluGFP_to_amacGFP,mlp_small,46,iterative_fancy,6,576,6703,0.1330793798362133,0.3648004657839862,0.23246159416319057,0.35973115959327534,0.24426959581206517,0.50590957872119
natural_proteins,ppluGFP_to_amacGFP,mlp_small,46,iterative_fancy,7,672,6703,0.1401617331778436,0.37438180134435434,0.19161395721073227,0.37535558787663387,0.2549655824811335,0.5175080428509886
natural_proteins,ppluGFP_to_amacGFP,mlp_small,46,iterative_fancy,8,768,6703,0.18695790051608074,0.4323862862257321,-0.07828402189218209,0.3677844072147966,0.24972246045855814,0.49686142308233
natural_proteins,ppluGFP_to_amacGFP,mlp_small,46,iterative_fancy,9,864,6703,0.20517065021649075,0.4529576693428325,-0.1833264776667889,0.40108431708576625,0.27444290313365904,0.5399332783759176
natural_proteins,ppluGFP_to_amacGFP,mlp_small,46,iterative_fancy,10,960,6703,0.20187304185935562,0.4493028398078023,-0.16430744508169037,0.42062505147932927,0.28814743655222297,0.5860524531566997
natural_proteins,ppluGFP_to_amacGFP,mlp_small,46,iterative_random,1,96,6703,0.1498904741254421,0.38715691150416276,0.135503218440314,0.30153679112807136,0.20440767463290763,0.37460767026858066
natural_proteins,ppluGFP_to_amacGFP,mlp_small,46,iterative_random,2,192,6703,0.14259928539210057,0.37762320557945134,0.17755531835189942,0.3367514109386616,0.23082191326668064,0.423743987936559
natural_proteins,ppluGFP_to_amacGFP,mlp_small,46,iterative_random,3,288,6703,0.13594913344865983,0.36871280619021063,0.21591022372884872,0.38536598387656545,0.2648354052343439,0.4836540893547282
natural_proteins,ppluGFP_to_amacGFP,mlp_small,46,iterative_random,4,384,6703,0.13208140397780824,0.36343005376249254,0.23821744304350978,0.41457097994873887,0.2860929574441163,0.5280885876255946
natural_proteins,ppluGFP_to_amacGFP,mlp_small,46,iterative_random,5,480,6703,0.12642096412241116,0.35555725857084,0.2708641610271201,0.43387293110259195,0.29969759763736015,0.5624877003645433
natural_proteins,ppluGFP_to_amacGFP,mlp_small,46,iterative_random,6,576,6703,0.11339170845955991,0.33673685343240933,0.3460106948704027,0.473825719357083,0.3290437676539672,0.6094860017145689
natural_proteins,ppluGFP_to_amacGFP,mlp_small,46,iterative_random,7,672,6703,0.1290048274952876,0.35917242028764906,0.25596166917181873,0.5072906295574454,0.3546078170473032,0.6516615888478234
natural_proteins,ppluGFP_to_amacGFP,mlp_small,46,iterative_random,8,768,6703,0.12545771446578521,0.3542001051182583,0.2764197257342854,0.5077004362976146,0.3541340845140933,0.6487762994855601
natural_proteins,ppluGFP_to_amacGFP,mlp_small,46,iterative_random,9,864,6703,0.09966958531344389,0.3157049022638766,0.4251533579728969,0.52957441695612,0.37264189464003744,0.68355198655639
natural_proteins,ppluGFP_to_amacGFP,mlp_small,46,iterative_random,10,960,6703,0.11762751017130264,0.3429686722884506,0.32158061038043007,0.5418255951187921,0.3818326544408795,0.6949370551972535
natural_proteins,ppluGFP_to_amacGFP,CNN_Jannis_OHE,42,source_only,0,0,6703,0.899795304173615,0.948575407742376,-4.189590259549221,-0.0888876757402335,-0.058647317492882704,-0.09536428108153575
natural_proteins,ppluGFP_to_amacGFP,CNN_Jannis_OHE,42,oneshot_fancy,1,960,6703,0.06591285364441399,0.2567349871840883,0.6198460898100622,0.6680334949837129,0.4853807694929363,0.8054481888914661
natural_proteins,ppluGFP_to_amacGFP,CNN_Jannis_OHE,42,oneshot_random,1,960,6703,0.05562991767045732,0.235859953511522,0.6791531612322945,0.6890651448095464,0.5074266529151102,0.8399389223821156
natural_proteins,ppluGFP_to_amacGFP,CNN_Jannis_OHE,42,iterative_fancy,1,96,6703,0.15889119772956617,0.3986115875505455,0.08359133656207252,0.44462881145753724,0.3057675383183899,0.5017750558851766
natural_proteins,ppluGFP_to_amacGFP,CNN_Jannis_OHE,42,iterative_fancy,2,192,6703,0.14246952701248208,0.37745135714749006,0.17830370281205332,0.4488062800179142,0.3113098920461833,0.5646626199920874
natural_proteins,ppluGFP_to_amacGFP,CNN_Jannis_OHE,42,iterative_fancy,3,288,6703,0.12457721381066145,0.3529549741973634,0.28149803365850123,0.4719884866221661,0.3286721041350541,0.6288940379693002
natural_proteins,ppluGFP_to_amacGFP,CNN_Jannis_OHE,42,iterative_fancy,4,384,6703,0.11433298800377699,0.33813161343443915,0.3405818432954678,0.48642266353646346,0.33975845816788625,0.6581126583105774
natural_proteins,ppluGFP_to_amacGFP,CNN_Jannis_OHE,42,iterative_fancy,5,480,6703,0.1001835343498958,0.31651782627507064,0.4221891450001195,0.5031836950063162,0.35289090246849275,0.6803022652968933
natural_proteins,ppluGFP_to_amacGFP,CNN_Jannis_OHE,42,iterative_fancy,6,576,6703,0.0856116815887877,0.2925947395097658,0.506232643340094,0.5326441202580403,0.3775831722172086,0.7263829685082575
natural_proteins,ppluGFP_to_amacGFP,CNN_Jannis_OHE,42,iterative_fancy,7,672,6703,0.0885049606821107,0.2974978330712859,0.48954558914985635,0.595431428513583,0.426532094565732,0.7551965238122271
natural_proteins,ppluGFP_to_amacGFP,CNN_Jannis_OHE,42,iterative_fancy,8,768,6703,0.0720885464020444,0.2684931030809626,0.5842276387775776,0.5769006942514374,0.4133175484160213,0.7701177278711169
natural_proteins,ppluGFP_to_amacGFP,CNN_Jannis_OHE,42,iterative_fancy,9,864,6703,0.06598476536888831,0.25687499950148573,0.6194313372734037,0.6209815748915685,0.45208095124953007,0.8035314000881115
natural_proteins,ppluGFP_to_amacGFP,CNN_Jannis_OHE,42,iterative_fancy,10,960,6703,0.07497525999293442,0.2738161061605661,0.5675784512747046,0.5989085215883139,0.4314825988950119,0.7977960960760566
natural_proteins,ppluGFP_to_amacGFP,CNN_Jannis_OHE,42,iterative_random,1,96,6703,0.21896999282433946,0.46794229646863456,-0.2629145058035267,0.37128775941237835,0.2537600617061847,0.3849038546367203
natural_proteins,ppluGFP_to_amacGFP,CNN_Jannis_OHE,42,iterative_random,2,192,6703,0.1532792665791044,0.39150896104572674,0.11595827946631987,0.4573185530742319,0.31414832116406755,0.5728975713084559
natural_proteins,ppluGFP_to_amacGFP,CNN_Jannis_OHE,42,iterative_random,3,288,6703,0.13809401245849598,0.3716100273922866,0.20353958435595254,0.5012772639272398,0.34985645051174263,0.6192362220333314
natural_proteins,ppluGFP_to_amacGFP,CNN_Jannis_OHE,42,iterative_random,4,384,6703,0.09608188812832179,0.3099707859271931,0.4458454845929857,0.5763997371100132,0.4074901772179834,0.7062219498489712
natural_proteins,ppluGFP_to_amacGFP,CNN_Jannis_OHE,42,iterative_random,5,480,6703,0.08821862543835961,0.29701620399964646,0.49119703430081885,0.5828955075941775,0.41299493882942323,0.7155599331611779
natural_proteins,ppluGFP_to_amacGFP,CNN_Jannis_OHE,42,iterative_random,6,576,6703,0.07912446897485183,0.2812907196742399,0.5436477923598211,0.6476334389988231,0.47053058128478276,0.758050660675018
natural_proteins,ppluGFP_to_amacGFP,CNN_Jannis_OHE,42,iterative_random,7,672,6703,0.09109063507735603,0.3018122513705433,0.4746326521810923,0.6399889354687975,0.4594966969640214,0.7526097205818119
natural_proteins,ppluGFP_to_amacGFP,CNN_Jannis_OHE,42,iterative_random,8,768,6703,0.07614963130607733,0.2759522264923357,0.5608052375231861,0.6768436960292756,0.4947809648113134,0.7849580421402758
natural_proteins,ppluGFP_to_amacGFP,CNN_Jannis_OHE,42,iterative_random,9,864,6703,0.06595542391902227,0.2568178808397544,0.6196005647651672,0.6642481999265584,0.4804201267746391,0.789372228534257
natural_proteins,ppluGFP_to_amacGFP,CNN_Jannis_OHE,42,iterative_random,10,960,6703,0.06527733112093027,0.25549428784403433,0.6235114806854061,0.6872406801838804,0.5007470427665123,0.8138196068292862
natural_proteins,ppluGFP_to_amacGFP,CNN_Jannis_OHE,43,source_only,0,0,6703,0.9167641425176148,0.9574780115060684,-4.28745842776195,0.006836740963779022,0.005400863992175007,-0.03860612102019928
natural_proteins,ppluGFP_to_amacGFP,CNN_Jannis_OHE,43,oneshot_fancy,1,960,6703,0.06657057164149514,0.2580127354250079,0.6160526860266125,0.6517957220344337,0.4744155081414455,0.7890841102925339
natural_proteins,ppluGFP_to_amacGFP,CNN_Jannis_OHE,43,oneshot_random,1,960,6703,0.054819634715254216,0.23413593213185843,0.6838264869457051,0.6923496459840559,0.5109478259890837,0.8439127481218002
natural_proteins,ppluGFP_to_amacGFP,CNN_Jannis_OHE,43,iterative_fancy,1,96,6703,0.15477779852790277,0.3934180963401439,0.10731546173984863,0.31622276605435273,0.2159857925529561,0.4529787771145689
natural_proteins,ppluGFP_to_amacGFP,CNN_Jannis_OHE,43,iterative_fancy,2,192,6703,0.11699131210397717,0.34203992764584834,0.32524989747052946,0.41495576538808493,0.2868939716094774,0.5782763130253793
natural_proteins,ppluGFP_to_amacGFP,CNN_Jannis_OHE,43,iterative_fancy,3,288,6703,0.10381550560516313,0.3222041365426011,0.4012416666549099,0.44841196356000074,0.31145548195295303,0.6395063904400576
natural_proteins,ppluGFP_to_amacGFP,CNN_Jannis_OHE,43,iterative_fancy,4,384,6703,0.10610685291930534,0.3257404686545799,0.38802626794415784,0.48111125215428696,0.3354981281433855,0.6915213494821595
natural_proteins,ppluGFP_to_amacGFP,CNN_Jannis_OHE,43,iterative_fancy,5,480,6703,0.10060357139267888,0.3171806604960001,0.4197665716261909,0.49445088895993666,0.34669386703699795,0.7083079769065839
natural_proteins,ppluGFP_to_amacGFP,CNN_Jannis_OHE,43,iterative_fancy,6,576,6703,0.09317845173366046,0.30525145656271724,0.4625911212539743,0.48228648201706803,0.33773806606924145,0.7052279244824913
natural_proteins,ppluGFP_to_amacGFP,CNN_Jannis_OHE,43,iterative_fancy,7,672,6703,0.33086216332709745,0.5752061920103932,-0.9082551910321892,0.4797654663147655,0.3342296314792157,0.6552309669013755
natural_proteins,ppluGFP_to_amacGFP,CNN_Jannis_OHE,43,iterative_fancy,8,768,6703,0.07730848462256565,0.2780440336036104,0.5541215241768296,0.5495179437202294,0.38810306943236417,0.7499659211581869
natural_proteins,ppluGFP_to_amacGFP,CNN_Jannis_OHE,43,iterative_fancy,9,864,6703,0.07188249138912482,0.268109103517812,0.5854160658376197,0.5723630722940205,0.40858541024097805,0.7764333859062033
natural_proteins,ppluGFP_to_amacGFP,CNN_Jannis_OHE,43,iterative_fancy,10,960,6703,0.06941950089425224,0.26347580703786116,0.5996214205691519,0.6039821244320799,0.43369549005154057,0.7990266742937844
natural_proteins,ppluGFP_to_amacGFP,CNN_Jannis_OHE,43,iterative_random,1,96,6703,0.1632331126249969,0.40402117843622615,0.058549241827189125,0.3363950844873267,0.23040226033573707,0.4380442462162154
natural_proteins,ppluGFP_to_amacGFP,CNN_Jannis_OHE,43,iterative_random,2,192,6703,0.1300031880939306,0.360559548610116,0.25020360129326524,0.5117476616975944,0.3578565872492982,0.5927156950977741
natural_proteins,ppluGFP_to_amacGFP,CNN_Jannis_OHE,43,iterative_random,3,288,6703,0.140547069121093,0.3748960777616818,0.18939152323217556,0.5192137730801232,0.36170031824817545,0.57593185565373
natural_proteins,ppluGFP_to_amacGFP,CNN_Jannis_OHE,43,iterative_random,4,384,6703,0.10515140989730634,0.3242705813010276,0.39353680770528066,0.5603682421418718,0.39682734416080623,0.6789156513192907
natural_proteins,ppluGFP_to_amacGFP,CNN_Jannis_OHE,43,iterative_random,5,480,6703,0.08464076080713721,0.2909308522778862,0.5118324514385313,0.6186610141271681,0.44507993709417293,0.7588403651900915
natural_proteins,ppluGFP_to_amacGFP,CNN_Jannis_OHE,43,iterative_random,6,576,6703,0.08341534697199705,0.2888171514505277,0.5189000541180104,0.6397499274435471,0.4606138353057879,0.7530779321162802
natural_proteins,ppluGFP_to_amacGFP,CNN_Jannis_OHE,43,iterative_random,7,672,6703,0.07923936667997829,0.28149487860346284,0.5429851171840303,0.6480519349868769,0.46974374753510584,0.7920501802233568
natural_proteins,ppluGFP_to_amacGFP,CNN_Jannis_OHE,43,iterative_random,8,768,6703,0.057092782856088355,0.23894096102612536,0.6707160523885706,0.6362709048962276,0.46221002778753845,0.8283676310539758
natural_proteins,ppluGFP_to_amacGFP,CNN_Jannis_OHE,43,iterative_random,9,864,6703,0.06600694337606162,0.2569181647452387,0.6193034251033035,0.6547492587144907,0.4783414815377167,0.8196203256098628
natural_proteins,ppluGFP_to_amacGFP,CNN_Jannis_OHE,43,iterative_random,10,960,6703,0.05363790481035323,0.23159858551026002,0.6906421415456417,0.6837689304773638,0.5018853408104355,0.8439448502185857
natural_proteins,ppluGFP_to_amacGFP,CNN_Jannis_OHE,44,source_only,0,0,6703,0.9415586756070745,0.9703394641088625,-4.430461471692376,-0.06108632387151251,-0.04076654074524942,-0.06789074279372477
natural_proteins,ppluGFP_to_amacGFP,CNN_Jannis_OHE,44,oneshot_fancy,1,960,6703,0.06804001612583405,0.2608448123421933,0.6075776309251888,0.6727498073417879,0.49233932350006837,0.7953216686404632
natural_proteins,ppluGFP_to_amacGFP,CNN_Jannis_OHE,44,oneshot_random,1,960,6703,0.06623722944190008,0.25736594460398227,0.6179752448842672,0.6527469588904317,0.47339478226141257,0.8107811828559455
natural_proteins,ppluGFP_to_amacGFP,CNN_Jannis_OHE,44,iterative_fancy,1,96,6703,0.16499747974780568,0.40619881800394947,0.04837321357684532,0.38811627744504035,0.26405932325739967,0.480870400097325
natural_proteins,ppluGFP_to_amacGFP,CNN_Jannis_OHE,44,iterative_fancy,2,192,6703,0.12954160187788408,0.35991888235807257,0.25286581048642964,0.40633866708212674,0.2784303122000778,0.5170802407851363
natural_proteins,ppluGFP_to_amacGFP,CNN_Jannis_OHE,44,iterative_fancy,3,288,6703,0.12243525845681909,0.3499074998579183,0.29385181077773015,0.520651056954407,0.3657030467028739,0.6226524273258816
natural_proteins,ppluGFP_to_amacGFP,CNN_Jannis_OHE,44,iterative_fancy,4,384,6703,0.09791650593920675,0.3129161324368029,0.43526428387188576,0.5506082714494012,0.3879166387030423,0.6899114763299126
natural_proteins,ppluGFP_to_amacGFP,CNN_Jannis_OHE,44,iterative_fancy,5,480,6703,0.08486503660225166,0.2913160424732075,0.5105389355951166,0.541173984522118,0.38073677537285205,0.721074237024482
natural_proteins,ppluGFP_to_amacGFP,CNN_Jannis_OHE,44,iterative_fancy,6,576,6703,0.08404089555938316,0.28989807788149125,0.5152921881501443,0.563704654490381,0.4008826782468719,0.7540241969313681
natural_proteins,ppluGFP_to_amacGFP,CNN_Jannis_OHE,44,iterative_fancy,7,672,6703,0.06452098169924113,0.2540098063052707,0.6278737434949664,0.6039141287231002,0.4328284138169217,0.7936232326114516
natural_proteins,ppluGFP_to_amacGFP,CNN_Jannis_OHE,44,iterative_fancy,8,768,6703,0.06115823025062572,0.24730190102509467,0.6472684903691426,0.6184375023981493,0.4457737647908831,0.8061342475091083
natural_proteins,ppluGFP_to_amacGFP,CNN_Jannis_OHE,44,iterative_fancy,9,864,6703,0.06086214350163008,0.2467025405252854,0.6489761775524854,0.6294947023301823,0.45545379156910887,0.8084704404828464
natural_proteins,ppluGFP_to_amacGFP,CNN_Jannis_OHE,44,iterative_fancy,10,960,6703,0.11505122590168156,0.3391920192187333,0.3364393895821448,0.5766653804130226,0.40836732319049573,0.7988545724567253
natural_proteins,ppluGFP_to_amacGFP,CNN_Jannis_OHE,44,iterative_random,1,96,6703,0.18650674456719438,0.4318642663698797,-0.075681969506469,0.3484113305785365,0.2344392526257966,0.36724525177147477
natural_proteins,ppluGFP_to_amacGFP,CNN_Jannis_OHE,44,iterative_random,2,192,6703,0.17284067889003268,0.41574112003749725,0.0031373808453238894,0.49118770340189677,0.33855893759534333,0.5333955815456354
natural_proteins,ppluGFP_to_amacGFP,CNN_Jannis_OHE,44,iterative_random,3,288,6703,0.20958049215532662,0.45779962009085,-0.20876034319796366,0.4725403575176768,0.3251139971837214,0.5804975577254601
natural_proteins,ppluGFP_to_amacGFP,CNN_Jannis_OHE,44,iterative_random,4,384,6703,0.11069229080368086,0.33270450974352733,0.36157964872960413,0.5558897697618321,0.38940196279808503,0.6658519181403624
natural_proteins,ppluGFP_to_amacGFP,CNN_Jannis_OHE,44,iterative_random,5,480,6703,0.09028275628648975,0.30047089091372853,0.4792921118210006,0.6044633764160584,0.4300637801019025,0.7263648365242849
natural_proteins,ppluGFP_to_amacGFP,CNN_Jannis_OHE,44,iterative_random,6,576,6703,0.07595542827977733,0.27560012387474964,0.561925307975862,0.6482467570509289,0.4676636064952372,0.783582347746226
natural_proteins,ppluGFP_to_amacGFP,CNN_Jannis_OHE,44,iterative_random,7,672,6703,0.068274850029113,0.2612945656325692,0.6062232209483691,0.6495398185370299,0.4699051654233516,0.7978131291181885
natural_proteins,ppluGFP_to_amacGFP,CNN_Jannis_OHE,44,iterative_random,8,768,6703,0.09591849206854701,0.3097071069067467,0.4467878751526193,0.649763232001162,0.4701527297385939,0.7771475747568084
natural_proteins,ppluGFP_to_amacGFP,CNN_Jannis_OHE,44,iterative_random,9,864,6703,0.0566664898043929,0.23804724279939246,0.6731747074388145,0.689785685187358,0.5062452934278163,0.8333943986044108
natural_proteins,ppluGFP_to_amacGFP,CNN_Jannis_OHE,44,iterative_random,10,960,6703,0.05820947106763632,0.2412663902569861,0.6642755272616638,0.6849360346559958,0.5018929444019546,0.8307928798348925
natural_proteins,ppluGFP_to_amacGFP,CNN_Jannis_OHE,45,source_only,0,0,6703,0.941030049567536,0.9700670335433196,-4.427412608764321,0.04268102929917957,0.028481177758699044,0.03661140408395504
natural_proteins,ppluGFP_to_amacGFP,CNN_Jannis_OHE,45,oneshot_fancy,1,960,6703,0.11324119938356654,0.33651329748401704,0.34687875945256486,0.6432969644584763,0.46366966330143355,0.7406262027205455
natural_proteins,ppluGFP_to_amacGFP,CNN_Jannis_OHE,45,oneshot_random,1,960,6703,0.05176576603053809,0.22752091339157834,0.7014397453241767,0.6800752549952186,0.49467776219469795,0.8389115085712012
natural_proteins,ppluGFP_to_amacGFP,CNN_Jannis_OHE,45,iterative_fancy,1,96,6703,0.16291792220425033,0.4036309232507469,0.06036710987987004,0.33260116770958176,0.22813024669281623,0.4288627258133674
natural_proteins,ppluGFP_to_amacGFP,CNN_Jannis_OHE,45,iterative_fancy,2,192,6703,0.15129883824085694,0.388971513405361,0.12738044578151686,0.345414450413799,0.2356254205491144,0.4739322356037811
natural_proteins,ppluGFP_to_amacGFP,CNN_Jannis_OHE,45,iterative_fancy,3,288,6703,0.11569845017627668,0.340144748858889,0.3327065085862082,0.43967307683472145,0.30473100509498935,0.5936365959321016
natural_proteins,ppluGFP_to_amacGFP,CNN_Jannis_OHE,45,iterative_fancy,4,384,6703,0.1037797387669459,0.322148628379737,0.4014479527228255,0.5035838610708465,0.35458941778249453,0.6741610182609321
natural_proteins,ppluGFP_to_amacGFP,CNN_Jannis_OHE,45,iterative_fancy,5,480,6703,0.10531016254501803,0.32451527320762275,0.39262119813228025,0.5007581090054145,0.35007693035066073,0.708500640120719
natural_proteins,ppluGFP_to_amacGFP,CNN_Jannis_OHE,45,iterative_fancy,6,576,6703,0.06652870653928995,0.2579315927514308,0.616294143973338,0.5925627288068295,0.4213963106703734,0.7856940609632097
natural_proteins,ppluGFP_to_amacGFP,CNN_Jannis_OHE,45,iterative_fancy,7,672,6703,0.06507279737085198,0.25509370311877944,0.6246911338267728,0.5972863590374027,0.42584398937387885,0.7989177502490824
natural_proteins,ppluGFP_to_amacGFP,CNN_Jannis_OHE,45,iterative_fancy,8,768,6703,0.05994900035872658,0.24484484956544741,0.6542427517810967,0.6097104610164689,0.44099768425078456,0.815922252057704
natural_proteins,ppluGFP_to_amacGFP,CNN_Jannis_OHE,45,iterative_fancy,9,864,6703,0.054415096983988664,0.23327043744115683,0.6861596676814326,0.6248524697003115,0.4524052720898905,0.8318961598798892
natural_proteins,ppluGFP_to_amacGFP,CNN_Jannis_OHE,45,iterative_fancy,10,960,6703,0.05566835435398213,0.23594142144604904,0.6789314767697234,0.6411032521554763,0.4667960490835364,0.8384632787304616
natural_proteins,ppluGFP_to_amacGFP,CNN_Jannis_OHE,45,iterative_random,1,96,6703,0.16469944352136973,0.4058317921520808,0.050092144416482465,0.3639514110925413,0.2476276020059381,0.5264995856344639
natural_proteins,ppluGFP_to_amacGFP,CNN_Jannis_OHE,45,iterative_random,2,192,6703,0.15927197862424095,0.3990889357326772,0.08139517393168239,0.4134062088740592,0.28202565539935864,0.5234024813428831
natural_proteins,ppluGFP_to_amacGFP,CNN_Jannis_OHE,45,iterative_random,3,288,6703,0.1128338852482526,0.3359075546162256,0.34922795316295363,0.4766420639138493,0.3265543363259695,0.6730316572278927
natural_proteins,ppluGFP_to_amacGFP,CNN_Jannis_OHE,45,iterative_random,4,384,6703,0.12513347361130492,0.3537421004224757,0.27828979237316864,0.5295461980629863,0.3712234629646348,0.6696507700827286
natural_proteins,ppluGFP_to_amacGFP,CNN_Jannis_OHE,45,iterative_random,5,480,6703,0.10125804691856971,0.31821069579536404,0.4159918688704395,0.5912106001620099,0.4208465886274692,0.7258473874078719
natural_proteins,ppluGFP_to_amacGFP,CNN_Jannis_OHE,45,iterative_random,6,576,6703,0.0919944020896407,0.303305789739729,0.4694201550030125,0.5710129318414445,0.4053221332078951,0.7423252613678617
natural_proteins,ppluGFP_to_amacGFP,CNN_Jannis_OHE,45,iterative_random,7,672,6703,0.08273335344836662,0.28763406169709216,0.5228334675631481,0.6150767416321586,0.4412932994052282,0.7672545805851358
natural_proteins,ppluGFP_to_amacGFP,CNN_Jannis_OHE,45,iterative_random,8,768,6703,0.06301200043429599,0.25102191225926074,0.6365768278943607,0.6404260215900742,0.4634597088525148,0.8071276831858788
natural_proteins,ppluGFP_to_amacGFP,CNN_Jannis_OHE,45,iterative_random,9,864,6703,0.059682982339594404,0.24430100765161492,0.6557770168684443,0.6320853198769997,0.4558066797411731,0.8216049276924187
natural_proteins,ppluGFP_to_amacGFP,CNN_Jannis_OHE,45,iterative_random,10,960,6703,0.06405739760406978,0.25309562936579877,0.630547475502262,0.6908419620672173,0.506816225098899,0.833817918083201
natural_proteins,ppluGFP_to_amacGFP,CNN_Jannis_OHE,46,source_only,0,0,6703,0.9405569815843584,0.969823170265775,-4.424684178213266,-0.012838353480421835,-0.008811654858681104,-0.015303478003202689
natural_proteins,ppluGFP_to_amacGFP,CNN_Jannis_OHE,46,oneshot_fancy,1,960,6703,0.07109614272541494,0.2666385994664218,0.5899513499704329,0.6378665021770571,0.4600197160473192,0.7731382710723207
natural_proteins,ppluGFP_to_amacGFP,CNN_Jannis_OHE,46,oneshot_random,1,960,6703,0.08381713512647192,0.2895118911659276,0.5165827316301141,0.6798421682804938,0.49594670518076545,0.8003764016778023
natural_proteins,ppluGFP_to_amacGFP,CNN_Jannis_OHE,46,iterative_fancy,1,96,6703,0.23642502713715627,0.4862355675361031,-0.3635868205285804,0.2836210158390722,0.19200733504274267,0.3800472654813668
natural_proteins,ppluGFP_to_amacGFP,CNN_Jannis_OHE,46,iterative_fancy,2,192,6703,0.17589315979783318,0.4193961847678555,-0.014467873497640449,0.3485010791877613,0.23875998126361753,0.4293968064195045
natural_proteins,ppluGFP_to_amacGFP,CNN_Jannis_OHE,46,iterative_fancy,3,288,6703,0.15822725708172297,0.39777789918712547,0.08742062962793307,0.3084884211072074,0.2102657098989625,0.47942977946125975
natural_proteins,ppluGFP_to_amacGFP,CNN_Jannis_OHE,46,iterative_fancy,4,384,6703,0.13186265755233434,0.36312898197793897,0.23947906811944086,0.42032297342055347,0.2915030050305456,0.5874527389070708
natural_proteins,ppluGFP_to_amacGFP,CNN_Jannis_OHE,46,iterative_fancy,5,480,6703,0.15396440522594376,0.39238298284449563,0.1120067264502217,0.5188506285321949,0.36604187306824026,0.6442628726640661
natural_proteins,ppluGFP_to_amacGFP,CNN_Jannis_OHE,46,iterative_fancy,6,576,6703,0.13472136735728385,0.36704409456805576,0.2229913931006554,0.5365731844211933,0.37917115207673696,0.6903293881314904
natural_proteins,ppluGFP_to_amacGFP,CNN_Jannis_OHE,46,iterative_fancy,7,672,6703,0.08570316722787187,0.29275103283826664,0.5057049977975159,0.5420735349649228,0.3850245513666651,0.7220838115627939
natural_proteins,ppluGFP_to_amacGFP,CNN_Jannis_OHE,46,iterative_fancy,8,768,6703,0.07404240074424029,0.2721073331320571,0.5729587386001643,0.591558038872396,0.4229985605119875,0.7597371509622539
natural_proteins,ppluGFP_to_amacGFP,CNN_Jannis_OHE,46,iterative_fancy,9,864,6703,0.07285730002762138,0.26992091439460814,0.579793834434765,0.5576178816106693,0.39659629139120334,0.7669451880728155
natural_proteins,ppluGFP_to_amacGFP,CNN_Jannis_OHE,46,iterative_fancy,10,960,6703,0.06447793185292688,0.2539250516450216,0.6281220344807843,0.6388927843463225,0.4634061796467047,0.8017431382966161
natural_proteins,ppluGFP_to_amacGFP,CNN_Jannis_OHE,46,iterative_random,1,96,6703,0.17404466312409847,0.4171866046796067,-0.0038066261135667467,0.3611781275073873,0.24584252423632272,0.4445168454753101
natural_proteins,ppluGFP_to_amacGFP,CNN_Jannis_OHE,46,iterative_random,2,192,6703,0.12536125383614477,0.3540639120782359,0.2769760646501368,0.47617666661348007,0.3338235983093759,0.594315807899737
natural_proteins,ppluGFP_to_amacGFP,CNN_Jannis_OHE,46,iterative_random,3,288,6703,0.16374119523173006,0.404649472051713,0.05561886362370372,0.5034408704593418,0.34755183578519466,0.5867336667673723
natural_proteins,ppluGFP_to_amacGFP,CNN_Jannis_OHE,46,iterative_random,4,384,6703,0.08282899232697796,0.2878002646402153,0.522281868115392,0.5693361259324422,0.4016603066613652,0.724167493094261
natural_proteins,ppluGFP_to_amacGFP,CNN_Jannis_OHE,46,iterative_random,5,480,6703,0.07446519327045217,0.27288311283487693,0.5705202729117325,0.5789967498848116,0.41012791204146665,0.7587531580997078
natural_proteins,ppluGFP_to_amacGFP,CNN_Jannis_OHE,46,iterative_random,6,576,6703,0.08150099769301986,0.28548379585016703,0.5299411079282204,0.6381710221287925,0.4618449015339543,0.7852695366897776
natural_proteins,ppluGFP_to_amacGFP,CNN_Jannis_OHE,46,iterative_random,7,672,6703,0.0971760471982841,0.3117307286718525,0.43953489681203606,0.6255323218627509,0.44971216292022953,0.777590743446107
natural_proteins,ppluGFP_to_amacGFP,CNN_Jannis_OHE,46,iterative_random,8,768,6703,0.07056978621685397,0.2656497434910374,0.592987123326004,0.631045626729048,0.4522230419701115,0.8054491222891567
natural_proteins,ppluGFP_to_amacGFP,CNN_Jannis_OHE,46,iterative_random,9,864,6703,0.0568571778343398,0.23844743201456334,0.6720749098090258,0.6634141122519678,0.48247154399819486,0.8303123596667354
natural_proteins,ppluGFP_to_amacGFP,CNN_Jannis_OHE,46,iterative_random,10,960,6703,0.05927918805174575,0.24347317727369014,0.6581059097770436,0.7019871231866164,0.5165558441111774,0.8371689538077374
natural_artificial,cgreGFP_to_artificial,aubin_1_10_1,42,source_only,0,0,5382,1.8101500447223573,1.3454181672336514,-2.9298206147667902,0.6821166641476815,0.47008754261163593,0.7268878219937362
natural_artificial,cgreGFP_to_artificial,aubin_1_10_1,42,oneshot_fancy,1,960,5382,0.9030950377595904,0.9503131261639978,-0.9606117773654399,0.4507013128009454,0.31767742585335146,0.323340849915251
natural_artificial,cgreGFP_to_artificial,aubin_1_10_1,42,oneshot_random,1,960,5382,0.4437034849402299,0.6661107152270033,0.03672344342624467,0.7035381947129545,0.5138978285756584,0.6727575431521851
natural_artificial,cgreGFP_to_artificial,aubin_1_10_1,42,iterative_fancy,1,96,5382,0.9561059475599991,0.9778067025542416,-1.0756980193864107,0.305319324716265,0.20332185600951952,0.2396212828814627
natural_artificial,cgreGFP_to_artificial,aubin_1_10_1,42,iterative_fancy,2,192,5382,0.8978352155969667,0.9475416695834367,-0.94919274742096,0.36463530459135884,0.24165258508912746,0.23333251760812102
natural_artificial,cgreGFP_to_artificial,aubin_1_10_1,42,iterative_fancy,3,288,5382,0.5366266856791615,0.7325480773841138,-0.16501204856716978,0.4754509599603937,0.3231472542813131,0.5353308228201842
natural_artificial,cgreGFP_to_artificial,aubin_1_10_1,42,iterative_fancy,4,384,5382,0.5060763858220515,0.7113904594679714,-0.09868760296896406,0.5461924351853125,0.3834119838761823,0.5754768336587937
natural_artificial,cgreGFP_to_artificial,aubin_1_10_1,42,iterative_fancy,5,480,5382,0.5094979530404338,0.7137912531268744,-0.10611579679676963,0.47503801424629843,0.3258153996523487,0.5604149006545327
natural_artificial,cgreGFP_to_artificial,aubin_1_10_1,42,iterative_fancy,6,576,5382,0.5408183500331459,0.7354035287059384,-0.17411211683858108,0.6504300984953307,0.47219041385794364,0.5155372480511944
natural_artificial,cgreGFP_to_artificial,aubin_1_10_1,42,iterative_fancy,7,672,5382,0.4878225140561853,0.6984429211153803,-0.05905859996230278,0.6703545322867134,0.4885517868795927,0.547008583970711
natural_artificial,cgreGFP_to_artificial,aubin_1_10_1,42,iterative_fancy,8,768,5382,0.4755862316048517,0.6896276035693841,-0.032493733052203266,0.7401380483949239,0.5583068990593382,0.6236911013968559
natural_artificial,cgreGFP_to_artificial,aubin_1_10_1,42,iterative_fancy,9,864,5382,0.48122426322989176,0.6937032962512805,-0.044733852577868216,0.515849761882765,0.3615215277626614,0.5211307627345433
natural_artificial,cgreGFP_to_artificial,aubin_1_10_1,42,iterative_fancy,10,960,5382,0.4234958431949082,0.6507655823681122,0.0805940647253578,0.6013353031513615,0.4343344091894833,0.6039796162657806
natural_artificial,cgreGFP_to_artificial,aubin_1_10_1,42,iterative_random,1,96,5382,0.5960602659806019,0.7720493934850295,-0.29404185455423204,0.640477899111676,0.44669841524557463,0.6716374050503382
natural_artificial,cgreGFP_to_artificial,aubin_1_10_1,42,iterative_random,2,192,5382,0.5246055198246462,0.7242965689720242,-0.13891419799045113,0.5920146488089266,0.41188196057179544,0.6306103295357104
natural_artificial,cgreGFP_to_artificial,aubin_1_10_1,42,iterative_random,3,288,5382,0.5225406422748002,0.7228697270427087,-0.1344313660915084,0.6431744889072691,0.4592902916523907,0.6793464338090427
natural_artificial,cgreGFP_to_artificial,aubin_1_10_1,42,iterative_random,4,384,5382,0.5099948617681803,0.7141392453633817,-0.10719458149069583,0.6093229558863547,0.4318317656906504,0.6463907816752479
natural_artificial,cgreGFP_to_artificial,aubin_1_10_1,42,iterative_random,5,480,5382,0.506862495111463,0.7119427611202062,-0.10039423966463223,0.5646332352238981,0.39438029811071923,0.658874089598762
natural_artificial,cgreGFP_to_artificial,aubin_1_10_1,42,iterative_random,6,576,5382,0.285079128970861,0.5339280185295214,0.38109559418247874,0.6923800242460346,0.5039669469586964,0.6951936455803872
natural_artificial,cgreGFP_to_artificial,aubin_1_10_1,42,iterative_random,7,672,5382,0.2699281812457176,0.5195461300459446,0.41398817503626917,0.6885431531468789,0.500211838299477,0.7014276233802206
natural_artificial,cgreGFP_to_artificial,aubin_1_10_1,42,iterative_random,8,768,5382,0.4217172360305741,0.6493975947218884,0.08445540601049084,0.719003270061321,0.5346650404320835,0.736636398432538
natural_artificial,cgreGFP_to_artificial,aubin_1_10_1,42,iterative_random,9,864,5382,0.48390131222011684,0.6956301547662499,-0.050545703556299726,0.6077735860537773,0.43175988118969655,0.6300623283469358
natural_artificial,cgreGFP_to_artificial,aubin_1_10_1,42,iterative_random,10,960,5382,0.47861122204632595,0.6918173328605796,-0.03906096201260767,0.6335789471206215,0.45212606284519463,0.6511459696817651
natural_artificial,cgreGFP_to_artificial,aubin_1_10_1,43,source_only,0,0,5382,2.3542353384204393,1.5343517648897984,-4.111025238991253,0.6380282768145915,0.44035538131759644,0.6338974553820578
natural_artificial,cgreGFP_to_artificial,aubin_1_10_1,43,oneshot_fancy,1,960,5382,0.904794066655866,0.9512066372013318,-0.9643003548958691,0.37331612613376275,0.24624754114347175,0.26465760277838274
natural_artificial,cgreGFP_to_artificial,aubin_1_10_1,43,oneshot_random,1,960,5382,0.2675056872754985,0.5172095197069545,0.4192473891942732,0.6913782006901407,0.49988103138574147,0.6954139323643008
natural_artificial,cgreGFP_to_artificial,aubin_1_10_1,43,iterative_fancy,1,96,5382,0.9665776971017479,0.9831468339478838,-1.0984321001007813,0.3568747372383231,0.23606402024038708,0.22013401071503125
natural_artificial,cgreGFP_to_artificial,aubin_1_10_1,43,iterative_fancy,2,192,5382,0.5827656498669377,0.7633908893004537,-0.26517935411057336,0.35086018931623075,0.23001926964355787,0.4378387352545865
natural_artificial,cgreGFP_to_artificial,aubin_1_10_1,43,iterative_fancy,3,288,5382,0.5749560276590181,0.7582585493477921,-0.24822472958333952,0.32283648719510694,0.21357989972661948,0.4138990125883665
natural_artificial,cgreGFP_to_artificial,aubin_1_10_1,43,iterative_fancy,4,384,5382,0.49753281018166357,0.7053600571209455,-0.0801395716754778,0.6471818081047689,0.45361252249662354,0.6417221185008024
natural_artificial,cgreGFP_to_artificial,aubin_1_10_1,43,iterative_fancy,5,480,5382,0.49763169249919714,0.7054301471437106,-0.08035424436021588,0.4011828540560592,0.2789110977608343,0.47623189117540243
natural_artificial,cgreGFP_to_artificial,aubin_1_10_1,43,iterative_fancy,6,576,5382,0.5768982305013416,0.7595381692195209,-0.25244123571777544,0.19380987303064856,0.1320892463471461,0.29756672314923804
natural_artificial,cgreGFP_to_artificial,aubin_1_10_1,43,iterative_fancy,7,672,5382,0.5185398924506069,0.7200971409821088,-0.12574577166828438,0.4544277596929652,0.30908527343049663,0.5393547188185446
natural_artificial,cgreGFP_to_artificial,aubin_1_10_1,43,iterative_fancy,8,768,5382,0.3978785262864647,0.630776130086154,0.13620904558030467,0.7452787351247485,0.5604559603517109,0.7476211765577657
natural_artificial,cgreGFP_to_artificial,aubin_1_10_1,43,iterative_fancy,9,864,5382,0.40199417363553125,0.6340301046760566,0.12727400959109048,0.7367640687962688,0.5437720233626595,0.7218225088768964
natural_artificial,cgreGFP_to_artificial,aubin_1_10_1,43,iterative_fancy,10,960,5382,0.3393346663116505,0.5825243911731512,0.2633072761760634,0.6850529842285902,0.49168909911500125,0.661905329497031
natural_artificial,cgreGFP_to_artificial,aubin_1_10_1,43,iterative_random,1,96,5382,0.577652173706898,0.7600343240320782,-0.2540780401142937,0.7061492285917798,0.5129215244912676,0.7351125592203274
natural_artificial,cgreGFP_to_artificial,aubin_1_10_1,43,iterative_random,2,192,5382,0.5818472549682098,0.762789128769026,-0.2631855264629479,0.5820158832165224,0.40690537526960446,0.6433858756706264
natural_artificial,cgreGFP_to_artificial,aubin_1_10_1,43,iterative_random,3,288,5382,0.5349333520714344,0.7313913809113657,-0.1613358354605685,0.6069142427548727,0.4275306984706927,0.6736790509307377
natural_artificial,cgreGFP_to_artificial,aubin_1_10_1,43,iterative_random,4,384,5382,0.527990770551958,0.7266297341507282,-0.14626354901973793,0.6664816361434187,0.4787462232823358,0.700506056850233
natural_artificial,cgreGFP_to_artificial,aubin_1_10_1,43,iterative_random,5,480,5382,0.3080609690733617,0.5550324036246548,0.3312022114414176,0.6874064007993188,0.5010090248171769,0.6771846659267868
natural_artificial,cgreGFP_to_artificial,aubin_1_10_1,43,iterative_random,6,576,5382,0.5188794389770263,0.7203328667893936,-0.12648292433863095,0.5549920878816491,0.3868974566152795,0.6052932805934064
natural_artificial,cgreGFP_to_artificial,aubin_1_10_1,43,iterative_random,7,672,5382,0.4746513441738469,0.6889494496505871,-0.030464100254877557,0.670717628363028,0.4845226829647089,0.6938940618337333
natural_artificial,cgreGFP_to_artificial,aubin_1_10_1,43,iterative_random,8,768,5382,0.26666497991044225,0.516396146297048,0.4210725578557424,0.694758347972843,0.5049386464500674,0.7033765773075391
natural_artificial,cgreGFP_to_artificial,aubin_1_10_1,43,iterative_random,9,864,5382,0.4730985918479576,0.687821627929769,-0.027093087935927684,0.6468550467996546,0.4638597981793951,0.6776524327720286
natural_artificial,cgreGFP_to_artificial,aubin_1_10_1,43,iterative_random,10,960,5382,0.46858777998896195,0.6845347178843173,-0.017300153099117255,0.7372846848267783,0.542535492607369,0.6164109101033437
natural_artificial,cgreGFP_to_artificial,aubin_1_10_1,44,source_only,0,0,5382,2.108533147659924,1.4520789054524288,-3.5776078368486948,0.7438400295710089,0.5457874931313428,0.7207746970597514
natural_artificial,cgreGFP_to_artificial,aubin_1_10_1,44,oneshot_fancy,1,960,5382,0.8808872506149834,0.9385559389908432,-0.9123988571251094,0.3528039241505924,0.23759723655381243,0.26276222606463207
natural_artificial,cgreGFP_to_artificial,aubin_1_10_1,44,oneshot_random,1,960,5382,0.2714224583392868,0.5209822053960066,0.4107441119578503,0.6769818415637092,0.48672334992623256,0.6769413109380611
natural_artificial,cgreGFP_to_artificial,aubin_1_10_1,44,iterative_fancy,1,96,5382,0.827517718853817,0.9096800090437389,-0.796534049825308,0.24370287314734965,0.1580576317886342,0.264192783610512
natural_artificial,cgreGFP_to_artificial,aubin_1_10_1,44,iterative_fancy,2,192,5382,0.5687105824416154,0.7541290224103667,-0.23466592022645538,0.27875614085687206,0.17459288524700672,0.4088884641116787
natural_artificial,cgreGFP_to_artificial,aubin_1_10_1,44,iterative_fancy,3,288,5382,0.5644237587806367,0.7512814111773541,-0.22535926189506372,0.30693416512446675,0.20202958500024962,0.396402880098192
natural_artificial,cgreGFP_to_artificial,aubin_1_10_1,44,iterative_fancy,4,384,5382,0.5397874506095268,0.734702287058865,-0.17187404280792173,0.3146286955343625,0.20959074234889855,0.40141236688346676
natural_artificial,cgreGFP_to_artificial,aubin_1_10_1,44,iterative_fancy,5,480,5382,0.523823962841837,0.7237568395820775,-0.13721744431436034,0.4588490966514698,0.31184580645663507,0.5306769947547724
natural_artificial,cgreGFP_to_artificial,aubin_1_10_1,44,iterative_fancy,6,576,5382,0.512191124028439,0.7156752923137971,-0.11196264849760662,0.46684536364525553,0.31929047132133226,0.4933770328441676
natural_artificial,cgreGFP_to_artificial,aubin_1_10_1,44,iterative_fancy,7,672,5382,0.478359229871985,0.6916351855364105,-0.038513889108694466,0.7318395018686729,0.5408459764948077,0.5288801951483413
natural_artificial,cgreGFP_to_artificial,aubin_1_10_1,44,iterative_fancy,8,768,5382,0.4934205557473673,0.7024390050014074,-0.07121190167586611,0.668097351991292,0.48919896114478945,0.5742816288166187
natural_artificial,cgreGFP_to_artificial,aubin_1_10_1,44,iterative_fancy,9,864,5382,0.4618886959393632,0.6796239371441851,-0.002756497629823551,0.6761414547935749,0.4935329698086446,0.6293983838576712
natural_artificial,cgreGFP_to_artificial,aubin_1_10_1,44,iterative_fancy,10,960,5382,0.4479402083281412,0.6692833542888551,0.027525552368858786,0.7427085889937235,0.5605408865986761,0.6261646571028697
natural_artificial,cgreGFP_to_artificial,aubin_1_10_1,44,iterative_random,1,96,5382,0.5669837332587992,0.7529832224284942,-0.23091694508651606,0.5217883578446899,0.3550804879891655,0.5902668093263469
natural_artificial,cgreGFP_to_artificial,aubin_1_10_1,44,iterative_random,2,192,5382,0.5447065400129955,0.7380423700662418,-0.18255334478070218,0.6323642996670876,0.45031745857628475,0.6697465589097047
natural_artificial,cgreGFP_to_artificial,aubin_1_10_1,44,iterative_random,3,288,5382,0.5210095918746933,0.7218099416568695,-0.13110746847201038,0.4977987572135241,0.3373256135862913,0.5666706367123835
natural_artificial,cgreGFP_to_artificial,aubin_1_10_1,44,iterative_random,4,384,5382,0.4992695893591465,0.7065901141108234,-0.08391010475082683,0.5755213235076809,0.4003302449946102,0.5928157182624263
natural_artificial,cgreGFP_to_artificial,aubin_1_10_1,44,iterative_random,5,480,5382,0.4933474456385991,0.7023869628905416,-0.07105318024090956,0.6654827558443889,0.4769812364488996,0.6600286966509723
natural_artificial,cgreGFP_to_artificial,aubin_1_10_1,44,iterative_random,6,576,5382,0.5113652585564163,0.7150980761800554,-0.11016970146183946,0.5264173586465243,0.3641463980633868,0.5880882861833586
natural_artificial,cgreGFP_to_artificial,aubin_1_10_1,44,iterative_random,7,672,5382,0.49966404648824714,0.7068691862630929,-0.08476646788055797,0.7277468162191122,0.533071398414079,0.6126685541251068
natural_artificial,cgreGFP_to_artificial,aubin_1_10_1,44,iterative_random,8,768,5382,0.47245098507411964,0.6873507002063209,-0.02568713904372899,0.5932017220087789,0.417374491614082,0.5991861542887529
natural_artificial,cgreGFP_to_artificial,aubin_1_10_1,44,iterative_random,9,864,5382,0.4866853441891778,0.6976283711183038,-0.05658981368743721,0.6242912444315721,0.4468656560758774,0.6641292651700428
natural_artificial,cgreGFP_to_artificial,aubin_1_10_1,44,iterative_random,10,960,5382,0.2739282191276207,0.5233815234870455,0.4053041262338054,0.6932003611646521,0.5050970813556386,0.7065262861955697
natural_artificial,cgreGFP_to_artificial,aubin_1_10_1,45,source_only,0,0,5382,2.049371325069155,1.4315625466842707,-3.4491680145796844,0.6240401741357999,0.41948876422358355,0.6644834171369112
natural_artificial,cgreGFP_to_artificial,aubin_1_10_1,45,oneshot_fancy,1,960,5382,0.8365044253423092,0.9146061585963158,-0.8160441144855843,0.32812577655224,0.21627307278001762,0.2622670290645476
natural_artificial,cgreGFP_to_artificial,aubin_1_10_1,45,oneshot_random,1,960,5382,0.439444994277993,0.6629064747594438,0.04596859105422335,0.7054508316148159,0.5172132010686529,0.6444458313575474
natural_artificial,cgreGFP_to_artificial,aubin_1_10_1,45,iterative_fancy,1,96,5382,0.9126718363501752,0.9553385977496017,-0.9814029270463618,0.26942156988411303,0.17614814909109683,0.23808060598573166
natural_artificial,cgreGFP_to_artificial,aubin_1_10_1,45,iterative_fancy,2,192,5382,0.5264559265729332,0.7255728265122208,-0.1429314155721224,0.5424959616635342,0.3771467459122001,0.5804044542964908
natural_artificial,cgreGFP_to_artificial,aubin_1_10_1,45,iterative_fancy,3,288,5382,0.5236378785907619,0.7236282737640659,-0.13681345696088631,0.4618950933489292,0.3074207078771024,0.5223989488359113
natural_artificial,cgreGFP_to_artificial,aubin_1_10_1,45,iterative_fancy,4,384,5382,0.5168388495303131,0.7189150502878021,-0.12205282170854814,0.643840446642321,0.4555623648832838,0.5580687958072368
natural_artificial,cgreGFP_to_artificial,aubin_1_10_1,45,iterative_fancy,5,480,5382,0.508586670403024,0.7131526277053348,-0.10413740980900976,0.5329876674954519,0.3703352288858569,0.5211163659790159
natural_artificial,cgreGFP_to_artificial,aubin_1_10_1,45,iterative_fancy,6,576,5382,0.4666679838081722,0.6831310151121615,-0.013132291639557758,0.7359263027922043,0.547048976831296,0.7015017945586702
natural_artificial,cgreGFP_to_artificial,aubin_1_10_1,45,iterative_fancy,7,672,5382,0.5215941778185086,0.7222147726393504,-0.13237659966906556,0.4432518176175213,0.30383755893697956,0.5457065975795126
natural_artificial,cgreGFP_to_artificial,aubin_1_10_1,45,iterative_fancy,8,768,5382,0.4046042154847765,0.6360850693773408,0.12160763055556623,0.5412887182957167,0.39602209005275774,0.5700226272691502
natural_artificial,cgreGFP_to_artificial,aubin_1_10_1,45,iterative_fancy,9,864,5382,0.36888867662927033,0.6073620638706951,0.19914576683940133,0.6749869109933754,0.4973826330933916,0.6634791673178775
natural_artificial,cgreGFP_to_artificial,aubin_1_10_1,45,iterative_fancy,10,960,5382,0.3568187142723334,0.5973430457219147,0.22534955421495295,0.6843441722107385,0.5048185798144452,0.7133949628559952
natural_artificial,cgreGFP_to_artificial,aubin_1_10_1,45,iterative_random,1,96,5382,0.5665643127386505,0.7527046650171968,-0.23000638664350603,0.5484662966887038,0.3767606043913466,0.5806259571727062
natural_artificial,cgreGFP_to_artificial,aubin_1_10_1,45,iterative_random,2,192,5382,0.5540462919106008,0.7443428591117139,-0.20282986807280645,0.6611014628347998,0.4688677562763917,0.6916531161329621
natural_artificial,cgreGFP_to_artificial,aubin_1_10_1,45,iterative_random,3,288,5382,0.553495893903397,0.7439730464898557,-0.20163495860033365,0.5483930442208964,0.38136857190560364,0.6156863342337504
natural_artificial,cgreGFP_to_artificial,aubin_1_10_1,45,iterative_random,4,384,5382,0.2908937103123977,0.5393456315873872,0.3684721866982036,0.7051126411788524,0.511924102313526,0.707153314643576
natural_artificial,cgreGFP_to_artificial,aubin_1_10_1,45,iterative_random,5,480,5382,0.28740627148718134,0.5361028553245929,0.3760433872337787,0.6756614446042051,0.49080441450303414,0.6849165475005293
natural_artificial,cgreGFP_to_artificial,aubin_1_10_1,45,iterative_random,6,576,5382,0.5045914217724055,0.7103459873698207,-0.09546375843104804,0.5803368518555552,0.4056589768394941,0.6122172120223826
natural_artificial,cgreGFP_to_artificial,aubin_1_10_1,45,iterative_random,7,672,5382,0.28739134150493323,0.5360889305935473,0.37607580010042907,0.6805521414440906,0.4951988789543702,0.6665251626936834
natural_artificial,cgreGFP_to_artificial,aubin_1_10_1,45,iterative_random,8,768,5382,0.4369523656437115,0.6610237254771658,0.05138006698160147,0.7446577871844565,0.5523648447450341,0.7603657530365611
natural_artificial,cgreGFP_to_artificial,aubin_1_10_1,45,iterative_random,9,864,5382,0.39592065501726653,0.6292222620165838,0.1404595677385022,0.7508110128229256,0.552413122108408,0.7490774823031577
natural_artificial,cgreGFP_to_artificial,aubin_1_10_1,45,iterative_random,10,960,5382,0.43353956357838497,0.6584372130874628,0.058789231735397296,0.6920442990077101,0.5046708767880321,0.714632844213506
natural_artificial,cgreGFP_to_artificial,aubin_1_10_1,46,source_only,0,0,5382,1.9097766177671984,1.3819466768899582,-3.146109071998101,0.6950165268964571,0.4803237229528364,0.7267002582475218
natural_artificial,cgreGFP_to_artificial,aubin_1_10_1,46,oneshot_fancy,1,960,5382,0.8703791659188342,0.9329411374351729,-0.8895858930942873,0.3010202114020257,0.1989797077419908,0.231598837108759
natural_artificial,cgreGFP_to_artificial,aubin_1_10_1,46,oneshot_random,1,960,5382,0.4456615375830939,0.6675788624448006,0.03247252750733476,0.6647778865617551,0.4784853592062335,0.6686487895057751
natural_artificial,cgreGFP_to_artificial,aubin_1_10_1,46,iterative_fancy,1,96,5382,0.9979726737918315,0.9989858226180347,-1.1665903320421211,0.37782176226150715,0.2631357453712651,0.42249633160208644
natural_artificial,cgreGFP_to_artificial,aubin_1_10_1,46,iterative_fancy,2,192,5382,0.5620295771268171,0.749686319154096,-0.22016151353928026,0.3059814822978216,0.1963997444860366,0.437658353162896
natural_artificial,cgreGFP_to_artificial,aubin_1_10_1,46,iterative_fancy,3,288,5382,0.5326572386540434,0.72983370616466,-0.1563944122590557,0.4984734185655396,0.3424376835018881,0.5940932435577582
natural_artificial,cgreGFP_to_artificial,aubin_1_10_1,46,iterative_fancy,4,384,5382,0.5467252120966897,0.7394086908447112,-0.18693586499889348,0.3737726436447236,0.24515352516114786,0.48770609829781875
natural_artificial,cgreGFP_to_artificial,aubin_1_10_1,46,iterative_fancy,5,480,5382,0.5243585967953998,0.7241260917791872,-0.13837813015816147,0.5768035366217575,0.4040781664154339,0.6468894710871653
natural_artificial,cgreGFP_to_artificial,aubin_1_10_1,46,iterative_fancy,6,576,5382,0.5063272562531252,0.7115667616275547,-0.09923224057762181,0.5248174385513306,0.3580105554005943,0.5615757864776443
natural_artificial,cgreGFP_to_artificial,aubin_1_10_1,46,iterative_fancy,7,672,5382,0.4514795904821606,0.6719223098559539,0.019841583300683308,0.6523373581092944,0.46920420077347313,0.6272228600436892
natural_artificial,cgreGFP_to_artificial,aubin_1_10_1,46,iterative_fancy,8,768,5382,0.4014726940690971,0.6336187292600315,0.12840613737040218,0.7243039840712271,0.5376864690096994,0.7195793095129002
natural_artificial,cgreGFP_to_artificial,aubin_1_10_1,46,iterative_fancy,9,864,5382,0.42058340136095695,0.6485240175667798,0.08691695159970314,0.742501643092497,0.560501321539413,0.756300621868279
natural_artificial,cgreGFP_to_artificial,aubin_1_10_1,46,iterative_fancy,10,960,5382,0.379579731949108,0.6161004235910799,0.17593557511413227,0.7119418469668021,0.5223590866340577,0.7297433369485251
natural_artificial,cgreGFP_to_artificial,aubin_1_10_1,46,iterative_random,1,96,5382,0.5447620149006976,0.7380799515639872,-0.18267378029814973,0.5879835618860606,0.410428561568465,0.6351535301232654
natural_artificial,cgreGFP_to_artificial,aubin_1_10_1,46,iterative_random,2,192,5382,0.5396253542538529,0.7345919644631658,-0.171522132974832,0.6663584010617157,0.47730331101325907,0.7149381789618783
natural_artificial,cgreGFP_to_artificial,aubin_1_10_1,46,iterative_random,3,288,5382,0.4826692899123649,0.6947440463309958,-0.047870993425516595,0.7171938413777738,0.5247834599167042,0.7435342952477341
natural_artificial,cgreGFP_to_artificial,aubin_1_10_1,46,iterative_random,4,384,5382,0.5336492423942615,0.7305129994697298,-0.1585480440862077,0.5883704467021493,0.4126763947279864,0.6315678988255133
natural_artificial,cgreGFP_to_artificial,aubin_1_10_1,46,iterative_random,5,480,5382,0.4601807320966295,0.6783662226973197,0.0009514775946727339,0.7247430616996281,0.5285623077962932,0.732892759860138
natural_artificial,cgreGFP_to_artificial,aubin_1_10_1,46,iterative_random,6,576,5382,0.4956176815684012,0.7040011942947264,-0.07598184346600068,0.6048940964027463,0.42767403591153724,0.6174384339590535
natural_artificial,cgreGFP_to_artificial,aubin_1_10_1,46,iterative_random,7,672,5382,0.43689867459901416,0.6609831121889682,0.05149662979079794,0.7361459808890249,0.5415444635573937,0.7475175391549586
natural_artificial,cgreGFP_to_artificial,aubin_1_10_1,46,iterative_random,8,768,5382,0.28604704338863235,0.5348336595509228,0.3789942600729789,0.6841979205104466,0.4951654819090499,0.6748642978864591
natural_artificial,cgreGFP_to_artificial,aubin_1_10_1,46,iterative_random,9,864,5382,0.461317149954883,0.6792033200411222,-0.0015156760754744258,0.5972834407285545,0.4190036365572505,0.6246982782237438
natural_artificial,cgreGFP_to_artificial,aubin_1_10_1,46,iterative_random,10,960,5382,0.44490913021768025,0.6670150899475066,0.03410599760774213,0.7032939388591198,0.5107029932489463,0.6984679777708356
natural_artificial,cgreGFP_to_artificial,aubin_linear,42,source_only,0,0,5382,5.240017349023147,2.2891084179267587,-10.37603385971535,0.5685238206557242,0.4065792883762883,0.5422338601181027
natural_artificial,cgreGFP_to_artificial,aubin_linear,42,oneshot_fancy,1,960,5382,0.8841716603226815,0.9403040254740386,-0.9195292831438164,0.3914684148386534,0.2596716044015362,0.40689527474115084
natural_artificial,cgreGFP_to_artificial,aubin_linear,42,oneshot_random,1,960,5382,0.2511197610612127,0.5011185099966002,0.45482109802393245,0.7341978583446087,0.5257982003773789,0.7012090547121816
natural_artificial,cgreGFP_to_artificial,aubin_linear,42,iterative_fancy,1,96,5382,1.8239979354138864,1.3505546769434722,-2.95988426969378,0.18268454319808863,0.1374320742059946,0.19899466808990898
natural_artificial,cgreGFP_to_artificial,aubin_linear,42,iterative_fancy,2,192,5382,1.2159060932818302,1.1026813199115282,-1.6397219638952016,0.17932139032765199,0.11982127360109006,0.25063383080198676
natural_artificial,cgreGFP_to_artificial,aubin_linear,42,iterative_fancy,3,288,5382,1.0066304891789781,1.003309767309667,-1.18538637687081,0.24732844284486363,0.15698921895750284,0.3195307509984083
natural_artificial,cgreGFP_to_artificial,aubin_linear,42,iterative_fancy,4,384,5382,0.6612300211701819,0.8131605137795255,-0.4355248482706995,0.4198055923319486,0.27171802060389305,0.4607489669329615
natural_artificial,cgreGFP_to_artificial,aubin_linear,42,iterative_fancy,5,480,5382,0.4501543938360795,0.670935461751784,0.02271857414106848,0.6185241696290629,0.4229333790571692,0.6210652741494904
natural_artificial,cgreGFP_to_artificial,aubin_linear,42,iterative_fancy,6,576,5382,0.4495284565251667,0.6704688333734586,0.024077478810407227,0.6641542893845234,0.4588126711446955,0.6433342653968745
natural_artificial,cgreGFP_to_artificial,aubin_linear,42,iterative_fancy,7,672,5382,0.43765208316811716,0.6615527818459516,0.049860986085550785,0.6819280159834239,0.4756917038030209,0.6660709313360698
natural_artificial,cgreGFP_to_artificial,aubin_linear,42,iterative_fancy,8,768,5382,0.41708954300782486,0.6458246999053419,0.09450208887671807,0.6703163480593782,0.46492527411507556,0.650946094804858
natural_artificial,cgreGFP_to_artificial,aubin_linear,42,iterative_fancy,9,864,5382,0.3190988900851508,0.5648883872811963,0.3072389771986179,0.6867625756016712,0.4798449460019259,0.6636411181988384
natural_artificial,cgreGFP_to_artificial,aubin_linear,42,iterative_fancy,10,960,5382,0.37067986116240936,0.6088348389854258,0.1952571201917358,0.664744840070135,0.4616299490630722,0.651111687143155
natural_artificial,cgreGFP_to_artificial,aubin_linear,42,iterative_random,1,96,5382,0.3752141506146739,0.6125472639843181,0.1854132156962044,0.7359402281552809,0.5243145313310769,0.7030013008623206
natural_artificial,cgreGFP_to_artificial,aubin_linear,42,iterative_random,2,192,5382,0.2794949481724181,0.5286728176976929,0.3932188040137785,0.7163942598992761,0.5068728915469541,0.7046766532270292
natural_artificial,cgreGFP_to_artificial,aubin_linear,42,iterative_random,3,288,5382,0.27233827863160504,0.5218604014787911,0.4087558737592175,0.7360206503251422,0.5254567916566568,0.7091371768658812
natural_artificial,cgreGFP_to_artificial,aubin_linear,42,iterative_random,4,384,5382,0.25652548580838935,0.5064834506757248,0.4430853147880912,0.7342982480470321,0.5250973514564489,0.7042818716789261
natural_artificial,cgreGFP_to_artificial,aubin_linear,42,iterative_random,5,480,5382,0.25402429458500214,0.5040082286877885,0.44851538002483715,0.7228351650090157,0.5130937938119308,0.7090371514879147
natural_artificial,cgreGFP_to_artificial,aubin_linear,42,iterative_random,6,576,5382,0.2715477069485306,0.5211023958384097,0.41047219827422377,0.7274019258213402,0.5181066317058166,0.703555299684581
natural_artificial,cgreGFP_to_artificial,aubin_linear,42,iterative_random,7,672,5382,0.25260010410711503,0.5025933784950962,0.45160728564651376,0.7314496620931396,0.5206169623841245,0.7124977041287064
natural_artificial,cgreGFP_to_artificial,aubin_linear,42,iterative_random,8,768,5382,0.2491960285131587,0.499195381101587,0.4589975053039157,0.729933013345714,0.5210832037874339,0.7052681777595581
natural_artificial,cgreGFP_to_artificial,aubin_linear,42,iterative_random,9,864,5382,0.2562454719123642,0.5062069457369823,0.44369322261552757,0.7311743613803046,0.5217288452687809,0.709015446184572
natural_artificial,cgreGFP_to_artificial,aubin_linear,42,iterative_random,10,960,5382,0.24518056390933035,0.49515711032896453,0.4677150453907162,0.7317248442781202,0.5215096592576608,0.7134791486715943
natural_artificial,cgreGFP_to_artificial,aubin_linear,43,source_only,0,0,5382,4.494160459257453,2.119943503789064,-8.756784787179686,0.571706411676026,0.4089081186786331,0.5458833098502602
natural_artificial,cgreGFP_to_artificial,aubin_linear,43,oneshot_fancy,1,960,5382,0.43148196040317693,0.6568728647182626,0.06325627102781273,0.6272289028239945,0.44411182108563013,0.6443828887405902
natural_artificial,cgreGFP_to_artificial,aubin_linear,43,oneshot_random,1,960,5382,0.25514334098693264,0.5051171557044293,0.44608593964114684,0.7374469914339128,0.5290559500521915,0.7055692965998442
natural_artificial,cgreGFP_to_artificial,aubin_linear,43,iterative_fancy,1,96,5382,1.7302870461319153,1.3154037578370814,-2.756438712458273,0.4886971302471207,0.3581699491491634,0.5506607447961788
natural_artificial,cgreGFP_to_artificial,aubin_linear,43,iterative_fancy,2,192,5382,0.5106481495439559,0.7145964942147113,-0.10861286379060964,0.6776230830194813,0.48187394287734353,0.6878083136960098
natural_artificial,cgreGFP_to_artificial,aubin_linear,43,iterative_fancy,3,288,5382,0.4712561577697737,0.6864809959276176,-0.023093178954401106,0.6483183878222691,0.44660098234777945,0.6379800879435379
natural_artificial,cgreGFP_to_artificial,aubin_linear,43,iterative_fancy,4,384,5382,0.4125875686185903,0.6423297973927337,0.10427583764055581,0.6701849266060788,0.46673891396762923,0.6579661472938115
natural_artificial,cgreGFP_to_artificial,aubin_linear,43,iterative_fancy,5,480,5382,0.3687197515953496,0.6072229834215348,0.1995125016758793,0.6899699663843898,0.4875892502472947,0.6837225348738292
natural_artificial,cgreGFP_to_artificial,aubin_linear,43,iterative_fancy,6,576,5382,0.35212566432803066,0.5934017731082631,0.23553812641150795,0.6571449428344968,0.4580746656334027,0.6539622621163941
natural_artificial,cgreGFP_to_artificial,aubin_linear,43,iterative_fancy,7,672,5382,0.35755689901963666,0.5979606166125296,0.2237469612995664,0.6947666295604569,0.4904040528736013,0.6810844199978321
natural_artificial,cgreGFP_to_artificial,aubin_linear,43,iterative_fancy,8,768,5382,0.3374140418078915,0.5808735161873809,0.2674769359178646,0.6454750589961162,0.443181326023027,0.6299642529909418
natural_artificial,cgreGFP_to_artificial,aubin_linear,43,iterative_fancy,9,864,5382,0.33369679582020045,0.5776649511786226,0.2755470458820515,0.6724815125563017,0.4696113961724885,0.6600346786569196
natural_artificial,cgreGFP_to_artificial,aubin_linear,43,iterative_fancy,10,960,5382,0.35436165111012896,0.5952828328703331,0.23068381779976865,0.6685345764100009,0.466086940433609,0.6540748354974029
natural_artificial,cgreGFP_to_artificial,aubin_linear,43,iterative_random,1,96,5382,0.29434779233842157,0.5425382865184922,0.3609734034948222,0.7163300599514851,0.5084327966688417,0.7005919895246431
natural_artificial,cgreGFP_to_artificial,aubin_linear,43,iterative_random,2,192,5382,0.27860292123738806,0.5278284960452477,0.3951553870326442,0.7176804329430801,0.5083637238683514,0.7001697098862909
natural_artificial,cgreGFP_to_artificial,aubin_linear,43,iterative_random,3,288,5382,0.2642399846965188,0.514042784889078,0.4263372021929187,0.7217791379179147,0.5121859363562813,0.7028732414105152
natural_artificial,cgreGFP_to_artificial,aubin_linear,43,iterative_random,4,384,5382,0.25678664689154707,0.50674120307268,0.4425183362597862,0.7266979981868668,0.5171170078714463,0.6992656431197848
natural_artificial,cgreGFP_to_artificial,aubin_linear,43,iterative_random,5,480,5382,0.2596718059288304,0.5095800289736936,0.43625468010893054,0.7296778691476508,0.5200590793320724,0.7034017603660503
natural_artificial,cgreGFP_to_artificial,aubin_linear,43,iterative_random,6,576,5382,0.25033111857247103,0.5003310090055093,0.4565332342741698,0.7234449540609613,0.5140598459328727,0.7070683040904799
natural_artificial,cgreGFP_to_artificial,aubin_linear,43,iterative_random,7,672,5382,0.25604822252523146,0.506012077449967,0.44412144938604536,0.7232540536065021,0.5139979567079075,0.7039737850717052
natural_artificial,cgreGFP_to_artificial,aubin_linear,43,iterative_random,8,768,5382,0.2488633059533486,0.4988620109342348,0.45971984319979997,0.7378492252758699,0.5266975282708158,0.7143322199763351
natural_artificial,cgreGFP_to_artificial,aubin_linear,43,iterative_random,9,864,5382,0.24334124632746962,0.49329630682528897,0.47170818848477836,0.7416864687305473,0.5325123024227866,0.7096226522789922
natural_artificial,cgreGFP_to_artificial,aubin_linear,43,iterative_random,10,960,5382,0.24894399060706585,0.4989428730897615,0.45954467749107997,0.7342332140368555,0.5246499850591508,0.7085441419958001
natural_artificial,cgreGFP_to_artificial,aubin_linear,44,source_only,0,0,5382,4.954299949705019,2.2258256781933796,-9.755743774309666,0.5689469767074402,0.4079901975746989,0.5417916106043694
natural_artificial,cgreGFP_to_artificial,aubin_linear,44,oneshot_fancy,1,960,5382,1.01713127169958,1.0085292616972399,-1.2081834879395625,0.3203288439276606,0.20450335690195906,0.388690297617439
natural_artificial,cgreGFP_to_artificial,aubin_linear,44,oneshot_random,1,960,5382,0.24528108797660197,0.4952586071706397,0.4674968084810214,0.7402807873582485,0.5320999010288301,0.7053143450761357
natural_artificial,cgreGFP_to_artificial,aubin_linear,44,iterative_fancy,1,96,5382,1.8427287437700637,1.357471452285485,-3.000548698050957,0.45272670121431274,0.3222610156529996,0.4927401873094286
natural_artificial,cgreGFP_to_artificial,aubin_linear,44,iterative_fancy,2,192,5382,1.2591196903381878,1.1221050264294283,-1.7335383218515097,0.15854973880759696,0.10467229297914606,0.23531919080372682
natural_artificial,cgreGFP_to_artificial,aubin_linear,44,iterative_fancy,3,288,5382,0.37241436703011244,0.6102576234920072,0.19149152245291456,0.6757931127623229,0.4703807818550213,0.6545022675005698
natural_artificial,cgreGFP_to_artificial,aubin_linear,44,iterative_fancy,4,384,5382,0.36977641051267435,0.6080924358291874,0.19721850399972707,0.6796460466503645,0.47579097783941005,0.664789520020102
natural_artificial,cgreGFP_to_artificial,aubin_linear,44,iterative_fancy,5,480,5382,0.36691233176211235,0.605732888129836,0.20343639502433575,0.6857431276077666,0.4792623529049781,0.6641942021526488
natural_artificial,cgreGFP_to_artificial,aubin_linear,44,iterative_fancy,6,576,5382,0.3811296045825029,0.617356950703969,0.1725708145835143,0.6221328588621515,0.42480229648835,0.6201273175158689
natural_artificial,cgreGFP_to_artificial,aubin_linear,44,iterative_fancy,7,672,5382,0.3860141909880547,0.6213004031771222,0.16196641833077652,0.6673889664658634,0.46387463481514024,0.6570405970045835
natural_artificial,cgreGFP_to_artificial,aubin_linear,44,iterative_fancy,8,768,5382,0.3291803455565127,0.573742403484798,0.2853522216483132,0.6825297634808427,0.47681641292032895,0.6679046722282977
natural_artificial,cgreGFP_to_artificial,aubin_linear,44,iterative_fancy,9,864,5382,0.35993201216029197,0.5999433407916884,0.21859061052645556,0.6684127850894336,0.4639706880452616,0.6512634584680508
natural_artificial,cgreGFP_to_artificial,aubin_linear,44,iterative_fancy,10,960,5382,0.3746228417475474,0.612064409803043,0.1866969423035667,0.6726910041052749,0.4675545786085711,0.6560870035463625
natural_artificial,cgreGFP_to_artificial,aubin_linear,44,iterative_random,1,96,5382,0.30187467852319816,0.5494312318418003,0.34463259651024136,0.7006577117978688,0.49285035327904503,0.6985893953105822
natural_artificial,cgreGFP_to_artificial,aubin_linear,44,iterative_random,2,192,5382,0.2761537665327349,0.5255033458815794,0.4004724814222286,0.7208066887306894,0.511814099798432,0.7093860380892987
natural_artificial,cgreGFP_to_artificial,aubin_linear,44,iterative_random,3,288,5382,0.2644943778400867,0.5142901689125379,0.42578491680488506,0.7222338503576229,0.5135398659266914,0.7055322194005773
natural_artificial,cgreGFP_to_artificial,aubin_linear,44,iterative_random,4,384,5382,0.2577682495561233,0.507708823594906,0.4403872850809025,0.7197167108858481,0.5115143591795752,0.6988398721641369
natural_artificial,cgreGFP_to_artificial,aubin_linear,44,iterative_random,5,480,5382,0.2531009232877268,0.5030913667394092,0.4505200113921076,0.7194999735753811,0.5110274987736098,0.6994110408594114
natural_artificial,cgreGFP_to_artificial,aubin_linear,44,iterative_random,6,576,5382,0.25190648195581217,0.5019028610755394,0.4531131335385138,0.7295020784114084,0.5195441747799824,0.7079869812483917
natural_artificial,cgreGFP_to_artificial,aubin_linear,44,iterative_random,7,672,5382,0.25970641643593295,0.5096139876768817,0.43617954098734457,0.7259301374598721,0.5174346760537128,0.6961575125694563
natural_artificial,cgreGFP_to_artificial,aubin_linear,44,iterative_random,8,768,5382,0.250823530468368,0.5008228533806819,0.4554642121645971,0.7392064586362359,0.5312569365716467,0.7027982585258417
natural_artificial,cgreGFP_to_artificial,aubin_linear,44,iterative_random,9,864,5382,0.25426485273456595,0.5042468172775768,0.4479931302931298,0.7314090323872535,0.5218348540023691,0.7073710271274014
natural_artificial,cgreGFP_to_artificial,aubin_linear,44,iterative_random,10,960,5382,0.25026237883173624,0.500262310025187,0.4566824676766609,0.7286070689582399,0.5190900390564864,0.7056662318866787
natural_artificial,cgreGFP_to_artificial,aubin_linear,45,source_only,0,0,5382,4.899517364027676,2.2134853430794785,-9.636811238770562,0.5570558152335069,0.4011323177732335,0.5279144447351067
natural_artificial,cgreGFP_to_artificial,aubin_linear,45,oneshot_fancy,1,960,5382,0.3139164530411713,0.5602824761146571,0.31849000469743816,0.6588960941172253,0.4621960697163425,0.6621977550624001
natural_artificial,cgreGFP_to_artificial,aubin_linear,45,oneshot_random,1,960,5382,0.2656892317243858,0.5154505133612594,0.42319089901070106,0.7328670672332516,0.5251535257747248,0.700246313275137
natural_artificial,cgreGFP_to_artificial,aubin_linear,45,iterative_fancy,1,96,5382,0.635296915472916,0.7970551520898137,-0.37922429259512125,0.6596084606010766,0.4660924984455668,0.6809235789695617
natural_artificial,cgreGFP_to_artificial,aubin_linear,45,iterative_fancy,2,192,5382,0.4005535483501658,0.6328929991318958,0.13040159504241233,0.6286259099273348,0.43140717604489603,0.6275472683055705
natural_artificial,cgreGFP_to_artificial,aubin_linear,45,iterative_fancy,3,288,5382,0.3992433941483955,0.6318570994682227,0.1332459288619493,0.675766035105577,0.47335306977504676,0.6719145368564516
natural_artificial,cgreGFP_to_artificial,aubin_linear,45,iterative_fancy,4,384,5382,0.3363141291905018,0.5799259687154058,0.2698648370152694,0.6933049214927562,0.4877259621605185,0.6780005686763682
natural_artificial,cgreGFP_to_artificial,aubin_linear,45,iterative_fancy,5,480,5382,0.38461343166134954,0.6201720984221634,0.16500745511911474,0.6806005054701365,0.4769855228098416,0.6685703759745047
natural_artificial,cgreGFP_to_artificial,aubin_linear,45,iterative_fancy,6,576,5382,0.3713466722699728,0.609382205409686,0.19380947885156163,0.6908632405713642,0.4846454721666319,0.6712742009594993
natural_artificial,cgreGFP_to_artificial,aubin_linear,45,iterative_fancy,7,672,5382,0.418252888352393,0.6467247392456802,0.0919764758588878,0.6610772180518155,0.4599664847488291,0.6519992624356618
natural_artificial,cgreGFP_to_artificial,aubin_linear,45,iterative_fancy,8,768,5382,0.38218176349218247,0.6182085113391618,0.17028658638634098,0.633201854453645,0.4356965971034549,0.6308859539950009
natural_artificial,cgreGFP_to_artificial,aubin_linear,45,iterative_fancy,9,864,5382,0.3517170530971944,0.5930573775758923,0.23642521797778293,0.6704900379838944,0.46607096852393626,0.6516854885850011
natural_artificial,cgreGFP_to_artificial,aubin_linear,45,iterative_fancy,10,960,5382,0.35615053075523556,0.5967834873345906,0.22680017504475336,0.6827798217571848,0.4789157592274503,0.6662994290363136
natural_artificial,cgreGFP_to_artificial,aubin_linear,45,iterative_random,1,96,5382,0.3078444003388257,0.5548372737468399,0.331672380353644,0.7249424621117067,0.5152544777264563,0.70682301148433
natural_artificial,cgreGFP_to_artificial,aubin_linear,45,iterative_random,2,192,5382,0.26771990387939076,0.5174165670708571,0.4187823267380112,0.7366514633749428,0.5259875107678444,0.7089063958063255
natural_artificial,cgreGFP_to_artificial,aubin_linear,45,iterative_random,3,288,5382,0.24836736558283495,0.49836469134844913,0.46079652559826856,0.727922340458537,0.5182979633565681,0.7029318466470755
natural_artificial,cgreGFP_to_artificial,aubin_linear,45,iterative_random,4,384,5382,0.260442860366687,0.5103360269143136,0.43458072737013365,0.7392490530690974,0.5327030079345141,0.696132289529455
natural_artificial,cgreGFP_to_artificial,aubin_linear,45,iterative_random,5,480,5382,0.2526453753848438,0.5026384141555874,0.4515090020810193,0.7357894004905854,0.5269278314843528,0.7016201063889023
natural_artificial,cgreGFP_to_artificial,aubin_linear,45,iterative_random,6,576,5382,0.2493308791692213,0.4993304308463698,0.4587047456569159,0.7362381743297121,0.5271061265709446,0.7041710205085139
natural_artificial,cgreGFP_to_artificial,aubin_linear,45,iterative_random,7,672,5382,0.2515715973383089,0.50156913515318,0.45384016524357584,0.719371555755819,0.5104167056445233,0.7005870011178537
natural_artificial,cgreGFP_to_artificial,aubin_linear,45,iterative_random,8,768,5382,0.24624727903594484,0.4962330894206319,0.46539921576826293,0.7402892061826527,0.5318770721744485,0.70269556389372
natural_artificial,cgreGFP_to_artificial,aubin_linear,45,iterative_random,9,864,5382,0.24505790783028597,0.49503323911661323,0.46798133071295267,0.7339748246908339,0.525056307531757,0.7013027953491785
natural_artificial,cgreGFP_to_artificial,aubin_linear,45,iterative_random,10,960,5382,0.2486437618615377,0.4986419174733886,0.460196471587797,0.7217732956976264,0.5136615721927503,0.6985175866374573
natural_artificial,cgreGFP_to_artificial,aubin_linear,46,source_only,0,0,5382,4.7984954158437425,2.190546830324278,-9.417493433777212,0.565593748479163,0.40507316994867143,0.5386045537554419
natural_artificial,cgreGFP_to_artificial,aubin_linear,46,oneshot_fancy,1,960,5382,0.6668817504514736,0.8166282816872519,-0.4477947052935787,0.39742378909151704,0.2547438727753648,0.44251543651362835
natural_artificial,cgreGFP_to_artificial,aubin_linear,46,oneshot_random,1,960,5382,0.2584814549529379,0.5084107148290031,0.4388389221266068,0.7269357091154699,0.5175880843382576,0.6991787992937171
natural_artificial,cgreGFP_to_artificial,aubin_linear,46,iterative_fancy,1,96,5382,1.01694725873617,1.0084380291996975,-1.2077839973342948,0.30410245504168454,0.20021723765903646,0.35349371565695387
natural_artificial,cgreGFP_to_artificial,aubin_linear,46,iterative_fancy,2,192,5382,1.063043778266898,1.0310401438677828,-1.3078591558820714,0.2208965508923882,0.1389837994145031,0.3069077599028638
natural_artificial,cgreGFP_to_artificial,aubin_linear,46,iterative_fancy,3,288,5382,0.38747329346291365,0.6224735283230233,0.158798719055528,0.6787110983943045,0.47453929327922606,0.6666049659112719
natural_artificial,cgreGFP_to_artificial,aubin_linear,46,iterative_fancy,4,384,5382,0.3873958036307323,0.6224112817347804,0.15896694883340146,0.6890253439789427,0.4830295641474182,0.67505896131061
natural_artificial,cgreGFP_to_artificial,aubin_linear,46,iterative_fancy,5,480,5382,0.36960813639132784,0.6079540577965804,0.19758382571044786,0.6821736474632379,0.4796447730261051,0.6784152877522369
natural_artificial,cgreGFP_to_artificial,aubin_linear,46,iterative_fancy,6,576,5382,0.35420758803857544,0.5951534155481051,0.23101828744018915,0.6683002329188787,0.46631485989975724,0.6566695835761958
natural_artificial,cgreGFP_to_artificial,aubin_linear,46,iterative_fancy,7,672,5382,0.3750478273415619,0.6124114853116015,0.18577430213171653,0.6753000278634121,0.4691399052363418,0.6507585070980302
natural_artificial,cgreGFP_to_artificial,aubin_linear,46,iterative_fancy,8,768,5382,0.3420626590749648,0.5848612306136942,0.2573848266921305,0.686521095988831,0.4796923476219886,0.6579275783771596
natural_artificial,cgreGFP_to_artificial,aubin_linear,46,iterative_fancy,9,864,5382,0.32217858852006426,0.5676077770080888,0.3005529776417998,0.6768183740311325,0.47072484971639167,0.6427899813808162
natural_artificial,cgreGFP_to_artificial,aubin_linear,46,iterative_fancy,10,960,5382,0.3263544639282706,0.5712744208594243,0.2914871870396821,0.6895545675512617,0.4828644801485461,0.6650230046266422
natural_artificial,cgreGFP_to_artificial,aubin_linear,46,iterative_random,1,96,5382,0.34113443690625217,0.584067151024822,0.2593999892607395,0.7195421076337224,0.5069913504556474,0.7077395773419959
natural_artificial,cgreGFP_to_artificial,aubin_linear,46,iterative_random,2,192,5382,0.2718125500374563,0.5213564519956153,0.40989722614217694,0.7200746212586192,0.5092262183446221,0.7050293468040202
natural_artificial,cgreGFP_to_artificial,aubin_linear,46,iterative_random,3,288,5382,0.2614699849153569,0.5113413585026708,0.43235084856143235,0.7131401641479425,0.5048393532961355,0.7069310442174306
natural_artificial,cgreGFP_to_artificial,aubin_linear,46,iterative_random,4,384,5382,0.2549874636410754,0.5049628339205524,0.4464243480559139,0.7294927798365769,0.5189447610380253,0.7101389049049398
natural_artificial,cgreGFP_to_artificial,aubin_linear,46,iterative_random,5,480,5382,0.2513473595754399,0.5013455490731317,0.45432698355220213,0.7326507625900183,0.5221295185692606,0.7126196418858901
natural_artificial,cgreGFP_to_artificial,aubin_linear,46,iterative_random,6,576,5382,0.26219560749399107,0.5120503954631722,0.4307755280092104,0.7266772309397089,0.5182704212058689,0.7040436505874429
natural_artificial,cgreGFP_to_artificial,aubin_linear,46,iterative_random,7,672,5382,0.24794077527258182,0.49793651731177724,0.4617226495956577,0.729745392856639,0.5213145616673595,0.7088301161929514
natural_artificial,cgreGFP_to_artificial,aubin_linear,46,iterative_random,8,768,5382,0.25100061453398737,0.5009996153032329,0.4550797641385085,0.7306767061346575,0.5221605652693398,0.7036006032988142
natural_artificial,cgreGFP_to_artificial,aubin_linear,46,iterative_random,9,864,5382,0.25162603301290776,0.5016233975931623,0.45372198584908796,0.7318189130826489,0.5227058109926498,0.710249710367001
natural_artificial,cgreGFP_to_artificial,aubin_linear,46,iterative_random,10,960,5382,0.2456370059419648,0.4956178022851528,0.4667241135535889,0.735358460220553,0.5264416971480744,0.7106052560122809
natural_artificial,cgreGFP_to_artificial,mlp_small,42,source_only,0,0,5382,1.4618831892458326,1.2090836154897777,-2.1737361829364032,0.7444323250592333,0.5477849024062351,0.774107249324959
natural_artificial,cgreGFP_to_artificial,mlp_small,42,oneshot_fancy,1,960,5382,0.2709861685146263,0.5205633184489916,0.41169129351993283,0.7560478779291651,0.5513448765908326,0.7979681233590876
natural_artificial,cgreGFP_to_artificial,mlp_small,42,oneshot_random,1,960,5382,0.13566760384162846,0.3683308347690001,0.7054667662013506,0.7747209947566003,0.575527214007476,0.8428814166663987
natural_artificial,cgreGFP_to_artificial,mlp_small,42,iterative_fancy,1,96,5382,0.5920518443330254,0.7694490524609315,-0.28533960466657726,0.7046089583677195,0.5041115157905275,0.7585919000622484
natural_artificial,cgreGFP_to_artificial,mlp_small,42,iterative_fancy,2,192,5382,0.5439538211994254,0.7375322509554585,-0.1809191985289509,0.7129723042272154,0.5089276857112115,0.7669653963831682
natural_artificial,cgreGFP_to_artificial,mlp_small,42,iterative_fancy,3,288,5382,0.6002965917747366,0.7747880947554219,-0.3032388824388528,0.7240947269471206,0.5189372500218019,0.7796774526577632
natural_artificial,cgreGFP_to_artificial,mlp_small,42,iterative_fancy,4,384,5382,0.4648381459557699,0.681790397377207,-0.009159728958902047,0.7452796118666084,0.5412175610782428,0.784900422874806
natural_artificial,cgreGFP_to_artificial,mlp_small,42,iterative_fancy,5,480,5382,0.19852014165923285,0.4455559916096212,0.569014432028182,0.7484553908278685,0.5476800120689664,0.792344335343056
natural_artificial,cgreGFP_to_artificial,mlp_small,42,iterative_fancy,6,576,5382,0.21100467902803866,0.45935245621204496,0.5419106057675891,0.7527167733106955,0.545152776531893,0.798249390410851
natural_artificial,cgreGFP_to_artificial,mlp_small,42,iterative_fancy,7,672,5382,0.22285986463073032,0.4720803582344115,0.5161730969300331,0.7649774862426801,0.5592626416760305,0.8139397215135165
natural_artificial,cgreGFP_to_artificial,mlp_small,42,iterative_fancy,8,768,5382,0.16135742650663656,0.4016931994777066,0.6496943759550289,0.7768769708174127,0.57814825049488,0.8294669426940968
natural_artificial,cgreGFP_to_artificial,mlp_small,42,iterative_fancy,9,864,5382,0.15958775774060197,0.3994843648262119,0.6535363120521762,0.7671728974685605,0.561595920876592,0.8132000696903972
natural_artificial,cgreGFP_to_artificial,mlp_small,42,iterative_fancy,10,960,5382,0.17562116408820336,0.41907178870475564,0.6187279209061257,0.7753455280526972,0.5779020259159422,0.8222300262912544
natural_artificial,cgreGFP_to_artificial,mlp_small,42,iterative_random,1,96,5382,0.20080956032725963,0.4481177973783898,0.564044123238767,0.7664831780066943,0.562553181393769,0.8202049016255942
natural_artificial,cgreGFP_to_artificial,mlp_small,42,iterative_random,2,192,5382,0.17191530688505788,0.4146267078771674,0.6267733059142713,0.7651209172851927,0.5608986612930686,0.8216053071754195
natural_artificial,cgreGFP_to_artificial,mlp_small,42,iterative_random,3,288,5382,0.15402335644031234,0.3924580951392293,0.6656165807583361,0.7694693019645812,0.5683988515507468,0.8266599393030128
natural_artificial,cgreGFP_to_artificial,mlp_small,42,iterative_random,4,384,5382,0.15154658502364293,0.3892898470595437,0.67099363079884,0.7729217142042276,0.5788294064796525,0.826158279728542
natural_artificial,cgreGFP_to_artificial,mlp_small,42,iterative_random,5,480,5382,0.1483352955452052,0.3851432143309878,0.6779653134110867,0.7722532693675411,0.5719482759228728,0.8272944432446822
natural_artificial,cgreGFP_to_artificial,mlp_small,42,iterative_random,6,576,5382,0.16096584301437256,0.4012054872685225,0.6505445004432104,0.7749529340876932,0.5848633296225816,0.8323496859878847
natural_artificial,cgreGFP_to_artificial,mlp_small,42,iterative_random,7,672,5382,0.1520458670305805,0.3899305925810137,0.6699096937356303,0.769045697447199,0.5727917041113082,0.8227378631855595
natural_artificial,cgreGFP_to_artificial,mlp_small,42,iterative_random,8,768,5382,0.1527979820564839,0.39089382453101496,0.6682768583018558,0.7750707411679818,0.5851310557787928,0.8319127476370816
natural_artificial,cgreGFP_to_artificial,mlp_small,42,iterative_random,9,864,5382,0.15421179175442593,0.39269809237431486,0.6652074892666596,0.7714151626859151,0.570366636948293,0.8309882846971153
natural_artificial,cgreGFP_to_artificial,mlp_small,42,iterative_random,10,960,5382,0.14559623499042254,0.3815707470318218,0.6839117909777739,0.76547308921401,0.5617568496208997,0.8300496562331066
natural_artificial,cgreGFP_to_artificial,mlp_small,43,source_only,0,0,5382,1.3349773897527961,1.1554122163768203,-1.8982247531324226,0.7479994823858123,0.5466530754583198,0.786438226999906
natural_artificial,cgreGFP_to_artificial,mlp_small,43,oneshot_fancy,1,960,5382,0.1729334936181002,0.4158527306849147,0.6245628310285798,0.7562419950602507,0.5613898076399291,0.7965696073696847
natural_artificial,cgreGFP_to_artificial,mlp_small,43,oneshot_random,1,960,5382,0.14252551681643535,0.3775255180996847,0.6905782944631934,0.7761830758849472,0.5812623286321835,0.8350919496794454
natural_artificial,cgreGFP_to_artificial,mlp_small,43,iterative_fancy,1,96,5382,0.33427630279811205,0.5781663279698257,0.27428894107751445,0.7490865833315342,0.5451630872031523,0.8032930135733362
natural_artificial,cgreGFP_to_artificial,mlp_small,43,iterative_fancy,2,192,5382,0.4407433444618596,0.6638850385886548,0.043149883658877175,0.7352414050245685,0.530573530283596,0.7804559804015819
natural_artificial,cgreGFP_to_artificial,mlp_small,43,iterative_fancy,3,288,5382,0.24342555787407327,0.4933817567300936,0.47152514882192176,0.7615526994704447,0.564176303595581,0.8152052696027061
natural_artificial,cgreGFP_to_artificial,mlp_small,43,iterative_fancy,4,384,5382,0.18493917228392937,0.4300455467551424,0.5984986030090303,0.7660339681020482,0.5661126903507996,0.8186155558663532
natural_artificial,cgreGFP_to_artificial,mlp_small,43,iterative_fancy,5,480,5382,0.19280761705508975,0.4390986416001418,0.5814162751887402,0.7644467687251523,0.571417974422544,0.8275279471765826
natural_artificial,cgreGFP_to_artificial,mlp_small,43,iterative_fancy,6,576,5382,0.17600168761061,0.4195255506052164,0.6179018075200464,0.7690118611039706,0.5759433483319849,0.8319083246927006
natural_artificial,cgreGFP_to_artificial,mlp_small,43,iterative_fancy,7,672,5382,0.17964531127299926,0.4238458579165299,0.6099915310086284,0.7609038727830422,0.5765843041461791,0.8262145308728359
natural_artificial,cgreGFP_to_artificial,mlp_small,43,iterative_fancy,8,768,5382,0.15399662617961257,0.39242403873821563,0.6656746119308581,0.7763374305033595,0.5828927719606181,0.8376780392611585
natural_artificial,cgreGFP_to_artificial,mlp_small,43,iterative_fancy,9,864,5382,0.16420482229892655,0.40522194202551093,0.6435127034933642,0.7668716184623088,0.5713475201611783,0.8189061296161579
natural_artificial,cgreGFP_to_artificial,mlp_small,43,iterative_fancy,10,960,5382,0.13657732719646817,0.3695636984289287,0.703491764403015,0.776442430991028,0.5838817073723759,0.8405752253917642
natural_artificial,cgreGFP_to_artificial,mlp_small,43,iterative_random,1,96,5382,0.20496779301863957,0.4527336888487973,0.5550166348273915,0.7657946259281367,0.5615531454228018,0.8244054622593268
natural_artificial,cgreGFP_to_artificial,mlp_small,43,iterative_random,2,192,5382,0.21013060582578938,0.458400049984497,0.5438082113826757,0.7652851486841202,0.5720629367716866,0.8138715888934926
natural_artificial,cgreGFP_to_artificial,mlp_small,43,iterative_random,3,288,5382,0.16527977469029015,0.4065461532105428,0.6411789908380017,0.7661956308065678,0.579922690690311,0.8205547671983191
natural_artificial,cgreGFP_to_artificial,mlp_small,43,iterative_random,4,384,5382,0.16162934447382477,0.402031521741548,0.6491040443214181,0.7713255246869181,0.569235283882467,0.8349365058567924
natural_artificial,cgreGFP_to_artificial,mlp_small,43,iterative_random,5,480,5382,0.14674249847501294,0.38306983498444896,0.681423262535156,0.7716151604039713,0.5819620850789484,0.830302244217727
natural_artificial,cgreGFP_to_artificial,mlp_small,43,iterative_random,6,576,5382,0.14149508559435706,0.3761583251695449,0.6928153520322214,0.7706785034253121,0.5715570969179757,0.8376335746103046
natural_artificial,cgreGFP_to_artificial,mlp_small,43,iterative_random,7,672,5382,0.16315694066195488,0.40392690014649296,0.6457876457672453,0.7663848329555168,0.5732444565089044,0.8222210235906128
natural_artificial,cgreGFP_to_artificial,mlp_small,43,iterative_random,8,768,5382,0.15416162009665652,0.39263420647806085,0.6653164115162566,0.7701161200736395,0.570469427264376,0.8301585007586074
natural_artificial,cgreGFP_to_artificial,mlp_small,43,iterative_random,9,864,5382,0.13560917690818503,0.3682515131105167,0.7055936105854241,0.7737624300607076,0.5756543571559805,0.8401814539906824
natural_artificial,cgreGFP_to_artificial,mlp_small,43,iterative_random,10,960,5382,0.16065268116046916,0.4008150211262911,0.6512243722100932,0.7598899632728419,0.5627698433291275,0.8096802177400247
natural_artificial,cgreGFP_to_artificial,mlp_small,44,source_only,0,0,5382,1.3847492918799857,1.1767537090997358,-2.006279136571993,0.749441650404852,0.5509713308986798,0.7840087007254564
natural_artificial,cgreGFP_to_artificial,mlp_small,44,oneshot_fancy,1,960,5382,0.4609772234188609,0.6789530347666626,-0.0007776984074570059,0.6208294462925142,0.4163385296608227,0.6455962818637149
natural_artificial,cgreGFP_to_artificial,mlp_small,44,oneshot_random,1,960,5382,0.14736418775065874,0.3838804341857745,0.6800735803148696,0.7643454623434633,0.5634415461056922,0.8248057087129073
natural_artificial,cgreGFP_to_artificial,mlp_small,44,iterative_fancy,1,96,5382,0.7343152699798137,0.8569219742659268,-0.5941923124650856,0.6127371086451426,0.4104385522299594,0.6409030210808128
natural_artificial,cgreGFP_to_artificial,mlp_small,44,iterative_fancy,2,192,5382,0.6460212819838658,0.8037544911127189,-0.4025068026378229,0.6076393579760697,0.40246448350548153,0.6342995910457356
natural_artificial,cgreGFP_to_artificial,mlp_small,44,iterative_fancy,3,288,5382,0.6453004245757608,0.8033059346075819,-0.40094182723098415,0.6053244334936636,0.40052795847093614,0.6306479148946058
natural_artificial,cgreGFP_to_artificial,mlp_small,44,iterative_fancy,4,384,5382,0.41630316450825516,0.6452155953696835,0.09620931002538935,0.635256464063783,0.428531398969984,0.6538426244469531
natural_artificial,cgreGFP_to_artificial,mlp_small,44,iterative_fancy,5,480,5382,0.19918585073186465,0.44630242071028997,0.5675691831966319,0.740179960215561,0.5348818771413765,0.7881274002630981
natural_artificial,cgreGFP_to_artificial,mlp_small,44,iterative_fancy,6,576,5382,0.24502342388759674,0.49499840796470923,0.4680561950642552,0.7387203001135891,0.5272244664790243,0.7898079187855237
natural_artificial,cgreGFP_to_artificial,mlp_small,44,iterative_fancy,7,672,5382,0.2104302148076053,0.45872673217025983,0.5431577627877969,0.7381678893944078,0.5308775887513542,0.7880863115682832
natural_artificial,cgreGFP_to_artificial,mlp_small,44,iterative_fancy,8,768,5382,0.1709607616119902,0.41347401564305125,0.6288456157223816,0.7606039243180421,0.5553675765602845,0.7981462918819753
natural_artificial,cgreGFP_to_artificial,mlp_small,44,iterative_fancy,9,864,5382,0.17273340047851726,0.4156120793221935,0.6249972315618942,0.7731037383614862,0.576727008551992,0.8200294949697884
natural_artificial,cgreGFP_to_artificial,mlp_small,44,iterative_fancy,10,960,5382,0.23199339503417182,0.48165692669593346,0.49634427877780685,0.7510177701253006,0.5441748814367582,0.8011941058036506
natural_artificial,cgreGFP_to_artificial,mlp_small,44,iterative_random,1,96,5382,0.17688299782244007,0.4205746043479564,0.6159884904176591,0.7526352802019878,0.5461550228323996,0.8015039936337838
natural_artificial,cgreGFP_to_artificial,mlp_small,44,iterative_random,2,192,5382,0.1675831705927433,0.40936923503451417,0.6361783375894926,0.7582988553311951,0.5514523038333929,0.8147448759059885
natural_artificial,cgreGFP_to_artificial,mlp_small,44,iterative_random,3,288,5382,0.14953907797995108,0.3867028290301884,0.6753519118085227,0.7704048150137024,0.5754609930623276,0.8294996730487183
natural_artificial,cgreGFP_to_artificial,mlp_small,44,iterative_random,4,384,5382,0.15224134341732862,0.3901811674303728,0.6694853161341255,0.759267425729666,0.5578721676757948,0.8206385135665806
natural_artificial,cgreGFP_to_artificial,mlp_small,44,iterative_random,5,480,5382,0.1465256653643965,0.38278671001537723,0.6818940054056428,0.7599213696764748,0.5544162177024307,0.8284914174031445
natural_artificial,cgreGFP_to_artificial,mlp_small,44,iterative_random,6,576,5382,0.17571535817518405,0.41918415782944857,0.6185234263307258,0.7672262286575071,0.5696270647933199,0.8274667017294267
natural_artificial,cgreGFP_to_artificial,mlp_small,44,iterative_random,7,672,5382,0.138672602554427,0.37238770462305415,0.6989429391167761,0.7706177409811584,0.5695881470706544,0.8384102507935502
natural_artificial,cgreGFP_to_artificial,mlp_small,44,iterative_random,8,768,5382,0.14012081720056613,0.3743271526359878,0.6957988772266593,0.7694097666394883,0.5711617242216214,0.8359467763070605
natural_artificial,cgreGFP_to_artificial,mlp_small,44,iterative_random,9,864,5382,0.13534491446017805,0.3678925311285594,0.7061673221508905,0.7740610948621515,0.5814001087935644,0.8410359692007066
natural_artificial,cgreGFP_to_artificial,mlp_small,44,iterative_random,10,960,5382,0.1351777951436464,0.36766533035308946,0.7065301367900121,0.7756948790805571,0.5811861212650344,0.840630535329796
natural_artificial,cgreGFP_to_artificial,mlp_small,45,source_only,0,0,5382,1.5293253998734564,1.2366589666813792,-2.3201526584118004,0.7415907586974833,0.5470045178793495,0.7651223424389804
natural_artificial,cgreGFP_to_artificial,mlp_small,45,oneshot_fancy,1,960,5382,0.6363669526504103,0.7977261138074961,-0.3815473343622633,0.6340072006441818,0.4268589244546326,0.6684452500744258
natural_artificial,cgreGFP_to_artificial,mlp_small,45,oneshot_random,1,960,5382,0.1384296589361811,0.37206136447658883,0.6994703676810503,0.7735195180132902,0.5775704857048571,0.8395789440634773
natural_artificial,cgreGFP_to_artificial,mlp_small,45,iterative_fancy,1,96,5382,0.8675436676190271,0.9314202422210004,-0.8834300499893433,0.622986922036168,0.43255718407605825,0.6608962964209799
natural_artificial,cgreGFP_to_artificial,mlp_small,45,iterative_fancy,2,192,5382,0.3255359622076112,0.5705575888616427,0.2932641474327984,0.7335233678926019,0.5318385662802766,0.7700433274818177
natural_artificial,cgreGFP_to_artificial,mlp_small,45,iterative_fancy,3,288,5382,0.2630964001137832,0.5129292349961964,0.42881991476200476,0.7124246194573007,0.5114754535304383,0.7469181772091367
natural_artificial,cgreGFP_to_artificial,mlp_small,45,iterative_fancy,4,384,5382,0.21436407335128957,0.46299467961445256,0.5346173887753662,0.7462200326857944,0.5432975562144919,0.7937780053353816
natural_artificial,cgreGFP_to_artificial,mlp_small,45,iterative_fancy,5,480,5382,0.2309304295486012,0.48055221313464075,0.49865196796089983,0.7593582320823442,0.556271601404317,0.809961332645958
natural_artificial,cgreGFP_to_artificial,mlp_small,45,iterative_fancy,6,576,5382,0.1909494999765282,0.4369776881907453,0.5854502318329816,0.7577823826363507,0.5529420659943671,0.8102854498289807
natural_artificial,cgreGFP_to_artificial,mlp_small,45,iterative_fancy,7,672,5382,0.14032919382494147,0.3746053841376836,0.6953464933171082,0.7729609614254199,0.5758837678036067,0.8368724749025114
natural_artificial,cgreGFP_to_artificial,mlp_small,45,iterative_fancy,8,768,5382,0.13980793165419556,0.3739089884640319,0.6964781491321981,0.7732045935852702,0.577739112348392,0.8361117369548781
natural_artificial,cgreGFP_to_artificial,mlp_small,45,iterative_fancy,9,864,5382,0.14641439557145097,0.38264134064610816,0.6821355711959446,0.7628414743116464,0.5657211752744812,0.8298253375607627
natural_artificial,cgreGFP_to_artificial,mlp_small,45,iterative_fancy,10,960,5382,0.1351077322102632,0.3675700371497427,0.7066822428326813,0.7733316606049618,0.5775021834011018,0.8441407676757684
natural_artificial,cgreGFP_to_artificial,mlp_small,45,iterative_random,1,96,5382,0.18475181062981927,0.42982765223961483,0.5989053635938146,0.7619475994746508,0.555386728904045,0.8156196559962321
natural_artificial,cgreGFP_to_artificial,mlp_small,45,iterative_random,2,192,5382,0.15389737019995847,0.3922975531404172,0.6658900958329361,0.7682687270489973,0.5654305274202674,0.8217104720663234
natural_artificial,cgreGFP_to_artificial,mlp_small,45,iterative_random,3,288,5382,0.1571756801447066,0.39645388148523225,0.6587729123486012,0.7585614008700207,0.5514022951258379,0.8147568278245598
natural_artificial,cgreGFP_to_artificial,mlp_small,45,iterative_random,4,384,5382,0.17388846541488073,0.4169993590101557,0.6224895952410545,0.7621242947815953,0.5706141544845648,0.8076959905918281
natural_artificial,cgreGFP_to_artificial,mlp_small,45,iterative_random,5,480,5382,0.1545916014362964,0.3931813849056138,0.6643829256224167,0.7702562464667231,0.5712919955188479,0.8289227338402566
natural_artificial,cgreGFP_to_artificial,mlp_small,45,iterative_random,6,576,5382,0.14371503659418028,0.3790976610244124,0.6879958569697469,0.7716974208170785,0.5737202695466503,0.8311422204161183
natural_artificial,cgreGFP_to_artificial,mlp_small,45,iterative_random,7,672,5382,0.163893291669949,0.4048373644686827,0.6441890338845693,0.7724707688297628,0.5769629213937029,0.8334096937821447
natural_artificial,cgreGFP_to_artificial,mlp_small,45,iterative_random,8,768,5382,0.13999550583826725,0.3741597330529666,0.6960709271466439,0.7742947598163116,0.5801576273012479,0.8359045632538561
natural_artificial,cgreGFP_to_artificial,mlp_small,45,iterative_random,9,864,5382,0.1550092842076591,0.39371218447954986,0.6634761398174942,0.7649510100192471,0.5672480099951104,0.8192545000551361
natural_artificial,cgreGFP_to_artificial,mlp_small,45,iterative_random,10,960,5382,0.14294705865119464,0.3780834017134244,0.6896631306638976,0.7740221723139333,0.5756953863980551,0.8387222214593374
natural_artificial,cgreGFP_to_artificial,mlp_small,46,source_only,0,0,5382,1.4355298068810092,1.198135971783257,-2.116523210128948,0.7373587691465895,0.5369828830557717,0.7648018633205222
natural_artificial,cgreGFP_to_artificial,mlp_small,46,oneshot_fancy,1,960,5382,0.24161041364843674,0.4915388221172736,0.4754658117617032,0.7577367169093436,0.5492480146933604,0.7937136086344485
natural_artificial,cgreGFP_to_artificial,mlp_small,46,oneshot_random,1,960,5382,0.14451629349641304,0.38015298696237154,0.6862563349332732,0.7748129858775558,0.5781770829968714,0.8404484681705044
natural_artificial,cgreGFP_to_artificial,mlp_small,46,iterative_fancy,1,96,5382,0.6419470295980273,0.8012159693853008,-0.3936616347677271,0.7212435811524205,0.5062263867229129,0.7675925984415197
natural_artificial,cgreGFP_to_artificial,mlp_small,46,iterative_fancy,2,192,5382,0.6661339346042535,0.8161702852985114,-0.44617120334078586,0.6796721290297983,0.46800840753129974,0.7273281804624422
natural_artificial,cgreGFP_to_artificial,mlp_small,46,iterative_fancy,3,288,5382,0.2953377307108043,0.5434498419456981,0.3588242555639748,0.7555981630528007,0.5486766322913558,0.8028966861097433
natural_artificial,cgreGFP_to_artificial,mlp_small,46,iterative_fancy,4,384,5382,0.16540603766626552,0.4067014109469815,0.6409048749726807,0.7684143646320205,0.5681777793434764,0.8215230166270902
natural_artificial,cgreGFP_to_artificial,mlp_small,46,iterative_fancy,5,480,5382,0.14552495026396453,0.3814773260155373,0.6840665495229947,0.7712959384567007,0.5758897478351028,0.8339329979849334
natural_artificial,cgreGFP_to_artificial,mlp_small,46,iterative_fancy,6,576,5382,0.15909787902806474,0.39887075479165524,0.6545998346418516,0.7565627258636806,0.5529025563524868,0.822280146714378
natural_artificial,cgreGFP_to_artificial,mlp_small,46,iterative_fancy,7,672,5382,0.1530976072068165,0.39127689326973614,0.6676263746052624,0.7765023433734407,0.5846975060295109,0.8395285572209971
natural_artificial,cgreGFP_to_artificial,mlp_small,46,iterative_fancy,8,768,5382,0.1484356781041859,0.385273510774081,0.6777473837147083,0.7699940302962552,0.5777340408593494,0.8302528832776368
natural_artificial,cgreGFP_to_artificial,mlp_small,46,iterative_fancy,9,864,5382,0.14411127860640752,0.37961991334281653,0.687135618873669,0.7792339920882335,0.5903826038348421,0.8396578292916764
natural_artificial,cgreGFP_to_artificial,mlp_small,46,iterative_fancy,10,960,5382,0.14365299452184466,0.37901582357712277,0.688130549790134,0.7781501902434736,0.5824370296387198,0.8387849497731684
natural_artificial,cgreGFP_to_artificial,mlp_small,46,iterative_random,1,96,5382,0.20193860860485782,0.44937579886422213,0.561592968866615,0.7630830204948935,0.5570367899145701,0.8185580566919153
natural_artificial,cgreGFP_to_artificial,mlp_small,46,iterative_random,2,192,5382,0.15668988707617412,0.39584073448316826,0.6598275650392971,0.76784032095006,0.5675081381617568,0.8241601840240704
natural_artificial,cgreGFP_to_artificial,mlp_small,46,iterative_random,3,288,5382,0.1522593767431329,0.3902042756597279,0.6694461659345579,0.7552776318941615,0.5503565829955434,0.8197195125560293
natural_artificial,cgreGFP_to_artificial,mlp_small,46,iterative_random,4,384,5382,0.15736263408289994,0.39668959411976,0.6583670369116638,0.7677683887183729,0.563048621132654,0.8246883238113054
natural_artificial,cgreGFP_to_artificial,mlp_small,46,iterative_random,5,480,5382,0.14618395766540362,0.38234010731991436,0.6826358499635798,0.765906197611471,0.564661056475945,0.8318869864015941
natural_artificial,cgreGFP_to_artificial,mlp_small,46,iterative_random,6,576,5382,0.14930437599099317,0.38639924429402445,0.6758614478645104,0.768010260891899,0.5648883059738643,0.827907962239007
natural_artificial,cgreGFP_to_artificial,mlp_small,46,iterative_random,7,672,5382,0.14521520149177725,0.3810711239280369,0.6847390115180041,0.7723325310636044,0.5763140023778853,0.834409849849469
natural_artificial,cgreGFP_to_artificial,mlp_small,46,iterative_random,8,768,5382,0.14791389418060666,0.3845957542415239,0.6788801722508377,0.7691375948035998,0.5671664154336198,0.831585127029838
natural_artificial,cgreGFP_to_artificial,mlp_small,46,iterative_random,9,864,5382,0.1994028127392104,0.44654542069000147,0.5670981604924231,0.7669776971572493,0.5701970828942877,0.8218532582237603
natural_artificial,cgreGFP_to_artificial,mlp_small,46,iterative_random,10,960,5382,0.14363931889848125,0.3789977821814809,0.6881602394541317,0.7640946138520884,0.562548158504151,0.8324459710853611
natural_artificial,cgreGFP_to_artificial,CNN_Jannis_OHE,42,source_only,0,0,5382,1.4132142665987064,1.1887868886384583,-2.0680763587274646,0.75384293339979,0.5600011347789356,0.7663207612316113
natural_artificial,cgreGFP_to_artificial,CNN_Jannis_OHE,42,oneshot_fancy,1,960,5382,0.4160857455629631,0.6450470878648807,0.09668132473805957,0.36857434570914477,0.27520635405941235,0.45179634902730054
natural_artificial,cgreGFP_to_artificial,CNN_Jannis_OHE,42,oneshot_random,1,960,5382,0.134286412009163,0.36645110452714286,0.7084653221232731,0.7824396070832664,0.5898180106986464,0.8475865338607423
natural_artificial,cgreGFP_to_artificial,CNN_Jannis_OHE,42,iterative_fancy,1,96,5382,0.7782311072681389,0.8821740799117479,-0.6895332280944724,0.2659511648134557,0.19206692793469335,0.23487188325451355
natural_artificial,cgreGFP_to_artificial,CNN_Jannis_OHE,42,iterative_fancy,2,192,5382,0.58303247259776,0.7635656308384762,-0.26575862402862827,0.55702760607008,0.3680151404038999,0.5855067651244351
natural_artificial,cgreGFP_to_artificial,CNN_Jannis_OHE,42,iterative_fancy,3,288,5382,0.5832277745921494,0.7636935082820525,-0.26618262302578,0.6244736566951583,0.42183460559150276,0.6652775010416849
natural_artificial,cgreGFP_to_artificial,CNN_Jannis_OHE,42,iterative_fancy,4,384,5382,0.511783666554428,0.7153905692378311,-0.11107806172775403,0.5899234737860685,0.39590132342756107,0.6411695859910813
natural_artificial,cgreGFP_to_artificial,CNN_Jannis_OHE,42,iterative_fancy,5,480,5382,0.6025214149865957,0.776222529295946,-0.30806895503292697,0.4628139918232172,0.30165216161458414,0.5358598717416795
natural_artificial,cgreGFP_to_artificial,CNN_Jannis_OHE,42,iterative_fancy,6,576,5382,0.5196698805705856,0.7208813221124443,-0.12819896643038753,0.4522115411540851,0.29551871329470475,0.5583570161453467
natural_artificial,cgreGFP_to_artificial,CNN_Jannis_OHE,42,iterative_fancy,7,672,5382,0.46496746265403394,0.6818852268923516,-0.009440474429783574,0.6019159022936355,0.40729640468381273,0.5785859682802288
natural_artificial,cgreGFP_to_artificial,CNN_Jannis_OHE,42,iterative_fancy,8,768,5382,0.5142492303144767,0.7171117279158643,-0.1164307800394273,0.4811278892428668,0.31696639676238153,0.5612566735189592
natural_artificial,cgreGFP_to_artificial,CNN_Jannis_OHE,42,iterative_fancy,9,864,5382,0.45859855713001024,0.6771990528123989,0.00438636622068278,0.6102894764586253,0.4135623007750561,0.632170682028705
natural_artificial,cgreGFP_to_artificial,CNN_Jannis_OHE,42,iterative_fancy,10,960,5382,0.5347594678923974,0.7312724990674799,-0.16095833436149998,0.5903785159500851,0.39450489200111305,0.5895026105545869
natural_artificial,cgreGFP_to_artificial,CNN_Jannis_OHE,42,iterative_random,1,96,5382,0.5360480964243715,0.7321530553268022,-0.1637559361318579,0.7257686790998102,0.5240173228890584,0.5690582817794464
natural_artificial,cgreGFP_to_artificial,CNN_Jannis_OHE,42,iterative_random,2,192,5382,0.1898877346607587,0.4357610981498448,0.5877553154574693,0.7426731038171791,0.5441513966837805,0.7913882195127726
natural_artificial,cgreGFP_to_artificial,CNN_Jannis_OHE,42,iterative_random,3,288,5382,0.15402044839685186,0.39245439021222817,0.6656228940963784,0.7631427958615733,0.5650769137301,0.8207213493795953
natural_artificial,cgreGFP_to_artificial,CNN_Jannis_OHE,42,iterative_random,4,384,5382,0.17570586682112835,0.4191728364542821,0.6185440319810356,0.7561757178181231,0.5637379073512495,0.808931228753474
natural_artificial,cgreGFP_to_artificial,CNN_Jannis_OHE,42,iterative_random,5,480,5382,0.14432728933674974,0.3799043160280622,0.6866666613838827,0.7720715603383219,0.5779892449081513,0.831975080306866
natural_artificial,cgreGFP_to_artificial,CNN_Jannis_OHE,42,iterative_random,6,576,5382,0.15519855556796996,0.3939524788194256,0.6630652332765127,0.7701367654347494,0.5808517108899309,0.8289072014013533
natural_artificial,cgreGFP_to_artificial,CNN_Jannis_OHE,42,iterative_random,7,672,5382,0.1528426170039241,0.39095091380366936,0.6681799562040982,0.7698940171611482,0.5738098864146697,0.8314474585024255
natural_artificial,cgreGFP_to_artificial,CNN_Jannis_OHE,42,iterative_random,8,768,5382,0.16864946385196383,0.41066953119505206,0.6338634238376248,0.7573418126531731,0.56445148961373,0.8019760894711268
natural_artificial,cgreGFP_to_artificial,CNN_Jannis_OHE,42,iterative_random,9,864,5382,0.13769050472563774,0.3710667119611213,0.7010750652930268,0.7761420990975425,0.584065993604084,0.8441979028024327
natural_artificial,cgreGFP_to_artificial,CNN_Jannis_OHE,42,iterative_random,10,960,5382,0.13555123647047632,0.36817283505233833,0.7057193987913247,0.7663482065765391,0.572734038357534,0.8405987898158938
natural_artificial,cgreGFP_to_artificial,CNN_Jannis_OHE,43,source_only,0,0,5382,1.1105615861536922,1.053831858577872,-1.4110199195693123,0.7353942535325589,0.523252181183677,0.7826995796534276
natural_artificial,cgreGFP_to_artificial,CNN_Jannis_OHE,43,oneshot_fancy,1,960,5382,0.20316586537550346,0.45073924321663345,0.5589286046770514,0.746622336907289,0.5534134570033655,0.8155967545216143
natural_artificial,cgreGFP_to_artificial,CNN_Jannis_OHE,43,oneshot_random,1,960,5382,0.14631107249957936,0.3825063038690727,0.6823598847212271,0.7917351148114754,0.6009881389961969,0.8462500420081301
natural_artificial,cgreGFP_to_artificial,CNN_Jannis_OHE,43,iterative_fancy,1,96,5382,0.6269734377117088,0.791816542964157,-0.36115409195738235,0.6113265320675351,0.4105126235020034,0.3708603420739839
natural_artificial,cgreGFP_to_artificial,CNN_Jannis_OHE,43,iterative_fancy,2,192,5382,0.6021395727938971,0.7759765285070787,-0.30723997882466736,0.5857875779823325,0.38507869558251023,0.2742007178823756
natural_artificial,cgreGFP_to_artificial,CNN_Jannis_OHE,43,iterative_fancy,3,288,5382,0.5787361268640123,0.7607470846897886,-0.2564312933568569,0.7394938505354797,0.5300648452640044,0.5265890687591585
natural_artificial,cgreGFP_to_artificial,CNN_Jannis_OHE,43,iterative_fancy,4,384,5382,0.5581439885749894,0.7470903483347843,-0.21172593327564715,0.6255894690510895,0.4247255632164834,0.703021063715868
natural_artificial,cgreGFP_to_artificial,CNN_Jannis_OHE,43,iterative_fancy,5,480,5382,0.5530623844608324,0.7436816418742851,-0.2006938132245384,0.6259431682288454,0.4375270197882795,0.6972145963681318
natural_artificial,cgreGFP_to_artificial,CNN_Jannis_OHE,43,iterative_fancy,6,576,5382,0.5660060004865648,0.7523337028782937,-0.22879429541155538,0.6018697904859316,0.4227412341780467,0.6732952126424239
natural_artificial,cgreGFP_to_artificial,CNN_Jannis_OHE,43,iterative_fancy,7,672,5382,0.5695972505275272,0.75471666904046,-0.23659086922868355,0.5789028101631883,0.3963044857954074,0.6909761448695433
natural_artificial,cgreGFP_to_artificial,CNN_Jannis_OHE,43,iterative_fancy,8,768,5382,0.5642341341351675,0.7511551997657792,-0.22494758837495676,0.614231605095018,0.43298592675420233,0.7220912082771285
natural_artificial,cgreGFP_to_artificial,CNN_Jannis_OHE,43,iterative_fancy,9,864,5382,0.5906640517349127,0.7685467140876426,-0.28232671853761504,0.562230930963278,0.38685680881067497,0.6586478484555768
natural_artificial,cgreGFP_to_artificial,CNN_Jannis_OHE,43,iterative_fancy,10,960,5382,0.5369266855046035,0.7327528133720154,-0.16566334568029362,0.6533063497049777,0.47202260657965883,0.7627014887602688
natural_artificial,cgreGFP_to_artificial,CNN_Jannis_OHE,43,iterative_random,1,96,5382,0.5610906834541826,0.7490598664020003,-0.21812318322486757,0.6463166676228104,0.4507911876215618,0.6000177506439004
natural_artificial,cgreGFP_to_artificial,CNN_Jannis_OHE,43,iterative_random,2,192,5382,0.20212567004515075,0.44958388543757966,0.5611868600435181,0.7248159989446722,0.5234989559117809,0.7816564738255262
natural_artificial,cgreGFP_to_artificial,CNN_Jannis_OHE,43,iterative_random,3,288,5382,0.1747166209659244,0.4179911733110215,0.6206916764628772,0.7514926165009106,0.5493954539803935,0.7995639749642391
natural_artificial,cgreGFP_to_artificial,CNN_Jannis_OHE,43,iterative_random,4,384,5382,0.16894025689344958,0.4110234262100514,0.6332321145755042,0.7518418844542573,0.5548961738410856,0.7982495126555036
natural_artificial,cgreGFP_to_artificial,CNN_Jannis_OHE,43,iterative_random,5,480,5382,0.18560025399673655,0.4308134793582213,0.5970634001369759,0.7440948618321908,0.5484865439378428,0.7932092611293092
natural_artificial,cgreGFP_to_artificial,CNN_Jannis_OHE,43,iterative_random,6,576,5382,0.1628973904804772,0.4036054886649551,0.6463511270414698,0.7594784108571204,0.5716594628047675,0.8215578128521304
natural_artificial,cgreGFP_to_artificial,CNN_Jannis_OHE,43,iterative_random,7,672,5382,0.1422265751851749,0.37712938785670747,0.6912272942455953,0.7780877673894472,0.5833664242807184,0.8380870551760747
natural_artificial,cgreGFP_to_artificial,CNN_Jannis_OHE,43,iterative_random,8,768,5382,0.17058820430910096,0.41302324911450317,0.6296544345124839,0.7488976197145462,0.5395913111196539,0.8086871344469289
natural_artificial,cgreGFP_to_artificial,CNN_Jannis_OHE,43,iterative_random,9,864,5382,0.14115175581769196,0.37570168460853615,0.6935607181072247,0.7713698798630909,0.5800295083010493,0.8429333671885715
natural_artificial,cgreGFP_to_artificial,CNN_Jannis_OHE,43,iterative_random,10,960,5382,0.14397674345651748,0.3794426747962299,0.6874276935594057,0.782194243317894,0.5869034066338752,0.8442735805694471
natural_artificial,cgreGFP_to_artificial,CNN_Jannis_OHE,44,source_only,0,0,5382,1.2259345298905577,1.1072192781425718,-1.6614936159379496,0.7611440728206373,0.5551759223549585,0.8116214432783067
natural_artificial,cgreGFP_to_artificial,CNN_Jannis_OHE,44,oneshot_fancy,1,960,5382,0.33693056625337625,0.5804572044977788,0.26852655730500286,0.6360026163389151,0.4507902702179515,0.7092140012742683
natural_artificial,cgreGFP_to_artificial,CNN_Jannis_OHE,44,oneshot_random,1,960,5382,0.15411258229252603,0.392571754323367,0.6654228721790822,0.7596266942726453,0.5682246993940429,0.8387388275371781
natural_artificial,cgreGFP_to_artificial,CNN_Jannis_OHE,44,iterative_fancy,1,96,5382,0.5802929108147675,0.761769591684236,-0.25981105829968754,0.3268101857894635,0.23477928584692578,0.4609695356244533
natural_artificial,cgreGFP_to_artificial,CNN_Jannis_OHE,44,iterative_fancy,2,192,5382,0.48408608868072206,0.6957629543750674,-0.050946851707596386,0.3866799190312814,0.2519546619452845,0.5178786802656303
natural_artificial,cgreGFP_to_artificial,CNN_Jannis_OHE,44,iterative_fancy,3,288,5382,0.4582729934750855,0.6769586349808129,0.005093162193907319,0.4584024881005505,0.3054356987410018,0.5829956187664906
natural_artificial,cgreGFP_to_artificial,CNN_Jannis_OHE,44,iterative_fancy,4,384,5382,0.42672691608031654,0.6532433819644227,0.07357943250196153,0.4675077527441927,0.30447337156488735,0.6037156774050502
natural_artificial,cgreGFP_to_artificial,CNN_Jannis_OHE,44,iterative_fancy,5,480,5382,0.4578775875503175,0.6766665261044893,0.0059515851511006135,0.5705569618887866,0.3840063767339283,0.6819166115001781
natural_artificial,cgreGFP_to_artificial,CNN_Jannis_OHE,44,iterative_fancy,6,576,5382,0.40349088243966835,0.6352093217512385,0.12402466728935702,0.4750410172364751,0.3121381204499476,0.6248362648899766
natural_artificial,cgreGFP_to_artificial,CNN_Jannis_OHE,44,iterative_fancy,7,672,5382,0.39045161017465085,0.6248612727435193,0.15233281837220392,0.6925804606345234,0.5053090832358584,0.6965557715087354
natural_artificial,cgreGFP_to_artificial,CNN_Jannis_OHE,44,iterative_fancy,8,768,5382,0.39535505379239677,0.6287726566831582,0.14168748326943348,0.6818782376409361,0.4916573074778066,0.6775244162395336
natural_artificial,cgreGFP_to_artificial,CNN_Jannis_OHE,44,iterative_fancy,9,864,5382,0.3195043853258988,0.5652471895780631,0.3063586504207757,0.6407251599052097,0.46063198527604815,0.6697778828705235
natural_artificial,cgreGFP_to_artificial,CNN_Jannis_OHE,44,iterative_fancy,10,960,5382,0.27810935465416814,0.5273607443241942,0.39622691595874215,0.7012669163785427,0.5093232317267635,0.7467835556960383
natural_artificial,cgreGFP_to_artificial,CNN_Jannis_OHE,44,iterative_random,1,96,5382,0.5571142356258255,0.7464008545184186,-0.2094903482314463,0.6439891721380823,0.4471167188930493,0.5710027860731444
natural_artificial,cgreGFP_to_artificial,CNN_Jannis_OHE,44,iterative_random,2,192,5382,0.17420107745759436,0.41737402585402267,0.6218109171096686,0.7357154659832463,0.5360913924396628,0.7895336431862536
natural_artificial,cgreGFP_to_artificial,CNN_Jannis_OHE,44,iterative_random,3,288,5382,0.1824683468254873,0.4271631384207763,0.6038627444239293,0.7312415383296609,0.5360670788147298,0.793309520589143
natural_artificial,cgreGFP_to_artificial,CNN_Jannis_OHE,44,iterative_random,4,384,5382,0.1489946151941625,0.38599820620588704,0.6765339359649201,0.7617932939606872,0.562846414856668,0.8244628804438567
natural_artificial,cgreGFP_to_artificial,CNN_Jannis_OHE,44,iterative_random,5,480,5382,0.1428688156146474,0.37797991430054506,0.6898329956421527,0.7719873140400665,0.5732587743720956,0.8318809852034068
natural_artificial,cgreGFP_to_artificial,CNN_Jannis_OHE,44,iterative_random,6,576,5382,0.14262565906575933,0.3776581245859267,0.690360886477071,0.7628947205731416,0.563883286135574,0.8319882280684991
natural_artificial,cgreGFP_to_artificial,CNN_Jannis_OHE,44,iterative_random,7,672,5382,0.14332758992440148,0.3785863044596324,0.6888370004508958,0.7717236052245201,0.5748253263789622,0.8353472286806913
natural_artificial,cgreGFP_to_artificial,CNN_Jannis_OHE,44,iterative_random,8,768,5382,0.15196751710315506,0.38983011313026483,0.6700797907730884,0.7720120811665936,0.5790555508128403,0.825291491920895
natural_artificial,cgreGFP_to_artificial,CNN_Jannis_OHE,44,iterative_random,9,864,5382,0.1649532477199272,0.4061443680760909,0.6418878781609896,0.7602427171673267,0.5659656043812079,0.8305405995948998
natural_artificial,cgreGFP_to_artificial,CNN_Jannis_OHE,44,iterative_random,10,960,5382,0.14953700301016526,0.3867001461212101,0.6753564165505817,0.7733049268520172,0.58675604578853,0.833226749809698
natural_artificial,cgreGFP_to_artificial,CNN_Jannis_OHE,45,source_only,0,0,5382,1.3910386298259878,1.1794230071632432,-2.019933236675736,0.7537805465489847,0.5557285433852936,0.7747451576982236
natural_artificial,cgreGFP_to_artificial,CNN_Jannis_OHE,45,oneshot_fancy,1,960,5382,0.3778784285914539,0.6147181700514911,0.17962909048120046,0.43309267060562523,0.3154287704486553,0.525196634703285
natural_artificial,cgreGFP_to_artificial,CNN_Jannis_OHE,45,oneshot_random,1,960,5382,0.13760112502198296,0.3709462562447328,0.7012691078824731,0.773451804009063,0.5862714881237385,0.8383959034041158
natural_artificial,cgreGFP_to_artificial,CNN_Jannis_OHE,45,iterative_fancy,1,96,5382,0.734314982612514,0.8569218065917765,-0.5941916885930805,0.1958009511644984,0.14893374661041647,0.3089469326841576
natural_artificial,cgreGFP_to_artificial,CNN_Jannis_OHE,45,iterative_fancy,2,192,5382,0.582625584710736,0.7632991449692158,-0.264875273827363,0.3565690711919826,0.26570197308225596,0.5103182905086792
natural_artificial,cgreGFP_to_artificial,CNN_Jannis_OHE,45,iterative_fancy,3,288,5382,0.5235722025767549,0.7235828926783405,-0.13667087488350904,0.6194272531521515,0.42940316211413415,0.7038748075455175
natural_artificial,cgreGFP_to_artificial,CNN_Jannis_OHE,45,iterative_fancy,4,384,5382,0.36611756783219707,0.6050764975044041,0.2051618208721876,0.6714152673543916,0.47252433431476437,0.7485215667177731
natural_artificial,cgreGFP_to_artificial,CNN_Jannis_OHE,45,iterative_fancy,5,480,5382,0.31504624146329396,0.5612898016740496,0.3160372434777108,0.7296487205454841,0.5262124627090593,0.7882688436121227
natural_artificial,cgreGFP_to_artificial,CNN_Jannis_OHE,45,iterative_fancy,6,576,5382,0.4009284999060049,0.633189150180264,0.12958757834917112,0.6858796529473333,0.48970244516059847,0.7421264842650488
natural_artificial,cgreGFP_to_artificial,CNN_Jannis_OHE,45,iterative_fancy,7,672,5382,0.268061734389527,0.5177467859770131,0.41804021555810866,0.7285989675834486,0.5331482741502962,0.7612816080432149
natural_artificial,cgreGFP_to_artificial,CNN_Jannis_OHE,45,iterative_fancy,8,768,5382,0.19523779851515718,0.4418572150764964,0.5761403715545408,0.7587776100214579,0.5549447895095011,0.8272859070083345
natural_artificial,cgreGFP_to_artificial,CNN_Jannis_OHE,45,iterative_fancy,9,864,5382,0.18884051120820744,0.4345578341351211,0.5900288288184761,0.7753413808879756,0.5818702672384363,0.8418384600958579
natural_artificial,cgreGFP_to_artificial,CNN_Jannis_OHE,45,iterative_fancy,10,960,5382,0.17337655054356838,0.4163850988490923,0.6236009581472148,0.7665708931571611,0.5640448279451742,0.8398454734806863
natural_artificial,cgreGFP_to_artificial,CNN_Jannis_OHE,45,iterative_random,1,96,5382,0.18729386854806682,0.43277461633980663,0.5933865771041607,0.7375556417805156,0.5409068585916947,0.7757730102276058
natural_artificial,cgreGFP_to_artificial,CNN_Jannis_OHE,45,iterative_random,2,192,5382,0.18276415446095087,0.42750924488360587,0.6032205485202032,0.738994864418031,0.538650627281727,0.7867338553376954
natural_artificial,cgreGFP_to_artificial,CNN_Jannis_OHE,45,iterative_random,3,288,5382,0.16113911245123466,0.4014213652151996,0.6501683339442648,0.7628620686233286,0.5676408466119928,0.8253954269738154
natural_artificial,cgreGFP_to_artificial,CNN_Jannis_OHE,45,iterative_random,4,384,5382,0.14934629708740926,0.386453486318094,0.6757704375146392,0.7697741147191546,0.569162885476402,0.8335300689460221
natural_artificial,cgreGFP_to_artificial,CNN_Jannis_OHE,45,iterative_random,5,480,5382,0.13778474978579766,0.3711936823085728,0.7008704600552808,0.7776330128699181,0.5911942579556676,0.8424219872833472
natural_artificial,cgreGFP_to_artificial,CNN_Jannis_OHE,45,iterative_random,6,576,5382,0.1660399977072109,0.4074800580485024,0.6395285530235091,0.7693941693317874,0.5784721128818845,0.8202855682691647
natural_artificial,cgreGFP_to_artificial,CNN_Jannis_OHE,45,iterative_random,7,672,5382,0.13952011035818682,0.37352390868348284,0.6971030067597312,0.7763479579735292,0.5802686072512775,0.8440370933420882
natural_artificial,cgreGFP_to_artificial,CNN_Jannis_OHE,45,iterative_random,8,768,5382,0.15186426380776058,0.3896976569184893,0.6703039528142225,0.7674844903445595,0.585081640062493,0.8331495651285836
natural_artificial,cgreGFP_to_artificial,CNN_Jannis_OHE,45,iterative_random,9,864,5382,0.13921954626483274,0.37312135594848056,0.6977555288937749,0.7787821753236384,0.578623747653455,0.8396277060683828
natural_artificial,cgreGFP_to_artificial,CNN_Jannis_OHE,45,iterative_random,10,960,5382,0.13563772102115787,0.3682902673451443,0.7055316415547805,0.779220049449558,0.5891348319952624,0.8462337137775221
natural_artificial,cgreGFP_to_artificial,CNN_Jannis_OHE,46,source_only,0,0,5382,1.3177949597958918,1.147952507639533,-1.8609218413360775,0.7590894162796861,0.5553031429612257,0.8054750678188228
natural_artificial,cgreGFP_to_artificial,CNN_Jannis_OHE,46,oneshot_fancy,1,960,5382,0.37425888174807304,0.6117670159039902,0.1874870964198263,0.5188696442969742,0.3708503027686187,0.5850724664048168
natural_artificial,cgreGFP_to_artificial,CNN_Jannis_OHE,46,oneshot_random,1,960,5382,0.13476845572360183,0.3671082343445892,0.7074188092489708,0.7789126074503185,0.5781034022855989,0.8475563403841924
natural_artificial,cgreGFP_to_artificial,CNN_Jannis_OHE,46,iterative_fancy,1,96,5382,0.5645156197098732,0.7513425448554562,-0.22555869120450556,0.6130089731423637,0.414379184386886,0.6649253037525891
natural_artificial,cgreGFP_to_artificial,CNN_Jannis_OHE,46,iterative_fancy,2,192,5382,0.6294553306650226,0.793382209697837,-0.3665422608111266,0.619446925255077,0.42225588769832706,0.7312215971211183
natural_artificial,cgreGFP_to_artificial,CNN_Jannis_OHE,46,iterative_fancy,3,288,5382,0.48100360166224515,0.6935442319436051,-0.04425479815917388,0.6832234759556357,0.47147691436812983,0.7674813800305724
natural_artificial,cgreGFP_to_artificial,CNN_Jannis_OHE,46,iterative_fancy,4,384,5382,0.24165039542573835,0.49157949044456517,0.47537901165741747,0.7151579109967094,0.5150261230559204,0.7756282178140559
natural_artificial,cgreGFP_to_artificial,CNN_Jannis_OHE,46,iterative_fancy,5,480,5382,0.2828975283971752,0.5318811224297918,0.3858318307904073,0.7072634713860634,0.5132223400977121,0.7348790676447525
natural_artificial,cgreGFP_to_artificial,CNN_Jannis_OHE,46,iterative_fancy,6,576,5382,0.24114728269351304,0.4910674930124301,0.47647126519320315,0.732318337496155,0.5439745327418143,0.7645368547384417
natural_artificial,cgreGFP_to_artificial,CNN_Jannis_OHE,46,iterative_fancy,7,672,5382,0.2010970885763487,0.4484385003279142,0.5634199018136469,0.7054635637842848,0.5204328502388462,0.7669947111571493
natural_artificial,cgreGFP_to_artificial,CNN_Jannis_OHE,46,iterative_fancy,8,768,5382,0.23432473181052846,0.48407099872903814,0.4912829661256308,0.7059597368650417,0.5193933197889206,0.7478378414532165
natural_artificial,cgreGFP_to_artificial,CNN_Jannis_OHE,46,iterative_fancy,9,864,5382,0.19289780900110426,0.43920133082802043,0.581220469227921,0.7201000140827596,0.5319670924021758,0.7634529076562566
natural_artificial,cgreGFP_to_artificial,CNN_Jannis_OHE,46,iterative_fancy,10,960,5382,0.22571941709057544,0.4750993760157715,0.5099650324447322,0.7324211680884388,0.5492469474593393,0.7535722667637761
natural_artificial,cgreGFP_to_artificial,CNN_Jannis_OHE,46,iterative_random,1,96,5382,0.5826348646310302,0.7633052237676814,-0.2648954204567442,0.724754203627887,0.5180856171779243,0.5451405318488817
natural_artificial,cgreGFP_to_artificial,CNN_Jannis_OHE,46,iterative_random,2,192,5382,0.1726745156997513,0.41554123224988315,0.6251250699243356,0.7430666210173897,0.5450786299895792,0.7996904037591803
natural_artificial,cgreGFP_to_artificial,CNN_Jannis_OHE,46,iterative_random,3,288,5382,0.17395589964116184,0.4170802076833206,0.6223431960995287,0.7519602102564683,0.5611806055046676,0.8016976287220743
natural_artificial,cgreGFP_to_artificial,CNN_Jannis_OHE,46,iterative_random,4,384,5382,0.2157583325177705,0.46449793596718003,0.5315904637805354,0.7213815855475666,0.5207465789203389,0.7471176738912466
natural_artificial,cgreGFP_to_artificial,CNN_Jannis_OHE,46,iterative_random,5,480,5382,0.16102497807349145,0.4012791772239016,0.6504161187242152,0.7554605916706841,0.5538005027588604,0.82302171143426
natural_artificial,cgreGFP_to_artificial,CNN_Jannis_OHE,46,iterative_random,6,576,5382,0.14343310729691072,0.37872563591194974,0.6886079231172726,0.779111640096753,0.5864256181161798,0.8394833610757755
natural_artificial,cgreGFP_to_artificial,CNN_Jannis_OHE,46,iterative_random,7,672,5382,0.15413525337696568,0.3926006283450979,0.6653736534442873,0.7632534864621541,0.56564469215013,0.8284482301870413
natural_artificial,cgreGFP_to_artificial,CNN_Jannis_OHE,46,iterative_random,8,768,5382,0.1555674445625429,0.3944203906525915,0.662264378353099,0.7609251300258838,0.5728946524172206,0.8188940400665147
natural_artificial,cgreGFP_to_artificial,CNN_Jannis_OHE,46,iterative_random,9,864,5382,0.1453447148382019,0.3812410193541638,0.68445783912561,0.7655022934060517,0.5712620672717363,0.834936124114211
natural_artificial,cgreGFP_to_artificial,CNN_Jannis_OHE,46,iterative_random,10,960,5382,0.1317688486177016,0.3629997914843776,0.7139309312000414,0.7831742703306591,0.5926464931721881,0.848426698939035
natural_artificial,artificial_to_cgreGFP,aubin_1_10_1,42,source_only,0,0,4904,1.431257279089007,1.196351653607336,-1.4063573517027277,0.8373763889841125,0.6482350937731682,0.8780677223195748
natural_artificial,artificial_to_cgreGFP,aubin_1_10_1,42,oneshot_fancy,1,960,4904,0.486508678216431,0.6975017406547679,0.18203823198129498,0.8292737438314866,0.6400083389846037,0.4530263062064337
natural_artificial,artificial_to_cgreGFP,aubin_1_10_1,42,oneshot_random,1,960,4904,0.24772334537194868,0.497718138479952,0.5835054241934712,0.8579561170213251,0.6758592685301683,0.8160561815473473
natural_artificial,artificial_to_cgreGFP,aubin_1_10_1,42,iterative_fancy,1,96,4904,0.9213991048018472,0.959895361381566,-0.5491383289966503,-0.7107108823194458,-0.5531620909795981,-0.26111487545684486
natural_artificial,artificial_to_cgreGFP,aubin_1_10_1,42,iterative_fancy,2,192,4904,0.5441838150511908,0.7376881556939835,0.0850696494905755,0.8196116269906255,0.6284309552509326,0.39023901139794626
natural_artificial,artificial_to_cgreGFP,aubin_1_10_1,42,iterative_fancy,3,288,4904,0.6237264121238564,0.78976351658193,-0.04866445690374621,0.8589233220432019,0.6770895950248683,0.8024188854908785
natural_artificial,artificial_to_cgreGFP,aubin_1_10_1,42,iterative_fancy,4,384,4904,0.5400889418568676,0.7349074376116135,0.09195431541291899,0.8337812991154837,0.6437719588812604,0.39258174633352616
natural_artificial,artificial_to_cgreGFP,aubin_1_10_1,42,iterative_fancy,5,480,4904,0.5642002621953298,0.7511326528618829,0.05141621384067885,0.855265263613254,0.6719289244948428,0.7652402581661524
natural_artificial,artificial_to_cgreGFP,aubin_1_10_1,42,iterative_fancy,6,576,4904,0.4608836062478497,0.6788840889635356,0.22512138776357027,0.8595272989765749,0.6780202489727262,0.801256577048254
natural_artificial,artificial_to_cgreGFP,aubin_1_10_1,42,iterative_fancy,7,672,4904,0.3290302331333574,0.5736115699089039,0.446805034985133,0.864975289400585,0.6875345802739001,0.8485289938768399
natural_artificial,artificial_to_cgreGFP,aubin_1_10_1,42,iterative_fancy,8,768,4904,0.29932249519668935,0.5471037334881652,0.49675233281257936,0.864162860923575,0.6852824621317882,0.8238010663755551
natural_artificial,artificial_to_cgreGFP,aubin_1_10_1,42,iterative_fancy,9,864,4904,0.31051360082812346,0.5572374725627517,0.4779368482010188,0.8633237366267577,0.6842230471646682,0.8191633339429456
natural_artificial,artificial_to_cgreGFP,aubin_1_10_1,42,iterative_fancy,10,960,4904,0.29993396998840943,0.5476622773100311,0.49572426687228044,0.846027340997988,0.6589049742508588,0.7611842983871315
natural_artificial,artificial_to_cgreGFP,aubin_1_10_1,42,iterative_random,1,96,4904,0.7881098605127728,0.8877555184355503,-0.3250405671308967,0.6009290480494297,0.37610349524031955,0.7121408168029802
natural_artificial,artificial_to_cgreGFP,aubin_1_10_1,42,iterative_random,2,192,4904,0.6975863423587644,0.83521634464297,-0.1728443571311522,0.666037974294001,0.43599198015571855,0.7038130471102557
natural_artificial,artificial_to_cgreGFP,aubin_1_10_1,42,iterative_random,3,288,4904,0.5195193862312006,0.7207769323661799,0.12653768635834883,0.821574667272441,0.6179540617995875,0.7297464872447492
natural_artificial,artificial_to_cgreGFP,aubin_1_10_1,42,iterative_random,4,384,4904,0.5109907866185387,0.7148361956550177,0.14087672845616162,0.5444414732728958,0.34815109052622406,0.6202063872965884
natural_artificial,artificial_to_cgreGFP,aubin_1_10_1,42,iterative_random,5,480,4904,0.2487017172482448,0.49870002731927415,0.5818604981612188,0.8540940060703812,0.6699392669703208,0.8272454400041508
natural_artificial,artificial_to_cgreGFP,aubin_1_10_1,42,iterative_random,6,576,4904,0.25164533574725456,0.5016426374893332,0.5769114242810783,0.8521867148047305,0.6674309057349156,0.8154651357947249
natural_artificial,artificial_to_cgreGFP,aubin_1_10_1,42,iterative_random,7,672,4904,0.2708360738779316,0.520419132889954,0.5446462442466753,0.8532467700619042,0.6694585246325955,0.7909438014314953
natural_artificial,artificial_to_cgreGFP,aubin_1_10_1,42,iterative_random,8,768,4904,0.24936952009668145,0.4993691220897438,0.5807377284696323,0.8538770425566471,0.6700937953839031,0.8221105827885142
natural_artificial,artificial_to_cgreGFP,aubin_1_10_1,42,iterative_random,9,864,4904,0.36097209500865707,0.6008095330540761,0.3931015287925749,0.8515596128836278,0.6660544417749675,0.7288234286435574
natural_artificial,artificial_to_cgreGFP,aubin_1_10_1,42,iterative_random,10,960,4904,0.2624709032323227,0.5123191419733628,0.5587105149933864,0.8611603940600792,0.6809764907399221,0.8194386856424211
natural_artificial,artificial_to_cgreGFP,aubin_1_10_1,43,source_only,0,0,4904,1.7016995589957513,1.3044920693495041,-1.861049025920141,0.860101889915352,0.6797004910157977,0.8928955364271833
natural_artificial,artificial_to_cgreGFP,aubin_1_10_1,43,oneshot_fancy,1,960,4904,0.48403211279446884,0.6957241643025408,0.18620205458480665,0.833863846840107,0.644997628611201,0.4318542577713073
natural_artificial,artificial_to_cgreGFP,aubin_1_10_1,43,oneshot_random,1,960,4904,0.28271459942181215,0.5317091304668485,0.5246750079864138,0.8593370105456599,0.6777786168047851,0.8071200264144607
natural_artificial,artificial_to_cgreGFP,aubin_1_10_1,43,iterative_fancy,1,96,4904,0.9285961039006845,0.9636369149740396,-0.5612385655821428,-0.4256432760885214,-0.3496838667598233,0.08050941524056691
natural_artificial,artificial_to_cgreGFP,aubin_1_10_1,43,iterative_fancy,2,192,4904,0.5484596853133914,0.7405806406552844,0.07788067515961339,0.6559981480394078,0.4259546240752408,0.63801965888361
natural_artificial,artificial_to_cgreGFP,aubin_1_10_1,43,iterative_fancy,3,288,4904,0.4557308572374392,0.6750784082145119,0.233784648830492,0.5925151799316946,0.3774544651480635,0.5027736882142317
natural_artificial,artificial_to_cgreGFP,aubin_1_10_1,43,iterative_fancy,4,384,4904,0.28744379932111774,0.5361378547734881,0.5167238554496671,0.8285152293168334,0.6381957961294525,0.746268615666706
natural_artificial,artificial_to_cgreGFP,aubin_1_10_1,43,iterative_fancy,5,480,4904,0.41821278639195875,0.6466937346162855,0.29686337473097446,0.8552981126766476,0.6723282445955423,0.8121607783183653
natural_artificial,artificial_to_cgreGFP,aubin_1_10_1,43,iterative_fancy,6,576,4904,0.3243107022708211,0.5694828375559892,0.4547399310751503,0.8581635234643419,0.6764142456309318,0.8217721473262646
natural_artificial,artificial_to_cgreGFP,aubin_1_10_1,43,iterative_fancy,7,672,4904,0.3187012443400446,0.5645363091423302,0.4641710519001797,0.8620120891003757,0.6826593185992516,0.8360413214232829
natural_artificial,artificial_to_cgreGFP,aubin_1_10_1,43,iterative_fancy,8,768,4904,0.28907341712551565,0.5376554818148102,0.5139839966965472,0.8545954366157343,0.6711680209596196,0.8200400961251801
natural_artificial,artificial_to_cgreGFP,aubin_1_10_1,43,iterative_fancy,9,864,4904,0.27581526132320855,0.5251811700006089,0.5362747903581933,0.8630102037149967,0.6842451878217891,0.8258138767127101
natural_artificial,artificial_to_cgreGFP,aubin_1_10_1,43,iterative_fancy,10,960,4904,0.27283116728450435,0.5223324298610075,0.5412919153245574,0.8659164446147153,0.6885240795272448,0.831026922402861
natural_artificial,artificial_to_cgreGFP,aubin_1_10_1,43,iterative_random,1,96,4904,0.7993234935178951,0.8940489323957024,-0.3438939267716927,0.68019470829346,0.4508761739347418,0.7454983295511642
natural_artificial,artificial_to_cgreGFP,aubin_1_10_1,43,iterative_random,2,192,4904,0.6839448915842401,0.8270096079153132,-0.14990913378677817,0.7359982593562415,0.5130045704499513,0.65118975477971
natural_artificial,artificial_to_cgreGFP,aubin_1_10_1,43,iterative_random,3,288,4904,0.5591883877423268,0.7477889994793496,0.05984262404099694,0.6935356470246923,0.4689471063436742,0.6468655403004232
natural_artificial,artificial_to_cgreGFP,aubin_1_10_1,43,iterative_random,4,384,4904,0.49938707015636974,0.7066732414322547,0.16038593118565758,0.8268227102720385,0.6276313538032144,0.719525688454646
natural_artificial,artificial_to_cgreGFP,aubin_1_10_1,43,iterative_random,5,480,4904,0.46336478647914475,0.6807090321709744,0.22094980633114136,0.8278433304845125,0.6299480800584083,0.7117900148636764
natural_artificial,artificial_to_cgreGFP,aubin_1_10_1,43,iterative_random,6,576,4904,0.3805140773096805,0.6168582311274451,0.3602458057412702,0.8575192614122186,0.6757947052206779,0.714832168741055
natural_artificial,artificial_to_cgreGFP,aubin_1_10_1,43,iterative_random,7,672,4904,0.33551911970499887,0.5792401226650299,0.4358953403172581,0.858223720510495,0.6776934306395415,0.755878936352516
natural_artificial,artificial_to_cgreGFP,aubin_1_10_1,43,iterative_random,8,768,4904,0.3938119012546706,0.6275443420625116,0.33788831846124534,0.854639384543229,0.672443898705758,0.7165471869193363
natural_artificial,artificial_to_cgreGFP,aubin_1_10_1,43,iterative_random,9,864,4904,0.29724962038681446,0.5452060348041046,0.5002374347650926,0.8524359844052283,0.6700535073364051,0.7713642188630623
natural_artificial,artificial_to_cgreGFP,aubin_1_10_1,43,iterative_random,10,960,4904,0.2760073568987549,0.5253640232246161,0.5359518221489138,0.8583900193177902,0.6791567753092536,0.800720731044176
natural_artificial,artificial_to_cgreGFP,aubin_1_10_1,44,source_only,0,0,4904,1.7364104445826982,1.3177292759071182,-1.9194080616690643,0.8468530001650509,0.6607523867757172,0.8750205846506136
natural_artificial,artificial_to_cgreGFP,aubin_1_10_1,44,oneshot_fancy,1,960,4904,0.5335697995335431,0.7304586227388538,0.10291487874819383,0.8220344265810668,0.6326435492743299,0.32412358746326764
natural_artificial,artificial_to_cgreGFP,aubin_1_10_1,44,oneshot_random,1,960,4904,0.28612081628509883,0.5349026231802372,0.5189481724899468,0.8570451214185887,0.6751166649649026,0.78720078775002
natural_artificial,artificial_to_cgreGFP,aubin_1_10_1,44,iterative_fancy,1,96,4904,0.5808690684610732,0.7621476684088676,0.0233911305186848,0.7417233933120234,0.536698976016118,0.42949453310453023
natural_artificial,artificial_to_cgreGFP,aubin_1_10_1,44,iterative_fancy,2,192,4904,0.5951416782494054,0.77145426192964,-0.0006052536352516569,0.0064207940226183695,-0.03699557749787151,0.27203957710128274
natural_artificial,artificial_to_cgreGFP,aubin_1_10_1,44,iterative_fancy,3,288,4904,0.43320403972584887,0.6581823757332377,0.27165874297238124,0.828209122843951,0.6391962235536973,0.5825209006759213
natural_artificial,artificial_to_cgreGFP,aubin_1_10_1,44,iterative_fancy,4,384,4904,0.5539732581179342,0.7442937982530381,0.06861076495814045,0.8485576305861994,0.6636987524626051,0.7762212554516814
natural_artificial,artificial_to_cgreGFP,aubin_1_10_1,44,iterative_fancy,5,480,4904,0.45780734110204274,0.6766146178601544,0.2302934790133777,0.8433795507003983,0.6571978093727434,0.7459811660028505
natural_artificial,artificial_to_cgreGFP,aubin_1_10_1,44,iterative_fancy,6,576,4904,0.38108940367491423,0.6173243909606312,0.35927851575865444,0.860640661466402,0.6808337790240644,0.7956735482322748
natural_artificial,artificial_to_cgreGFP,aubin_1_10_1,44,iterative_fancy,7,672,4904,0.45834638874095196,0.6770128423752033,0.22938718406015113,0.8104650118234403,0.6206102342342765,0.6524001676454503
natural_artificial,artificial_to_cgreGFP,aubin_1_10_1,44,iterative_fancy,8,768,4904,0.24862434939226064,0.49862245175308806,0.5819905758989903,0.8465964056312009,0.659987623121043,0.819388765658864
natural_artificial,artificial_to_cgreGFP,aubin_1_10_1,44,iterative_fancy,9,864,4904,0.2878920756116793,0.5365557525660118,0.5159701733806589,0.8618922390972751,0.6822395158425222,0.8007719998694742
natural_artificial,artificial_to_cgreGFP,aubin_1_10_1,44,iterative_fancy,10,960,4904,0.3062985965637388,0.5534424961671617,0.48502348918950433,0.8576022190924217,0.676528166200333,0.7728949208568291
natural_artificial,artificial_to_cgreGFP,aubin_1_10_1,44,iterative_random,1,96,4904,0.8144049612768226,0.9024438826192034,-0.3692502350653788,0.7719652694545365,0.5537001046283646,0.7969166116649571
natural_artificial,artificial_to_cgreGFP,aubin_1_10_1,44,iterative_random,2,192,4904,0.6681873235016292,0.8174272588442529,-0.12341610534629965,0.6674040559915053,0.4417249596713943,0.6776238851198575
natural_artificial,artificial_to_cgreGFP,aubin_1_10_1,44,iterative_random,3,288,4904,0.6433850724190393,0.8021128800979569,-0.08171634940210248,0.780388524518222,0.5651625579826693,0.7296594848148833
natural_artificial,artificial_to_cgreGFP,aubin_1_10_1,44,iterative_random,4,384,4904,0.3623442774287045,0.6019503944916927,0.39079449336113936,0.8571575787352385,0.6752943332763783,0.7685941108042486
natural_artificial,artificial_to_cgreGFP,aubin_1_10_1,44,iterative_random,5,480,4904,0.2992078031039527,0.546998905944018,0.49694516338509165,0.8570531104998143,0.6752111857136638,0.7844864102701498
natural_artificial,artificial_to_cgreGFP,aubin_1_10_1,44,iterative_random,6,576,4904,0.33161997498639983,0.5758645456931689,0.44245093007462566,0.856968728148547,0.6751309491651145,0.7512392952058857
natural_artificial,artificial_to_cgreGFP,aubin_1_10_1,44,iterative_random,7,672,4904,0.2489432876302469,0.49894216862302476,0.5814543484960415,0.8412728251834373,0.6525628677391968,0.8106161183484724
natural_artificial,artificial_to_cgreGFP,aubin_1_10_1,44,iterative_random,8,768,4904,0.32445448906477553,0.5696090668737424,0.4544981838968022,0.8579887666619318,0.6753946347314332,0.7542942907338355
natural_artificial,artificial_to_cgreGFP,aubin_1_10_1,44,iterative_random,9,864,4904,0.3005508736846538,0.5482252034380157,0.4946870733736418,0.8493081456393152,0.6632692808158581,0.7617834931375573
natural_artificial,artificial_to_cgreGFP,aubin_1_10_1,44,iterative_random,10,960,4904,0.2762019744574009,0.5255492122127108,0.5356246137567815,0.8610794634707238,0.6807008420386417,0.7979849966737416
natural_artificial,artificial_to_cgreGFP,aubin_1_10_1,45,source_only,0,0,4904,1.8290645548807791,1.3524291311860963,-2.075186413149782,0.8382201774521565,0.6477131495166473,0.8610249350472179
natural_artificial,artificial_to_cgreGFP,aubin_1_10_1,45,oneshot_fancy,1,960,4904,0.516581300421055,0.7187359045025196,0.13147745818866408,0.8506231134507146,0.6639965470774064,0.7277705885260941
natural_artificial,artificial_to_cgreGFP,aubin_1_10_1,45,oneshot_random,1,960,4904,0.32845944582553366,0.573113815769201,0.4477646934997186,0.8541075504870992,0.6707607111547685,0.7386817306188741
natural_artificial,artificial_to_cgreGFP,aubin_1_10_1,45,iterative_fancy,1,96,4904,0.9734822614280683,0.9866520467865397,-0.6367051757673192,-0.6426149624676034,-0.506545243498276,-0.14582032035226866
natural_artificial,artificial_to_cgreGFP,aubin_1_10_1,45,iterative_fancy,2,192,4904,0.5835163078025934,0.7638823913421446,0.018940355703943812,-0.2105518152639628,-0.187604557312966,0.21753729911420544
natural_artificial,artificial_to_cgreGFP,aubin_1_10_1,45,iterative_fancy,3,288,4904,0.2969370302293555,0.5449192878118332,0.5007629892090497,0.837373915903858,0.6471741683072101,0.7223375609212528
natural_artificial,artificial_to_cgreGFP,aubin_1_10_1,45,iterative_fancy,4,384,4904,0.5673128705617979,0.7532017462551437,0.046183019127853275,0.7911151190073898,0.5787437751856518,0.6161026847139668
natural_artificial,artificial_to_cgreGFP,aubin_1_10_1,45,iterative_fancy,5,480,4904,0.37617193133304117,0.6133285671913882,0.36754620871263755,0.856919638337595,0.6748845387438318,0.7056739664617117
natural_artificial,artificial_to_cgreGFP,aubin_1_10_1,45,iterative_fancy,6,576,4904,0.32856722526474386,0.5732078377558562,0.4475834850966627,0.8569845420970262,0.6761647205023908,0.7694241288927972
natural_artificial,artificial_to_cgreGFP,aubin_1_10_1,45,iterative_fancy,7,672,4904,0.27632519255721055,0.5256664270782475,0.5354174485009803,0.835810262752551,0.6453754129947266,0.7368496445661092
natural_artificial,artificial_to_cgreGFP,aubin_1_10_1,45,iterative_fancy,8,768,4904,0.290388940972006,0.5388774823389877,0.5117722207107809,0.8497297272937337,0.6640370383472631,0.7369650156851424
natural_artificial,artificial_to_cgreGFP,aubin_1_10_1,45,iterative_fancy,9,864,4904,0.27411285705516775,0.5235578831945592,0.5391370242037933,0.8499471640994649,0.6641671748295286,0.7769267375442467
natural_artificial,artificial_to_cgreGFP,aubin_1_10_1,45,iterative_fancy,10,960,4904,0.32900915999243724,0.5735932007899303,0.44684046502857633,0.8544743099970494,0.6712779721586805,0.7220818608962296
natural_artificial,artificial_to_cgreGFP,aubin_1_10_1,45,iterative_random,1,96,4904,0.368091431958559,0.6067053914038996,0.3811318647364035,0.8526921232619618,0.6691806482981217,0.8222279120636804
natural_artificial,artificial_to_cgreGFP,aubin_1_10_1,45,iterative_random,2,192,4904,0.5604131053801715,0.7486074441121805,0.05778351954969008,0.8379345855138681,0.6463496895734424,0.6468292493700758
natural_artificial,artificial_to_cgreGFP,aubin_1_10_1,45,iterative_random,3,288,4904,0.5653216564385338,0.7518787511550874,0.04953082585298707,0.6734455441245792,0.44579679718835274,0.685107037331433
natural_artificial,artificial_to_cgreGFP,aubin_1_10_1,45,iterative_random,4,384,4904,0.43597344752440764,0.6602828541802427,0.2670025676548544,0.8301370956579137,0.6308020343577802,0.7059006047156601
natural_artificial,artificial_to_cgreGFP,aubin_1_10_1,45,iterative_random,5,480,4904,0.28173861175769244,0.5307905535686298,0.5263159254685736,0.845886109152572,0.6582725693564908,0.7751326869910238
natural_artificial,artificial_to_cgreGFP,aubin_1_10_1,45,iterative_random,6,576,4904,0.37169125346240545,0.609664869795206,0.37507952385600485,0.8575559723914046,0.6752945747103267,0.7467331124144809
natural_artificial,artificial_to_cgreGFP,aubin_1_10_1,45,iterative_random,7,672,4904,0.322658750895432,0.5680305897532562,0.4575173390191317,0.8486299311737038,0.6627265621725723,0.7467712265225532
natural_artificial,artificial_to_cgreGFP,aubin_1_10_1,45,iterative_random,8,768,4904,0.2914302158959097,0.5398427696060305,0.5100215364663142,0.8544152575309854,0.6715687539060103,0.7743795526100856
natural_artificial,artificial_to_cgreGFP,aubin_1_10_1,45,iterative_random,9,864,4904,0.30153128769121207,0.5491186462789368,0.4930387139299117,0.8537602323881913,0.6701115465669177,0.7759229837977748
natural_artificial,artificial_to_cgreGFP,aubin_1_10_1,45,iterative_random,10,960,4904,0.2799203136803562,0.5290749603603975,0.5293730103197124,0.8586281830217329,0.678554555704581,0.8005893740589507
natural_artificial,artificial_to_cgreGFP,aubin_1_10_1,46,source_only,0,0,4904,1.7072607318617874,1.306621877920995,-1.8703989655891244,0.8214721448948201,0.6315681179591531,0.8220817596328395
natural_artificial,artificial_to_cgreGFP,aubin_1_10_1,46,oneshot_fancy,1,960,4904,0.5144513789114242,0.7172526604422073,0.13505847213921807,0.816705958078965,0.6224743404756024,0.3826475187275322
natural_artificial,artificial_to_cgreGFP,aubin_1_10_1,46,oneshot_random,1,960,4904,0.29707825693422674,0.5450488573827366,0.5005255462807316,0.85583330592607,0.6754306236624205,0.7814625133502546
natural_artificial,artificial_to_cgreGFP,aubin_1_10_1,46,iterative_fancy,1,96,4904,0.8732010494038491,0.9344522724055248,-0.46810346081517973,-0.6709291920821732,-0.5295215200622939,-0.11362323324783838
natural_artificial,artificial_to_cgreGFP,aubin_1_10_1,46,iterative_fancy,2,192,4904,0.5839255512420803,0.764150215103078,0.018252299144418727,-0.14686619131307185,-0.1537072626841834,0.26830464720478986
natural_artificial,artificial_to_cgreGFP,aubin_1_10_1,46,iterative_fancy,3,288,4904,0.5052646533628641,0.7108197052437869,0.15050401424044257,0.7746735296204053,0.5705209924688766,0.5679591196891718
natural_artificial,artificial_to_cgreGFP,aubin_1_10_1,46,iterative_fancy,4,384,4904,0.4634100363559096,0.6807422686714184,0.22087372820374418,0.8562695716545072,0.6729978868351455,0.8118533316102714
natural_artificial,artificial_to_cgreGFP,aubin_1_10_1,46,iterative_fancy,5,480,4904,0.40699339671016743,0.6379603410167183,0.3157264130098647,0.854209047827927,0.6710902856816089,0.7914773498885682
natural_artificial,artificial_to_cgreGFP,aubin_1_10_1,46,iterative_fancy,6,576,4904,0.3579402435629902,0.5982810740471323,0.398198947769682,0.8571535421473089,0.6756059662483345,0.7804600842470233
natural_artificial,artificial_to_cgreGFP,aubin_1_10_1,46,iterative_fancy,7,672,4904,0.29966238521950833,0.547414272027601,0.496180879400862,0.8575126215944239,0.6760958732317419,0.799898917198397
natural_artificial,artificial_to_cgreGFP,aubin_1_10_1,46,iterative_fancy,8,768,4904,0.28624376333514434,0.5350175355398591,0.5187414629471765,0.8572080169588439,0.6751446239008548,0.7980473396899803
natural_artificial,artificial_to_cgreGFP,aubin_1_10_1,46,iterative_fancy,9,864,4904,0.29319989862288487,0.5414793612159977,0.5070461880768558,0.8624298842645383,0.6833586417688605,0.8229794186525897
natural_artificial,artificial_to_cgreGFP,aubin_1_10_1,46,iterative_fancy,10,960,4904,0.49548472889207884,0.7039067615047314,0.16694689526065343,0.8191941102873326,0.6288175915773245,0.5656607190158615
natural_artificial,artificial_to_cgreGFP,aubin_1_10_1,46,iterative_random,1,96,4904,0.6733610635117407,0.8205858050878901,-0.13211465835352332,0.8268807868091166,0.6273783448801484,0.7411383807093854
natural_artificial,artificial_to_cgreGFP,aubin_1_10_1,46,iterative_random,2,192,4904,0.7692756081090075,0.8770835810280612,-0.2933747426856419,0.6618679303641299,0.43001042696638775,0.7325295650505135
natural_artificial,artificial_to_cgreGFP,aubin_1_10_1,46,iterative_random,3,288,4904,0.3115709153440554,0.5581853772216319,0.4761591967643084,0.8443702594169065,0.6592972658448111,0.7662167805800699
natural_artificial,artificial_to_cgreGFP,aubin_1_10_1,46,iterative_random,4,384,4904,0.4046001889678909,0.636081904292121,0.3197500872499318,0.8506639579440309,0.6641136367260847,0.7073219804144322
natural_artificial,artificial_to_cgreGFP,aubin_1_10_1,46,iterative_random,5,480,4904,0.27085012420470217,0.5204326317639029,0.5446226215845501,0.8371273005747398,0.6501556996118728,0.78084203471145
natural_artificial,artificial_to_cgreGFP,aubin_1_10_1,46,iterative_random,6,576,4904,0.3190653276440934,0.5648586793562558,0.46355892258693165,0.8537022585862597,0.6721018110383314,0.7813632372150381
natural_artificial,artificial_to_cgreGFP,aubin_1_10_1,46,iterative_random,7,672,4904,0.23580073554053588,0.48559317905066984,0.6035507788885857,0.8491693009044244,0.6653400111451837,0.8425005572696234
natural_artificial,artificial_to_cgreGFP,aubin_1_10_1,46,iterative_random,8,768,4904,0.27827201937908064,0.5275149470669819,0.5321442696646213,0.8567907937033492,0.6776924750273167,0.8114368447833742
natural_artificial,artificial_to_cgreGFP,aubin_1_10_1,46,iterative_random,9,864,4904,0.29215370859157397,0.540512449987578,0.5088051360381374,0.8553180819444935,0.6764095673059823,0.7846759036819404
natural_artificial,artificial_to_cgreGFP,aubin_1_10_1,46,iterative_random,10,960,4904,0.26236926330309623,0.512219936456105,0.5588814011048453,0.852467723162661,0.6718337390531985,0.7981263136089947
natural_artificial,artificial_to_cgreGFP,aubin_linear,42,source_only,0,0,4904,1.8622937192521078,1.3646588288843875,-2.131054247077432,0.808714384061801,0.6165718109311693,0.7364553484012105
natural_artificial,artificial_to_cgreGFP,aubin_linear,42,oneshot_fancy,1,960,4904,0.32349350173010244,0.5687648914359099,0.45611388148763343,0.7968667750748081,0.6031713558719526,0.7313055489968424
natural_artificial,artificial_to_cgreGFP,aubin_linear,42,oneshot_random,1,960,4904,0.2999657393701349,0.5476912810791631,0.4956708533550944,0.7986266202116366,0.603406252873031,0.7321593826938853
natural_artificial,artificial_to_cgreGFP,aubin_linear,42,iterative_fancy,1,96,4904,0.47133159209331105,0.6865359364908082,0.20755530239440823,0.7910655667338551,0.5979344041905703,0.7270336108380293
natural_artificial,artificial_to_cgreGFP,aubin_linear,42,iterative_fancy,2,192,4904,0.43784366270081937,0.6616975613532359,0.26385819514770537,0.7849715987845172,0.5904700011382171,0.7221674789412129
natural_artificial,artificial_to_cgreGFP,aubin_linear,42,iterative_fancy,3,288,4904,0.32297200493107836,0.568306259802827,0.45699066840397295,0.7911236933909532,0.597145633638048,0.7255489085941298
natural_artificial,artificial_to_cgreGFP,aubin_linear,42,iterative_fancy,4,384,4904,0.33297765010143315,0.5770421562602105,0.44016828561788357,0.7863915613355202,0.5919547349248726,0.7235506599902854
natural_artificial,artificial_to_cgreGFP,aubin_linear,42,iterative_fancy,5,480,4904,0.3281457237771787,0.5728400507796035,0.448292150979572,0.7870818027625472,0.5929436802032164,0.7234943714612678
natural_artificial,artificial_to_cgreGFP,aubin_linear,42,iterative_fancy,6,576,4904,0.3025948382189517,0.5500862098062009,0.4912505779541334,0.7918421986686563,0.5978079411157724,0.7260656398995782
natural_artificial,artificial_to_cgreGFP,aubin_linear,42,iterative_fancy,7,672,4904,0.30895238493081434,0.5558348540086474,0.48056170356907413,0.790346894014454,0.5965183658317316,0.7258432289115735
natural_artificial,artificial_to_cgreGFP,aubin_linear,42,iterative_fancy,8,768,4904,0.29959946770925544,0.5473568010989317,0.496286661928965,0.792613636658284,0.5997077371098652,0.7252374481596618
natural_artificial,artificial_to_cgreGFP,aubin_linear,42,iterative_fancy,9,864,4904,0.3347513921577672,0.5785770408145896,0.43718611232196813,0.7903190610087696,0.596207074682206,0.7260169323141739
natural_artificial,artificial_to_cgreGFP,aubin_linear,42,iterative_fancy,10,960,4904,0.3517031265215906,0.5930456361205186,0.40868534505498033,0.7885750665661364,0.5942328390600897,0.7247790144750461
natural_artificial,artificial_to_cgreGFP,aubin_linear,42,iterative_random,1,96,4904,0.3824681077291075,0.6184400599323329,0.35696051557440944,0.8013522034411307,0.6075912730957521,0.7332697626394966
natural_artificial,artificial_to_cgreGFP,aubin_linear,42,iterative_random,2,192,4904,0.3477862958461945,0.5897340890996505,0.4152706700198344,0.791125197012322,0.5971012312555181,0.7261648881174401
natural_artificial,artificial_to_cgreGFP,aubin_linear,42,iterative_random,3,288,4904,0.32215775973100363,0.5675894288400759,0.4583596500342608,0.7898206094766121,0.5954081972710615,0.7258662986635611
natural_artificial,artificial_to_cgreGFP,aubin_linear,42,iterative_random,4,384,4904,0.291401805159618,0.539816455065625,0.5100693031293326,0.7989346770095009,0.6049398996831084,0.7309659100507375
natural_artificial,artificial_to_cgreGFP,aubin_linear,42,iterative_random,5,480,4904,0.2972562330546062,0.5452120991454666,0.5002263169584009,0.7950739266436913,0.6007970387333748,0.7289800708014844
natural_artificial,artificial_to_cgreGFP,aubin_linear,42,iterative_random,6,576,4904,0.2881991337601757,0.5368418144669579,0.5154539198434158,0.8023580525467833,0.6085691806424158,0.7330411713787768
natural_artificial,artificial_to_cgreGFP,aubin_linear,42,iterative_random,7,672,4904,0.3059623635199783,0.5531386476463006,0.4855887941619642,0.7911457585736451,0.5966061344022316,0.7267865013951941
natural_artificial,artificial_to_cgreGFP,aubin_linear,42,iterative_random,8,768,4904,0.291555912467667,0.5399591766677061,0.5098102041824886,0.801013494159038,0.6068189439451526,0.7333729460666889
natural_artificial,artificial_to_cgreGFP,aubin_linear,42,iterative_random,9,864,4904,0.29252760529247596,0.5408582118193972,0.5081765075671154,0.798750679839209,0.6042979657112824,0.7331922038131916
natural_artificial,artificial_to_cgreGFP,aubin_linear,42,iterative_random,10,960,4904,0.2883249923905169,0.5369590230087552,0.5152423150922494,0.801177686688192,0.6070377772557947,0.7338598382690975
natural_artificial,artificial_to_cgreGFP,aubin_linear,43,source_only,0,0,4904,1.7883693498893938,1.3372992746163417,-2.0067660060428216,0.8044889651273015,0.6126636206038713,0.7342725775206161
natural_artificial,artificial_to_cgreGFP,aubin_linear,43,oneshot_fancy,1,960,4904,0.32251247104511777,0.5679018146168558,0.45776327774611847,0.7922055971608698,0.5982963844869557,0.7251105391326009
natural_artificial,artificial_to_cgreGFP,aubin_linear,43,oneshot_random,1,960,4904,0.3007451628977508,0.5484023731693279,0.49436041702532263,0.7971101152318165,0.6018291759699357,0.7326108891057261
natural_artificial,artificial_to_cgreGFP,aubin_linear,43,iterative_fancy,1,96,4904,0.49723232559915465,0.7051470241014668,0.16400867985708878,0.7870045747375601,0.5930695888090133,0.7245618101844274
natural_artificial,artificial_to_cgreGFP,aubin_linear,43,iterative_fancy,2,192,4904,0.33716327927223916,0.5806576265513432,0.4331310326558715,0.7900078166382634,0.5960684018218312,0.7257776632627024
natural_artificial,artificial_to_cgreGFP,aubin_linear,43,iterative_fancy,3,288,4904,0.30900192198331844,0.5558794131673869,0.4804784174595699,0.7891236749326034,0.5949562433029685,0.724259729069801
natural_artificial,artificial_to_cgreGFP,aubin_linear,43,iterative_fancy,4,384,4904,0.2971886315986188,0.5451501000629265,0.5003399745537038,0.7894839422486372,0.5953177442681763,0.7237284819232883
natural_artificial,artificial_to_cgreGFP,aubin_linear,43,iterative_fancy,5,480,4904,0.3067531247194198,0.553852981141584,0.484259295927427,0.789163701779827,0.5944393999887438,0.7249005276177379
natural_artificial,artificial_to_cgreGFP,aubin_linear,43,iterative_fancy,6,576,4904,0.30399535058124777,0.5513577337638856,0.48889591169782853,0.7901686914005217,0.5960838999692578,0.7237265717656867
natural_artificial,artificial_to_cgreGFP,aubin_linear,43,iterative_fancy,7,672,4904,0.3071183906367573,0.5541826329259671,0.48364517829927367,0.7907587164133076,0.5965947457417808,0.7241301832345031
natural_artificial,artificial_to_cgreGFP,aubin_linear,43,iterative_fancy,8,768,4904,0.38177721897212424,0.6178812337109165,0.35812209935383565,0.7844368174764855,0.5891911863776352,0.7216464835411798
natural_artificial,artificial_to_cgreGFP,aubin_linear,43,iterative_fancy,9,864,4904,0.32824511563753456,0.5729267978001505,0.44812504452194135,0.7914468734668855,0.5969564726604812,0.7242713748887681
natural_artificial,artificial_to_cgreGFP,aubin_linear,43,iterative_fancy,10,960,4904,0.31148546853777875,0.5581088321624903,0.476302857553649,0.7922186988739701,0.5983948638030557,0.7238017646296897
natural_artificial,artificial_to_cgreGFP,aubin_linear,43,iterative_random,1,96,4904,0.3934007968022267,0.6272167064119281,0.3385795039216859,0.7914895752506508,0.5983354926537192,0.7263409378775418
natural_artificial,artificial_to_cgreGFP,aubin_linear,43,iterative_random,2,192,4904,0.29932362410174324,0.5471047651974376,0.4967504347967472,0.792581808147976,0.5997678252422526,0.7272362575914002
natural_artificial,artificial_to_cgreGFP,aubin_linear,43,iterative_random,3,288,4904,0.3008947957018353,0.5485387823133705,0.4941088410135004,0.7860757154953384,0.5923478603379726,0.7237743366817917
natural_artificial,artificial_to_cgreGFP,aubin_linear,43,iterative_random,4,384,4904,0.2923544262093719,0.5406980915532917,0.5084676716826642,0.7899663337242624,0.5970902449734856,0.7259671035783551
natural_artificial,artificial_to_cgreGFP,aubin_linear,43,iterative_random,5,480,4904,0.28605384677864154,0.5348400197990438,0.5190607675953537,0.7976902309991432,0.6048994544448831,0.7313397551347315
natural_artificial,artificial_to_cgreGFP,aubin_linear,43,iterative_random,6,576,4904,0.29703142488094536,0.5450058943543137,0.5006042845043588,0.7906315744905,0.5965859617519248,0.7273190480207159
natural_artificial,artificial_to_cgreGFP,aubin_linear,43,iterative_random,7,672,4904,0.2960884946416086,0.5441401424647961,0.5021896228964997,0.7921839702647581,0.5982394195711557,0.7281925087643193
natural_artificial,artificial_to_cgreGFP,aubin_linear,43,iterative_random,8,768,4904,0.29399315507612483,0.5422113564617813,0.5057124945991502,0.7943587548387544,0.6006982681227286,0.7296568455513539
natural_artificial,artificial_to_cgreGFP,aubin_linear,43,iterative_random,9,864,4904,0.28636693840761057,0.5351326362759149,0.5185343700327816,0.7985134280906655,0.6054113459592705,0.7320333467950453
natural_artificial,artificial_to_cgreGFP,aubin_linear,43,iterative_random,10,960,4904,0.2858108066668226,0.5346127632846251,0.5194693883013433,0.8001251215055057,0.6069137573517723,0.7334832021029358
natural_artificial,artificial_to_cgreGFP,aubin_linear,44,source_only,0,0,4904,1.9642825933959371,1.4015286630661312,-2.3025270358440317,0.805229658133218,0.6141545284105284,0.7347999674281901
natural_artificial,artificial_to_cgreGFP,aubin_linear,44,oneshot_fancy,1,960,4904,0.3689181224353578,0.6073863041223089,0.3797419589972385,0.7887544875345113,0.5945908121148191,0.7246353273408834
natural_artificial,artificial_to_cgreGFP,aubin_linear,44,oneshot_random,1,960,4904,0.28326894306638556,0.5322301598616763,0.5237429960246386,0.8036462170008959,0.6105317995337584,0.7376622394466152
natural_artificial,artificial_to_cgreGFP,aubin_linear,44,iterative_fancy,1,96,4904,0.4825685802789827,0.6946715628834843,0.18866267594167252,0.7919022998305242,0.5996217301746811,0.7263283651462421
natural_artificial,artificial_to_cgreGFP,aubin_linear,44,iterative_fancy,2,192,4904,0.43741759604442076,0.6613755332974004,0.26457453639949824,0.7896419016719033,0.5958127143294043,0.7247260941051021
natural_artificial,artificial_to_cgreGFP,aubin_linear,44,iterative_fancy,3,288,4904,0.32229411044264095,0.5677095299910342,0.45813040506052183,0.7908694151901909,0.5974871879693485,0.7256608237459699
natural_artificial,artificial_to_cgreGFP,aubin_linear,44,iterative_fancy,4,384,4904,0.3346312252217905,0.5784731845313061,0.43738814768908485,0.7893308147786425,0.5955905531559981,0.7248886676749109
natural_artificial,artificial_to_cgreGFP,aubin_linear,44,iterative_fancy,5,480,4904,0.3283181836175938,0.5729905615432018,0.4480021961189612,0.7887990801558197,0.5956113323502698,0.7246460158869982
natural_artificial,artificial_to_cgreGFP,aubin_linear,44,iterative_fancy,6,576,4904,0.30870920367944554,0.5556160577948099,0.48097056157145934,0.7898682404024617,0.5974657172280716,0.7244475010368212
natural_artificial,artificial_to_cgreGFP,aubin_linear,44,iterative_fancy,7,672,4904,0.34198484458346345,0.5847947029372474,0.42502458715310043,0.7874188707414652,0.5940908394464546,0.7246446624113463
natural_artificial,artificial_to_cgreGFP,aubin_linear,44,iterative_fancy,8,768,4904,0.3191228715622124,0.5649096136216947,0.46346217462104555,0.7885610053087055,0.5955317633996186,0.7248202752362698
natural_artificial,artificial_to_cgreGFP,aubin_linear,44,iterative_fancy,9,864,4904,0.3259468886358852,0.5709175848017691,0.45198902867217083,0.7900100775448472,0.5970243469781833,0.7250162224447183
natural_artificial,artificial_to_cgreGFP,aubin_linear,44,iterative_fancy,10,960,4904,0.3333001600313261,0.5773215395525496,0.43962605316804126,0.7885229016221915,0.5952507133974471,0.7244361650384513
natural_artificial,artificial_to_cgreGFP,aubin_linear,44,iterative_random,1,96,4904,0.3737807843800149,0.6113761398517404,0.3715664181700725,0.7984242064408436,0.6055479529345228,0.7307794644814993
natural_artificial,artificial_to_cgreGFP,aubin_linear,44,iterative_random,2,192,4904,0.3138670388051923,0.5602383767693823,0.4722987492739448,0.7933318334748317,0.599473884514523,0.7285566249408577
natural_artificial,artificial_to_cgreGFP,aubin_linear,44,iterative_random,3,288,4904,0.29662148972401775,0.5446296812734481,0.5012935040409204,0.793996018274747,0.6002300986374689,0.7286592986855802
natural_artificial,artificial_to_cgreGFP,aubin_linear,44,iterative_random,4,384,4904,0.306356763659861,0.5534950439343256,0.4849256934811954,0.7883497127651649,0.5937439793697475,0.7256591562661305
natural_artificial,artificial_to_cgreGFP,aubin_linear,44,iterative_random,5,480,4904,0.2882911426236828,0.5369275022046112,0.5152992263383718,0.7962171020037634,0.6018258494562655,0.7302868475707479
natural_artificial,artificial_to_cgreGFP,aubin_linear,44,iterative_random,6,576,4904,0.2948378442138207,0.5429897275398685,0.5042923279064844,0.7929862612663157,0.5978845968898325,0.7287869116866819
natural_artificial,artificial_to_cgreGFP,aubin_linear,44,iterative_random,7,672,4904,0.30272849873838364,0.5502076869132089,0.4910258559713937,0.7890356259665393,0.5932263175751187,0.726242903545029
natural_artificial,artificial_to_cgreGFP,aubin_linear,44,iterative_random,8,768,4904,0.29563452258731,0.5437228361833903,0.5029528811913496,0.7931177285721192,0.5974726600627335,0.7292510804761759
natural_artificial,artificial_to_cgreGFP,aubin_linear,44,iterative_random,9,864,4904,0.2901425212037289,0.5386487920748815,0.5121865235965457,0.7965716190612524,0.6010571611710431,0.7322045379500288
natural_artificial,artificial_to_cgreGFP,aubin_linear,44,iterative_random,10,960,4904,0.2852868633961424,0.534122517215051,0.5203502884439641,0.7997242398027417,0.6048014910493212,0.7333544022317602
natural_artificial,artificial_to_cgreGFP,aubin_linear,45,source_only,0,0,4904,1.9463168856090567,1.3951046145752142,-2.2723214860500636,0.8085415745383578,0.6164321670285545,0.7355862025826785
natural_artificial,artificial_to_cgreGFP,aubin_linear,45,oneshot_fancy,1,960,4904,0.33144929627804554,0.5757163331694225,0.442737890337206,0.7938965089792898,0.5998422647912637,0.7286913916591395
natural_artificial,artificial_to_cgreGFP,aubin_linear,45,oneshot_random,1,960,4904,0.2923190308397537,0.5406653593857791,0.5085271815339965,0.7964227801039809,0.6015412710018264,0.7306458910012981
natural_artificial,artificial_to_cgreGFP,aubin_linear,45,iterative_fancy,1,96,4904,0.7061922898566596,0.840352479532642,-0.18731344339012934,0.7880638907019785,0.5933942969113857,0.7229042070550894
natural_artificial,artificial_to_cgreGFP,aubin_linear,45,iterative_fancy,2,192,4904,0.3309720521591156,0.5753017053330501,0.4435402757021034,0.793235394985865,0.597970918379971,0.724857780247659
natural_artificial,artificial_to_cgreGFP,aubin_linear,45,iterative_fancy,3,288,4904,0.32042747370335467,0.5660631357926028,0.4612687611801142,0.7914485093760396,0.5960995854807388,0.7246377054979954
natural_artificial,artificial_to_cgreGFP,aubin_linear,45,iterative_fancy,4,384,4904,0.309135737819528,0.5559997642261443,0.48025343434441525,0.7935626983877213,0.5987516268223368,0.7253807240374326
natural_artificial,artificial_to_cgreGFP,aubin_linear,45,iterative_fancy,5,480,4904,0.29440707803028915,0.5425929211022653,0.5050165704223133,0.7946578531840982,0.6005923049865138,0.7246311263074012
natural_artificial,artificial_to_cgreGFP,aubin_linear,45,iterative_fancy,6,576,4904,0.3122596676477887,0.5588019932389188,0.4750012049805771,0.7926795212948152,0.5976720769197408,0.7243837298751874
natural_artificial,artificial_to_cgreGFP,aubin_linear,45,iterative_fancy,7,672,4904,0.3055409731073271,0.5527576079144702,0.4862972732958246,0.7935954870499773,0.599134659556325,0.7234156732493529
natural_artificial,artificial_to_cgreGFP,aubin_linear,45,iterative_fancy,8,768,4904,0.314798875256262,0.5610694032437181,0.47073206274778545,0.7929979192929425,0.5982669759469476,0.7244426898941198
natural_artificial,artificial_to_cgreGFP,aubin_linear,45,iterative_fancy,9,864,4904,0.3344984575157641,0.5783584161363645,0.4376113685943218,0.7888117998592173,0.5934610243603395,0.7233839098737225
natural_artificial,artificial_to_cgreGFP,aubin_linear,45,iterative_fancy,10,960,4904,0.3130374929033214,0.559497536101207,0.473693455808337,0.7927970408977865,0.5981293365012169,0.7237524084151844
natural_artificial,artificial_to_cgreGFP,aubin_linear,45,iterative_random,1,96,4904,0.4546610325728704,0.6742855719744197,0.23558333344452365,0.7955732440188182,0.6012904344381081,0.7292723583786728
natural_artificial,artificial_to_cgreGFP,aubin_linear,45,iterative_random,2,192,4904,0.303930957134946,0.5512993353296791,0.48900417570121457,0.8001092460513224,0.6051983340391014,0.7322655483372519
natural_artificial,artificial_to_cgreGFP,aubin_linear,45,iterative_random,3,288,4904,0.3295444015963467,0.5740595801799206,0.445940569120746,0.7953644026235729,0.5995282780679464,0.7298929690251086
natural_artificial,artificial_to_cgreGFP,aubin_linear,45,iterative_random,4,384,4904,0.32414253896838596,0.569335172783472,0.45502266221302023,0.7888625654058617,0.5928636063857261,0.7244712661426325
natural_artificial,artificial_to_cgreGFP,aubin_linear,45,iterative_random,5,480,4904,0.31768795402301836,0.5636381410293473,0.4658746859283939,0.7928833510872128,0.596476545961433,0.7289543335630106
natural_artificial,artificial_to_cgreGFP,aubin_linear,45,iterative_random,6,576,4904,0.2940319432605155,0.542247123791833,0.5056472804451114,0.8037002252040614,0.6088923147012602,0.7347840134384023
natural_artificial,artificial_to_cgreGFP,aubin_linear,45,iterative_random,7,672,4904,0.2963380640513406,0.544369418732666,0.5017700245526917,0.8015889285155515,0.6064683296140069,0.7337597365502841
natural_artificial,artificial_to_cgreGFP,aubin_linear,45,iterative_random,8,768,4904,0.2904339367165471,0.5389192302345011,0.5116965698531373,0.8037591808969117,0.6090573087974146,0.7356383332099267
natural_artificial,artificial_to_cgreGFP,aubin_linear,45,iterative_random,9,864,4904,0.29003717534622836,0.538550996049797,0.5123636404450478,0.8004397354506483,0.6050948896511323,0.7343022854081918
natural_artificial,artificial_to_cgreGFP,aubin_linear,45,iterative_random,10,960,4904,0.28252764942260045,0.531533300389167,0.5249893249939683,0.8064044393213677,0.6116677965373309,0.7377445597766856
natural_artificial,artificial_to_cgreGFP,aubin_linear,46,source_only,0,0,4904,1.9141351631683972,1.383522736773197,-2.218214704888518,0.8060599788811598,0.6140256448334268,0.73615974567504
natural_artificial,artificial_to_cgreGFP,aubin_linear,46,oneshot_fancy,1,960,4904,0.35390697442270275,0.5949008105749249,0.4049800394636254,0.7921472421335726,0.5968972032589941,0.7286373986439814
natural_artificial,artificial_to_cgreGFP,aubin_linear,46,oneshot_random,1,960,4904,0.305825835763404,0.553015221999724,0.48581833679943687,0.7911158574543781,0.5966453331170833,0.7293296335277375
natural_artificial,artificial_to_cgreGFP,aubin_linear,46,iterative_fancy,1,96,4904,0.45389802897308806,0.6737195477148397,0.23686616312758424,0.7914264449995607,0.5982299325679368,0.7269439414348183
natural_artificial,artificial_to_cgreGFP,aubin_linear,46,iterative_fancy,2,192,4904,0.34276640414634546,0.5854625557167131,0.4237105595303855,0.791122719568307,0.5962724655798961,0.7276724409510585
natural_artificial,artificial_to_cgreGFP,aubin_linear,46,iterative_fancy,3,288,4904,0.3534755741430446,0.5945381183263564,0.40570534807839986,0.7863272555039438,0.5913284618694047,0.7239056670247117
natural_artificial,artificial_to_cgreGFP,aubin_linear,46,iterative_fancy,4,384,4904,0.3563680885729851,0.5969657348399362,0.4008421949157318,0.7850585948913036,0.5902465061034432,0.7228768185159331
natural_artificial,artificial_to_cgreGFP,aubin_linear,46,iterative_fancy,5,480,4904,0.3200424686667839,0.5657229610567207,0.4619160659755066,0.7901448711294542,0.5953085577006356,0.7261658891310285
natural_artificial,artificial_to_cgreGFP,aubin_linear,46,iterative_fancy,6,576,4904,0.3230605272791919,0.5683841370756153,0.4568418367394741,0.7910331967383132,0.595788787753294,0.7255751652330862
natural_artificial,artificial_to_cgreGFP,aubin_linear,46,iterative_fancy,7,672,4904,0.3183570340599081,0.5642313657179191,0.4647497689137031,0.7912073492687852,0.5961123852368263,0.7265415228518763
natural_artificial,artificial_to_cgreGFP,aubin_linear,46,iterative_fancy,8,768,4904,0.3264775413404397,0.5713821325001681,0.4510968480310925,0.7895085578183131,0.5944379253365469,0.725338971497387
natural_artificial,artificial_to_cgreGFP,aubin_linear,46,iterative_fancy,9,864,4904,0.3474858909542957,0.5894793388697315,0.4157757375088664,0.787353744642808,0.5920271069511254,0.7251839285481804
natural_artificial,artificial_to_cgreGFP,aubin_linear,46,iterative_fancy,10,960,4904,0.3647868066333376,0.6039758328222559,0.3866878954809465,0.7840061098542714,0.5886752593076691,0.7223944470955346
natural_artificial,artificial_to_cgreGFP,aubin_linear,46,iterative_random,1,96,4904,0.4168586572810311,0.6456459225310969,0.2991400573294444,0.7915868668109594,0.597428094962432,0.7277151942521066
natural_artificial,artificial_to_cgreGFP,aubin_linear,46,iterative_random,2,192,4904,0.29686506304524796,0.5448532490912098,0.5008839868557264,0.7898653308491023,0.5964242690434299,0.7264990275745427
natural_artificial,artificial_to_cgreGFP,aubin_linear,46,iterative_random,3,288,4904,0.31268460545110943,0.5591820861321556,0.4742867616572298,0.7844120945769184,0.5896994696750618,0.7238349603395011
natural_artificial,artificial_to_cgreGFP,aubin_linear,46,iterative_random,4,384,4904,0.29628609342163653,0.5443216819323262,0.5018574022091677,0.7925299159696968,0.5978984327912571,0.7290696583460271
natural_artificial,artificial_to_cgreGFP,aubin_linear,46,iterative_random,5,480,4904,0.2991483301539111,0.5469445402907969,0.4970451546114427,0.7924298635992381,0.5977021028988314,0.7291577307088335
natural_artificial,artificial_to_cgreGFP,aubin_linear,46,iterative_random,6,576,4904,0.28682390548318165,0.5355594322604931,0.5177660762411255,0.7969314616052846,0.6033124354735443,0.7324931474528186
natural_artificial,artificial_to_cgreGFP,aubin_linear,46,iterative_random,7,672,4904,0.29215434130760215,0.5405130352800034,0.5088040722595365,0.7955401558403161,0.6005559671971862,0.7326042611221655
natural_artificial,artificial_to_cgreGFP,aubin_linear,46,iterative_random,8,768,4904,0.2968412672930681,0.5448314118083392,0.5009239943959737,0.7933816143476715,0.5984250910074822,0.7311500413531333
natural_artificial,artificial_to_cgreGFP,aubin_linear,46,iterative_random,9,864,4904,0.2887270686930255,0.5373332938624086,0.5145663085624501,0.7976273159924596,0.6036829194624528,0.7341736729754114
natural_artificial,artificial_to_cgreGFP,aubin_linear,46,iterative_random,10,960,4904,0.29153940818198054,0.5399438935500434,0.5098379526591437,0.7970733254232116,0.6024991068253072,0.7329387928305453
natural_artificial,artificial_to_cgreGFP,mlp_small,42,source_only,0,0,4904,2.9541856587010464,1.7187744641752873,-3.9668403312050113,0.7675052235076159,0.5820087493033751,0.7344142919761697
natural_artificial,artificial_to_cgreGFP,mlp_small,42,oneshot_fancy,1,960,4904,0.14121734246637765,0.3757889600113043,0.7625728125916089,0.8644569447719197,0.6861820870132029,0.8845304858547639
natural_artificial,artificial_to_cgreGFP,mlp_small,42,oneshot_random,1,960,4904,0.13943299637058426,0.37340727948258357,0.7655728143441431,0.8582270958319654,0.6770930533583452,0.8840384490442914
natural_artificial,artificial_to_cgreGFP,mlp_small,42,iterative_fancy,1,96,4904,0.30896078846809283,0.5558424133404115,0.4805475747929233,0.8448470845108198,0.6635886531046732,0.8278105463283014
natural_artificial,artificial_to_cgreGFP,mlp_small,42,iterative_fancy,2,192,4904,0.21045346487663355,0.45875207343033725,0.6461668703480492,0.8472245049594959,0.6622107882612478,0.8628246126700546
natural_artificial,artificial_to_cgreGFP,mlp_small,42,iterative_fancy,3,288,4904,0.18198993993729837,0.4266027894157496,0.6940222863475676,0.8506816659954481,0.6655255808343227,0.8719099180777978
natural_artificial,artificial_to_cgreGFP,mlp_small,42,iterative_fancy,4,384,4904,0.3766554787006934,0.6137226398795252,0.3667332257639765,0.8299413306931652,0.6421531838304415,0.8280229433997937
natural_artificial,artificial_to_cgreGFP,mlp_small,42,iterative_fancy,5,480,4904,0.2630818087150255,0.512915011200711,0.557683406226168,0.8459833171981,0.6617377796103628,0.8552787271510502
natural_artificial,artificial_to_cgreGFP,mlp_small,42,iterative_fancy,6,576,4904,0.19195165872750028,0.4381228808536485,0.6772737565083654,0.8662133687260366,0.6889862133779712,0.8816852992716652
natural_artificial,artificial_to_cgreGFP,mlp_small,42,iterative_fancy,7,672,4904,0.159046492093574,0.39880633406902405,0.7325968565515322,0.8685448542007915,0.6925665419239238,0.8923387375583752
natural_artificial,artificial_to_cgreGFP,mlp_small,42,iterative_fancy,8,768,4904,0.2243374514722767,0.473642746669129,0.6228238741561742,0.85317106698179,0.670949381300236,0.8605825280028263
natural_artificial,artificial_to_cgreGFP,mlp_small,42,iterative_fancy,9,864,4904,0.1563377926890036,0.395395741870096,0.7371509635041895,0.8681682402393524,0.6904321397582791,0.8919278361327712
natural_artificial,artificial_to_cgreGFP,mlp_small,42,iterative_fancy,10,960,4904,0.184366764883967,0.4293795114860128,0.6900261563242032,0.8716959825985355,0.6966877060373798,0.8952755321056196
natural_artificial,artificial_to_cgreGFP,mlp_small,42,iterative_random,1,96,4904,0.15253911856793412,0.3905625667776344,0.7435376331348074,0.8617299347968281,0.680595240102582,0.8748055282635874
natural_artificial,artificial_to_cgreGFP,mlp_small,42,iterative_random,2,192,4904,0.1973163913996695,0.4442030970171972,0.6682540896083577,0.8484134233543253,0.6665045894614336,0.8491098169084781
natural_artificial,artificial_to_cgreGFP,mlp_small,42,iterative_random,3,288,4904,0.159677955468967,0.3995972415682658,0.7315351840221354,0.8656455219896187,0.6876625277340428,0.8887680896229744
natural_artificial,artificial_to_cgreGFP,mlp_small,42,iterative_random,4,384,4904,0.1644945909839133,0.4055793276091785,0.7234370269324186,0.8585564180202216,0.6767895341110463,0.8697032738471908
natural_artificial,artificial_to_cgreGFP,mlp_small,42,iterative_random,5,480,4904,0.15860868946669499,0.398257064553405,0.733332929363302,0.8624073636734504,0.6826306287149857,0.8746333917604365
natural_artificial,artificial_to_cgreGFP,mlp_small,42,iterative_random,6,576,4904,0.16016604484976735,0.4002075022407343,0.7307145646359936,0.8620793457754697,0.6824681356277625,0.8728988787568432
natural_artificial,artificial_to_cgreGFP,mlp_small,42,iterative_random,7,672,4904,0.14375662100893236,0.37915250363004643,0.758303551098115,0.8667298733599053,0.6903263015457397,0.8817540287158095
natural_artificial,artificial_to_cgreGFP,mlp_small,42,iterative_random,8,768,4904,0.1490690881184298,0.38609466212113036,0.7493717577221854,0.8723540506295187,0.6984065198820534,0.8941478929108221
natural_artificial,artificial_to_cgreGFP,mlp_small,42,iterative_random,9,864,4904,0.12923511075173377,0.359492852156665,0.7827184089128316,0.866058148105385,0.6878493345782781,0.8972759162752251
natural_artificial,artificial_to_cgreGFP,mlp_small,42,iterative_random,10,960,4904,0.16647294413760588,0.4080109608057189,0.7201108432160412,0.854307183575876,0.6736893563398129,0.8684336728845339
natural_artificial,artificial_to_cgreGFP,mlp_small,43,source_only,0,0,4904,2.5651311386413465,1.6016026781450343,-3.312727183109983,0.7976947638971531,0.6093618836099516,0.771766954566321
natural_artificial,artificial_to_cgreGFP,mlp_small,43,oneshot_fancy,1,960,4904,0.1415742545264016,0.3762635439773585,0.7619727402132195,0.8651069168709186,0.686397436689501,0.8764883637543579
natural_artificial,artificial_to_cgreGFP,mlp_small,43,oneshot_random,1,960,4904,0.15303783869135545,0.3912005095745089,0.7426991403963105,0.8644881282518629,0.6856254973358064,0.8829251361607671
natural_artificial,artificial_to_cgreGFP,mlp_small,43,iterative_fancy,1,96,4904,0.22999145595940532,0.4795742444704525,0.6133178576887353,0.8523278147126572,0.6725176068211038,0.8424270433758992
natural_artificial,artificial_to_cgreGFP,mlp_small,43,iterative_fancy,2,192,4904,0.1942790581551719,0.44077098152574873,0.6733607250744285,0.861583613254057,0.683630563660063,0.8679272267564757
natural_artificial,artificial_to_cgreGFP,mlp_small,43,iterative_fancy,3,288,4904,0.2572601844939638,0.5072082259722961,0.5674712399356456,0.8505221836256873,0.6677656746545099,0.8486021420361081
natural_artificial,artificial_to_cgreGFP,mlp_small,43,iterative_fancy,4,384,4904,0.18789883435896318,0.43347299149885127,0.68408772619563,0.8576272693207742,0.6769756329758344,0.8574700267839128
natural_artificial,artificial_to_cgreGFP,mlp_small,43,iterative_fancy,5,480,4904,0.20398667747428137,0.4516488431007893,0.6570394099221037,0.834358828025876,0.6423420168491674,0.854987861713129
natural_artificial,artificial_to_cgreGFP,mlp_small,43,iterative_fancy,6,576,4904,0.15278276043130157,0.39087435376512175,0.7431280007104608,0.8587285823228844,0.6771686076163009,0.8706606622046728
natural_artificial,artificial_to_cgreGFP,mlp_small,43,iterative_fancy,7,672,4904,0.15933397227802498,0.39916659714713726,0.7321135192330573,0.8584800426858743,0.674812119422089,0.8781040223781762
natural_artificial,artificial_to_cgreGFP,mlp_small,43,iterative_fancy,8,768,4904,0.17198903473015956,0.41471560704916755,0.7108366998848725,0.8621953039139009,0.6814151933824574,0.8863372023944838
natural_artificial,artificial_to_cgreGFP,mlp_small,43,iterative_fancy,9,864,4904,0.19886644829802602,0.4459444453045985,0.6656479957443029,0.8576458467626843,0.6747269837965917,0.8717751104977116
natural_artificial,artificial_to_cgreGFP,mlp_small,43,iterative_fancy,10,960,4904,0.16348749591279882,0.4043358701782453,0.7251302449608239,0.867593539546563,0.6892816166595185,0.8888413232433656
natural_artificial,artificial_to_cgreGFP,mlp_small,43,iterative_random,1,96,4904,0.19417259340889095,0.4406501939281213,0.6735397230985107,0.8608896237100172,0.681962846319368,0.8564780693363034
natural_artificial,artificial_to_cgreGFP,mlp_small,43,iterative_random,2,192,4904,0.17197681093353187,0.41470086922205973,0.710857251621664,0.8564717580023965,0.6762494064105902,0.851608204774229
natural_artificial,artificial_to_cgreGFP,mlp_small,43,iterative_random,3,288,4904,0.1643598613271982,0.4054131982646818,0.7236635464440853,0.8632668060933021,0.6853543439237836,0.8671965940312748
natural_artificial,artificial_to_cgreGFP,mlp_small,43,iterative_random,4,384,4904,0.15546757305974018,0.39429376492627954,0.7386140543356345,0.8589769523358446,0.6800068395090276,0.8676948715061864
natural_artificial,artificial_to_cgreGFP,mlp_small,43,iterative_random,5,480,4904,0.15166433981968722,0.38944106077773466,0.7450083891635886,0.8715593387677197,0.6965268319342479,0.8945238679041316
natural_artificial,artificial_to_cgreGFP,mlp_small,43,iterative_random,6,576,4904,0.16222534866576038,0.4027720802957429,0.7272522794484148,0.8533554264716854,0.6724069499445432,0.8616648203228197
natural_artificial,artificial_to_cgreGFP,mlp_small,43,iterative_random,7,672,4904,0.14141378058416723,0.37605023678249055,0.7622425433131194,0.8621494525390161,0.6838368884252797,0.8803166745915176
natural_artificial,artificial_to_cgreGFP,mlp_small,43,iterative_random,8,768,4904,0.15487283640418004,0.39353886263516596,0.7396139786290119,0.8471115675426424,0.6624583615006724,0.8627703178937742
natural_artificial,artificial_to_cgreGFP,mlp_small,43,iterative_random,9,864,4904,0.14577765287580774,0.3818083981211096,0.7549056121238052,0.8647241777281156,0.6878448936690178,0.8754223358741078
natural_artificial,artificial_to_cgreGFP,mlp_small,43,iterative_random,10,960,4904,0.1459170195398851,0.38199086316283154,0.7546712964619151,0.8655272759416223,0.689968391990336,0.8705608009962688
natural_artificial,artificial_to_cgreGFP,mlp_small,44,source_only,0,0,4904,2.7667446862932743,1.663353445991944,-3.6516978557369786,0.8086697501064151,0.6221684483427915,0.7798536823225831
natural_artificial,artificial_to_cgreGFP,mlp_small,44,oneshot_fancy,1,960,4904,0.19668499135451165,0.443491816558673,0.6693156556613165,0.8647836245881974,0.688490299492123,0.8871571764092263
natural_artificial,artificial_to_cgreGFP,mlp_small,44,oneshot_random,1,960,4904,0.1465654475117635,0.3828386703453081,0.7535811015403058,0.8627954807828728,0.6847548273576273,0.8816435457735305
natural_artificial,artificial_to_cgreGFP,mlp_small,44,iterative_fancy,1,96,4904,0.2813857530535689,0.5304580596555857,0.526909182983617,0.854241511355451,0.673221375023905,0.847277917325896
natural_artificial,artificial_to_cgreGFP,mlp_small,44,iterative_fancy,2,192,4904,0.21479775875865253,0.46346279112637784,0.6388628561266456,0.868030515320241,0.6904259063787668,0.8876578791598009
natural_artificial,artificial_to_cgreGFP,mlp_small,44,iterative_fancy,3,288,4904,0.2104308615353918,0.45872743708589286,0.6462048731007093,0.8670354273807696,0.6894074472824872,0.8836447784420272
natural_artificial,artificial_to_cgreGFP,mlp_small,44,iterative_fancy,4,384,4904,0.30889877023185347,0.5557866229335261,0.4806518453813736,0.8422506559249109,0.6564764188233342,0.845606471986929
natural_artificial,artificial_to_cgreGFP,mlp_small,44,iterative_fancy,5,480,4904,0.22002427293301452,0.46906745030220814,0.6300755744890216,0.8668576319975102,0.6895526220488003,0.8861472279475637
natural_artificial,artificial_to_cgreGFP,mlp_small,44,iterative_fancy,6,576,4904,0.2209602669726283,0.470064109428308,0.6285018978543022,0.8589224811064535,0.6766996879690208,0.8747077262777455
natural_artificial,artificial_to_cgreGFP,mlp_small,44,iterative_fancy,7,672,4904,0.2344028701624662,0.48415170160030024,0.6059009947989982,0.8603870389724998,0.6793121880118376,0.8768199924802034
natural_artificial,artificial_to_cgreGFP,mlp_small,44,iterative_fancy,8,768,4904,0.2082371894161723,0.45633013204934464,0.6498930702602508,0.8573413824632392,0.6752409726833621,0.8739372992692883
natural_artificial,artificial_to_cgreGFP,mlp_small,44,iterative_fancy,9,864,4904,0.18610313633719247,0.4313967273139569,0.6871068138182803,0.8624215882591119,0.6825940547221531,0.8832337483536796
natural_artificial,artificial_to_cgreGFP,mlp_small,44,iterative_fancy,10,960,4904,0.19844853538383464,0.4454756282714405,0.666350628197691,0.8696139750305354,0.6933473939603979,0.8970744656849556
natural_artificial,artificial_to_cgreGFP,mlp_small,44,iterative_random,1,96,4904,0.20134472751684812,0.44871452786470833,0.6614812917527042,0.8661135893507274,0.6881077848322142,0.8824103093813521
natural_artificial,artificial_to_cgreGFP,mlp_small,44,iterative_random,2,192,4904,0.18028884759370684,0.42460434241032774,0.6968823144688094,0.8532146715901462,0.6711729366195218,0.8584488266808439
natural_artificial,artificial_to_cgreGFP,mlp_small,44,iterative_random,3,288,4904,0.1678413934025231,0.40968450471371637,0.717810084297867,0.8573280832918532,0.6760288500427423,0.8712126906755003
natural_artificial,artificial_to_cgreGFP,mlp_small,44,iterative_random,4,384,4904,0.14200150019202593,0.37683086417121664,0.7612544167059934,0.8608881812365619,0.6797456803218432,0.8850573024158463
natural_artificial,artificial_to_cgreGFP,mlp_small,44,iterative_random,5,480,4904,0.13881925178497184,0.37258455655726236,0.7666046964643138,0.8662768836346623,0.6894892359876559,0.884135521224106
natural_artificial,artificial_to_cgreGFP,mlp_small,44,iterative_random,6,576,4904,0.13520226270653926,0.36769860307939606,0.7726859010018061,0.8642466069682772,0.6851748029474097,0.8843128661056492
natural_artificial,artificial_to_cgreGFP,mlp_small,44,iterative_random,7,672,4904,0.14168392734888852,0.37640925513181595,0.7617883484853805,0.8583863783921079,0.6768009398674387,0.8797136734961348
natural_artificial,artificial_to_cgreGFP,mlp_small,44,iterative_random,8,768,4904,0.14652123778999718,0.3827809266277477,0.7536554308663769,0.8540640530591741,0.6712102401375925,0.8781936334790423
natural_artificial,artificial_to_cgreGFP,mlp_small,44,iterative_random,9,864,4904,0.12834726288844703,0.3582558623225125,0.7842111379030895,0.8700096229391395,0.6938417754888246,0.8931180484424301
natural_artificial,artificial_to_cgreGFP,mlp_small,44,iterative_random,10,960,4904,0.1275041380987698,0.35707721587742025,0.7856286744743857,0.8722580254528997,0.696862985481963,0.9035676628806102
natural_artificial,artificial_to_cgreGFP,mlp_small,45,source_only,0,0,4904,2.6296274247502813,1.6216126000837194,-3.4211640899493627,0.8117124273848093,0.6228378597319654,0.8040879728144024
natural_artificial,artificial_to_cgreGFP,mlp_small,45,oneshot_fancy,1,960,4904,0.15246473578931258,0.390467329989735,0.7436626920943608,0.8577193905118426,0.6758259934518349,0.8853223113114632
natural_artificial,artificial_to_cgreGFP,mlp_small,45,oneshot_random,1,960,4904,0.14258083329993476,0.3775987729057587,0.7602803902303421,0.855698008583632,0.6729753613790662,0.8812383981422754
natural_artificial,artificial_to_cgreGFP,mlp_small,45,iterative_fancy,1,96,4904,0.21878424614472466,0.46774378258264926,0.6321604180890549,0.8544981335055613,0.6759329501419361,0.8436946283067954
natural_artificial,artificial_to_cgreGFP,mlp_small,45,iterative_fancy,2,192,4904,0.21127735357240204,0.45964916357195956,0.6447816752129655,0.823322913491511,0.6320060329797268,0.8317475943864842
natural_artificial,artificial_to_cgreGFP,mlp_small,45,iterative_fancy,3,288,4904,0.1947381530960732,0.44129146048396767,0.672588853725854,0.8583692731700118,0.6770578903085088,0.8731713923315617
natural_artificial,artificial_to_cgreGFP,mlp_small,45,iterative_fancy,4,384,4904,0.22853305619289158,0.47805131125527894,0.6157698494103813,0.8573750545348111,0.6735905978637087,0.8778287900459383
natural_artificial,artificial_to_cgreGFP,mlp_small,45,iterative_fancy,5,480,4904,0.20111756314469936,0.4484613284829578,0.661863220749644,0.8672569986709242,0.6893837527359533,0.8911595541715516
natural_artificial,artificial_to_cgreGFP,mlp_small,45,iterative_fancy,6,576,4904,0.25460084608311134,0.5045798708659625,0.5719423567845279,0.8599931571829995,0.6794162588305123,0.883250866114255
natural_artificial,artificial_to_cgreGFP,mlp_small,45,iterative_fancy,7,672,4904,0.21796675710718283,0.4668691006129907,0.63353485354812,0.8681698750340814,0.6909288717775673,0.8923556089219239
natural_artificial,artificial_to_cgreGFP,mlp_small,45,iterative_fancy,8,768,4904,0.2919301964285875,0.5403056509315699,0.5091809246153944,0.860522126193039,0.6800410605325053,0.8710007605503249
natural_artificial,artificial_to_cgreGFP,mlp_small,45,iterative_fancy,9,864,4904,0.17601228519755643,0.4195381808579005,0.7040724524770802,0.8686905889058452,0.6908650755135554,0.8913210151637136
natural_artificial,artificial_to_cgreGFP,mlp_small,45,iterative_fancy,10,960,4904,0.14821599403226254,0.3849883037603383,0.7508060555636256,0.867634131460139,0.689381867526694,0.8977688482711321
natural_artificial,artificial_to_cgreGFP,mlp_small,45,iterative_random,1,96,4904,0.2514851057799052,0.5014829067674244,0.5771808171886481,0.8263595118045126,0.635227951119498,0.8431122504009138
natural_artificial,artificial_to_cgreGFP,mlp_small,45,iterative_random,2,192,4904,0.1698794601223178,0.41216436056786593,0.7143835048099637,0.8500920075083019,0.66429803912701,0.8598678563727578
natural_artificial,artificial_to_cgreGFP,mlp_small,45,iterative_random,3,288,4904,0.16564274804996237,0.406992319399227,0.7215066429007264,0.8595556808958907,0.678113217410923,0.8700371725150131
natural_artificial,artificial_to_cgreGFP,mlp_small,45,iterative_random,4,384,4904,0.15063240788141297,0.38811391096096126,0.7467433651475737,0.8645264942887914,0.6849028557112383,0.8856437423411497
natural_artificial,artificial_to_cgreGFP,mlp_small,45,iterative_random,5,480,4904,0.12883740354423914,0.3589392755665492,0.7833870697305353,0.8678578782489837,0.6897326065451863,0.8878176309831628
natural_artificial,artificial_to_cgreGFP,mlp_small,45,iterative_random,6,576,4904,0.16900831847228467,0.41110621312780554,0.7158481458249362,0.846361278779312,0.6598781746171113,0.8567847812986771
natural_artificial,artificial_to_cgreGFP,mlp_small,45,iterative_random,7,672,4904,0.1562180198646712,0.39524425342396974,0.73735233625567,0.8547902685590375,0.6718840165865607,0.8735140328398882
natural_artificial,artificial_to_cgreGFP,mlp_small,45,iterative_random,8,768,4904,0.15033707753647077,0.38773325564938427,0.7472399008558042,0.857622718070977,0.6754876077507076,0.8698888300842169
natural_artificial,artificial_to_cgreGFP,mlp_small,45,iterative_random,9,864,4904,0.12379632166331553,0.3518470145721227,0.7918625860628729,0.8662006369678533,0.6881610830183879,0.8914309925551465
natural_artificial,artificial_to_cgreGFP,mlp_small,45,iterative_random,10,960,4904,0.15043542242272911,0.38786005520384426,0.7470745546643767,0.86672822287301,0.6897427802006064,0.8841679761525436
natural_artificial,artificial_to_cgreGFP,mlp_small,46,source_only,0,0,4904,2.5279078525968535,1.589939575140154,-3.250144075700593,0.7956687857382279,0.6131033529329412,0.7469492229691207
natural_artificial,artificial_to_cgreGFP,mlp_small,46,oneshot_fancy,1,960,4904,0.16806354641207646,0.40995554199458806,0.717436580850547,0.8461041058318249,0.665177257208454,0.8491120405341276
natural_artificial,artificial_to_cgreGFP,mlp_small,46,oneshot_random,1,960,4904,0.15121818812012613,0.38886782860006064,0.7457584991807735,0.8602502158378539,0.6824783382716307,0.8735331071909562
natural_artificial,artificial_to_cgreGFP,mlp_small,46,iterative_fancy,1,96,4904,0.37405454881270556,0.6115999908540758,0.37110614099638417,0.7410320738926567,0.5538771432189419,0.7105756536877772
natural_artificial,artificial_to_cgreGFP,mlp_small,46,iterative_fancy,2,192,4904,0.28042627034732454,0.5295528966470909,0.5285223508589778,0.8356610800089549,0.6473135563378237,0.8383294550489316
natural_artificial,artificial_to_cgreGFP,mlp_small,46,iterative_fancy,3,288,4904,0.3339540497544772,0.5778875753591499,0.43852667546321034,0.834761003339703,0.6469887824736398,0.8432297503479363
natural_artificial,artificial_to_cgreGFP,mlp_small,46,iterative_fancy,4,384,4904,0.21596473359697183,0.46472005938733896,0.6369008339783782,0.8541623373114708,0.6722736540299306,0.8657641742585211
natural_artificial,artificial_to_cgreGFP,mlp_small,46,iterative_fancy,5,480,4904,0.17477857918246378,0.4180652810058063,0.7061466690296399,0.846489329503537,0.6613507370088185,0.8694285622931777
natural_artificial,artificial_to_cgreGFP,mlp_small,46,iterative_fancy,6,576,4904,0.2075182227371566,0.45554168057067684,0.6511018611456882,0.8313199052636256,0.6410685185038234,0.8306391738840059
natural_artificial,artificial_to_cgreGFP,mlp_small,46,iterative_fancy,7,672,4904,0.15702947662856642,0.39626944952717014,0.7359880427929104,0.8472762417193211,0.661178105018372,0.8730179616464211
natural_artificial,artificial_to_cgreGFP,mlp_small,46,iterative_fancy,8,768,4904,0.16061059707534533,0.4007625195491032,0.7299671437970818,0.8440844262191062,0.6578125045763078,0.8628545782430326
natural_artificial,artificial_to_cgreGFP,mlp_small,46,iterative_fancy,9,864,4904,0.12445062026012826,0.3527755947626313,0.7907625209231859,0.865818367815922,0.6880066807209199,0.8954705447167584
natural_artificial,artificial_to_cgreGFP,mlp_small,46,iterative_fancy,10,960,4904,0.12968017947003752,0.36011134315658194,0.7819701197002976,0.8657179892060388,0.6881064618545025,0.8975295817879805
natural_artificial,artificial_to_cgreGFP,mlp_small,46,iterative_random,1,96,4904,0.20143744931676905,0.448817835337199,0.6613253995953943,0.8531233393266785,0.6704239548687853,0.8677196513477607
natural_artificial,artificial_to_cgreGFP,mlp_small,46,iterative_random,2,192,4904,0.19146885025568983,0.43757153730069076,0.6780854971594557,0.8592859011709476,0.6807689345564192,0.8679856456638304
natural_artificial,artificial_to_cgreGFP,mlp_small,46,iterative_random,3,288,4904,0.1711950650716665,0.4137572537994549,0.7121715924668406,0.8538633791708048,0.6724005953482007,0.8627367547856741
natural_artificial,artificial_to_cgreGFP,mlp_small,46,iterative_random,4,384,4904,0.13401655013579833,0.36608270941933096,0.7746794266965189,0.8677884668256135,0.6919567085681897,0.9017387371925165
natural_artificial,artificial_to_cgreGFP,mlp_small,46,iterative_random,5,480,4904,0.17910000747030771,0.423202088215911,0.6988810984839109,0.847802867011108,0.6623863639615873,0.8640310306391566
natural_artificial,artificial_to_cgreGFP,mlp_small,46,iterative_random,6,576,4904,0.13791007871454114,0.3713624627160655,0.7681332792942253,0.8654701427022523,0.6889075976098183,0.8923153582289505
natural_artificial,artificial_to_cgreGFP,mlp_small,46,iterative_random,7,672,4904,0.17467477131084755,0.4179411098598073,0.706321200079143,0.8514857144319031,0.6680704054024096,0.8728364573951327
natural_artificial,artificial_to_cgreGFP,mlp_small,46,iterative_random,8,768,4904,0.1398636607677709,0.37398350333640507,0.7648487429605927,0.8618061635500995,0.684186683746818,0.8803664861255354
natural_artificial,artificial_to_cgreGFP,mlp_small,46,iterative_random,9,864,4904,0.12139729653733947,0.3484211482349191,0.7958960410071065,0.8656799120482983,0.68912921182421,0.8937919896718516
natural_artificial,artificial_to_cgreGFP,mlp_small,46,iterative_random,10,960,4904,0.14738613913356874,0.3839090245534334,0.7522012816110273,0.8660624626383047,0.6912537663814372,0.888364268773846
natural_artificial,artificial_to_cgreGFP,CNN_Jannis_OHE,42,source_only,0,0,4904,2.058906295043317,1.4348889486797634,-2.461616839914357,0.821993108767135,0.6378993874166843,0.815366173395082
natural_artificial,artificial_to_cgreGFP,CNN_Jannis_OHE,42,oneshot_fancy,1,960,4904,0.305830417607808,0.5530193645866373,0.48581063339409747,0.8274270347378345,0.6280843250848424,0.8351302825980476
natural_artificial,artificial_to_cgreGFP,CNN_Jannis_OHE,42,oneshot_random,1,960,4904,0.09438529041246835,0.3072218911673912,0.8413110341550859,0.851453626423671,0.6650206338507799,0.9206938558104227
natural_artificial,artificial_to_cgreGFP,CNN_Jannis_OHE,42,iterative_fancy,1,96,4904,0.4799359183197939,0.6927740745147684,0.19308894196148574,0.7577156644096155,0.54119599254057,0.8467009859931204
natural_artificial,artificial_to_cgreGFP,CNN_Jannis_OHE,42,iterative_fancy,2,192,4904,0.3117181415542721,0.558317240960972,0.47591166693267417,0.8408882016364212,0.6489647820661117,0.8649574430473252
natural_artificial,artificial_to_cgreGFP,CNN_Jannis_OHE,42,iterative_fancy,3,288,4904,0.3304952300722677,0.5748871455096798,0.4443419515090352,0.8372220473098899,0.6415807161957534,0.8839144427910791
natural_artificial,artificial_to_cgreGFP,CNN_Jannis_OHE,42,iterative_fancy,4,384,4904,0.30926720915592837,0.5561179813276391,0.4800323930113808,0.855359832341773,0.6681751852371812,0.8877186673361444
natural_artificial,artificial_to_cgreGFP,CNN_Jannis_OHE,42,iterative_fancy,5,480,4904,0.29085828803777525,0.53931279239211,0.510983112575776,0.8567360362222829,0.6684609944356384,0.9015436765267403
natural_artificial,artificial_to_cgreGFP,CNN_Jannis_OHE,42,iterative_fancy,6,576,4904,0.28261081877997596,0.5316115299539467,0.5248494932547829,0.860191414707926,0.6769717166200665,0.8842692039231326
natural_artificial,artificial_to_cgreGFP,CNN_Jannis_OHE,42,iterative_fancy,7,672,4904,0.24250811516730703,0.49245112972487637,0.5922737342150974,0.8524333502348906,0.6658279253658668,0.87409012846507
natural_artificial,artificial_to_cgreGFP,CNN_Jannis_OHE,42,iterative_fancy,8,768,4904,0.2164130361733015,0.4652021454951616,0.6361471077153928,0.8723768965729529,0.6950112848702856,0.9048955469879749
natural_artificial,artificial_to_cgreGFP,CNN_Jannis_OHE,42,iterative_fancy,9,864,4904,0.15350882946392158,0.3918020284071046,0.7419072687148822,0.8764402625409228,0.7010539439569476,0.9096557364554831
natural_artificial,artificial_to_cgreGFP,CNN_Jannis_OHE,42,iterative_fancy,10,960,4904,0.16309087945135747,0.40384511814723906,0.7257970719190094,0.871625111907099,0.6928580956691129,0.9034995786428903
natural_artificial,artificial_to_cgreGFP,CNN_Jannis_OHE,42,iterative_random,1,96,4904,0.2516131043315061,0.5016105105871548,0.5769656146110598,0.8273705798521103,0.6302396264347166,0.8636409230759778
natural_artificial,artificial_to_cgreGFP,CNN_Jannis_OHE,42,iterative_random,2,192,4904,0.11623893226644612,0.3409383115263612,0.8045687429506214,0.8288595101872562,0.6306567340640429,0.8992350274945471
natural_artificial,artificial_to_cgreGFP,CNN_Jannis_OHE,42,iterative_random,3,288,4904,0.1602935068628179,0.40036671547821995,0.730500264134855,0.828423316721569,0.6317457216613434,0.8820441538072856
natural_artificial,artificial_to_cgreGFP,CNN_Jannis_OHE,42,iterative_random,4,384,4904,0.10571758699156324,0.3251424103244042,0.8222581667334175,0.8470802511863548,0.6564062548108797,0.9074733889301048
natural_artificial,artificial_to_cgreGFP,CNN_Jannis_OHE,42,iterative_random,5,480,4904,0.09959736437315947,0.315590501081955,0.8325480306922071,0.8495988952519897,0.6610177922155349,0.9129398758107145
natural_artificial,artificial_to_cgreGFP,CNN_Jannis_OHE,42,iterative_random,6,576,4904,0.10414198710252086,0.32271037650271,0.8249072057508836,0.8476039361112924,0.6531861335503343,0.9163377445219788
natural_artificial,artificial_to_cgreGFP,CNN_Jannis_OHE,42,iterative_random,7,672,4904,0.09485717213934201,0.30798891561116615,0.8405176645218363,0.8373041355138877,0.641730867254664,0.9176866836267428
natural_artificial,artificial_to_cgreGFP,CNN_Jannis_OHE,42,iterative_random,8,768,4904,0.10350169262731447,0.32171678947066856,0.8259837259126872,0.8471036995859094,0.6589980939900916,0.9137562522625782
natural_artificial,artificial_to_cgreGFP,CNN_Jannis_OHE,42,iterative_random,9,864,4904,0.0892795730342038,0.2987968758775831,0.8498952214485984,0.856733170187166,0.6678402433421701,0.9235082050346106
natural_artificial,artificial_to_cgreGFP,CNN_Jannis_OHE,42,iterative_random,10,960,4904,0.09250321292613227,0.3041434084870693,0.8444753506353497,0.8643459387868867,0.6827244538389123,0.9192964631573323
natural_artificial,artificial_to_cgreGFP,CNN_Jannis_OHE,43,source_only,0,0,4904,2.086616539325391,1.4445125611518201,-2.5082057733087013,0.8369520778568355,0.6549856266419802,0.8214084528908059
natural_artificial,artificial_to_cgreGFP,CNN_Jannis_OHE,43,oneshot_fancy,1,960,4904,0.3029883347544829,0.5504437616636988,0.4905889964935677,0.8149138209977536,0.6110240130699467,0.8363871241597842
natural_artificial,artificial_to_cgreGFP,CNN_Jannis_OHE,43,oneshot_random,1,960,4904,0.10376557139624125,0.3221266387560042,0.8255400693983467,0.8478321236836682,0.6580241900949998,0.9118733244725434
natural_artificial,artificial_to_cgreGFP,CNN_Jannis_OHE,43,iterative_fancy,1,96,4904,0.3536972064334329,0.5947244794301247,0.40533272011056865,0.7167785762340633,0.4958108725680727,0.8032817054998427
natural_artificial,artificial_to_cgreGFP,CNN_Jannis_OHE,43,iterative_fancy,2,192,4904,0.23634945883800154,0.4861578538273362,0.6026282163554906,0.8049031575584884,0.5932415580516742,0.8754523212963559
natural_artificial,artificial_to_cgreGFP,CNN_Jannis_OHE,43,iterative_fancy,3,288,4904,0.20722917922008172,0.45522431747445313,0.6515878268783606,0.855177906378654,0.6684292525576289,0.9005054981916801
natural_artificial,artificial_to_cgreGFP,CNN_Jannis_OHE,43,iterative_fancy,4,384,4904,0.19685606919509047,0.44368465061921003,0.6690280243420527,0.8229550768804266,0.6179362935146173,0.8982244504166632
natural_artificial,artificial_to_cgreGFP,CNN_Jannis_OHE,43,iterative_fancy,5,480,4904,0.16517898541262765,0.40642217632977123,0.7222863619967269,0.8443487467909414,0.6488581480812958,0.9002438996807376
natural_artificial,artificial_to_cgreGFP,CNN_Jannis_OHE,43,iterative_fancy,6,576,4904,0.2242279507409788,0.47352713833631416,0.6230079765489622,0.8166439558297229,0.6073521425061575,0.889225597140054
natural_artificial,artificial_to_cgreGFP,CNN_Jannis_OHE,43,iterative_fancy,7,672,4904,0.20931438588691684,0.45750889159328567,0.64808199150839,0.8252389381655619,0.6193002877185015,0.9042974975686211
natural_artificial,artificial_to_cgreGFP,CNN_Jannis_OHE,43,iterative_fancy,8,768,4904,0.16077507713333802,0.4009676759208129,0.7296906052581749,0.8450961625828819,0.649140271851917,0.9012229563988581
natural_artificial,artificial_to_cgreGFP,CNN_Jannis_OHE,43,iterative_fancy,9,864,4904,0.19646749991602538,0.44324654529508223,0.6696813216597224,0.8072530045600755,0.594095655341429,0.899106546753394
natural_artificial,artificial_to_cgreGFP,CNN_Jannis_OHE,43,iterative_fancy,10,960,4904,0.2809512102659016,0.5300483093699117,0.5276397750630495,0.8623008951289254,0.6801008208120718,0.8890988007059589
natural_artificial,artificial_to_cgreGFP,CNN_Jannis_OHE,43,iterative_random,1,96,4904,0.2128904879570504,0.4614005721247541,0.6420695298548271,0.8354119239700376,0.6412906208486696,0.8359097304852772
natural_artificial,artificial_to_cgreGFP,CNN_Jannis_OHE,43,iterative_random,2,192,4904,0.12265431694190147,0.35022038339008976,0.7937826262242078,0.858671914275656,0.6743504883415999,0.8979647061826223
natural_artificial,artificial_to_cgreGFP,CNN_Jannis_OHE,43,iterative_random,3,288,4904,0.12398083771708353,0.35210912756854734,0.7915523612214144,0.8274775324833623,0.6273716806461901,0.8940216424820265
natural_artificial,artificial_to_cgreGFP,CNN_Jannis_OHE,43,iterative_random,4,384,4904,0.14559328393241067,0.3815668800255214,0.7552155896301915,0.8180486012518666,0.6156811395496546,0.8876428193589245
natural_artificial,artificial_to_cgreGFP,CNN_Jannis_OHE,43,iterative_random,5,480,4904,0.09313330844765486,0.3051775031807798,0.8434159778638408,0.856372053890991,0.6702275230626575,0.9188189423337876
natural_artificial,artificial_to_cgreGFP,CNN_Jannis_OHE,43,iterative_random,6,576,4904,0.09788178977346529,0.31286065552169595,0.8354324076736791,0.8427943020985009,0.6507333447885032,0.9144101921240869
natural_artificial,artificial_to_cgreGFP,CNN_Jannis_OHE,43,iterative_random,7,672,4904,0.09599807187896842,0.3098355561890346,0.8385994821544054,0.8549502487804054,0.6697864653736979,0.9167507680663104
natural_artificial,artificial_to_cgreGFP,CNN_Jannis_OHE,43,iterative_random,8,768,4904,0.09513971397554657,0.30844726287575736,0.8400426299947475,0.8628018187652587,0.6779035760366491,0.92061059112946
natural_artificial,artificial_to_cgreGFP,CNN_Jannis_OHE,43,iterative_random,9,864,4904,0.10185723359706428,0.3191508007150605,0.8287485370579868,0.8549070002013106,0.6706814998238806,0.9164940661714025
natural_artificial,artificial_to_cgreGFP,CNN_Jannis_OHE,43,iterative_random,10,960,4904,0.10354572613393478,0.3217852173949804,0.8259096928552313,0.824480262879496,0.6188222957790677,0.9091489155716476
natural_artificial,artificial_to_cgreGFP,CNN_Jannis_OHE,44,source_only,0,0,4904,2.0011028548395133,1.414603426702874,-2.3644325423597867,0.8312121806288687,0.6482818266683142,0.8362475318512371
natural_artificial,artificial_to_cgreGFP,CNN_Jannis_OHE,44,oneshot_fancy,1,960,4904,0.3374805729688196,0.5809307815642235,0.4325975702025652,0.853368371909369,0.6673438063061321,0.8384368477110891
natural_artificial,artificial_to_cgreGFP,CNN_Jannis_OHE,44,oneshot_random,1,960,4904,0.09455182856660418,0.30749281059336037,0.8410310353614386,0.8545995311957449,0.6715029342719296,0.9173267981401182
natural_artificial,artificial_to_cgreGFP,CNN_Jannis_OHE,44,iterative_fancy,1,96,4904,0.49063165554363564,0.700451037220758,0.175106314884924,0.68014530509971,0.4626251548292692,0.7924846699915914
natural_artificial,artificial_to_cgreGFP,CNN_Jannis_OHE,44,iterative_fancy,2,192,4904,0.23474609893904552,0.48450603601920744,0.6053239279767679,0.8439696985740772,0.6532563120848909,0.8704566541937839
natural_artificial,artificial_to_cgreGFP,CNN_Jannis_OHE,44,iterative_fancy,3,288,4904,0.22308086796816953,0.47231437408591487,0.6249365543830734,0.828725046315074,0.6250047420738006,0.8727147323331534
natural_artificial,artificial_to_cgreGFP,CNN_Jannis_OHE,44,iterative_fancy,4,384,4904,0.1757240924647389,0.4191945759009042,0.7045569877954012,0.8233276530979133,0.6155961132831534,0.901171152174594
natural_artificial,artificial_to_cgreGFP,CNN_Jannis_OHE,44,iterative_fancy,5,480,4904,0.2077449407309319,0.45579045704241317,0.65072068263987,0.822930515864382,0.6155506654193356,0.889313251646519
natural_artificial,artificial_to_cgreGFP,CNN_Jannis_OHE,44,iterative_fancy,6,576,4904,0.20097715270645955,0.4483047542759942,0.6620992912977213,0.8352466983823827,0.6331861725708088,0.9053156335903697
natural_artificial,artificial_to_cgreGFP,CNN_Jannis_OHE,44,iterative_fancy,7,672,4904,0.23893139003113184,0.4888060863278319,0.5982872434228433,0.8310178170359974,0.6285811835380811,0.8833027260639904
natural_artificial,artificial_to_cgreGFP,CNN_Jannis_OHE,44,iterative_fancy,8,768,4904,0.30856320477091403,0.5554846575477257,0.4812160279540716,0.8545147146182317,0.669234857852589,0.8698417501152371
natural_artificial,artificial_to_cgreGFP,CNN_Jannis_OHE,44,iterative_fancy,9,864,4904,0.21459089776536985,0.4632395684366458,0.639210649272741,0.870118448407888,0.689154222688501,0.9100067694486271
natural_artificial,artificial_to_cgreGFP,CNN_Jannis_OHE,44,iterative_fancy,10,960,4904,0.24109850837141034,0.4910178289750896,0.5946436908440518,0.8671934745109812,0.6852816317558857,0.9043946487807226
natural_artificial,artificial_to_cgreGFP,CNN_Jannis_OHE,44,iterative_random,1,96,4904,0.19736074596596911,0.4442530202102954,0.6681795167567426,0.8354051465545487,0.63874468211661,0.8609929978331823
natural_artificial,artificial_to_cgreGFP,CNN_Jannis_OHE,44,iterative_random,2,192,4904,0.11454565510518387,0.33844594118586185,0.8074156314905121,0.8503015871152523,0.6625753291438621,0.9036002511650475
natural_artificial,artificial_to_cgreGFP,CNN_Jannis_OHE,44,iterative_random,3,288,4904,0.1111437341340486,0.3333822642763838,0.8131352443500628,0.8591898779140447,0.6751544902578224,0.9080115076464965
natural_artificial,artificial_to_cgreGFP,CNN_Jannis_OHE,44,iterative_random,4,384,4904,0.10304004091458539,0.32099850609400876,0.826759895934026,0.8535537268800346,0.6663075236078875,0.9101114384913579
natural_artificial,artificial_to_cgreGFP,CNN_Jannis_OHE,44,iterative_random,5,480,4904,0.10389991577422146,0.32233509857634407,0.8253141976516413,0.8505217387100092,0.6599189812259875,0.9087973410426171
natural_artificial,artificial_to_cgreGFP,CNN_Jannis_OHE,44,iterative_random,6,576,4904,0.09401057344932783,0.3066114372448096,0.8419410417241198,0.8590721925400002,0.6745502979696493,0.9194179303345776
natural_artificial,artificial_to_cgreGFP,CNN_Jannis_OHE,44,iterative_random,7,672,4904,0.09709536268952829,0.3116012880100599,0.8367546190067907,0.8366863481724396,0.6369381474823679,0.9171486583363433
natural_artificial,artificial_to_cgreGFP,CNN_Jannis_OHE,44,iterative_random,8,768,4904,0.09540647057534948,0.3088793786826008,0.8395941350145442,0.8504795351578693,0.6616594642710263,0.9180162266461859
natural_artificial,artificial_to_cgreGFP,CNN_Jannis_OHE,44,iterative_random,9,864,4904,0.08919337725265004,0.29865260295642837,0.8500401414819552,0.8637242795421242,0.68031548280388,0.9236940817683903
natural_artificial,artificial_to_cgreGFP,CNN_Jannis_OHE,44,iterative_random,10,960,4904,0.0860115176907206,0.2932772028145396,0.8553897674791819,0.8498753337592274,0.6578632489764694,0.927713134003171
natural_artificial,artificial_to_cgreGFP,CNN_Jannis_OHE,45,source_only,0,0,4904,1.9324917200908536,1.390140899366267,-2.2490773850981993,0.8320537340177021,0.6509702670373033,0.8322991950678594
natural_artificial,artificial_to_cgreGFP,CNN_Jannis_OHE,45,oneshot_fancy,1,960,4904,0.19550932914418537,0.4421643689219942,0.6712922837939876,0.7674457223348032,0.5541796761060955,0.8406181305159557
natural_artificial,artificial_to_cgreGFP,CNN_Jannis_OHE,45,oneshot_random,1,960,4904,0.10282223257183352,0.3206590597064638,0.8271260947401391,0.8551580941803308,0.6691572705663346,0.9170592556340169
natural_artificial,artificial_to_cgreGFP,CNN_Jannis_OHE,45,iterative_fancy,1,96,4904,0.3658222128511963,0.6048323840959545,0.3849470782283496,0.7070765185609766,0.5039574644965821,0.7697025061165296
natural_artificial,artificial_to_cgreGFP,CNN_Jannis_OHE,45,iterative_fancy,2,192,4904,0.26898782684519024,0.5186403636868135,0.547753681951957,0.838270287549199,0.6418707988835678,0.8821322830604779
natural_artificial,artificial_to_cgreGFP,CNN_Jannis_OHE,45,iterative_fancy,3,288,4904,0.19189362587105308,0.43805664687464,0.6773713265209637,0.8113187151179347,0.5998917789574227,0.8857870621019868
natural_artificial,artificial_to_cgreGFP,CNN_Jannis_OHE,45,iterative_fancy,4,384,4904,0.22296816729454647,0.4721950521707597,0.6251260368042124,0.8355786990383167,0.6347157289132304,0.8896347834189218
natural_artificial,artificial_to_cgreGFP,CNN_Jannis_OHE,45,iterative_fancy,5,480,4904,0.13332199192553235,0.36513284147763586,0.7758471798879807,0.8038651723408234,0.5872714318240888,0.9031855463475805
natural_artificial,artificial_to_cgreGFP,CNN_Jannis_OHE,45,iterative_fancy,6,576,4904,0.19605919418846438,0.4427857203981,0.6703678016543493,0.770021522407657,0.5477740110787481,0.8876083439627952
natural_artificial,artificial_to_cgreGFP,CNN_Jannis_OHE,45,iterative_fancy,7,672,4904,0.253407848170789,0.5033963132272514,0.5739481312450848,0.8553739301559565,0.6686453389351908,0.8856156293970314
natural_artificial,artificial_to_cgreGFP,CNN_Jannis_OHE,45,iterative_fancy,8,768,4904,0.2218162984295736,0.4709737767960904,0.6270626614432075,0.8455840959807349,0.651314817055666,0.8918642727972789
natural_artificial,artificial_to_cgreGFP,CNN_Jannis_OHE,45,iterative_fancy,9,864,4904,0.19509366899452824,0.4416940898342746,0.6719911286987792,0.8602126369179071,0.6734730488955168,0.9091469598164528
natural_artificial,artificial_to_cgreGFP,CNN_Jannis_OHE,45,iterative_fancy,10,960,4904,0.14855206859561615,0.38542453035012725,0.7502410170425562,0.8684658462843114,0.6879021226611564,0.9050505267295852
natural_artificial,artificial_to_cgreGFP,CNN_Jannis_OHE,45,iterative_random,1,96,4904,0.19451372262087083,0.4410370989167134,0.6729661862514871,0.8213046697950575,0.6162975452002817,0.8753326237358718
natural_artificial,artificial_to_cgreGFP,CNN_Jannis_OHE,45,iterative_random,2,192,4904,0.1312738588525585,0.36231734550330114,0.7792906838263873,0.8419010215720792,0.6483416595379554,0.8945768780448309
natural_artificial,artificial_to_cgreGFP,CNN_Jannis_OHE,45,iterative_random,3,288,4904,0.1110982377138209,0.3333140226780459,0.8132117369883122,0.851693231936177,0.6634319795161756,0.9099185888326161
natural_artificial,artificial_to_cgreGFP,CNN_Jannis_OHE,45,iterative_random,4,384,4904,0.10432732022206635,0.32299739971409425,0.8245956071855884,0.843794349822779,0.6506985735249363,0.9117863098255198
natural_artificial,artificial_to_cgreGFP,CNN_Jannis_OHE,45,iterative_random,5,480,4904,0.11878676123699472,0.3446545534836218,0.8002851057152089,0.8078889040365308,0.5971422470539185,0.902587186856233
natural_artificial,artificial_to_cgreGFP,CNN_Jannis_OHE,45,iterative_random,6,576,4904,0.12158359319250003,0.3486883898160362,0.7955828224598245,0.8406267219877768,0.6477431639560067,0.9034171267850188
natural_artificial,artificial_to_cgreGFP,CNN_Jannis_OHE,45,iterative_random,7,672,4904,0.1030523950602194,0.32101774882429696,0.8267391250428628,0.8469236764640059,0.6565590714812195,0.9142893798373728
natural_artificial,artificial_to_cgreGFP,CNN_Jannis_OHE,45,iterative_random,8,768,4904,0.12402097155093157,0.35216611357558464,0.7914848846415267,0.8219781368115775,0.6158937607467645,0.9075108361086492
natural_artificial,artificial_to_cgreGFP,CNN_Jannis_OHE,45,iterative_random,9,864,4904,0.09938045357344609,0.3152466551344298,0.8329127204689369,0.8476913045974447,0.6577074445397666,0.9170553745930834
natural_artificial,artificial_to_cgreGFP,CNN_Jannis_OHE,45,iterative_random,10,960,4904,0.09725605688190465,0.3118590336705106,0.8364844456027141,0.856653951598687,0.6715159141445527,0.9201381669668172
natural_artificial,artificial_to_cgreGFP,CNN_Jannis_OHE,46,source_only,0,0,4904,2.0183207438844204,1.4206761572872335,-2.3933807926075588,0.8260735529040866,0.6434387227779058,0.832642153054669
natural_artificial,artificial_to_cgreGFP,CNN_Jannis_OHE,46,oneshot_fancy,1,960,4904,0.309674683022031,0.5564842163278586,0.4793473116164083,0.8246705153315003,0.6285689762222674,0.8225926796354756
natural_artificial,artificial_to_cgreGFP,CNN_Jannis_OHE,46,oneshot_random,1,960,4904,0.10781588091076395,0.328353286736655,0.8187303279078811,0.7937741862445512,0.5783707846505665,0.9073500414954971
natural_artificial,artificial_to_cgreGFP,CNN_Jannis_OHE,46,iterative_fancy,1,96,4904,0.5289767752110355,0.7273078957436359,0.1106370807635092,0.7735121471058103,0.5642412422376898,0.6960153320858701
natural_artificial,artificial_to_cgreGFP,CNN_Jannis_OHE,46,iterative_fancy,2,192,4904,0.15302420732944358,0.39118308671189195,0.7427220586573593,0.8266170218747311,0.6228933514314399,0.8762359526540568
natural_artificial,artificial_to_cgreGFP,CNN_Jannis_OHE,46,iterative_fancy,3,288,4904,0.17238023049240336,0.41518698256617265,0.7101789866894996,0.814049924048692,0.6076145708847972,0.8807993053601889
natural_artificial,artificial_to_cgreGFP,CNN_Jannis_OHE,46,iterative_fancy,4,384,4904,0.192038860250058,0.4382223867513594,0.6771271455335587,0.8072653035590176,0.5951211651117828,0.883170238823088
natural_artificial,artificial_to_cgreGFP,CNN_Jannis_OHE,46,iterative_fancy,5,480,4904,0.14722716161778596,0.38370191766237755,0.752468568785352,0.7616917080583591,0.53263455529772,0.8846699057557097
natural_artificial,artificial_to_cgreGFP,CNN_Jannis_OHE,46,iterative_fancy,6,576,4904,0.16370254801848844,0.4046017152935569,0.7247686801862121,0.825462906512298,0.619478779787519,0.8926039042121057
natural_artificial,artificial_to_cgreGFP,CNN_Jannis_OHE,46,iterative_fancy,7,672,4904,0.11615961385477644,0.34082196797562275,0.8047021001365273,0.7775430409175594,0.5525973287570654,0.9026738792677003
natural_artificial,artificial_to_cgreGFP,CNN_Jannis_OHE,46,iterative_fancy,8,768,4904,0.09582382029415518,0.30955422835773894,0.8388924494554542,0.8187090871472883,0.6090779378159227,0.916179687986487
natural_artificial,artificial_to_cgreGFP,CNN_Jannis_OHE,46,iterative_fancy,9,864,4904,0.0940936881576448,0.3067469448220223,0.8418013018658042,0.8493486025384437,0.6559718160856571,0.9212616054505114
natural_artificial,artificial_to_cgreGFP,CNN_Jannis_OHE,46,iterative_fancy,10,960,4904,0.09325510805079058,0.3053769933226643,0.8432111975111242,0.8611955366849359,0.6759114781961261,0.923052159532928
natural_artificial,artificial_to_cgreGFP,CNN_Jannis_OHE,46,iterative_random,1,96,4904,0.1512052528191378,0.3888511962423901,0.7457802471621355,0.848051125017902,0.6608642110341412,0.8745343612489611
natural_artificial,artificial_to_cgreGFP,CNN_Jannis_OHE,46,iterative_random,2,192,4904,0.1280801179873316,0.35788282717578335,0.7846602857300813,0.8328124206645549,0.634975517478879,0.8929767169791902
natural_artificial,artificial_to_cgreGFP,CNN_Jannis_OHE,46,iterative_random,3,288,4904,0.12160756745255727,0.34872276589370715,0.7955425147962176,0.8427176236332106,0.6492732915401036,0.8960614189656869
natural_artificial,artificial_to_cgreGFP,CNN_Jannis_OHE,46,iterative_random,4,384,4904,0.10247042271641058,0.32011001658244087,0.8277175888372293,0.8603349660187725,0.6766484333102548,0.9120314338164777
natural_artificial,artificial_to_cgreGFP,CNN_Jannis_OHE,46,iterative_random,5,480,4904,0.1401578446550832,0.37437660805008,0.7643541347791503,0.8326217053530545,0.6321672115697456,0.8894588789433764
natural_artificial,artificial_to_cgreGFP,CNN_Jannis_OHE,46,iterative_random,6,576,4904,0.12171339722316481,0.34887447201416844,0.7953645843498534,0.8582497259864786,0.674749330083751,0.9013661033602893
natural_artificial,artificial_to_cgreGFP,CNN_Jannis_OHE,46,iterative_random,7,672,4904,0.13168279451638853,0.3628812402376135,0.7786031447267383,0.8347808332566323,0.637252981273922,0.8962647276160283
natural_artificial,artificial_to_cgreGFP,CNN_Jannis_OHE,46,iterative_random,8,768,4904,0.13938843441671292,0.3733476053448219,0.7656477358742351,0.8390527109945626,0.6439302328471722,0.8812341437016555
natural_artificial,artificial_to_cgreGFP,CNN_Jannis_OHE,46,iterative_random,9,864,4904,0.09588375262800598,0.3096510174825944,0.8387916858720834,0.8586337186571981,0.6727424595076742,0.9175991145130812
natural_artificial,artificial_to_cgreGFP,CNN_Jannis_OHE,46,iterative_random,10,960,4904,0.09187418358356435,0.3031075445837077,0.8455329308517372,0.8530442270747226,0.6637465513700747,0.922534538194562
