domain,pair,model,arm,round,n_target,n_test,n_seeds,mse_n,mse_mean,mse_sd,rmse_n,rmse_mean,rmse_sd,r2_n,r2_mean,r2_sd,pearson_n,pearson_mean,pearson_sd,spearman_n,spearman_mean,spearman_sd,kendall_tau_n,kendall_tau_mean,kendall_tau_sd
natural_artificial,artificial_to_cgreGFP,CNN_Jannis_OHE,iterative_fancy,1,96,4904,5,5,0.44381275367181877,0.07898281375237058,5,0.6640179742010484,0.060134054513174856,5,0.25382242718976744,0.1327929487647096,5,0.7816370399373909,0.05543687774031498,5,0.7270456422820352,0.0380907026158626,5,0.5135661453344368,0.03979301092807527
natural_artificial,artificial_to_cgreGFP,CNN_Jannis_OHE,iterative_fancy,2,192,4904,5,5,0.24096514670119062,0.05827702555518041,5,0.48776091624124424,0.061790323764046313,5,0.5948679103748498,0.09798053147323423,5,0.8738469308503998,0.006470099190058197,5,0.8309296734385834,0.015961497793835364,5,0.6320453605035369,0.024607950377557756
natural_artificial,artificial_to_cgreGFP,CNN_Jannis_OHE,iterative_fancy,3,288,4904,5,5,0.2250158267247951,0.061874064852570874,5,0.4711338933021721,0.06173209565060747,5,0.6216833291961865,0.10402819466007132,5,0.8847442081556176,0.010129966252944286,5,0.829298727834049,0.017948863879790163,5,0.6285042121338806,0.027533155221533264
natural_artificial,artificial_to_cgreGFP,CNN_Jannis_OHE,iterative_fancy,4,384,4904,5,5,0.21937087967207244,0.053040759192650215,5,0.46588292935397446,0.053897771389827286,5,0.6311741174973211,0.08917685358733501,5,0.8919838584338823,0.0074956863218717746,5,0.8288973129834893,0.0178828197111582,5,0.6263088972119931,0.02729926628132495
natural_artificial,artificial_to_cgreGFP,CNN_Jannis_OHE,iterative_fancy,5,480,4904,5,5,0.18886627354493063,0.06351937809989067,5,0.4300720369808616,0.06985982887238425,5,0.6824611811771412,0.1067944419912723,5,0.8957912559914574,0.008264999683428502,5,0.8179144358553578,0.03738123671904638,5,0.6105551590116157,0.05352315449171688
natural_artificial,artificial_to_cgreGFP,CNN_Jannis_OHE,iterative_fancy,6,576,4904,5,5,0.21351553288687342,0.04424980968527054,5,0.46016617165158236,0.0469391541572684,5,0.6410186485884056,0.07439672545481983,5,0.8918045365656914,0.008127560064375488,5,0.8215132995679972,0.033073085176464234,5,0.6169525645126599,0.0467708530278315
natural_artificial,artificial_to_cgreGFP,CNN_Jannis_OHE,iterative_fancy,7,672,4904,5,5,0.2120642706221842,0.056042899274286524,5,0.45659687776977365,0.06692871051610282,5,0.6434586401055886,0.09422431917010235,5,0.8899959721524826,0.01305991737450219,5,0.8283214153019932,0.03125875684854433,5,0.6269904128629411,0.047009267124582546
natural_artificial,artificial_to_cgreGFP,CNN_Jannis_OHE,iterative_fancy,8,768,4904,5,5,0.20067828736025647,0.07893079039102924,5,0.44043649682350594,0.09147390082760186,5,0.6626017703652602,0.13270548245110333,5,0.8968008428571672,0.01740532509830867,5,0.847256191380418,0.019404476136275432,5,0.654755833889276,0.031464220918955475
natural_artificial,artificial_to_cgreGFP,CNN_Jannis_OHE,iterative_fancy,9,864,4904,5,5,0.17075091685949798,0.048346345367160176,5,0.4093458353590259,0.06311600365318638,5,0.7129183340423858,0.08128418649949112,5,0.9098355235848936,0.007845413616751073,5,0.8526745909930474,0.02738658501567951,5,0.6627497373936103,0.04194854494909888
natural_artificial,artificial_to_cgreGFP,CNN_Jannis_OHE,iterative_fancy,10,960,4904,5,5,0.1853895549470152,0.0751307278903753,5,0.4231425560330064,0.08902199321564645,5,0.6883065504759582,0.12631647855293718,5,0.9050191428784171,0.012055569644774961,5,0.8661561729032506,0.004352900124860949,5,0.6844108298188705,0.006616624473901183
natural_artificial,artificial_to_cgreGFP,CNN_Jannis_OHE,iterative_random,1,96,4904,5,5,0.20151666273890684,0.03618206787543038,5,0.4474304796162616,0.040660617452102955,5,0.6611922189272504,0.06083251858622299,5,0.8620821272758541,0.01596280198156579,5,0.8335086890379312,0.010066227801517398,5,0.6374873371268839,0.016309971714701464
natural_artificial,artificial_to_cgreGFP,CNN_Jannis_OHE,iterative_random,2,192,4904,5,5,0.12255857623068431,0.007255989691826151,5,0.34996096175627944,0.010362279991887232,5,0.793943594044362,0.012199416830158329,5,0.8976707159732475,0.004162281467332349,5,0.8425092907629598,0.01227462903852781,5,0.6501799457132679,0.01839545044594537
natural_artificial,artificial_to_cgreGFP,CNN_Jannis_OHE,iterative_random,3,288,4904,5,5,0.12562477677606565,0.020257605271437253,5,0.35357897917898085,0.02753820661407289,5,0.7887884242981723,0.034058892195708075,5,0.8980114623468223,0.011362843403862639,5,0.8419003165376727,0.014010213590435918,5,0.649395432724327,0.02035390973209208
natural_artificial,artificial_to_cgreGFP,CNN_Jannis_OHE,iterative_random,4,384,4904,5,5,0.11222973095540725,0.018692761179154978,5,0.3341630425480939,0.02657047116650424,5,0.8113093696640906,0.03142793678276595,5,0.9058090780844769,0.010316712192929643,5,0.8445623790319615,0.016120862241253153,5,0.6531483849607226,0.02316152506361749
natural_artificial,artificial_to_cgreGFP,CNN_Jannis_OHE,iterative_random,5,480,4904,5,5,0.11111503889742273,0.018777628631103892,5,0.3324268528745561,0.02755508994135543,5,0.8131834893404097,0.03157062350995416,5,0.9065204449973457,0.011227354320159942,5,0.839400659448515,0.019714560574223397,5,0.6440947510255688,0.029860179108528614
natural_artificial,artificial_to_cgreGFP,CNN_Jannis_OHE,iterative_random,6,576,4904,5,5,0.10786626814819575,0.013090534207021701,5,0.32794906621988407,0.01986448192446347,5,0.818645612391672,0.022008973290136003,5,0.9109898194251903,0.008082293771904909,5,0.8496693757448097,0.008592695145370291,5,0.6601924540696489,0.01333790107824667
natural_artificial,artificial_to_cgreGFP,CNN_Jannis_OHE,iterative_random,7,672,4904,5,5,0.10453715925688933,0.015500714002547723,5,0.32266494977443416,0.023035012588209714,5,0.8242428070905268,0.026061182459392426,5,0.9124280434965595,0.009128811552137473,5,0.8421290484374742,0.008577159689919742,5,0.6484535065731742,0.014353087255356944
natural_artificial,artificial_to_cgreGFP,CNN_Jannis_OHE,iterative_random,8,768,4904,5,5,0.11149145662917101,0.019526729800587343,5,0.33291142998988665,0.02875405213312989,5,0.8125506222875482,0.03283007918762452,5,0.9082256099697059,0.01588145215634176,5,0.8442831802630355,0.01511756335648482,5,0.6516770255783407,0.02335344682007006
natural_artificial,artificial_to_cgreGFP,CNN_Jannis_OHE,iterative_random,9,864,4904,5,5,0.09511887801707404,0.005774091645178146,5,0.3082995904332192,0.009370202491363055,5,0.8400776612659122,0.00970791770479139,5,0.9196701684161136,0.0036102783904650737,5,0.8563378946370488,0.005848006302517713,5,0.6698574260034742,0.008216820301671654
natural_artificial,artificial_to_cgreGFP,CNN_Jannis_OHE,iterative_random,10,960,4904,5,5,0.09423813944325132,0.006557716036408536,5,0.3068344813901615,0.010650145144666136,5,0.8415584374848428,0.011025416901030276,5,0.919766243578706,0.006780545648379425,5,0.849679942819804,0.01508400387343728,5,0.6589344928218154,0.02427728480565479
natural_artificial,artificial_to_cgreGFP,CNN_Jannis_OHE,oneshot_fancy,1,960,4904,5,5,0.29029666749946537,0.054746789274697664,5,0.5366084986128825,0.05417548702934591,5,0.5119273591001253,0.0920451834747288,5,0.8346330129240703,0.0070460024257018965,5,0.817565093062252,0.03141894436926857,5,0.6178401593578567,0.04113933179451709
natural_artificial,artificial_to_cgreGFP,CNN_Jannis_OHE,oneshot_random,1,960,4904,5,5,0.10066816077158228,0.005962546869365804,5,0.3171707373919749,0.009413030450733027,5,0.8307477123125782,0.01002476543078473,5,0.9148606551105196,0.005250604663380749,5,0.8405635123455932,0.026318624472509284,5,0.648415162686922,0.039489144745250775
natural_artificial,artificial_to_cgreGFP,CNN_Jannis_OHE,source_only,0,0,4904,5,5,2.019487630636699,0.059092663552344736,5,1.4209643986375917,0.02085091248622669,5,-2.395342666657721,0.09935185479817395,5,0.8275927012519307,0.008807483344812751,5,0.8296569308349255,0.005765357828699478,5,0.6471151661084376,0.006644807399423842
natural_artificial,artificial_to_cgreGFP,aubin_1_10_1,iterative_fancy,1,96,4904,5,5,0.8555095175991043,0.15759205380176872,5,0.9213568527913075,0.09090563385732248,5,-0.4383588801285215,0.2649578121113156,5,-0.0021108961423709494,0.2707765793244551,5,-0.34163498392914404,0.6156223291245415,5,-0.2804427490567747,0.46369530482122023
natural_artificial,artificial_to_cgreGFP,aubin_1_10_1,iterative_fancy,2,192,4904,5,5,0.5710454075317323,0.023096058737255985,5,0.7555511329448261,0.015325348182098764,5,0.03990754517265995,0.038831153245298324,5,0.35722803874036685,0.16927167848934008,5,0.22492251249512346,0.4783014420455465,5,0.13521563636623052,0.36916680883440606
natural_artificial,artificial_to_cgreGFP,aubin_1_10_1,iterative_fancy,3,288,4904,5,5,0.46297259853587275,0.11846605667668784,5,0.6757526587170599,0.08895885827657588,5,0.22160918766972387,0.19917569718326775,5,0.6356020309982912,0.12286929395423761,5,0.778339014068622,0.10840884556309216,5,0.5822870889005431,0.12096625833978954
natural_artificial,artificial_to_cgreGFP,aubin_1_10_1,iterative_fancy,4,384,4904,5,5,0.4824457812427254,0.11622119998085945,5,0.6898566211129403,0.0904407509737899,5,0.1888691366304648,0.1954014439498001,5,0.6686055267552303,0.1710835394029967,5,0.8316477699360826,0.02524597520331531,5,0.6394816338988231,0.0368067785560929
natural_artificial,artificial_to_cgreGFP,aubin_1_10_1,iterative_fancy,5,480,4904,5,5,0.444677143546508,0.07292387992802629,5,0.6651459827092859,0.05312679681910069,5,0.25236913786150666,0.12260612899113878,5,0.7641067037675296,0.04123879000378338,5,0.8530143226311644,0.005472433679297765,5,0.6694859605777139,0.007013626316487189
natural_artificial,artificial_to_cgreGFP,aubin_1_10_1,iterative_fancy,6,576,4904,5,5,0.37055823620426376,0.055522227744275225,5,0.6074360458566289,0.044436561499615584,5,0.3769844534927439,0.09334891976960986,5,0.7937172971493228,0.02008515618573446,5,0.8584939136303309,0.0015700610931854587,5,0.6774077920756897,0.0021149129891983986
natural_artificial,artificial_to_cgreGFP,aubin_1_10_1,iterative_fancy,7,672,4904,5,5,0.3364130887982146,0.07105827734156606,5,0.5776482841064572,0.058475942351109915,5,0.4343923197694613,0.11946951158148494,5,0.7747438089420159,0.08099128391854654,5,0.8461550549342751,0.022996929038937946,5,0.6624550838667794,0.0285743327722771
natural_artificial,artificial_to_cgreGFP,aubin_1_10_1,iterative_fancy,8,768,4904,5,5,0.2827305932043232,0.019683439415446792,5,0.531455336986982,0.018901653114759283,5,0.5246481178132149,0.03309355336470576,5,0.7996484567069444,0.03647130606216546,5,0.8544584894846177,0.006817753208528204,5,0.6711239536921138,0.009885258213383978
natural_artificial,artificial_to_cgreGFP,aubin_1_10_1,iterative_fancy,9,864,4904,5,5,0.28830673868821277,0.014788196038459399,5,0.5368023279079859,0.013693038412820682,5,0.5152730048441041,0.024863233728472798,5,0.8091310733443933,0.020480064711848045,5,0.8601206455606066,0.005713584487796477,5,0.6796467134854737,0.008692035849122225
natural_artificial,artificial_to_cgreGFP,aubin_1_10_1,iterative_fancy,10,960,4904,5,5,0.34071152454423376,0.0888066602086457,5,0.5801874331265724,0.07153728910708741,5,0.42716540633511446,0.14930967534310863,5,0.7305697443117826,0.1001091240968465,5,0.8486428849979013,0.017935456846306336,5,0.6648105567428884,0.02275868209267328
natural_artificial,artificial_to_cgreGFP,aubin_1_10_1,iterative_random,1,96,4904,5,5,0.688658162155558,0.18771437284943596,5,0.822307905988449,0.12483924615505491,5,-0.1578335045170176,0.3156021406675524,5,0.7635844101584335,0.04479807423334065,5,0.746532387173701,0.10484942345426607,5,0.5354477533963392,0.1216673886203622
natural_artificial,artificial_to_cgreGFP,aubin_1_10_1,iterative_random,2,192,4904,5,5,0.6758814541867625,0.07525079468549586,5,0.8210688473085556,0.0464677598739496,5,-0.13635216388003638,0.12651834555431765,5,0.6823971002860825,0.03617202239678201,5,0.7138485611039492,0.07588293751708525,5,0.4934163253633789,0.09187243043391766
natural_artificial,artificial_to_cgreGFP,aubin_1_10_1,iterative_random,3,288,4904,5,5,0.5197970836350312,0.12475612892447493,5,0.7161485880640411,0.09306102466198952,5,0.12607079672290775,0.2097511274831491,5,0.7115190660543117,0.046181238896522536,5,0.7626629284713682,0.07615641858030811,5,0.551431557831819,0.09248132549051592
natural_artificial,artificial_to_cgreGFP,aubin_1_10_1,iterative_random,4,384,4904,5,5,0.44265915413918233,0.06291051457589297,5,0.6639649180102658,0.047562351061572083,5,0.25576196158154896,0.10577076634709454,5,0.7043097543371151,0.05349996213990218,5,0.7818445631764235,0.13334503076053783,5,0.5891984897379363,0.13632366096424514
natural_artificial,artificial_to_cgreGFP,aubin_1_10_1,iterative_random,5,480,4904,5,5,0.31277260855874733,0.08615058148820055,5,0.5555262301533599,0.07213889528492592,5,0.47413880298611505,0.1448440389763804,5,0.7758993173680901,0.041367811516745116,5,0.8444007713564039,0.01207579126627686,5,0.6567053603421512,0.01788091234587308
natural_artificial,artificial_to_cgreGFP,aubin_1_10_1,iterative_random,6,576,4904,5,5,0.3309071938299667,0.051350176258551726,5,0.5737777926922818,0.04591076185301814,5,0.44364932130798207,0.08633449482237529,5,0.7619265898742369,0.038102177384135946,5,0.8555865870686322,0.002481624864530517,5,0.6731505891738732,0.003511572424280805
natural_artificial,artificial_to_cgreGFP,aubin_1_10_1,iterative_random,7,672,4904,5,5,0.28275159352982904,0.044346243499183445,5,0.530445038596387,0.04152792070262232,5,0.5246128101935386,0.07455885858102462,5,0.7893421279849321,0.03941139896457725,5,0.8501085095667931,0.006261847832194007,5,0.6655562792658178,0.009211687904493341
natural_artificial,artificial_to_cgreGFP,aubin_1_10_1,iterative_random,8,768,4904,5,5,0.30746762913822356,0.05529208637861111,5,0.552776049539802,0.0488142934164001,5,0.4830580073917231,0.09296198558573678,5,0.7757536915670291,0.04298270908682844,5,0.8555422489992285,0.0017608590974238897,5,0.6734387115508842,0.0030657379844101747
natural_artificial,artificial_to_cgreGFP,aubin_1_10_1,iterative_random,9,864,4904,5,5,0.31049151707258227,0.028456167600432188,5,0.5567743735125423,0.024844870504250043,5,0.4779739773798717,0.047843046185357826,5,0.7645140056247784,0.02159204321807336,5,0.8524764114521712,0.0022695456376232432,5,0.6691796687600262,0.00496495600302938
natural_artificial,artificial_to_cgreGFP,aubin_1_10_1,iterative_random,10,960,4904,5,5,0.2713939623143862,0.008339143145443836,5,0.5209054548454384,0.008021021338730283,5,0.543708272464728,0.014020510992763477,5,0.8033720202056568,0.009075346443582093,5,0.8583451566065975,0.003536535608795638,5,0.6782444805691193,0.003725708869087265
natural_artificial,artificial_to_cgreGFP,aubin_1_10_1,oneshot_fancy,1,960,4904,5,5,0.5070286539753844,0.02121728433709789,5,0.711934618528178,0.014906077473731398,5,0.1475382191284355,0.03567239020802744,5,0.463884451738927,0.15565367350840192,5,0.830500217756468,0.013035532117048164,5,0.6408240808846287,0.015481288669185555
natural_artificial,artificial_to_cgreGFP,aubin_1_10_1,oneshot_random,1,960,4904,5,5,0.288419292767724,0.029035229343339904,5,0.5364985130557951,0.02712559346458855,5,0.5150837688900565,0.04881661641797363,5,0.7861042479361913,0.030043404102796118,5,0.8568558210797486,0.00200008221287326,5,0.674989177023409,0.0025801688625280176
natural_artificial,artificial_to_cgreGFP,aubin_1_10_1,source_only,0,0,4904,5,5,1.6811385138820047,0.14873034179260414,5,1.29552480159421,0.058672846533636566,5,-1.8264799636061677,0.2500587117514567,5,0.8658181076154857,0.02694331286776722,5,0.8408047202822985,0.014152245701923458,5,0.6535938478080967,0.017897158519620527
natural_artificial,artificial_to_cgreGFP,aubin_linear,iterative_fancy,1,96,4904,5,5,0.5222445633602393,0.10404318954218501,5,0.7200853101446482,0.06820657477586936,5,0.12195587558612489,0.17492668698166847,5,0.7255543869317214,0.0017837228860165123,5,0.7898925554006958,0.00220523765462097,5,0.5964499905307175,0.003008155133708801
natural_artificial,artificial_to_cgreGFP,aubin_linear,iterative_fancy,2,192,4904,5,5,0.3772325988645881,0.05529340394055828,5,0.6128989964503486,0.04454518793797638,5,0.36576291988711274,0.09296420078835908,5,0.725040291501547,0.001991043081355546,5,0.7897958863297712,0.003038629719463916,5,0.595318900249864,0.002839890602977455
natural_artificial,artificial_to_cgreGFP,aubin_linear,iterative_fancy,3,288,4904,5,5,0.32563421704068746,0.01656146329404558,5,0.5704992914160415,0.014351634683982413,5,0.45251472003651577,0.02784460874703653,5,0.7248025667865216,0.0007778033678425489,5,0.7897785096787462,0.0021288762861715774,5,0.5954034224521016,0.0024833090047202285
natural_artificial,artificial_to_cgreGFP,aubin_linear,iterative_fancy,4,384,4904,5,5,0.3260602666628711,0.02323728997238332,5,0.5707261879841047,0.020368020645225693,5,0.4517984074241639,0.03906860379028699,5,0.7240850704283701,0.0010243423953349947,5,0.7887655223283649,0.0032873082719693768,5,0.5943722330549653,0.003332540516636612
natural_artificial,artificial_to_cgreGFP,aubin_linear,iterative_fancy,5,480,4904,5,5,0.3155333157622531,0.014716213994995703,5,0.561599895124675,0.013175429699208489,5,0.469497255884756,0.024742211098921645,5,0.7247675860808866,0.0009522868425124525,5,0.7899694618023493,0.0028447055789251685,5,0.5957790550458759,0.002883179660376562
natural_artificial,artificial_to_cgreGFP,aubin_linear,iterative_fancy,6,576,4904,5,5,0.31012391748132506,0.008187873407742463,5,0.5568492263358862,0.007319205084073866,5,0.4785920185886945,0.013766182822192023,5,0.7248397215620719,0.0009545445237909682,5,0.7911183697009536,0.0011654494030551323,5,0.5969636845972274,0.0009514500906025222
natural_artificial,artificial_to_cgreGFP,aubin_linear,iterative_fancy,7,672,4904,5,5,0.31639072546365404,0.015148824477767966,5,0.5623602327008502,0.01330855647223039,5,0.4680557022461952,0.025469554415076076,5,0.7249150541317304,0.0012692700616649655,5,0.7906654634975979,0.0022095941568852275,5,0.5964901991626237,0.0017961461892353609
natural_artificial,artificial_to_cgreGFP,aubin_linear,iterative_fancy,8,768,4904,5,5,0.3283551949680588,0.031437794458332835,5,0.5725198368350858,0.02683820500670286,5,0.44793996933654484,0.05285602310737589,5,0.7242971736657235,0.0015240101056257906,5,0.7896235873109461,0.0034774777150821056,5,0.5954271176341227,0.004070159367472102
natural_artificial,artificial_to_cgreGFP,aubin_linear,iterative_fancy,9,864,4904,5,5,0.3341855489802493,0.008373790352175604,5,0.578051835684521,0.007213203345677576,5,0.43813745832385365,0.014078762965943306,5,0.7247744736139127,0.0009945571005503622,5,0.7895883113045056,0.001562241450083638,5,0.5951352051264671,0.0022637321073900093
natural_artificial,artificial_to_cgreGFP,aubin_linear,iterative_fancy,10,960,4904,5,5,0.33486261092547087,0.023475137220033783,5,0.5783898753518042,0.020241140530958174,5,0.43699912141319075,0.039468493790029216,5,0.7238327599307812,0.0009131889554314628,5,0.7892239635628713,0.0035310718523635706,5,0.5949366024138956,0.003935463405055927
natural_artificial,artificial_to_cgreGFP,aubin_linear,iterative_random,1,96,4904,5,5,0.40423387575305014,0.03248375857625347,5,0.6353928801403035,0.025242910392323924,5,0.3203659656880272,0.054614591242922825,5,0.7294755435258635,0.0026954672545289097,5,0.7956852191924805,0.004302011750053507,5,0.6020386496169069,0.004435009834897315
natural_artificial,artificial_to_cgreGFP,aubin_linear,iterative_random,2,192,4904,5,5,0.3123545957866648,0.020846956544830195,5,0.5586459630974719,0.018346787919242304,5,0.47484160332949343,0.03504976210441321,5,0.7281444693122985,0.00248013272535095,5,0.7934026831071108,0.003979844400312505,5,0.599593108818965,0.003453776532508022
natural_artificial,artificial_to_cgreGFP,aubin_linear,iterative_random,3,288,4904,5,5,0.31238061044086257,0.013879432751596687,5,0.5587999117477942,0.0124131518721082,5,0.4747978651733315,0.023335339863233124,5,0.7264055726791085,0.0027867311192642788,5,0.7899337680894377,0.004779642274290438,5,0.5954427807979024,0.004532522790012584
natural_artificial,artificial_to_cgreGFP,aubin_linear,iterative_random,4,384,4904,5,5,0.30210832548377464,0.01366768365080215,5,0.549533289053808,0.01232323544561404,5,0.492068546543076,0.02297932839495423,5,0.7272266188767765,0.0026932498714918687,5,0.7917286409748974,0.0043389592303018235,5,0.597307232640665,0.00477223206720019
natural_artificial,artificial_to_cgreGFP,aubin_linear,iterative_random,5,480,4904,5,5,0.297687501326772,0.012509712189554193,5,0.5455124604938532,0.011382924312006302,5,0.4995012302863926,0.02103244352698023,5,0.7297437475557617,0.0010478537827704464,5,0.7948588948666098,0.0022198195709416703,5,0.6003401982989576,0.0033574557284242437
natural_artificial,artificial_to_cgreGFP,aubin_linear,iterative_random,6,576,4904,5,5,0.2921848503197278,0.004431847243109297,5,0.5405287984826932,0.004103098003910968,5,0.5087527777880991,0.0074512167385220275,5,0.7312848583954791,0.0031127188053360765,5,0.797321515022589,0.005695536079561694,5,0.6030488978917955,0.005769056294140466
natural_artificial,artificial_to_cgreGFP,aubin_linear,iterative_random,7,672,4904,5,5,0.2986543524517827,0.005572357150883706,5,0.546473786207395,0.0050933093290403166,5,0.49787567396841714,0.009368743685885157,5,0.7295171822753985,0.003444619056083195,5,0.7938988878321621,0.004899042389525949,5,0.5990192336719399,0.004945695484555063
natural_artificial,artificial_to_cgreGFP,aubin_linear,iterative_random,8,768,4904,5,5,0.2936917588281434,0.0026907163952759284,5,0.5419288022711436,0.002482966247042749,5,0.5062192288444198,0.004523872314026245,5,0.7318138493314558,0.0026794845638456757,5,0.7971261545628989,0.00492077252734839,5,0.6024944543871024,0.005166640339636146
natural_artificial,artificial_to_cgreGFP,aubin_linear,iterative_random,9,864,4904,5,5,0.2895602617886138,0.002250729047888573,5,0.5381047860164798,0.0020919652161135107,5,0.5131654700407882,0.0037841263553432653,5,0.7331812093883737,0.0010622372525506169,5,0.798380555686847,0.001434790055733353,5,0.6039088563910362,0.0017319619643080058
natural_artificial,artificial_to_cgreGFP,aubin_linear,iterative_random,10,960,4904,5,5,0.2866979440116125,0.0034006094994600768,5,0.5354342994895284,0.0031731179009507095,5,0.5179778538981338,0.005717407896436599,5,0.7342761590422049,0.001966601850292282,5,0.8009009625482036,0.0034279091494031845,5,0.6065839858039053,0.0033920248874675474
natural_artificial,artificial_to_cgreGFP,aubin_linear,oneshot_fancy,1,960,4904,5,5,0.3400560731822653,0.02050023603518889,5,0.5829340307838844,0.01746385325173602,5,0.42826740960636434,0.034466824669228575,5,0.7276760411546894,0.002781915399871356,5,0.7927741221766104,0.002953100989544718,5,0.5985596041047969,0.0032209332419938933
natural_artificial,artificial_to_cgreGFP,aubin_linear,oneshot_random,1,960,4904,5,5,0.29642494238748573,0.008796550070476826,5,0.544400879099134,0.008110581327482129,5,0.5016239569476977,0.014789544298552854,5,0.7324816071550524,0.0031727072395263405,5,0.7973843180005415,0.0045013340738618,5,0.6027907664991269,0.005013847392882456
natural_artificial,artificial_to_cgreGFP,aubin_linear,source_only,0,0,4904,5,5,1.8950795422629785,0.07113265718759812,5,1.3764228235830542,0.025974819119453717,5,-2.1861766959805733,0.11959456561050742,5,0.735454768321547,0.0009140251404506189,5,0.8066069121483675,0.0019278239438691167,5,0.6147695543615102,0.00168664051604167
natural_artificial,artificial_to_cgreGFP,mlp_small,iterative_fancy,1,96,4904,5,5,0.28263535848769944,0.06304840037208917,5,0.529043698180635,0.0586101943250565,5,0.5248082349101428,0.10600259224186544,5,0.8143571578049338,0.058489264652651834,5,0.8293893235954292,0.04954847094980112,5,0.6478275456621121,0.052724401555908434
natural_artificial,artificial_to_cgreGFP,mlp_small,iterative_fancy,2,192,4904,5,5,0.22224678114203691,0.033473665311210134,5,0.47043758126030283,0.03419179872412503,5,0.6263388955242133,0.0562789107080292,5,0.8576973536043493,0.022787483843726843,5,0.8471645254068519,0.018330677440440736,5,0.6631173695235257,0.024418461157454864
natural_artificial,artificial_to_cgreGFP,mlp_small,iterative_fancy,3,288,4904,5,5,0.2356746377634409,0.0618867300897719,5,0.4823434976634113,0.061434803097141895,5,0.6037627857145973,0.10404948858611453,5,0.8641115962470861,0.01732796578660244,5,0.852273910702324,0.011909676039988059,5,0.6693490751106935,0.015643473705007276
natural_artificial,artificial_to_cgreGFP,mlp_small,iterative_fancy,4,384,4904,5,5,0.26359017461627465,0.07756125804604452,5,0.5091507249909041,0.07378781960384327,5,0.556828696145948,0.13040290256214987,5,0.8549384812950189,0.019099104451062367,5,0.8482713295570263,0.012014082976142471,5,0.66429389750465,0.014682095739931733
natural_artificial,artificial_to_cgreGFP,mlp_small,iterative_fancy,5,480,4904,5,5,0.21259778028989693,0.03255775010966641,5,0.4600315828184945,0.03479804411543016,5,0.6425616560833154,0.05473899240614723,5,0.8714003866552943,0.016889797219756045,5,0.8521892210791894,0.014414620388808875,5,0.6688733816506205,0.020369871272392197
natural_artificial,artificial_to_cgreGFP,mlp_small,iterative_fancy,6,576,4904,5,5,0.20556275099033963,0.03747209419856604,5,0.45183657909674346,0.041929356966388415,5,0.6543895746006689,0.06300142586230921,5,0.8681887455504688,0.02160788196602076,5,0.8550354989203999,0.01360790236283795,5,0.6726678572595258,0.018349797632490186
natural_artificial,artificial_to_cgreGFP,mlp_small,iterative_fancy,7,672,4904,5,5,0.1855559136539629,0.037551914677703815,5,0.4290526365913244,0.04286240613865104,5,0.6880268533849236,0.06313562716880801,5,0.88252726459702,0.00915732252337575,5,0.8605716105225136,0.008696001848927343,5,0.679759565230758,0.012832771434749559
natural_artificial,artificial_to_cgreGFP,mlp_small,iterative_fancy,8,768,4904,5,5,0.21142089382450827,0.051950166044964545,5,0.4571513312496628,0.055153809491834925,5,0.6445403425427548,0.08734325114772301,5,0.8709424736919912,0.010231233758635463,5,0.8554628611542151,0.00723138805235962,5,0.6730918224949737,0.009489953491689403
natural_artificial,artificial_to_cgreGFP,mlp_small,iterative_fancy,9,864,4904,5,5,0.16835405655638133,0.029054202212121138,5,0.40901013802183667,0.03648224828151874,5,0.7169481492934078,0.048848515296632054,5,0.8867456509729269,0.009491618848720275,5,0.864548926396583,0.004583730973053212,5,0.6853249869022998,0.006777586853978452
natural_artificial,artificial_to_cgreGFP,mlp_small,iterative_fancy,10,960,4904,5,5,0.16483979393658013,0.02750103642905263,5,0.40485813137052373,0.03408972352021607,5,0.7228566409493282,0.04623719449840426,5,0.8952979502186107,0.003739320069169569,5,0.8684511235683623,0.002277843473037205,5,0.6913610092076985,0.003576044502596582
natural_artificial,artificial_to_cgreGFP,mlp_small,iterative_random,1,96,4904,5,5,0.20019579891806946,0.03514574269241584,5,0.44604560613501754,0.039356005985655314,5,0.6634129729540129,0.059090156287469144,5,0.8649051617459836,0.015478337071636705,5,0.8536431997977528,0.015953733446174193,5,0.6712635554484896,0.021121984611085276
natural_artificial,artificial_to_cgreGFP,mlp_small,iterative_random,2,192,4904,5,5,0.18218607206098317,0.01198308917975002,5,0.42664884130362835,0.014001708612459859,5,0.6936925315336502,0.02014703796801272,5,0.8574040700800278,0.007441743602873663,5,0.8534955523252237,0.004468696291229379,5,0.671798781234995,0.006799871235030101
natural_artificial,artificial_to_cgreGFP,mlp_small,iterative_random,3,288,4904,5,5,0.16574340466406343,0.0042672050514292485,5,0.4070889035490691,0.005247531715017928,5,0.7213374100263309,0.007174405606003701,5,0.8719902603260874,0.009931280428615958,5,0.8599318942882939,0.004677483891194405,5,0.6799119068919385,0.00641142456350291
natural_artificial,artificial_to_cgreGFP,mlp_small,iterative_random,4,384,4904,5,5,0.14932252445057817,0.011806134695808556,5,0.3861801154173934,0.015306979894270193,5,0.7489456579636279,0.019849526311953008,5,0.881967585460578,0.013857151800205294,5,0.8621473025414066,0.00393745623413588,5,0.682680323644269,0.005946680086851447
natural_artificial,artificial_to_cgreGFP,mlp_small,iterative_random,5,480,4904,5,5,0.1514059384171802,0.01927868837196963,5,0.38848480913417244,0.024634617136404535,5,0.7454428366411301,0.032413049821904176,5,0.8810282885021987,0.011913041268986865,5,0.8631808662671847,0.009202441706447356,5,0.6841531334287326,0.013122720746106709
natural_artificial,artificial_to_cgreGFP,mlp_small,iterative_random,6,576,4904,5,5,0.15290241068177854,0.01530639634186512,5,0.39062937229194883,0.01972004641781339,5,0.7429268340410752,0.02573447828245586,5,0.8735953409425878,0.01492248044226341,5,0.8583025601393993,0.008185938771561763,5,0.677767132149329,0.011724220079512
natural_artificial,artificial_to_cgreGFP,mlp_small,iterative_random,7,672,4904,5,5,0.15154942402350138,0.014294794032081644,5,0.388959471765626,0.018026138913622067,5,0.7452015958462856,0.024033682282524657,5,0.8776269734076966,0.004137835153027337,5,0.8587083374563939,0.005995988578637042,5,0.6781837103654856,0.008989967685998565
natural_artificial,artificial_to_cgreGFP,mlp_small,iterative_random,8,768,4904,5,5,0.14813278012336972,0.005525833919529676,5,0.38482624207396665,0.007206206925156648,5,0.7509459622067942,0.00929052468121745,5,0.8770734320986783,0.011830404156732496,5,0.8585917105704823,0.009393708330608729,5,0.6783498826035688,0.013675201107713454
natural_artificial,artificial_to_cgreGFP,mlp_small,iterative_random,9,864,4904,5,5,0.12971072894332872,0.009543645383734183,5,0.3599650550814658,0.013033037996089862,5,0.7819187572019412,0.016045627551889194,5,0.8902078565637522,0.008534933782836138,5,0.8665344995577584,0.0020262306377325763,5,0.6893652597157437,0.002557073304122886
natural_artificial,artificial_to_cgreGFP,mlp_small,iterative_random,10,960,4904,5,5,0.1475431326665117,0.0138828427971458,5,0.38376962392064967,0.01816619189300683,5,0.7519373300855492,0.02334107313585756,5,0.8830188763375604,0.014318502715455216,5,0.8649766340963426,0.006546108152996113,5,0.688303456078831,0.008665815760556812
natural_artificial,artificial_to_cgreGFP,mlp_small,oneshot_fancy,1,960,4904,5,5,0.16000097410973596,0.023237286274885322,5,0.39919343850633177,0.028407146178987906,5,0.7309920962822105,0.03906859757372372,5,0.8765220755727878,0.015858714571247712,5,0.8596341965149407,0.008161740228796314,5,0.6804146147710232,0.009842599872335968
natural_artificial,artificial_to_cgreGFP,mlp_small,oneshot_random,1,960,4904,5,5,0.1465670607987528,0.005707206835118833,5,0.382782612181644,0.0074609491814005375,5,0.7535783891383749,0.009595464998520499,5,0.8806757272623642,0.004142403615324021,5,0.8602917858576374,0.003508747653367469,5,0.6805854155404952,0.005396274034496184
natural_artificial,artificial_to_cgreGFP,mlp_small,source_only,0,0,4904,5,5,2.6887193521965607,0.1740592955522841,5,1.6390565527072276,0.052594786149138456,5,-3.5205147071403857,0.2926440071983655,5,0.7674144249297193,0.02750664474001507,5,0.7962501901268442,0.017478731228905614,5,0.6098960587842049,0.016631114410962104
natural_artificial,cgreGFP_to_artificial,CNN_Jannis_OHE,iterative_fancy,1,96,5382,5,5,0.6568656116234005,0.09488602396615922,5,0.8088049132014747,0.05809716004844223,5,-0.42604975162982567,0.20599676481109713,5,0.40811479947793944,0.16581656028681724,5,0.40257956139546336,0.1968638779552105,5,0.280134353656185,0.1245458959222209
natural_artificial,cgreGFP_to_artificial,CNN_Jannis_OHE,iterative_fancy,2,192,5382,5,5,0.5762678098896276,0.05495887591935198,5,0.7583972936775351,0.037103821100701276,5,-0.25107259783987634,0.11931526018076943,5,0.5238252101804477,0.16533909155767595,5,0.5011022199061508,0.12071352657110436,5,0.3386012717424555,0.07557341480583189
natural_artificial,cgreGFP_to_artificial,CNN_Jannis_OHE,iterative_fancy,3,288,5382,5,5,0.5249625398340495,0.05627666727856986,5,0.72370527051492,0.03894260621376056,5,-0.1396892854462825,0.1221761742052807,5,0.6492436752286848,0.09572715980646723,5,0.6250041448877952,0.1052198631351143,5,0.4316430452157546,0.08261825573799661
natural_artificial,cgreGFP_to_artificial,CNN_Jannis_OHE,iterative_fancy,4,384,5382,5,5,0.42088450689353385,0.12476101215065413,5,0.6424760574972015,0.10067908444897183,5,0.08626325400563309,0.2708551144134637,5,0.6944112223287657,0.07186552164144784,5,0.6139187747864904,0.09447668536256813,5,0.4225301431159233,0.08016582918418759
natural_artificial,cgreGFP_to_artificial,CNN_Jannis_OHE,iterative_fancy,5,480,5382,5,5,0.442281031371643,0.14123078106543144,5,0.6579483242757125,0.10831109104349039,5,0.03981157823235067,0.3066108450449897,5,0.6876277981733729,0.0942328636144,5,0.6192452627744793,0.10819228674797586,5,0.4325240721887127,0.09326866863536695
natural_artificial,cgreGFP_to_artificial,CNN_Jannis_OHE,iterative_fancy,6,576,5382,5,5,0.42624850921926727,0.12617565682421814,5,0.6465361979869342,0.1014855526162917,5,0.07461804979795768,0.27392629617375513,5,0.6726303665362474,0.0845866859132039,5,0.5894640678639961,0.1242860611211443,5,0.41281500916502234,0.10852106400155534
natural_artificial,cgreGFP_to_artificial,CNN_Jannis_OHE,iterative_fancy,7,672,5382,5,5,0.3788350292644176,0.14815993428755564,5,0.6055296909962516,0.12333299734054104,5,0.17755231841709845,0.32165397876452506,5,0.6988788407717743,0.07594751738385203,5,0.6614923408918161,0.066658873377338,5,0.4724982196208442,0.06540159104222404
natural_artificial,cgreGFP_to_artificial,CNN_Jannis_OHE,iterative_fancy,8,768,5382,5,5,0.3806801897135453,0.16397933655410654,5,0.6045935596340672,0.1375991340931734,5,0.1735464905070442,0.3559977688396265,5,0.7071992092994345,0.09807382693243648,5,0.6483950157730641,0.10696327713388568,5,0.4631895480585625,0.09311521134013662
natural_artificial,cgreGFP_to_artificial,CNN_Jannis_OHE,iterative_fancy,9,864,5382,5,5,0.3501010628800266,0.17413805090953907,5,0.5769504242882493,0.14675349567231727,5,0.2399335192300481,0.3780522527813869,5,0.7131775562213839,0.08732178063082376,5,0.6617373924595696,0.08558913430869118,5,0.4749776909004783,0.08126615844571079
natural_artificial,cgreGFP_to_artificial,CNN_Jannis_OHE,iterative_fancy,10,960,5382,5,5,0.3497782951370626,0.17384416300153904,5,0.5765741063257107,0.14722684474888864,5,0.24063424530177913,0.37741422458993584,5,0.7384810790510712,0.09131350919379655,5,0.6887887686558412,0.06901653648762288,5,0.4978285011424098,0.06801157950722733
natural_artificial,cgreGFP_to_artificial,CNN_Jannis_OHE,iterative_random,1,96,5382,5,5,0.4848363497366952,0.16715078284704915,5,0.6847387232709418,0.1412853079321053,5,-0.05257566218815106,0.3628829522292406,5,0.6121984721145958,0.09348787009244844,5,0.6956768728538212,0.046402821898655446,5,0.49618354103465767,0.04393920307785243
natural_artificial,cgreGFP_to_artificial,CNN_Jannis_OHE,iterative_random,2,192,5382,5,5,0.1843306304648412,0.012129216208430386,5,0.4291538973149872,0.014034016005700324,5,0.5998197422110391,0.026332426991799034,5,0.7898005191242856,0.006635731572133902,5,0.7370532108361036,0.007467483410200609,5,0.5374942004613061,0.008674876024351312
natural_artificial,cgreGFP_to_artificial,CNN_Jannis_OHE,iterative_random,3,288,5382,5,5,0.16926008565613201,0.011450757172301011,5,0.4112220549685093,0.01398692083735653,5,0.6325377690053957,0.024859498096081446,5,0.8081375801257735,0.014062677160072125,5,0.7521398459143882,0.01297325520204467,5,0.5558721797283768,0.013091963480478388
natural_artificial,cgreGFP_to_artificial,CNN_Jannis_OHE,iterative_random,4,384,5382,5,5,0.17174907370278403,0.02729473533116415,5,0.4134291782310989,0.03212063764043054,5,0.6271341967633269,0.05925664222794558,5,0.8024582729380206,0.033807743127902905,5,0.7521933192999577,0.018483707841602005,5,0.5542779920891489,0.019424248598175077
natural_artificial,cgreGFP_to_artificial,CNN_Jannis_OHE,iterative_random,5,480,5382,5,5,0.15432121736148458,0.01954360127720558,5,0.3922341138438606,0.024331494472339028,5,0.6649699271885015,0.04242899499401729,5,0.8245018050714379,0.018793942216957866,5,0.7642494681502363,0.013996706399057087,5,0.5689458647865235,0.01763051837202065
natural_artificial,cgreGFP_to_artificial,CNN_Jannis_OHE,iterative_random,6,576,5382,5,5,0.1540389420236656,0.010800334581416332,5,0.3922843572061519,0.013780652879210561,5,0.665582744587167,0.023447436088613573,5,0.8284444343333845,0.007883894689492913,5,0.7682031412587105,0.007557331671628573,5,0.5762584381656674,0.008712993463111154
natural_artificial,cgreGFP_to_artificial,CNN_Jannis_OHE,iterative_random,7,672,5382,5,5,0.1464104291697306,0.006624405155717193,5,0.38255822862971794,0.008633573812667033,5,0.6821441822209215,0.014381528214970631,5,0.8354734131776642,0.006036248256999018,5,0.7718613668421599,0.00584984212228205,5,0.5755829872951516,0.0068011868976558115
natural_artificial,cgreGFP_to_artificial,CNN_Jannis_OHE,iterative_random,8,768,5382,5,5,0.15972737872690465,0.009177557085206877,5,0.39952818820218017,0.011434900458025843,5,0.6532331960581037,0.01992439971028862,5,0.8175996642068097,0.012511677698939655,5,0.7613322267809511,0.008980788136762749,5,0.5682149288051874,0.017729775881201476
natural_artificial,cgreGFP_to_artificial,CNN_Jannis_OHE,iterative_random,9,864,5382,5,5,0.14567195387325832,0.011153975330465405,5,0.3814550279896785,0.014318497418194428,5,0.6837474059161253,0.02421518719846583,5,0.8384471399536995,0.0056884061292879476,5,0.77040783297153,0.007604782209194892,5,0.5759893842423065,0.0072683866885779385
natural_artificial,cgreGFP_to_artificial,CNN_Jannis_OHE,iterative_random,10,960,5382,5,5,0.13929431051520372,0.007260367666297559,5,0.37312114295986004,0.009677499130159356,5,0.6975932163312268,0.015762197508979794,5,0.8425519065823192,0.005954121780589939,5,0.7768483393053336,0.007018362722058484,5,0.5856349631894779,0.0075945748867389876
natural_artificial,cgreGFP_to_artificial,CNN_Jannis_OHE,oneshot_fancy,1,960,5382,5,5,0.3416638975062739,0.08233566368297081,5,0.5805457443069548,0.07608002590494548,5,0.25825053472422815,0.17875003755363977,5,0.617375241186257,0.14550159834497772,5,0.5406323227715897,0.1526185746001534,5,0.39313783089960064,0.11119278899548278
natural_artificial,cgreGFP_to_artificial,CNN_Jannis_OHE,oneshot_random,1,960,5382,5,5,0.14141592950937062,0.00858398330592856,5,0.3759167306617809,0.011321501552836333,5,0.6929871992310053,0.018635755997578704,5,0.8437055294388717,0.0047229688989961355,5,0.7772331655253537,0.011879821304020825,5,0.5846811478996446,0.012338111026893396
natural_artificial,cgreGFP_to_artificial,CNN_Jannis_OHE,source_only,0,0,5382,5,5,1.2917087944529673,0.12495103934365209,5,1.1354427080323357,0.05566250116958566,5,-1.804288994449308,0.2712676618608903,5,0.7881724019360784,0.01960214694591529,5,0.7526502445163314,0.010174445519914038,5,0.5498921849328181,0.015026144670728672
natural_artificial,cgreGFP_to_artificial,aubin_1_10_1,iterative_fancy,1,96,5382,5,5,0.9321691747315143,0.06599069899426091,5,0.9649915931827001,0.03464822899926247,5,-1.0237314856801967,0.1432652558535793,5,0.2769050029589648,0.08288363927872937,5,0.31062805344951155,0.056698516101479926,5,0.2073454805001805,0.04288374765251378
natural_artificial,cgreGFP_to_artificial,aubin_1_10_1,iterative_fancy,2,192,5382,5,5,0.6275593903210541,0.15250799151226194,5,0.7880641453921148,0.09023783206373155,5,-0.3624261901738783,0.3310935746508745,5,0.41962450488675457,0.12382158242758341,5,0.36854581574516354,0.10315426346126648,5,0.24396224607558578,0.07907615301341966
natural_artificial,cgreGFP_to_artificial,aubin_1_10_1,iterative_fancy,3,288,5382,5,5,0.5464603178727243,0.022038487574531147,5,0.7391100035675973,0.014862725987801192,5,-0.186360781853103,0.0478453722889907,5,0.4924249815800824,0.08435395248330398,5,0.41311802483888727,0.09079634980920787,5,0.2777230260774345,0.06514817222669918
natural_artificial,cgreGFP_to_artificial,aubin_1_10_1,iterative_fancy,4,384,5382,5,5,0.521392141648049,0.02124102395011761,5,0.7219553089560591,0.014691558724751091,5,-0.13193798083196104,0.04611408542695174,5,0.5328772426296237,0.0916787766415469,5,0.5051232058222976,0.153826956039771,5,0.3494662277532272,0.11586786301712121
natural_artificial,cgreGFP_to_artificial,aubin_1_10_1,iterative_fancy,5,480,5382,5,5,0.5127797751159784,0.011334241088864378,5,0.7160513918674368,0.007919858007301068,5,-0.11324060508770342,0.02460654265298096,5,0.5470659247301779,0.0634475620104359,5,0.48897223381420735,0.06793422778841267,5,0.3381971398342218,0.04933482916946407
natural_artificial,cgreGFP_to_artificial,aubin_1_10_1,iterative_fancy,6,576,5382,5,5,0.5205805889248447,0.04111372438547872,5,0.7210629533957944,0.028478197032533653,5,-0.13017610665422855,0.08925755194215189,5,0.5139117170161829,0.1455089109698286,5,0.5143658153029539,0.20780163657770648,5,0.3657259327516625,0.15891398019961445
natural_artificial,cgreGFP_to_artificial,aubin_1_10_1,iterative_fancy,7,672,5382,5,5,0.4915590809358893,0.029260189635096932,5,0.7008624660258407,0.020942918017389595,5,-0.06717065542153278,0.06352362709115991,5,0.5576345911121597,0.03955592638495148,5,0.5904421939150335,0.13264155180650714,5,0.42230495930307,0.1089648750628939
natural_artificial,cgreGFP_to_artificial,aubin_1_10_1,iterative_fancy,8,768,5382,5,5,0.4345924446385115,0.04605800905595974,5,0.6585093074588636,0.034603768374255814,5,0.05650343575564074,0.09999155262899106,5,0.6470391687106581,0.08238499839852338,5,0.6838213675755818,0.08536717691792693,5,0.5083340759236591,0.06902114106602508
natural_artificial,cgreGFP_to_artificial,aubin_1_10_1,iterative_fancy,9,864,5382,5,5,0.4269158421590027,0.04527926238529335,5,0.6526486839017994,0.03474078223521718,5,0.07316927556450063,0.09830090011706892,5,0.6584262889310535,0.09126428397495716,5,0.6692487679116962,0.09156417154778645,5,0.491342095113354,0.07814499938312221
natural_artificial,cgreGFP_to_artificial,aubin_1_10_1,iterative_fancy,10,960,5382,5,5,0.38943383281122823,0.04542574235101548,5,0.6232033594286226,0.03625268279912683,5,0.15454240451987306,0.09861890689812197,5,0.6670375805340403,0.05420853602393017,5,0.6850765791102431,0.052574541025149905,5,0.5027484122703327,0.046183380280862794
natural_artificial,cgreGFP_to_artificial,aubin_1_10_1,iterative_random,1,96,5382,5,5,0.5704045001171294,0.01867306099425688,5,0.7551703113053572,0.012364315594654776,5,-0.2383434013393395,0.040539059317197985,5,0.6425592521785968,0.06331810749638792,5,0.600973068824582,0.07385553984467105,5,0.4203779187371639,0.06229426495176353
natural_artificial,cgreGFP_to_artificial,aubin_1_10_1,iterative_random,2,192,5382,5,5,0.5489661921940611,0.02124741131706611,5,0.7408125782764343,0.014270426652822812,5,-0.19180101405634792,0.04612795234720041,5,0.6700668118421763,0.03445358121101855,5,0.6267709391178105,0.03869125362675637,5,0.4430551723414671,0.032289867813332276
natural_artificial,cgreGFP_to_artificial,aubin_1_10_1,iterative_random,3,288,5382,5,5,0.522929754007338,0.02599576251203497,5,0.7229576284863592,0.018097700845603335,5,-0.1352761244099875,0.05643658309664932,5,0.6557833501867296,0.06731372401877832,5,0.6026948748948672,0.08473237259239769,5,0.42605972710633655,0.07197890637572468
natural_artificial,cgreGFP_to_artificial,aubin_1_10_1,iterative_random,4,384,5382,5,5,0.47235963487718885,0.10237391877032608,5,0.68344354493641,0.08112148114049372,5,-0.025488818529852943,0.2222529218343307,5,0.6556867540513993,0.04816242877899089,5,0.6289618006836912,0.054990716045694686,5,0.4471017462018218,0.04692856602235101
natural_artificial,cgreGFP_to_artificial,aubin_1_10_1,iterative_random,5,480,5382,5,5,0.4111715826814469,0.10519169500784104,5,0.6367662411314631,0.0844122091047439,5,0.10734993127286545,0.22837029049018967,5,0.6827793519074377,0.030150769697903715,5,0.6635853796342878,0.05968387845558682,5,0.4783474563352247,0.050602875454836715
natural_artificial,cgreGFP_to_artificial,aubin_1_10_1,iterative_random,6,576,5382,5,5,0.4631065859690221,0.09988899964021,5,0.6767412286327035,0.08006165934547688,5,-0.00540052670300808,0.21685818317604652,5,0.6236461716677176,0.04150117462260172,5,0.5918040838065017,0.06334215125964879,5,0.41766876287767885,0.05362656489384428
natural_artificial,cgreGFP_to_artificial,aubin_1_10_1,iterative_random,7,672,5382,5,5,0.3937067176023518,0.10755070725239362,5,0.622487361748428,0.08814903619604614,5,0.14526600735841214,0.23349168635246023,5,0.6844065882375405,0.04957017963469762,5,0.7007411440124269,0.029328344239845174,5,0.5109098524380058,0.024935809720209045
natural_artificial,cgreGFP_to_artificial,aubin_1_10_1,iterative_random,8,768,5382,5,5,0.37676652200949595,0.09374272279857694,5,0.6098003652506692,0.07834248966594055,5,0.18204303037541691,0.20351466753393968,5,0.6948858361903699,0.0625741814859885,5,0.6871638095475692,0.05747750889834746,5,0.5009017010300634,0.05199618759955703
natural_artificial,cgreGFP_to_artificial,aubin_1_10_1,iterative_random,9,864,5382,5,5,0.46018461064588034,0.03729168929099595,5,0.6779011471744057,0.028165699563143874,5,0.0009430572966726336,0.08095994570312642,5,0.6691239573631818,0.049974242919813186,5,0.6454028661672968,0.061826629797952476,5,0.4627804188221255,0.052837360484661415
natural_artificial,cgreGFP_to_artificial,aubin_1_10_1,iterative_random,10,960,5382,5,5,0.41991518299179476,0.08357146860878711,5,0.6450371754533823,0.06930210381832927,5,0.08836764809304398,0.18143295971661888,5,0.677436797593004,0.04209341203556927,5,0.6918804461957764,0.03739199953906081,5,0.503026501369036,0.03247204501633626
natural_artificial,cgreGFP_to_artificial,aubin_1_10_1,oneshot_fancy,1,960,5382,5,5,0.8791319892583166,0.027971288735451183,5,0.9375245996775323,0.01498391878813078,5,-0.9085881993932581,0.06072543401286388,5,0.2689253089863145,0.033372317106803,5,0.36119347020791326,0.05688429175622484,5,0.24335499681452877,0.04546410387280266
natural_artificial,cgreGFP_to_artificial,aubin_1_10_1,oneshot_random,1,960,5382,5,5,0.3735476324832204,0.0950515209920397,5,0.6069575555068417,0.0802352657531242,5,0.18903121262798525,0.20635605747077684,5,0.6716414814635739,0.018323637724416197,5,0.6884253910286751,0.01744377280807358,5,0.4992401540325037,0.016775878962620012
natural_artificial,cgreGFP_to_artificial,aubin_1_10_1,source_only,0,0,5382,5,5,2.046413294727815,0.20803361594276798,5,1.4290716122300215,0.07217705527123733,5,-3.4427461554369048,0.45163924111150755,5,0.6945487299639956,0.04286560141356398,5,0.6766083343131077,0.04780464517183276,5,0.47120858084739903,0.04814876959126641
natural_artificial,cgreGFP_to_artificial,aubin_linear,iterative_fancy,1,96,5382,5,5,1.4098515799049902,0.5513364364387348,5,1.16578461367111,0.2519866425842131,5,-2.060775994026485,1.1969467944969852,5,0.4553625789644064,0.18537688756795317,5,0.41756385806045665,0.1822935408173415,5,0.2968345550225522,0.13019297579904435
natural_artificial,cgreGFP_to_artificial,aubin_linear,iterative_fancy,2,192,5382,5,5,0.8898542519562074,0.4049301871604058,5,0.9206631967110693,0.22976490750863848,5,-0.931866142075396,0.879100051227197,5,0.4216432727020315,0.21815442641872254,5,0.3730033345948906,0.25728175512432355,5,0.25535169698339577,0.18501494914619718
natural_artificial,cgreGFP_to_artificial,aubin_linear,iterative_fancy,3,288,5382,5,5,0.5274035403180346,0.27057260484444007,5,0.7108758029041076,0.16605395645495438,5,-0.14498867709096383,0.5874108632093644,5,0.5901065218420479,0.15181773729000644,5,0.5851834153858675,0.18927147365496777,5,0.40437266924291526,0.138762858520964
natural_artificial,cgreGFP_to_artificial,aubin_linear,iterative_fancy,4,384,5382,5,5,0.4334607866245362,0.13031660571950843,5,0.6531839994903266,0.09227302852375927,5,0.058960255843650854,0.28291626160830746,5,0.6273128328467708,0.0934566591301107,5,0.6303933662120181,0.11805928375335614,5,0.4370006877437739,0.09273499836786737
natural_artificial,cgreGFP_to_artificial,aubin_linear,iterative_fancy,5,480,5382,5,5,0.3880016090492438,0.03545883487423787,5,0.6224034979043797,0.027737493705194637,5,0.15765175033416923,0.076980834086472,5,0.663193534980542,0.024788322394698234,5,0.6714022833109187,0.02977894874322615,5,0.4692830556090778,0.026218737774385506
natural_artificial,cgreGFP_to_artificial,aubin_linear,iterative_fancy,6,576,5382,5,5,0.3816675971488497,0.039807929664751676,5,0.6171526356286965,0.031428917524375134,5,0.17140283721943605,0.0864226825195158,5,0.6490735259129665,0.01900849742911921,5,0.6605191129142829,0.024896866989879734,5,0.4585299930665675,0.02168217670504941
natural_artificial,cgreGFP_to_artificial,aubin_linear,iterative_fancy,7,672,5382,5,5,0.39490477777395266,0.032560219007878845,5,0.627990005238577,0.02581983477882563,5,0.1426650287412996,0.0706879632721882,5,0.6613907435744354,0.012549035761792017,5,0.6760921715849942,0.013082570094832529,5,0.4718153562953867,0.011949629318517396
natural_artificial,cgreGFP_to_artificial,aubin_linear,iterative_fancy,8,768,5382,5,5,0.3615856705878753,0.037149695837690656,5,0.6007020723060753,0.030469060435585754,5,0.21500053190427346,0.08065167910302438,5,0.6475257104792516,0.016736832523198228,5,0.6636088241957626,0.023352635117605377,5,0.46006239155677503,0.01980115114484889
natural_artificial,cgreGFP_to_artificial,aubin_linear,iterative_fancy,9,864,5382,5,5,0.3373246679365804,0.017978994128807168,5,0.5806323667670976,0.015440312457126378,5,0.2676709658453415,0.0390322459545029,5,0.6538829450579252,0.008182452832244488,5,0.6749930570524867,0.007275616203255513,5,0.4700445696920008,0.006111042065948579
natural_artificial,cgreGFP_to_artificial,aubin_linear,iterative_fancy,10,960,5382,5,5,0.3564338697407184,0.01899297238003886,5,0.5968479979705634,0.016059929142462962,5,0.22618504847590132,0.04123358426136504,5,0.6585191919699753,0.006770720800329581,5,0.6756609619787715,0.010277136990888794,5,0.4714103414962497,0.009033135807300396
natural_artificial,cgreGFP_to_artificial,aubin_linear,iterative_random,1,96,5382,5,5,0.3240830917442743,0.03371286957586205,5,0.5686842414232546,0.02918315655330774,5,0.29641831706313027,0.07319035801945777,5,0.7033490549047743,0.003928159983546076,5,0.7194825139300127,0.012893623273521716,5,0.5095687018922134,0.011588827962015762
natural_artificial,cgreGFP_to_artificial,aubin_linear,iterative_random,2,192,5382,5,5,0.2747568179718776,0.004934083679433971,5,0.5241555357381985,0.004715973770037728,5,0.40350524506976787,0.010711854420553312,5,0.705633628762593,0.0037392161018595885,5,0.7223214932413216,0.008206135604313542,5,0.5124528888652409,0.007775973968108665
natural_artificial,cgreGFP_to_artificial,aubin_linear,iterative_random,3,288,5382,5,5,0.2621819983332805,0.008718994745523897,5,0.5119798810263053,0.008558603680704801,5,0.43080507338334445,0.018928864704283996,5,0.7054811057082959,0.002681952113479593,5,0.7242192286414318,0.008450266720737938,5,0.5148639821184666,0.007639015592260531
natural_artificial,cgreGFP_to_artificial,aubin_linear,iterative_random,4,384,5382,5,5,0.2573021412527644,0.0020191603493034923,5,0.5072464676356354,0.0019881913686748635,5,0.4413992023109655,0.004383580238747359,5,0.7017317162794485,0.005544861862361707,5,0.7298909580050843,0.007430797255996029,5,0.521075297496002,0.008108627379892663
natural_artificial,cgreGFP_to_artificial,aubin_linear,iterative_random,5,480,5382,5,5,0.2541579517523686,0.0032297475499388395,5,0.504132717525922,0.003192740260623973,5,0.4482252114318193,0.0070117549311714536,5,0.7052179401976337,0.005462017941701932,5,0.7280906341625302,0.006782412817248584,5,0.5186475443942453,0.0065495986541525535
natural_artificial,cgreGFP_to_artificial,aubin_linear,iterative_random,6,576,5382,5,5,0.2570623588280052,0.009589629704174998,5,0.5069434184458002,0.009402747104681853,5,0.4419197679506067,0.02081900592126173,5,0.7053650512238818,0.002013864258473366,5,0.7286528727126262,0.004765721250846563,5,0.5194174400390971,0.0047662786211306535
natural_artificial,cgreGFP_to_artificial,aubin_linear,iterative_random,7,672,5382,5,5,0.25357342313583403,0.004483849273880741,5,0.5035450192173804,0.004449263591034473,5,0.44949421817182744,0.00973439928992536,5,0.7044092238161347,0.006477992260882599,5,0.7259501603543944,0.004878415216473669,5,0.5167561724915256,0.004580981657087658
natural_artificial,cgreGFP_to_artificial,aubin_linear,iterative_random,8,768,5382,5,5,0.24922615170096152,0.001917458217911071,5,0.49922259002807373,0.00192266306959544,5,0.45893210811501683,0.004162785761694513,5,0.7057389646908538,0.0049129499117137295,5,0.735590921915026,0.004909362510198277,5,0.5266150612147369,0.004992157542288605
natural_artificial,cgreGFP_to_artificial,aubin_linear,iterative_random,9,864,5382,5,5,0.2501071023635187,0.005668879794958604,5,0.5000813413099248,0.005673891652260379,5,0.4570195715910953,0.012307090644676513,5,0.7075123262614291,0.0036326421768687737,5,0.7340127200543176,0.004431030164177964,5,0.5247676240436687,0.004531825541861571
natural_artificial,cgreGFP_to_artificial,aubin_linear,iterative_random,10,960,5382,5,5,0.24773354023032698,0.0022136995235519483,5,0.49772440264049084,0.002224647863570815,5,0.4621725551399686,0.004805923159750111,5,0.7073624730407623,0.005710406142137823,5,0.730339376638279,0.005446359399947514,5,0.5210705905428246,0.005016716299198765
natural_artificial,cgreGFP_to_artificial,aubin_linear,oneshot_fancy,1,960,5382,5,5,0.6627166191836167,0.295719653051965,5,0.79652338193829,0.1879731403991192,5,-0.4387522401303413,0.6420048946459259,5,0.5089363305350417,0.1333398431081659,5,0.47906920895981014,0.15315627698368603,5,0.32504534497616655,0.11909401839416885
natural_artificial,cgreGFP_to_artificial,aubin_linear,oneshot_random,1,960,5382,5,5,0.25514297534041425,0.0076780864394438405,5,0.5050711002123863,0.0075959751401502166,5,0.44608673345668165,0.016669061473473527,5,0.7023035617914031,0.002954834923383166,5,0.7343456826970983,0.005048748543683763,5,0.5259391323142766,0.005432464121123964
natural_artificial,cgreGFP_to_artificial,aubin_linear,source_only,0,0,5382,5,5,4.8772981075714075,0.26971862604751506,5,2.207781954662592,0.06120608872523543,5,-9.588573418750496,0.5855568823802534,5,0.5392855558126561,0.006860559346314295,5,0.5663653545503721,0.0056372319965277,5,0.4059366184703051,0.0030531489388640476
natural_artificial,cgreGFP_to_artificial,mlp_small,iterative_fancy,1,96,5382,5,5,0.6340268228656011,0.19765050732694858,5,0.7874347132605971,0.13216180999915594,5,-0.37646693216224375,0.4290975991063177,5,0.7262553659157793,0.07114430427686363,5,0.682132630706597,0.060892603939881725,5,0.4796993452045221,0.05613506105864043
natural_artificial,cgreGFP_to_artificial,mlp_small,iterative_fancy,2,192,5382,5,5,0.524477668891403,0.14301040849701915,5,0.7183799309633973,0.10251794769958401,5,-0.13863663468317683,0.3104744013218013,5,0.7358184951549491,0.06023318650914034,5,0.6938097128300507,0.0531181836967187,5,0.488362534662373,0.05451519191486269
natural_artificial,cgreGFP_to_artificial,mlp_small,iterative_fancy,3,288,5382,5,5,0.40949134100983164,0.1962478900551634,5,0.6255709726069985,0.1506332435145281,5,0.11099772189561288,0.42605252873474264,5,0.7550691000947911,0.0742571154056508,5,0.7117989284842661,0.06301231409151574,5,0.5087587195820227,0.06420558610610684
natural_artificial,cgreGFP_to_artificial,mlp_small,iterative_fancy,4,384,5382,5,5,0.2891701187531019,0.14035637632651904,5,0.5253495260126934,0.12834520964638826,5,0.3722140895647129,0.30471251966657886,5,0.7745319250301167,0.0692736490794046,5,0.732240888270051,0.05527634206169642,5,0.5294673971913989,0.05779010854814062
natural_artificial,cgreGFP_to_artificial,mlp_small,iterative_fancy,5,480,5382,5,5,0.1933937978517506,0.030661849968049163,5,0.4385973186140462,0.03581532416995971,5,0.5801436815794897,0.06656661995652838,5,0.8103788026827257,0.02042935679544967,5,0.7567472580615253,0.012459877318568834,5,0.5572282425744614,0.016889672766937282
natural_artificial,cgreGFP_to_artificial,mlp_small,iterative_fancy,6,576,5382,5,5,0.19641543390616764,0.03322190593901691,5,0.4419449715528742,0.03708227381945559,5,0.5735837349653448,0.07212448006817951,5,0.8105062460864868,0.01714186191579331,5,0.7549588086056572,0.010917294602012947,5,0.5508330427379512,0.017527753776995107
natural_artificial,cgreGFP_to_artificial,mlp_small,iterative_fancy,7,672,5382,5,5,0.18127243834861856,0.03554049759540941,5,0.42410704514572417,0.041917368213862514,5,0.6064590517297658,0.07715812317145884,5,0.8209283192156288,0.020949743150328614,5,0.7627025106437981,0.015050161525593006,5,0.5654611616813363,0.021429168949205057
natural_artificial,cgreGFP_to_artificial,mlp_small,iterative_fancy,8,768,5382,5,5,0.15491168481132417,0.011937543787963748,5,0.39335475061941727,0.015154412577703282,5,0.663688027291035,0.02591630776929134,5,0.8263311788139491,0.016155581016611815,5,0.771403389904068,0.006636338048944145,5,0.5743763504447047,0.010847492827327991
natural_artificial,cgreGFP_to_artificial,mlp_small,iterative_fancy,9,864,5382,5,5,0.15741033093918083,0.012077646169490995,5,0.39651592803256824,0.01522537994813472,5,0.6582634874354095,0.026220468868372062,5,0.8243237722257565,0.010451422797014932,5,0.7698447441384471,0.006399278271587438,5,0.5731548457398171,0.011199225670392086
natural_artificial,cgreGFP_to_artificial,mlp_small,iterative_fancy,10,960,5382,5,5,0.16459052261019022,0.04110102307705877,5,0.4033756549112967,0.04845879222433168,5,0.6426753513419525,0.08922997750775141,5,0.8293850149871211,0.017869198667814612,5,0.7708575160034922,0.011227795121510986,5,0.5731795655529796,0.01645064465639329
natural_artificial,cgreGFP_to_artificial,mlp_small,iterative_random,1,96,5382,5,5,0.19387015408060326,0.012330050410387879,5,0.4401259083357961,0.014112888267187356,5,0.5791095161888495,0.026768436365333503,5,0.8160584140413706,0.008734106259978487,5,0.7619887408212727,0.005553627040758259,5,0.5565369736935171,0.0065328882763185025
natural_artificial,cgreGFP_to_artificial,mlp_small,iterative_random,2,192,5382,5,5,0.17204326811594464,0.02255855745801698,5,0.4141068561039528,0.026428673908388586,5,0.6264955031517345,0.04897443965840615,5,0.819218485613059,0.004607867868659527,5,0.7649627938599131,0.003992065529586835,5,0.5634705134960345,0.007826646672130982
natural_artificial,cgreGFP_to_artificial,mlp_small,iterative_random,3,288,5382,5,5,0.1556554531996786,0.006052804620136254,5,0.39447304690498414,0.007621389733573341,5,0.6620733123376039,0.013140588230637821,5,0.822238143986128,0.005861514978037344,5,0.7639817561098067,0.006734465748130697,5,0.5651082826849534,0.013628461751649475
natural_artificial,cgreGFP_to_artificial,mlp_small,iterative_random,4,384,5382,5,5,0.1593336744825154,0.009109568626305459,5,0.39903829787227607,0.011297749428099217,5,0.6540879246814203,0.019776797334377247,5,0.8228235227110098,0.009936535376802256,5,0.766681469624156,0.00586142436566287,5,0.5679199267310266,0.007948157904102504
natural_artificial,cgreGFP_to_artificial,mlp_small,iterative_random,5,480,5382,5,5,0.14847580369726293,0.0035171959452845757,5,0.3853042503112684,0.004532988712530958,5,0.6776602713875765,0.007635802994482467,5,0.8293795650214808,0.0017666163010689336,5,0.7679904487052363,0.005145341421813944,5,0.5688559261398088,0.010165758390198829
natural_artificial,cgreGFP_to_artificial,mlp_small,iterative_random,6,576,5382,5,5,0.15423913987381743,0.014177412066088059,5,0.39240897511719053,0.017830315522080326,5,0.6651481167280829,0.030779043076454904,5,0.8313000289965483,0.004106123421596263,5,0.7705130695758979,0.0030907049210344003,5,0.5729312133708784,0.00742448585994927
natural_artificial,cgreGFP_to_artificial,mlp_small,iterative_random,7,672,5382,5,5,0.15259678068173774,0.011043121083103333,5,0.3904307371494561,0.014169517046730805,5,0.668713664804445,0.023974523554151896,5,0.8302377362402673,0.007327578356507743,5,0.7701703142554482,0.0025378187034520885,5,0.5737802462924911,0.002974362239289417
natural_artificial,cgreGFP_to_artificial,mlp_small,iterative_random,8,768,5382,5,5,0.14699796387451608,0.0067477158103729905,5,0.38332213418791083,0.008810882201954352,5,0.6808686492884506,0.01464923461538727,5,0.8331015429972887,0.0026611334314166606,5,0.7716057965002042,0.0028447349562951744,5,0.5748172499999316,0.007511589714921544
natural_artificial,cgreGFP_to_artificial,mlp_small,iterative_random,9,864,5382,5,5,0.1559155960139317,0.026126451945492107,5,0.39381994835658846,0.032043803814967575,5,0.6615085444625783,0.056720308764159254,5,0.8306626932334801,0.010075597838728682,5,0.7702334789570541,0.004092832425436625,5,0.5729732391574471,0.005600897098271223
natural_artificial,cgreGFP_to_artificial,mlp_small,iterative_random,10,960,5382,5,5,0.14560261776884278,0.009301719092193742,5,0.38142645648122153,0.012066278683878724,5,0.6838979340191818,0.020193954389498964,5,0.8303057203695252,0.01232372605228192,5,0.7678349435466861,0.006759281028328824,5,0.5687912718234536,0.009027960061558774
natural_artificial,cgreGFP_to_artificial,mlp_small,oneshot_fancy,1,960,5382,5,5,0.35657485037008685,0.18937388156689555,5,0.5809268039650678,0.15451091711032366,5,0.22587898070809911,0.4111291137714154,5,0.7404585742602723,0.07661048939175219,5,0.704972647367091,0.07095323308378822,5,0.5010360306079155,0.0727562085659641
natural_artificial,cgreGFP_to_artificial,mlp_small,oneshot_random,1,960,5382,5,5,0.14170065216826333,0.0046845742043831245,5,0.37639022769868397,0.006229833584875496,5,0.6923690687187475,0.010170171436044236,5,0.8365612974585467,0.007150402849318453,5,0.7727164073751713,0.004773612624733297,5,0.575195731489416,0.0068848070049588725
natural_artificial,cgreGFP_to_artificial,mlp_small,source_only,0,0,5382,5,5,1.429293015526616,0.07414019741168679,5,1.195208895886194,0.030998199970344916,5,-2.1029831882363133,0.16095774879038563,5,0.7748956765619648,0.010177210118169201,5,0.744164597138794,0.0048879764026496155,5,0.5458793419396711,0.005257641519170508
natural_proteins,amacGFP_to_cgreGFP,CNN_Jannis_OHE,iterative_fancy,1,96,4904,5,5,0.7782911018941092,0.07111605706417669,5,0.8814783963930465,0.04010826888642109,5,-0.3085323946787331,0.11956665600290721,5,0.35200494263028353,0.06228673111415378,5,0.34157287907104195,0.10307775015060779,5,0.2395779223927848,0.07425377051051567
natural_proteins,amacGFP_to_cgreGFP,CNN_Jannis_OHE,iterative_fancy,2,192,4904,5,5,0.5896073162062704,0.11318050074164474,5,0.7646786375650315,0.07805364707972966,5,0.008699609287757658,0.19028914927329135,5,0.47691332470186004,0.11700516269648574,5,0.49253177989720703,0.0842920520466828,5,0.3496835643624041,0.06289877230172868
natural_proteins,amacGFP_to_cgreGFP,CNN_Jannis_OHE,iterative_fancy,3,288,4904,5,5,0.5163729464408231,0.03864574623391634,5,0.7181880711382562,0.026898906007822604,5,0.13182776147753666,0.0649746743095791,5,0.5675804756240178,0.03369406656728848,5,0.5174772261326839,0.04016387486799152,5,0.3657646133272486,0.030690691959213905
natural_proteins,amacGFP_to_cgreGFP,CNN_Jannis_OHE,iterative_fancy,4,384,4904,5,5,0.4349207733982894,0.09409461500243123,5,0.6565709464314996,0.0692402132103733,5,0.2687724172544626,0.15820025642829036,5,0.6211362729396809,0.06596804922153714,5,0.5891864180675259,0.09130082392218594,5,0.4229816254111677,0.06796123854914668
natural_proteins,amacGFP_to_cgreGFP,CNN_Jannis_OHE,iterative_fancy,5,480,4904,5,5,0.3794833525138182,0.02955589395564639,5,0.6156533278123082,0.023830979508007093,5,0.3619787521698007,0.049692004187804,5,0.6666533601577429,0.022842192176543177,5,0.6442693355071555,0.028405760804757305,5,0.4634483517784423,0.024006692991875144
natural_proteins,amacGFP_to_cgreGFP,CNN_Jannis_OHE,iterative_fancy,6,576,4904,5,5,0.35576295417056725,0.046316073863780755,5,0.5954642186621243,0.03849218205806746,5,0.4018596008282126,0.07787071302446409,5,0.6839098669518531,0.0297983177732959,5,0.6551345456666967,0.05368910432605462,5,0.47297855056210325,0.045387198303340266
natural_proteins,amacGFP_to_cgreGFP,CNN_Jannis_OHE,iterative_fancy,7,672,4904,5,5,0.33912615226541665,0.036482329962192424,5,0.5816819922578258,0.031068717152129513,5,0.4298308755655979,0.061337345978526144,5,0.7095199844171283,0.025568336294663294,5,0.689267982602995,0.025667236171624065,5,0.5020400392832199,0.020174797857434184
natural_proteins,amacGFP_to_cgreGFP,CNN_Jannis_OHE,iterative_fancy,8,768,4904,5,5,0.28926639817756983,0.038883121974840236,5,0.5368565917247308,0.03625255334586031,5,0.5136595397452117,0.06537377157017202,5,0.7467395033068203,0.02896830194724746,5,0.7100101209796803,0.021996432354968235,5,0.5184356489469277,0.018282465827359536
natural_proteins,amacGFP_to_cgreGFP,CNN_Jannis_OHE,iterative_fancy,9,864,4904,5,5,0.28511349854470475,0.026827595938985704,5,0.5334787369954197,0.02534599866045305,5,0.5206417648897987,0.04510494630104431,5,0.742310094768353,0.02425067630801892,5,0.714665676201429,0.012197584711145805,5,0.5233994006251539,0.009863646414271364
natural_proteins,amacGFP_to_cgreGFP,CNN_Jannis_OHE,iterative_fancy,10,960,4904,5,5,0.27782558535143925,0.035753682948720444,5,0.5262282121645182,0.033716725700572436,5,0.5328948543569477,0.060112279651680645,5,0.7470824386956219,0.029589507294972867,5,0.7259325853923387,0.01229881035032071,5,0.5337324512804879,0.009075969701621434
natural_proteins,amacGFP_to_cgreGFP,CNN_Jannis_OHE,iterative_random,1,96,4904,5,5,0.7106754604532266,0.13509034940091533,5,0.8398116847521763,0.08209593935556375,5,-0.1948509495265894,0.22712594037033854,5,0.4097040667228523,0.05480672112284884,5,0.4391810536997019,0.1537532660406648,5,0.3101532241337378,0.11174376822403967
natural_proteins,amacGFP_to_cgreGFP,CNN_Jannis_OHE,iterative_random,2,192,4904,5,5,0.5439387006470872,0.06267750764326144,5,0.7365559681227767,0.04219014206254571,5,0.08548175768170282,0.10537901431653544,5,0.547900254269768,0.04916484123537898,5,0.5264034171272499,0.06998651261990863,5,0.3723971108769411,0.053697617372508076
natural_proteins,amacGFP_to_cgreGFP,CNN_Jannis_OHE,iterative_random,3,288,4904,5,5,0.42981187869653115,0.03870509192555073,5,0.6550670228278167,0.029560833463212935,5,0.27736194654753,0.06507445157774935,5,0.6191316421647415,0.03327145046367767,5,0.618822982684528,0.027102431794408726,5,0.4457697922634051,0.020695487858266092
natural_proteins,amacGFP_to_cgreGFP,CNN_Jannis_OHE,iterative_random,4,384,4904,5,5,0.4067395362000875,0.0259616390999108,5,0.6374995934606039,0.020426837054849406,5,0.3161532259341815,0.04364902245254417,5,0.641495920391739,0.022115160412318993,5,0.6404042569696682,0.023258877912698005,5,0.4621926937552314,0.017247734587985942
natural_proteins,amacGFP_to_cgreGFP,CNN_Jannis_OHE,iterative_random,5,480,4904,5,5,0.37657217676184,0.033275237992253535,5,0.6131505911227146,0.02780578554243956,5,0.3668732804109639,0.05594529700717606,5,0.6633742875382512,0.022937559037282458,5,0.668983463369058,0.013167598781130914,5,0.4870895417965711,0.013567481571272862
natural_proteins,amacGFP_to_cgreGFP,CNN_Jannis_OHE,iterative_random,6,576,4904,5,5,0.3556211489299747,0.015047437959593336,5,0.5962315354429982,0.012703595615977384,5,0.40209801644236887,0.02529909436087232,5,0.6957606299682262,0.020587549150417377,5,0.6986738471048014,0.02011537042213525,5,0.5109049825858387,0.018593477031105234
natural_proteins,amacGFP_to_cgreGFP,CNN_Jannis_OHE,iterative_random,7,672,4904,5,5,0.3264826251650301,0.04215719949732637,5,0.5704458334281372,0.0366431489078823,5,0.45108830065190597,0.07087844262504617,5,0.7227997214918022,0.024757283804399566,5,0.7139646097768505,0.020141981778003627,5,0.5229099593273133,0.01792357563287404
natural_proteins,amacGFP_to_cgreGFP,CNN_Jannis_OHE,iterative_random,8,768,4904,5,5,0.3201557089992069,0.030775155833419495,5,0.5652958709758906,0.027301265007688737,5,0.4617256762318759,0.05174193596883057,5,0.7256735350752737,0.023053073480999935,5,0.7159538061306903,0.02964019636179391,5,0.5262833272004045,0.026929846653524308
natural_proteins,amacGFP_to_cgreGFP,CNN_Jannis_OHE,iterative_random,9,864,4904,5,5,0.28885109010167515,0.020334167181606844,5,0.5371755211331501,0.01915559960572411,5,0.5143577927122023,0.03418761490551625,5,0.7472047367112828,0.015341287723574867,5,0.7340089986188719,0.017442559599833797,5,0.5418989208650342,0.014410925282177066
natural_proteins,amacGFP_to_cgreGFP,CNN_Jannis_OHE,iterative_random,10,960,4904,5,5,0.2683679618453448,0.027463615529659695,5,0.517509350431805,0.026268661485599216,5,0.5487958542582462,0.0461742791458138,5,0.7680414932190811,0.014978813075488897,5,0.7429592866434073,0.01528372154420162,5,0.5492474291004849,0.016354585866400546
natural_proteins,amacGFP_to_cgreGFP,CNN_Jannis_OHE,oneshot_fancy,1,960,4904,5,5,0.33453508690120054,0.03517488405191922,5,0.5777620242359394,0.03012744288830195,5,0.4375497840055682,0.059139151339375015,5,0.7153589242961661,0.02607888740182409,5,0.7107042308599385,0.013938147065011407,5,0.5211538259785989,0.013135104153131103
natural_proteins,amacGFP_to_cgreGFP,CNN_Jannis_OHE,oneshot_random,1,960,4904,5,5,0.282724523787493,0.02332090309834051,5,0.5313561224757235,0.02194296285420825,5,0.5246583222579526,0.0392091816327795,5,0.7565825699501609,0.014560657830148854,5,0.7406346305096777,0.01657271371021949,5,0.5463864798338031,0.016853675780017542
natural_proteins,amacGFP_to_cgreGFP,CNN_Jannis_OHE,source_only,0,0,4904,5,5,1.2247786045060762,0.03467281493894664,5,1.1066075117435679,0.015748788000422644,5,-1.0592069938937372,0.05829502798104103,5,0.07733289261304452,0.18518308824125124,5,0.11719789920993931,0.19049648862247523,5,0.08224028857539846,0.13205319540767613
natural_proteins,amacGFP_to_cgreGFP,aubin_1_10_1,iterative_fancy,1,96,4904,5,5,1.254658639215339,0.41787120418526286,5,1.107205654840075,0.1895859867761184,5,-1.1094439724176353,0.7025623268068955,5,0.42107187996540174,0.1504274833107477,5,0.3475992380258396,0.2519079756596515,5,0.24412882775779,0.1802911450810099
natural_proteins,amacGFP_to_cgreGFP,aubin_1_10_1,iterative_fancy,2,192,4904,5,5,0.43451283279083297,0.029664772640437143,5,0.6588704032267182,0.02243391803427037,5,0.2694582833766147,0.049875060740541106,5,0.5546151857228656,0.016138668452416363,5,0.5238056598776948,0.01263968473053734,5,0.37120858349872643,0.00801365467621851
natural_proteins,amacGFP_to_cgreGFP,aubin_1_10_1,iterative_fancy,3,288,4904,5,5,0.5545192402038968,0.10437373846856282,5,0.7418425234558422,0.07236116531473347,5,0.06769281119423683,0.17548243530917598,5,0.5486678906970741,0.046850791550172306,5,0.5479597597235362,0.023335493874994374,5,0.38850867599843,0.0183349594769786
natural_proteins,amacGFP_to_cgreGFP,aubin_1_10_1,iterative_fancy,4,384,4904,5,5,0.41236763600037907,0.0361179894971396,5,0.6416726279825288,0.027925671396904772,5,0.3066907627359726,0.06072478430326909,5,0.5853467609145864,0.017335036138256633,5,0.5591655071232855,0.011369155729814017,5,0.3984317814388776,0.007305253857428458
natural_proteins,amacGFP_to_cgreGFP,aubin_1_10_1,iterative_fancy,5,480,4904,5,5,0.4602720238652305,0.06916737175230134,5,0.6769325714036757,0.05042714593894094,5,0.22614963459528212,0.11629035250744406,5,0.5812843196853574,0.016008196704211282,5,0.567404533001998,0.008092238308836099,5,0.4046208306736697,0.004548327364002621
natural_proteins,amacGFP_to_cgreGFP,aubin_1_10_1,iterative_fancy,6,576,4904,5,5,0.4953060248617335,0.09371221426635166,5,0.7013121935836082,0.06583342609078972,5,0.16724734841012096,0.15755733021508905,5,0.5560605501254822,0.010805759761401303,5,0.5589837600375659,0.0145394169825143,5,0.3975295005678889,0.009715086809606008
natural_proteins,amacGFP_to_cgreGFP,aubin_1_10_1,iterative_fancy,7,672,4904,5,5,0.3894026619626307,0.014587515345756204,5,0.6239354880595307,0.011574146974280478,5,0.34530152469665404,0.024525831454760987,5,0.6053775532274634,0.010415488525979014,5,0.5805238952341643,0.011064712750888842,5,0.4148825570187961,0.008448326528032277
natural_proteins,amacGFP_to_cgreGFP,aubin_1_10_1,iterative_fancy,8,768,4904,5,5,0.3817781061124767,0.014898537074475509,5,0.6177872551738002,0.012094082090981204,5,0.3581206078143756,0.025048748916476456,5,0.618373904408156,0.010036569803650175,5,0.5959446864518153,0.00946431400958047,5,0.42627586544369694,0.00844429970928075
natural_proteins,amacGFP_to_cgreGFP,aubin_1_10_1,iterative_fancy,9,864,4904,5,5,0.4330032352229304,0.03430324317700281,5,0.6576198193460707,0.02596652715930114,5,0.2719963534068661,0.0576736709830167,5,0.6042245327936073,0.009956137386737701,5,0.5912854334464391,0.0074087078759327305,5,0.42293206600591376,0.005368532667868348
natural_proteins,amacGFP_to_cgreGFP,aubin_1_10_1,iterative_fancy,10,960,4904,5,5,0.38932299116848534,0.03271369642932419,5,0.6235223388507014,0.026050050926933004,5,0.34543547433939725,0.055001183263278304,5,0.6214344269422145,0.013487962840336851,5,0.6007414444128676,0.0072872980833796,5,0.43053841531725573,0.006123033603413201
natural_proteins,amacGFP_to_cgreGFP,aubin_1_10_1,iterative_random,1,96,4904,5,5,0.4585885501285477,0.07904311397659318,5,0.6753366446182001,0.05600185894658628,5,0.22898004074367445,0.13289433087817548,5,0.541487211711902,0.03239836931947392,5,0.5009627848688792,0.031255110879581875,5,0.3555774857891746,0.024031048158992662
natural_proteins,amacGFP_to_cgreGFP,aubin_1_10_1,iterative_random,2,192,4904,5,5,0.4406815523191844,0.037604965400165925,5,0.6633744819706564,0.027745472363692947,5,0.2590868820887283,0.06322482077353228,5,0.5621569031291488,0.01802050392715718,5,0.5344253089268081,0.007843391630194685,5,0.3802994367380853,0.005755253529212996
natural_proteins,amacGFP_to_cgreGFP,aubin_1_10_1,iterative_random,3,288,4904,5,5,0.40169478983155466,0.016332944740181928,5,0.6336885388169962,0.012924086212137583,5,0.3246349033298218,0.027460402979055862,5,0.595663181182671,0.01233916334760024,5,0.5588394789353037,0.008909341125816381,5,0.39881926648848876,0.006325505105826012
natural_proteins,amacGFP_to_cgreGFP,aubin_1_10_1,iterative_random,4,384,4904,5,5,0.3932885153569857,0.018016923530122565,5,0.6269963407209942,0.014322363608563047,5,0.33876828149868976,0.03029165826801718,5,0.5978164204895187,0.02538212525314466,5,0.5740425589352269,0.013546927664156098,5,0.4107737334718851,0.010755401936762414
natural_proteins,amacGFP_to_cgreGFP,aubin_1_10_1,iterative_random,5,480,4904,5,5,0.38959944793885387,0.02139159509815134,5,0.6239896035283572,0.017190936106613264,5,0.3449706705675502,0.035965457001447536,5,0.620688892659749,0.020981495919421844,5,0.592457268065797,0.011725205119935045,5,0.42432509434758964,0.009315299061922381
natural_proteins,amacGFP_to_cgreGFP,aubin_1_10_1,iterative_random,6,576,4904,5,5,0.37859720364565425,0.018166057839915338,5,0.615162776958017,0.014661236772321689,5,0.3634686246579718,0.03054239616678917,5,0.6284988667322574,0.017036943926061022,5,0.5999325231478626,0.010834710761261409,5,0.4303299992561368,0.007916055955891857
natural_proteins,amacGFP_to_cgreGFP,aubin_1_10_1,iterative_random,7,672,4904,5,5,0.35993995968094583,0.016648218265700513,5,0.5998219002899126,0.013858553926369206,5,0.394836846733016,0.027990468940649972,5,0.6436576759479071,0.016513064939601956,5,0.6148966026890939,0.010114722555390067,5,0.44145058819811506,0.007770740134873585
natural_proteins,amacGFP_to_cgreGFP,aubin_1_10_1,iterative_random,8,768,4904,5,5,0.35448604776982967,0.014221613166708428,5,0.5952922263593131,0.011896060587541158,5,0.40400644972096156,0.02391064408668966,5,0.661376201341237,0.01291170262277621,5,0.6297382567155051,0.013483678697838855,5,0.4529941033406871,0.010296072144207226
natural_proteins,amacGFP_to_cgreGFP,aubin_1_10_1,iterative_random,9,864,4904,5,5,0.3643450969157904,0.04515159145694958,5,0.6027038735972636,0.03696514687249662,5,0.38743053724191256,0.07591288137424514,5,0.643728760203463,0.03274536088605015,5,0.6308721379588789,0.011807237989829255,5,0.4538387403370073,0.008527557976684716
natural_proteins,amacGFP_to_cgreGFP,aubin_1_10_1,iterative_random,10,960,4904,5,5,0.3770776926005047,0.06688757164527769,5,0.6122664189371368,0.05253004904812991,5,0.3660233621100784,0.11245734929544238,5,0.6735610013564037,0.02083843601858886,5,0.6466501320306483,0.019530031978806737,5,0.4667758153449563,0.015621212015936815
natural_proteins,amacGFP_to_cgreGFP,aubin_1_10_1,oneshot_fancy,1,960,4904,5,5,0.4681214234714193,0.022138092483938828,5,0.6840383631794473,0.016314915346150573,5,0.21295252410734275,0.03722053496580906,5,0.5172112110164356,0.023306702435043104,5,0.45524796183811256,0.009022479936851763,5,0.3231881772978759,0.006606318385504955
natural_proteins,amacGFP_to_cgreGFP,aubin_1_10_1,oneshot_random,1,960,4904,5,5,0.33976726942017754,0.02779082504656593,5,0.5825116966583449,0.023648273626047125,5,0.42875297224157516,0.04672441296036856,5,0.6645442308918174,0.02431406120245922,5,0.6468302471762606,0.008160007510151557,5,0.4666885896336729,0.006488847349729553
natural_proteins,amacGFP_to_cgreGFP,aubin_1_10_1,source_only,0,0,4904,5,5,2.0600210994405557,1.626539533680464,5,1.3517016864617317,0.5395874005398315,5,-2.4634911484654474,2.734683289924218,5,-0.09910680148021965,0.516497456040206,5,-0.09001866431608072,0.4928168390821183,5,-0.06425134679717162,0.35097336637832105
natural_proteins,amacGFP_to_cgreGFP,aubin_linear,iterative_fancy,1,96,4904,5,5,0.5962243031218346,0.10837391715183757,5,0.7695770207182828,0.07049390314245647,5,-0.0024254591000331337,0.1822078923763705,5,0.49026744026252833,0.005556072767035434,5,0.4723652126838876,0.0034908342823890375,5,0.33479583232082744,0.002376956316144628
natural_proteins,amacGFP_to_cgreGFP,aubin_linear,iterative_fancy,2,192,4904,5,5,0.589185848790746,0.09778300320496036,5,0.7654678799844429,0.06368647327797099,5,0.009408217885714155,0.16440150353931918,5,0.48884750133118365,0.005466045884475253,5,0.4714593069723082,0.0038043624014061214,5,0.33413041046518444,0.0031317349522603792
natural_proteins,amacGFP_to_cgreGFP,aubin_linear,iterative_fancy,3,288,4904,5,5,0.5189752510710737,0.012205158680311815,5,0.7203594083744058,0.008483354108912784,5,0.12745253490586148,0.020520401012570372,5,0.4968864449581645,0.007659790844992824,5,0.4840819148101615,0.009354240705248752,5,0.3437270693676516,0.006776624878406493
natural_proteins,amacGFP_to_cgreGFP,aubin_linear,iterative_fancy,4,384,4904,5,5,0.5016502500912889,0.03125855179855421,5,0.7079995698335766,0.02199031624259145,5,0.15658087128888964,0.0525546643660799,5,0.4912543552295136,0.011037352376663121,5,0.4823442843061164,0.012546340193724255,5,0.34268024735220404,0.009352697900682468
natural_proteins,amacGFP_to_cgreGFP,aubin_linear,iterative_fancy,5,480,4904,5,5,0.5221927852682813,0.0785210658963115,5,0.7210275465084426,0.05375944619665557,5,0.12204292953097509,0.13201661709863216,5,0.4938899675097585,0.02019377954116867,5,0.48660832547376254,0.018349259314288307,5,0.34554839255885933,0.013479846948360663
natural_proteins,amacGFP_to_cgreGFP,aubin_linear,iterative_fancy,6,576,4904,5,5,0.5465309229465729,0.055876315971486464,5,0.738497247886978,0.03795948185124846,5,0.08112348242347264,0.0939442444684952,5,0.49735228756871547,0.012078171677797046,5,0.49102530723960564,0.01016233547691322,5,0.3490201949525305,0.007472164534977105
natural_proteins,amacGFP_to_cgreGFP,aubin_linear,iterative_fancy,7,672,4904,5,5,0.5126449462011966,0.06001563319334709,5,0.7150188409692912,0.04172833659709115,5,0.1380956078772311,0.10090363365266342,5,0.5092108663442865,0.008365614441400831,5,0.5038801128263773,0.010287775950580043,5,0.35821702754125906,0.006734891138961119
natural_proteins,amacGFP_to_cgreGFP,aubin_linear,iterative_fancy,8,768,4904,5,5,0.5633440645161054,0.044295661002149246,5,0.7500894388838028,0.02978880223942079,5,0.05285572971948986,0.07447381477696223,5,0.51043833126282,0.01045495307633936,5,0.5059649716880268,0.013035439218707963,5,0.35979081563123694,0.009791833765679173
natural_proteins,amacGFP_to_cgreGFP,aubin_linear,iterative_fancy,9,864,4904,5,5,0.5280130305711209,0.12551696115071975,5,0.7229825265881067,0.08146545908695374,5,0.11225741418175975,0.21103030645941392,5,0.5194983964502127,0.008574681973554725,5,0.5186006379726118,0.008683074468840611,5,0.3692993124453049,0.0057287380221734225
natural_proteins,amacGFP_to_cgreGFP,aubin_linear,iterative_fancy,10,960,4904,5,5,0.46394049405093235,0.03583439637773968,5,0.6807379050240121,0.025893983723334856,5,0.21998187543007813,0.06024798226513753,5,0.5265466291521771,0.01356675455625192,5,0.5268156519265069,0.017120591619931732,5,0.37581766589926247,0.012784591465648275
natural_proteins,amacGFP_to_cgreGFP,aubin_linear,iterative_random,1,96,4904,5,5,0.5313484097169406,0.12992387276391346,5,0.7250091840737263,0.08448441221381024,5,0.10664967737194748,0.2184395991936054,5,0.5218772595990232,0.0071198733589929565,5,0.5066032984610052,0.013495516113014043,5,0.3600416962079588,0.01045434340915752
natural_proteins,amacGFP_to_cgreGFP,aubin_linear,iterative_random,2,192,4904,5,5,0.5444591482774659,0.06938448831836892,5,0.7366178692609534,0.04813084981224151,5,0.08460673472123614,0.11665538823691517,5,0.5393729740101694,0.010081655548468545,5,0.5335637916608766,0.01253391298589825,5,0.3799612459061751,0.008820094641560099
natural_proteins,amacGFP_to_cgreGFP,aubin_linear,iterative_random,3,288,4904,5,5,0.443120904428883,0.029327206227364122,5,0.6653842579436853,0.02192868297499822,5,0.254985625823816,0.04930751398870683,5,0.5520516722355738,0.0060996821154150295,5,0.5490168041790009,0.006448841877194755,5,0.3911643941060322,0.004774228341872464
natural_proteins,amacGFP_to_cgreGFP,aubin_linear,iterative_random,4,384,4904,5,5,0.4350740475517697,0.012340895812872111,5,0.6595482457038024,0.009364770472781758,5,0.26851471908136526,0.020748614382456836,5,0.5675906507277773,0.008769425047234162,5,0.5707990628150024,0.0106299042216771,5,0.4080706946495637,0.008209149989627152
natural_proteins,amacGFP_to_cgreGFP,aubin_linear,iterative_random,5,480,4904,5,5,0.45400508137886336,0.07437406923936399,5,0.672120606740803,0.0531386320537882,5,0.23668617707796286,0.12504431656348022,5,0.5765224508701323,0.006642888416653611,5,0.5819702985376297,0.006995903307726611,5,0.4165844107171267,0.005271990077396715
natural_proteins,amacGFP_to_cgreGFP,aubin_linear,iterative_random,6,576,4904,5,5,0.402564212568744,0.013045845236307838,5,0.6344135882648536,0.010223232955916569,5,0.32317315230438437,0.02193383820800337,5,0.5885315475342576,0.0071459818780011414,5,0.5979799779717678,0.005961671388877772,5,0.4289458888346336,0.004642266565721891
natural_proteins,amacGFP_to_cgreGFP,aubin_linear,iterative_random,7,672,4904,5,5,0.4510420908330849,0.0526585585476842,5,0.6706844604589255,0.039122329493603336,5,0.24166782097038592,0.08853426378515433,5,0.5967470988493389,0.0060994038103386545,5,0.6091548674431223,0.007752317649573711,5,0.43699331625024695,0.005856639859393933
natural_proteins,amacGFP_to_cgreGFP,aubin_linear,iterative_random,8,768,4904,5,5,0.4087408228012233,0.026993170325897042,5,0.6390529257765761,0.02098156505188205,5,0.3127884844611652,0.0453833247233021,5,0.6057129657721468,0.007802219401827778,5,0.6205468251652556,0.009028788090017389,5,0.44578393105875785,0.007320820475806884
natural_proteins,amacGFP_to_cgreGFP,aubin_linear,iterative_random,9,864,4904,5,5,0.3866704703697922,0.01335777324312205,5,0.6217549389121474,0.01068095900095686,5,0.34989512881084384,0.022458279385257792,5,0.6116721744430864,0.0067437005537509765,5,0.627566684953426,0.008482058835759785,5,0.45138893344952996,0.007731579788713025
natural_proteins,amacGFP_to_cgreGFP,aubin_linear,iterative_random,10,960,4904,5,5,0.41381355431517325,0.04659726161918089,5,0.6425029207791532,0.03541805869592872,5,0.3042597559438317,0.07834347095017158,5,0.6168740524199668,0.010706710050392393,5,0.634924940641937,0.014094619030786426,5,0.4574983166134989,0.011663404186693602
natural_proteins,amacGFP_to_cgreGFP,aubin_linear,oneshot_fancy,1,960,4904,5,5,0.4421637247227916,0.03502398607067335,5,0.6645449612807777,0.02607007765430431,5,0.25659492168997916,0.05888544819890309,5,0.5631467887394976,0.029858196868847928,5,0.5708572425768738,0.03388319245858818,5,0.40946698836309786,0.02453148606673815
natural_proteins,amacGFP_to_cgreGFP,aubin_linear,oneshot_random,1,960,4904,5,5,0.38724856408267005,0.022535057180225415,5,0.6220866816232544,0.01791384344709978,5,0.34892318611662587,0.03788794740746573,5,0.6174944189115484,0.011155927951457806,5,0.6370600775447383,0.015264854739255065,5,0.4592556772787547,0.011463970394682683
natural_proteins,amacGFP_to_cgreGFP,aubin_linear,source_only,0,0,4904,5,5,17.053264138086313,3.41645886499125,5,4.112952840377881,0.41364699762272555,5,-27.67146817610037,5.744055262932494,5,0.4705453383284322,0.00961791152837971,5,0.445851887214999,0.01252850519356588,5,0.3161366850654995,0.009453962766376068
natural_proteins,amacGFP_to_cgreGFP,mlp_small,iterative_fancy,1,96,4904,5,5,0.7821074752479726,0.2517190974659481,5,0.8758615458918062,0.13681204111840858,5,-0.31494882183762735,0.4232125904971491,5,0.32841649737584916,0.02368906807997421,5,0.3366334620724591,0.020823116852688575,5,0.23631180129772383,0.014652949036321474
natural_proteins,amacGFP_to_cgreGFP,mlp_small,iterative_fancy,2,192,4904,5,5,0.5741721775089706,0.10292738139082487,5,0.7553712300045328,0.06695597798563363,5,0.03465054069712632,0.17305069082965283,5,0.42228870786425887,0.052200520590573014,5,0.4261552798162575,0.04713512026346376,5,0.30046558183319705,0.034481854728913075
natural_proteins,amacGFP_to_cgreGFP,mlp_small,iterative_fancy,3,288,4904,5,5,0.5385690946130346,0.09772463068699189,5,0.7316089164682162,0.06439611748037699,5,0.0945096181122285,0.16430336245748636,5,0.4811556772163213,0.023980880881163222,5,0.48354139827630915,0.026843404907349478,5,0.34167167887251665,0.0203333371626926
natural_proteins,amacGFP_to_cgreGFP,mlp_small,iterative_fancy,4,384,4904,5,5,0.5399429321297713,0.049890041824518,5,0.7341873059901228,0.0337626245413693,5,0.09219979998466676,0.08387958662302777,5,0.4034361263875005,0.054759850298766524,5,0.4028759527598977,0.05363008301065356,5,0.28335372695841315,0.039022058737984186
natural_proteins,amacGFP_to_cgreGFP,mlp_small,iterative_fancy,5,480,4904,5,5,0.5145576334852795,0.11671727447744708,5,0.7137634213224235,0.07983899319402009,5,0.13487982747575766,0.1962354886245742,5,0.5138071397836168,0.03931677507775722,5,0.5115943715204345,0.030092825400930008,5,0.3637637415962002,0.022934970807984893
natural_proteins,amacGFP_to_cgreGFP,mlp_small,iterative_fancy,6,576,4904,5,5,0.4597243551523669,0.0282163423041207,5,0.6777783908566919,0.02064001090358958,5,0.22707042406671474,0.04743983051383947,5,0.49910733159074133,0.05303924329384154,5,0.4975702061993964,0.04978574741672768,5,0.353085613196869,0.03686668510801226
natural_proteins,amacGFP_to_cgreGFP,mlp_small,iterative_fancy,7,672,4904,5,5,0.542681748713395,0.09139866969761781,5,0.7345410946257878,0.06256126017097678,5,0.08759505734527014,0.15366759280532846,5,0.46043030207605773,0.05273607087535917,5,0.4604436902168948,0.051981612802903344,5,0.3250683408277923,0.03891948581120581
natural_proteins,amacGFP_to_cgreGFP,mlp_small,iterative_fancy,8,768,4904,5,5,0.5172150672671629,0.11765065410606557,5,0.7158759069584921,0.07694765350157894,5,0.1304119128589188,0.1978047696784217,5,0.5203762476190437,0.05920675161234552,5,0.5189349599945884,0.06017841633966649,5,0.36859057620305535,0.04434016272524238
natural_proteins,amacGFP_to_cgreGFP,mlp_small,iterative_fancy,9,864,4904,5,5,0.49056030646333076,0.05449560160466001,5,0.6995471609436816,0.03863411832444278,5,0.17522627332037594,0.09162286436740735,5,0.5158176415312707,0.053490742094919747,5,0.5157066641289205,0.05204985699167695,5,0.36612469840524603,0.03826789136549555
natural_proteins,amacGFP_to_cgreGFP,mlp_small,iterative_fancy,10,960,4904,5,5,0.4264674663158389,0.029089295916850336,5,0.6527365418465276,0.022429702797717214,5,0.28298487083723345,0.04890751796205592,5,0.555610899414053,0.04336315939065713,5,0.5564544761383049,0.037348138597568734,5,0.39640114622345785,0.028107717943308914
natural_proteins,amacGFP_to_cgreGFP,mlp_small,iterative_random,1,96,4904,5,5,0.5460275280733333,0.07234548357977758,5,0.7376184200905029,0.04932791319987712,5,0.08196983476817517,0.12163367747935172,5,0.42246624999756205,0.09794355701290443,5,0.4188239931681812,0.0925589454804528,5,0.2969127227279936,0.06649562998629265
natural_proteins,amacGFP_to_cgreGFP,mlp_small,iterative_random,2,192,4904,5,5,0.5020442452918452,0.04825405837263661,5,0.7078719029030873,0.03467013073611246,5,0.15591845142822167,0.0811290253757833,5,0.4246278341809605,0.08325320404858613,5,0.4263325698589922,0.07574421043100216,5,0.30203161900430087,0.05475007876541006
natural_proteins,amacGFP_to_cgreGFP,mlp_small,iterative_random,3,288,4904,5,5,0.48696994846014985,0.0541128559993839,5,0.6970161688171452,0.037722819148674154,5,0.18126270331966884,0.09097935832936348,5,0.5056914131491014,0.0623098633150915,5,0.4994312430206011,0.05845908172229497,5,0.3540032511420338,0.04298546569785039
natural_proteins,amacGFP_to_cgreGFP,mlp_small,iterative_random,4,384,4904,5,5,0.5282392214876912,0.09542003269423444,5,0.724479098152319,0.06489662768678296,5,0.11187712184513396,0.1604286668289541,5,0.5016590425416385,0.05652087745924402,5,0.49531174732488203,0.05734047924742539,5,0.35099780736487063,0.041731906468515656
natural_proteins,amacGFP_to_cgreGFP,mlp_small,iterative_random,5,480,4904,5,5,0.48651615484553473,0.10061922010711662,5,0.6947012500795793,0.06987782179816213,5,0.18202566160581274,0.1691700042786631,5,0.5360646714414015,0.053570147308944556,5,0.5323560271866409,0.0475658997662138,5,0.3780102111130651,0.0350595245081448
natural_proteins,amacGFP_to_cgreGFP,mlp_small,iterative_random,6,576,4904,5,5,0.42609206149179135,0.04792286369711218,5,0.6519283943462295,0.03676666521691819,5,0.2836160348993554,0.08057219135723406,5,0.567227601928552,0.06310042906551225,5,0.5599915700722171,0.061494440915984896,5,0.3991110749206744,0.04628128575690245
natural_proteins,amacGFP_to_cgreGFP,mlp_small,iterative_random,7,672,4904,5,5,0.45767944901113555,0.06327259652933143,5,0.6752265773442044,0.046750912546796274,5,0.2305085025997556,0.10637953081125158,5,0.5978036286534669,0.03643922978018016,5,0.592001606315544,0.0394959199239261,5,0.42301429436343235,0.03110065182269507
natural_proteins,amacGFP_to_cgreGFP,mlp_small,iterative_random,8,768,4904,5,5,0.43369750996926787,0.059532807502752014,5,0.6573808611265759,0.043987404358372645,5,0.27082907680023516,0.10009186405181719,5,0.6064906022407496,0.04730322709950859,5,0.6088746045924656,0.04227046074380858,5,0.4367935579387881,0.03231509695833975
natural_proteins,amacGFP_to_cgreGFP,mlp_small,iterative_random,9,864,4904,5,5,0.4208212171858091,0.034115781483183456,5,0.6482896896856302,0.026021515931975412,5,0.292477848306833,0.05735849366886397,5,0.63042938260226,0.0338644177477663,5,0.6296770566041161,0.03401492954231336,5,0.45267406388273856,0.02633238729164261
natural_proteins,amacGFP_to_cgreGFP,mlp_small,iterative_random,10,960,4904,5,5,0.4518232640458863,0.055367739695359554,5,0.671120227905349,0.04214415354113221,5,0.24035444291387442,0.09308918068727305,5,0.6155390060423358,0.031079803678799353,5,0.6232367520087041,0.031035305443809186,5,0.4482477707671064,0.024647250397014445
natural_proteins,amacGFP_to_cgreGFP,mlp_small,oneshot_fancy,1,960,4904,5,5,0.6591092077487364,0.09943685220451932,5,0.8100137074190503,0.06110443459747364,5,-0.10815316771744343,0.16718210193825134,5,0.34542843197309664,0.06122031948915656,5,0.36074068932334147,0.05641119992246757,5,0.2544048577554029,0.04095012794061179
natural_proteins,amacGFP_to_cgreGFP,mlp_small,oneshot_random,1,960,4904,5,5,0.3919334863975031,0.07971748060163643,5,0.6235392585888184,0.06257275161771489,5,0.3410464770027829,0.13402813617623385,5,0.6440628558968569,0.0500308972006137,5,0.6415177048096851,0.038961585423081285,5,0.46263005999608264,0.031138324718659103
natural_proteins,amacGFP_to_cgreGFP,mlp_small,source_only,0,0,4904,5,5,8.839160211079886,0.9785070926564805,5,2.969372973596055,0.16577226380342638,5,-13.861184266150076,1.6451533700537104,5,0.32077606026832645,0.04036162958086422,5,0.3249324368513765,0.03216667563694702,5,0.22980449389993507,0.02286607564115905
natural_proteins,amacGFP_to_ppluGFP,CNN_Jannis_OHE,iterative_fancy,1,96,6281,5,5,0.24662687261831867,0.010304197785020753,5,0.49652841726415964,0.010392513379064723,5,0.09916240076155194,0.03763745895242222,5,0.45592032831530976,0.06177844200252748,5,0.4165256464356156,0.03633136454611216,5,0.28666170053660034,0.0253023506328947
natural_proteins,amacGFP_to_ppluGFP,CNN_Jannis_OHE,iterative_fancy,2,192,6281,5,5,0.19845467638316583,0.032862896090245515,5,0.44417090144228577,0.03819173168228145,5,0.27511778285682487,0.1200361181393842,5,0.5907032350344087,0.05632602802415079,5,0.46791541764684813,0.05087385683257539,5,0.3227961986720781,0.03649976523325559
natural_proteins,amacGFP_to_ppluGFP,CNN_Jannis_OHE,iterative_fancy,3,288,6281,5,5,0.1942926777286394,0.022945977751103633,5,0.44020890077048314,0.02521907539647019,5,0.29032003894584274,0.08381324909987807,5,0.6105188303239995,0.041127650808388184,5,0.4846311018683914,0.03299347036547765,5,0.33738936719576257,0.022967713102343173
natural_proteins,amacGFP_to_ppluGFP,CNN_Jannis_OHE,iterative_fancy,4,384,6281,5,5,0.16322443110353818,0.016395093830025947,5,0.40360357757964727,0.020266452219365683,5,0.4038009601657201,0.0598852704424743,5,0.6852919151422439,0.01925885542149291,5,0.4995066756522738,0.07737277237464238,5,0.3506872047773689,0.05680807683504898
natural_proteins,amacGFP_to_ppluGFP,CNN_Jannis_OHE,iterative_fancy,5,480,6281,5,5,0.13399149636440244,0.02150064354668095,5,0.36510271460693555,0.0294003433451249,5,0.5105781595419299,0.07853397283534728,5,0.7299170782774012,0.049176719989900246,5,0.558276750864794,0.05579401825576267,5,0.3963487640014088,0.04495211670069458
natural_proteins,amacGFP_to_ppluGFP,CNN_Jannis_OHE,iterative_fancy,6,576,6281,5,5,0.11788321591297443,0.014455437492948624,5,0.3428426547644957,0.02068000202512164,5,0.5694158058035408,0.052800416551695976,5,0.7625335144744169,0.033249365038777845,5,0.607305879508285,0.05599673953090145,5,0.4350580099943179,0.04628574404391607
natural_proteins,amacGFP_to_ppluGFP,CNN_Jannis_OHE,iterative_fancy,7,672,6281,5,5,0.10309126526193439,0.011540406749172541,5,0.32067990768211113,0.017876733165174248,5,0.6234453816201171,0.04215287733972427,5,0.8006158962114236,0.024767311081266424,5,0.6265872581975733,0.054142153175153036,5,0.4521535055332433,0.044203538759114695
natural_proteins,amacGFP_to_ppluGFP,CNN_Jannis_OHE,iterative_fancy,8,768,6281,5,5,0.09664910114865982,0.013221955081749354,5,0.3103197850899751,0.02093836581408317,5,0.6469762466555896,0.048294957263294545,5,0.8198233420425929,0.02953713370708463,5,0.6486160841157154,0.03694512366063099,5,0.4702698477503694,0.03092199649282003
natural_proteins,amacGFP_to_ppluGFP,CNN_Jannis_OHE,iterative_fancy,9,864,6281,5,5,0.09069112414553912,0.01827393148792237,5,0.2999208710407067,0.03038493170394864,5,0.6687385535884413,0.06674797598274836,5,0.8276288315689267,0.04001757329955847,5,0.6662684618768113,0.037620312354227615,5,0.4852163194903845,0.03259125947616862
natural_proteins,amacGFP_to_ppluGFP,CNN_Jannis_OHE,iterative_fancy,10,960,6281,5,5,0.0794397777756554,0.004354850135032909,5,0.2817630718295939,0.007854069709908157,5,0.7098355992771007,0.015906671884687775,5,0.8480773898049238,0.009226099053076298,5,0.6922627614119342,0.016689064468273982,5,0.5076530726249007,0.014425432514335593
natural_proteins,amacGFP_to_ppluGFP,CNN_Jannis_OHE,iterative_random,1,96,6281,5,5,0.2399574406570899,0.026378708757996604,5,0.4892728965717342,0.026680361162169222,5,0.12352339197249602,0.09635175768270618,5,0.44378179093597836,0.03521652357010015,5,0.4355449665076,0.04014464851790005,5,0.29784808156305387,0.027897833736152067
natural_proteins,amacGFP_to_ppluGFP,CNN_Jannis_OHE,iterative_random,2,192,6281,5,5,0.2051742283319113,0.039657961730154984,5,0.45134337253586193,0.04276956277344663,5,0.2505737216959233,0.14485600314517183,5,0.5895010480885707,0.07096403973369168,5,0.50771989301817,0.06153675124181828,5,0.35455571925381085,0.04576298850875171
natural_proteins,amacGFP_to_ppluGFP,CNN_Jannis_OHE,iterative_random,3,288,6281,5,5,0.15529776479265517,0.009027175332078197,5,0.3939466030728199,0.01139291007827004,5,0.4327541677933052,0.03297296384501876,5,0.7039903236237418,0.026183262078701513,5,0.6006247953224315,0.01749577454842946,5,0.4274354047501778,0.012835991866950627
natural_proteins,amacGFP_to_ppluGFP,CNN_Jannis_OHE,iterative_random,4,384,6281,5,5,0.1112814116408191,0.010980493275491231,5,0.3332711924121699,0.016268218594453494,5,0.5935297778457296,0.04010771857799864,5,0.7866688088778201,0.015388021559467736,5,0.6608438823036682,0.01563520319796645,5,0.47867187099469904,0.012706757164917856
natural_proteins,amacGFP_to_ppluGFP,CNN_Jannis_OHE,iterative_random,5,480,6281,5,5,0.10106182726856625,0.016046604091694245,5,0.31705042178899545,0.026001377655480815,5,0.6308581750044713,0.058612365118309494,5,0.8196608365749611,0.026081878087798785,5,0.6842227720901495,0.027248716696832584,5,0.5006937277734237,0.024512950112992097
natural_proteins,amacGFP_to_ppluGFP,CNN_Jannis_OHE,iterative_random,6,576,6281,5,5,0.07898457424428723,0.013163746022100794,5,0.2801714867854658,0.024711137082012783,5,0.7114982909862773,0.04808234089675251,5,0.85097275712097,0.02494126637253912,5,0.7201479087744358,0.021712024113856535,5,0.5339389123870051,0.02113470441568345
natural_proteins,amacGFP_to_ppluGFP,CNN_Jannis_OHE,iterative_random,7,672,6281,5,5,0.08302174808712383,0.008910853041118702,5,0.28779595515144873,0.015621951126105477,5,0.6967519741973619,0.03254808113773955,5,0.8448014489485279,0.017762413908212118,5,0.7189510573781652,0.012795506092448873,5,0.5319134172441722,0.012761015315653134
natural_proteins,amacGFP_to_ppluGFP,CNN_Jannis_OHE,iterative_random,8,768,6281,5,5,0.07385675329946928,0.00950220926609253,5,0.27131945313455424,0.017410759971771238,5,0.7302283420152391,0.03470808874901301,5,0.8632860481201152,0.01690673555534915,5,0.7511803070278978,0.009012209451205835,5,0.5636420105231734,0.008328764389590773
natural_proteins,amacGFP_to_ppluGFP,CNN_Jannis_OHE,iterative_random,9,864,6281,5,5,0.06684367732049627,0.004801166021996545,5,0.2584095975204622,0.009230197032632958,5,0.7558445389085603,0.01753690028537193,5,0.8780985112837764,0.004552725403747655,5,0.7496659564405735,0.011748382284546447,5,0.5631608548180737,0.012194583295565158
natural_proteins,amacGFP_to_ppluGFP,CNN_Jannis_OHE,iterative_random,10,960,6281,5,5,0.06753594548249527,0.009068158588429487,5,0.2594059556185124,0.01748197901203065,5,0.7533159369664293,0.033122660663814384,5,0.8779238504873252,0.012099121352202391,5,0.7663537670465199,0.01785413495839854,5,0.5796820464581712,0.017859572229223235
natural_proteins,amacGFP_to_ppluGFP,CNN_Jannis_OHE,oneshot_fancy,1,960,6281,5,5,0.08298969658528449,0.0071272953403408845,5,0.2878664340755208,0.012380060476846705,5,0.6968690465896054,0.026033398369335527,5,0.8453759300502324,0.009449364390090571,5,0.7389454928134122,0.022085769234729394,5,0.553496114113107,0.02151468853506052
natural_proteins,amacGFP_to_ppluGFP,CNN_Jannis_OHE,oneshot_random,1,960,6281,5,5,0.06349629401963194,0.0073201963307796564,5,0.2516496165430314,0.014524312091162544,5,0.7680713035934785,0.026737995006647263,5,0.8831868815074028,0.009892856573487468,5,0.7641981846669884,0.00991278492744688,5,0.5773922926679749,0.009547228614474988
natural_proteins,amacGFP_to_ppluGFP,CNN_Jannis_OHE,source_only,0,0,6281,5,5,1.245369247386749,0.041822708553243576,5,1.1158356941307375,0.01870665291160723,5,-3.5488775455442507,0.15276303010605033,5,0.029559085161453384,0.07762041517379058,5,0.03890133235766048,0.05193208471877256,5,0.02600212585366856,0.034223793028039115
natural_proteins,amacGFP_to_ppluGFP,aubin_1_10_1,iterative_fancy,1,96,6281,5,5,0.7133325599170093,0.16861483472075392,5,0.8399008884953572,0.09936710611237697,5,-1.6055424695294338,0.6158882091527177,5,0.4291528003981143,0.028581977432566654,5,0.24971534649173285,0.010502544711751506,5,0.168732749584332,0.006962378176010455
natural_proteins,amacGFP_to_ppluGFP,aubin_1_10_1,iterative_fancy,2,192,6281,5,5,0.6901041543185225,0.4886966449968724,5,0.7823494188823613,0.31231702862026733,5,-1.5206976149873197,1.7850297810659876,5,0.33556831540361615,0.2685988799115241,5,0.2601592241035452,0.2652753535027883,5,0.17687640175039282,0.17926980886622648
natural_proteins,amacGFP_to_ppluGFP,aubin_1_10_1,iterative_fancy,3,288,6281,5,5,0.3912726394760455,0.22569376150727224,5,0.6068367731470693,0.1696384767398665,5,-0.42917558598239747,0.8243766144411812,5,0.48816001283451643,0.0786056985747756,5,0.39477707701972714,0.023047216524544167,5,0.2687664826569331,0.016908993678756878
natural_proteins,amacGFP_to_ppluGFP,aubin_1_10_1,iterative_fancy,4,384,6281,5,5,0.32164185633838,0.15249870753451783,5,0.5565745256839197,0.12179210615891638,5,-0.17483984856296866,0.5570219016439708,5,0.4146990930979917,0.20806905712444615,5,0.2893848074281634,0.28476747533428554,5,0.19760887416573952,0.1959751598417318
natural_proteins,amacGFP_to_ppluGFP,aubin_1_10_1,iterative_fancy,5,480,6281,5,5,0.3507672659510041,0.15126272835110255,5,0.5810331613957087,0.12829522258015089,5,-0.2812242980502623,0.5525073225615056,5,0.549501824467045,0.05521520449951565,5,0.4570780004329892,0.036277636766906624,5,0.3158429056040243,0.027681847448617194
natural_proteins,amacGFP_to_ppluGFP,aubin_1_10_1,iterative_fancy,6,576,6281,5,5,0.2452957395168375,0.1201980819721662,5,0.4856522178353043,0.10861435694975823,5,0.1040245422414096,0.43903955172170384,5,0.5556059757632503,0.0663257261295097,5,0.45871468460446574,0.03216371229034094,5,0.31638731360434685,0.023742487892919068
natural_proteins,amacGFP_to_ppluGFP,aubin_1_10_1,iterative_fancy,7,672,6281,5,5,0.3240038193331304,0.12654051499606583,5,0.5603329628384921,0.1119753884217842,5,-0.18346723393704317,0.46220613563011137,5,0.5728271147229924,0.03701870891131269,5,0.48345150164376155,0.03956600159618976,5,0.3355454426979786,0.029712079498604913
natural_proteins,amacGFP_to_ppluGFP,aubin_1_10_1,iterative_fancy,8,768,6281,5,5,0.2376806064197634,0.07295370839943051,5,0.4829797704583333,0.07425587306552812,5,0.13183983318768894,0.26647316584917585,5,0.5869205287334941,0.04248525943604112,5,0.4991793874420874,0.023877706031541688,5,0.3479373509061663,0.01830124125784704
natural_proteins,amacGFP_to_ppluGFP,aubin_1_10_1,iterative_fancy,9,864,6281,5,5,0.2592759188386865,0.07624942800821567,5,0.504805537432254,0.07455944118972962,5,0.052960069649617816,0.278511221996998,5,0.5661348472694281,0.09194467641850225,5,0.48951362850258,0.06621016378389226,5,0.34100966588798187,0.04881931704341612
natural_proteins,amacGFP_to_ppluGFP,aubin_1_10_1,iterative_fancy,10,960,6281,5,5,0.20729130419346403,0.057569468831173115,5,0.4520500355692879,0.06064311106042454,5,0.2428408192904407,0.21028017563830795,5,0.6271584655836969,0.03372252410701047,5,0.5301637790181297,0.01404791937078055,5,0.3720024581395617,0.011623833509399798
natural_proteins,amacGFP_to_ppluGFP,aubin_1_10_1,iterative_random,1,96,6281,5,5,0.26715228504005756,0.030465464312615823,5,0.5161967250383304,0.02943692621011523,5,0.0241905898916406,0.11127917829755167,5,0.4532061655810641,0.035721290151229976,5,0.3488529596556197,0.02365505347380539,5,0.23876886647348475,0.01644946596205379
natural_proteins,amacGFP_to_ppluGFP,aubin_1_10_1,iterative_random,2,192,6281,5,5,0.2317248984389353,0.010207717324941865,5,0.4812826395250223,0.01071910273546127,5,0.15359385221349703,0.03728505118311398,5,0.5179665572469696,0.01568958144711271,5,0.407430987731977,0.029754727314260286,5,0.2800342227746354,0.022089436896788685
natural_proteins,amacGFP_to_ppluGFP,aubin_1_10_1,iterative_random,3,288,6281,5,5,0.24203973432460807,0.02787910599488629,5,0.49132675964627087,0.028234499732235584,5,0.11591753617729436,0.10183215902921909,5,0.5501139354002923,0.032866006672427985,5,0.4477304296408319,0.029585848315011206,5,0.3092753705969765,0.022244136615313957
natural_proteins,amacGFP_to_ppluGFP,aubin_1_10_1,iterative_random,4,384,6281,5,5,0.20331718081374808,0.02216975398663319,5,0.45033073715245486,0.025480580582935317,5,0.25735683583986674,0.08097798810405159,5,0.5920903348631884,0.0333257720180375,5,0.47737175213066435,0.02188628244151111,5,0.3307507972521614,0.01705354243310949
natural_proteins,amacGFP_to_ppluGFP,aubin_1_10_1,iterative_random,5,480,6281,5,5,0.1853491173573781,0.030397206840750302,5,0.42944550841509227,0.0340160377520845,5,0.32298758797631566,0.11102985876301506,5,0.629438104474582,0.025031396489616723,5,0.5079684684658323,0.019070422040786152,5,0.35384516449837583,0.014424303955981644
natural_proteins,amacGFP_to_ppluGFP,aubin_1_10_1,iterative_random,6,576,6281,5,5,0.2255421994446892,0.045614600570587714,5,0.4730201313502896,0.04735708476622062,5,0.17617698623965067,0.16661342226003978,5,0.2751203300168637,0.5085125681204657,5,0.23100479015049719,0.4141753966670934,5,0.16040394073921788,0.2932478679774319
natural_proteins,amacGFP_to_ppluGFP,aubin_1_10_1,iterative_random,7,672,6281,5,5,0.17173516091026067,0.004458189117607101,5,0.4143817299766475,0.005355227798784425,5,0.37271438259426415,0.01628413132364333,5,0.6483248667397274,0.0214055603315876,5,0.5375093214768079,0.024539544882589356,5,0.37661631348456054,0.019426580199644092
natural_proteins,amacGFP_to_ppluGFP,aubin_1_10_1,iterative_random,8,768,6281,5,5,0.20862581442719091,0.05696599590243464,5,0.453447023389056,0.061355637544522154,5,0.23796634238390282,0.20807591014785803,5,0.5349718657129997,0.32792238649455013,5,0.4339057232598648,0.2644568084742312,5,0.3045423054510418,0.18822136895214617
natural_proteins,amacGFP_to_ppluGFP,aubin_1_10_1,iterative_random,9,864,6281,5,5,0.15661447354251598,0.018001339499929367,5,0.395227516442058,0.022629731261073417,5,0.42794471318469685,0.06575229733091187,5,0.6901512961609355,0.019291819342836025,5,0.5685975555160505,0.019300179601627127,5,0.4013683019934149,0.0157424072355977
natural_proteins,amacGFP_to_ppluGFP,aubin_1_10_1,iterative_random,10,960,6281,5,5,0.149672745839888,0.016086597645178627,5,0.3864108475760603,0.021195598465207004,5,0.45330030096721785,0.058758446915168905,5,0.7164219158028874,0.01661451767564217,5,0.5691548240691666,0.03731398616424366,5,0.4014803846545313,0.03125592983030912
natural_proteins,amacGFP_to_ppluGFP,aubin_1_10_1,oneshot_fancy,1,960,6281,5,5,0.4912880717133163,0.24488138765236783,5,0.6844156943193797,0.16905335357009996,5,-0.7944953133377146,0.8944619822201543,5,0.5356681034187691,0.04503510328878501,5,0.3718790408365744,0.034045004398644,5,0.25645289744582433,0.024027198050866064
natural_proteins,amacGFP_to_ppluGFP,aubin_1_10_1,oneshot_random,1,960,6281,5,5,0.15379554416088656,0.0096220737851347,5,0.3920134326665192,0.012299022821905295,5,0.4382412293332016,0.035145909917572105,5,0.7072996913717281,0.017677418187058733,5,0.5824480769019751,0.016530848472766674,5,0.41410645628602794,0.01365274337325289
natural_proteins,amacGFP_to_ppluGFP,aubin_1_10_1,source_only,0,0,6281,5,5,2.89320620224547,3.082317845639411,5,1.4818321756944068,0.9336618802611643,5,-9.567822158480423,11.258577699490278,5,-0.0816852264770586,0.28725040836612015,5,-0.04293147728114625,0.21174006788530614,5,-0.029737907559951548,0.14288015342103616
natural_proteins,amacGFP_to_ppluGFP,aubin_linear,iterative_fancy,1,96,6281,5,5,0.2931577165578591,0.0452641358516663,5,0.5402254492723524,0.04053055200006895,5,-0.07079772280497092,0.16533330305543253,5,0.41819852552316766,0.018538850440564816,5,0.32483633944977364,0.013700870011167036,5,0.22197810174861887,0.009567598320046925
natural_proteins,amacGFP_to_ppluGFP,aubin_linear,iterative_fancy,2,192,6281,5,5,0.27989279872642225,0.0723473256866666,5,0.5258783202737742,0.06466056557570533,5,-0.022345838359028834,0.26425827198385343,5,0.4708947672225179,0.018389266832647633,5,0.3825607727877571,0.010091315182110502,5,0.2625493584631303,0.007380997686940883
natural_proteins,amacGFP_to_ppluGFP,aubin_linear,iterative_fancy,3,288,6281,5,5,0.2992961217580065,0.09587500141222824,5,0.5418171990288807,0.08463336069855146,5,-0.09321906783095035,0.35019625064474574,5,0.5144028273345389,0.016254974673495046,5,0.42688028417914853,0.006334409724719687,5,0.2935525691632672,0.003534954488467681
natural_proteins,amacGFP_to_ppluGFP,aubin_linear,iterative_fancy,4,384,6281,5,5,0.22087843444635058,0.02306119338739393,5,0.46945620015478495,0.024731320794213352,5,0.1932120109306446,0.08423408960313948,5,0.5488008324860205,0.028192433567673886,5,0.46070006707615513,0.0218705886842074,5,0.3176507989165998,0.01592174392820317
natural_proteins,amacGFP_to_ppluGFP,aubin_linear,iterative_fancy,5,480,6281,5,5,0.20637146653474353,0.01783258059467529,5,0.4539315361680464,0.019925705974354033,5,0.2462006492204633,0.06513588288488976,5,0.5817450409862011,0.014954581878659853,5,0.4954253997534016,0.012175191460083357,5,0.3433410461797068,0.009554229596260852
natural_proteins,amacGFP_to_ppluGFP,aubin_linear,iterative_fancy,6,576,6281,5,5,0.21282888696614188,0.044629226391601266,5,0.4595274649197131,0.04559873834060269,5,0.22261405844494492,0.16301421143469128,5,0.5967744638509137,0.008910150793744952,5,0.508907029095848,0.010824024197188706,5,0.35346140859207426,0.009323347326256443
natural_proteins,amacGFP_to_ppluGFP,aubin_linear,iterative_fancy,7,672,6281,5,5,0.21853600996608483,0.037881419066686704,5,0.4661322886476308,0.03963425674537435,5,0.20176802927040463,0.13836694373768305,5,0.6205533025934772,0.018989856359091766,5,0.5292381944825135,0.01735461305967597,5,0.3688488827599401,0.013967710131245217
natural_proteins,amacGFP_to_ppluGFP,aubin_linear,iterative_fancy,8,768,6281,5,5,0.17859390715386658,0.018151711018812505,5,0.4221846214225177,0.021037246379693997,5,0.34766189567635336,0.06630154939183457,5,0.6357303477157353,0.014368179148675,5,0.5460256968954302,0.015473528282721279,5,0.3813964069985055,0.012834288855503603
natural_proteins,amacGFP_to_ppluGFP,aubin_linear,iterative_fancy,9,864,6281,5,5,0.17942844057682647,0.0124927711656,5,0.42338753837029924,0.014638687166409174,5,0.34461365086327944,0.04563151559753633,5,0.6441602490263186,0.011856428483922323,5,0.5532099922963047,0.013491705550117241,5,0.3867346735371418,0.011442826003313384
natural_proteins,amacGFP_to_ppluGFP,aubin_linear,iterative_fancy,10,960,6281,5,5,0.16469705095827852,0.010882296890442627,5,0.40565581435572023,0.013248171462315782,5,0.39842201941830135,0.039749043163507296,5,0.6653142039140382,0.008895843120655821,5,0.5701312389102067,0.0057349126066716825,5,0.39996354049290417,0.005082577300383514
natural_proteins,amacGFP_to_ppluGFP,aubin_linear,iterative_random,1,96,6281,5,5,0.29159226890092166,0.021429725551092106,5,0.5397022105465015,0.019805076121464222,5,-0.06507971610911725,0.07827493538249064,5,0.4546714771740114,0.021477836156530157,5,0.3572071588160747,0.02309116408234302,5,0.24411798043419575,0.01639567879128274
natural_proteins,amacGFP_to_ppluGFP,aubin_linear,iterative_random,2,192,6281,5,5,0.25736899602582847,0.08667877037795367,5,0.502417768079321,0.07862396536697708,5,0.059925359970298395,0.3166057882632239,5,0.5147986970972648,0.019789776361178874,5,0.4167308533842946,0.026375788603462142,5,0.28631751312451076,0.019896120539271627
natural_proteins,amacGFP_to_ppluGFP,aubin_linear,iterative_random,3,288,6281,5,5,0.21615780494065878,0.02680947598075135,5,0.4642504986978647,0.028046376758922093,5,0.21045474083130236,0.09792519251021403,5,0.5530712492591741,0.02578660276581183,5,0.45703100171808086,0.027478177780869636,5,0.31551632544785385,0.02038649700093854
natural_proteins,amacGFP_to_ppluGFP,aubin_linear,iterative_random,4,384,6281,5,5,0.2042646242726994,0.02598852120741694,5,0.4512285135350009,0.028667334321771307,5,0.2538961720366294,0.09492654552887535,5,0.5844584394412984,0.02437901824524478,5,0.489608989729459,0.02866724532753373,5,0.33963754098393045,0.022339218658432376
natural_proteins,amacGFP_to_ppluGFP,aubin_linear,iterative_random,5,480,6281,5,5,0.20254890017622076,0.03251763260448985,5,0.44893748617557466,0.03542657340501011,5,0.26016308350340756,0.11877499713374999,5,0.6157978540000967,0.016156905578543546,5,0.5198437927633819,0.0179601122934334,5,0.3622467842899409,0.014254767024888398
natural_proteins,amacGFP_to_ppluGFP,aubin_linear,iterative_random,6,576,6281,5,5,0.18322042813734365,0.012051958351348833,5,0.4278625058139567,0.013879132535284135,5,0.3307629097250867,0.044021387905092545,5,0.6353149581675618,0.011160112629114162,5,0.538677360683989,0.015029154555441017,5,0.377017846581425,0.011848302140906245
natural_proteins,amacGFP_to_ppluGFP,aubin_linear,iterative_random,7,672,6281,5,5,0.17683709887001237,0.011115081697155547,5,0.42035478661951,0.013179161395864579,5,0.3540788726259768,0.04059932076785819,5,0.6500389007508828,0.014671785627630277,5,0.5518410608939122,0.01888226288639831,5,0.3866148220956826,0.01505270815171204
natural_proteins,amacGFP_to_ppluGFP,aubin_linear,iterative_random,8,768,6281,5,5,0.18282803606683884,0.03401659946694631,5,0.42615603376144184,0.039036376553730046,5,0.33219617418244707,0.12425017384656119,5,0.6634468434947526,0.009463848969536141,5,0.5663565479435078,0.015819492469609807,5,0.3987588990961382,0.012246688304653086
natural_proteins,amacGFP_to_ppluGFP,aubin_linear,iterative_random,9,864,6281,5,5,0.17041188724979855,0.01764549453439464,5,0.41236907366421816,0.02132001216911967,5,0.3775478164158535,0.06445252605679981,5,0.6809188954827703,0.009353284115268621,5,0.5825155160812352,0.023268301420928485,5,0.41173939046410446,0.01917197081974603
natural_proteins,amacGFP_to_ppluGFP,aubin_linear,iterative_random,10,960,6281,5,5,0.18441480529350252,0.021410280466319646,5,0.42888141864959206,0.024380679610500902,5,0.3264002876048099,0.0782039096126812,5,0.6945008920474913,0.006168483479588967,5,0.5941071747276617,0.01167970187886649,5,0.42090975210805104,0.009553964917521317
natural_proteins,amacGFP_to_ppluGFP,aubin_linear,oneshot_fancy,1,960,6281,5,5,0.18440375496168568,0.009218362894795657,5,0.4293158694649547,0.010702755908856585,5,0.32644065041798986,0.033671301958680774,5,0.607144236923715,0.02341884884455273,5,0.5072484488207956,0.02299103950705779,5,0.35460389578052104,0.017215169609865893
natural_proteins,amacGFP_to_ppluGFP,aubin_linear,oneshot_random,1,960,6281,5,5,0.15564505075779045,0.008286269331119506,5,0.3944089231423725,0.010407455468591198,5,0.431485659411553,0.03026670569853556,5,0.6843333145917117,0.007194297939871676,5,0.5845375647706916,0.018002541914296448,5,0.41447611565650033,0.014776327138243624
natural_proteins,amacGFP_to_ppluGFP,aubin_linear,source_only,0,0,6281,5,5,74.17757174088612,10.244233581091502,5,8.5960477466734,0.5974266459127751,5,-269.9434902003225,37.418431686924386,5,0.3092384310392353,0.02251706069468852,5,0.18592242651421964,0.030075903628727654,5,0.1251223887422969,0.021128330520537402
natural_proteins,amacGFP_to_ppluGFP,mlp_small,iterative_fancy,1,96,6281,5,5,0.5579977029668227,0.3497755227390827,5,0.7197348223887411,0.22354945875541163,5,-1.0381611532621964,1.2776018234812765,5,0.36558926672237174,0.08622323997391963,5,0.3003877144655171,0.057323666891224895,5,0.20442374665807303,0.03977099538207983
natural_proteins,amacGFP_to_ppluGFP,mlp_small,iterative_fancy,2,192,6281,5,5,0.33831222200967404,0.12034612166462608,5,0.5741451828686548,0.10410049830808338,5,-0.23573058617936934,0.4395802864751058,5,0.443496345807963,0.07117833911910021,5,0.3757563082215162,0.04525209615920009,5,0.25754162445213236,0.03250709265161949
natural_proteins,amacGFP_to_ppluGFP,mlp_small,iterative_fancy,3,288,6281,5,5,0.30371370332708936,0.06156899983218581,5,0.5486817443760588,0.057684992800714,5,-0.10935487465882716,0.22488899691873646,5,0.4886164043368731,0.04245960087651327,5,0.4084842735473012,0.045414124669513965,5,0.28066489243105064,0.032295704601832
natural_proteins,amacGFP_to_ppluGFP,mlp_small,iterative_fancy,4,384,6281,5,5,0.23376939176348496,0.03953274911415742,5,0.4821557699206875,0.04023688133531886,5,0.14612606722075352,0.14439864733802843,5,0.5222981616444713,0.025808079133684964,5,0.4329024935098471,0.027991040508218375,5,0.2979463220528361,0.02017242196738549
natural_proteins,amacGFP_to_ppluGFP,mlp_small,iterative_fancy,5,480,6281,5,5,0.2550148927334439,0.12231614602443143,5,0.4954562093992118,0.10919041453584798,5,0.06852403673150034,0.44677606362577665,5,0.5612355437699778,0.03674371217386361,5,0.4604078422819834,0.03438575718376319,5,0.3188140020682173,0.025844088561139147
natural_proteins,amacGFP_to_ppluGFP,mlp_small,iterative_fancy,6,576,6281,5,5,0.2224561941967175,0.046753392885705986,5,0.46969529887535655,0.04799115037049716,5,0.1874490326687615,0.1707730133228108,5,0.5900379956549898,0.04478491723508031,5,0.4943181942019613,0.04759085160180566,5,0.3443406914009156,0.03643349488853688
natural_proteins,amacGFP_to_ppluGFP,mlp_small,iterative_fancy,7,672,6281,5,5,0.22673054712802077,0.07575637553492402,5,0.47153285949755935,0.0740549588319017,5,0.17183638757435554,0.2767102819711882,5,0.6095563537403278,0.053155315043144656,5,0.5160294868696406,0.0534911229055259,5,0.359375950330196,0.041294390530515854
natural_proteins,amacGFP_to_ppluGFP,mlp_small,iterative_fancy,8,768,6281,5,5,0.19070018842160258,0.019481856655920712,5,0.4362366951225586,0.0222972602058662,5,0.3034420860621327,0.07116008402615424,5,0.6304443373950559,0.015175328088217994,5,0.5324293929468862,0.02556103935126088,5,0.3723669905079702,0.019506849593874123
natural_proteins,amacGFP_to_ppluGFP,mlp_small,iterative_fancy,9,864,6281,5,5,0.2811692734190047,0.2760618905596124,5,0.493309719872631,0.2174131829552634,5,-0.02700833269854157,1.0083529345069298,5,0.6550504061463188,0.04561133162478261,5,0.5506746457623576,0.037516506821686835,5,0.38635692861955134,0.029970643442019704
natural_proteins,amacGFP_to_ppluGFP,mlp_small,iterative_fancy,10,960,6281,5,5,0.2849562477619531,0.14286454596966583,5,0.5189649851363166,0.13978372564615574,5,-0.04084076238984606,0.5218318394961693,5,0.6757851966209742,0.06348666766450342,5,0.5694710903270555,0.04045945670262807,5,0.40135511883872316,0.03258475885903072
natural_proteins,amacGFP_to_ppluGFP,mlp_small,iterative_random,1,96,6281,5,5,0.30526151889938624,0.0917544000896675,5,0.5478391641466154,0.08010749907564933,5,-0.11500847781005263,0.33514520384102175,5,0.4626854696948192,0.02938912312364737,5,0.3904434487684737,0.026891559648888678,5,0.2675276287471553,0.01949806054116628
natural_proteins,amacGFP_to_ppluGFP,mlp_small,iterative_random,2,192,6281,5,5,0.1959245033510013,0.016955249887768847,5,0.4423105671732569,0.01890322452232483,5,0.2843595778638126,0.06193131527489173,5,0.5720706579977958,0.023763950265151296,5,0.4674025928415322,0.028710566187221908,5,0.3238187839441349,0.022287880016868548
natural_proteins,amacGFP_to_ppluGFP,mlp_small,iterative_random,3,288,6281,5,5,0.2001573973814576,0.026012666841207947,5,0.44667517888742647,0.028255131112399894,5,0.26889836694326436,0.09501474068192363,5,0.6051653733099516,0.029412308026140165,5,0.504257471895624,0.030876035237421058,5,0.3496157869751038,0.024604498163965403
natural_proteins,amacGFP_to_ppluGFP,mlp_small,iterative_random,4,384,6281,5,5,0.20382798010623776,0.07668737813708926,5,0.4460870172526016,0.0777363584890858,5,0.2554910731861303,0.2801108933486727,5,0.6516879543596475,0.022211743331823866,5,0.5474737797741568,0.035919279843766354,5,0.3830807851987546,0.028532638181010043
natural_proteins,amacGFP_to_ppluGFP,mlp_small,iterative_random,5,480,6281,5,5,0.15988934523885115,0.01780134078755115,5,0.399363764804846,0.02230270722778889,5,0.4159828068221807,0.06502177531602832,5,0.7012237098745051,0.012130106585736601,5,0.5895181867881087,0.015897369394255893,5,0.41684799976426457,0.013588191875239778
natural_proteins,amacGFP_to_ppluGFP,mlp_small,iterative_random,6,576,6281,5,5,0.15520654784908217,0.018887454901372676,5,0.3933915020065758,0.0237084899902028,5,0.4330873498654201,0.06898895221125727,5,0.7223693208446775,0.015222127276871243,5,0.6075587467927839,0.011710252699062288,5,0.431154340216207,0.010174409695761
natural_proteins,amacGFP_to_ppluGFP,mlp_small,iterative_random,7,672,6281,5,5,0.13799998907929298,0.01243851663815364,5,0.3711841754440345,0.016669469818547552,5,0.49593660440436305,0.04543334368815062,5,0.7370963114595528,0.019199973560316105,5,0.6220206653126475,0.016636664334209406,5,0.44305295008086976,0.01368404538817186
natural_proteins,amacGFP_to_ppluGFP,mlp_small,iterative_random,8,768,6281,5,5,0.1400440899031285,0.027110806870725306,5,0.3728568422947905,0.03573977226225449,5,0.48847025307291225,0.09902584384077939,5,0.7573969939046501,0.01727979134697623,5,0.6401138669766887,0.011412930678438998,5,0.4591475028949599,0.010902602324610605
natural_proteins,amacGFP_to_ppluGFP,mlp_small,iterative_random,9,864,6281,5,5,0.1517279169787683,0.07371795768017214,5,0.38214165964381874,0.08437764028043877,5,0.4457935138311774,0.26926468844350593,5,0.7693830234738679,0.012105155853950802,5,0.6495734784071188,0.013233413776277968,5,0.46717259121887905,0.01128338602532211
natural_proteins,amacGFP_to_ppluGFP,mlp_small,iterative_random,10,960,6281,5,5,0.12486429211658942,0.011657490075698588,5,0.353048036683295,0.01663489970890329,5,0.5439164923645801,0.04258053983107734,5,0.7850668688130248,0.012678953221489915,5,0.6641599392496784,0.017320759429139305,5,0.48072647045672384,0.015661072054359265
natural_proteins,amacGFP_to_ppluGFP,mlp_small,oneshot_fancy,1,960,6281,5,5,0.24875960792516266,0.15917828055354824,5,0.4816026809891921,0.1449933860094357,5,0.09137230014019049,0.5814199344232843,5,0.5844408153093952,0.13737155903493706,5,0.4765736058382572,0.13363716603499323,5,0.33424993278331827,0.1011459495890756
natural_proteins,amacGFP_to_ppluGFP,mlp_small,oneshot_random,1,960,6281,5,5,0.13546718566910326,0.03904378915877507,5,0.36542566041901203,0.04913339465720016,5,0.5051880072184811,0.14261265578060375,5,0.7769883380182823,0.0057110013933713575,5,0.656583574477936,0.014623901404335005,5,0.47586393968928453,0.013714647422584995
natural_proteins,amacGFP_to_ppluGFP,mlp_small,source_only,0,0,6281,5,5,16.685945034744872,1.8604862553618458,5,4.079938455748422,0.22373877639461837,5,-59.947643322659545,6.795674590944019,5,0.1357489622256448,0.09540668476057028,5,0.09986675787468187,0.06978680875090351,5,0.06655169189566543,0.04674028207017546
natural_proteins,cgreGFP_to_amacGFP,CNN_Jannis_OHE,iterative_fancy,1,96,6703,5,5,0.17996701473863905,0.03980495144296566,5,0.4222413154998071,0.04581602099199866,5,-0.03796392623492317,0.22957597948342537,5,0.5167370529069775,0.01952857848143109,5,0.4250352027289683,0.020089882799153424,5,0.2924510836399429,0.014593348886798998
natural_proteins,cgreGFP_to_amacGFP,CNN_Jannis_OHE,iterative_fancy,2,192,6703,5,5,0.1551229477968554,0.04048832085013167,5,0.39142147605513367,0.04888987471445099,5,0.10532480533617679,0.23351732836872513,5,0.61528959681427,0.049413258540777584,5,0.49894664344619644,0.03187264751853793,5,0.3473935415767767,0.02409737268697543
natural_proteins,cgreGFP_to_amacGFP,CNN_Jannis_OHE,iterative_fancy,3,288,6703,5,5,0.1219510608832978,0.04194586228721931,5,0.34562636221241055,0.05582874066188249,5,0.29664443149889663,0.24192373236940645,5,0.7072956563995005,0.025472645353082708,5,0.5632804362045889,0.03460221191460029,5,0.3972428619396392,0.02661422394735062
natural_proteins,cgreGFP_to_amacGFP,CNN_Jannis_OHE,iterative_fancy,4,384,6703,5,5,0.10515721349506468,0.022665828684306392,5,0.32282439743626296,0.03430783283337789,5,0.3935033353207757,0.1307256919647048,5,0.7426012049705409,0.020469470103102502,5,0.5725663503413589,0.02110236193581906,5,0.40482433207865176,0.017511239814536173
natural_proteins,cgreGFP_to_amacGFP,CNN_Jannis_OHE,iterative_fancy,5,480,6703,5,5,0.08390914236428665,0.016240252739209902,5,0.28855230630732975,0.028432131669283094,5,0.5160520777547755,0.09366603386025166,5,0.7812239553052909,0.021013439341327156,5,0.6040581513854975,0.014010580357025888,5,0.43057223841052894,0.011008380281499815
natural_proteins,cgreGFP_to_amacGFP,CNN_Jannis_OHE,iterative_fancy,6,576,6703,5,5,0.08558227965335163,0.026014170249501013,5,0.28975758409420455,0.04503917896178831,5,0.5064022196837836,0.15003732950246298,5,0.7786669932133219,0.04582126206678709,5,0.600887684531574,0.04512217973053921,5,0.42923990846594295,0.03746818449780234
natural_proteins,cgreGFP_to_amacGFP,CNN_Jannis_OHE,iterative_fancy,7,672,6703,5,5,0.08763996137689503,0.034784833433710576,5,0.29201207228230175,0.0544163465593155,5,0.4945344926794061,0.20062233257976134,5,0.812727811468967,0.020671936361344168,5,0.6491807810784082,0.01642990465498631,5,0.4699548969124427,0.013631101488146344
natural_proteins,cgreGFP_to_amacGFP,CNN_Jannis_OHE,iterative_fancy,8,768,6703,5,5,0.058713180078741135,0.00921556954084397,5,0.24173556992455433,0.01861096155468716,5,0.6613703738722745,0.053151010794933576,5,0.8442295760821759,0.01228651615215588,5,0.6683936185714457,0.0201150529618376,5,0.4879756924782077,0.017579874847302012
natural_proteins,cgreGFP_to_amacGFP,CNN_Jannis_OHE,iterative_fancy,9,864,6703,5,5,0.08291261415691636,0.019524332014359977,5,0.28631514259854035,0.034209890304082294,5,0.5217995772742182,0.11260703715161566,5,0.8363675618355211,0.009053629272907244,5,0.6669551852609612,0.021856799139117904,5,0.4862708209184314,0.018214012872157424
natural_proteins,cgreGFP_to_amacGFP,CNN_Jannis_OHE,iterative_fancy,10,960,6703,5,5,0.061981947028888894,0.012000609979237766,5,0.24798966143275245,0.024573228607513535,5,0.6425176847700538,0.06921379603564251,5,0.8514509289044867,0.010607362431573472,5,0.684898646654232,0.021346235442908763,5,0.5017168550230099,0.018903897910682557
natural_proteins,cgreGFP_to_amacGFP,CNN_Jannis_OHE,iterative_random,1,96,6703,5,5,0.17627004665760887,0.04678116864293812,5,0.4169583316280674,0.05495221041445209,5,-0.016641577191549108,0.26981147378034964,5,0.5249346557783724,0.045527229980646566,5,0.430722469816261,0.021388351703844777,5,0.2964168237965549,0.015188286229012306
natural_proteins,cgreGFP_to_amacGFP,CNN_Jannis_OHE,iterative_random,2,192,6703,5,5,0.15554989182472512,0.030785997079599232,5,0.392787541493137,0.03980953203226429,5,0.10286239576576868,0.177558951278959,5,0.5980820535191305,0.013860262168870449,5,0.5000932252385311,0.01770666177293852,5,0.3473509901508738,0.014790520662791056
natural_proteins,cgreGFP_to_amacGFP,CNN_Jannis_OHE,iterative_random,3,288,6703,5,5,0.14616732551767778,0.03292423872588649,5,0.3802071955568632,0.04485830419865072,5,0.15697656427806908,0.18989130950384003,5,0.6283575500374684,0.04061576298047325,5,0.5222649804510928,0.03560037789137036,5,0.3640532684955059,0.027264314417714784
natural_proteins,cgreGFP_to_amacGFP,CNN_Jannis_OHE,iterative_random,4,384,6703,5,5,0.12950497747143994,0.033784717206214836,5,0.35766919733118235,0.04440893423495549,5,0.25307704259895863,0.1948541390711324,5,0.6475444156558415,0.07847572167183342,5,0.5441933858213422,0.045876865821867195,5,0.38153534839941905,0.03512278441629593
natural_proteins,cgreGFP_to_amacGFP,CNN_Jannis_OHE,iterative_random,5,480,6703,5,5,0.10642643691865902,0.016458366389671613,5,0.3254315482403573,0.025513337897632615,5,0.38618305982508805,0.09492400939164254,5,0.7262366957980115,0.01879470318388571,5,0.6166357253302338,0.035194051738891466,5,0.4399440702313052,0.029682180791139157
natural_proteins,cgreGFP_to_amacGFP,CNN_Jannis_OHE,iterative_random,6,576,6703,5,5,0.11447885029088416,0.04101193765456835,5,0.3342663000549335,0.05857570889956551,5,0.3397405791758444,0.2365373004172974,5,0.7394514644195931,0.037459093659316496,5,0.6281639344556845,0.03390095568996718,5,0.4499640014829135,0.028274869484566242
natural_proteins,cgreGFP_to_amacGFP,CNN_Jannis_OHE,iterative_random,7,672,6703,5,5,0.11217874287636123,0.030154605222782377,5,0.33238501589487196,0.0460834038039582,5,0.35300650196845984,0.17391738411929836,5,0.7394163472545372,0.06924955644827821,5,0.6274362346463802,0.06776104158479512,5,0.4499543840861981,0.05620373817271288
natural_proteins,cgreGFP_to_amacGFP,CNN_Jannis_OHE,iterative_random,8,768,6703,5,5,0.09360574723826177,0.02519083919956061,5,0.3036950032580968,0.04145920034091301,5,0.46012668453337524,0.1452887486004107,5,0.7794236261656711,0.039008523448188046,5,0.657870904330116,0.018206875972035193,5,0.4762855327724285,0.014676958769091896
natural_proteins,cgreGFP_to_amacGFP,CNN_Jannis_OHE,iterative_random,9,864,6703,5,5,0.09182696600796286,0.021725119351302686,5,0.3011266835291885,0.03790920855601638,5,0.47038584648255455,0.12530012909615135,5,0.7805198663182101,0.02743803700348245,5,0.6641811716537122,0.019078066088814568,5,0.4825613714393729,0.01604459462979415
natural_proteins,cgreGFP_to_amacGFP,CNN_Jannis_OHE,iterative_random,10,960,6703,5,5,0.09674097076503511,0.03886810226009652,5,0.3063987157986725,0.059799641741814104,5,0.442044210218847,0.22417268012018904,5,0.7743259259322727,0.050680381698441954,5,0.6626482863807117,0.03466414845480282,5,0.4799700942320979,0.02975526937199617
natural_proteins,cgreGFP_to_amacGFP,CNN_Jannis_OHE,oneshot_fancy,1,960,6703,5,5,0.11799003116023607,0.047735125511338836,5,0.33857466225758404,0.06478068035107905,5,0.319489762179373,0.2753134421161694,5,0.7268213770306656,0.07102878140728905,5,0.6371649772116762,0.018917137071950675,5,0.4576743294762588,0.016028293360801832
natural_proteins,cgreGFP_to_amacGFP,CNN_Jannis_OHE,oneshot_random,1,960,6703,5,5,0.09392973119586887,0.03596613953518971,5,0.3024121022811933,0.05564004391777896,5,0.458258099553159,0.20743554288364538,5,0.7909638698428227,0.035986612256778,5,0.6746536795439249,0.025628197640806226,5,0.49221185972547365,0.023030585255047118
natural_proteins,cgreGFP_to_amacGFP,CNN_Jannis_OHE,source_only,0,0,6703,5,5,0.8670318584957186,0.026506612195687475,5,0.9310584560192556,0.014230687384959856,5,-4.000626327674251,0.15287749983394736,5,0.01957379047850728,0.11831429516014959,5,0.0067665413902087395,0.10073080080032397,5,0.004697097740846091,0.0677951228262806
natural_proteins,cgreGFP_to_amacGFP,aubin_1_10_1,iterative_fancy,1,96,6703,5,5,0.5994534708735102,0.16961404647276232,5,0.7672887988150234,0.11576576613202935,5,-2.457361778916209,0.978252941946824,5,0.28763562251517294,0.21180361325812216,5,0.28374416686957593,0.1228753595562041,5,0.1898366227046468,0.08636426753552569
natural_proteins,cgreGFP_to_amacGFP,aubin_1_10_1,iterative_fancy,2,192,6703,5,5,0.7878201559403968,0.17091515844063032,5,0.8834708542972877,0.09552097641105853,5,-3.543770998338045,0.9857571353602715,5,0.05299681871011708,0.2346550743465119,5,0.0311693684271795,0.3238513198949922,5,0.017081379813853936,0.21675752672198514
natural_proteins,cgreGFP_to_amacGFP,aubin_1_10_1,iterative_fancy,3,288,6703,5,5,0.5085803930280675,0.05826661261154318,5,0.712192555962186,0.0412637289292301,5,-1.9332491974718256,0.33605403791643734,5,0.32134174144525623,0.025760453209809644,5,0.3557926379522759,0.015467485593904536,5,0.23616081104026784,0.011420214062485761
natural_proteins,cgreGFP_to_amacGFP,aubin_1_10_1,iterative_fancy,4,384,6703,5,5,0.4394359945448089,0.060492771204124766,5,0.661710953220509,0.04436508949633396,5,-1.534457277568816,0.34889345916556624,5,0.2995130441404788,0.1816690103501073,5,0.26843149607705896,0.2985315207885604,5,0.17878610509008502,0.20341339550421794
natural_proteins,cgreGFP_to_amacGFP,aubin_1_10_1,iterative_fancy,5,480,6703,5,5,0.37229526307697053,0.18512510447250075,5,0.5974816474541675,0.13834261830878597,5,-1.1472215535898944,1.0677133282562128,5,0.4589705684602941,0.13509224358960376,5,0.4439988307758257,0.10213999123595753,5,0.304079242820961,0.07530049446157659
natural_proteins,cgreGFP_to_amacGFP,aubin_1_10_1,iterative_fancy,6,576,6703,5,5,0.33825543996490287,0.09501352416398555,5,0.5770068632876513,0.08153618586131459,5,-0.9508960852975192,0.5479927014952772,5,0.49693152434799687,0.09647016067641487,5,0.47527401202090624,0.04716048646781762,5,0.32648471275309243,0.037912805061680994
natural_proteins,cgreGFP_to_amacGFP,aubin_1_10_1,iterative_fancy,7,672,6703,5,5,0.32326008781285254,0.07510141314384486,5,0.5655915977074378,0.06486748430069224,5,-0.8644100444104073,0.43314913994536464,5,0.48073450012183316,0.06550793839303215,5,0.47987446346302265,0.042638332106244105,5,0.3289589644226817,0.033061858322000356
natural_proteins,cgreGFP_to_amacGFP,aubin_1_10_1,iterative_fancy,8,768,6703,5,5,0.32895955161606316,0.14104808274651287,5,0.5643998688302166,0.1140851638059122,5,-0.8972818339169774,0.8134980844578403,5,0.4899436367412687,0.10619682476804125,5,0.4846213700458241,0.081785588867106,5,0.3333424665357302,0.062108437756118934
natural_proteins,cgreGFP_to_amacGFP,aubin_1_10_1,iterative_fancy,9,864,6703,5,5,0.31223623652515614,0.11682476035389833,5,0.5513326932090294,0.10166426316578978,5,-0.8008297267537261,0.6737895114529102,5,0.501044965646787,0.09611291326878349,5,0.5003215904121032,0.06259563980565488,5,0.34508532771257233,0.04776969160350592
natural_proteins,cgreGFP_to_amacGFP,aubin_1_10_1,iterative_fancy,10,960,6703,5,5,0.26612163211371126,0.06548106869544565,5,0.5127806616837325,0.0630240541073878,5,-0.534862677618711,0.3776635804949591,5,0.5412598404438338,0.06842065710180086,5,0.5281754539284986,0.036018032041864836,5,0.3665385338982685,0.028669765948156768
natural_proteins,cgreGFP_to_amacGFP,aubin_1_10_1,iterative_random,1,96,6703,5,5,0.4376810117221904,0.18735644900922005,5,0.6498687561015972,0.13852622299204395,5,-1.524335373487196,1.0805826595582824,5,0.08715571969811786,0.5613084169692805,5,0.07999286311765234,0.4697898378469713,5,0.053818762246674076,0.3233367256749561
natural_proteins,cgreGFP_to_amacGFP,aubin_1_10_1,iterative_random,2,192,6703,5,5,0.4106539084336278,0.09922887816293877,5,0.6372934710603958,0.07509111280155165,5,-1.3684559292185112,0.5723048533280884,5,0.48103782974619513,0.12645918095252245,5,0.4413773435263549,0.047890009537818835,5,0.30299869104891464,0.03808544738891267
natural_proteins,cgreGFP_to_amacGFP,aubin_1_10_1,iterative_random,3,288,6703,5,5,0.29331605421837287,0.029866344632720327,5,0.5410388885538764,0.02722533954698984,5,-0.6917071370349953,0.172254834488889,5,0.5182392389318039,0.03987471002585663,5,0.46807460318770555,0.01731944258115965,5,0.3217895778286367,0.014557165595215488
natural_proteins,cgreGFP_to_amacGFP,aubin_1_10_1,iterative_random,4,384,6703,5,5,0.2956496751585377,0.043293598694950135,5,0.5425416291575352,0.040284236830694424,5,-0.7051663498630529,0.24969683331976467,5,0.5162695290953234,0.06497835841769425,5,0.4788656579724142,0.029277907687275347,5,0.33016875653388916,0.02347044592334063
natural_proteins,cgreGFP_to_amacGFP,aubin_1_10_1,iterative_random,5,480,6703,5,5,0.27296426856358025,0.02781012679202394,5,0.5218969861047528,0.027106375134729077,5,-0.5743277418451684,0.16039555046274073,5,0.5488552882678267,0.032715860339973334,5,0.5023016179328026,0.010267658096543023,5,0.34866562732801165,0.008990927547096883
natural_proteins,cgreGFP_to_amacGFP,aubin_1_10_1,iterative_random,6,576,6703,5,5,0.2570655802878218,0.018948269503055556,5,0.506736750564715,0.01882305484424744,5,-0.48263168893982267,0.10928458327383896,5,0.5773698663776363,0.029526787042060687,5,0.5150374355331191,0.01744892313546276,5,0.35890370610563327,0.014680043475311674
natural_proteins,cgreGFP_to_amacGFP,aubin_1_10_1,iterative_random,7,672,6703,5,5,0.2432900607633886,0.01618217767572141,5,0.49301863649569977,0.01668400548840178,5,-0.4031810609885184,0.0933310845863394,5,0.5684290235681951,0.020499015875029794,5,0.5222640656377204,0.011985073833319477,5,0.36386489938267713,0.009181518182329632
natural_proteins,cgreGFP_to_amacGFP,aubin_1_10_1,iterative_random,8,768,6703,5,5,0.2902795220316138,0.05407965898731066,5,0.5369102873366783,0.05008574377579068,5,-0.6741938673100714,0.31190568590268997,5,0.6008857412660595,0.07282544848123848,5,0.528368672072201,0.015051854693398972,5,0.3684187977130766,0.012391028212133271
natural_proteins,cgreGFP_to_amacGFP,aubin_1_10_1,iterative_random,9,864,6703,5,5,0.23617592171351873,0.01906016106220835,5,0.48566672672740274,0.01948564418389207,5,-0.3621500992275088,0.10992992043309253,5,0.5986979707827865,0.019685443250331364,5,0.5441018571203248,0.006011788281962968,5,0.38103508501250954,0.004490581319467398
natural_proteins,cgreGFP_to_amacGFP,aubin_1_10_1,iterative_random,10,960,6703,5,5,0.225163859664144,0.03651078986977915,5,0.4732876585916223,0.038122366941927784,5,-0.2986377762759323,0.21057682630459132,5,0.6016877648831261,0.04009915243857678,5,0.5530381697617383,0.005220184173995372,5,0.38822964748365524,0.004335380979676712
natural_proteins,cgreGFP_to_amacGFP,aubin_1_10_1,oneshot_fancy,1,960,6703,5,5,0.7619582104006412,0.160624209128259,5,0.8688143807476632,0.09433836843177895,5,-3.394611628375151,0.9264038468231128,5,-0.10054862779439629,0.439522140734126,5,-0.16979387401067364,0.293780859443428,5,-0.11781412600172174,0.1977218388552805
natural_proteins,cgreGFP_to_amacGFP,aubin_1_10_1,oneshot_random,1,960,6703,5,5,0.2295876689270841,0.030108749962731836,5,0.47835589533616024,0.030889041831703254,5,-0.32415219867241535,0.17365291284477227,5,0.5973816804828277,0.04657838565213168,5,0.5551472796868483,0.018156200001659656,5,0.38873394979062403,0.016338451850097458
natural_proteins,cgreGFP_to_amacGFP,aubin_1_10_1,source_only,0,0,6703,5,5,1.0191525799689793,0.401810176793016,5,0.9920577393004926,0.20908736769283542,5,-4.877986112473607,2.317449502126366,5,0.10358983585429204,0.5645793910945921,5,0.07941638350459096,0.44033638587682944,5,0.0546419211484952,0.3044514024858722
natural_proteins,cgreGFP_to_amacGFP,aubin_linear,iterative_fancy,1,96,6703,5,5,0.22790350896432718,0.08769753498050252,5,0.4710936316492448,0.08641686166377543,5,-0.31443876707557766,0.5057975644130266,5,0.5331466707984103,0.005942563347573822,5,0.4158057635810307,0.00795462046681085,5,0.2868010941515764,0.006966403219926926
natural_proteins,cgreGFP_to_amacGFP,aubin_linear,iterative_fancy,2,192,6703,5,5,0.1871199557898616,0.020327289660566756,5,0.43206785094763206,0.023380760449468692,5,-0.07921867943753806,0.11723811397570764,5,0.5487265874188931,0.009175505126266723,5,0.428269709852644,0.008883604119201083,5,0.2947639394086211,0.007498631194639898
natural_proteins,cgreGFP_to_amacGFP,aubin_linear,iterative_fancy,3,288,6703,5,5,0.20056737829530452,0.04341920376555683,5,0.4457848328192438,0.0480007958739145,5,-0.15677700023182434,0.2504212634739865,5,0.5568826318590169,0.010318154474814266,5,0.4364595370883597,0.004801319252340539,5,0.3001882328036548,0.0041273913881380965
natural_proteins,cgreGFP_to_amacGFP,aubin_linear,iterative_fancy,4,384,6703,5,5,0.20019781481134236,0.09685241998447294,5,0.438974908775226,0.09681712320868378,5,-0.15464553427755737,0.5585985757358543,5,0.5653659860735158,0.00855686929409556,5,0.44613718245578066,0.013259469327567686,5,0.307505849556763,0.010109542006606253
natural_proteins,cgreGFP_to_amacGFP,aubin_linear,iterative_fancy,5,480,6703,5,5,0.17210317350567625,0.029291235523936074,5,0.4136591589025941,0.03516521295390298,5,0.007390960233067267,0.16893787938223187,5,0.5801849010223162,0.010710144360082108,5,0.4639174842485449,0.01248231428587534,5,0.32041408469746746,0.009329361965129917
natural_proteins,cgreGFP_to_amacGFP,aubin_linear,iterative_fancy,6,576,6703,5,5,0.15935092965128658,0.025619534462784664,5,0.3982368958229938,0.030787669133773166,5,0.08093982205438646,0.14776125846129032,5,0.5846775675427296,0.010853195630255563,5,0.47171918853046496,0.010631270025924408,5,0.32611299693987894,0.007816559363059998
natural_proteins,cgreGFP_to_amacGFP,aubin_linear,iterative_fancy,7,672,6703,5,5,0.1596425596080274,0.04484032240258004,5,0.39681667600840226,0.0521905792465238,5,0.07925783952360983,0.2586175981316037,5,0.5934849474551841,0.008050272121916282,5,0.4817287459791829,0.007168025953683529,5,0.333457332475285,0.0054049563644850964
natural_proteins,cgreGFP_to_amacGFP,aubin_linear,iterative_fancy,8,768,6703,5,5,0.1385285838678225,0.012642766506671265,5,0.37189392515785336,0.016714226668750456,5,0.2010331836863127,0.07291744868243587,5,0.6069844484886868,0.006578342225238546,5,0.4951033126775549,0.008837776352258133,5,0.34348181864209343,0.00648332326726647
natural_proteins,cgreGFP_to_amacGFP,aubin_linear,iterative_fancy,9,864,6703,5,5,0.13600223320681104,0.00868625408766225,5,0.36863969024203136,0.011565681187797338,5,0.21560396964371656,0.05009817165772166,5,0.6176307610874561,0.005282111027942496,5,0.5062063484267858,0.005807392091394631,5,0.3520016289832494,0.004591727111987734
natural_proteins,cgreGFP_to_amacGFP,aubin_linear,iterative_fancy,10,960,6703,5,5,0.14745259531885713,0.01792670180125348,5,0.38343183978933826,0.023254557473222564,5,0.14956374092796387,0.10339266789024944,5,0.6254172275739897,0.006606676840073368,5,0.5144861100489913,0.007973346483754942,5,0.35821754741870915,0.006110748968359959
natural_proteins,cgreGFP_to_amacGFP,aubin_linear,iterative_random,1,96,6703,5,5,0.19034169076195778,0.03951504030816128,5,0.4344256632883754,0.04494488066527792,5,-0.09780011051690422,0.22790391029798163,5,0.5424750451125588,0.004242012671974399,5,0.4240695120100494,0.008285173465080772,5,0.292577664445811,0.00661097873892433
natural_proteins,cgreGFP_to_amacGFP,aubin_linear,iterative_random,2,192,6703,5,5,0.19013798538639637,0.06150812731962026,5,0.43177204333206626,0.06810734159443331,5,-0.09662523504475193,0.3547495490812483,5,0.5649883055166104,0.009072220497852479,5,0.44937277654397867,0.0088033081343375,5,0.31043354270491635,0.006608434807625339
natural_proteins,cgreGFP_to_amacGFP,aubin_linear,iterative_random,3,288,6703,5,5,0.1610602325166555,0.024018515716058366,5,0.4004475786924794,0.029621977398251054,5,0.07108137818432776,0.13852734575378042,5,0.5793306336725914,0.005945813380353637,5,0.462932254111384,0.005995490796456821,5,0.32022751174502906,0.004061484494157964
natural_proteins,cgreGFP_to_amacGFP,aubin_linear,iterative_random,4,384,6703,5,5,0.15170520475498295,0.00808967405682285,5,0.38938509757723366,0.010274394127584806,5,0.12503671749828013,0.0466573825107621,5,0.5887814178144289,0.0072083832843366944,5,0.47696797847958894,0.009023212246338171,5,0.33077031827833425,0.006125531351588722
natural_proteins,cgreGFP_to_amacGFP,aubin_linear,iterative_random,5,480,6703,5,5,0.152519775745843,0.016219610764467998,5,0.39010592801153743,0.020528659116591817,5,0.12033866043989054,0.09354698079277994,5,0.5993600381415318,0.006257361983479087,5,0.4913865903341573,0.0095710257250087,5,0.341601029842154,0.007780044329773338
natural_proteins,cgreGFP_to_amacGFP,aubin_linear,iterative_random,6,576,6703,5,5,0.13974012402160696,0.012755553313725564,5,0.3735077433641126,0.017032677000959045,5,0.19404559778542055,0.07356794920469874,5,0.6090843592192469,0.010013789168970673,5,0.4989122749505498,0.008277333342880926,5,0.3470372325124941,0.006429076873021953
natural_proteins,cgreGFP_to_amacGFP,aubin_linear,iterative_random,7,672,6703,5,5,0.17851925728944854,0.06653696495087642,5,0.41760364044832077,0.07181971155050478,5,-0.029613951611073275,0.38375348660678377,5,0.6143835918434772,0.007901015598589748,5,0.5052674811403475,0.012432559875715114,5,0.3517647857475057,0.009643390296052191
natural_proteins,cgreGFP_to_amacGFP,aubin_linear,iterative_random,8,768,6703,5,5,0.16103581126261984,0.03546542554163074,5,0.39953042983524883,0.042000697885290296,5,0.07122222833266881,0.20454766332732777,5,0.6251909606845945,0.007973180366149494,5,0.5175062989054149,0.012126365718834846,5,0.3611147801270521,0.009357528782210188
natural_proteins,cgreGFP_to_amacGFP,aubin_linear,iterative_random,9,864,6703,5,5,0.134272558501881,0.012029187219038848,5,0.3661472823022135,0.016152637732898274,5,0.22557990857033455,0.06937861592815424,5,0.6316249261067013,0.0059263994777299,5,0.5242588441901087,0.00854051364372208,5,0.36630583971974207,0.006595914294279815
natural_proteins,cgreGFP_to_amacGFP,aubin_linear,iterative_random,10,960,6703,5,5,0.13254744825772985,0.017109527506473276,5,0.36347265520870453,0.02332051600158222,5,0.23552952186367965,0.09867959621619779,5,0.6404542508453437,0.0058979483040393415,5,0.5355293877887936,0.00904162097516365,5,0.3749847554943341,0.007107550048473257
natural_proteins,cgreGFP_to_amacGFP,aubin_linear,oneshot_fancy,1,960,6703,5,5,0.1527714864964437,0.017236387801783326,5,0.39034377780280044,0.02245054640431037,5,0.11888691285520955,0.09941126590797197,5,0.6104580239261221,0.01956077892704515,5,0.5038706141724577,0.024520529319845684,5,0.3512938677132301,0.019108203970195303
natural_proteins,cgreGFP_to_amacGFP,aubin_linear,oneshot_random,1,960,6703,5,5,0.12813718569808616,0.008443243100493106,5,0.3578045255025758,0.011890501879794685,5,0.2609658133351069,0.04869660016015236,5,0.6410978064022538,0.008122223439412374,5,0.5403127341223187,0.010133305019508274,5,0.3787553288565825,0.008105234566122813
natural_proteins,cgreGFP_to_amacGFP,aubin_linear,source_only,0,0,6703,5,5,6.530238007758679,2.476094158255088,5,2.5189065305629414,0.4813365481215375,5,-36.66329897523408,14.280930413622103,5,0.5080831995754934,0.006215949409346655,5,0.3961559410123298,0.006137687590840503,5,0.27209574995199237,0.004733410974376628
natural_proteins,cgreGFP_to_amacGFP,mlp_small,iterative_fancy,1,96,6703,5,5,0.21664628908756586,0.06471651002552789,5,0.46098010868355416,0.07196899059373135,5,-0.2495124906757485,0.37325397065608223,5,0.3421799434694702,0.13924224703833618,5,0.30147516960192616,0.10973928296215572,5,0.20617159715499928,0.0777334900192189
natural_proteins,cgreGFP_to_amacGFP,mlp_small,iterative_fancy,2,192,6703,5,5,0.20846981063380127,0.07476942272828467,5,0.45039828930745934,0.08374956434748891,5,-0.20235446179490052,0.43123437753344346,5,0.39526526220002633,0.13322843471378648,5,0.33989316348917403,0.10284558509457119,5,0.23308204277136357,0.07419888848531217
natural_proteins,cgreGFP_to_amacGFP,mlp_small,iterative_fancy,3,288,6703,5,5,0.20795576570596647,0.09602643645110225,5,0.44730602558597654,0.09920361120218968,5,-0.1993896957663514,0.553834696574176,5,0.4338080284155934,0.07007114608231149,5,0.35944546869584587,0.07252196010004537,5,0.24580341608273235,0.05276213258029167
natural_proteins,cgreGFP_to_amacGFP,mlp_small,iterative_fancy,4,384,6703,5,5,0.15242803838703983,0.046280148694443725,5,0.38716162683331107,0.05627958216378068,5,0.12086775778177865,0.2669218296218549,5,0.5146588271530611,0.05411472978228028,5,0.41692955235049345,0.04070898668431245,5,0.2866624363421618,0.030367540383789554
natural_proteins,cgreGFP_to_amacGFP,mlp_small,iterative_fancy,5,480,6703,5,5,0.2206709500714985,0.1639794341806778,5,0.4504097267902562,0.14917283635193657,5,-0.2727248161272434,0.9457551850328849,5,0.5092422355406427,0.07194920321955628,5,0.4169204902104668,0.046063228622514704,5,0.28707051789865323,0.03418203628433613
natural_proteins,cgreGFP_to_amacGFP,mlp_small,iterative_fancy,6,576,6703,5,5,0.14660909519884047,0.02365592903659788,5,0.38189245251066756,0.030968732502073867,5,0.15442864740887444,0.13643611868108688,5,0.5735348184544856,0.06478042547567646,5,0.46095675971195754,0.06569527491542872,5,0.3195744994468671,0.04887777757020251
natural_proteins,cgreGFP_to_amacGFP,mlp_small,iterative_fancy,7,672,6703,5,5,0.1194235489360627,0.004479313588603105,5,0.34552853435892744,0.006478896494988184,5,0.31122191520149495,0.02583454488043862,5,0.6041352378408591,0.05450603064962926,5,0.4899545154976366,0.04367066351897883,5,0.34125228716423905,0.03242534176030593
natural_proteins,cgreGFP_to_amacGFP,mlp_small,iterative_fancy,8,768,6703,5,5,0.12540372205883382,0.030315123426915263,5,0.35203668876247757,0.042922776936964266,5,0.27673112819204987,0.17484317657985515,5,0.6474950823536726,0.05695835240165912,5,0.5227952746376425,0.049208825319872224,5,0.36640944748524895,0.0386544709612633
natural_proteins,cgreGFP_to_amacGFP,mlp_small,iterative_fancy,9,864,6703,5,5,0.13098915560793173,0.05980192205479939,5,0.35580860591222835,0.07407252836518022,5,0.2445170108174552,0.34490897069410287,5,0.6579582428849655,0.027793202371565563,5,0.5428629540856156,0.0217380095632874,5,0.3815011993708895,0.016540498202401225
natural_proteins,cgreGFP_to_amacGFP,mlp_small,iterative_fancy,10,960,6703,5,5,0.12998034150086119,0.0501148033682866,5,0.3555254702038941,0.06691395162035699,5,0.2503353695480083,0.28903828927862835,5,0.655463329265517,0.034071067413972506,5,0.5364855481388366,0.02411901636064043,5,0.37587267013894865,0.018834111400163493
natural_proteins,cgreGFP_to_amacGFP,mlp_small,iterative_random,1,96,6703,5,5,0.2512393297278192,0.1618330144184123,5,0.4849919577459583,0.14151912701805447,5,-0.4490286538765851,0.9333756593346625,5,0.34963149408644467,0.10795061652361194,5,0.3007958077148527,0.09557087804318062,5,0.20328389804737487,0.06649416523389345
natural_proteins,cgreGFP_to_amacGFP,mlp_small,iterative_random,2,192,6703,5,5,0.13813481658584686,0.018088215291148166,5,0.37103097594159246,0.024259829906564317,5,0.2033042456062753,0.1043242006844921,5,0.4731691030170662,0.14059439856070002,5,0.3999370884008154,0.11572171730329599,5,0.2744832872783489,0.08235468964183172
natural_proteins,cgreGFP_to_amacGFP,mlp_small,iterative_random,3,288,6703,5,5,0.146523644247005,0.05369064285501466,5,0.3784966363082649,0.06387429598764736,5,0.15492148775295878,0.3096620263485595,5,0.5430252955320457,0.040655243186824126,5,0.4566649898426588,0.03114350939584523,5,0.3150346312930657,0.02343734766303518
natural_proteins,cgreGFP_to_amacGFP,mlp_small,iterative_random,4,384,6703,5,5,0.12386696723334796,0.013687594162202728,5,0.3515310765063886,0.01913339631402111,5,0.28559439724520547,0.0789435163879498,5,0.5705831952846516,0.07242245000285068,5,0.4782022906803478,0.06527732082320131,5,0.33151775756175594,0.04962851261806687
natural_proteins,cgreGFP_to_amacGFP,mlp_small,iterative_random,5,480,6703,5,5,0.12036221580458588,0.011979337016453305,5,0.3465825444612799,0.017419661281538223,5,0.3058081322941445,0.06909110373001925,5,0.6123937924975306,0.05722576481366804,5,0.5107468722249013,0.05247086829488027,5,0.3559943515736337,0.04093370039800707
natural_proteins,cgreGFP_to_amacGFP,mlp_small,iterative_random,6,576,6703,5,5,0.1369483994512563,0.051203631993920896,5,0.36508281420810346,0.06766589079022474,5,0.21014693391202083,0.2953181335984424,5,0.6700106985871014,0.021487014180644762,5,0.5624079553933827,0.030388898549780913,5,0.39716521375258174,0.024001850991982345
natural_proteins,cgreGFP_to_amacGFP,mlp_small,iterative_random,7,672,6703,5,5,0.10757081072342486,0.026001929731244655,5,0.3262559698122692,0.037547517981894867,5,0.37958285739799236,0.14996673202988187,5,0.6930458904495195,0.021587356871074898,5,0.5828071904856928,0.03249031833279234,5,0.4136421142457234,0.026363007924708644
natural_proteins,cgreGFP_to_amacGFP,mlp_small,iterative_random,8,768,6703,5,5,0.0982339471849248,0.007890275565771859,5,0.31322423624644274,0.012476228033615635,5,0.43343343413404395,0.04550734709478777,5,0.6924792496310966,0.019787246086909165,5,0.5755899373198075,0.017080880690491424,5,0.40705579522471985,0.014507347559095754
natural_proteins,cgreGFP_to_amacGFP,mlp_small,iterative_random,9,864,6703,5,5,0.09351982146014384,0.014728958863628667,5,0.30504880244476007,0.02411041235549517,5,0.46062226344904256,0.08494961142544474,5,0.7316686480114301,0.02721691732526862,5,0.6041109026570963,0.029201875005571382,5,0.43132165498813296,0.025287175516797555
natural_proteins,cgreGFP_to_amacGFP,mlp_small,iterative_random,10,960,6703,5,5,0.09642739336726591,0.02487282527071587,5,0.308469625426069,0.03990431613194547,5,0.44385277512414206,0.14345459589937018,5,0.7488547822873162,0.03143672635074124,5,0.6269458758986901,0.021124549633752127,5,0.4508692628176427,0.018483133471807214
natural_proteins,cgreGFP_to_amacGFP,mlp_small,oneshot_fancy,1,960,6703,5,5,0.11945742561487134,0.010470751455287463,5,0.3453606101305854,0.015144082388060524,5,0.31102653067175173,0.06039030156133822,5,0.594343072384276,0.0499321893247092,5,0.471099791909778,0.063158074914921,5,0.32836630678673057,0.048723532373007306
natural_proteins,cgreGFP_to_amacGFP,mlp_small,oneshot_random,1,960,6703,5,5,0.10608997144286643,0.03352576408786281,5,0.3222402542854751,0.05304703055896198,5,0.38812363225055946,0.19336062096268464,5,0.7609608421030822,0.023713560908764784,5,0.6423500020097273,0.016666194339420588,5,0.46297970451130926,0.014929350308076352
natural_proteins,cgreGFP_to_amacGFP,mlp_small,source_only,0,0,6703,5,5,7.632483652106828,1.0295086001692628,5,2.757698017269988,0.1856922778819942,5,-43.020526261270234,5.93771469886409,5,0.10777234068651009,0.16636002606467717,5,0.11457319357583977,0.13945052948666178,5,0.07797822240290068,0.09329315648384445
natural_proteins,cgreGFP_to_ppluGFP,CNN_Jannis_OHE,iterative_fancy,1,96,6281,5,5,0.2772521860551025,0.06391695371820316,5,0.5233289391881126,0.06499045567761323,5,-0.012700647816343147,0.23346521215168006,5,0.5161096815278591,0.06558212540773921,5,0.44146334621830263,0.04234440868985072,5,0.3047894711958439,0.03195246374211745
natural_proteins,cgreGFP_to_ppluGFP,CNN_Jannis_OHE,iterative_fancy,2,192,6281,5,5,0.19484136976567532,0.09174922151144711,5,0.4332848589938633,0.09424436808334587,5,0.2883158679805414,0.3351262883922631,5,0.6655741341414958,0.08043367577206928,5,0.5375767868602851,0.06362034726977069,5,0.3770820030066035,0.04925559245272767
natural_proteins,cgreGFP_to_ppluGFP,CNN_Jannis_OHE,iterative_fancy,3,288,6281,5,5,0.19956691761145184,0.0655237994386124,5,0.4420755294281428,0.07190396279308166,5,0.2710551731856809,0.23933443080475122,5,0.688863914419424,0.06553592118178807,5,0.5751065831676385,0.05112413246932961,5,0.4062366825555249,0.04107977384354267
natural_proteins,cgreGFP_to_ppluGFP,CNN_Jannis_OHE,iterative_fancy,4,384,6281,5,5,0.1612338374207335,0.04908639471722289,5,0.3982259324294527,0.057553715794752464,5,0.4110718695165117,0.17929461417923961,5,0.7399024593003276,0.05611171073102895,5,0.6024622205486708,0.0520435003656899,5,0.4304399398350558,0.043515894444092804
natural_proteins,cgreGFP_to_ppluGFP,CNN_Jannis_OHE,iterative_fancy,5,480,6281,5,5,0.12787210153016682,0.023050803784643754,5,0.35640336720010274,0.032571870121999455,5,0.5329300666668126,0.08419614019114254,5,0.7900802425000972,0.03524617520913619,5,0.6333812783703276,0.050332877073709835,5,0.4548479521612718,0.041887864208882505
natural_proteins,cgreGFP_to_ppluGFP,CNN_Jannis_OHE,iterative_fancy,6,576,6281,5,5,0.12647809366297966,0.03530706311994007,5,0.3527118600720276,0.050897414319271604,5,0.5380218666278813,0.12896376473276788,5,0.8153259911465991,0.037663936980387024,5,0.6607372039382937,0.0314499645937532,5,0.4792916718099586,0.0274627965897847
natural_proteins,cgreGFP_to_ppluGFP,CNN_Jannis_OHE,iterative_fancy,7,672,6281,5,5,0.0878117734482408,0.016840066669861622,5,0.29519129632484437,0.02902309473287456,5,0.6792557666641387,0.06151059318410524,5,0.8538178682732092,0.018971054966794975,5,0.683696264043599,0.015506573902067505,5,0.5002099124561795,0.013969400800284444
natural_proteins,cgreGFP_to_ppluGFP,CNN_Jannis_OHE,iterative_fancy,8,768,6281,5,5,0.08102081929748789,0.02131502972327094,5,0.2827175042656851,0.03693968190290466,5,0.7040606339065263,0.07785599354910418,5,0.8623652707935321,0.020971293978332167,5,0.6894737330825436,0.024211599494344965,5,0.5050886821043413,0.022424157182391394
natural_proteins,cgreGFP_to_ppluGFP,CNN_Jannis_OHE,iterative_fancy,9,864,6281,5,5,0.11190275205952893,0.061159864783774394,5,0.3253828040299143,0.08681001455160117,5,0.5912602489612326,0.22339457649787,5,0.851654845636823,0.044152353788469746,5,0.6835851457908901,0.04598003980052292,5,0.4999918251981508,0.0405660775866427
natural_proteins,cgreGFP_to_ppluGFP,CNN_Jannis_OHE,iterative_fancy,10,960,6281,5,5,0.08181817741573547,0.031134619494060926,5,0.28208440105412513,0.052992547797673276,5,0.7011481768601806,0.1137233569905357,5,0.8826599194849514,0.018378114331660474,5,0.7266784999535514,0.014434706529309997,5,0.5396571166492681,0.013857565607587777
natural_proteins,cgreGFP_to_ppluGFP,CNN_Jannis_OHE,iterative_random,1,96,6281,5,5,0.2503093065596058,0.03576370122634385,5,0.49935377773322076,0.03455269930061444,5,0.08571181885291652,0.13063169641890726,5,0.5267359388312409,0.05026004214868038,5,0.4663702855579075,0.04276531499965729,5,0.32193352241785655,0.030755532867905888
natural_proteins,cgreGFP_to_ppluGFP,CNN_Jannis_OHE,iterative_random,2,192,6281,5,5,0.21439703461269133,0.03066156055057242,5,0.46206607298728103,0.03339121903292914,5,0.21688618967634055,0.11199544600327696,5,0.6546697500310051,0.02826369215146371,5,0.5647939088958142,0.04425957232997425,5,0.39754797623715793,0.0352588457707366
natural_proteins,cgreGFP_to_ppluGFP,CNN_Jannis_OHE,iterative_random,3,288,6281,5,5,0.17847347780205133,0.03686197892715108,5,0.420791530305429,0.04195184479356292,5,0.34810177997207237,0.13464330244054096,5,0.7012174213912082,0.04296436076930495,5,0.5930672705108544,0.02709844744260622,5,0.4205998769591062,0.023005984986288364
natural_proteins,cgreGFP_to_ppluGFP,CNN_Jannis_OHE,iterative_random,4,384,6281,5,5,0.13831238470307877,0.0683442928876146,5,0.3646365668317785,0.08179669027696623,5,0.49479553765540685,0.2496366599182796,5,0.7712651441377402,0.06255060218919863,5,0.6401994334665099,0.02877992493856189,5,0.4594423494836321,0.024709544811088578
natural_proteins,cgreGFP_to_ppluGFP,CNN_Jannis_OHE,iterative_random,5,480,6281,5,5,0.1646125506407672,0.01802371697401163,5,0.405247495996246,0.021994818410814986,5,0.39873066811644864,0.06583403404441462,5,0.7613904834449153,0.019305084958994953,5,0.6710009941577321,0.02862068194400381,5,0.4854113865917865,0.025602208323126527
natural_proteins,cgreGFP_to_ppluGFP,CNN_Jannis_OHE,iterative_random,6,576,6281,5,5,0.12289927581905538,0.041535584586305456,5,0.3464609539095558,0.059833970651462544,5,0.5510939768987756,0.15171427145978286,5,0.8157827820237497,0.034976588299969066,5,0.681764271674148,0.028424744082817914,5,0.49565223667956076,0.024784782744310948
natural_proteins,cgreGFP_to_ppluGFP,CNN_Jannis_OHE,iterative_random,7,672,6281,5,5,0.12723991168809087,0.018760336165445667,5,0.35594357159982515,0.026078859370452314,5,0.5352392245195337,0.06852463404643204,5,0.7970127378910246,0.01875879358064256,5,0.6760964822828098,0.011332856476852173,5,0.4900540150189362,0.009452186395941614
natural_proteins,cgreGFP_to_ppluGFP,CNN_Jannis_OHE,iterative_random,8,768,6281,5,5,0.15198416875305693,0.06880075777449808,5,0.3820309258480214,0.0868658480701745,5,0.444857519992793,0.25130395889698065,5,0.7878012629670115,0.058324895189428766,5,0.687556651984571,0.020933991791770065,5,0.5008722344266917,0.01934602562017344
natural_proteins,cgreGFP_to_ppluGFP,CNN_Jannis_OHE,iterative_random,9,864,6281,5,5,0.12943994863318434,0.026910240101805184,5,0.35820028131688486,0.03762491026050594,5,0.5272032956736086,0.09829324692348954,5,0.8124316269210482,0.015800725879310477,5,0.7048337431966971,0.016044588647685386,5,0.5170885186426875,0.015279414888882402
natural_proteins,cgreGFP_to_ppluGFP,CNN_Jannis_OHE,iterative_random,10,960,6281,5,5,0.10090861438460659,0.03530328627146562,5,0.3142324460628861,0.05204065989615657,5,0.6314178055309153,0.128949969289164,5,0.8363177303415064,0.031138447573761895,5,0.708224544189688,0.013369447835901183,5,0.5204134866428778,0.012903303031103755
natural_proteins,cgreGFP_to_ppluGFP,CNN_Jannis_OHE,oneshot_fancy,1,960,6281,5,5,0.11118384435851306,0.025696657611743296,5,0.33168984428128173,0.0381721685127421,5,0.5938861553784115,0.0938604747554822,5,0.8185393404713432,0.02467772412402247,5,0.704647949657031,0.008483351390284357,5,0.516434052179223,0.007877539195586
natural_proteins,cgreGFP_to_ppluGFP,CNN_Jannis_OHE,oneshot_random,1,960,6281,5,5,0.0933065424737695,0.01716727723326175,5,0.3044960712746761,0.027126671654870108,5,0.6591853887496137,0.0627057734791375,5,0.8530956998140073,0.01586794473693598,5,0.7358185440032581,0.006776429969847649,5,0.5475758632646324,0.007207537186152382
natural_proteins,cgreGFP_to_ppluGFP,CNN_Jannis_OHE,source_only,0,0,6281,5,5,1.24893035788171,0.029849815395248606,5,1.117491206211362,0.013405312472345651,5,-3.561884977357522,0.10903043838203903,5,-0.04604774656533404,0.08444412902437527,5,-0.04357960327092771,0.07341695145845793,5,-0.029100759273207294,0.04881807598989745
natural_proteins,cgreGFP_to_ppluGFP,aubin_1_10_1,iterative_fancy,1,96,6281,5,5,0.6482359333850842,0.2949964236988577,5,0.7916999540001343,0.16373422145839628,5,-1.3677683448325881,1.0775138462712208,5,0.24976865180885052,0.1797716365108263,5,0.16490269198286894,0.1934882075031175,5,0.11136383735764872,0.12921089545929262
natural_proteins,cgreGFP_to_ppluGFP,aubin_1_10_1,iterative_fancy,2,192,6281,5,5,1.0140301961332558,0.29690380497513197,5,0.9966140462586417,0.16120886658786,5,-2.7038807561480818,1.0844808111907756,5,0.029749362304570037,0.33001614636463705,5,0.04287459998697944,0.2819514321922624,5,0.028353763521188957,0.18997902235646008
natural_proteins,cgreGFP_to_ppluGFP,aubin_1_10_1,iterative_fancy,3,288,6281,5,5,1.084597910680941,0.2645219795688068,5,1.0348197864698174,0.13108165494980037,5,-2.9616387607077153,0.9662018679908695,5,0.24547368989650584,0.16485259741126365,5,0.21576272441404418,0.1226024535746534,5,0.14622144193530384,0.08309630605457222
natural_proteins,cgreGFP_to_ppluGFP,aubin_1_10_1,iterative_fancy,4,384,6281,5,5,0.6508463730406009,0.36124307246441084,5,0.783047242895958,0.217035102096526,5,-1.377303324404225,1.3194885808084051,5,0.3873108243088728,0.16452284785257093,5,0.32777683615548675,0.16106690912582625,5,0.22348856255236277,0.1110696823663335
natural_proteins,cgreGFP_to_ppluGFP,aubin_1_10_1,iterative_fancy,5,480,6281,5,5,0.546551834726365,0.431355974064217,5,0.705237822663691,0.2479703818275008,5,-0.9963535904549972,1.5755853203172347,5,0.40149811076802316,0.2581712865245674,5,0.3104581554829352,0.28759905850945416,5,0.2133273987795003,0.19731761490048258
natural_proteins,cgreGFP_to_ppluGFP,aubin_1_10_1,iterative_fancy,6,576,6281,5,5,0.5081305509219177,0.2023750552658533,5,0.7022822470972333,0.13661165915643075,5,-0.8560147186418592,0.739201924737452,5,0.4330293837566802,0.08753453789380591,5,0.4122518061052499,0.058137332084122625,5,0.28072830000325927,0.04446353670209481
natural_proteins,cgreGFP_to_ppluGFP,aubin_1_10_1,iterative_fancy,7,672,6281,5,5,0.37908758872151194,0.0789391819702432,5,0.6130793614924694,0.06345554776276502,5,-0.3846680602947959,0.28833590766880185,5,0.5063462315354156,0.0438496569112675,5,0.46430819973293663,0.008885393726674668,5,0.31984505924879736,0.006249868953857005
natural_proteins,cgreGFP_to_ppluGFP,aubin_1_10_1,iterative_fancy,8,768,6281,5,5,0.3780022314293241,0.07775011206523406,5,0.6122702432444079,0.06252380213524346,5,-0.38070364779168797,0.28399267099234743,5,0.44721181681757577,0.1855184578539041,5,0.3163960392679764,0.3503309794259569,5,0.21660357930686405,0.24374621780406583
natural_proteins,cgreGFP_to_ppluGFP,aubin_1_10_1,iterative_fancy,9,864,6281,5,5,0.32023721076350975,0.03949952320844853,5,0.5650459866421008,0.03464541353419966,5,-0.16970919295349116,0.14427728527876238,5,0.5468458655178635,0.020503186117878446,5,0.5029136807317303,0.014811095917546391,5,0.3474701970867484,0.012079598254990831
natural_proteins,cgreGFP_to_ppluGFP,aubin_1_10_1,iterative_fancy,10,960,6281,5,5,0.3583934199569808,0.11043009280454659,5,0.593196306732789,0.0902189117893232,5,-0.3090798443385966,0.40336066637670104,5,0.5665286373961986,0.04631655103524184,5,0.5190916760646219,0.031963131511067264,5,0.3591594593095595,0.02472583493797763
natural_proteins,cgreGFP_to_ppluGFP,aubin_1_10_1,iterative_random,1,96,6281,5,5,0.48021218131265303,0.12115166547713696,5,0.6880224377183838,0.09244800233581021,5,-0.7540391440158782,0.44252264286327897,5,0.19473693796968672,0.33054035915808583,5,0.16046517799747403,0.2584850748543307,5,0.10817699418013609,0.17354136677516993
natural_proteins,cgreGFP_to_ppluGFP,aubin_1_10_1,iterative_random,2,192,6281,5,5,0.3445977312686752,0.0683433535854674,5,0.584769476491269,0.05747163031446918,5,-0.2586892484320128,0.24963322899170515,5,0.13840765616972248,0.36467349421778117,5,0.16852451297937004,0.2807966188046883,5,0.11498701382422398,0.18970402387868815
natural_proteins,cgreGFP_to_ppluGFP,aubin_1_10_1,iterative_random,3,288,6281,5,5,0.3839538630106739,0.07602343314439021,5,0.6171346539670907,0.06223626237565567,5,-0.40244277722383365,0.2776857455661152,5,0.11610193950132011,0.428098925264816,5,0.09789077169223608,0.3837175835971209,5,0.06636924929069052,0.26080409182437025
natural_proteins,cgreGFP_to_ppluGFP,aubin_1_10_1,iterative_random,4,384,6281,5,5,0.4995167068306234,0.15506939701987793,5,0.7004400817148846,0.10547747838916395,5,-0.8245515023709187,0.5664116884088675,5,0.443377446481947,0.06395506883817728,5,0.39768988190666554,0.018721823639128228,5,0.2697624980990295,0.012633224098485087
natural_proteins,cgreGFP_to_ppluGFP,aubin_1_10_1,iterative_random,5,480,6281,5,5,0.3138753334317098,0.036715996622307005,5,0.5594604019467229,0.033154790101151035,5,-0.14647158611290373,0.1341100825702531,3,0.5267289513868355,0.029453086569886492,3,0.4410357486429826,0.013759105894273165,3,0.3026951952633008,0.009911430034675131
natural_proteins,cgreGFP_to_ppluGFP,aubin_1_10_1,iterative_random,6,576,6281,5,5,0.36666931967759064,0.06601687093521909,5,0.6035030268086823,0.05537842890455556,5,-0.3393086736494644,0.24113544031576056,4,0.5005400137595545,0.04584934243034394,4,0.4551786485838529,0.026873846119733695,4,0.31075532841584996,0.02010226565995595
natural_proteins,cgreGFP_to_ppluGFP,aubin_1_10_1,iterative_random,7,672,6281,5,5,0.30690552981743796,0.013149979559015652,5,0.5538864852425258,0.012004753387671655,5,-0.12101344731242909,0.04803205705126566,5,0.568647969610737,0.036727676914692024,5,0.4848408015318689,0.023177174133968536,5,0.3342468426847095,0.017134844166049164
natural_proteins,cgreGFP_to_ppluGFP,aubin_1_10_1,iterative_random,8,768,6281,5,5,0.2995802757743468,0.015820479818719896,5,0.5471870414315595,0.014431626022541933,5,-0.09425697833590205,0.05778641600322256,5,0.6030153012637282,0.023850824329564778,5,0.4988292461464833,0.04560159234778905,5,0.3446995133113405,0.035091918740711506
natural_proteins,cgreGFP_to_ppluGFP,aubin_1_10_1,iterative_random,9,864,6281,5,5,0.2742172795210459,0.022981501372515832,5,0.5232870086474696,0.022022321114862565,5,-0.0016152462661085166,0.08394300387270345,3,0.6028287140874625,0.04770770872033922,3,0.521881627699146,0.02276516340217064,3,0.3620607915045779,0.017520774108221948
natural_proteins,cgreGFP_to_ppluGFP,aubin_1_10_1,iterative_random,10,960,6281,5,5,0.26075709743974496,0.009943397710579088,5,0.5105700413272196,0.009703758219514146,5,0.04754986693790508,0.03631958848107225,5,0.5867603565032498,0.12197681323069105,5,0.4867595769833385,0.12484956569192461,5,0.337789847404267,0.09043456295357648
natural_proteins,cgreGFP_to_ppluGFP,aubin_1_10_1,oneshot_fancy,1,960,6281,5,5,0.4984678260571752,0.1054714642403244,5,0.7027526866366883,0.07588220708845167,5,-0.8207203252254226,0.38524861312035474,5,0.4879625394196667,0.07868752386290011,5,0.2882573078979961,0.10417093280730645,5,0.19535311373163924,0.07251961558629948
natural_proteins,cgreGFP_to_ppluGFP,aubin_1_10_1,oneshot_random,1,960,6281,5,5,0.30069872819034404,0.07471772793895975,5,0.5452696177376576,0.0649978092185893,5,-0.09834227519991687,0.27291648287350717,5,0.6132532749099399,0.03658777780300794,5,0.5347123543886786,0.02570906307729627,5,0.37339655653537973,0.0216387551870901
natural_proteins,cgreGFP_to_ppluGFP,aubin_1_10_1,source_only,0,0,6281,5,5,1.2163359237786937,0.819866866823023,5,1.060341544132775,0.33913812371365765,5,-3.442829452490456,2.994673257471871,5,-0.0281020710297184,0.23622280030068837,5,-0.031083966264477562,0.17592929314576047,5,-0.020722301752708925,0.11723705844620193
natural_proteins,cgreGFP_to_ppluGFP,aubin_linear,iterative_fancy,1,96,6281,5,5,0.3493525686671568,0.07056879897855754,5,0.5887741035559941,0.05806917909907519,5,-0.2760569272309337,0.25776196558826475,5,0.37427895891810276,0.004956800472158749,5,0.2728775910050377,0.0030479258130453207,5,0.18446024794674293,0.002509061893408869
natural_proteins,cgreGFP_to_ppluGFP,aubin_linear,iterative_fancy,2,192,6281,5,5,0.2842528635103095,0.04193698977931435,5,0.5320611721931664,0.038140735355116445,5,-0.03827155744528412,0.1531804575511566,5,0.4424211064319759,0.01155441544783244,5,0.341429540990917,0.012612326934831726,5,0.23176181606211815,0.009362569578115616
natural_proteins,cgreGFP_to_ppluGFP,aubin_linear,iterative_fancy,3,288,6281,5,5,0.27578150607059165,0.036355487872026894,5,0.5242263237799603,0.0347898607129266,5,-0.0073287927040857955,0.13279327619932133,5,0.4856706066560957,0.019505169742351294,5,0.38994095368772047,0.02041911338612973,5,0.266300862767274,0.014902757325187647
natural_proteins,cgreGFP_to_ppluGFP,aubin_linear,iterative_fancy,4,384,6281,5,5,0.22297805533526782,0.012340604456082815,5,0.47206449794382355,0.012901798145685678,5,0.18554286514453117,0.04507570636300244,5,0.5153233772263967,0.014833224177130778,5,0.41968807843442796,0.019601844819446882,5,0.28735145443528215,0.014563972828995655
natural_proteins,cgreGFP_to_ppluGFP,aubin_linear,iterative_fancy,5,480,6281,5,5,0.24096322537969805,0.02365352640769193,5,0.4903787634201926,0.024796516040082064,5,0.11984962890991505,0.08639766508982502,5,0.546594891057711,0.017106585033944195,5,0.4535836272904759,0.018986364590516853,5,0.31192271642927666,0.01404772787179849
natural_proteins,cgreGFP_to_ppluGFP,aubin_linear,iterative_fancy,6,576,6281,5,5,0.2179067383826549,0.01990774025776382,5,0.46643248542419125,0.020840912997830523,5,0.20406652779356946,0.07271568077587709,5,0.5631061424234404,0.01172093167607889,5,0.47035779216137696,0.018309739039552787,5,0.32349523798813923,0.014007952956247136
natural_proteins,cgreGFP_to_ppluGFP,aubin_linear,iterative_fancy,7,672,6281,5,5,0.2703350101704397,0.04428930126357169,5,0.5184781013989652,0.043523966675902755,5,0.012565261171171072,0.16177258949380538,5,0.5811082957160594,0.01709277968460277,5,0.49348008061313076,0.020073155616714865,5,0.34078593089745224,0.015733481200981704
natural_proteins,cgreGFP_to_ppluGFP,aubin_linear,iterative_fancy,8,768,6281,5,5,0.19336258467133952,0.018268621391317724,5,0.4393512778029128,0.020403411610784825,5,0.2937173280891999,0.06672858014552159,5,0.599057790799535,0.020226788125231886,5,0.5075355922205093,0.022095145375295926,5,0.3513977414569097,0.01688274641463093
natural_proteins,cgreGFP_to_ppluGFP,aubin_linear,iterative_fancy,9,864,6281,5,5,0.1860780439472703,0.021140894303894132,5,0.4308335236447644,0.02399267729710865,5,0.3203250862290881,0.07721994066699776,5,0.6173744945540929,0.013050972987261138,5,0.5250226869326375,0.014333635214585702,5,0.36455875488625383,0.0111335260155511
natural_proteins,cgreGFP_to_ppluGFP,aubin_linear,iterative_fancy,10,960,6281,5,5,0.2655404989385042,0.08041671272862562,5,0.5105963962482716,0.07771598192121,5,0.030077853946828624,0.2937327861478232,5,0.6287962734039628,0.007630388616805767,5,0.5376906437184974,0.01396899389533571,5,0.37453064551024073,0.010983580185467941
natural_proteins,cgreGFP_to_ppluGFP,aubin_linear,iterative_random,1,96,6281,5,5,0.32891528403565956,0.05277761178417698,5,0.5721042016883706,0.044889676516040186,5,-0.20140701488791315,0.1927772776277154,5,0.3837148953597721,0.012427370203030554,5,0.2854759606871154,0.013493990448266031,5,0.19318760509156063,0.009491845837116366
natural_proteins,cgreGFP_to_ppluGFP,aubin_linear,iterative_random,2,192,6281,5,5,0.2906645616863375,0.050433950529953815,5,0.5376553239229741,0.04459980862654249,5,-0.06169114157500495,0.18421674180585487,5,0.43646815300833397,0.009603116416861386,5,0.34399007893347566,0.014909723324179667,5,0.23427099651038558,0.011213837182805548
natural_proteins,cgreGFP_to_ppluGFP,aubin_linear,iterative_random,3,288,6281,5,5,0.2676690047571473,0.04383809958517544,5,0.5160677039380903,0.04097453033920526,5,0.02230320209614025,0.16012451508721828,5,0.48147742963235574,0.025376099322861174,5,0.385748964346047,0.026113032206723355,5,0.2635094156602107,0.019018421628403347
natural_proteins,cgreGFP_to_ppluGFP,aubin_linear,iterative_random,4,384,6281,5,5,0.23971519974252056,0.02850674909653888,5,0.4889321919272315,0.028733939856757387,5,0.1244082092740384,0.10412470930514267,5,0.5158769055896991,0.024621013024933372,5,0.42405581139659354,0.022062680327344642,5,0.2915239368090159,0.0160812756194518
natural_proteins,cgreGFP_to_ppluGFP,aubin_linear,iterative_random,5,480,6281,5,5,0.22563967487440917,0.029553093198969673,5,0.4742509222422612,0.030119296696096125,5,0.1758209442108098,0.10794662092087255,5,0.542571311499054,0.016825130898429318,5,0.4466913661818741,0.02009078919014336,5,0.30794154542182256,0.015036058866734738
natural_proteins,cgreGFP_to_ppluGFP,aubin_linear,iterative_random,6,576,6281,5,5,0.22155477030723572,0.034190798417678296,5,0.46964907260395927,0.03508060200233042,5,0.19074160384673558,0.12488645878542957,5,0.5694100742281447,0.01600031418382683,5,0.4778809335026174,0.018590071931403385,5,0.3306847776036466,0.01339708988061839
natural_proteins,cgreGFP_to_ppluGFP,aubin_linear,iterative_random,7,672,6281,5,5,0.20790514023416778,0.01978090194422575,5,0.4555705949104595,0.02123008734961605,5,0.24059870114912457,0.07225238689128927,5,0.5908882884527128,0.015681547014384553,5,0.4957981124683174,0.022840069002174713,5,0.3434086560228037,0.016694872535955058
natural_proteins,cgreGFP_to_ppluGFP,aubin_linear,iterative_random,8,768,6281,5,5,0.2097970378775163,0.024944250028815024,5,0.4573883333491541,0.02722476798797812,5,0.2336882922672973,0.09111220554435337,5,0.6010444728839638,0.009800959820511046,5,0.5066764485204375,0.019294288734115345,5,0.3521538888883593,0.01493131294227419
natural_proteins,cgreGFP_to_ppluGFP,aubin_linear,iterative_random,9,864,6281,5,5,0.19193459121232126,0.014251834282593441,5,0.437861016456999,0.01629115862841285,5,0.2989332649645828,0.052056728626424936,5,0.6227280995763232,0.010651241306729588,5,0.5273712230137785,0.02049006285957552,5,0.3676425213418329,0.01589087303314324
natural_proteins,cgreGFP_to_ppluGFP,aubin_linear,iterative_random,10,960,6281,5,5,0.21750917713832996,0.04291379481791922,5,0.4644830704552653,0.04696613672076617,5,0.20551867334886004,0.15674836844650597,5,0.6328163232023394,0.01097944557453826,5,0.5362255703055673,0.012559465124599652,5,0.3746918502837846,0.010264072514875808
natural_proteins,cgreGFP_to_ppluGFP,aubin_linear,oneshot_fancy,1,960,6281,5,5,0.24702211690522197,0.05218062554842715,5,0.49495426397047615,0.05052713976995736,5,0.09771871820276701,0.19059670564996686,5,0.5708735959457736,0.013827900937026514,5,0.4644857935803238,0.01161914695894768,5,0.32154367782361265,0.008918448310550381
natural_proteins,cgreGFP_to_ppluGFP,aubin_linear,oneshot_random,1,960,6281,5,5,0.17852794735532546,0.004931487140854927,5,0.4224931098163786,0.005865099424870725,5,0.3479028226521253,0.018012915581661813,5,0.6296486449246694,0.009757590646147599,5,0.5371558302179589,0.01590285979238223,5,0.376397842459551,0.01311948180326731
natural_proteins,cgreGFP_to_ppluGFP,aubin_linear,source_only,0,0,6281,5,5,69.11318922553349,6.018234753338133,5,8.307046632207442,0.364289506890633,5,-251.44515650975214,21.98240641538196,5,0.2593276022880481,0.010252316373341931,5,0.16959791811943936,0.009113770482431024,5,0.11328804017351106,0.006397626068201377
natural_proteins,cgreGFP_to_ppluGFP,mlp_small,iterative_fancy,1,96,6281,5,5,0.6858166934510452,0.39947764501907335,5,0.7982019078856004,0.24670429591626666,5,-1.5050370914049425,1.4591454648388604,5,0.28878317210012117,0.09637150059759637,5,0.23360462564759307,0.09544983657144913,5,0.15817023366361818,0.06686851359820156
natural_proteins,cgreGFP_to_ppluGFP,mlp_small,iterative_fancy,2,192,6281,5,5,0.4275661401624668,0.16127585029513586,5,0.6441771934428046,0.1255083842349701,5,-0.5617424457053968,0.5890815881197625,5,0.4337599847599306,0.025355253384511264,5,0.36428111013028586,0.019697343919211192,5,0.24814056320319383,0.014595682367778544
natural_proteins,cgreGFP_to_ppluGFP,mlp_small,iterative_fancy,3,288,6281,5,5,0.30160376876493894,0.048603119733849634,5,0.5476809538692036,0.04540569256517125,5,-0.10164805680342108,0.17752938774153615,5,0.528022679383179,0.02398237673827107,5,0.4443221624073275,0.013785256446447264,5,0.30547381468170515,0.010678268893699631
natural_proteins,cgreGFP_to_ppluGFP,mlp_small,iterative_fancy,4,384,6281,5,5,0.19126073594392615,0.021692715894497692,5,0.43678833110939197,0.024410288573631332,5,0.30139461135303847,0.07923554274478334,5,0.5879633630511976,0.03644348769906318,5,0.4962973548983639,0.03530771478517701,5,0.3449690275960204,0.026905018730810647
natural_proteins,cgreGFP_to_ppluGFP,mlp_small,iterative_fancy,5,480,6281,5,5,0.20570997804904212,0.030670309860208227,5,0.45255067133037186,0.03368731080599719,5,0.24861682428304613,0.11202740402554612,5,0.6093887869089463,0.02893567542466943,5,0.5182668426006556,0.03324787429981315,5,0.36130811083024283,0.024363353352148478
natural_proteins,cgreGFP_to_ppluGFP,mlp_small,iterative_fancy,6,576,6281,5,5,0.1990162797133793,0.05151763796108603,5,0.4435016934114344,0.0538809759396741,5,0.2730664516683669,0.18817505491837944,5,0.6281581295416565,0.019942071303142662,5,0.5343898504520196,0.013081000272935826,5,0.37423865072226026,0.009998230727036605
natural_proteins,cgreGFP_to_ppluGFP,mlp_small,iterative_fancy,7,672,6281,5,5,0.17480772676949038,0.016803260874305344,5,0.41771603032077864,0.020032622848140298,5,0.36149142532790784,0.06137615509893239,5,0.6404843155256739,0.027786670769357345,5,0.5382177534284762,0.03701016269205229,5,0.37767336801628965,0.029081701944513656
natural_proteins,cgreGFP_to_ppluGFP,mlp_small,iterative_fancy,8,768,6281,5,5,0.25628362409293015,0.16282242640954714,5,0.49060423899876876,0.13960258221720465,5,0.06388982595055696,0.5947306639854811,5,0.6346305735130601,0.028645797130303463,5,0.5331085936434005,0.035394814735684316,5,0.3737172797964216,0.027486694363501343
natural_proteins,cgreGFP_to_ppluGFP,mlp_small,iterative_fancy,9,864,6281,5,5,0.1784637435721273,0.05431191986115571,5,0.418988745784031,0.060334219959032535,5,0.3481373355472702,0.19838154284781861,5,0.6799315753192559,0.035946596244253885,5,0.5691170227427087,0.03312023526930725,5,0.40251603357181087,0.026374889956403396
natural_proteins,cgreGFP_to_ppluGFP,mlp_small,iterative_fancy,10,960,6281,5,5,0.16329502140813829,0.028932875596359604,5,0.40278090939897027,0.03644448572618371,5,0.4035431196479764,0.10568119327217763,5,0.7153162943371235,0.03557219919542361,5,0.6053762780554102,0.02695560495716065,5,0.4313749397948956,0.02214742375490357
natural_proteins,cgreGFP_to_ppluGFP,mlp_small,iterative_random,1,96,6281,5,5,0.3096737684615744,0.07873662356223743,5,0.5532175802926573,0.06730599264470812,5,-0.13112480877044155,0.28759603602368755,5,0.38822705861315765,0.036922590639660934,5,0.3212194991524635,0.02560125547524221,5,0.21693159012016908,0.018111687955318357
natural_proteins,cgreGFP_to_ppluGFP,mlp_small,iterative_random,2,192,6281,5,5,0.24583225429248884,0.09104864949085228,5,0.4900674530081899,0.0841586730123108,5,0.10206485035008173,0.3325673554972944,5,0.5283538990287163,0.030094684358166753,5,0.43935138216101943,0.028491043154455588,5,0.30170972887825676,0.021543988621490182
natural_proteins,cgreGFP_to_ppluGFP,mlp_small,iterative_random,3,288,6281,5,5,0.20424634276026388,0.03923017015620077,5,0.45031630131216566,0.04274300429302279,5,0.25396294770303607,0.14329343727242633,5,0.6203026959285969,0.020733366327150893,5,0.514494994249292,0.02534944423256142,5,0.35786096947813284,0.019749053957549213
natural_proteins,cgreGFP_to_ppluGFP,mlp_small,iterative_random,4,384,6281,5,5,0.16233208892771575,0.01098084950614883,5,0.40271486648324845,0.013821416402414579,5,0.40706035917132316,0.04010901975806458,5,0.6594020362381219,0.03252262406193698,5,0.5543513023498625,0.027071407169714828,5,0.3888734037992999,0.021466639728972864
natural_proteins,cgreGFP_to_ppluGFP,mlp_small,iterative_random,5,480,6281,5,5,0.15498805264898916,0.017356071199073477,5,0.3931979702472995,0.021892031723691696,5,0.43388543277263647,0.06339536866033957,5,0.695572882784825,0.02125647384310005,5,0.585636494505738,0.011429317205308737,5,0.41363695944476275,0.01042671281482717
natural_proteins,cgreGFP_to_ppluGFP,mlp_small,iterative_random,6,576,6281,5,5,0.13581200785123293,0.004194438154067545,5,0.3684911080250409,0.0057348885898637954,5,0.5039284981332948,0.015320745694699694,5,0.7288255386282516,0.021159320911996963,5,0.6143527775691331,0.02700507085674533,5,0.4377065568890413,0.0223696318713116
natural_proteins,cgreGFP_to_ppluGFP,mlp_small,iterative_random,7,672,6281,5,5,0.13542436624191329,0.018465487091961042,5,0.3673349384573849,0.024733813657180654,5,0.50534441089656,0.06744765841650292,5,0.7413557125763124,0.022806432420994976,5,0.628160488816739,0.02637625324993099,5,0.4481524739802437,0.02128544179464681
natural_proteins,cgreGFP_to_ppluGFP,mlp_small,iterative_random,8,768,6281,5,5,0.1156942839847791,0.007664440726870078,5,0.33999166428297334,0.011177667627521704,5,0.5774111720917213,0.027995393651138557,5,0.774155906754949,0.005581197945852863,5,0.6566840926232362,0.004913492347366846,5,0.4733640657883125,0.0041752749490066195
natural_proteins,cgreGFP_to_ppluGFP,mlp_small,iterative_random,9,864,6281,5,5,0.13973712070470876,0.06790283305041935,5,0.3667500133531266,0.08086677632215658,5,0.4895914990783002,0.24802416888809645,5,0.7899709641005174,0.014573027876875262,5,0.6721214255973741,0.014583924356413085,5,0.4875975718406494,0.013037997976132011
natural_proteins,cgreGFP_to_ppluGFP,mlp_small,iterative_random,10,960,6281,5,5,0.15102291356302774,0.11350286425906018,5,0.37229927334123836,0.124580117959356,5,0.448368632988908,0.41458437460729736,5,0.7974885905418632,0.02053814327259793,5,0.6783870342930808,0.018344578726508947,5,0.4940059560382727,0.01818010613651751
natural_proteins,cgreGFP_to_ppluGFP,mlp_small,oneshot_fancy,1,960,6281,5,5,0.314720835386601,0.14947500457328752,5,0.5493331494932722,0.12724939221074505,5,-0.1495598949541479,0.545977422640175,5,0.5499280493719373,0.09954877704668258,5,0.4524612815924932,0.10107081387861368,5,0.31496379689939424,0.07557414058585749
natural_proteins,cgreGFP_to_ppluGFP,mlp_small,oneshot_random,1,960,6281,5,5,0.12648443836656018,0.036787037887506764,5,0.3530011317102561,0.04840763599163143,5,0.5379986917504613,0.13436957028183136,5,0.794070525032191,0.013930147057245068,5,0.6728894963990923,0.013659419801421114,5,0.49059600695583316,0.013287306356811381
natural_proteins,cgreGFP_to_ppluGFP,mlp_small,source_only,0,0,6281,5,5,11.819515929107643,4.499441425674369,5,3.3806884407416704,0.6986250744706528,5,-42.172360905763945,16.434810889774283,5,-0.10702082037349306,0.13814767303840828,5,-0.06760028428845542,0.09259934507249877,5,-0.04503446545516818,0.06061655836932746
natural_proteins,ppluGFP_to_amacGFP,CNN_Jannis_OHE,iterative_fancy,1,96,6703,5,5,0.17560188506933622,0.03422601564906827,5,0.4176189985362978,0.03866938599971498,5,-0.012787939753988776,0.1973993380624628,5,0.44890684487836097,0.04737273903115534,5,0.3530380077011169,0.06366141992309587,5,0.2411900471728609,0.04449159517054703
natural_proteins,ppluGFP_to_amacGFP,CNN_Jannis_OHE,iterative_fancy,2,192,6703,5,5,0.14323888780660668,0.02240762743124289,5,0.3775555730649255,0.029382755449038483,5,0.17386639661057776,0.1292365102567246,5,0.5126696431651777,0.062172964834169536,5,0.39280324841793723,0.044773489616322514,5,0.27020391553369405,0.03248201885947937
natural_proteins,ppluGFP_to_amacGFP,CNN_Jannis_OHE,iterative_fancy,3,288,6703,5,5,0.12495073702612865,0.02028605899506624,5,0.35259785172877944,0.02796184861508451,5,0.27934372986105654,0.1170003151573723,5,0.5928238462257202,0.06562952433291597,5,0.4378426010157005,0.07885231100753834,5,0.30416546955696655,0.05757186273333038
natural_proteins,ppluGFP_to_amacGFP,CNN_Jannis_OHE,iterative_fancy,4,384,6703,5,5,0.11079974863631388,0.013166355452455989,5,0.3324131649766996,0.01940477990365296,5,0.3609598831907556,0.07593726005558764,5,0.6602318482581305,0.042881303356655576,5,0.4884098043263103,0.04688266056247278,5,0.3418531295654708,0.03487107914746572
natural_proteins,ppluGFP_to_amacGFP,CNN_Jannis_OHE,iterative_fancy,5,480,6703,5,5,0.10898534202315761,0.026297044043074504,5,0.32838255705927927,0.037918304325991074,5,0.3714245153607858,0.15166881065934557,5,0.6924895984025489,0.030813975255667096,5,0.511683461205196,0.018772520777136526,5,0.35928806965944876,0.014053857232047308
natural_proteins,ppluGFP_to_amacGFP,CNN_Jannis_OHE,iterative_fancy,6,576,6703,5,5,0.09281622055568102,0.025377734550035568,5,0.30254399225469214,0.04005236113941646,5,0.4646802979636412,0.1463666718634918,5,0.7323317078033633,0.038250170740301605,5,0.5415542339987024,0.040955387549352296,5,0.38335427585608645,0.0311692318651992
natural_proteins,ppluGFP_to_amacGFP,CNN_Jannis_OHE,iterative_fancy,7,672,6703,5,5,0.1269328140614346,0.11454874690393335,5,0.3349117134687992,0.13586279035679513,5,0.26791205464738443,0.6606625511589919,5,0.7450104570273861,0.05907398346261966,5,0.5636941835107548,0.05306791164058904,5,0.40089173612048273,0.04181984592607834
natural_proteins,ppluGFP_to_amacGFP,CNN_Jannis_OHE,iterative_fancy,8,768,6703,5,5,0.06890933247564053,0.007863979354868184,5,0.26215824408143446,0.015099152947250572,5,0.6025638287409621,0.045355683089279245,5,0.780375459911674,0.029081740321334842,5,0.5892249280517362,0.027418088510882246,5,0.4222381254804081,0.023190538862939352
natural_proteins,ppluGFP_to_amacGFP,CNN_Jannis_OHE,iterative_fancy,9,864,6703,5,5,0.06520035945425065,0.007730409481103312,5,0.25497559907606965,0.015321689285537945,5,0.6239554165559412,0.04458531574834713,5,0.7974553148859732,0.026063446353940502,5,0.6010619401653503,0.03347467082847986,5,0.43302434330814216,0.028134139723345327
natural_proteins,ppluGFP_to_amacGFP,CNN_Jannis_OHE,iterative_fancy,10,960,6703,5,5,0.07591845459915544,0.02299702114288953,5,0.27327008110164624,0.039400465953068516,5,0.5621385545353019,0.13263585214127707,5,0.8071767519707288,0.01755028530583444,5,0.6119104125870429,0.027633265656554863,5,0.44074952817345786,0.024372052330154183
natural_proteins,ppluGFP_to_amacGFP,CNN_Jannis_OHE,iterative_random,1,96,6703,5,5,0.1814907913323998,0.022916082506153058,5,0.4253692276212856,0.026263366246321133,5,-0.046752343035978174,0.1321690366790486,5,0.4322419567468369,0.06231835128784811,5,0.356244742615634,0.013832883392516992,5,0.24241434018199587,0.009689530760332224
natural_proteins,ppluGFP_to_amacGFP,CNN_Jannis_OHE,iterative_random,2,192,6703,5,5,0.1481512732046907,0.020051627952475164,5,0.3841924955008506,0.02615816329369179,5,0.14553410003734563,0.11564822868890161,5,0.563345427438897,0.033186792375157335,5,0.4699673587322525,0.03739521428603367,5,0.3252826199434887,0.028746346979925078
natural_proteins,ppluGFP_to_amacGFP,CNN_Jannis_OHE,iterative_random,3,288,6703,5,5,0.15295933084297964,0.03642560165582823,5,0.3889725503825514,0.04554785796106597,5,0.11780351623536436,0.21008550130734197,5,0.6070861918815573,0.04058386700106513,5,0.4946228657796462,0.01960674214381035,5,0.34215538761096076,0.01584482664154974
natural_proteins,ppluGFP_to_amacGFP,CNN_Jannis_OHE,iterative_random,4,384,6703,5,5,0.10397761095351836,0.01584015280062763,5,0.3216976484068878,0.024704097914029454,5,0.40030672030328623,0.0913584481966215,5,0.6889615564971228,0.02522529097010998,5,0.5583080146018291,0.017932262817827168,5,0.393320650760575,0.014020200275053303
natural_proteins,ppluGFP_to_amacGFP,CNN_Jannis_OHE,iterative_random,5,480,6703,5,5,0.0877730765442017,0.009685718756601437,5,0.29590235116430047,0.01638883460014497,5,0.49376674786850455,0.05586260728728297,5,0.7370731360766267,0.020293709803516434,5,0.5952454496368451,0.016325441470914134,5,0.42382263133888687,0.014181555607466168
natural_proteins,ppluGFP_to_amacGFP,CNN_Jannis_OHE,iterative_random,6,576,6703,5,5,0.08239812880185735,0.006044693472916774,5,0.2868995161178826,0.010416120509944124,5,0.5247668834769852,0.03486290962345022,5,0.7644611477190326,0.01910025358594713,5,0.6289628154927072,0.03271010720333899,5,0.4531950115655315,0.02707182225641077
natural_proteins,ppluGFP_to_amacGFP,CNN_Jannis_OHE,iterative_random,7,672,6703,5,5,0.0837028504866196,0.011124210096749387,5,0.288793297195104,0.019406248407405617,5,0.5172418709377352,0.06415913941259105,5,0.7774636707909199,0.018363191599788456,5,0.6356379504975227,0.014926378129163677,5,0.45803021444958736,0.01254677443994201
natural_proteins,ppluGFP_to_amacGFP,CNN_Jannis_OHE,iterative_random,8,768,6703,5,5,0.07254853857637253,0.0149404149925212,5,0.2682543900351012,0.027113668215227427,5,0.5815746232569482,0.08616918954697157,5,0.8006100106852191,0.02019809745683928,5,0.6468698962491575,0.018104348298122772,5,0.4685652946320144,0.015994584693335933
natural_proteins,ppluGFP_to_amacGFP,CNN_Jannis_OHE,iterative_random,9,864,6703,5,5,0.0610338034546822,0.0046716382685868234,5,0.24690634561011277,0.009424698413063065,5,0.6479861247969512,0.02694378192722567,5,0.818860848021537,0.017464583234491807,5,0.6608565151914749,0.02073657376603047,5,0.480657025095908,0.01789559640041785
natural_proteins,ppluGFP_to_amacGFP,CNN_Jannis_OHE,iterative_random,10,960,6703,5,5,0.060092258530947074,0.004702976712128498,5,0.2449856140501539,0.00963765009066762,5,0.6534165069544035,0.027124527126271412,5,0.8319088417547406,0.011232148527491855,5,0.6897549461142147,0.007351591386017864,5,0.5055794794377957,0.006568861511402163
natural_proteins,ppluGFP_to_amacGFP,CNN_Jannis_OHE,oneshot_fancy,1,960,6703,5,5,0.07697215670414492,0.020373115179404683,5,0.27574888638034567,0.03418165378064922,5,0.5560613032369722,0.11750241371710109,5,0.7807236883234658,0.025296469712806458,5,0.6547484981990935,0.015210165779810977,5,0.47516499609664054,0.013796770128226662
natural_proteins,ppluGFP_to_amacGFP,CNN_Jannis_OHE,oneshot_random,1,960,6703,5,5,0.06245393659692432,0.013131891959549525,5,0.24887892696097375,0.02532825279402988,5,0.6397954740033116,0.07573849106194226,5,0.826784152721773,0.01979251035631965,5,0.6788158345919493,0.015575928476877741,5,0.49647874570821393,0.01471059935503252
natural_proteins,ppluGFP_to_amacGFP,CNN_Jannis_OHE,source_only,0,0,6703,5,5,0.9279410306900397,0.018927688947584332,5,0.9632566174332803,0.009856448462478046,5,-4.351921389196226,0.10916588444343354,5,-0.0361106437629415,0.050617758807139375,5,-0.022658916565841854,0.05267508892275077,5,-0.014868694269187835,0.03505003718551977
natural_proteins,ppluGFP_to_amacGFP,aubin_1_10_1,iterative_fancy,1,96,6703,5,5,0.7581015906725093,0.45993802119675237,5,0.8298908903515617,0.2944968182850232,5,-3.3723684847589697,2.6527031911898713,5,0.28369286409808864,0.21433193110998983,5,0.18207303045408957,0.05850814658634417,5,0.12406350471121508,0.03996875480062341
natural_proteins,ppluGFP_to_amacGFP,aubin_1_10_1,iterative_fancy,2,192,6703,5,5,0.6575844902167527,0.28714551079820005,5,0.7956419092048687,0.17513724094829305,5,-2.79263377951686,1.6561183849255754,5,0.1355154123791328,0.29858820430437055,5,0.12019440157321133,0.20616539770401812,5,0.08271199239743879,0.13947024384098342
natural_proteins,ppluGFP_to_amacGFP,aubin_1_10_1,iterative_fancy,3,288,6703,5,5,0.5537403882512976,0.356661953750327,5,0.7110840716824045,0.24520356658007317,5,-2.193710516001384,2.0570560799207684,5,0.15160286801127426,0.2629104238527842,5,0.13666689108919644,0.2126194795919923,5,0.09410576409533886,0.1445186380046975
natural_proteins,ppluGFP_to_amacGFP,aubin_1_10_1,iterative_fancy,4,384,6703,5,5,0.3420780652558105,0.2024207782867904,5,0.5652944075231067,0.16778072773306785,5,-0.9729431652095671,1.1674665276146075,5,0.3410070295658039,0.09180300749010825,5,0.2941567070736223,0.023800235896074173,5,0.19977748478144014,0.016238634207583785
natural_proteins,ppluGFP_to_amacGFP,aubin_1_10_1,iterative_fancy,5,480,6703,5,5,0.42751015328296055,0.18277741810399373,5,0.6424816144310312,0.1356812827965609,5,-1.465674711842649,1.054172992744382,5,0.31819188443348323,0.11273694238433164,5,0.2992867837450696,0.045257781395060696,5,0.20264271956261845,0.0330573832529423
natural_proteins,ppluGFP_to_amacGFP,aubin_1_10_1,iterative_fancy,6,576,6703,5,5,0.3451577012582904,0.19036920078364064,5,0.5725077601297461,0.14744730350836985,5,-0.990705037190111,1.0979587752041986,5,0.39104264555640134,0.13348750027178377,5,0.31655821481637697,0.06906015995872569,5,0.21568024137931818,0.04869356571092152
natural_proteins,ppluGFP_to_amacGFP,aubin_1_10_1,iterative_fancy,7,672,6703,5,5,0.25195974120514,0.08964135078410933,5,0.49518655118572613,0.09185600640354333,5,-0.4531836437595391,0.5170085670865961,5,0.4463497173227456,0.06141560241510526,5,0.34760852608811393,0.03373922989117898,5,0.23739657559276175,0.023321193661888017
natural_proteins,ppluGFP_to_amacGFP,aubin_1_10_1,iterative_fancy,8,768,6703,5,5,0.24657552163970994,0.10600357989113328,5,0.4877926282598878,0.10388619647853167,5,-0.4221300326966409,0.6113781024736583,5,0.3402219469986716,0.31855947231764226,5,0.2622180712810849,0.19945412247575026,5,0.1796308268781744,0.13502345470130375
natural_proteins,ppluGFP_to_amacGFP,aubin_1_10_1,iterative_fancy,9,864,6703,5,5,0.23530652435706467,0.12017182253107715,5,0.47333257515026983,0.1186528426686384,5,-0.35713582983556597,0.6930937700906518,5,0.5190802458879633,0.02290337667235865,5,0.3842650809667266,0.026730109488470766,5,0.2636456591764539,0.019165989939416626
natural_proteins,ppluGFP_to_amacGFP,aubin_1_10_1,iterative_fancy,10,960,6703,5,5,0.2107659180150181,0.11342784938917652,5,0.44845782898670566,0.10983791260050392,5,-0.21559731430276688,0.6541977487783244,5,0.5079566257540297,0.06482398120007496,5,0.40167556572930296,0.026501320001967248,5,0.27608703606899904,0.019214051885588276
natural_proteins,ppluGFP_to_amacGFP,aubin_1_10_1,iterative_random,1,96,6703,5,5,0.2648881768262978,0.11373057166928402,5,0.5067361550008123,0.10066433107915225,5,-0.5277486956769742,0.6559437065410593,5,0.3778112674478967,0.03261633252710483,5,0.28603916174813115,0.02654307411825394,5,0.19602758068151832,0.01810892263996958
natural_proteins,ppluGFP_to_amacGFP,aubin_1_10_1,iterative_random,2,192,6703,5,5,0.1814928286398289,0.010206169105045296,5,0.425884835489965,0.01198621810217892,5,-0.046764093253767534,0.058864316727569345,5,0.42627635478686055,0.02525229461484517,5,0.3256771268237492,0.011846532637227571,5,0.22394472443673244,0.008772627217450821
natural_proteins,ppluGFP_to_amacGFP,aubin_1_10_1,iterative_random,3,288,6703,5,5,0.21291412107769955,0.03957655437964199,5,0.4599024025228943,0.041891246570274085,5,-0.2279871252274463,0.22825869413014957,5,0.43133113777121207,0.02572145104520255,5,0.35221255362646975,0.01150284317855821,5,0.24200811152971338,0.007914408714850024
natural_proteins,ppluGFP_to_amacGFP,aubin_1_10_1,iterative_random,4,384,6703,5,5,0.16666116961846342,0.004203338109123931,5,0.4082157538273233,0.005131757210455627,5,0.03877784371035611,0.024242849909886472,5,0.49702610812141523,0.015217554437576601,5,0.3724406055452609,0.020823394331404704,5,0.2565296403484637,0.014907251673522732
natural_proteins,ppluGFP_to_amacGFP,aubin_1_10_1,iterative_random,5,480,6703,5,5,0.15659652476764258,0.007510806183628917,5,0.3956316477927083,0.009495000820762533,5,0.0968259160234383,0.04331874864330468,5,0.5195821131938864,0.03112997650826453,5,0.39527213250071025,0.023110206006081106,5,0.2729104565562997,0.016943807224720595
natural_proteins,ppluGFP_to_amacGFP,aubin_1_10_1,iterative_random,6,576,6703,5,5,0.1529925695380085,0.008132475585283796,5,0.39103081633649883,0.010456470079563438,5,0.1176118112918491,0.04690424131760904,5,0.5358601627805254,0.0148703761440685,5,0.40564496376558495,0.01578107815692957,5,0.27970721379882946,0.012032114473666571
natural_proteins,ppluGFP_to_amacGFP,aubin_1_10_1,iterative_random,7,672,6703,5,5,0.17191425195886673,0.053167080613365385,5,0.4112440081083597,0.05908275714874567,5,0.008480569630442525,0.3066423689921275,5,0.5401286118526791,0.0458153573121407,5,0.4297203745941185,0.026576672130823608,5,0.2977371655780386,0.019918699490114027
natural_proteins,ppluGFP_to_amacGFP,aubin_1_10_1,iterative_random,8,768,6703,5,5,0.1596857157244943,0.03572428072105046,5,0.3976857749082302,0.04375700172736285,5,0.07900893562222497,0.20604061657071482,5,0.5938257773464273,0.039963672288007464,5,0.44921599161104686,0.02070366709213511,5,0.31219232732176716,0.016090249095428406
natural_proteins,ppluGFP_to_amacGFP,aubin_1_10_1,iterative_random,9,864,6703,5,5,0.14341364507016452,0.029580490745283218,5,0.3772271148876275,0.03730530900088544,5,0.172858480044956,0.17060616557161745,5,0.6084322832472713,0.013071829623860129,5,0.4631884839995779,0.01584053585114287,5,0.32268852597396747,0.012046071583263296
natural_proteins,ppluGFP_to_amacGFP,aubin_1_10_1,iterative_random,10,960,6703,5,5,0.13400518366925848,0.018748609410861254,5,0.36539940000319787,0.024709870157526487,5,0.2271219991109168,0.10813303906721092,5,0.6282757960681846,0.023012771713179538,5,0.48028044224696875,0.019487943337877626,5,0.335968448233929,0.01520335624990823
natural_proteins,ppluGFP_to_amacGFP,aubin_1_10_1,oneshot_fancy,1,960,6703,5,5,0.40303965299811895,0.15052443368886348,5,0.6263971032725044,0.1154681883135697,5,-1.3245405346187056,0.8681531580266663,5,0.3046260308666791,0.13847548225399797,5,0.20592066590708993,0.020807488253004536,5,0.1390483216678754,0.015170322623592386
natural_proteins,ppluGFP_to_amacGFP,aubin_1_10_1,oneshot_random,1,960,6703,5,5,0.12506108696923396,0.004590656539735941,5,0.3535916392452615,0.00652300018039737,5,0.2787072840080668,0.026476717930229186,5,0.6135817717568075,0.00946916296897252,5,0.47909331650591297,0.012122232783979739,5,0.3343309982483821,0.009470669564392619
natural_proteins,ppluGFP_to_amacGFP,aubin_1_10_1,source_only,0,0,6703,5,5,0.632432741536501,0.6210324343538597,5,0.7393389479929188,0.3275108042439689,5,-2.6475704863920497,3.5818189506411047,5,-0.1840130260382971,0.28088567169882606,5,-0.1270582370149866,0.1900027026610828,5,-0.08652843027712484,0.1300070116699603
natural_proteins,ppluGFP_to_amacGFP,aubin_linear,iterative_fancy,1,96,6703,5,5,0.23425160193591404,0.02502185332815951,5,0.4834583134977555,0.02548678691547712,5,-0.35105154033550956,0.14431411867274072,5,0.3967307362500298,0.015526693074382942,5,0.28138039151319133,0.024618427774090488,5,0.19194801641583342,0.017840279909868372
natural_proteins,ppluGFP_to_amacGFP,aubin_linear,iterative_fancy,2,192,6703,5,5,0.20722946376433754,0.022402359511927265,5,0.45472166582860707,0.02391836089686551,5,-0.19520073249405345,0.1292061274100464,5,0.4097578987086532,0.011733113012850498,5,0.28381902567426687,0.010948512732734601,5,0.1924406954018394,0.008131107671611132
natural_proteins,ppluGFP_to_amacGFP,aubin_linear,iterative_fancy,3,288,6703,5,5,0.2472889063971097,0.08173540041605527,5,0.49241482153930943,0.07759308865420786,5,-0.4262444958096854,0.4714108152065571,5,0.4224553723891331,0.01949523011034457,5,0.29883122440435494,0.01815694688374108,5,0.202932656255375,0.01276484394183564
natural_proteins,ppluGFP_to_amacGFP,aubin_linear,iterative_fancy,4,384,6703,5,5,0.23396341943434162,0.049540721997031474,5,0.4816312717119649,0.049934175965178365,5,-0.3493894410822731,0.2857272616719766,5,0.4351148824929102,0.006472882112585375,5,0.3119932055589615,0.013629739837848272,5,0.21211404845519874,0.01062827429303437
natural_proteins,ppluGFP_to_amacGFP,aubin_linear,iterative_fancy,5,480,6703,5,5,0.20536969792458346,0.022262415489566912,5,0.45267769439387334,0.02378557658620069,5,-0.18447448993392568,0.12839899701944005,5,0.4504149202369767,0.012516102698827353,5,0.327938749042693,0.012088922663462742,5,0.22325256747831354,0.009463846106439303
natural_proteins,ppluGFP_to_amacGFP,aubin_linear,iterative_fancy,6,576,6703,5,5,0.1966854376700946,0.034885316766291016,5,0.4421758814299464,0.03817603226738991,5,-0.13438781775521655,0.20120187252800031,5,0.46322644012813907,0.02322955492707525,5,0.33746240131338545,0.015063088025207767,5,0.2297358978850652,0.010807935616208795
natural_proteins,ppluGFP_to_amacGFP,aubin_linear,iterative_fancy,7,672,6703,5,5,0.18743114271553188,0.025927994666215145,5,0.4320862944144713,0.03026088429604105,5,-0.08101345723963012,0.149540309829703,5,0.4934535430005254,0.01742574871118412,5,0.3624034437727673,0.016105014583145623,5,0.24704731782780284,0.011393853761390196
natural_proteins,ppluGFP_to_amacGFP,aubin_linear,iterative_fancy,8,768,6703,5,5,0.16903206632616358,0.01223403808162522,5,0.4109220802685057,0.014794858649519592,5,0.025103642029587904,0.07056009802325684,5,0.5129394535393225,0.016344955608848518,5,0.38381850768776044,0.016442019766283397,5,0.2621148792596436,0.011732826519758372
natural_proteins,ppluGFP_to_amacGFP,aubin_linear,iterative_fancy,9,864,6703,5,5,0.15750405521521565,0.004095736690491934,5,0.3968409533589973,0.005161510478753969,5,0.09159171314515713,0.023622256235462786,5,0.5330306037086407,0.013218639945700352,5,0.4038511565089239,0.012127783628968337,5,0.2766950785150444,0.008603041443293238
natural_proteins,ppluGFP_to_amacGFP,aubin_linear,iterative_fancy,10,960,6703,5,5,0.16441876117670023,0.016278018701943064,5,0.4050769052978415,0.02035503534213945,5,0.05171098634104896,0.09388384992512046,5,0.5439018445971454,0.01685570485427259,5,0.4107945746502967,0.011875498478208436,5,0.2816412055402603,0.00815645264628317
natural_proteins,ppluGFP_to_amacGFP,aubin_linear,iterative_random,1,96,6703,5,5,0.23624499607295588,0.07871510790751539,5,0.48147832128118423,0.07436079451909353,5,-0.3625484871955912,0.45399120820193584,5,0.39758309151321647,0.02306116500980153,5,0.2804892882296649,0.025601056494058406,5,0.19167875341671037,0.017637175550279625
natural_proteins,ppluGFP_to_amacGFP,aubin_linear,iterative_random,2,192,6703,5,5,0.19701104095811364,0.021292901318859293,5,0.44333081946187736,0.024208094549497038,5,-0.13626574226109364,0.12280730158219826,5,0.436494977928558,0.02223862537274697,5,0.3161786325902406,0.012958915073832138,5,0.21684631409076688,0.009576265888557246
natural_proteins,ppluGFP_to_amacGFP,aubin_linear,iterative_random,3,288,6703,5,5,0.2015712415069725,0.062228502580277505,5,0.44528016907902657,0.06419513739301029,5,-0.16256680455846098,0.3589043300837571,5,0.4716398611365957,0.020931351816200167,5,0.347689867653735,0.015275821009033332,5,0.23877498808538616,0.01066287471430628
natural_proteins,ppluGFP_to_amacGFP,aubin_linear,iterative_random,4,384,6703,5,5,0.17610264476590842,0.019221982615715387,5,0.41916210905687634,0.02252140917270989,5,-0.015676082903493715,0.11086322999135538,5,0.4949629668364778,0.020980228944286593,5,0.36512315353563174,0.02222021645208933,5,0.2509292551252398,0.01551529438636149
natural_proteins,ppluGFP_to_amacGFP,aubin_linear,iterative_random,5,480,6703,5,5,0.16875475082934552,0.00500498727024496,5,0.4107611718376328,0.006124799988603134,5,0.02670306558118194,0.02886638001593691,5,0.522664900244053,0.020614345828107766,5,0.3894023067852591,0.026118794896818145,5,0.26855257671066035,0.019033025543829983
natural_proteins,ppluGFP_to_amacGFP,aubin_linear,iterative_random,6,576,6703,5,5,0.18936453692019056,0.026331902274853373,5,0.43429262603888114,0.030709361122530417,5,-0.09216435309986222,0.15186985631858127,5,0.5415588024720137,0.011237855407157342,5,0.40376516442823795,0.01670406575644809,5,0.2786232585531824,0.012386241975971551
natural_proteins,ppluGFP_to_amacGFP,aubin_linear,iterative_random,7,672,6703,5,5,0.16677795532975365,0.024437514310911984,5,0.4075648483929859,0.02891473854619875,5,0.03810427941528225,0.14094392985522136,5,0.5661054374511159,0.01729657913562918,5,0.4271238977716708,0.024524761474943372,5,0.29561668045924516,0.01839234590665488
natural_proteins,ppluGFP_to_amacGFP,aubin_linear,iterative_random,8,768,6703,5,5,0.16356959741214414,0.030064100154071068,5,0.40307081685255425,0.03714017390170026,5,0.05660855802303266,0.17339539403905962,5,0.5762045615820156,0.01919854823028645,5,0.43830661506496416,0.025834823888862064,5,0.3037917529697534,0.019532529438649988
natural_proteins,ppluGFP_to_amacGFP,aubin_linear,iterative_random,9,864,6703,5,5,0.14731924534673096,0.014799731817548116,5,0.38344051987800964,0.019125018379490617,5,0.15033283998110086,0.08535779607654966,5,0.5904557297995437,0.015055328289231026,5,0.45501795556141234,0.023023679349140267,5,0.3164564493065417,0.01724937010549924
natural_proteins,ppluGFP_to_amacGFP,aubin_linear,iterative_random,10,960,6703,5,5,0.16041977738058477,0.035520755417560966,5,0.39877033637237375,0.04186281479500465,5,0.07477521801702536,0.2048667796684086,5,0.6044953797904757,0.014465479360743454,5,0.47102804713918245,0.021898822892675005,5,0.3284986583710084,0.016217248504178692
natural_proteins,ppluGFP_to_amacGFP,aubin_linear,oneshot_fancy,1,960,6703,5,5,0.15553743877963205,0.011364512676229496,5,0.3941739417378892,0.014332761180560158,5,0.1029342189918033,0.06554509010607668,5,0.5493684558013667,0.020685281119808552,5,0.4181406299751327,0.020657750855010794,5,0.2888300318289127,0.01590465453145157
natural_proteins,ppluGFP_to_amacGFP,aubin_linear,oneshot_random,1,960,6703,5,5,0.16305716032663264,0.02945847382251165,5,0.4025612068329022,0.035384231655321605,5,0.05956405078373841,0.16990243014315012,5,0.6006283691192744,0.010410343188597767,5,0.47268141754027865,0.01206771491926498,5,0.3291822584844919,0.009086974391115521
natural_proteins,ppluGFP_to_amacGFP,aubin_linear,source_only,0,0,6703,5,5,75.78825144145209,5.741255194773198,5,8.700700375994163,0.32799468102991014,5,-436.11049573663706,33.11282232545691,5,0.34557535238594966,0.0067848285649926635,5,0.20823767125860862,0.01107063451233408,5,0.14137626747200246,0.007584984299736797
natural_proteins,ppluGFP_to_amacGFP,mlp_small,iterative_fancy,1,96,6703,5,5,0.3054406591155284,0.2422297358218862,5,0.5246764209497145,0.19414978887101061,5,-0.7616360766319292,1.3970656123271898,5,0.31402500023952795,0.07867184628176795,5,0.2538068906399137,0.04687965298620721,5,0.170989663375101,0.03251480495481016
natural_proteins,ppluGFP_to_amacGFP,mlp_small,iterative_fancy,2,192,6703,5,5,0.3684173268987391,0.202590515604304,5,0.5895030555990396,0.16164573276974661,5,-1.124855466853993,1.1684454915251379,5,0.3784784445897877,0.05488676927757514,5,0.2937739450152987,0.042274627831818984,5,0.19907357406037943,0.028950380920288198
natural_proteins,ppluGFP_to_amacGFP,mlp_small,iterative_fancy,3,288,6703,5,5,0.22966886964026184,0.09381819732214512,5,0.47171139595214184,0.09458612853600382,5,-0.32462052566658944,0.541098626246585,5,0.4145448726126365,0.03394979857130834,5,0.3234195156211185,0.03548973821790011,5,0.21925145909445626,0.024562850796477822
natural_proteins,ppluGFP_to_amacGFP,mlp_small,iterative_fancy,4,384,6703,5,5,0.23561196479185537,0.04276067192119729,5,0.4838589819380303,0.04319216349275888,5,-0.358897464618399,0.24662316580750665,5,0.4454681781181168,0.035783546864072056,5,0.34367570007509685,0.019476776433658936,5,0.23349240359055093,0.014534680301422706
natural_proteins,ppluGFP_to_amacGFP,mlp_small,iterative_fancy,5,480,6703,5,5,0.19073012436959563,0.06311590025678757,5,0.4321039146874418,0.0708548805780481,5,-0.10004041034657526,0.3640224167385799,5,0.4429890599001454,0.03446904508395116,5,0.34189601970587646,0.0213626031390858,5,0.23212511096630703,0.015011864503694369
natural_proteins,ppluGFP_to_amacGFP,mlp_small,iterative_fancy,6,576,6703,5,5,0.20039226365174406,0.06742546505551998,5,0.4424240238291988,0.07626636537921382,5,-0.15576702246875926,0.3888779315414031,5,0.4925589302589769,0.04025828871488671,5,0.3716626786556415,0.026643152430304393,5,0.2531512836447288,0.018719036918701613
natural_proteins,ppluGFP_to_amacGFP,mlp_small,iterative_fancy,7,672,6703,5,5,0.19298382132157899,0.05446890633690363,5,0.4360467750181926,0.059655587728777805,5,-0.11303865972144866,0.3141506790079364,5,0.5038331369048606,0.026849933202006362,5,0.3868508138777168,0.02143197886456137,5,0.26420454847923963,0.01495260539712558
natural_proteins,ppluGFP_to_amacGFP,mlp_small,iterative_fancy,8,768,6703,5,5,0.1869911206042785,0.06305923926301048,5,0.4280602289486598,0.06851606560416491,5,-0.07847561952036786,0.3636956231444834,5,0.5202715781238487,0.028590555001718445,5,0.40461575850937237,0.02438356543572087,5,0.27696314679057965,0.017590153555670035
natural_proteins,ppluGFP_to_amacGFP,mlp_small,iterative_fancy,9,864,6703,5,5,0.23489894975184708,0.06955584498953296,5,0.4798277375520333,0.07635682703223189,5,-0.3547851338589744,0.40116494715863454,5,0.5485849561541644,0.03599269575698747,5,0.424314898943554,0.025459971088923623,5,0.2910312496205685,0.01815633999318517
natural_proteins,ppluGFP_to_amacGFP,mlp_small,iterative_fancy,10,960,6703,5,5,0.1435845328282133,0.03340420540903799,5,0.377087586133223,0.04167561055990071,5,0.17187288094199055,0.1926595284667949,5,0.5703366981136258,0.02295927694084986,5,0.4390826389162291,0.016456367769750492,5,0.30198587037326263,0.011848533341648796
natural_proteins,ppluGFP_to_amacGFP,mlp_small,iterative_random,1,96,6703,5,5,0.15608234220825137,0.014118555044778216,5,0.3947513609563865,0.017808187419416796,5,0.09979147584517749,0.08142909326091928,5,0.37300895920935967,0.04785699010293523,5,0.29439706088720485,0.020775474040028424,5,0.19915886135848998,0.014826892401416504
natural_proteins,ppluGFP_to_amacGFP,mlp_small,iterative_random,2,192,6703,5,5,0.16085197846566182,0.042877777553339116,5,0.3985686237448558,0.04993784426406214,5,0.07228248824740038,0.24729857525350252,5,0.4563622736969776,0.030493451525979202,5,0.34643523107721774,0.01994937460276245,5,0.23688702704135448,0.015365312229844939
natural_proteins,ppluGFP_to_amacGFP,mlp_small,iterative_random,3,288,6703,5,5,0.13117651026563384,0.00517384527480876,5,0.3621265008355926,0.007150844198711235,5,0.2434364384893022,0.02984027246866091,5,0.5208950023337464,0.02294834380379986,5,0.3917715865495546,0.008046201697596511,5,0.26901857944400404,0.006285916573367979
natural_proteins,ppluGFP_to_amacGFP,mlp_small,iterative_random,4,384,6703,5,5,0.1387588993714583,0.02058434121713315,5,0.3717255988220679,0.026902103817205116,5,0.19970483368409836,0.11872066478250934,5,0.5498900234549641,0.029049424690112714,5,0.42475226168735,0.019141419071110423,5,0.29245455135005416,0.013917094178795485
natural_proteins,ppluGFP_to_amacGFP,mlp_small,iterative_random,5,480,6703,5,5,0.1258342860363823,0.013128682857797785,5,0.3543634286109921,0.018057079617305485,5,0.2742478404780175,0.07571998249325392,5,0.5707784371033896,0.024851661753418058,5,0.4375393745286014,0.014558298421546623,5,0.3008819180995491,0.01089237738156459
natural_proteins,ppluGFP_to_amacGFP,mlp_small,iterative_random,6,576,6703,5,5,0.13346297789391817,0.029737968843388748,5,0.3636947026171037,0.038554201816641806,5,0.2302491834797679,0.1715144241502409,5,0.6097130191310235,0.014018925043255352,5,0.4689534184055336,0.019035056412492892,5,0.3242933421738946,0.014095909689477833
natural_proteins,ppluGFP_to_amacGFP,mlp_small,iterative_random,7,672,6703,5,5,0.12369097388151189,0.01649482649985875,5,0.3510768908370035,0.02334498344759145,5,0.28660944297860447,0.09513429392170356,5,0.6358150595998999,0.01798476420733119,5,0.49170693375019914,0.02344906099870059,5,0.3412055605570895,0.01792302745747062
natural_proteins,ppluGFP_to_amacGFP,mlp_small,iterative_random,8,768,6703,5,5,0.11154662467214094,0.010209929517576679,5,0.33370676608832694,0.015265112962715882,5,0.3566522583535948,0.05888600499394977,5,0.6537651354477638,0.010276940831291746,5,0.5092643887559384,0.019296678480069673,5,0.354412343375344,0.015220821564956693
natural_proteins,ppluGFP_to_amacGFP,mlp_small,iterative_random,9,864,6703,5,5,0.11510890456043618,0.01898567812313255,5,0.3384214742090178,0.026921421643166535,5,0.33610672658171736,0.1095003383566609,5,0.6758700228527573,0.007986351010691235,5,0.532793699981021,0.015838287361929493,5,0.37331196783493925,0.0131505436350651
natural_proteins,ppluGFP_to_amacGFP,mlp_small,iterative_random,10,960,6703,5,5,0.10319471285892208,0.012021675921000912,5,0.320802358407174,0.018726975840920472,5,0.4048221031988083,0.06933529434272986,5,0.6965806413977687,0.009464002173399001,5,0.5496467430122962,0.01647049442834222,5,0.3869056634464358,0.01348933541006536
natural_proteins,ppluGFP_to_amacGFP,mlp_small,oneshot_fancy,1,960,6703,5,5,0.20942872194811563,0.12658455267862384,5,0.44284393542866257,0.129025049903934,5,-0.20788500501229107,0.7300793397601781,5,0.5556145738267944,0.12499422514657335,5,0.4204346955255109,0.13457683175385868,5,0.2919585467424592,0.09607320099085975
natural_proteins,ppluGFP_to_amacGFP,mlp_small,oneshot_random,1,960,6703,5,5,0.09647693949160857,0.013350124368622427,5,0.31005274704338404,0.020743479169967577,5,0.4435670167043166,0.07699715153637406,5,0.7068551131629246,0.007421711163626826,5,0.564059081047267,0.011963616767186356,5,0.3980260804864835,0.009526788209560213
natural_proteins,ppluGFP_to_amacGFP,mlp_small,source_only,0,0,6703,5,5,14.75821717503444,1.1204820184148279,5,3.8393121779637402,0.1495793066142581,5,-84.11835941421286,6.462405995890454,5,0.00937488700124427,0.07953548514864293,5,0.009017802133094938,0.05286255968726452,5,0.005696287647198291,0.035102197767988695
natural_proteins,ppluGFP_to_cgreGFP,CNN_Jannis_OHE,iterative_fancy,1,96,4904,5,5,0.6528989480246002,0.19901291191514636,5,0.8009624407741587,0.1191538736975361,5,-0.09771192534858694,0.3345982519478234,5,0.44202863990640273,0.04280262209787819,5,0.47323353713449823,0.020242078294562052,5,0.33547037407351415,0.015544734901274683
natural_proteins,ppluGFP_to_cgreGFP,CNN_Jannis_OHE,iterative_fancy,2,192,4904,5,5,0.6475617727365542,0.1756214819445331,5,0.7990828143420106,0.10623340199653636,5,-0.08873859037984524,0.2952704942490454,5,0.44239804705804164,0.07751677973469816,5,0.5086360644452208,0.024556583100739098,5,0.3617471282677191,0.01819544657198018
natural_proteins,ppluGFP_to_cgreGFP,CNN_Jannis_OHE,iterative_fancy,3,288,4904,5,5,0.5906424891180426,0.1036563696753144,5,0.7661759423993524,0.06723944532886614,5,0.006959184290155495,0.17427633093176165,5,0.507720330924134,0.05021076140481276,5,0.5341552044135305,0.03778912533237363,5,0.3809675450892349,0.02955053796042815
natural_proteins,ppluGFP_to_cgreGFP,CNN_Jannis_OHE,iterative_fancy,4,384,4904,5,5,0.4739753665484737,0.02811173014648106,5,0.6882088377701907,0.020735300922493104,5,0.20311035305554878,0.04726394722696189,5,0.5752127476980741,0.021347789157867732,5,0.5996814675400356,0.02085883088161735,5,0.4314944365745421,0.015831941343394187
natural_proteins,ppluGFP_to_cgreGFP,CNN_Jannis_OHE,iterative_fancy,5,480,4904,5,5,0.5138720979169042,0.050929857963039636,5,0.7161523389464235,0.03531864483652993,5,0.13603241099719354,0.08562781822744157,5,0.565937310910846,0.024317296579352953,5,0.6055408945539784,0.026864040289386486,5,0.4353582439477872,0.02142045715271499
natural_proteins,ppluGFP_to_cgreGFP,CNN_Jannis_OHE,iterative_fancy,6,576,4904,5,5,0.41892270501898404,0.054727913497824306,5,0.6461680193563046,0.041677268686515376,5,0.29566979623728773,0.0920134478356428,5,0.6291493494290529,0.0434977498467168,5,0.6395875682411487,0.02127918761585967,5,0.46405430077872944,0.016757734501443456
natural_proteins,ppluGFP_to_cgreGFP,CNN_Jannis_OHE,iterative_fancy,7,672,4904,5,5,0.4029065473615482,0.05076629257062854,5,0.6337136599968631,0.04052074306648933,5,0.32259758852738657,0.08535281750586403,5,0.656761990180745,0.026374561091991516,5,0.6765560519541217,0.007702934052673219,5,0.4942725339040882,0.0064567615367319845
natural_proteins,ppluGFP_to_cgreGFP,CNN_Jannis_OHE,iterative_fancy,8,768,4904,5,5,0.38744046837139834,0.05508879509154387,5,0.62124344938895,0.04325859687272286,5,0.34860053951580056,0.09262019414801376,5,0.6630849133458201,0.03422219429986713,5,0.6816686032032425,0.02150031165031246,5,0.49912753836902085,0.019242438579960434
natural_proteins,ppluGFP_to_cgreGFP,CNN_Jannis_OHE,iterative_fancy,9,864,4904,5,5,0.31741411058750807,0.024793002621482943,5,0.5630445022571137,0.022220459759735574,5,0.46633509592866657,0.0416842066067706,5,0.717673825249834,0.01806635027770893,5,0.7124355917988092,0.016369568161046545,5,0.524152713144008,0.014325371271749458
natural_proteins,ppluGFP_to_cgreGFP,CNN_Jannis_OHE,iterative_fancy,10,960,4904,5,5,0.3032463219214833,0.02734730842135681,5,0.5502400301421159,0.02455176039224821,5,0.490155245465694,0.04597873326513325,5,0.7269329589484472,0.02668665668899349,5,0.7178672967436948,0.022157142186584596,5,0.5280609349103735,0.01996437948055795
natural_proteins,ppluGFP_to_cgreGFP,CNN_Jannis_OHE,iterative_random,1,96,4904,5,5,0.6989860725511436,0.1256147299410354,5,0.8333651948607731,0.07490431017145394,5,-0.17519770833365264,0.2111946840669765,5,0.40131502122380136,0.054740137868237705,5,0.47681838006526506,0.029330590371820602,5,0.33725759107666475,0.020172570426318547
natural_proteins,ppluGFP_to_cgreGFP,CNN_Jannis_OHE,iterative_random,2,192,4904,5,5,0.5980968513079046,0.07779694745312365,5,0.7720695403620352,0.05006840512064816,5,-0.00557375407103593,0.13079916460792565,5,0.48868058438663275,0.04122803397806222,5,0.5295636999679872,0.01692547184159822,5,0.37697392993288326,0.012359043589067939
natural_proteins,ppluGFP_to_cgreGFP,CNN_Jannis_OHE,iterative_random,3,288,4904,5,5,0.5216822513932634,0.09134210146582518,5,0.7199862531142809,0.06424607692032656,5,0.1229012846019966,0.15357248525028871,5,0.5417875251961407,0.04294451569028921,5,0.5715382047669941,0.01806008370971166,5,0.4096634438815897,0.012953523657395178
natural_proteins,ppluGFP_to_cgreGFP,CNN_Jannis_OHE,iterative_random,4,384,4904,5,5,0.46861444977578326,0.046319273354429896,5,0.6838857405469676,0.03381463537266494,5,0.21212360432511862,0.07787609229341716,5,0.5968505745970175,0.02393592959619498,5,0.628192568916346,0.029929471812313705,5,0.45492194798925345,0.023979770840961884
natural_proteins,ppluGFP_to_cgreGFP,CNN_Jannis_OHE,iterative_random,5,480,4904,5,5,0.4081024659141706,0.030705862494865767,5,0.6384534368849216,0.02448659949855217,5,0.3138617469770052,0.05162543382970512,5,0.6490143395294184,0.0324928149525441,5,0.666154092869321,0.029469004703858492,5,0.4853089090643909,0.02500516003359639
natural_proteins,ppluGFP_to_cgreGFP,CNN_Jannis_OHE,iterative_random,6,576,4904,5,5,0.3530287034288061,0.02655471550231177,5,0.593821140428805,0.02250434981952361,5,0.40645666696716953,0.04464615538027843,5,0.6817692503969134,0.02102038547698005,5,0.690494060446913,0.019622568406871373,5,0.5059653823441136,0.01584790720865399
natural_proteins,ppluGFP_to_cgreGFP,CNN_Jannis_OHE,iterative_random,7,672,4904,5,5,0.3515418080930529,0.041722541129203906,5,0.5920174834775527,0.03635084851070452,5,0.4089565679805496,0.07014765622144692,5,0.6867446973734198,0.03041285420224959,5,0.6940546210398749,0.017503952820645062,5,0.5084594364628603,0.015763452655846926
natural_proteins,ppluGFP_to_cgreGFP,CNN_Jannis_OHE,iterative_random,8,768,4904,5,5,0.3433029527457932,0.0737185451931294,5,0.583415478227322,0.060511698358440336,5,0.42280846618512163,0.12394219108896144,5,0.7047340943727359,0.043354399307475214,5,0.7189353501658928,0.019214883965931323,5,0.5289895628200523,0.015664348510540303
natural_proteins,ppluGFP_to_cgreGFP,CNN_Jannis_OHE,iterative_random,9,864,4904,5,5,0.3119291886031701,0.0289738154870282,5,0.5580192692899648,0.026069227651192104,5,0.47555683581664016,0.048713361966945735,5,0.7334466227678946,0.016083884546517584,5,0.7313002798835921,0.009684155571563269,5,0.5409191221540135,0.009128796764886402
natural_proteins,ppluGFP_to_cgreGFP,CNN_Jannis_OHE,iterative_random,10,960,4904,5,5,0.28303872836564115,0.012708330115410872,5,0.531906102257104,0.011970105852515057,5,0.5241300535059874,0.021366377693148732,5,0.7517718497540216,0.011325372707212324,5,0.7418151111832425,0.015519900177473537,5,0.5501688770288246,0.013901504788571916
natural_proteins,ppluGFP_to_cgreGFP,CNN_Jannis_OHE,oneshot_fancy,1,960,4904,5,5,0.33126829720311407,0.047220052613253474,5,0.5743636241702361,0.04145365534463823,5,0.4430422021202631,0.07939056269884358,5,0.7093403361786178,0.041541641667845575,5,0.7023572825585885,0.037477770343407595,5,0.5159990334644243,0.030599227810047838
natural_proteins,ppluGFP_to_cgreGFP,CNN_Jannis_OHE,oneshot_random,1,960,4904,5,5,0.3001083045717579,0.02789610140330603,5,0.5473671286893185,0.024938198666128647,5,0.4954311600266938,0.04690141295799529,5,0.7444905506653361,0.01872364009980021,5,0.7415579902905727,0.009673585765685869,5,0.5491787739273113,0.01018216819781688
natural_proteins,ppluGFP_to_cgreGFP,CNN_Jannis_OHE,source_only,0,0,4904,5,5,1.2814690931884796,0.016664402412710604,5,1.1320006835681695,0.007377803676934243,5,-1.1545200981172847,0.028017679171617963,5,-0.04528819254237506,0.048544032655610234,5,-0.03619895275889291,0.05132473145762447,5,-0.02557101711510052,0.03575876363047193
natural_proteins,ppluGFP_to_cgreGFP,aubin_1_10_1,iterative_fancy,1,96,4904,5,5,1.1635624291696585,0.6526774518244428,5,1.0518532071251459,0.2673183023808032,5,-0.9562849017471222,1.0973395261877859,5,0.3223617574879735,0.01841473974586676,5,0.25694103511227406,0.036650903116531956,5,0.17977403710227052,0.02594975373192111
natural_proteins,ppluGFP_to_cgreGFP,aubin_1_10_1,iterative_fancy,2,192,4904,5,5,0.7079678616580825,0.1656250765381322,5,0.8370803304274507,0.09529153995471067,5,-0.19029869301663205,0.2784636461779532,5,0.3175122646685017,0.049972621382914716,5,0.30298280487054036,0.011909745324862326,5,0.2113125807867267,0.008474336313023438
natural_proteins,ppluGFP_to_cgreGFP,aubin_1_10_1,iterative_fancy,3,288,4904,5,5,0.7011941058914736,0.21520989363876047,5,0.8302716064942921,0.12167151135773793,5,-0.17891005085860384,0.361830061780659,5,0.31585414697176833,0.07464187360212239,5,0.3051270519648718,0.03757020343099751,5,0.2127628298783117,0.02724781583687285
natural_proteins,ppluGFP_to_cgreGFP,aubin_1_10_1,iterative_fancy,4,384,4904,5,5,0.5582449557496993,0.0706246207673295,5,0.7460115623506706,0.04625614268411907,5,0.06142880602550747,0.11874040948308902,5,0.39356574772351605,0.035669309175073965,5,0.3673067749824043,0.03755185286753022,5,0.25779298328489403,0.02717913660482716
natural_proteins,ppluGFP_to_cgreGFP,aubin_1_10_1,iterative_fancy,5,480,4904,5,5,0.5919108716594181,0.12756012230348535,5,0.7661759914584113,0.07814427180013295,5,0.004826666469772411,0.2144654511622589,5,0.40758767729124656,0.0492438769204282,5,0.38872233836644055,0.038324664505370046,5,0.2728783120865478,0.0288877629822363
natural_proteins,ppluGFP_to_cgreGFP,aubin_1_10_1,iterative_fancy,6,576,4904,5,5,0.49123312244556533,0.02820998668544779,5,0.7006476507631335,0.02018637924651947,5,0.17409507510126637,0.047429144881045396,5,0.4531810209776321,0.032713304735261683,5,0.42081566707892026,0.0369668863274518,5,0.29674681738239506,0.027392688243101974
natural_proteins,ppluGFP_to_cgreGFP,aubin_1_10_1,iterative_fancy,7,672,4904,5,5,0.6703736414950636,0.17214648371639435,5,0.8135173648038799,0.1034597666826004,5,-0.12709193809386093,0.2894280173892889,5,0.4279818740598157,0.04133188883661332,5,0.42491013527912347,0.013292804059036472,5,0.2996580610594449,0.010387920924709918
natural_proteins,ppluGFP_to_cgreGFP,aubin_1_10_1,iterative_fancy,8,768,4904,5,5,0.5184143353608828,0.07834770001718817,5,0.7184225190291379,0.053425409599631886,5,0.1283955964103331,0.13172513892496066,5,0.46898884905900157,0.03927930409167041,5,0.45140658316204146,0.02627834590096493,5,0.319415451342981,0.01996073155923257
natural_proteins,ppluGFP_to_cgreGFP,aubin_1_10_1,iterative_fancy,9,864,4904,5,5,0.5287178557525467,0.15773577608537817,5,0.7216038133596225,0.1000361953082348,5,0.11107239924295811,0.26519945082911994,5,0.4929805784092084,0.04936610237320911,5,0.48547862358235844,0.02299262631279939,5,0.3447541019327912,0.01749101941232349
natural_proteins,ppluGFP_to_cgreGFP,aubin_1_10_1,iterative_fancy,10,960,4904,5,5,0.5045835898390487,0.11401873797754179,5,0.7070764684960116,0.07604651157562609,5,0.1516490789618269,0.19169846845338712,5,0.5267267831266016,0.0360263941251842,5,0.5090749293570556,0.024714132583772957,5,0.3627860654623133,0.019211452015066726
natural_proteins,ppluGFP_to_cgreGFP,aubin_1_10_1,iterative_random,1,96,4904,5,5,0.6189654472319376,0.14219069424605085,5,0.7830297774761336,0.0853654996003522,5,-0.04065989822918017,0.2390636732065981,5,0.3708389420119061,0.01207342452122321,5,0.31510266404086906,0.026930616002543435,5,0.22267836522836348,0.020137180297102503
natural_proteins,ppluGFP_to_cgreGFP,aubin_1_10_1,iterative_random,2,192,4904,5,5,0.5459101847412173,0.024953800148701657,5,0.7387029282059967,0.01688818377976825,5,0.08216712284072239,0.04195455374659763,5,0.38299073528827726,0.02843424307748028,5,0.3640425372273804,0.02070964317115567,5,0.2571386591785026,0.014796864979442876
natural_proteins,ppluGFP_to_cgreGFP,aubin_1_10_1,iterative_random,3,288,4904,5,5,0.5331464098290728,0.03011424902468467,5,0.7299362668111626,0.020599035865061944,5,0.10362671926972178,0.05063076051405721,5,0.43812893344909093,0.018010569505892828,5,0.4068279434775957,0.020614193269814826,5,0.28787280215590527,0.014901984282296273
natural_proteins,ppluGFP_to_cgreGFP,aubin_1_10_1,iterative_random,4,384,4904,5,5,0.5120409623854485,0.02770538587916932,5,0.7153627432739429,0.01927134923361571,5,0.1391110793208141,0.04658076501419422,5,0.453845683013877,0.010092998802057135,5,0.42973997877630354,0.021116228044912814,5,0.30461902380869404,0.015573845756357835
natural_proteins,ppluGFP_to_cgreGFP,aubin_1_10_1,iterative_random,5,480,4904,5,5,0.523686486457431,0.06116548331257459,5,0.7226920169915262,0.04187384377732858,5,0.11953158591003968,0.1028368641963156,5,0.4864267292111082,0.0253383094053526,5,0.4599146598907299,0.014169465227329339,5,0.3266107334471223,0.010404664254578866
natural_proteins,ppluGFP_to_cgreGFP,aubin_1_10_1,iterative_random,6,576,4904,5,5,0.45451460991770365,0.01738053940243371,5,0.6740801886140039,0.012772491721106304,5,0.23582951226776125,0.02922171253111537,5,0.5182804486416231,0.02226627352959379,5,0.4869363996278458,0.024576046608922795,5,0.346541307598481,0.01817214507412058
natural_proteins,ppluGFP_to_cgreGFP,aubin_1_10_1,iterative_random,7,672,4904,5,5,0.4506405140151675,0.02226715659549379,5,0.6711340514411428,0.016568004231234768,5,0.24234298772215537,0.03743752905779993,5,0.544620811621352,0.019109927560741084,5,0.5174410148188306,0.020872151872815683,5,0.3684868373148279,0.01475073008630879
natural_proteins,ppluGFP_to_cgreGFP,aubin_1_10_1,iterative_random,8,768,4904,5,5,0.4424304071564921,0.03930180170847509,5,0.6646424948531601,0.029171072826071044,5,0.25614655140444,0.06607769326877987,5,0.5604487671351249,0.02446143165130587,5,0.5343290598841582,0.020752069469126902,5,0.38100991542750595,0.015789827562858193
natural_proteins,ppluGFP_to_cgreGFP,aubin_1_10_1,iterative_random,9,864,4904,5,5,0.4129396015516962,0.022935263907998025,5,0.6424091446148971,0.017680938424348515,5,0.3057291232533713,0.03856081064152343,5,0.5774782956577283,0.02730372006644849,5,0.5529783834823068,0.02562618377825349,5,0.39529121429999936,0.01892239925165836
natural_proteins,ppluGFP_to_cgreGFP,aubin_1_10_1,iterative_random,10,960,4904,5,5,0.4788869664033933,0.09957268771394562,5,0.6890861465472867,0.07112707852854407,5,0.19485253345023607,0.16741048070809653,5,0.5877792479960696,0.033829159556179024,5,0.5694017598846742,0.02697896281983903,5,0.4073281264580192,0.02115082251816068
natural_proteins,ppluGFP_to_cgreGFP,aubin_1_10_1,oneshot_fancy,1,960,4904,5,5,0.7638079896872165,0.24885132826132778,5,0.8660372830694859,0.13127934919875797,5,-0.2841820950898467,0.4183910412136287,5,0.25629049801519416,0.10463857295709326,5,0.20933958616856868,0.01692806059420358,5,0.14627052327240728,0.012248338722553823
natural_proteins,ppluGFP_to_cgreGFP,aubin_1_10_1,oneshot_random,1,960,4904,5,5,0.409600647831204,0.04057041997992495,5,0.6393955505594207,0.031104215068446697,5,0.31134286995684013,0.0682106074195822,5,0.604675182115545,0.0185227896171552,5,0.5796534518470381,0.021234590228296518,5,0.4155197230540719,0.015413487869054138
natural_proteins,ppluGFP_to_cgreGFP,aubin_1_10_1,source_only,0,0,4904,5,5,0.8430355808917092,0.24841684358230198,5,0.911295769093799,0.125377440771111,5,-0.4173865855319687,0.4176605468316254,5,-0.23592917016687825,0.022864877482215752,5,-0.17305037539246088,0.01641277254016724,5,-0.12234301300369166,0.011906423971041495
natural_proteins,ppluGFP_to_cgreGFP,aubin_linear,iterative_fancy,1,96,4904,5,5,0.6376553730295778,0.07889686305048157,5,0.7973090172998385,0.049417911251176505,5,-0.07208306791573456,0.13264844078113716,5,0.33369326624323015,0.011984016166293354,5,0.28343074071136093,0.01292268725124695,5,0.19870736194330488,0.008338346492567386
natural_proteins,ppluGFP_to_cgreGFP,aubin_linear,iterative_fancy,2,192,4904,5,5,0.5863048819578428,0.03758374919902721,5,0.7654000375601051,0.02417810116697614,5,0.01425195619863362,0.06318915020449403,5,0.3412568057976755,0.02080100229831688,5,0.2994123821338313,0.026530562432808616,5,0.2097668446610823,0.01887786295565639
natural_proteins,ppluGFP_to_cgreGFP,aubin_linear,iterative_fancy,3,288,4904,5,5,0.6165415178837845,0.03672209230021936,5,0.7849161704488444,0.02366757411801028,5,-0.03658457208610664,0.06174045579896302,5,0.3542085502640778,0.01819410415651889,5,0.31307496767073895,0.024327903347088592,5,0.21933161366885195,0.01679384029309043
natural_proteins,ppluGFP_to_cgreGFP,aubin_linear,iterative_fancy,4,384,4904,5,5,0.6311992964056634,0.06791150636582802,5,0.7935713802532742,0.04248177327655663,5,-0.06122853625738691,0.11417887964394005,5,0.35917402178778246,0.017647467089054673,5,0.321678739474554,0.022308681636331793,5,0.2253107092330895,0.015964565526374704
natural_proteins,ppluGFP_to_cgreGFP,aubin_linear,iterative_fancy,5,480,4904,5,5,0.6510281380658526,0.10282421160503655,5,0.8049533170927814,0.06203119545016014,5,-0.0945665528403427,0.17287723258693688,5,0.357465295985923,0.019910228280748836,5,0.3225775469182476,0.029420627911057103,5,0.22662282256608096,0.021794635086178828
natural_proteins,ppluGFP_to_cgreGFP,aubin_linear,iterative_fancy,6,576,4904,5,5,0.676742952095043,0.10155496415496264,5,0.8207683737107215,0.06207081451153419,5,-0.13780059097651656,0.17074326060493272,5,0.36353852066403003,0.024001983987836942,5,0.3262891164811459,0.032596685724750794,5,0.2290247150940818,0.024128415076819596
natural_proteins,ppluGFP_to_cgreGFP,aubin_linear,iterative_fancy,7,672,4904,5,5,0.7202790336046491,0.2341499117872125,5,0.8400076961656847,0.13539804276220047,5,-0.21099733298480977,0.3936737090261912,5,0.38464997284935515,0.015974334069302744,5,0.35163690519113167,0.025202911344057024,5,0.24720703357544022,0.019110943556227677
natural_proteins,ppluGFP_to_cgreGFP,aubin_linear,iterative_fancy,8,768,4904,5,5,0.60206648454469,0.08470780641416516,5,0.7744222707085562,0.05404432411564805,5,-0.012247855410092389,0.1424183168808614,5,0.39387764889008253,0.013788819330783849,5,0.361967775222707,0.02430504119959753,5,0.2545270839751163,0.018480109938649257
natural_proteins,ppluGFP_to_cgreGFP,aubin_linear,iterative_fancy,9,864,4904,5,5,0.6447541162980308,0.1693774195185495,5,0.7981377308056558,0.09829978994401173,5,-0.08401810803847562,0.2847724197639186,5,0.40313755317016425,0.01917720583890764,5,0.3723827336825334,0.02779627078391523,5,0.26217048013402977,0.0209549051278779
natural_proteins,ppluGFP_to_cgreGFP,aubin_linear,iterative_fancy,10,960,4904,5,5,0.7595590306592832,0.22773908933350115,5,0.8647074639419534,0.12165541738018956,5,-0.2770383663254004,0.38289526271375157,5,0.40365488497935653,0.017952657117039136,5,0.3733809693034069,0.02464955484534292,5,0.2629740591071677,0.018474122074121486
natural_proteins,ppluGFP_to_cgreGFP,aubin_linear,iterative_random,1,96,4904,5,5,0.5744885664189588,0.03182571284617803,5,0.7577183485577248,0.020960399504582002,5,0.034118599451711695,0.053508226088691796,5,0.35841776927126456,0.01738281165576544,5,0.3229807547774266,0.023644032963147855,5,0.22840014808681824,0.017426701899931122
natural_proteins,ppluGFP_to_cgreGFP,aubin_linear,iterative_random,2,192,4904,5,5,0.5701935378101818,0.03929683285747111,5,0.7547558397158405,0.025912357694213153,5,0.041339784503139174,0.06606933919343803,5,0.3905269807937088,0.017685033267726094,5,0.3649170618868271,0.01789702040067587,5,0.25798097288699406,0.013049829277968428
natural_proteins,ppluGFP_to_cgreGFP,aubin_linear,iterative_random,3,288,4904,5,5,0.5454702504766532,0.029342222994595213,5,0.7383444974756548,0.01992653770967701,5,0.0829067795518301,0.04933276151670431,5,0.4221587328079421,0.023604442067935775,5,0.4049602529124089,0.024820068612900738,5,0.2865796900286599,0.017956616928447505
natural_proteins,ppluGFP_to_cgreGFP,aubin_linear,iterative_random,4,384,4904,5,5,0.560100465299071,0.04732679159765495,5,0.7478728920316009,0.031356870526259545,5,0.05830915792972487,0.07957002179650584,5,0.44204058116262057,0.014295886090930911,5,0.4255671368213855,0.013395150994745047,5,0.3014536361345467,0.00985443171177444
natural_proteins,ppluGFP_to_cgreGFP,aubin_linear,iterative_random,5,480,4904,5,5,0.5658937332206848,0.08076408725883726,5,0.7507889038373206,0.05255657779288065,5,0.048568999359190276,0.135787784606109,5,0.4720234080481183,0.011084382970950777,5,0.4605344024909989,0.01371076341255001,5,0.32694661100158673,0.009894549748054048
natural_proteins,ppluGFP_to_cgreGFP,aubin_linear,iterative_random,6,576,4904,5,5,0.5099923601152315,0.02871025369827242,5,0.7139180439150908,0.019792255040853503,5,0.14255537211546065,0.04827023838793128,5,0.49486602892919007,0.0182550987390433,5,0.4869650562440267,0.023578583177724932,5,0.34641298157462713,0.017263030973494603
natural_proteins,ppluGFP_to_cgreGFP,aubin_linear,iterative_random,7,672,4904,5,5,0.5436873214327984,0.10870604519975574,5,0.7346334844155955,0.07071920715229406,5,0.08590439883029773,0.18276629566380964,5,0.5101890032667342,0.013732895804315155,5,0.5071993884722149,0.018008874814513843,5,0.3608662204002156,0.01369203102538508
natural_proteins,ppluGFP_to_cgreGFP,aubin_linear,iterative_random,8,768,4904,5,5,0.47458189597021516,0.01821624765626619,5,0.6887969090253275,0.013262451101220422,5,0.20209060171219803,0.030626779761074484,5,0.5297919886798343,0.016500254406806844,5,0.5282006700681668,0.020986109383386603,5,0.37614117963222354,0.015321218458307643
natural_proteins,ppluGFP_to_cgreGFP,aubin_linear,iterative_random,9,864,4904,5,5,0.45302888320622586,0.01739731801295237,5,0.6729734853822696,0.013017832896931905,5,0.23832744848581228,0.02924992222713775,5,0.5446721473073988,0.014485019024421212,5,0.5463504588860455,0.019726283832895434,5,0.39006623374987603,0.014385076777376363
natural_proteins,ppluGFP_to_cgreGFP,aubin_linear,iterative_random,10,960,4904,5,5,0.4446884566399116,0.016347692162285703,5,0.6667602489507582,0.012207941013660956,5,0.25235011728017576,0.02748519766000986,5,0.553806634137344,0.01880987698849935,5,0.5561875699604637,0.028255524187714737,5,0.39752217744620005,0.021202565621762145
natural_proteins,ppluGFP_to_cgreGFP,aubin_linear,oneshot_fancy,1,960,4904,5,5,0.48588982545010684,0.01873551375484817,5,0.6969523497786774,0.013566852439257164,5,0.18307870243033514,0.03149981622493656,5,0.5009037978790978,0.019987410889926657,5,0.4966006182002188,0.023655056121098934,5,0.3543366480938538,0.0180433068899134
natural_proteins,ppluGFP_to_cgreGFP,aubin_linear,oneshot_random,1,960,4904,5,5,0.44671276469204974,0.020644787623698466,5,0.668223416149536,0.015420392403156217,5,0.24894667009109034,0.03470985768837363,5,0.560488554828044,0.013944575019254304,5,0.5637137135422158,0.019580395710594157,5,0.4021497534602593,0.014522819580613036
natural_proteins,ppluGFP_to_cgreGFP,aubin_linear,source_only,0,0,4904,5,5,45.93042113719229,4.378875734287057,5,6.7706842878999725,0.33214343809702906,5,-76.22231927486442,7.36215631483196,5,0.26433603070344425,0.005356486290465974,5,0.18344022673939547,0.015368203657830566,5,0.12979879363616914,0.01138094342717363
natural_proteins,ppluGFP_to_cgreGFP,mlp_small,iterative_fancy,1,96,4904,5,5,0.6541600837655721,0.08536966500555494,5,0.8073950412733275,0.053307259036808864,5,-0.09983225920199049,0.1435310925574975,5,0.35168755840808397,0.016959728300030424,5,0.3417146267554937,0.009142311212157741,5,0.24030703116281832,0.006333057905838701
natural_proteins,ppluGFP_to_cgreGFP,mlp_small,iterative_fancy,2,192,4904,5,5,0.598782642990516,0.12147384576574985,5,0.7708277627737758,0.07588810123869401,5,-0.006726768194561483,0.20423266038099722,5,0.3642109240946107,0.048837418799048654,5,0.36250161063635,0.04188235624250096,5,0.25488985509855544,0.02954405863493309
natural_proteins,ppluGFP_to_cgreGFP,mlp_small,iterative_fancy,3,288,4904,5,5,0.5633717997100312,0.06834813373689047,5,0.7495192092899493,0.044619987329117004,5,0.05280909883853009,0.11491297651084265,5,0.39166705448081185,0.015812362252475412,5,0.38379507583806444,0.014353356701906107,5,0.26997687386621616,0.010152251640760928
natural_proteins,ppluGFP_to_cgreGFP,mlp_small,iterative_fancy,4,384,4904,5,5,0.5415741135578309,0.06014470456584854,5,0.7350465098220109,0.04001159138786057,5,0.08945731232803075,0.10112063995240493,5,0.4126864703160022,0.02917284493121705,5,0.4073743432431442,0.025160448710369918,5,0.2867160353168232,0.017651517966232495
natural_proteins,ppluGFP_to_cgreGFP,mlp_small,iterative_fancy,5,480,4904,5,5,0.5930262654136274,0.11323057661429896,5,0.7675077501697691,0.07033952341115413,5,0.0029513670391954293,0.1903733412952744,5,0.39569192550792676,0.024511008130704327,5,0.39095872645704366,0.02618753108924434,5,0.2750932649858068,0.01868182246832682
natural_proteins,ppluGFP_to_cgreGFP,mlp_small,iterative_fancy,6,576,4904,5,5,0.5133577329337073,0.032875683110984516,5,0.7161866723151522,0.023301913329600216,5,0.1368972072688759,0.05527352971558028,5,0.41991791695223135,0.037647097470167507,5,0.41741760735154293,0.04550705214471969,5,0.2945866886768511,0.03265116329079827
natural_proteins,ppluGFP_to_cgreGFP,mlp_small,iterative_fancy,7,672,4904,5,5,0.537051043965324,0.04527858893417791,5,0.7323234298402285,0.030688720899705858,5,0.09706190021394871,0.07612640085634036,5,0.4425095344468346,0.0124612660858551,5,0.4412889721368858,0.01690414894889112,5,0.3114947319279777,0.01199487621281296
natural_proteins,ppluGFP_to_cgreGFP,mlp_small,iterative_fancy,8,768,4904,5,5,0.5675814010203307,0.1605523993861454,5,0.7480683321591451,0.09984470091700853,5,0.04573154177819196,0.2699350090587992,5,0.4656567336170552,0.04874358633938862,5,0.46842178960427744,0.04889998502960522,5,0.33146564203752266,0.036074044722696263
natural_proteins,ppluGFP_to_cgreGFP,mlp_small,iterative_fancy,9,864,4904,5,5,0.5625959347001849,0.13169820812985808,5,0.7461782584145624,0.08524920358568668,5,0.05411355227094239,0.22142277001453883,5,0.48531344143364336,0.03637041273402735,5,0.48367276207812393,0.03851064267836123,5,0.34243270246612667,0.028882072838014555
natural_proteins,ppluGFP_to_cgreGFP,mlp_small,iterative_fancy,10,960,4904,5,5,0.48402304909729094,0.027384578117763937,5,0.6954948439136388,0.01968410484483839,5,0.18621729328064157,0.046041394401782405,5,0.4949377033800421,0.02231758246636637,5,0.49800351876330584,0.025139767944839356,5,0.3534008833192533,0.018589473008824867
natural_proteins,ppluGFP_to_cgreGFP,mlp_small,iterative_random,1,96,4904,5,5,1.0744109763468292,0.9897284694871579,5,0.9685842022214649,0.4126978609616208,5,-0.8063955303185683,1.6640197493044862,5,0.32323600875800984,0.15568308195622507,5,0.31382553193365037,0.1378881217401506,5,0.22387346342621087,0.09325835466530842
natural_proteins,ppluGFP_to_cgreGFP,mlp_small,iterative_random,2,192,4904,5,5,0.552621036219484,0.11711693396769854,5,0.7403980688308671,0.07442895850244266,5,0.07088424098094184,0.19690743179411851,5,0.40231445143472533,0.03250223760102801,5,0.3860452278906054,0.032846417338977064,5,0.27232073176578,0.023717413745487956
natural_proteins,ppluGFP_to_cgreGFP,mlp_small,iterative_random,3,288,4904,5,5,0.5097327200175004,0.02243786565258159,5,0.7138165994984728,0.015755249043465498,5,0.14299190219785746,0.037724540345377006,5,0.43154264506871626,0.03652807057050317,5,0.4196726255084486,0.03664852944594764,5,0.2960820156357118,0.026313727008641388
natural_proteins,ppluGFP_to_cgreGFP,mlp_small,iterative_random,4,384,4904,5,5,0.5482529276287742,0.09416581143282077,5,0.7384395821479348,0.0608267123264704,5,0.07822829461396903,0.1583199582150942,5,0.45834723542297995,0.01615453530182569,5,0.44646275440736327,0.016753628749023204,5,0.3153479590021248,0.012693620005176534
natural_proteins,ppluGFP_to_cgreGFP,mlp_small,iterative_random,5,480,4904,5,5,0.507544556685444,0.04730060821071499,5,0.7117988738060192,0.033296394961140584,5,0.14667083749324464,0.07952599995181302,5,0.49042800561295347,0.027649391698190483,5,0.4826881160300342,0.03177391832172786,5,0.3419129056619172,0.023869188024039745
natural_proteins,ppluGFP_to_cgreGFP,mlp_small,iterative_random,6,576,4904,5,5,0.4651692741830423,0.01688563534540701,5,0.6819431133064381,0.012392759830085677,5,0.21791594071119152,0.028389635703690023,5,0.5268388282871337,0.01350633192944017,5,0.5222123501575755,0.018779317775610257,5,0.37110163478422903,0.013962693115244498
natural_proteins,ppluGFP_to_cgreGFP,mlp_small,iterative_random,7,672,4904,5,5,0.467689316191865,0.034286396635914075,5,0.6835052897914986,0.0252446781249147,5,0.21367902139338035,0.05764534707606306,5,0.5409637968133236,0.01994779414940812,5,0.5393837910677048,0.024907823598108607,5,0.3831328288247188,0.019511231094033413
natural_proteins,ppluGFP_to_cgreGFP,mlp_small,iterative_random,8,768,4904,5,5,0.4719356675170099,0.048086461542799094,5,0.6862694958389468,0.034818217178077024,5,0.20653967693137076,0.08084724664215252,5,0.5680147253616719,0.011663842413688801,5,0.5693530382337959,0.016670909839723174,5,0.4058671864294697,0.013706266335771197
natural_proteins,ppluGFP_to_cgreGFP,mlp_small,iterative_random,9,864,4904,5,5,0.45283714667970765,0.028658028252027443,5,0.6726673008235287,0.021090551275868168,5,0.23864981302985191,0.0481824323111667,5,0.5798492657094402,0.01994161416249064,5,0.5807207185820569,0.019644993324764094,5,0.41465695237363775,0.01600823739856165
natural_proteins,ppluGFP_to_cgreGFP,mlp_small,iterative_random,10,960,4904,5,5,0.43838181785036506,0.030384965668401,5,0.6617871889878074,0.02290017308835028,5,0.262953400727173,0.05108591347317416,5,0.5842686069926899,0.01557995063374286,5,0.5878919301161794,0.019629432251076134,5,0.42046194559367606,0.015896127756970843
natural_proteins,ppluGFP_to_cgreGFP,mlp_small,oneshot_fancy,1,960,4904,5,5,0.5144006080205534,0.043732393232417684,5,0.7166995146175485,0.030463374885342266,5,0.13514383268779623,0.07352679878027613,5,0.46631719879296485,0.05952726496668005,5,0.4673979209437455,0.06343180365044532,5,0.33172846738092876,0.046997211559847984
natural_proteins,ppluGFP_to_cgreGFP,mlp_small,oneshot_random,1,960,4904,5,5,0.44369674055306685,0.04472066963637854,5,0.6654680295615117,0.03257764157719741,5,0.2540174787890022,0.07518837718754832,5,0.5895844238636101,0.013379021533725471,5,0.5919532544255103,0.013111621153159482,5,0.42343072603163245,0.009719331323487564
natural_proteins,ppluGFP_to_cgreGFP,mlp_small,source_only,0,0,4904,5,5,14.779416875152984,1.042795535875061,5,3.842512393959616,0.13470048914038554,5,-23.84847341635217,1.7532408328940883,5,0.05078900618339412,0.062509656364585,5,0.04283043825395129,0.06214515272314336,5,0.029951261311945577,0.04335932204742641
