mix,model,seed,round,target,n_train,n,mse,rmse,r2,spearman,kendall_tau,pearson,fit_seconds
cgre,aubin_1_10_1,42,0,natural,1471,4904,0.5946975409324843,0.7711663510115598,0.00014146962223227089,0.5311477548046603,0.3767630599275387,0.5124425776081032,29.11107386648655
cgre,aubin_1_10_1,42,0,artificial,1471,5382,1.8389275583545663,1.3560706317720204,-2.9922963562907112,0.09675645831953229,0.07262865545851713,0.09384003279067701,30.294891093857586
cgre,aubin_1_10_1,42,1,natural,2795,4904,0.5949119797707277,0.7713053738764742,-0.0002190640724688553,0.4694960370551757,0.33082367844256827,0.46557336004077843,11.801540554501116
cgre,aubin_1_10_1,42,1,artificial,2795,5382,1.8630777663984468,1.3649460672123448,-3.0447262560652932,0.08704859100585874,0.06857335204533001,0.1053026514696943,12.624717889353633
cgre,aubin_1_10_1,42,2,natural,4119,4904,0.5952203334028847,0.771505238739754,-0.0007374956923502651,0.4807794107120112,0.3384794653822965,0.4792730476663736,15.876913226209581
cgre,aubin_1_10_1,42,2,artificial,4119,5382,1.8754350932925905,1.3694652581546531,-3.071553909448837,0.1645244585412017,0.11192436882635903,0.22043663214774192,16.692222371697426
cgre,aubin_1_10_1,42,3,natural,5442,4904,0.594876075687917,0.771282098643497,-0.0001586989271591399,0.41860296582743667,0.2951209756392006,0.42994453853466963,15.282035382464528
cgre,aubin_1_10_1,42,3,artificial,5442,5382,1.8559901431399008,1.3623472916770896,-3.029339085221449,0.0195431498132646,0.010128706227146572,0.03106290532159435,16.141451543197036
cgre,aubin_1_10_1,42,4,natural,6766,4904,0.5944867364962834,0.7710296599329259,0.0004958928361679105,0.46451239839258907,0.3258619372185595,0.4636076382480011,14.899086731486022
cgre,aubin_1_10_1,42,4,artificial,6766,5382,1.7985286345470972,1.3410923288674412,-2.9045906304278937,0.09251616113455528,0.07035191657841354,0.13542223397659625,15.760251425206661
cgre,aubin_1_10_1,42,5,natural,8090,4904,0.10997647062085131,0.33162700526472705,0.8150977518442741,0.8526221326310692,0.6691949548825804,0.9028413328569826,36.72408567927778
cgre,aubin_1_10_1,42,5,artificial,8090,5382,2.538173300765262,1.5931645554572391,-4.5103530175742454,0.7164984732860258,0.5143872351967664,0.7140566375923436,37.53273899573833
cgre,aubin_1_10_1,42,6,natural,9414,4904,0.09645178674308783,0.31056687966215557,0.8378366562706163,0.864765439291085,0.6868201075782822,0.9160282721586959,41.16764897387475
cgre,aubin_1_10_1,42,6,artificial,9414,5382,2.537066799558837,1.5928172524049447,-4.507950812705123,0.7357428322027934,0.5397062219256187,0.7304531378556716,41.94727051164955
cgre,aubin_1_10_1,42,7,natural,10738,4904,0.08726512505699408,0.29540671125922996,0.8532820910005681,0.8777101128647083,0.7088994971714837,0.9242621737484341,47.54423488397151
cgre,aubin_1_10_1,42,7,artificial,10738,5382,1.7517460256244715,1.3235354266601522,-2.8030259775458144,0.7574237663778328,0.5599990848119375,0.7968488207932407,48.348674269393086
cgre,aubin_1_10_1,42,8,natural,12061,4904,0.06896759382830822,0.26261681939340487,0.8840455319510194,0.8824057657277349,0.7143355023143689,0.9402937596925619,52.42860806081444
cgre,aubin_1_10_1,42,8,artificial,12061,5382,2.002459004921053,1.4150826848354314,-3.347321759711444,0.756230761603487,0.5603320987483706,0.7548440769062613,53.370692228898406
cgre,aubin_1_10_1,42,9,natural,13385,4904,0.06296544030647629,0.2509291539587943,0.8941368876173479,0.8828620448641084,0.7153971170564872,0.9457461340585074,57.21094271354377
cgre,aubin_1_10_1,42,9,artificial,13385,5382,1.9182841496535423,1.385021353500928,-3.1645788526028724,0.7315681366558009,0.5305196303217523,0.7250431124657221,58.10351217724383
cgre,aubin_1_10_1,42,10,natural,14709,4904,0.07551558879010786,0.274800998524583,0.8730364589873744,0.8862137358388584,0.7202029927991644,0.935638456044863,64.06954834237695
cgre,aubin_1_10_1,42,10,artificial,14709,5382,2.2467668201988813,1.49892188595633,-3.877711984337661,0.7516985241861247,0.5606027815781958,0.7280537832742107,64.98089299444109
cgre,aubin_linear,42,0,natural,1471,4904,0.40305564026308327,0.6348666318708861,0.3223469202478695,0.6376892350096787,0.45842374112295164,0.6183583823037756,23.636650312691927
cgre,aubin_linear,42,0,artificial,1471,5382,3.327226667544443,1.8240687123966692,-6.223381280596262,0.024998093615481252,0.004915497283282691,0.01107350908066847,24.43580482993275
cgre,aubin_linear,42,1,natural,2795,4904,0.3293846021637186,0.5739203796379064,0.44620923817495484,0.734511413238314,0.5396121576987001,0.6857561481874558,10.521310901269317
cgre,aubin_linear,42,1,artificial,2795,5382,0.9245034575785079,0.9615110283187125,-1.0070892778241758,0.6499272457654777,0.44897537544962607,0.6281843608722859,11.043467998504639
cgre,aubin_linear,42,2,natural,4119,4904,0.3107092459082656,0.5574129940253147,0.47760791224813115,0.7558059896547443,0.5628762374213443,0.6984523414357691,13.234285204671323
cgre,aubin_linear,42,2,artificial,4119,5382,1.346205008773722,1.1602607503374929,-1.922599820167239,0.6529058959593899,0.45022923853721547,0.6379405535401388,13.792023631744087
cgre,aubin_linear,42,3,natural,5442,4904,0.29285121712199574,0.5411572942518614,0.5076324225053728,0.7847272809719694,0.5902711380381891,0.7211621500695911,16.647620048373938
cgre,aubin_linear,42,3,artificial,5442,5382,2.5199644158414993,1.5874395786427586,-4.470821680625713,0.5515667540807138,0.3904392121948604,0.5307185007749187,17.210602324455976
cgre,aubin_linear,42,4,natural,6766,4904,0.28009133269447284,0.529236556460788,0.5290854779047418,0.7944347634231458,0.5996244777125382,0.7307057434461662,19.475854941643775
cgre,aubin_linear,42,4,artificial,6766,5382,2.967152282579846,1.7225423891968077,-5.4416628009547665,0.5431340160382943,0.38855882980041717,0.5191657822251025,20.049563445150852
cgre,aubin_linear,42,5,natural,8090,4904,0.26775225029210104,0.5174478237388781,0.549831043419778,0.8087246660664239,0.6140913156106357,0.743496189667332,22.835334284231067
cgre,aubin_linear,42,5,artificial,8090,5382,3.306583291289355,1.8184013009479936,-6.17856468331906,0.5249442193604242,0.37941439337119065,0.49819322138564837,23.382424532435834
cgre,aubin_linear,42,6,natural,9414,4904,0.2622718328430922,0.51212482154558,0.5590452098813217,0.8149918000240389,0.6202994957972661,0.7495870824349287,24.89679861534387
cgre,aubin_linear,42,6,artificial,9414,5382,3.868527368836902,1.9668572314321398,-7.398540577986497,0.5562604237857165,0.39588463587037,0.5324526082277884,25.465048346668482
cgre,aubin_linear,42,7,natural,10738,4904,0.25466175041001815,0.5046402187796947,0.5718399589997663,0.8231108704334198,0.6290855320376163,0.7567141885268767,27.661537296138704
cgre,aubin_linear,42,7,artificial,10738,5382,4.967764200494503,2.2288481779821843,-9.78497455021643,0.5254267569377103,0.3803986248064587,0.49281137300109157,28.17167421337217
cgre,aubin_linear,42,8,natural,12061,4904,0.2499436089674334,0.49994360578712616,0.5797725190730771,0.8291149858975738,0.635626643747132,0.7620762738952117,27.71537323575467
cgre,aubin_linear,42,8,artificial,12061,5382,5.105538339143707,2.2595438343045497,-10.084081053472312,0.5348969429893138,0.386811758040779,0.5055218719264745,28.22032660059631
cgre,aubin_linear,42,9,natural,13385,4904,0.24767883820840877,0.49767342525838043,0.5835802536051727,0.8326444699524364,0.6397797884239032,0.765175553849365,31.760095476172864
cgre,aubin_linear,42,9,artificial,13385,5382,4.976297042862703,2.230761538771615,-9.803499279665726,0.5500040170411202,0.3960149071810911,0.5219121270973746,32.279167126864195
cgre,aubin_linear,42,10,natural,14709,4904,0.24501194483777156,0.49498681279178697,0.5880640725260622,0.8315103404856625,0.6377946075644814,0.766858696716124,25.86644403450191
cgre,aubin_linear,42,10,artificial,14709,5382,4.958596456649775,2.226790618053205,-9.765071454969188,0.560934218298962,0.40218515310029884,0.5325417994305426,26.389507959596813
cgre,mlp_small,42,0,natural,1471,4904,0.35534113437390014,0.5961049692578482,0.4025688018807654,0.6549618642307234,0.47273950833109335,0.6395752494871068,55.10811396200006
cgre,mlp_small,42,0,artificial,1471,5382,4.081063685948517,2.0201642720205992,-7.859955145694304,-0.006915804860839321,-0.011782093757294384,-0.013562244405451885,56.54079789200023
cgre,mlp_small,42,1,natural,2795,4904,0.22995266368399103,0.4795337982707695,0.6133830787209678,0.766728787488203,0.5751332093577552,0.7832252654263725,50.73048614700019
cgre,mlp_small,42,1,artificial,2795,5382,2.254218812390207,1.501405612214836,-3.8938901970885507,0.24290933748288587,0.1698507129984975,0.2333620909603486,51.69358597700011
cgre,mlp_small,42,2,natural,4119,4904,0.15773718047033997,0.3971614035506723,0.7347981879936643,0.8391119954849539,0.6530372604263514,0.8596475908633785,67.41232076399956
cgre,mlp_small,42,2,artificial,4119,5382,2.4383303519217168,1.5615154023965683,-4.2935948102927854,0.702611142699876,0.5035682408453485,0.7048316227074842,68.25705875999938
cgre,mlp_small,42,3,natural,5442,4904,0.11634359039000776,0.34109176241886546,0.8043927823817373,0.86172286794601,0.6840276902678837,0.8998641495950949,84.02325738699983
cgre,mlp_small,42,3,artificial,5442,5382,2.3082066774332475,1.5192783410005053,-4.011097400774216,0.7101755642411879,0.5242215807814253,0.7154987896999538,85.2723854119995
cgre,mlp_small,42,4,natural,6766,4904,0.09576672209755689,0.3094619881302983,0.8389884480345781,0.8737338398200262,0.703479785550446,0.9168931414439289,110.63667601799989
cgre,mlp_small,42,4,artificial,6766,5382,1.8432163770909817,1.3576510512981537,-3.0016073459141976,0.7508177904851251,0.5503031206498099,0.7892152777488405,111.88777689899962
cgre,mlp_small,42,5,natural,8090,4904,0.08941106069064146,0.29901682342410346,0.8496741526768621,0.8801128902500969,0.7132690866044576,0.9243325534612775,124.83721110499937
cgre,mlp_small,42,5,artificial,8090,5382,1.7476933896467535,1.3220035512988433,-2.794227738717041,0.755524957164721,0.5625684659074951,0.7908912692902084,126.10048862799977
cgre,mlp_small,42,6,natural,9414,4904,0.08175580039652544,0.28592971233596104,0.8625448588434496,0.884147157351992,0.7192575312803957,0.929242224282971,131.62346924699978
cgre,mlp_small,42,6,artificial,9414,5382,1.5926003303403427,1.2619826981144957,-2.457522003495481,0.7512490166413401,0.5548231064122188,0.7820304540946417,132.80337305600005
cgre,mlp_small,42,7,natural,10738,4904,0.07993137770573265,0.28272137822551135,0.8656122409408157,0.8849113824962104,0.720871476024481,0.9305259625096668,114.2122280249996
cgre,mlp_small,42,7,artificial,10738,5382,1.51040845473692,1.2289867593822645,-2.279084128660514,0.7507522074971922,0.5572150090973134,0.7815203255929366,115.2604892749996
cgre,mlp_small,42,8,natural,12061,4904,0.07772251256043128,0.27878757605107024,0.8693259819704502,0.8876197035064721,0.7251231739496888,0.9323782119939233,124.10861976100023
cgre,mlp_small,42,8,artificial,12061,5382,1.4379676098196976,1.1991528717472588,-2.12181565992952,0.7400368518097159,0.5428364893202329,0.7727333132981912,124.90543020000041
cgre,mlp_small,42,9,natural,13385,4904,0.0757152079221749,0.275163965522695,0.8727008415040552,0.8882461311830175,0.7266010006151608,0.9345428475265636,134.70628446299997
cgre,mlp_small,42,9,artificial,13385,5382,1.3702258027204022,1.1705664452393987,-1.9747487630186629,0.7360952995439076,0.537970361190541,0.7709630939998735,135.81720378199952
cgre,mlp_small,42,10,natural,14709,4904,0.07504979424522557,0.2739521751058487,0.8738195943075133,0.8892280566213598,0.7276906026446421,0.9349249232176606,146.01936487399962
cgre,mlp_small,42,10,artificial,14709,5382,1.3967289853388305,1.181832892307043,-2.032286950924408,0.7390572675671391,0.5383025508526068,0.777457496997843,146.78045618099986
cgre,CNN_Jannis_OHE,42,0,natural,1471,4904,0.27551331212833746,0.5248936198205666,0.5367824542670756,0.7283173938344437,0.5301795695553919,0.774133289956605,133.37228912115097
cgre,CNN_Jannis_OHE,42,0,artificial,1471,5382,1.115760718109213,1.0562957531436037,-1.4223071915815235,0.46119678939947795,0.31094276803821275,0.4693112941523577,135.24152440577745
cgre,CNN_Jannis_OHE,42,1,natural,2795,4904,0.11810586700019474,0.34366534157548495,0.8014298858161691,0.8341746845736704,0.6396484203157267,0.8967704879900968,168.71616277564317
cgre,CNN_Jannis_OHE,42,1,artificial,2795,5382,1.1997472713835728,1.095329754632628,-1.6046412966371144,0.5787242696652173,0.3864176262828977,0.5811819241828039,170.30217630416155
cgre,CNN_Jannis_OHE,42,2,natural,4119,4904,0.5942056235484774,0.7708473412735348,0.0009685249886781655,0.5066889378009137,0.3595622131230909,0.5071937359445362,66.66161027736962
cgre,CNN_Jannis_OHE,42,2,artificial,4119,5382,1.8514191073862256,1.3606686251201008,-3.0194154048127437,0.4761010973375885,0.323566479629409,0.4680024911405047,68.20364383328706
cgre,CNN_Jannis_OHE,42,3,natural,5442,4904,0.07244936425016328,0.2691641957061958,0.8781916690753631,0.8757876692729397,0.7006590146429861,0.9380502124204821,271.1983702201396
cgre,CNN_Jannis_OHE,42,3,artificial,5442,5382,1.2923019136342295,1.1367945784679963,-1.8055766512335256,0.7356303856349098,0.5313145238422881,0.769038742540548,272.75701482594013
cgre,CNN_Jannis_OHE,42,4,natural,6766,4904,0.115205358491733,0.3394191486815866,0.8063064793364172,0.8436796906448913,0.6567264428235259,0.8984298242782635,156.4420787366107
cgre,CNN_Jannis_OHE,42,4,artificial,6766,5382,1.2081101737134963,1.0991406523796199,-1.6227970876839581,0.6986025406107683,0.49037360870001057,0.7355961231509212,158.02786507550627
cgre,CNN_Jannis_OHE,42,5,natural,8090,4904,0.058137316879882446,0.24111681169068747,0.9022543592084145,0.8857494719592338,0.7165771604972748,0.9499879168211529,328.71915473230183
cgre,CNN_Jannis_OHE,42,5,artificial,8090,5382,1.2422025442221594,1.114541405342197,-1.6968113390560102,0.7382257290671282,0.5283690991912036,0.7935637345661284,330.57762518618256
cgre,CNN_Jannis_OHE,42,6,natural,9414,4904,0.05779011099474068,0.24039573830403207,0.9028381127001677,0.8880648055325769,0.7200062648937671,0.9504916273236095,353.48880243860185
cgre,CNN_Jannis_OHE,42,6,artificial,9414,5382,1.2066570103073964,1.0984794082309401,-1.6196422820773368,0.7572697442046045,0.5496215650013807,0.8078426313757073,355.01605694089085
cgre,CNN_Jannis_OHE,42,7,natural,10738,4904,0.060076162804929154,0.2451043916475777,0.8989945985673894,0.8889849566042661,0.7200635923605614,0.9484407080310884,365.49265677668154
cgre,CNN_Jannis_OHE,42,7,artificial,10738,5382,1.3294711001812713,1.1530269295126074,-1.8862706445036146,0.7454442375440277,0.5358089747278628,0.7985171509481038,367.0207795165479
cgre,CNN_Jannis_OHE,42,8,natural,12061,4904,0.058373646111432254,0.2416063867355999,0.9018570214326904,0.8870488402927825,0.7191963621656771,0.9498454099479094,402.6307882750407
cgre,CNN_Jannis_OHE,42,8,artificial,12061,5382,1.3379349874901723,1.15669139682552,-1.9046456730956138,0.7564126268925827,0.5486869198034516,0.7984534507297197,404.16078482568264
cgre,CNN_Jannis_OHE,42,9,natural,13385,4904,0.06060641281503321,0.24618369729743117,0.8981030949721263,0.884653487212546,0.7146301192422629,0.9478411842760828,326.55942402686924
cgre,CNN_Jannis_OHE,42,9,artificial,13385,5382,1.1928400427935795,1.092172167194156,-1.5896457611106518,0.7591890862241798,0.5539369767771315,0.8130211556378703,328.0900889169425
cgre,CNN_Jannis_OHE,42,10,natural,14709,4904,0.05432812145158474,0.23308393649409806,0.9086587181988476,0.893958782723089,0.7301961997695483,0.9544802989611927,510.4892869424075
cgre,CNN_Jannis_OHE,42,10,artificial,14709,5382,1.4743834116784533,1.2142419082202909,-2.200874061339416,0.7644289054972752,0.563630404869907,0.7828276288867699,512.0169951803982
cgre,aubin_1_10_1,43,0,natural,1471,4904,0.5966907501735,0.7724576041269191,-0.00320969147275485,0.39126377198477236,0.2759932921799846,0.40052066089895355,22.501958071254194
cgre,aubin_1_10_1,43,0,artificial,1471,5382,1.9388580986365542,1.3924288486800875,-3.20924472385279,-0.0881920949450467,-0.05667021770219188,-0.04751874700573164,23.362028362229466
cgre,aubin_1_10_1,43,1,natural,2795,4904,0.594213716711018,0.7708525907792085,0.0009549180422103731,0.4400383642103584,0.30852527951342956,0.44550026438916435,6.202613840810955
cgre,aubin_1_10_1,43,1,artificial,2795,5382,1.8351186180503583,1.35466550042819,-2.9840271787319033,0.035147226677500865,0.01307343375634957,0.12135608430587908,6.809989744797349
cgre,aubin_1_10_1,43,2,natural,4119,4904,0.2688735750858027,0.5185302065316953,0.5479457721967815,0.7673795886549017,0.568052696628708,0.7435312976058088,16.837829994037747
cgre,aubin_1_10_1,43,2,artificial,4119,5382,3.7778877479669473,1.943678921007003,-7.2017627187985696,0.45156862587279567,0.3141900187591151,0.42103553084445466,17.472136257216334
cgre,aubin_1_10_1,43,3,natural,5442,4904,0.2843444851076258,0.5332396132205726,0.5219346988471729,0.7618430218821085,0.5632702436266384,0.7264303785556325,22.132906831800938
cgre,aubin_1_10_1,43,3,artificial,5442,5382,3.6973855969146396,1.9228587043552212,-7.02699322183847,0.5063556570990093,0.3497055887801243,0.4810222320009954,22.7582178870216
cgre,aubin_1_10_1,43,4,natural,6766,4904,0.2839511764944879,0.5328706939722694,0.5225959643558553,0.774553350798473,0.575719865612197,0.7275159514721325,24.553819154389203
cgre,aubin_1_10_1,43,4,artificial,6766,5382,3.9745293204242516,1.9936221608981606,-7.62866992873729,0.5151353168684993,0.35237564326636317,0.4887336868147307,25.17702834494412
cgre,aubin_1_10_1,43,5,natural,8090,4904,0.13300611098898713,0.36470002877568725,0.7763782670831509,0.8477933130901711,0.6630442587836136,0.8843826597388738,28.648539789021015
cgre,aubin_1_10_1,43,5,artificial,8090,5382,3.632026092100681,1.9057875254342183,-6.885098283273728,0.6648384454052373,0.4794845241289676,0.647112206972629,29.57445947639644
cgre,aubin_1_10_1,43,6,natural,9414,4904,0.15157763574824182,0.3893297262581446,0.7451541637792315,0.8329798564907052,0.6404401490713844,0.8645083757038402,34.570506741292775
cgre,aubin_1_10_1,43,6,artificial,9414,5382,5.2663248900747295,2.2948474655355047,-10.433147311414977,0.5299348475092791,0.3794661682055811,0.4892462137629095,35.19013257231563
cgre,aubin_1_10_1,43,7,natural,10738,4904,0.09028333745337074,0.3004718580056554,0.8482076032092157,0.8749072601803829,0.7030213880559061,0.9227571917104549,36.57995556294918
cgre,aubin_1_10_1,43,7,artificial,10738,5382,1.9877488423636918,1.4098754705163474,-3.3153861197720733,0.7361151224911614,0.5368477598832463,0.7545322310541294,37.15998243447393
cgre,aubin_1_10_1,43,8,natural,12061,4904,0.07716608736450889,0.27778784596254186,0.870261493621949,0.8808968679346652,0.7120230481984988,0.9334045086290559,41.25063961837441
cgre,aubin_1_10_1,43,8,artificial,12061,5382,2.0122766243366472,1.4185473641499065,-3.3686357293902693,0.7522585295908975,0.5545809160164502,0.7534611787338465,41.899551996961236
cgre,aubin_1_10_1,43,9,natural,13385,4904,0.06293593452153923,0.25087035401087,0.8941864953737858,0.8843520449457777,0.7162584620524681,0.9456858314703277,44.070643194019794
cgre,aubin_1_10_1,43,9,artificial,13385,5382,2.0344838330946646,1.4263533338884389,-3.4168473939581494,0.7199933920149758,0.5163267909590661,0.7001153660560467,44.72654181532562
cgre,aubin_1_10_1,43,10,natural,14709,4904,0.06098103470707074,0.24694338360658855,0.8974732472451075,0.8841159986842637,0.7152186318370519,0.9476128786169689,47.65724846255034
cgre,aubin_1_10_1,43,10,artificial,14709,5382,1.986914614483204,1.409579587849939,-3.3135750180174357,0.5751209509823223,0.38206263200993207,0.6460593465472779,48.282853406853974
cgre,aubin_linear,43,0,natural,1471,4904,0.40710539502291654,0.6380481134075365,0.31553811146045097,0.6347991276965482,0.4564520061424823,0.6166724932445635,37.0238970099017
cgre,aubin_linear,43,0,artificial,1471,5382,3.5791566436251236,1.8918659158685438,-6.770319152606434,0.01937789587727701,0.0007225015679716844,0.007255689748034425,38.26372157316655
cgre,aubin_linear,43,1,natural,2795,4904,0.33899025730506116,0.5822286984553932,0.4300593542896459,0.7224463590125333,0.5284396773207483,0.6733051236881156,22.502805870957673
cgre,aubin_linear,43,1,artificial,2795,5382,1.5249030058775022,1.2348696311260967,-2.3105516780165054,0.42762914653780704,0.2948074785157352,0.41038608094143564,23.186283986084163
cgre,aubin_linear,43,2,natural,4119,4904,0.3099990454672865,0.5567755790866609,0.4788019645525641,0.7625105925777017,0.5673729270551591,0.7048837924670655,26.60772220417857
cgre,aubin_linear,43,2,artificial,4119,5382,1.5743229607639055,1.2547202719187673,-2.417841986938505,0.5991123467691944,0.41888947180795993,0.5783183835445489,27.365199349820614
cgre,aubin_linear,43,3,natural,5442,4904,0.29372035562317184,0.5419597361642023,0.5061711493628639,0.7758670856418851,0.5805042987741478,0.7180939575299363,30.881797813810408
cgre,aubin_linear,43,3,artificial,5442,5382,1.9262053317808134,1.3878779959999414,-3.1817756727824102,0.5876817562830035,0.4119265450025247,0.5663847251488638,31.586554255336523
cgre,aubin_linear,43,4,natural,6766,4904,0.2801358162936408,0.5292785809889163,0.5290106881115636,0.793713488125495,0.5977524891108481,0.7323695042097853,47.4320800639689
cgre,aubin_linear,43,4,artificial,6766,5382,2.968749765253477,1.7230060258900655,-5.44513092248473,0.4877795799174748,0.35678794060467434,0.460798204322758,48.73639704938978
cgre,aubin_linear,43,5,natural,8090,4904,0.267614169423426,0.5173143816127925,0.5500631972877933,0.8080025027931618,0.6131897874803711,0.7455185539479259,40.924443047493696
cgre,aubin_linear,43,5,artificial,8090,5382,3.5850930766063906,1.8934342018159465,-6.7832070989819195,0.4770445810672258,0.35168776762555903,0.4467572827769777,41.62709291558713
cgre,aubin_linear,43,6,natural,9414,4904,0.2621000288371553,0.5119570576104555,0.559334062094532,0.8150467316698945,0.621578083911421,0.7493953112857725,66.95431229658425
cgre,aubin_linear,43,6,artificial,9414,5382,4.327343629830922,2.0802268217266406,-8.394626845034637,0.5140701623379795,0.3742279629458527,0.4798496091127211,68.29206121060997
cgre,aubin_linear,43,7,natural,10738,4904,0.2558754839724562,0.505841362457101,0.5697993219153981,0.8201815908002493,0.6262971817088127,0.7564342657026562,41.97218935098499
cgre,aubin_linear,43,7,artificial,10738,5382,4.8464802569418515,2.2014722930216157,-9.521668122661955,0.5273089795414893,0.378567699012017,0.4933969825980843,42.81841838080436
cgre,aubin_linear,43,8,natural,12061,4904,0.2511475711700663,0.5011462572643502,0.5777483104700496,0.8258241775932158,0.6318722001942783,0.7601189692118098,51.645686882548034
cgre,aubin_linear,43,8,artificial,12061,5382,4.565882481459075,2.136792568654963,-8.91249269780426,0.5513686322743699,0.3964597640508059,0.5238102917242831,52.37099031358957
cgre,aubin_linear,43,9,natural,13385,4904,0.24834336119669406,0.49834060761360205,0.5824629983069125,0.8268521784834294,0.6322558637626028,0.7635312213626859,44.051842781715095
cgre,aubin_linear,43,9,artificial,13385,5382,4.84540271916224,2.2012275482471684,-9.519328797150319,0.5582392079082664,0.39967595927759786,0.5300154861237929,44.688387831673026
cgre,aubin_linear,43,10,natural,14709,4904,0.24465004297108525,0.49462111051903684,0.5886725342123147,0.8316909893347648,0.637930962489991,0.7672825070974079,47.6000071214512
cgre,aubin_linear,43,10,artificial,14709,5382,4.885111013724358,2.2102287243008036,-9.605535172694937,0.5697606993543385,0.40684657201756963,0.5436506439567586,48.2069008173421
cgre,mlp_small,43,0,natural,1471,4904,0.35794583841168587,0.5982857497982764,0.39818954121120564,0.6501703665693598,0.46902399874183187,0.63308330773615,41.424643298611045
cgre,mlp_small,43,0,artificial,1471,5382,3.843524481593002,1.9604908777122636,-7.34425951879682,0.026902852702830278,0.008739850518835211,0.020751615495079062,42.529796440154314
cgre,mlp_small,43,1,natural,2795,4904,0.24515441899081242,0.4951307089959301,0.587824532276656,0.7625925788230136,0.5679519739213967,0.7667912677615001,49.68510549888015
cgre,mlp_small,43,1,artificial,2795,5382,1.7979800943769706,1.340887800815926,-2.9033997543041847,0.4642109594263742,0.3336835616260607,0.4304026275208376,50.90046036057174
cgre,mlp_small,43,2,natural,4119,4904,0.14405408606562747,0.37954457717852785,0.7578034263221498,0.8378956683379322,0.6537315591583608,0.8705553891929326,63.75409645959735
cgre,mlp_small,43,2,artificial,4119,5382,2.047753365000114,1.4309973322826686,-3.4456554367954704,0.7076882692440573,0.5191864288312218,0.7135139705377574,64.75541239231825
cgre,mlp_small,43,3,natural,5442,4904,0.11874748634229962,0.3445975715850296,0.8003511381700077,0.8623385561041355,0.6874391780602396,0.8975645378592951,78.0921421321109
cgre,mlp_small,43,3,artificial,5442,5382,1.6493411662657482,1.2842667815784026,-2.5807058839527275,0.7278904024928964,0.5366327850312115,0.7484858873928819,79.07394466828555
cgre,mlp_small,43,4,natural,6766,4904,0.09935860325944271,0.3152119973278979,0.8329494571650623,0.8735529158058287,0.7029471551049647,0.9129271161478203,92.76892214920372
cgre,mlp_small,43,4,artificial,6766,5382,1.769118071752484,1.3300819793352905,-2.8407405444645,0.7515454450175828,0.5516669820973167,0.7876084754423713,93.6496211271733
cgre,mlp_small,43,5,natural,8090,4904,0.08832537131088751,0.29719584672550103,0.8514995104645964,0.8810542641122237,0.7154176024977186,0.9233827480972211,107.3448640583083
cgre,mlp_small,43,5,artificial,8090,5382,1.8865361763157305,1.3735123502596291,-3.0956542678902634,0.7349413365404769,0.5393501966050924,0.7620316875282864,108.57119217608124
cgre,mlp_small,43,6,natural,9414,4904,0.0842776423015937,0.2903061182641415,0.8583049133795875,0.8831745205448807,0.7189427223603027,0.9267132701934109,121.34689579717815
cgre,mlp_small,43,6,artificial,9414,5382,1.629368852536758,1.276467333125591,-2.5373461578097967,0.7512199367821468,0.5519226896047317,0.7919009518989287,122.44690985046327
cgre,mlp_small,43,7,natural,10738,4904,0.07999458641596827,0.2828331423577659,0.8655059688213376,0.8851045068869937,0.7213163775662834,0.9303541103412688,122.09621714055538
cgre,mlp_small,43,7,artificial,10738,5382,1.5821711553197284,1.2578438517239445,-2.434880351710583,0.7549276825417919,0.5599580058266,0.7958807922243717,122.83724385965616
cgre,mlp_small,43,8,natural,12061,4904,0.08248585030201416,0.28720349980808757,0.8613174338494605,0.8839646748468846,0.718218141575674,0.928578280142184,85.22084783297032
cgre,mlp_small,43,8,artificial,12061,5382,1.6317392381739664,1.277395490118063,-2.5424922452124448,0.7442196585897538,0.5438743644512924,0.7716881486590952,85.8983829850331
cgre,mlp_small,43,9,natural,13385,4904,0.076584894765289,0.27673976000077943,0.8712386464401889,0.8886306719995751,0.7268318161650047,0.9336075495127736,120.77506685908884
cgre,mlp_small,43,9,artificial,13385,5382,1.520766418199318,1.2331935850462887,-2.3015711807478314,0.7526244877534953,0.5552974101425306,0.7855781137029715,121.41543179284781
cgre,mlp_small,43,10,natural,14709,4904,0.07506639599597151,0.27398247388468394,0.87379168196391,0.8895918648032317,0.7285062046370969,0.9349980401379813,129.79663638118654
cgre,mlp_small,43,10,artificial,14709,5382,1.5944473303510462,1.2627142710649335,-2.4615318250783376,0.7437844680770328,0.5449915982579563,0.7717496594006927,130.4808157272637
cgre,CNN_Jannis_OHE,43,0,natural,1471,4904,0.5942432854069195,0.7708717697561116,0.0009052045142496912,0.2062525681398066,0.1432427735178793,0.21775053064497019,22.352547513321042
cgre,CNN_Jannis_OHE,43,0,artificial,1471,5382,1.8747111040993623,1.3692008998314902,-3.069982134962676,-0.19501488498283792,-0.12463626521999939,-0.19438534195943602,23.221328982152045
cgre,CNN_Jannis_OHE,43,1,natural,2795,4904,0.20842167786926122,0.45653223092051365,0.6495828918235149,0.7840795141065949,0.5917240670718478,0.8089390805892738,20.796599159017205
cgre,CNN_Jannis_OHE,43,1,artificial,2795,5382,0.8685713401365983,0.9319717485721326,-0.8856611184339482,0.6140265172419695,0.42623428891804827,0.6213452116356702,21.307867070659995
cgre,CNN_Jannis_OHE,43,2,natural,4119,4904,0.10562404310950621,0.32499852785744465,0.8224154410485134,0.8526921609892827,0.66837940014091,0.907299876619913,54.37856742553413
cgre,CNN_Jannis_OHE,43,2,artificial,4119,5382,0.976915078768186,0.9883901450177384,-1.1208744692811283,0.6715308278316132,0.4622312976569989,0.6614800059701148,54.88638375420123
cgre,CNN_Jannis_OHE,43,3,natural,5442,4904,0.09405620802504282,0.3066858458179034,0.8418643168065469,0.8615659952711392,0.6785477502720535,0.9198698763439526,42.026223884895444
cgre,CNN_Jannis_OHE,43,3,artificial,5442,5382,0.9990080398035738,0.9995038968426155,-1.1688381029982566,0.7208978361348718,0.5140302194771268,0.7611921874928806,42.532961858436465
cgre,CNN_Jannis_OHE,43,4,natural,6766,4904,0.07004832668352971,0.26466644419633123,0.882228507514264,0.8771265968269989,0.7035269412466661,0.9408471407826924,63.02418854832649
cgre,CNN_Jannis_OHE,43,4,artificial,6766,5382,1.1528799707795154,1.0737224831303085,-1.5028927788226443,0.731673639646878,0.5232641870627068,0.7784434129378595,63.517109542153776
cgre,CNN_Jannis_OHE,43,5,natural,8090,4904,0.05582319669749774,0.23626933084405546,0.9061450643911678,0.8877046565541495,0.7190718693253602,0.9519578110571284,93.54894580040127
cgre,CNN_Jannis_OHE,43,5,artificial,8090,5382,1.2546902575450964,1.1201295717661848,-1.7239220602864727,0.7507615881093592,0.5538630060165836,0.7878953482112868,94.2575355572626
cgre,CNN_Jannis_OHE,43,6,natural,9414,4904,0.054347022861548674,0.2331244793271369,0.9086269394631243,0.8881528786613606,0.7198278673856078,0.9534149513287743,106.36124409176409
cgre,CNN_Jannis_OHE,43,6,artificial,9414,5382,1.3841990758243756,1.1765199003095423,-2.0050846221149095,0.7561351880876521,0.5532831562843158,0.7946650120408376,106.85313497111201
cgre,CNN_Jannis_OHE,43,7,natural,10738,4904,0.060994846148647176,0.24697134681708965,0.8974500262180701,0.8809208873465618,0.7078614312173948,0.9483254230941395,77.79047076310962
cgre,CNN_Jannis_OHE,43,7,artificial,10738,5382,1.1579781998054075,1.0760939549153723,-1.513960991418151,0.7385295137344483,0.5368052312971167,0.7742723520052616,78.28031114209443
cgre,CNN_Jannis_OHE,43,8,natural,12061,4904,0.050534742269020355,0.22479933778599162,0.9150364855067421,0.8928779109642989,0.7283909809242665,0.9566765513631533,119.09333008341491
cgre,CNN_Jannis_OHE,43,8,artificial,12061,5382,1.4862865410161097,1.2191335205858749,-2.2267156556247847,0.7574415665662694,0.5550007304929395,0.791427760925898,119.58350306097418
cgre,CNN_Jannis_OHE,43,9,natural,13385,4904,0.05436216927999995,0.23315696275256279,0.9086014739539354,0.8881920919417703,0.7207116740994258,0.9533969181170001,128.45110841747373
cgre,CNN_Jannis_OHE,43,9,artificial,13385,5382,1.3089171054500626,1.144079151741724,-1.8416480937675503,0.7562514686694024,0.5533506301723851,0.7971783013130969,128.94474050868303
cgre,CNN_Jannis_OHE,43,10,natural,14709,4904,0.05757732986248044,0.23995276589879191,0.9031958593117649,0.8875733677574054,0.7186897150879784,0.9507141902452972,105.80909128859639
cgre,CNN_Jannis_OHE,43,10,artificial,14709,5382,1.3356909095364822,1.1557209479526112,-1.8997737986179888,0.7650767301274091,0.5615590420781668,0.7984684666603121,106.31887047179043
cgre,aubin_1_10_1,44,0,natural,1471,4904,0.5943975643532929,0.7709718311023386,0.0006458169937509917,0.593041896890213,0.4244127690615136,0.5556900922147355,35.12757761031389
cgre,aubin_1_10_1,44,0,artificial,1471,5382,1.8091519326644612,1.3450471860364086,-2.9276537218330234,-0.05216103814313149,-0.036452472804697905,-0.01916560713315821,36.63266933709383
cgre,aubin_1_10_1,44,1,natural,2795,4904,0.5944269334910016,0.7709908776963588,0.0005964389808171822,0.42242077780479176,0.2987723806183126,0.4334303814763618,17.903060638345778
cgre,aubin_1_10_1,44,1,artificial,2795,5382,1.802085390528527,1.3424177406934577,-2.9123123179301373,0.27397099993913554,0.19205294051129865,0.33095945581623765,19.007744553498924
cgre,aubin_1_10_1,44,2,natural,4119,4904,0.5943546288461281,0.7709439855437801,0.0007180039966222518,0.4840774003447016,0.3425834111293738,0.48787820573526786,18.760117618367076
cgre,aubin_1_10_1,44,2,artificial,4119,5382,1.779662979806655,1.3340400967762007,-2.8636334516977553,0.1584777186267121,0.11003116751495635,0.21886066488677625,19.794076985679567
cgre,aubin_1_10_1,44,3,natural,5442,4904,0.5947892934515571,0.7712258381638656,-1.2792893692603613e-05,0.4053949410726586,0.28509558178234373,0.4102397763765865,25.374586670659482
cgre,aubin_1_10_1,44,3,artificial,5442,5382,1.7985305146247812,1.341093029817388,-2.904594712060829,0.3352001364270706,0.2253757697252115,0.3598810636739351,26.418353476561606
cgre,aubin_1_10_1,44,4,natural,6766,4904,0.16437410851916817,0.4054307690829202,0.723639592794634,0.8180557244285859,0.621192961962465,0.8507949241502109,62.56013699620962
cgre,aubin_1_10_1,44,4,artificial,6766,5382,4.115793413392528,2.028741830148067,-7.9353530936448795,0.6248601172856943,0.43713938980991496,0.6004722913575831,64.02022435516119
cgre,aubin_1_10_1,44,5,natural,8090,4904,0.147930553052293,0.38461741127033366,0.7512859643897061,0.8277858790232252,0.6330925675976152,0.8679607380883698,67.15510559361428
cgre,aubin_1_10_1,44,5,artificial,8090,5382,4.174646519280793,2.0431951740547922,-8.063122694533533,0.6492910333720655,0.45452316502253165,0.6252321898825637,68.13660308532417
cgre,aubin_1_10_1,44,6,natural,9414,4904,0.18501366270063813,0.43013214562578106,0.6889385340359603,0.8188177670213964,0.622082807574898,0.8377066637300268,70.49093799199909
cgre,aubin_1_10_1,44,6,artificial,9414,5382,4.547004825537835,2.1323707054679386,-8.871509464610934,0.6070120244580591,0.421061702466101,0.5887068280206282,71.45897125732154
cgre,aubin_1_10_1,44,7,natural,10738,4904,0.08309586199329438,0.28826352872552985,0.8602918278040742,0.8689345510014561,0.6912846509832054,0.928474252863175,78.50387858320028
cgre,aubin_1_10_1,44,7,artificial,10738,5382,2.6176570870394023,1.6179175155240153,-4.682911653114175,0.6356800513659662,0.44439850367290645,0.6023440533301864,79.48262245953083
cgre,aubin_1_10_1,44,8,natural,12061,4904,0.08087180274976767,0.28437968062041225,0.8640311145063849,0.8771038541567959,0.7043541561907447,0.9297067883176152,85.40632913727313
cgre,aubin_1_10_1,44,8,artificial,12061,5382,2.3374620303910456,1.5288760677017106,-4.074610527479393,0.7294598979933167,0.5425132532165262,0.7106090524973518,86.54560478869826
cgre,aubin_1_10_1,44,9,natural,13385,4904,0.08633068667828842,0.29382084112310414,0.8548531521194626,0.8700206181670745,0.6908718033368518,0.9282001584185464,93.87912145536393
cgre,aubin_1_10_1,44,9,artificial,13385,5382,2.992873565772893,1.7299923600330993,-5.497503491744459,0.5524418871180463,0.38023122657221176,0.537228014984027,94.84853543620557
cgre,aubin_1_10_1,44,10,natural,14709,4904,0.06519942204444601,0.25534177496924787,0.8903809183326679,0.8886097731679637,0.7236498021896894,0.9462570553631982,101.7401616461575
cgre,aubin_1_10_1,44,10,artificial,14709,5382,2.0580964801180746,1.434606733609624,-3.468110253251142,0.7263844780787606,0.5209440717971225,0.7029648431343726,102.56877392716706
cgre,aubin_linear,44,0,natural,1471,4904,0.40606238509755826,0.6372302449645326,0.31729171274405965,0.6344027284826219,0.4555583474387852,0.6173900755220694,20.693986383266747
cgre,aubin_linear,44,0,artificial,1471,5382,3.0541550361829892,1.747614098187294,-5.630545051709593,0.07092022331620425,0.03972819233660286,0.06256490530568394,21.15825941041112
cgre,aubin_linear,44,1,natural,2795,4904,0.33217806444491593,0.5763489086004379,0.44151262031646477,0.7318994648380942,0.5381468724090206,0.6805729023495065,6.498262965120375
cgre,aubin_linear,44,1,artificial,2795,5382,1.8831036784134896,1.3722622484108093,-3.0882023436391774,0.24273100619639945,0.16246184590978358,0.2793038614063444,6.830965186469257
cgre,aubin_linear,44,2,natural,4119,4904,0.3114686793932343,0.5580937908570873,0.47633108496041476,0.7623069069437335,0.5662210544607834,0.7071995997750367,8.67275280226022
cgre,aubin_linear,44,2,artificial,4119,5382,1.8533417922000723,1.361374963850912,-3.0235895374705217,0.5374789938847423,0.37421161007808135,0.5165988318623249,9.033032264560461
cgre,aubin_linear,44,3,natural,5442,4904,0.2941147640018793,0.5423234864929596,0.5055080348302483,0.77893749428817,0.5834046519531707,0.720269977862187,10.48801148403436
cgre,aubin_linear,44,3,artificial,5442,5382,2.704972993940036,1.6446802102354232,-4.872473757059983,0.5844574313085492,0.4078135643299478,0.5704939821332384,10.875708866864443
cgre,aubin_linear,44,4,natural,6766,4904,0.2781267917051016,0.5273772764398382,0.5323884393789389,0.8010378908220728,0.6061501850042181,0.7372465876867839,10.668285171501338
cgre,aubin_linear,44,4,artificial,6766,5382,3.6768524908090785,1.9175120575394249,-6.982416020134065,0.5420021248481822,0.38777891539324383,0.5172927940546808,11.0198634872213
cgre,aubin_linear,44,5,natural,8090,4904,0.2656339528907413,0.5153968887088293,0.5533925138830752,0.8122945606442685,0.6182688240966433,0.7477729162147501,12.212724283337593
cgre,aubin_linear,44,5,artificial,8090,5382,4.423877832796425,2.103301650452551,-8.604201792675015,0.5180611665561419,0.37525621092525696,0.4852092266414926,12.564222360029817
cgre,aubin_linear,44,6,natural,9414,4904,0.26089449689844535,0.5107783246168981,0.5613609098778135,0.8165622171556821,0.6217873166556723,0.7501299281644729,13.59595995489508
cgre,aubin_linear,44,6,artificial,9414,5382,4.25747375488722,2.0633646684207863,-8.242939930623601,0.5578306317484151,0.3955814889874122,0.5370544524947057,14.33176490291953
cgre,aubin_linear,44,7,natural,10738,4904,0.2556672842950933,0.5056355251513617,0.5701493657765291,0.8213488857353284,0.626580693819973,0.7553134780408416,14.208510113880038
cgre,aubin_linear,44,7,artificial,10738,5382,4.226019207471156,2.055728388545324,-8.17465237113415,0.5529298661726084,0.395108257539243,0.526972214784166,14.519200816750526
cgre,aubin_linear,44,8,natural,12061,4904,0.2505999161931381,0.5005995567248718,0.5786690768474032,0.8261544178039969,0.6317858801176796,0.7609713943538079,16.46255236212164
cgre,aubin_linear,44,8,artificial,12061,5382,4.148663242257371,2.0368267580374555,-8.006713217328286,0.5614661493996225,0.4016691792806365,0.5364756316044292,16.778889265842736
cgre,aubin_linear,44,9,natural,13385,4904,0.24677993192562434,0.4967694957680316,0.5850915749962834,0.8290857344289305,0.6346187639571519,0.7651630981659427,14.020208675414324
cgre,aubin_linear,44,9,artificial,13385,5382,4.624962570053982,2.150572614457364,-9.040755076251525,0.5581112394265324,0.39877613410490176,0.5319226434760298,14.315241426229477
cgre,aubin_linear,44,10,natural,14709,4904,0.24478246929330075,0.4947549588364939,0.588449887271979,0.8318558490248623,0.6382976474375823,0.7672350970209509,14.875335529446602
cgre,aubin_linear,44,10,artificial,14709,5382,4.83035620318178,2.197807135119408,-9.486662936741219,0.5646357462288604,0.4054422399342529,0.5362488778316474,15.180101581849158
cgre,mlp_small,44,0,natural,1471,4904,0.3632269716603726,0.6026831436670289,0.3893104291158681,0.647018156835122,0.46624331477074243,0.6271316129425774,38.64239159505814
cgre,mlp_small,44,0,artificial,1471,5382,3.8090799716757218,1.9516864429707252,-7.269480775712443,0.08291334900425137,0.048431086464075575,0.07558279879235665,39.610728427767754
cgre,mlp_small,44,1,natural,2795,4904,0.2459686010170349,0.4959522164654927,0.5864556568598813,0.7684250631683804,0.5777364608024569,0.7702402453668287,39.32265490479767
cgre,mlp_small,44,1,artificial,2795,5382,1.1037231812325299,1.050582305786905,-1.3961737996525354,0.5333913292634792,0.371068823498636,0.5075493607472642,40.22409151960164
cgre,mlp_small,44,2,natural,4119,4904,0.14213655783619283,0.3770100235221775,0.7610273457525785,0.8399195348475345,0.6547850632208769,0.8733706824427759,53.08202371094376
cgre,mlp_small,44,2,artificial,4119,5382,1.5653843435830386,1.2511532054800638,-2.3984363237630704,0.6878376712920956,0.4863231980944926,0.7080041302732194,54.0187732167542
cgre,mlp_small,44,3,natural,5442,4904,0.11133121781002833,0.3336633300349745,0.8128200300775421,0.8647862521488207,0.6896606939204932,0.9023160635990694,67.32187248580158
cgre,mlp_small,44,3,artificial,5442,5382,1.4178515536900484,1.1907357194986838,-2.0781438702364032,0.7399323456094739,0.5425097246451187,0.7727176535866139,68.2263362267986
cgre,mlp_small,44,4,natural,6766,4904,0.0983576189948371,0.3136201826969003,0.8346324011607118,0.87308242390738,0.7027309215568608,0.9140886210389523,81.09968528803438
cgre,mlp_small,44,4,artificial,6766,5382,1.5931606443889528,1.2622046761080203,-2.458738440610951,0.7350370176691948,0.5351951407717521,0.768184329288088,82.04688112437725
cgre,mlp_small,44,5,natural,8090,4904,0.09326067805203689,0.30538611306350666,0.8432018327283951,0.8762340270570822,0.7077642055526921,0.9184695734281374,99.95284712314606
cgre,mlp_small,44,5,artificial,8090,5382,1.6088323937855418,1.268397569291877,-2.4927616775397006,0.748996971279682,0.550670173498941,0.7812120762028312,101.36079349648207
cgre,mlp_small,44,6,natural,9414,4904,0.08575873105410978,0.29284591691555095,0.8558147749116736,0.881510965995454,0.7159747227572656,0.9251366328591342,100.67604423966259
cgre,mlp_small,44,6,artificial,9414,5382,1.3921248350679876,1.1798833989288888,-2.0222913791757593,0.7361954079582879,0.5458951207427482,0.7618292226904135,101.6004983773455
cgre,mlp_small,44,7,natural,10738,4904,0.08128598340722273,0.28510696835963645,0.8633347570557982,0.8844331366633842,0.7206824066468062,0.929663607026298,125.78727399092168
cgre,mlp_small,44,7,artificial,10738,5382,1.6063547019470306,1.26742049137097,-2.487382629271073,0.7428792948570688,0.5424308435069588,0.7756631582190403,126.71495957765728
cgre,mlp_small,44,8,natural,12061,4904,0.07901814798141388,0.28110166840738227,0.867147644178944,0.8864441990811185,0.7243377962412703,0.9312681053450127,136.1208808477968
cgre,mlp_small,44,8,artificial,12061,5382,1.3387854838737223,1.1570589802917233,-1.9064920936343999,0.7383080998157915,0.5429504969329899,0.7661814276298806,136.98342670500278
cgre,mlp_small,44,9,natural,13385,4904,0.07619353949880484,0.27603177262555273,0.8718966278083125,0.8879248725362977,0.7260287987558317,0.9344250925480967,150.29135327320546
cgre,mlp_small,44,9,artificial,13385,5382,1.408438849234345,1.186776663586854,-2.05770896755053,0.7494182881632933,0.5514471543634984,0.7759842840125808,151.15483187697828
cgre,mlp_small,44,10,natural,14709,4904,0.0756164313349576,0.27498442016768443,0.8728669135096263,0.8888465302468438,0.7271249855500822,0.9343049411343569,173.65944081079215
cgre,mlp_small,44,10,artificial,14709,5382,1.350671605327638,1.1621839808428087,-1.9322967639463484,0.7506665209198138,0.5526623211523816,0.7827683626960655,174.55759744439274
cgre,CNN_Jannis_OHE,44,0,natural,1471,4904,0.5923082403160814,0.7696156445369867,0.004158574853912356,0.5067022960831171,0.35765093339579646,0.4920058099611004,25.06933317705989
cgre,CNN_Jannis_OHE,44,0,artificial,1471,5382,1.8658200452969584,1.365950235292984,-3.0506797206293115,0.040107268472994666,0.030775691248189716,0.07318206280887132,25.862043656408787
cgre,CNN_Jannis_OHE,44,1,natural,2795,4904,0.1866569318877773,0.43203811392952046,0.686175723360988,0.7873354109927593,0.5918935313451938,0.8306812827757893,26.351357049308717
cgre,CNN_Jannis_OHE,44,1,artificial,2795,5382,0.9628826011104197,0.9812658157249847,-1.0904100775935306,0.5844164339639967,0.3920435242441693,0.5777073527376935,26.865806063637137
cgre,CNN_Jannis_OHE,44,2,natural,4119,4904,0.09338411423666908,0.3055881447907773,0.8429943008089453,0.8617549198733964,0.6778993706984255,0.919842388403527,54.702960527502
cgre,CNN_Jannis_OHE,44,2,artificial,4119,5382,1.1698147260793579,1.0815797363483461,-1.5396579910089963,0.7256940571102779,0.5174820696034036,0.7694180392056535,55.22338657081127
cgre,CNN_Jannis_OHE,44,3,natural,5442,4904,0.07345798664115866,0.27103133885430786,0.8764958831805947,0.8772123929857886,0.7027055736113558,0.9389399419609183,68.39826552197337
cgre,CNN_Jannis_OHE,44,3,artificial,5442,5382,1.1264233114521442,1.0613309151495325,-1.4454555925928627,0.743288823939278,0.5397208587090861,0.7913944625273057,68.9259780459106
cgre,CNN_Jannis_OHE,44,4,natural,6766,4904,0.0555618416173104,0.2357155947690148,0.906584477854982,0.8887653935841123,0.7208858346253034,0.9531391152174767,80.73476435337216
cgre,CNN_Jannis_OHE,44,4,artificial,6766,5382,1.0515501858674228,1.0254512108664278,-1.282906662865884,0.7538361638852432,0.5516948921695211,0.8177839813010042,81.25612839404494
cgre,CNN_Jannis_OHE,44,5,natural,8090,4904,0.06817765510935836,0.2611085121350094,0.8853736473580198,0.8819259226458331,0.7083850957336425,0.941014847351094,69.68772990535945
cgre,CNN_Jannis_OHE,44,5,artificial,8090,5382,1.302523225999413,1.1412813965010615,-1.8277670349311546,0.7325992759368044,0.5231334417429105,0.7752878762351709,70.4561768611893
cgre,CNN_Jannis_OHE,44,6,natural,9414,4904,0.060890107307641,0.24675920916480706,0.8976261224963189,0.8824626011579721,0.7112318245808281,0.9495793822046282,83.46159418020397
cgre,CNN_Jannis_OHE,44,6,artificial,9414,5382,1.0798071436756553,1.039137692356338,-1.3442522820476466,0.727226790076539,0.5235651619407908,0.7577389865186389,83.97384581528604
cgre,CNN_Jannis_OHE,44,7,natural,10738,4904,0.05064389676428753,0.22504198889160112,0.9148529652368401,0.8914025657096173,0.7272865225527595,0.956498108340101,120.17892059311271
cgre,CNN_Jannis_OHE,44,7,artificial,10738,5382,1.2420596187315158,1.1144772849778124,-1.6965010490106387,0.7561870336427334,0.552903955185635,0.8059729281654808,120.6970251435414
cgre,CNN_Jannis_OHE,44,8,natural,12061,4904,0.059339037618117665,0.24359605419242256,0.9002339191551861,0.8835834434816091,0.7130415991115855,0.9493161766382645,80.90319707710296
cgre,CNN_Jannis_OHE,44,8,artificial,12061,5382,1.2504844790591603,1.1182506333819624,-1.7147913503525842,0.7516275288016013,0.5468739712805006,0.7973523277134829,81.42018782347441
cgre,CNN_Jannis_OHE,44,9,natural,13385,4904,0.07884618527951504,0.28079562902494587,0.8674367632059552,0.8722790102735235,0.6953548399061152,0.9344046660187613,63.790666192770004
cgre,CNN_Jannis_OHE,44,9,artificial,13385,5382,1.4299591439920245,1.1958089914330066,-2.104429347566076,0.7448939241993243,0.5368618103628485,0.7890280804395234,64.30724532250315
cgre,CNN_Jannis_OHE,44,10,natural,14709,4904,0.06059433798710323,0.24615917205560964,0.8981233962494608,0.8843670566929395,0.7142167275824336,0.9481410601413125,99.1232665963471
cgre,CNN_Jannis_OHE,44,10,artificial,14709,5382,1.3189688907188057,1.1484637089254521,-1.8634704355560041,0.7560070672177678,0.5547521297718333,0.7954271611842687,99.63808666262776
cgre,aubin_1_10_1,45,0,natural,1471,4904,0.5946628567945462,0.7711438625798342,0.00019978368744899555,0.48622957336367384,0.344743292671457,0.48230908897779823,42.436180766999314
cgre,aubin_1_10_1,45,0,artificial,1471,5382,1.827718002248143,1.3519312120992484,-2.9679605036922796,0.08666908079815089,0.052587522696591296,0.13379884218697027,43.74484938899968
cgre,aubin_1_10_1,45,1,natural,2795,4904,0.5931864467006116,0.7701859818904857,0.002682055977395903,0.5287513379891464,0.3734063159891527,0.5152830049782935,17.1629389310001
cgre,aubin_1_10_1,45,1,artificial,2795,5382,1.7892720973426415,1.3376367583700148,-2.884494765538967,0.15559484283571004,0.1063683308463175,0.2295219610171128,18.528519451000648
cgre,aubin_1_10_1,45,2,natural,4119,4904,0.5958913035192381,0.771939961084564,-0.0018655904771589515,0.4821030750272033,0.34328341434701637,0.4704929906191292,26.73077029599972
cgre,aubin_1_10_1,45,2,artificial,4119,5382,1.9058600765051763,1.3805289118686275,-3.137606293659391,0.07191439659798712,0.043288770922500316,0.09125710736186853,28.15816546499991
cgre,aubin_1_10_1,45,3,natural,5442,4904,0.2358160585784822,0.4856089564438471,0.6035250164309539,0.7883369631803229,0.588195714253181,0.7813162446357935,51.95777873000043
cgre,aubin_1_10_1,45,3,artificial,5442,5382,4.485060084211833,2.1177960440542507,-8.737027949032122,0.5499131469091876,0.3860338044185061,0.5126827202330873,53.347528385999794
cgre,aubin_1_10_1,45,4,natural,6766,4904,0.20829640035055982,0.4563950047388335,0.6497935195579793,0.7985949949560646,0.5995323850687324,0.8087671803158241,59.551933343999735
cgre,aubin_1_10_1,45,4,artificial,6766,5382,4.577621386584655,2.1395376572018203,-8.937977762698077,0.5548173523815408,0.38881710449211254,0.5231586732136546,60.81808010900022
cgre,aubin_1_10_1,45,5,natural,8090,4904,0.13428438803440165,0.3664483429276242,0.7742291137403613,0.8354722264578365,0.6434164699881011,0.88057449632128,65.34972852200008
cgre,aubin_1_10_1,45,5,artificial,8090,5382,3.4619788975185233,1.8606393786864028,-6.515927245380722,0.6141757310163809,0.4401395587216384,0.5633239908171903,66.73056809399986
cgre,aubin_1_10_1,45,6,natural,9414,4904,0.12865988113852125,0.3586919028059056,0.7836855362273227,0.849660907666229,0.6621604488657907,0.8898418019272097,70.3902385320007
cgre,aubin_1_10_1,45,6,artificial,9414,5382,3.867279125918901,1.9665398866839445,-7.3958306530464615,0.6223381913195751,0.44814879666354096,0.5974620294628072,71.57599905300049
cgre,aubin_1_10_1,45,7,natural,10738,4904,0.09419386656599676,0.3069101929978813,0.8416328729935519,0.8709887153362819,0.695167955851564,0.9197527832915274,81.30926177699985
cgre,aubin_1_10_1,45,7,artificial,10738,5382,2.687774265933786,1.6394432792670157,-4.835135462334755,0.7364504049450342,0.5366468624000642,0.7222861983184498,82.46725315399999
cgre,aubin_1_10_1,45,8,natural,12061,4904,0.09469380935689263,0.30772359246065717,0.8407923245974811,0.862386912301883,0.6804646931076511,0.9185417331678349,88.27179570800035
cgre,aubin_1_10_1,45,8,artificial,12061,5382,3.2045069862410758,1.790113679697766,-5.956957878387329,0.5689553543065972,0.3927032149085301,0.5359309572065101,89.32642417900024
cgre,aubin_1_10_1,45,9,natural,13385,4904,0.08659414618959688,0.29426883319440555,0.8544102004984118,0.8785518986381493,0.708558081068447,0.9245004299419697,95.38302211199971
cgre,aubin_1_10_1,45,9,artificial,13385,5382,2.36005563457006,1.536247256977229,-4.123661053276105,0.7457509748892852,0.5512783165181621,0.7661534717884857,96.22742074999951
cgre,aubin_1_10_1,45,10,natural,14709,4904,0.08222169702894763,0.2867432597794543,0.8617615518846362,0.8828951288376952,0.7159935124480475,0.9283927056666552,71.23478391300068
cgre,aubin_1_10_1,45,10,artificial,14709,5382,2.1149698011782143,1.4542935746190362,-3.5915817578283606,0.7536864579895186,0.5600359199563145,0.7799773026779101,71.90449439800068
cgre,aubin_linear,45,0,natural,1471,4904,0.3942756732147495,0.6279137466362315,0.33710858369101604,0.6466903144648387,0.46514753634019884,0.6257379874589596,44.39322412293404
cgre,aubin_linear,45,0,artificial,1471,5382,3.4378733727463695,1.8541503101815584,-6.4635943526155195,0.03963589464945953,0.01494327873086697,0.0265412570915914,45.907299377955496
cgre,aubin_linear,45,1,natural,2795,4904,0.328118694096067,0.5728164575988254,0.44833759568948384,0.7304840099426931,0.5358035269274883,0.6808394410427403,24.66595020517707
cgre,aubin_linear,45,1,artificial,2795,5382,2.1838181502978844,1.4777747292120962,-3.7410509482150838,0.6092957030052853,0.4325055717562197,0.57248141110891,25.48132550250739
cgre,aubin_linear,45,2,natural,4119,4904,0.3076728698398378,0.5546826749050648,0.4827129384244494,0.7714821132879074,0.5761265011063693,0.7075842076928281,41.593582357279956
cgre,aubin_linear,45,2,artificial,4119,5382,2.0484553443402795,1.431242587523261,-3.4471794280746275,0.647140835743244,0.4475512014431058,0.6299374954045494,42.796618924476206
cgre,aubin_linear,45,3,natural,5442,4904,0.29341176203181607,0.5416749597607555,0.5066899844235455,0.780414543505991,0.5848964724355843,0.716266210691282,38.520337741822004
cgre,aubin_linear,45,3,artificial,5442,5382,2.459783095651338,1.5683695660307038,-4.340168537591124,0.4964581874966009,0.3541745835179212,0.4707969664573748,39.33721422031522
cgre,aubin_linear,45,4,natural,6766,4904,0.2805896647442487,0.5297071499840725,0.5282476376302593,0.7955192455605792,0.6014204008700043,0.7346581748428919,39.38503590784967
cgre,aubin_linear,45,4,artificial,6766,5382,3.7785112453309257,1.9438393054290588,-7.203116326363512,0.4819250421709223,0.3523058310656876,0.44558618228991975,40.180728058330715
cgre,aubin_linear,45,5,natural,8090,4904,0.2699272138411688,0.519545199035819,0.5461743007764734,0.8050374452179329,0.6101091522013733,0.7422349336307537,45.65635524876416
cgre,aubin_linear,45,5,artificial,8090,5382,4.252126471984848,2.0620684935241234,-8.231331024144273,0.4976452114091459,0.35306932933005514,0.4652736040848172,46.83694966137409
cgre,aubin_linear,45,6,natural,9414,4904,0.2619720520038371,0.5118320544903739,0.559549228157407,0.8125336187728783,0.6183666509174038,0.7487395214247378,68.71553157269955
cgre,aubin_linear,45,6,artificial,9414,5382,4.420002768227199,2.1023802625184627,-8.595789059889633,0.522166432143704,0.3728963516540078,0.4918201980902197,70.65759631525725
cgre,aubin_linear,45,7,natural,10738,4904,0.2550757319728558,0.5050502271783034,0.5711439362848021,0.8197662809291594,0.6247940924505581,0.7564701095242258,54.62337584607303
cgre,aubin_linear,45,7,artificial,10738,5382,4.704476598221703,2.168980543532307,-9.213379366689605,0.5433353156006908,0.38885001388355483,0.5153440351849107,55.38641808182001
cgre,aubin_linear,45,8,natural,12061,4904,0.2513542460534084,0.501352417021608,0.5774008302285802,0.8247905209034994,0.6305103530473639,0.7604849237100619,55.63907406665385
cgre,aubin_linear,45,8,artificial,12061,5382,4.671642535136327,2.161398282394137,-9.142096890214427,0.5623102061991412,0.40026064673303874,0.5383295311097851,56.365188896656036
cgre,aubin_linear,45,9,natural,13385,4904,0.246781444370505,0.49677101804604606,0.5850890321390971,0.8299991551486782,0.6364121396811946,0.7650208119671451,56.395222298800945
cgre,aubin_linear,45,9,artificial,13385,5382,4.619946909489869,2.149406176014638,-9.029866119096292,0.5642546770083966,0.4028390240495986,0.5391312832360642,57.10840968322009
cgre,aubin_linear,45,10,natural,14709,4904,0.24556853119936164,0.49554871728152183,0.5871282899084729,0.8300835879015445,0.636031051528856,0.76636391390782,55.60110446438193
cgre,aubin_linear,45,10,artificial,14709,5382,4.983732992060859,2.2324276006313974,-9.819642663212559,0.5662819019797688,0.40397808973188576,0.5397795367643434,56.45639415644109
cgre,mlp_small,45,0,natural,1471,4904,0.356185770987987,0.5968130117448739,0.40114872349547404,0.666515055961029,0.4830460430219615,0.6552540456865986,49.23101215530187
cgre,mlp_small,45,0,artificial,1471,5382,4.003897786219633,2.0009742092839757,-7.69242862246727,0.045860358542008664,0.028965335521926504,0.04091992800281945,50.54996644333005
cgre,mlp_small,45,1,natural,2795,4904,0.2287871683432877,0.47831701657299175,0.6153426134059279,0.7790023489416139,0.5846518340730229,0.7940022144343429,48.466559732332826
cgre,mlp_small,45,1,artificial,2795,5382,2.3201869631127607,1.523215993584876,-4.037106500832751,0.5384545936102086,0.36565359763892463,0.5381850517333562,49.65011649765074
cgre,mlp_small,45,2,natural,4119,4904,0.13399451536304496,0.3660526128346101,0.7747164735211415,0.8468625978667225,0.6651123430993636,0.8810649564471218,62.58127755112946
cgre,mlp_small,45,2,artificial,4119,5382,2.2822668318838586,1.5107173236194316,-3.9547822129360215,0.675769688711035,0.49880953965700475,0.6738383341319338,63.63622532039881
cgre,mlp_small,45,3,natural,5442,4904,0.11296791127332925,0.3361069937881824,0.8100682750957928,0.8640349649324931,0.6882519298285991,0.9040740155378305,93.25946520082653
cgre,mlp_small,45,3,artificial,5442,5382,1.7666456218635516,1.3291522192222949,-2.8353728764245862,0.6934765187151556,0.5070205857555266,0.7214550567402511,94.55072967894375
cgre,mlp_small,45,4,natural,6766,4904,0.09683407930439643,0.3111817464190283,0.837193911930485,0.8710907796080364,0.6982149806735596,0.9150392995664848,94.26788125280291
cgre,mlp_small,45,4,artificial,6766,5382,1.9729994928242187,1.4046350034169797,-3.2833654052221295,0.7216588952490317,0.5340904916241511,0.7425406668376424,95.20178159605712
cgre,mlp_small,45,5,natural,8090,4904,0.08928700691573371,0.29880931530950255,0.8498827229441489,0.8789481675958788,0.7108900784183866,0.9222182737175453,109.48076140601188
cgre,mlp_small,45,5,artificial,8090,5382,1.5767030266392221,1.2556683585402724,-2.4230090900571617,0.7398857814177234,0.5491974913341884,0.7674786574297692,110.55074468720704
cgre,mlp_small,45,6,natural,9414,4904,0.08152951869443324,0.2855337435303107,0.8629253038167893,0.8843575594119235,0.7190857504673001,0.9290526682907041,123.2988995546475
cgre,mlp_small,45,6,artificial,9414,5382,1.4321395336024634,1.1967203238862718,-2.1091629551829185,0.744895694603965,0.546950038323928,0.7831329607240307,124.33066797349602
cgre,mlp_small,45,7,natural,10738,4904,0.0805382124080098,0.28379255171341233,0.8645919763326088,0.8849239853425193,0.720501306829939,0.9306138977710083,117.75499288365245
cgre,mlp_small,45,7,artificial,10738,5382,1.580751422800786,1.257279373409421,-2.431798124280508,0.7495274246474748,0.5581486853497921,0.7775398654395571,118.44406854826957
cgre,mlp_small,45,8,natural,12061,4904,0.07763829315189294,0.27863648926853235,0.8694675791492755,0.8878021414091649,0.7263119414059037,0.9330757604883688,113.86558151151985
cgre,mlp_small,45,8,artificial,12061,5382,1.4956575323616292,1.2229707814832,-2.247059999497158,0.7423868419022529,0.5469642673218116,0.771486322874712,114.60245169326663
cgre,mlp_small,45,9,natural,13385,4904,0.07563352147223397,0.2750154931494478,0.8728381800470424,0.8886924590283732,0.7265599278641732,0.9343665509462695,126.08799788262695
cgre,mlp_small,45,9,artificial,13385,5382,1.5579058460321549,1.248160985623311,-2.382200568098156,0.7423062850152509,0.5435753798110827,0.769806008197216,126.82681368291378
cgre,mlp_small,45,10,natural,14709,4904,0.07575015421038263,0.27522745904139473,0.8726420866884312,0.8889502668212977,0.7277742148395031,0.9343058923359078,134.49807671736926
cgre,mlp_small,45,10,artificial,14709,5382,1.4167357238191187,1.1902670808768587,-2.0757214129146266,0.741096833985299,0.5428626363277325,0.7712671311572452,135.0982271898538
cgre,CNN_Jannis_OHE,45,0,natural,1471,4904,0.6003104868248882,0.7747970617038298,-0.009295515474879723,0.3521940651195139,0.24837197247027695,0.3547436289179015,23.046267008408904
cgre,CNN_Jannis_OHE,45,0,artificial,1471,5382,2.0180894573646126,1.420594754799768,-3.3812553413003963,0.16549289856796695,0.10905362461873494,0.1990068703811,23.81081788893789
cgre,CNN_Jannis_OHE,45,1,natural,2795,4904,0.16868056228020994,0.41070739253172683,0.716399198758527,0.8128385433225093,0.6213882728869963,0.8531518308631955,41.437516069971025
cgre,CNN_Jannis_OHE,45,1,artificial,2795,5382,0.981339316689643,0.99062571978,-1.130479452823275,0.7082823186177004,0.5058251634698326,0.7445284042456087,41.94738747179508
cgre,CNN_Jannis_OHE,45,2,natural,4119,4904,0.0915729013764747,0.3026101475107448,0.8460394733612914,0.860864538916275,0.677901924840603,0.9205454648787418,54.59080938342959
cgre,CNN_Jannis_OHE,45,2,artificial,4119,5382,1.0602780117660704,1.0296980196961003,-1.3018546999297742,0.7421664576601832,0.5445527461280699,0.7929471308726082,55.08276783116162
cgre,CNN_Jannis_OHE,45,3,natural,5442,4904,0.07001738538652844,0.2646079843589918,0.8822805287815777,0.8780396471724317,0.7025374675417868,0.9393626458478685,67.37862260825932
cgre,CNN_Jannis_OHE,45,3,artificial,5442,5382,1.177477205607847,1.0851162175582147,-1.5562931700092562,0.7508486182367536,0.5512402546513265,0.7982412257944203,67.87105056457222
cgre,CNN_Jannis_OHE,45,4,natural,6766,4904,0.06445102845922927,0.2538720710500256,0.8916391843565792,0.8786605671336384,0.7045757379157317,0.9444180555258179,64.1949293250218
cgre,CNN_Jannis_OHE,45,4,artificial,6766,5382,1.3193843645764547,1.1486445771327416,-1.8643724258277197,0.7514415966200112,0.5469022911511928,0.7951467353079815,64.68904111348093
cgre,CNN_Jannis_OHE,45,5,natural,8090,4904,0.06193385109024806,0.24886512630388385,0.8958712873864711,0.8865000491288751,0.7171566838542142,0.9485197340929267,79.15043309889734
cgre,CNN_Jannis_OHE,45,5,artificial,8090,5382,1.1164476346628474,1.0566208566287376,-1.423798481677042,0.759551133391743,0.5542279883542037,0.8218694725467623,79.64314669370651
cgre,CNN_Jannis_OHE,45,6,natural,9414,4904,0.06274251068839048,0.2504845517958952,0.8945116967681768,0.881076384690896,0.7071263543764622,0.9460524535771992,72.72254787106067
cgre,CNN_Jannis_OHE,45,6,artificial,9414,5382,1.2129360418161292,1.1013337558688234,-1.6332740069919276,0.7438969487575978,0.5350874122195974,0.7918523138549352,73.21935723628849
cgre,CNN_Jannis_OHE,45,7,natural,10738,4904,0.0581877706781386,0.24122141421967205,0.9021695317842128,0.8841512658311425,0.7132536862915956,0.9507677224271316,85.4183082645759
cgre,CNN_Jannis_OHE,45,7,artificial,10738,5382,1.3447083329974827,1.159615597082707,-1.9193505495687955,0.7642311335402655,0.5602735249771492,0.8023341510167358,85.91264631040394
cgre,CNN_Jannis_OHE,45,8,natural,12061,4904,0.05516350178457177,0.2348691162851595,0.9072542022986521,0.8867333674056329,0.7183687349278112,0.9527907243764334,101.79194309003651
cgre,CNN_Jannis_OHE,45,8,artificial,12061,5382,1.330181730467538,1.153335046925887,-1.8878134169144385,0.7559075310818002,0.5550143721786689,0.787391917088415,102.28619576990604
cgre,CNN_Jannis_OHE,45,9,natural,13385,4904,0.05592894570931794,0.2364930140814268,0.9059672697236775,0.8901052202215429,0.7226494256385966,0.952022782201252,125.73557430040091
cgre,CNN_Jannis_OHE,45,9,artificial,13385,5382,1.456414560538437,1.2068200199443317,-2.1618638357287856,0.7662210628268897,0.5623340283730054,0.790945323014882,126.24251194950193
cgre,CNN_Jannis_OHE,45,10,natural,14709,4904,0.052798118158168886,0.22977841099234908,0.911231096154252,0.8912081943305897,0.7249053973855092,0.9546323125199075,125.9970245976001
cgre,CNN_Jannis_OHE,45,10,artificial,14709,5382,1.3329058794939854,1.1545154306002088,-1.8937275216777656,0.7633994855909132,0.5599597298481525,0.8046612343113699,126.49144197255373
cgre,aubin_1_10_1,46,0,natural,1471,4904,0.5946252160436818,0.7711194564032746,0.0002630686739357735,0.530484118584835,0.37717891869590403,0.5080201581604384,38.55963167082518
cgre,aubin_1_10_1,46,0,artificial,1471,5382,1.8122962063775878,1.3462155126047195,-2.9344799137790116,0.0935377555038048,0.05891943985153957,0.14149162471267707,39.89555528201163
cgre,aubin_1_10_1,46,1,natural,2795,4904,0.5952269948360454,0.7715095558941868,-0.0007486954877282681,0.402952247106166,0.2821666391537574,0.4099816334704367,16.39730087853968
cgre,aubin_1_10_1,46,1,artificial,2795,5382,1.881056914353324,1.3715162829340832,-3.0837588359749075,0.2367578884825439,0.16818779040236873,0.2915804922700152,17.499898641370237
cgre,aubin_1_10_1,46,2,natural,4119,4904,0.5940019977994325,0.770715250789442,0.001310878753699174,0.4908159848528678,0.3456863883277776,0.4903449007952918,19.552216292358935
cgre,aubin_1_10_1,46,2,artificial,4119,5382,1.8124127763100244,1.3462588073286743,-2.934732986127841,-0.1175912000781408,-0.06934380360624803,-0.14620763334829956,20.6222658501938
cgre,aubin_1_10_1,46,3,natural,5442,4904,0.2452950957291822,0.49527274882551553,0.5875880140010563,0.7862973588310626,0.5870559492708272,0.7718637932223134,49.00283161737025
cgre,aubin_1_10_1,46,3,artificial,5442,5382,4.602236785107802,2.1452824487949838,-8.991417587114292,0.5544546889246321,0.3884651114205178,0.5246107744717288,50.29784123506397
cgre,aubin_1_10_1,46,4,natural,6766,4904,0.23118301868081167,0.4808149526385506,0.611314496199111,0.7883500221796209,0.5896591530471305,0.7836586834914309,58.20083874464035
cgre,aubin_1_10_1,46,4,artificial,6766,5382,4.487231649025962,2.1183086765214276,-8.741742398089949,0.5614924839608656,0.3877678080618887,0.532321386616281,59.36617929209024
cgre,aubin_1_10_1,46,5,natural,8090,4904,0.23308006396357905,0.4827836616576612,0.6081250145249247,0.796552292969015,0.5974456961628689,0.785779836063266,62.352136499248445
cgre,aubin_1_10_1,46,5,artificial,8090,5382,4.757647237009522,2.1812031627084907,-9.328812379006957,0.5439498465990522,0.3784680960371492,0.5063001636487361,63.307550152763724
cgre,aubin_1_10_1,46,6,natural,9414,4904,0.11178862827335598,0.33434806455751465,0.8120509908228563,0.8577128418962298,0.6765212304419048,0.9045578023209084,67.62987809069455
cgre,aubin_1_10_1,46,6,artificial,9414,5382,3.0065495628495835,1.733940472694949,-5.527193967070615,0.7064302325129327,0.50643284619164,0.6824287807648999,68.62898085918278
cgre,aubin_1_10_1,46,7,natural,10738,4904,0.08177341499470223,0.28596051299908914,0.8625152436104379,0.8796176942789182,0.7129537791728601,0.929219813251722,74.13266505859792
cgre,aubin_1_10_1,46,7,artificial,10738,5382,1.8535056786717998,1.3614351540458325,-3.023945333630599,0.7432627288053226,0.5485282895407019,0.766647859004641,75.23953993897885
cgre,aubin_1_10_1,46,8,natural,12061,4904,0.06964017534133186,0.2638942502998727,0.882914727942453,0.8756990628082463,0.7017642910703077,0.9401631987456198,82.4166166568175
cgre,aubin_1_10_1,46,8,artificial,12061,5382,2.3650006999016466,1.5378558774806066,-4.134396748771678,0.5952295796254929,0.40934355091267993,0.6094114974177931,83.44388440903276
cgre,aubin_1_10_1,46,9,natural,13385,4904,0.07688802193956357,0.2772868946408459,0.870729002007302,0.8859379068844152,0.7201632501773755,0.9356855530282336,96.08861699979752
cgre,aubin_1_10_1,46,9,artificial,13385,5382,1.8154561991610516,1.3473886592817426,-2.9413402316952952,0.7555005548485033,0.5608297821504504,0.7832387957311298,97.07932188455015
cgre,aubin_1_10_1,46,10,natural,14709,4904,0.0668095073409917,0.2584753515153654,0.8876738993733111,0.8871099091550102,0.7220636611183828,0.9429951902758196,93.94911808893085
cgre,aubin_1_10_1,46,10,artificial,14709,5382,1.9567555414041773,1.398840784865875,-3.2480999224839078,0.7325515366644092,0.5259231923173409,0.7300732439983166,94.7744019748643
cgre,aubin_linear,46,0,natural,1471,4904,0.4022926126565412,0.6342654118399814,0.323629790293235,0.6395370185539072,0.4603112087048581,0.6216226163596461,19.554642401635647
cgre,aubin_linear,46,0,artificial,1471,5382,3.583548420645668,1.8930262598933139,-6.779853663804063,0.09103156963839737,0.05151463453003665,0.06807363188281017,19.964131586253643
cgre,aubin_linear,46,1,natural,2795,4904,0.33528171627715414,0.5790351597935605,0.4362944841275709,0.7198657137871082,0.5261163744237709,0.6771751988139522,5.127361151389778
cgre,aubin_linear,46,1,artificial,2795,5382,1.7506302464958203,1.3231138448734563,-2.8006036303851,0.5326028793467368,0.3781471539163283,0.49691227152150624,5.435898293741047
cgre,aubin_linear,46,2,natural,4119,4904,0.3136139106376013,0.5600124200744134,0.472724330918772,0.7555136438132003,0.5607021672774645,0.699647086093938,6.582328589633107
cgre,aubin_linear,46,2,artificial,4119,5382,1.6954611080375135,1.3020987320620174,-2.680831891989993,0.6558112349768442,0.4553435584535091,0.6332495630674083,6.892299827188253
cgre,aubin_linear,46,3,natural,5442,4904,0.2950164044936691,0.5431541259105643,0.5039921164431695,0.7778900084820883,0.5827499212354909,0.7200823589346926,8.384762194938958
cgre,aubin_linear,46,3,artificial,5442,5382,2.6168434342733735,1.6176660453484748,-4.681145219761026,0.5575138728262848,0.3971430321696626,0.5343149155712043,8.71807361394167
cgre,aubin_linear,46,4,natural,6766,4904,0.28237792759716845,0.531392442171667,0.5252410506764172,0.7894256615956159,0.5954099612414906,0.7278980474955049,9.729538159444928
cgre,aubin_linear,46,4,artificial,6766,5382,3.0244471818118286,1.7390937817759653,-5.566049548218785,0.5396592947026123,0.3840449221325135,0.5150298895134622,10.075778712518513
cgre,aubin_linear,46,5,natural,8090,4904,0.27058856954122057,0.5201812852662239,0.5450623706055938,0.8043602009104336,0.6099594660301821,0.7398822195857402,11.197152103297412
cgre,aubin_linear,46,5,artificial,8090,5382,3.8532606277770984,1.9629723960812844,-7.365396610771157,0.470095002679404,0.346098591684598,0.4403174125933789,11.555072877556086
cgre,aubin_linear,46,6,natural,9414,4904,0.2614360186167117,0.5113081444850176,0.5604504552817773,0.8147740237314338,0.620570919227353,0.7496005430848037,15.206123751588166
cgre,aubin_linear,46,6,artificial,9414,5382,4.127566390030896,2.031641304470574,-7.9609121275081325,0.5005221071133662,0.36558748234292965,0.4668413987802327,15.564838421531022
cgre,aubin_linear,46,7,natural,10738,4904,0.2557135405577061,0.5056812637993483,0.5700715956235126,0.8209122392353709,0.6260603947460318,0.7553448583755813,14.318885526619852
cgre,aubin_linear,46,7,artificial,10738,5382,4.661285320002409,2.1590010004635034,-9.119611462741984,0.5078570912881171,0.3708978248586378,0.4718113886615902,14.663214789703488
cgre,aubin_linear,46,8,natural,12061,4904,0.24945100035651216,0.499450698624511,0.5806007365918429,0.8281975587248485,0.6343909735699594,0.7620289899246251,15.587578495964408
cgre,aubin_linear,46,8,artificial,12061,5382,4.9229281055842105,2.2187672490786885,-9.68763576298284,0.5341570080308675,0.38571424451545056,0.5019040987118021,15.900368058122694
cgre,aubin_linear,46,9,natural,13385,4904,0.24679811142946487,0.4967877931566605,0.5850610099935015,0.8315215645836398,0.6383523219625408,0.7661524158830311,13.63560666423291
cgre,aubin_linear,46,9,artificial,13385,5382,4.95190710745289,2.225288095382908,-9.750548933783756,0.5543056337269335,0.39851625470812874,0.5251939852374845,13.951399660669267
cgre,aubin_linear,46,10,natural,14709,4904,0.24500927488579222,0.4949841157913981,0.5880685614873888,0.8316075804874301,0.6378241189271759,0.7670740133835681,13.943864738568664
cgre,aubin_linear,46,10,artificial,14709,5382,4.9592548472137405,2.226938447109336,-9.766500815379604,0.5620849747163166,0.40237485479824864,0.5344875205909543,14.248750641010702
cgre,mlp_small,46,0,natural,1471,4904,0.33558361858816044,0.5792957954172984,0.43578689904402224,0.6757171395428505,0.491063816812877,0.6754640204857212,54.82111407999946
cgre,mlp_small,46,0,artificial,1471,5382,3.880988482856918,1.9700224574498937,-7.425593552352678,0.012035989257886976,0.010146449728727882,-0.0014237780752148288,56.12063321599999
cgre,mlp_small,46,1,natural,2795,4904,0.2697531439276597,0.5193776505854479,0.5464669626355275,0.7509865984518478,0.5557818132462115,0.7443166147889089,50.553834549000385
cgre,mlp_small,46,1,artificial,2795,5382,2.191196752643078,1.4802691487169075,-3.7570698322235385,0.5081308262896568,0.34607491166390864,0.5012033700408146,51.8221604119999
cgre,mlp_small,46,2,natural,4119,4904,0.14370019766603653,0.3790780891400036,0.7583984150530229,0.8418130140022849,0.6599497918105748,0.8722965837359584,67.46570205900025
cgre,mlp_small,46,2,artificial,4119,5382,1.1736162439370348,1.0833357023273233,-1.5479110544984342,0.5817511636466517,0.3870303043815302,0.6145251114523627,68.67863115700038
cgre,mlp_small,46,3,natural,5442,4904,0.19849876990721949,0.44553200772471946,0.6662661694379539,0.8322252132608765,0.6435395148400744,0.8206799071179979,84.44407504299943
cgre,mlp_small,46,3,artificial,5442,5382,2.9672252488133934,1.7225635688744243,-5.441821210037821,0.5764928555298336,0.4177476983370054,0.5570803053360026,85.7241892209995
cgre,mlp_small,46,4,natural,6766,4904,0.09550950707601197,0.3090461245122028,0.8394209008626656,0.8744777448697151,0.7028667185554808,0.9163238700353951,108.26760778300013
cgre,mlp_small,46,4,artificial,6766,5382,1.542930733376197,1.2421476294612477,-2.3496897237096377,0.7381620122207633,0.5376385592297134,0.7747315811824055,109.54834338700039
cgre,mlp_small,46,5,natural,8090,4904,0.0900059007722061,0.3000098344591492,0.8486740544944643,0.8791199927902098,0.7110164964602094,0.9225793629351732,122.96868630999961
cgre,mlp_small,46,5,artificial,8090,5382,1.588307594378979,1.2602807601399695,-2.4482025096093785,0.7413888724955515,0.5405283526987491,0.7824956547946927,124.11118322099992
cgre,mlp_small,46,6,natural,9414,4904,0.08411995609163621,0.29003440501367456,0.8585700294954229,0.8830056927967137,0.7161513557518314,0.9271754579214454,146.11812991100032
cgre,mlp_small,46,6,artificial,9414,5382,1.5555796267947914,1.2472287788512544,-2.377150365580353,0.7454147047359647,0.5492010330107854,0.7863914284888927,147.74967069000013
cgre,mlp_small,46,7,natural,10738,4904,0.07914132590204209,0.2813206816109368,0.866940546475965,0.8860647164056629,0.7223316025471507,0.9312672290371292,120.13408467599947
cgre,mlp_small,46,7,artificial,10738,5382,1.452644850404831,1.2052571718952063,-2.153679826542402,0.7468798512363759,0.5498282641482656,0.7874299392783779,120.89192312500018
cgre,mlp_small,46,8,natural,12061,4904,0.07910576219149916,0.2812574660191248,0.8670003393570698,0.8861419223002871,0.7232724182194411,0.9312931188630427,121.27547281100033
cgre,mlp_small,46,8,artificial,12061,5382,1.5803270682257704,1.257110603020184,-2.4308768540456294,0.7502624573418964,0.5504758786762405,0.7870349597610027,122.02134730300077
cgre,mlp_small,46,9,natural,13385,4904,0.07593189399764536,0.2755574241381374,0.8723365295537595,0.8893429773406291,0.7281758129757305,0.9346487810137294,186.30896832300004
cgre,mlp_small,46,9,artificial,13385,5382,1.391497975579237,1.179617724340914,-2.0209304724660435,0.7513138901481667,0.5588900629901858,0.7857743710536362,187.44296371099972
cgre,mlp_small,46,10,natural,14709,4904,0.07521943770256129,0.2742616227301248,0.8735343746012506,0.888258155387307,0.7260385260121391,0.9347831981192826,162.98273284300012
cgre,mlp_small,46,10,artificial,14709,5382,1.4603499411758487,1.208449395372371,-2.170407514193974,0.7429860240691379,0.5457709655381329,0.7721232216701677,163.60482022399992
cgre,CNN_Jannis_OHE,46,0,natural,1471,4904,0.5924640833436972,0.7697168851881172,0.0038965576605721752,0.4587076141138809,0.3226059625352814,0.46717872526109777,24.01921869907528
cgre,CNN_Jannis_OHE,46,0,artificial,1471,5382,1.8756783989184815,1.3695540876206684,-3.0720821239286824,0.24452333452676403,0.1678967639879584,0.22265333959854258,24.780217575840652
cgre,CNN_Jannis_OHE,46,1,natural,2795,4904,0.19315118011281088,0.43948968146341144,0.6752570142033733,0.7924779630328106,0.5991810634653928,0.8314127599676997,24.68112808279693
cgre,CNN_Jannis_OHE,46,1,artificial,2795,5382,1.1852452244288372,1.0886896823378263,-1.5731574739312584,0.5345851410126401,0.36388626952645836,0.5245255841082892,25.17635649535805
cgre,CNN_Jannis_OHE,46,2,natural,4119,4904,0.10005541035084524,0.3163153653410552,0.8317779229541186,0.8574571869869653,0.6740054351960238,0.9127800408773702,54.013444881886244
cgre,CNN_Jannis_OHE,46,2,artificial,4119,5382,1.1294738365573396,1.062767065992045,-1.4520782570947435,0.7449611470507624,0.5404743862494827,0.791268294959566,54.508254485204816
cgre,CNN_Jannis_OHE,46,3,natural,5442,4904,0.06725532770561765,0.25933632160886694,0.8869243464259617,0.8787587990055491,0.7046024043485518,0.942402772589649,66.08505688048899
cgre,CNN_Jannis_OHE,46,3,artificial,5442,5382,1.240420517831845,1.113741674640868,-1.6929425746598579,0.7650123632467478,0.5628550318931,0.8083821374286381,66.57615184877068
cgre,CNN_Jannis_OHE,46,4,natural,6766,4904,0.05999379945341823,0.24493631713859468,0.8991330751776501,0.8859263612832156,0.71628389771558,0.948732011017729,78.6019628290087
cgre,CNN_Jannis_OHE,46,4,artificial,6766,5382,1.3506725650072962,1.1621843937204182,-1.9322988474028637,0.7615933474458512,0.5610799369453123,0.7982400130259819,79.09414186887443
cgre,CNN_Jannis_OHE,46,5,natural,8090,4904,0.059868362128180044,0.24468012205363157,0.8993439715931127,0.8828822135650256,0.7120018308934717,0.9484334509210519,75.91445221751928
cgre,CNN_Jannis_OHE,46,5,artificial,8090,5382,1.340437806931483,1.1577727786277767,-1.9100792731798601,0.7389795483377353,0.5292286277011699,0.7910626008974062,76.40651237685233
cgre,CNN_Jannis_OHE,46,6,natural,9414,4904,0.05148238917129659,0.22689730974891834,0.9134432170403193,0.8899283004123116,0.7235782990585445,0.9560144532390529,105.87223884742707
cgre,CNN_Jannis_OHE,46,6,artificial,9414,5382,1.3963697507047257,1.1816809005415656,-2.0315070555368635,0.7484847584009843,0.5509733430932243,0.7726012014472246,106.36376812588423
cgre,CNN_Jannis_OHE,46,7,natural,10738,4904,0.057278851351477277,0.2393300051215419,0.9036976879974746,0.8867701443091519,0.7173147915528362,0.9506388663167464,92.97068598307669
cgre,CNN_Jannis_OHE,46,7,artificial,10738,5382,1.345918139406722,1.1601371209502445,-1.9219770291696254,0.7599896350581987,0.5551775302002392,0.7999399819522223,93.49680502340198
cgre,CNN_Jannis_OHE,46,8,natural,12061,4904,0.054250891563486586,0.2329182078831249,0.9087885639727077,0.8902396629509809,0.7234175130536279,0.9536122517446652,103.10963811166584
cgre,CNN_Jannis_OHE,46,8,artificial,12061,5382,1.1541450361417,1.0743114241883962,-1.5056392251483706,0.7589201356054265,0.553903424400815,0.8136740711846978,103.60097081121057
cgre,CNN_Jannis_OHE,46,9,natural,13385,4904,0.05826358016904435,0.24137849980693052,0.9020420741087584,0.8851963514535875,0.7149755666588775,0.9498147631094014,89.80740722175688
cgre,CNN_Jannis_OHE,46,9,artificial,13385,5382,1.2274593608652102,1.107907649971427,-1.6648040112367788,0.745764724643267,0.5369103333027582,0.8052060454504867,90.29894388001412
cgre,CNN_Jannis_OHE,46,10,natural,14709,4904,0.052190596284130836,0.2284526127758902,0.9122525160968931,0.8949072918072987,0.7325373549261638,0.9561690087620216,157.17283301893622
cgre,CNN_Jannis_OHE,46,10,artificial,14709,5382,1.5329781083726908,1.2381349314079992,-2.3280826580280625,0.7603020317524193,0.5647037507351672,0.7700819299139101,157.67490532901138
amac,aubin_1_10_1,42,0,natural,1471,4904,0.5939822525136396,0.7707024409677444,0.0013440762887082514,0.4319940940080976,0.3028923813552038,0.4447793075140233,43.34986312594265
amac,aubin_1_10_1,42,1,natural,2795,4904,0.9313544005441657,0.9650670445850722,-0.5658760598350578,0.30276927824316174,0.21055147871789098,0.3380914521636998,36.35085318796337
amac,aubin_1_10_1,42,2,natural,4119,4904,1.834889296090438,1.3545808562394634,-2.084979487418406,0.30665449546067525,0.21372091099397456,0.3457201402892537,44.94133230019361
amac,aubin_1_10_1,42,3,natural,5442,4904,0.6265757057173849,0.7915653515139384,-0.05345494334257195,0.4515075485963275,0.3206786364536822,0.4478567701668619,33.56113299448043
amac,aubin_1_10_1,42,4,natural,6766,4904,3.367741338218814,1.8351406862196735,-4.662147013159088,0.3901086297487678,0.27367985843910936,0.4212953347995,44.09140123054385
amac,aubin_1_10_1,42,5,natural,8090,4904,3.1734622327368323,1.7814214079596193,-4.335507658663464,0.38070343004102236,0.2672675059488273,0.4207761181822519,50.99775094632059
amac,aubin_1_10_1,42,6,natural,9414,4904,0.7152896983378535,0.8457480111344357,-0.20260881767398797,0.3799849955635233,0.2655880844152473,0.43118386969034794,84.82527620717883
amac,aubin_1_10_1,42,7,natural,10738,4904,4.527892833504048,2.1278845912088484,-6.6126971487332264,0.3977070228411379,0.2798262907981374,0.43759130955806264,96.56176770664752
amac,aubin_1_10_1,42,8,natural,12061,4904,3.558724601293157,1.8864582161535295,-4.983245103534313,0.4235824668519861,0.3003681525856366,0.4308802245734667,73.53689091000706
amac,aubin_1_10_1,42,9,natural,13385,4904,1.2201362352147056,1.104597770781159,-1.051401828717062,-0.43557868746407674,-0.3094241851250314,-0.47819088079774197,72.86654499080032
amac,aubin_1_10_1,42,10,natural,14709,4904,0.9942354515402433,0.9971135600021912,-0.671597289384728,-0.4528125267182801,-0.32316097859903675,-0.4808857020743659,59.84448886010796
amac,aubin_linear,42,0,natural,1471,4904,3.205288817740071,1.7903320411979649,-4.38901735110037,0.2794680950984159,0.19665723800640644,0.304762363170483,37.036655887030065
amac,aubin_linear,42,1,natural,2795,4904,18.581527914939688,4.31062964251624,-30.240921501160734,0.35836176634886285,0.2518361174370872,0.3882230705568092,26.100478690117598
amac,aubin_linear,42,2,natural,4119,4904,20.353503051978628,4.511485681233913,-33.220124094814715,0.3929703065073774,0.2776863186121599,0.42567394292363564,32.56210782844573
amac,aubin_linear,42,3,natural,5442,4904,17.8723975196286,4.227575844337816,-29.04866825291257,0.3917808887245581,0.27695338895984273,0.4232819547879564,39.74038905091584
amac,aubin_linear,42,4,natural,6766,4904,15.65618217129361,3.9567893766655824,-25.322569406577426,0.41431295021705306,0.2932725958271649,0.43475997265274136,46.29412088543177
amac,aubin_linear,42,5,natural,8090,4904,16.223717024613546,4.027867553012828,-26.276759604655034,0.4263420763323549,0.30390632568309356,0.4456203989050067,50.94126218743622
amac,aubin_linear,42,6,natural,9414,4904,17.938225852808625,4.235354277130619,-29.159344716056165,0.4262264671898423,0.30337537062810566,0.45133857108199293,56.89070578571409
amac,aubin_linear,42,7,natural,10738,4904,18.2888304347026,4.276544216385773,-29.74881239982454,0.42900422072095296,0.30543198358029966,0.4499565375567196,61.627787250094116
amac,aubin_linear,42,8,natural,12061,4904,18.70798426423329,4.3252727387106225,-30.453531190723908,0.43716376823129816,0.31090265988506693,0.45466541368941604,74.74697916489094
amac,aubin_linear,42,9,natural,13385,4904,17.2288451977288,4.1507644112535225,-27.966670708771073,0.43582678541226794,0.30849854488723655,0.46092240662655026,75.78329936228693
amac,aubin_linear,42,10,natural,14709,4904,20.646618419776086,4.543855017468767,-33.712935785977194,0.4506019614249286,0.32139273948907526,0.466233787792208,79.59981584269553
amac,mlp_small,42,0,natural,1471,4904,11.017104990004107,3.3192024629425827,-17.522939218902316,0.35058625509296176,0.2467027877319098,0.3748663879882038,51.602002459578216
amac,mlp_small,42,1,natural,2795,4904,14.57013341445407,3.8170844128017487,-23.496607402043992,0.3028102604480029,0.212689384971131,0.27470305505148485,53.89783389028162
amac,mlp_small,42,2,natural,4119,4904,13.819309118035576,3.7174331356509396,-22.234254649732634,0.14935419710764858,0.10412883720828936,0.09382235145043842,71.65781547874212
amac,mlp_small,42,3,natural,5442,4904,12.065789575542063,3.4735845427370933,-19.286081247170493,0.43519189979700146,0.31060898913935714,0.4087618956535487,96.75324038043618
amac,mlp_small,42,4,natural,6766,4904,12.803187198834259,3.578154160853646,-20.52585987946973,0.3327592055106371,0.2338786458410375,0.28633341489368347,100.48242272995412
amac,mlp_small,42,5,natural,8090,4904,10.83198200159673,3.2911976545927364,-17.21169394481238,0.3459029315539726,0.24448794673750388,0.34790934786571887,118.41104252357036
amac,mlp_small,42,6,natural,9414,4904,10.927933256920838,3.3057424668175286,-17.37301575049168,0.3561602933465353,0.2524746956535254,0.32254102440084087,137.47454165574163
amac,mlp_small,42,7,natural,10738,4904,13.510411326400186,3.6756511431854064,-21.714908140417638,0.3542458968959961,0.2510876648774134,0.3419413597796719,119.64556527510285
amac,mlp_small,42,8,natural,12061,4904,11.462011305530297,3.3855592308406446,-18.270955385406538,0.3509888097458349,0.24792471051799386,0.3448428718028642,107.09393807686865
amac,mlp_small,42,9,natural,13385,4904,9.53579401593242,3.0880080984240346,-15.032427132295378,0.2619248378040049,0.18474169678641747,0.2504215135226944,115.71774699818343
amac,mlp_small,42,10,natural,14709,4904,10.701853062477126,3.2713686833613123,-16.992909569777414,0.29142003678518047,0.20549788046600265,0.28425936198877394,128.3237252421677
amac,CNN_Jannis_OHE,42,0,natural,1471,4904,0.6034806568995171,0.7768401746173514,-0.014625488063795933,0.08427789200628531,0.059248449552883005,0.08655120112879314,25.930925969965756
amac,CNN_Jannis_OHE,42,1,natural,2795,4904,1.2207271602208172,1.1048652226497209,-1.052395344525531,0.24852921279189455,0.17330635336648695,0.2638670396997451,28.568045989610255
amac,CNN_Jannis_OHE,42,2,natural,4119,4904,1.252176909325962,1.1190071087021574,-1.1052714668510304,0.14346746982841652,0.10018015976216245,0.13733529549610696,42.18916145153344
amac,CNN_Jannis_OHE,42,3,natural,5442,4904,1.2269691165822025,1.1076863800653154,-1.062889878107074,0.003766679455327649,0.003934953002685782,-0.017599435734546233,68.40177216008306
amac,CNN_Jannis_OHE,42,4,natural,6766,4904,1.2563883736793506,1.1208873153351993,-1.1123521562255227,0.059204788863326925,0.04080469560626904,0.0864667658532351,82.5177396768704
amac,CNN_Jannis_OHE,42,5,natural,8090,4904,1.2097172752166747,1.0998714812270909,-1.033884544190609,0.3007128697041495,0.2078122143644887,0.2839617954414477,93.05425303056836
amac,CNN_Jannis_OHE,42,6,natural,9414,4904,1.1943215997361731,1.0928502183447524,-1.0079999618599502,-0.29312187299989295,-0.20449976032133382,-0.30706183714660107,105.89168186485767
amac,CNN_Jannis_OHE,42,7,natural,10738,4904,1.2167284043652642,1.1030541257641278,-1.0456722796431648,0.03475547643236534,0.023050575253487898,0.026686441132999374,118.80667578615248
amac,CNN_Jannis_OHE,42,8,natural,12061,4904,1.2347769793306376,1.1112051922712733,-1.0760171531262381,0.0512115394349116,0.03686614949794832,0.01706170175699966,131.6949605382979
amac,CNN_Jannis_OHE,42,9,natural,13385,4904,1.1881837797685202,1.0900384304090018,-0.9976805116685838,0.21654130008766476,0.1510154487091766,0.18925800020808514,144.74999713338912
amac,CNN_Jannis_OHE,42,10,natural,14709,4904,1.230764668715448,1.1093983363586986,-1.069271298773399,0.30112836080134947,0.20824393197967184,0.32163715068067567,99.89263313449919
amac,aubin_1_10_1,43,0,natural,1471,4904,0.6013854194266197,0.7754904379981868,-0.011102788008304332,0.406311707068514,0.2851411566470967,0.413650590790431,19.2240051003173
amac,aubin_1_10_1,43,1,natural,2795,4904,0.6061474308074469,0.7785547063677972,-0.019109106133330167,0.46001235911438687,0.3244341672700441,0.45667687656213884,3.5387668758630753
amac,aubin_1_10_1,43,2,natural,4119,4904,0.5939060130285122,0.7706529783427247,0.0014722569087872728,0.43955730699275575,0.3096996061592882,0.43803212872318636,6.001211522147059
amac,aubin_1_10_1,43,3,natural,5442,4904,0.5942299599458062,0.770863126596289,0.0009276084676014262,0.44661115294975867,0.315427071095385,0.4510809416619027,5.688023831695318
amac,aubin_1_10_1,43,4,natural,6766,4904,2.038568107150239,1.427784334957573,-2.4274224650302205,0.38125023588639667,0.2677782962069541,0.42150076602767467,11.47573524992913
amac,aubin_1_10_1,43,5,natural,8090,4904,0.7548825252478115,0.8688397580957098,-0.2691758084599585,0.3938384670187734,0.2750376862286242,0.43553530531493245,14.197254714556038
amac,aubin_1_10_1,43,6,natural,9414,4904,2.3608234638952506,1.5364971408679062,-2.9692269037978782,0.4073257551175363,0.2875903734520239,0.4217808430574301,15.340339774265885
amac,aubin_1_10_1,43,7,natural,10738,4904,1.7101411808274636,1.3077236637866059,-1.8752418332174878,0.42287708164837046,0.29978055111649715,0.4663491284088445,17.21987876109779
amac,aubin_1_10_1,43,8,natural,12061,4904,2.0435467017124727,1.429526740467793,-2.4357929221108674,0.42165876855345646,0.29538332369613357,0.47081840374586015,19.027387782000005
amac,aubin_1_10_1,43,9,natural,13385,4904,2.9307499254827625,1.7119433184199653,-3.927438086936073,0.43371191246590113,0.30833350765917056,0.45329372265101786,20.517778632231057
amac,aubin_1_10_1,43,10,natural,14709,4904,0.9092469088998407,0.953544392726338,-0.5287069737292467,-0.44606221138758234,-0.31681520894539694,-0.47517144228203867,22.585255381651223
amac,aubin_linear,43,0,natural,1471,4904,1.404519687436638,1.185124334167786,-1.3614037286333263,0.31646257896916863,0.22186572001575747,0.3416830009367461,40.71602242600056
amac,aubin_linear,43,1,natural,2795,4904,29.813831073151164,5.4602043069056645,-49.12567106800299,0.3505944437429693,0.2463864504164768,0.38418429531969445,22.587145641999996
amac,aubin_linear,43,2,natural,4119,4904,28.233335127499387,5.31350497576688,-46.46840036362183,0.37551953175569286,0.26469460029274194,0.4017410583298594,30.2225860919998
amac,aubin_linear,43,3,natural,5442,4904,27.529840874576188,5.2468886851710685,-45.285623100487236,0.39770698981091596,0.2812950490157952,0.42348100125833305,36.89575478000006
amac,aubin_linear,43,4,natural,6766,4904,26.086355185336156,5.107480316686121,-42.858706255326226,0.39944235305695996,0.2824265594994971,0.4295480189047847,46.64119582700005
amac,aubin_linear,43,5,natural,8090,4904,19.737897131527436,4.442735320894936,-32.18511253255224,0.4239278418768705,0.3012550026793648,0.4452056577328048,50.31704340400029
amac,aubin_linear,43,6,natural,9414,4904,18.222430590566347,4.268773897803249,-29.637175061504145,0.4397133174301945,0.31314501881473317,0.45550229170126316,55.03909338199992
amac,aubin_linear,43,7,natural,10738,4904,20.783162587905277,4.5588554032679385,-33.94250601601923,0.4274615553031855,0.3043524337675003,0.4514131060704708,58.79795167799966
amac,aubin_linear,43,8,natural,12061,4904,17.731791272577006,4.210913353724701,-28.81226849360215,0.4457259601172467,0.31699664776605957,0.4637693394646863,64.48584624500018
amac,aubin_linear,43,9,natural,13385,4904,19.038402953119164,4.363301840707237,-31.009060551347723,0.43931575341507334,0.311806896950217,0.46246297105230083,78.41132396099965
amac,aubin_linear,43,10,natural,14709,4904,20.657931736180448,4.545099749860332,-33.73195674223678,0.44686784969454796,0.3180136780162021,0.46920352022379996,77.771860328
amac,mlp_small,43,0,natural,1471,4904,11.232537001340832,3.3514977250985614,-17.8851427247613,0.32820509972492895,0.23008640303732392,0.34629607310251653,53.80410105641931
amac,mlp_small,43,1,natural,2795,4904,14.401221355578357,3.7948941165173973,-23.212617388085405,0.30747020875898823,0.21599894587723517,0.30576668938431706,54.523313160054386
amac,mlp_small,43,2,natural,4119,4904,13.001803498094493,3.605801366977179,-20.859791310859244,0.26251717150200676,0.18461377820740338,0.25369126174734313,71.6809834446758
amac,mlp_small,43,3,natural,5442,4904,9.577847137986854,3.094809709495376,-15.103130590643655,0.3926877398333152,0.27527285447184613,0.42478978854919525,54.455564870499074
amac,mlp_small,43,4,natural,6766,4904,12.704379236934532,3.564320305041977,-20.359735123985164,0.2512184342949032,0.17689658461914248,0.1908666257102681,113.04912616498768
amac,mlp_small,43,5,natural,8090,4904,12.331309603443204,3.5115964465529355,-19.732497192437098,0.2834843681618044,0.19852789585283212,0.22370320647495961,122.92853281646967
amac,mlp_small,43,6,natural,9414,4904,13.277636095714943,3.643849076967231,-21.323545667829716,0.10246391997832277,0.07130681992666135,0.032599345720117905,139.67073277942836
amac,mlp_small,43,7,natural,10738,4904,12.6455021129839,3.5560514778309806,-20.26074565358338,0.28912221844345826,0.20434008147791538,0.2255411928297049,130.57342634815723
amac,mlp_small,43,8,natural,12061,4904,9.80226174823782,3.1308563921454176,-15.480436442705862,0.28805118489159204,0.20305282416436915,0.2636415593672924,105.89935729559511
amac,mlp_small,43,9,natural,13385,4904,8.687831119041665,2.9475127004037938,-13.606756303775303,0.286319126102572,0.20275444859110936,0.2660840787758478,116.59396098647267
amac,mlp_small,43,10,natural,14709,4904,10.16907955595765,3.1888994270684754,-16.097163247340124,0.28892895961662257,0.2042998002473786,0.27936491678661995,127.04103322234005
amac,CNN_Jannis_OHE,43,0,natural,1471,4904,0.5950442796137733,0.7713911327036196,-0.00044149836474671744,-0.07005640897013551,-0.04831212126641416,-0.06810114162866343,22.43988950178027
amac,CNN_Jannis_OHE,43,1,natural,2795,4904,1.2258634569832134,1.1071871824507424,-1.061030944606172,-0.019538954758419037,-0.01331085064180512,0.0424663065423157,41.121375823393464
amac,CNN_Jannis_OHE,43,2,natural,4119,4904,1.2086190855026429,1.0993721324022374,-1.0320381697263294,0.2364001287861138,0.1632967130159035,0.2603624471610511,39.915635413490236
amac,CNN_Jannis_OHE,43,3,natural,5442,4904,1.2337337215825608,1.1107356668364263,-1.074263135180979,-0.3315157867394687,-0.23203584974272756,-0.3627236656848642,67.55009252671152
amac,CNN_Jannis_OHE,43,4,natural,6766,4904,1.1981299962242866,1.0945912461847511,-1.0144029776009105,-0.35634034520839186,-0.24790240104038716,-0.37098583127748386,80.15209962520748
amac,CNN_Jannis_OHE,43,5,natural,8090,4904,1.2109413908225237,1.100427821723226,-1.0359426364920465,-0.008913851089722213,-0.006841048346068362,-0.013120251434538275,77.80175705626607
amac,CNN_Jannis_OHE,43,6,natural,9414,4904,1.1758499364183685,1.0843661449982513,-0.9769437545152662,-0.28970499515621195,-0.2016793996207013,-0.29289756179375737,106.35749106295407
amac,CNN_Jannis_OHE,43,7,natural,10738,4904,1.1743092569010767,1.0836555065615072,-0.9743534267403655,0.027885890094285288,0.01922628414498774,0.01906700664169053,118.70120539981872
amac,CNN_Jannis_OHE,43,8,natural,12061,4904,1.2022425625691038,1.0964682223252544,-1.0213173908254252,-0.23124109776381946,-0.15871645738350185,-0.24550998706056906,130.9722413243726
amac,CNN_Jannis_OHE,43,9,natural,13385,4904,1.2475377098638665,1.1169322763103708,-1.0974716310739612,-0.10996722501315698,-0.07753075995026766,-0.10664141891609953,144.68787035066634
amac,CNN_Jannis_OHE,43,10,natural,14709,4904,1.2414708308981142,1.1142130994105723,-1.0872714532202488,-0.09020468431432478,-0.062447156335429195,-0.10275849826129185,107.93281704559922
amac,aubin_1_10_1,44,0,natural,1471,4904,0.5939856589296798,0.7707046509069994,0.001338349118337745,0.34573317943062093,0.24317575856385895,0.3629819144327373,33.27909228857607
amac,aubin_1_10_1,44,1,natural,2795,4904,0.5937774012450032,0.7705695304416099,0.001688490506536744,0.4185733136570205,0.2943230938545327,0.42887513629553986,25.63596680480987
amac,aubin_1_10_1,44,2,natural,4119,4904,1.899195180584176,1.3781129056010528,-2.193096274085683,0.3286324466968052,0.22868033263903748,0.3692743759863215,36.27232997585088
amac,aubin_1_10_1,44,3,natural,5442,4904,1.8412072465089577,1.3569109206241057,-2.0956017889846037,0.3716606681827165,0.2601393324201275,0.4105063453252341,42.114935454912484
amac,aubin_1_10_1,44,4,natural,6766,4904,5.282618676344445,2.2983948042806843,-7.881609528759684,0.36983346417250823,0.25842270474670875,0.41823433424137635,50.014399451203644
amac,aubin_1_10_1,44,5,natural,8090,4904,0.7274819064711143,0.852925498781174,-0.22310744507215663,0.3316150071363593,0.22909023880742596,0.38414097580764794,58.251419943757355
amac,aubin_1_10_1,44,6,natural,9414,4904,0.5115396027228943,0.7152199680677926,0.13995400988784834,0.3469859269557884,0.2414599958151015,0.3935580337965992,63.438430570065975
amac,aubin_1_10_1,44,7,natural,10738,4904,1.6110162729152149,1.2692581584985834,-1.7085841998370523,-0.4353170989740892,-0.3073461278265526,-0.47952246459289977,70.16844223905355
amac,aubin_1_10_1,44,8,natural,12061,4904,1.3405247834811629,1.1578103400303363,-1.2538097901746972,-0.4376514543051707,-0.3083149681066521,-0.48414963949886664,78.92553595453501
amac,aubin_1_10_1,44,9,natural,13385,4904,2.180598124472366,1.4766848426364936,-2.6662159938660044,0.4178803008312354,0.2931597691770856,0.4299753358502125,88.05053460597992
amac,aubin_1_10_1,44,10,natural,14709,4904,3.0181395115438012,1.7372793418284238,-4.074365250872726,0.4310207020825883,0.3043553582013224,0.3935368300606963,84.298743407242
amac,aubin_linear,44,0,natural,1471,4904,1.1564680394254137,1.0753920398744885,-0.9443571811574503,0.30990194955821304,0.21829219793639765,0.3380455456082155,45.48486743774265
amac,aubin_linear,44,1,natural,2795,4904,15.452746045800293,3.930998097913594,-24.980534453578375,0.36844521200630714,0.25931235237384315,0.39217723405204696,34.045189396478236
amac,aubin_linear,44,2,natural,4119,4904,16.56134286472548,4.0695629820320365,-26.844406270525816,0.4005185424420604,0.2819204529543651,0.42349222279851567,28.617423536255956
amac,aubin_linear,44,3,natural,5442,4904,17.77288343847643,4.215789776361771,-28.881356306781626,0.4111905755509221,0.2898621475967589,0.4351498010895344,33.32204935885966
amac,aubin_linear,44,4,natural,6766,4904,17.087650275874125,4.13372111733171,-27.729281216894154,0.4110210249612055,0.2906167499728833,0.43490625932987903,61.62748121097684
amac,aubin_linear,44,5,natural,8090,4904,17.810724553353804,4.2202754120263055,-28.944978163111855,0.4324052495668271,0.30847790643579137,0.44356902880667837,48.96930756792426
amac,aubin_linear,44,6,natural,9414,4904,16.487448941616933,4.060473979921178,-26.72016921844837,0.42409718109584343,0.30147698581023863,0.4407340468685441,53.895372279919684
amac,aubin_linear,44,7,natural,10738,4904,14.821385706932155,3.849855283894728,-23.919035158374168,0.4409502114892647,0.31477863162527736,0.4550733845059718,89.33236973453313
amac,aubin_linear,44,8,natural,12061,4904,11.397778706584665,3.3760596420360622,-18.162961812937038,0.4450428833186676,0.3167559672048853,0.45941492316101,91.87996518518776
amac,aubin_linear,44,9,natural,13385,4904,15.886899462027937,3.9858373602077566,-25.710471887029342,0.4455486667225401,0.31891919889683606,0.4652013860664822,60.791408327408135
amac,aubin_linear,44,10,natural,14709,4904,17.435335490080337,4.175564092440725,-28.313840599408515,0.4471514994601728,0.3173619923944351,0.46655474867054714,60.41747032478452
amac,mlp_small,44,0,natural,1471,4904,6.976285008279827,2.6412657965982573,-10.729152377085454,0.3317483201015916,0.23423711382809453,0.37676010477418514,57.570617792999656
amac,mlp_small,44,1,natural,2795,4904,10.680408799617148,3.268089472400832,-16.956855563038808,0.36159585198108857,0.2562638590586692,0.33902142384338446,55.81959259299947
amac,mlp_small,44,2,natural,4119,4904,16.745166972997932,4.092085895114853,-27.153467751521863,0.36172739202096144,0.2564926673297733,0.3630346770793237,74.7138320210006
amac,mlp_small,44,3,natural,5442,4904,12.33190430644729,3.511681122546193,-19.73349706015262,0.3941459406929547,0.27570316355576424,0.3574269839442429,68.79721501700078
amac,mlp_small,44,4,natural,6766,4904,12.080641185632519,3.4757216783903337,-19.311051098257323,0.29477232697441863,0.2078420121250791,0.2514444991316504,110.74067723799999
amac,mlp_small,44,5,natural,8090,4904,10.74233099010478,3.277549540450118,-17.060964670807532,0.31968262006279347,0.2259949334581226,0.30947105744006165,126.79979447499954
amac,mlp_small,44,6,natural,9414,4904,10.986208414854651,3.314544978553565,-17.47099314195335,0.34030788103241993,0.24075195604622135,0.30413538205330887,147.58394485400004
amac,mlp_small,44,7,natural,10738,4904,11.356156004593453,3.369889613116942,-18.092982015176265,0.3297737684414241,0.23293652868883943,0.3020023251872847,120.85817261300053
amac,mlp_small,44,8,natural,12061,4904,11.089816821028444,3.330137657969779,-17.64518883236982,0.3387358360666863,0.24046778043373446,0.3012759421041207,130.28334237800027
amac,mlp_small,44,9,natural,13385,4904,9.203963037291183,3.0338033946337366,-14.474523304211935,0.32461770733856105,0.2298546768329366,0.3154375514452035,158.05575472300006
amac,mlp_small,44,10,natural,14709,4904,8.696304547706985,2.9489497363819184,-13.621002587557282,0.27154648022206374,0.1917174788784774,0.25874152753683677,146.64951430700057
amac,CNN_Jannis_OHE,44,0,natural,1471,4904,1.3006012217929177,1.1404390478201445,-1.1866867385904185,0.22426714231350545,0.15544445374731136,0.26702196109728515,133.82082197163254
amac,CNN_Jannis_OHE,44,1,natural,2795,4904,1.2094645324430613,1.0997565787223376,-1.0334596105045,0.2247565090570572,0.1547157288875258,0.2568018025625533,152.2402051994577
amac,CNN_Jannis_OHE,44,2,natural,4119,4904,1.214151042284638,1.1018852219195236,-1.0413389887098519,-0.1392738288847144,-0.09596815897078247,-0.19489902980285498,219.35099637228996
amac,CNN_Jannis_OHE,44,3,natural,5442,4904,1.2709873966610228,1.1273807682682115,-1.1368973353438325,-0.12140743865957207,-0.08592093555864244,-0.13926762202412035,243.2030511861667
amac,CNN_Jannis_OHE,44,4,natural,6766,4904,1.260970366120366,1.1229293682687107,-1.1200558104580458,-0.299182554509959,-0.20872910465696926,-0.3341000140833118,320.0376261509955
amac,CNN_Jannis_OHE,44,5,natural,8090,4904,1.2378917742590565,1.112605848564107,-1.0812540240819746,-0.21640433907791154,-0.14856560811352734,-0.24680207882583372,358.33149963710457
amac,CNN_Jannis_OHE,44,6,natural,9414,4904,1.2165279866340586,1.1029632752880119,-1.0453353194837693,-0.21033548086124673,-0.14475154851697114,-0.21645265210754444,421.1996226683259
amac,CNN_Jannis_OHE,44,7,natural,10738,4904,1.217329000848488,1.1033263347026971,-1.046682056001286,0.16467217576442553,0.11292745773547332,0.13868917648198648,408.9754062173888
amac,CNN_Jannis_OHE,44,8,natural,12061,4904,1.174183309207951,1.0835973925808196,-0.9741416722489049,-0.035173305215032515,-0.0247810981977783,-0.024534166496186477,522.567121071741
amac,CNN_Jannis_OHE,44,9,natural,13385,4904,1.222665592426696,1.1057421003229895,-1.055654409585003,0.26099681808443553,0.18099831047052423,0.2851384136169653,325.4263563193381
amac,CNN_Jannis_OHE,44,10,natural,14709,4904,1.2211846206392976,1.105072224173288,-1.0531644677692737,0.13931690081075626,0.09735378057848725,0.1041254072344123,582.1222803741693
amac,aubin_1_10_1,45,0,natural,1471,4904,0.5933381736614939,0.7702844758019558,0.0024269590824457232,0.41005525860453146,0.28968081720121797,0.4151778433205937,32.08514711353928
amac,aubin_1_10_1,45,1,natural,2795,4904,6.213284654150264,2.492646114904854,-9.446328150905725,0.30981271631510443,0.21769299277508797,0.3299110641690983,32.178870810195804
amac,aubin_1_10_1,45,2,natural,4119,4904,3.271754772974839,1.8087992627637923,-4.500765841294202,0.35219112519831963,0.24757168274073274,0.39468617006449214,42.53578806947917
amac,aubin_1_10_1,45,3,natural,5442,4904,0.6547098068906665,0.8091414010484611,-0.1007565027344417,0.33857414437784633,0.23580256906449398,0.3864280307119083,51.30963567364961
amac,aubin_1_10_1,45,4,natural,6766,4904,2.359551248293744,1.5360830863901027,-2.967087941495038,0.39758875931682564,0.27994618751259953,0.4338386646448837,60.37665158510208
amac,aubin_1_10_1,45,5,natural,8090,4904,3.848638902454762,1.9617948166041121,-5.47067487605434,0.38745529210861807,0.27115787587459994,0.4285608010333124,62.549097516573966
amac,aubin_1_10_1,45,6,natural,9414,4904,5.242736201707477,2.289702208084597,-7.814555556389427,0.3988894338403633,0.2804700634441736,0.4257908416594106,76.74512203224003
amac,aubin_1_10_1,45,7,natural,10738,4904,1.0696801123316266,1.0342534081798458,-0.798441579921799,-0.4261511466125402,-0.3047606581998504,-0.4669251013856227,83.18611180409789
amac,aubin_1_10_1,45,8,natural,12061,4904,3.9184380116128237,1.979504486383606,-5.588027361815468,0.4019481554059207,0.28186414099697266,0.4201892062622905,85.22911391500384
amac,aubin_1_10_1,45,9,natural,13385,4904,1.2941020605918192,1.1375860673337288,-1.1757597692993915,-0.3966948413441403,-0.27990780559020684,-0.3023935969776359,91.82740067504346
amac,aubin_1_10_1,45,10,natural,14709,4904,0.877583195745076,0.9367941053108073,-0.47547111596601366,-0.44674017668045646,-0.31790040836780054,-0.46789752118315175,83.21944898273796
amac,aubin_linear,45,0,natural,1471,4904,2.0908835801296437,1.445988789766243,-2.5153799027677075,0.3420182345713685,0.24093582187260335,0.3638768608462086,27.111538166180253
amac,aubin_linear,45,1,natural,2795,4904,20.471192176653524,4.524510158752384,-33.41799354464357,0.35627074304059647,0.24953607668158712,0.38281409923903376,15.956245196983218
amac,aubin_linear,45,2,natural,4119,4904,26.600218498308724,5.15753996575002,-43.722659074297326,0.4046512312789398,0.2855434951180457,0.4241474289088415,26.178265289403498
amac,aubin_linear,45,3,natural,5442,4904,21.407632137795552,4.626838244178799,-34.99241990239571,0.4212021432609605,0.29727485580362023,0.4422133991106477,35.65075135137886
amac,aubin_linear,45,4,natural,6766,4904,19.989366168771074,4.470946898451275,-32.607904699507706,0.4181530447597328,0.2954682856389496,0.4384134094532109,37.00981841981411
amac,aubin_linear,45,5,natural,8090,4904,15.954934691869456,3.9943628643213493,-25.824858781612075,0.43672013524865244,0.30838398784781534,0.45721747060720436,41.67519746720791
amac,aubin_linear,45,6,natural,9414,4904,15.500437262374232,3.9370594689913223,-25.060717179137956,0.4333793145772267,0.3069587752918105,0.455900718002205,55.39427232462913
amac,aubin_linear,45,7,natural,10738,4904,18.832468353757477,4.339639196264763,-30.662824941311655,0.43547684218343247,0.3102462112748942,0.45415828926598656,55.808106862939894
amac,aubin_linear,45,8,natural,12061,4904,17.57250244292476,4.191956875127028,-28.54445791064268,0.4237941246948143,0.3010677447047331,0.45090087003143386,64.10939233098179
amac,aubin_linear,45,9,natural,13385,4904,17.4030279702805,4.171693657290826,-28.25952231651035,0.43526173002685536,0.30829515912214017,0.45804059669754726,59.60614821314812
amac,aubin_linear,45,10,natural,14709,4904,17.02852251322272,4.126563038803929,-27.629870350361124,0.4265550183260424,0.30224854641173937,0.45486230255661586,62.134450973942876
amac,mlp_small,45,0,natural,1471,4904,6.6537013758062376,2.5794769577971106,-10.186796011893113,0.34378036572564963,0.2420901240394133,0.38078286898321967,49.24021515902132
amac,mlp_small,45,1,natural,2795,4904,13.996041082009713,3.74112831669935,-22.531392185382913,0.05753793235094925,0.039592842178470956,0.056712824516314646,50.66688679344952
amac,mlp_small,45,2,natural,4119,4904,13.216151891033132,3.6354025761988358,-21.220172940849533,0.261529086417776,0.1813603920743908,0.22106895979819524,62.3510449193418
amac,mlp_small,45,3,natural,5442,4904,13.384964880539084,3.6585468263422682,-21.50399639055043,0.347445531035164,0.24422529157338546,0.2756514729522462,77.06228420790285
amac,mlp_small,45,4,natural,6766,4904,14.764346181391046,3.8424401337419747,-23.82313522226286,0.3081693987142279,0.216884379743832,0.23172541530094817,94.54533474240452
amac,mlp_small,45,5,natural,8090,4904,14.318517159644122,3.7839816542425417,-23.073567719789793,0.39194353031581525,0.27717882436192726,0.34499048691215717,115.1888749403879
amac,mlp_small,45,6,natural,9414,4904,13.140678424460036,3.6250073688835496,-21.09328021946386,0.34960631976098683,0.24653256460674244,0.2979820901258511,139.36483580060303
amac,mlp_small,45,7,natural,10738,4904,10.367985093302032,3.219935572849561,-16.431580971585824,0.32787372103298007,0.23154255105726018,0.3217464101349148,122.68286709301174
amac,mlp_small,45,8,natural,12061,4904,9.874513132367298,3.142373805320955,-15.601911911799252,0.3525209560480713,0.24883111633642083,0.3571688973904918,118.41141782421619
amac,mlp_small,45,9,natural,13385,4904,9.62553028344901,3.1025038732367456,-15.18329974633047,0.29285897439645553,0.20651428881614403,0.28398095351427033,128.76596119627357
amac,mlp_small,45,10,natural,14709,4904,8.197125880740343,2.863062325682126,-12.781738904767202,0.28735473830776104,0.2032452442942874,0.26651008699779355,131.80622627213597
amac,CNN_Jannis_OHE,45,0,natural,1471,4904,0.5949602514620373,0.7713366654464426,-0.0003002227439103944,0.074309602868258,0.05023241924359895,0.08505643869965068,47.04456734098494
amac,CNN_Jannis_OHE,45,1,natural,2795,4904,1.227162948598613,1.1077738706968192,-1.063215765775559,0.3176556315933073,0.22180100858664076,0.3697805136275564,117.70738050714135
amac,CNN_Jannis_OHE,45,2,natural,4119,4904,1.236796285494748,1.1121134319370252,-1.0794121906951926,0.17786460517276337,0.1241956182039557,0.13476685138413122,218.59330876916647
amac,CNN_Jannis_OHE,45,3,natural,5442,4904,1.2198335990639508,1.1044607729856009,-1.050893009836697,-0.2071813133404478,-0.14301940323844592,-0.2271827108608947,269.38183762691915
amac,CNN_Jannis_OHE,45,4,natural,6766,4904,1.2562076379147376,1.1208066906985956,-1.1120482871432507,0.22103671150589269,0.15149294994670343,0.26875802310815744,213.6478977035731
amac,CNN_Jannis_OHE,45,5,natural,8090,4904,1.2483875316399535,1.1173126382709333,-1.098900427215928,-0.08517335336052215,-0.058506541821166505,-0.09023863908228985,370.67930866684765
amac,CNN_Jannis_OHE,45,6,natural,9414,4904,1.1874055149428178,1.089681382305313,-0.9963720234517819,0.11081151736728986,0.07796919410348721,0.09062390447430499,421.2632145443931
amac,CNN_Jannis_OHE,45,7,natural,10738,4904,1.205840679394486,1.098107772212949,-1.0273668656483972,0.007510843567558802,0.0052555661739175745,-0.021431626094988037,408.78529928810894
amac,CNN_Jannis_OHE,45,8,natural,12061,4904,1.223156737752615,1.105964166577116,-1.0564801668985528,0.1959877351885819,0.13595800897726001,0.20402882802731748,523.8097761906683
amac,CNN_Jannis_OHE,45,9,natural,13385,4904,1.2425015823248362,1.1146755502498635,-1.089004444422955,-0.009997709125919905,-0.007311338029277195,-0.02932338566881231,470.2444438962266
amac,CNN_Jannis_OHE,45,10,natural,14709,4904,1.177294359359706,1.085031962367794,-0.9793722471522208,0.043757340668463963,0.030662537348518842,0.05632125050302357,623.8038604427129
amac,aubin_1_10_1,46,0,natural,1471,4904,0.5943091367633886,0.770914480836486,0.0007944893422998645,0.4275110785840411,0.3011279828019916,0.43130293209899684,42.29680626999925
amac,aubin_1_10_1,46,1,natural,2795,4904,0.603255547240461,0.7766952730900717,-0.014247013633710504,0.4271882489509432,0.29993935559881874,0.43455558994626353,16.76875609400031
amac,aubin_1_10_1,46,2,natural,4119,4904,0.6205997883956063,0.7877815613452794,-0.043407698315051535,0.3566106016033594,0.24981623416909834,0.368091947864547,13.397308979999252
amac,aubin_1_10_1,46,3,natural,5442,4904,6.2903851211509885,2.508064018551159,-9.575956330477323,0.3502119011489479,0.24427152791130782,0.3849607739120962,42.29588212900035
amac,aubin_1_10_1,46,4,natural,6766,4904,1.6155777551333887,1.271053797104351,-1.7162533704541971,0.36048311094439606,0.2520527539444384,0.40893281237394935,48.63359017899984
amac,aubin_1_10_1,46,5,natural,8090,4904,2.9907597690202516,1.729381325509285,-4.0283319865030895,0.40977780204229697,0.2896474044161461,0.4294007212882308,54.83278135300043
amac,aubin_1_10_1,46,6,natural,9414,4904,4.214616012782435,2.052952998191248,-6.085988225274449,0.41668395864172,0.29367475123805786,0.4213181115194229,64.17467413500071
amac,aubin_1_10_1,46,7,natural,10738,4904,2.584950041471177,1.60777798264287,-3.346048489645171,0.4126271964186726,0.2903242317252086,0.43048788658416426,65.93852776999938
amac,aubin_1_10_1,46,8,natural,12061,4904,4.287715741282906,2.0706800190475847,-6.208890006564633,0.4191523239471216,0.2958411725116442,0.442072810244839,74.69342851100009
amac,aubin_1_10_1,46,9,natural,13385,4904,5.421984786538702,2.328515575756087,-8.11592425941218,0.4334702475366165,0.30662382392266113,0.4479955882789764,85.09693417000017
amac,aubin_1_10_1,46,10,natural,14709,4904,0.8141060754090468,0.9022782693875803,-0.368747721495142,-0.4544699035010575,-0.32317991699252546,-0.4770135496021943,95.70108744899971
amac,aubin_linear,46,0,natural,1471,4904,4.242507030327238,2.0597346990152006,-6.13288109079624,0.28931851205389364,0.2031359325098675,0.31396737681423253,38.72319703549147
amac,aubin_linear,46,1,natural,2795,4904,22.944106054095844,4.790000631951508,-37.57567684592861,0.33272648757110174,0.2315234905475902,0.36776294313384594,31.339623358100653
amac,aubin_linear,46,2,natural,4119,4904,20.163208143168973,4.490346105053481,-32.900183327004484,0.3792642166393634,0.2678136303990423,0.40493587042228585,38.10032340977341
amac,aubin_linear,46,3,natural,5442,4904,16.357453340014246,4.044434860399441,-26.501609022335515,0.4084733900471237,0.289689430795451,0.4300569189751887,44.37101623695344
amac,aubin_linear,46,4,natural,6766,4904,18.73427053080367,4.328310355185227,-30.49772600582432,0.4200098733082303,0.2982099364502949,0.44240189496934196,54.37929467018694
amac,aubin_linear,46,5,natural,8090,4904,20.271621521797755,4.502401750376987,-33.08245756553437,0.43018694158004694,0.30591997323573716,0.44693766954317343,60.91124082170427
amac,aubin_linear,46,6,natural,9414,4904,21.467274775454175,4.633279052189084,-35.092696422698275,0.43923403947722023,0.31235494954893167,0.45503775563395793,65.47549620456994
amac,aubin_linear,46,7,natural,10738,4904,19.807465571136166,4.450557894369667,-32.302077196100015,0.43899737270814493,0.31164723171028097,0.45844247085621737,77.98950527142733
amac,aubin_linear,46,8,natural,12061,4904,15.637267790935127,3.9543985371905963,-25.290768863870316,0.43286721048147125,0.3048735861077652,0.46037473226755854,83.73812060710043
amac,aubin_linear,46,9,natural,13385,4904,17.644595467872296,4.200547043882772,-28.665667132159733,0.43631239868608174,0.3085605612730788,0.4618429837620599,89.59856102708727
amac,aubin_linear,46,10,natural,14709,4904,17.250121267687586,4.153326530347401,-28.00244193460774,0.4491020253193276,0.31921776413093544,0.4701690312710486,85.7555803898722
amac,mlp_small,46,0,natural,1471,4904,7.283260681685657,2.698751689519741,-11.245267249852557,0.3191657517412213,0.2246756600839517,0.36294352561694176,37.5176226105541
amac,mlp_small,46,1,natural,2795,4904,17.720556140377653,4.209579093018404,-28.793378987599095,0.33843495002482255,0.2366733039593675,0.3386310007977317,38.6522112833336
amac,mlp_small,46,2,natural,4119,4904,10.822579993441511,3.289768987853328,-17.19588645039777,0.3422202426853319,0.2405449841463013,0.35561065901216904,57.934075825847685
amac,mlp_small,46,3,natural,5442,4904,12.321783951479812,3.510239870931873,-19.716481817027823,0.3723094216036684,0.26356052182815015,0.3591851555508551,69.98406646307558
amac,mlp_small,46,4,natural,6766,4904,14.620671147381868,3.8236986214111943,-23.58157594469944,0.3509336165442341,0.24809861735828243,0.3482605516235151,109.52269310690463
amac,mlp_small,46,5,natural,8090,4904,14.443924002678825,3.80051628107009,-23.28441288585418,0.3726248449507445,0.26274266796818835,0.3322222534005918,104.62518000882119
amac,mlp_small,46,6,natural,9414,4904,9.753468998962664,3.1230544341978197,-15.398401722153878,0.2978171029888305,0.2098040589002885,0.30168518380930565,113.92346098367125
amac,mlp_small,46,7,natural,10738,4904,11.119032084962997,3.3345212677328955,-17.694308138994828,0.3807884254445517,0.2698443353492167,0.37313226030172253,105.31005904823542
amac,mlp_small,46,8,natural,12061,4904,9.542306560279384,3.0890624079612543,-15.043376602524503,0.3100464250442715,0.21888331086779306,0.3045372370835252,112.18275233823806
amac,mlp_small,46,9,natural,13385,4904,11.524342233817102,3.394752160882603,-18.375751699607207,0.3138365120217079,0.22239960922863317,0.2804798161512171,124.56723833549768
amac,mlp_small,46,10,natural,14709,4904,10.481747488002314,3.237552700420846,-16.62284845286534,0.27532135995685153,0.19411673518429529,0.24597793986015493,136.04319645371288
amac,CNN_Jannis_OHE,46,0,natural,1471,4904,0.5978009779374539,0.7731759036192566,-0.005076305379903223,0.01920344506160486,0.013140881298488536,0.03073110842729026,52.83594567794353
amac,CNN_Jannis_OHE,46,1,natural,2795,4904,1.2107650158068146,1.1003476795117144,-1.0356460990896457,-0.1977997607618091,-0.1388195176464202,-0.24757027351251742,166.9351878380403
amac,CNN_Jannis_OHE,46,2,natural,4119,4904,1.2448240070609735,1.115716813112079,-1.0929091119619296,-0.160597598961258,-0.11261249725955023,-0.2179033171126597,195.97983630467206
amac,CNN_Jannis_OHE,46,3,natural,5442,4904,1.2099767265340193,1.0999894211009573,-1.0343207568785884,-0.3006752924333518,-0.21063442303949184,-0.35069272166686927,268.3481263425201
amac,CNN_Jannis_OHE,46,4,natural,6766,4904,1.1963429865212294,1.0937746507033472,-1.0113984975543509,-0.26384518761665227,-0.18239965056879132,-0.28651200504989005,318.8231710838154
amac,CNN_Jannis_OHE,46,5,natural,8090,4904,1.252370381906074,1.1190935536880169,-1.1055967502031625,-0.13882695841210774,-0.09387216860523867,-0.14923621972497111,369.6592431133613
amac,CNN_Jannis_OHE,46,6,natural,9414,4904,1.203763355460574,1.0971614992609675,-1.0238742834318586,-0.3739710769709217,-0.26137296716744485,-0.36747547150248283,420.2822907362133
amac,CNN_Jannis_OHE,46,7,natural,10738,4904,1.2165906533186879,1.1029916832500088,-1.0454406803014695,0.04022327339729033,0.028218165281806273,8.739925824888771e-05,470.72063113655895
amac,CNN_Jannis_OHE,46,8,natural,12061,4904,1.2604266859093565,1.1226872609544283,-1.1191417268115535,0.2285737037418332,0.15842819460825344,0.2087000220134823,356.35261261835694
amac,CNN_Jannis_OHE,46,9,natural,13385,4904,1.1922861894347463,1.0919185818708033,-1.0045778485794594,0.08587396535156898,0.0588806635553938,0.0780413202607633,571.6863351324573
amac,CNN_Jannis_OHE,46,10,natural,14709,4904,1.2565228337037275,1.1209472930087871,-1.1125782224072616,0.04536990935798362,0.032217116743552134,0.009377554534203508,487.03775457665324
pplu,aubin_1_10_1,42,0,natural,1471,4904,0.6326278466270803,0.7953790584539426,-0.06363034226236364,0.2681658445335977,0.18741216325373464,0.2870950748046472,18.629606157541275
pplu,aubin_1_10_1,42,1,natural,2795,4904,0.623176174079686,0.7894150835141712,-0.047739347643432906,0.28501182322522145,0.2000522357625822,0.29622312716806054,4.6965968534350395
pplu,aubin_1_10_1,42,2,natural,4119,4904,0.6772791442623189,0.8229697104160754,-0.13870208505623305,0.2493714868766544,0.17402197352525478,0.2632298296347442,4.9258084781467915
pplu,aubin_1_10_1,42,3,natural,5442,4904,1.0726431868881499,1.035684887834205,-0.8034233650605767,0.1755738722830189,0.12269785859252796,0.25763282979636254,10.034004564397037
pplu,aubin_1_10_1,42,4,natural,6766,4904,0.5993861046399298,0.7742003000773958,-0.007741361725545737,0.17566411370513543,0.12316450322463582,0.25508057285793395,12.648870860226452
pplu,aubin_1_10_1,42,5,natural,8090,4904,1.2567870582087743,1.1210651444982018,-1.113022460203994,0.17733090620661546,0.12420909539917506,0.2710988809069156,14.391732485033572
pplu,aubin_1_10_1,42,6,natural,9414,4904,2.6539514880058857,1.6290952973984933,-3.462059873882535,0.1839235800953304,0.12930600551246785,0.27035970085079675,15.19129291549325
pplu,aubin_1_10_1,42,7,natural,10738,4904,1.225866560822721,1.1071885841277092,-1.061036163057898,-0.15222695306335227,-0.10648398176340013,-0.24180250449324825,17.451126254163682
pplu,aubin_1_10_1,42,8,natural,12061,4904,3.6041457824927483,1.898458791360178,-5.059611243221112,0.1738886473474721,0.12283417413605915,0.22930013120642745,19.187775661237538
pplu,aubin_1_10_1,42,9,natural,13385,4904,1.9458808550087991,1.3949483341718427,-2.2715883925274474,0.1776371614675624,0.1248948718280106,0.24693925973940595,21.320651181973517
pplu,aubin_1_10_1,42,10,natural,14709,4904,0.7083962732466901,0.8416628025799228,-0.1910189767775341,-0.16196526086092636,-0.11355484484627186,-0.2489753820848714,22.297109784558415
pplu,aubin_linear,42,0,natural,1471,4904,3.742994415557232,1.9346819933925141,-5.293055945183614,0.20696799194666057,0.14492243034327695,0.2511301021868505,37.59077937249094
pplu,aubin_linear,42,1,natural,2795,4904,14.875402162862402,3.8568642914759654,-24.009852440312056,0.18340616971059034,0.12921877179692748,0.24958336682628737,27.291556644253433
pplu,aubin_linear,42,2,natural,4119,4904,22.452455588164124,4.738402218909252,-36.749070245949675,0.17240687513753977,0.1205331477752682,0.25748574680587855,33.835848757997155
pplu,aubin_linear,42,3,natural,5442,4904,16.401902697261118,4.049926258249787,-26.576341244943002,0.2151088852234213,0.15180569492594218,0.27808860680656866,39.88546969089657
pplu,aubin_linear,42,4,natural,6766,4904,27.891224485457904,5.281214300277721,-45.893213448872125,0.20265196690055315,0.14300137834748905,0.26800103557529253,45.437334125861526
pplu,aubin_linear,42,5,natural,8090,4904,24.50230775083626,4.949980580854461,-40.19546447123492,0.2074830277354485,0.14602668190511356,0.2753946601715244,51.631923901848495
pplu,aubin_linear,42,6,natural,9414,4904,36.153757069344074,6.012799436979757,-59.78491993477594,0.19892552848767384,0.14004541072543397,0.2650964952363124,58.66339399293065
pplu,aubin_linear,42,7,natural,10738,4904,31.03309748025474,5.570735811385668,-51.1756104641438,0.20247395592247622,0.14326182262309942,0.2724575311580505,63.30809016060084
pplu,aubin_linear,42,8,natural,12061,4904,19.197424565643303,4.381486570291332,-31.27642186504574,0.20044423628998143,0.14269207206729762,0.2779288245370921,70.81679405923933
pplu,aubin_linear,42,9,natural,13385,4904,32.00517802369634,5.657311907937933,-52.80995894665195,0.19193594798851382,0.13617226069322252,0.27291289535963326,77.86854559183121
pplu,aubin_linear,42,10,natural,14709,4904,35.77579072504347,5.981286711489717,-59.14944921641365,0.19239860762256805,0.13620243591810388,0.2781806736941425,85.07393124513328
pplu,mlp_small,42,0,natural,1471,4904,3.0497513571240376,1.7463537319581155,-4.127513904245033,0.2193551175153464,0.1534760366846068,0.27597375262370805,57.94823947900022
pplu,mlp_small,42,1,natural,2795,4904,10.185744621455994,3.1915113381368387,-16.12518204135043,0.1727215080617009,0.11961543726108295,0.2282481698538823,38.83719829899928
pplu,mlp_small,42,2,natural,4119,4904,11.96158845933339,3.4585529429710036,-19.110889039796035,0.1610698789847845,0.11255656703820183,0.14906106199707603,68.77434096900015
pplu,mlp_small,42,3,natural,5442,4904,12.488714078966378,3.53393747524859,-19.997139631221543,0.17226266607841859,0.11934009143813991,0.14749862939084626,91.79138126700036
pplu,mlp_small,42,4,natural,6766,4904,14.666194674880497,3.8296468081117476,-23.65811415810961,0.021292876232416734,0.013946214227837126,0.02873321541998638,107.46395159900021
pplu,mlp_small,42,5,natural,8090,4904,16.40888165820431,4.050787782420144,-26.588074896340462,0.06560126939713562,0.04502084707763335,0.06721447907639791,118.44033850600044
pplu,mlp_small,42,6,natural,9414,4904,13.323912269121806,3.650193456396771,-21.401349296648398,0.18101782382232415,0.12605375212687006,0.1904027103570285,140.34954150399972
pplu,mlp_small,42,7,natural,10738,4904,16.14425150433305,4.017990978627633,-26.143155086636042,0.23116468019928554,0.16232339473850996,0.29416556729311777,113.73449746299957
pplu,mlp_small,42,8,natural,12061,4904,14.62644965540328,3.8244541643747385,-23.591291287609728,-0.02019855469453474,-0.01447919847300466,-0.03058545035665454,112.75684108899986
pplu,mlp_small,42,9,natural,13385,4904,14.43796319826892,3.799731990321017,-23.274391050001604,0.053839320654989725,0.03783222343965562,0.053120426512134666,136.48396187800063
pplu,mlp_small,42,10,natural,14709,4904,13.322340475484657,3.6499781472612485,-21.39870665704099,0.04682567892001548,0.03273355689841662,0.050640836865799316,161.0694835710001
pplu,CNN_Jannis_OHE,42,0,natural,1471,4904,1.3736223278526642,1.1720163513589152,-1.3094563328231046,0.08244335808504845,0.057779073083474373,0.07334071125817644,133.58620183169842
pplu,CNN_Jannis_OHE,42,1,natural,2795,4904,1.346653440950125,1.1604539805395666,-1.2641138355563157,-0.09402423138657404,-0.06396294087998144,-0.11876469083676014,129.00488317292184
pplu,CNN_Jannis_OHE,42,2,natural,4119,4904,1.3110959734199303,1.1450309923403517,-1.2043314507612664,0.12343861980502599,0.08596529178331878,0.14359420381599144,124.49330733437091
pplu,CNN_Jannis_OHE,42,3,natural,5442,4904,1.2731512611844822,1.1283400467875286,-1.1405354173156699,0.11939327749613567,0.08311293300234157,0.10990466875058504,269.4832671908662
pplu,CNN_Jannis_OHE,42,4,natural,6766,4904,1.2703594107336842,1.127102218405094,-1.1358415094101613,0.0440653104282312,0.030881929176990584,0.05403088693112415,320.0763803785667
pplu,CNN_Jannis_OHE,42,5,natural,8090,4904,1.2611444766143716,1.1230068907243498,-1.120348540544649,0.10042914240475688,0.06994757050909549,0.11735125336388161,371.0502128219232
pplu,CNN_Jannis_OHE,42,6,natural,9414,4904,1.2866616339100085,1.1343110833937966,-1.163250260556857,-0.04169597597872261,-0.03155315977295964,-0.08875954053130974,421.65604787599295
pplu,CNN_Jannis_OHE,42,7,natural,10738,4904,1.269031185283674,1.126512842928865,-1.1336083783560542,-0.08940244564133695,-0.06191455405440609,-0.1177183276343089,449.41996424645185
pplu,CNN_Jannis_OHE,42,8,natural,12061,4904,1.2525066130318827,1.1191544187608262,-1.1058257941185436,-0.11327511472145019,-0.07992989746233797,-0.12542726747787195,524.9884315375239
pplu,CNN_Jannis_OHE,42,9,natural,13385,4904,1.3041319383939616,1.141985962432972,-1.192622894146678,-0.06610432529280874,-0.045411864049316804,-0.08161511682770486,517.2686342559755
pplu,CNN_Jannis_OHE,42,10,natural,14709,4904,1.2403384337055694,1.1137048234184719,-1.0853675660930775,0.13379891253951146,0.09241832681330284,0.14384162963844183,509.8434208650142
pplu,aubin_1_10_1,43,0,natural,1471,4904,0.7728178627787654,0.87910059878194,-0.29933029707178327,0.15946854468121277,0.11211244632376464,0.2200429450713337,41.423906286247075
pplu,aubin_1_10_1,43,1,natural,2795,4904,0.5794637057223563,0.7612251347153195,0.025753951660298924,0.15968548602613183,0.11154383448852717,0.24498638619370672,32.35893817618489
pplu,aubin_1_10_1,43,2,natural,4119,4904,1.3562484019439247,1.1645807837775466,-1.2802457394872615,0.139767264196061,0.09778242366416558,0.23177699881079472,39.0361293097958
pplu,aubin_1_10_1,43,3,natural,5442,4904,1.5982420659164327,1.2642159886334425,-1.6871070640538495,0.16789903382835453,0.11680886684872119,0.25994285706354786,47.324536982923746
pplu,aubin_1_10_1,43,4,natural,6766,4904,0.8028329933113447,0.8960094828244536,-0.34979441073928674,0.17131127518928438,0.11937576832275379,0.27550726369081546,56.233994821086526
pplu,aubin_1_10_1,43,5,natural,8090,4904,2.5301716120160664,1.590651316918974,-3.2539501098780237,0.17540973883563638,0.12234169392449032,0.2347373213817341,61.0623405855149
pplu,aubin_1_10_1,43,6,natural,9414,4904,3.0868886312962966,1.7569543623259816,-4.189952400825813,0.16707492638170834,0.115787875354282,0.24265424992984744,86.2484964095056
pplu,aubin_1_10_1,43,7,natural,10738,4904,3.333890037660693,1.8258943117444375,-4.60523318840315,0.17991523972608697,0.1258796901498174,0.2424335432872398,75.44833091739565
pplu,aubin_1_10_1,43,8,natural,12061,4904,0.7430082757395421,0.8619792780221239,-0.24921176145202728,-0.16451649670424398,-0.116106321469115,-0.24911724339570526,84.3148248186335
pplu,aubin_1_10_1,43,9,natural,13385,4904,1.2368263810951574,1.112126962668902,-1.0794627901019913,-0.16865234689535977,-0.11963399472141234,-0.2455525338041305,87.97644533123821
pplu,aubin_1_10_1,43,10,natural,14709,4904,0.7463330248881962,0.8639056805509477,-0.25480162616281055,-0.17388828430890851,-0.12333823085227565,-0.26033344620043275,84.33809262700379
pplu,aubin_linear,43,0,natural,1471,4904,4.0045784994013385,2.0011442974961446,-5.732854430363959,0.19303674639210794,0.13520331169623123,0.2344373892106132,26.22624136414379
pplu,aubin_linear,43,1,natural,2795,4904,13.739373962129736,3.706666151965906,-22.099860538426558,0.16773723171919527,0.1190604089865327,0.24543757100426344,16.119133012369275
pplu,aubin_linear,43,2,natural,4119,4904,14.28397985791951,3.779415279897078,-23.015500528707353,0.20030013689296738,0.14228951032742107,0.2702710473244765,25.21758475713432
pplu,aubin_linear,43,3,natural,5442,4904,17.852662657504467,4.225241136018685,-29.01548824310506,0.20849323756365942,0.14863778069586656,0.27965432350169817,32.41370154451579
pplu,aubin_linear,43,4,natural,6766,4904,22.03299379411193,4.69393159239799,-36.04383367763795,0.2076969141456331,0.14653082467471146,0.27572164981685765,38.265319424681365
pplu,aubin_linear,43,5,natural,8090,4904,28.978394397347557,5.383158403516244,-47.7210604392405,0.223994478387635,0.15810434306638588,0.2734824088929186,52.49005601275712
pplu,aubin_linear,43,6,natural,9414,4904,34.889393868907696,5.9067244619084525,-57.659159788753136,0.21038907519903705,0.1483406460712744,0.2670889515293224,55.00015620328486
pplu,aubin_linear,43,7,natural,10738,4904,42.64837452336873,6.530572296772216,-70.7042498730918,0.18459576914405457,0.12996344812905983,0.2591813146384341,52.232548179104924
pplu,aubin_linear,43,8,natural,12061,4904,44.72289725494646,6.687518019037142,-74.1921224585042,0.19112391444897187,0.1346988161325329,0.27167903970729734,54.84528998937458
pplu,aubin_linear,43,9,natural,13385,4904,45.31587162943197,6.731706442606656,-75.18908384780994,0.18927092381036292,0.13307491595712814,0.26673191492787074,81.49005657155067
pplu,aubin_linear,43,10,natural,14709,4904,44.92205607132064,6.7023918172038135,-74.52696601803773,0.1890838656770014,0.13413389900051167,0.2647856104422962,60.72180529125035
pplu,mlp_small,43,0,natural,1471,4904,5.013100951234475,2.238995522825911,-7.4284722985019815,0.17115036087233873,0.11931548901399525,0.23774533169870796,49.934223166666925
pplu,mlp_small,43,1,natural,2795,4904,13.150320900802951,3.626337119022851,-21.10949201043631,0.06508730829292471,0.04617615566923613,0.04975229107572543,48.986959596164525
pplu,mlp_small,43,2,natural,4119,4904,11.892662967631628,3.4485740484483767,-18.995005357596124,0.186623302749308,0.13082873672524276,0.18834432917512667,62.55317203141749
pplu,mlp_small,43,3,natural,5442,4904,7.4675776421306015,2.7326868906134494,-11.555157357864795,0.20244217590619515,0.14129825314505717,0.2556655228925369,51.07069118693471
pplu,mlp_small,43,4,natural,6766,4904,18.167595643351532,4.262346260377203,-29.54498165904013,0.22089209532560758,0.15599056397431194,0.2356851554641623,93.53521042130888
pplu,mlp_small,43,5,natural,8090,4904,13.551169736036359,3.6811913473814912,-21.78343481280888,-0.038385516487231194,-0.026721416735032765,-0.04341186802213087,108.262417152524
pplu,mlp_small,43,6,natural,9414,4904,13.400333549617494,3.6606466026670064,-21.52983556730994,0.044476531227033045,0.031661326200904304,0.04673106707483389,124.67944156937301
pplu,mlp_small,43,7,natural,10738,4904,15.085984209335846,3.8840679975170165,-24.363901752809188,0.09434732509219504,0.06507198984982641,0.10965765998293271,128.40332866366953
pplu,mlp_small,43,8,natural,12061,4904,14.06133073055603,3.749844094166587,-22.641162963889986,0.0604998565819654,0.0418800060465683,0.05643641602156981,117.49878362100571
pplu,mlp_small,43,9,natural,13385,4904,13.950971700862503,3.7350999586172393,-22.455617523311453,0.18938110560055732,0.1323932846609538,0.22881314374985917,128.59900229424238
pplu,mlp_small,43,10,natural,14709,4904,14.416680682899669,3.7969304290307546,-23.238608987566174,-0.016318869137720793,-0.011471804334246726,-0.011064541636655796,141.2214506333694
pplu,CNN_Jannis_OHE,43,0,natural,1471,4904,1.3015087131701915,1.1408368477438795,-1.1882124940078507,-0.030336586548538092,-0.021828818827816773,-0.03526481867376918,130.08249580767006
pplu,CNN_Jannis_OHE,43,1,natural,2795,4904,1.299852070117852,1.1401105517088472,-1.1854271979982598,-0.010612944115528223,-0.006858572329303518,-0.0337850315157633,167.50158501509577
pplu,CNN_Jannis_OHE,43,2,natural,4119,4904,1.2534079691482578,1.1195570414892926,-1.1073412343883193,0.023292343676402677,0.016465763799603045,0.030190847286294557,218.1524465251714
pplu,CNN_Jannis_OHE,43,3,natural,5442,4904,1.2426726978479237,1.1147523033606719,-1.0892921390974122,0.0089177493107558,0.006362262444417942,-0.00607169760763214,210.76827724371105
pplu,CNN_Jannis_OHE,43,4,natural,6766,4904,1.263662035758618,1.1241272329049847,-1.1245812854491568,0.03484371984969089,0.02305982033859311,0.06235900239559867,223.8072109380737
pplu,CNN_Jannis_OHE,43,5,natural,8090,4904,1.2567205320045685,1.1210354731249892,-1.1129106104178579,-0.014824758492411605,-0.010105058902156327,-0.016215887615373813,370.23003145493567
pplu,CNN_Jannis_OHE,43,6,natural,9414,4904,1.2688668649486108,1.1264399073845932,-1.1333321083575778,-0.04495212668066305,-0.031761483459141704,-0.06791641963089964,358.0283953770995
pplu,CNN_Jannis_OHE,43,7,natural,10738,4904,1.2482193137896116,1.1172373578562487,-1.0986176043672535,0.09163815105595462,0.06386537599834645,0.08155301824129602,471.11444614175707
pplu,CNN_Jannis_OHE,43,8,natural,12061,4904,1.2606782789811186,1.1227993048542195,-1.1195647275164013,0.033820277082377406,0.023663016591364466,0.02211508949031109,487.0483922054991
pplu,CNN_Jannis_OHE,43,9,natural,13385,4904,1.2279086551071987,1.1081103984293257,-1.0644695140466522,0.03233455932662154,0.023214896178622282,0.0030471829627273734,458.3350884290412
pplu,CNN_Jannis_OHE,43,10,natural,14709,4904,1.2731780251342433,1.1283519066028307,-1.140580415254342,-0.09183927468472947,-0.06448645310904862,-0.10124312593678962,446.75528854783624
pplu,aubin_1_10_1,44,0,natural,1471,4904,0.6041325268806234,0.7772596264316212,-0.015721469998216442,0.22761563539445623,0.15897060198352886,0.24265131293785355,41.37235174499983
pplu,aubin_1_10_1,44,1,natural,2795,4904,0.6422575107538969,0.8014097021835317,-0.0798205921947468,0.21821117747902366,0.15127309425621485,0.23538501274557427,26.08391703399957
pplu,aubin_1_10_1,44,2,natural,4119,4904,0.7448313650950357,0.8630361319753859,-0.2522769018272053,0.2773835296652657,0.19539084305475352,0.3235772997510727,31.886806019999312
pplu,aubin_1_10_1,44,3,natural,5442,4904,1.4346559141417317,1.1977712277984187,-1.4120714399832663,0.18327831627127647,0.12778942023324216,0.26927617880150945,43.93593683899962
pplu,aubin_1_10_1,44,4,natural,6766,4904,0.9478991675756715,0.9736011337173306,-0.5936925973368361,0.19149410776103185,0.13430681837482092,0.27313096444434704,53.75678011400032
pplu,aubin_1_10_1,44,5,natural,8090,4904,1.789673954763397,1.3377869616509936,-2.008959424078483,0.19661322028009012,0.13711131494805956,0.2794646901900475,56.7086181679997
pplu,aubin_1_10_1,44,6,natural,9414,4904,1.282631954505393,1.1325334231294868,-1.1564752042465938,0.20358814713032822,0.14295893800792117,0.2985991449170804,62.93885318499997
pplu,aubin_1_10_1,44,7,natural,10738,4904,1.8081160357203874,1.3446620526066717,-2.0399658949205364,0.1861488221965372,0.13043073882295578,0.1338428325229126,71.02372985400052
pplu,aubin_1_10_1,44,8,natural,12061,4904,0.8005678291379851,0.894744560831741,-0.3459860147639333,-0.18185605302885238,-0.12781416271825105,-0.2566441468446613,72.46450527599973
pplu,aubin_1_10_1,44,9,natural,13385,4904,0.8117735130085734,0.9009847462685333,-0.3648260096109883,-0.19696093276385573,-0.138482388088825,-0.24588602885172714,89.40652454199972
pplu,aubin_1_10_1,44,10,natural,14709,4904,0.849882515727096,0.9218907287347542,-0.428898262865236,-0.18881047980432586,-0.13251435340716633,-0.2476237749206312,87.31949561199963
pplu,aubin_linear,44,0,natural,1471,4904,2.307275300456,1.5189717905399034,-2.879196956949861,0.19851495723429557,0.1383280205503519,0.2578859082322512,40.44981815945357
pplu,aubin_linear,44,1,natural,2795,4904,8.029623901635297,2.8336591011685397,-12.500119642644925,0.1575444560781876,0.1100080662915597,0.24109788542288157,31.680361818522215
pplu,aubin_linear,44,2,natural,4119,4904,13.63503498239931,3.6925648244004208,-21.924436542607104,0.2041191542515346,0.14355886328980919,0.275746981674021,38.84355767816305
pplu,aubin_linear,44,3,natural,5442,4904,15.880836415586428,3.9850767138897627,-25.700278152757104,0.23019413587575033,0.16126269240368668,0.2929690347438417,45.934977093711495
pplu,aubin_linear,44,4,natural,6766,4904,26.995759880490915,5.195744400996927,-44.38767851337581,0.20289150065373807,0.14354521043077395,0.27207474304653534,54.60381093900651
pplu,aubin_linear,44,5,natural,8090,4904,31.535968604188817,5.61568950389788,-52.021082234815246,0.21054017056229996,0.1473902494933358,0.2790621121874425,62.60814519319683
pplu,aubin_linear,44,6,natural,9414,4904,29.334101109585184,5.4160964826695235,-48.31910627945997,0.19947783229662025,0.14081396096047355,0.2707537902578895,67.77659215871245
pplu,aubin_linear,44,7,natural,10738,4904,35.80612256660542,5.9838217358645815,-59.20044581290239,0.1959151684741434,0.13952450443325398,0.2679418441321808,76.5455437283963
pplu,aubin_linear,44,8,natural,12061,4904,30.06216004664469,5.4828970487001385,-49.54318387980667,0.23432932260272413,0.16682968747784807,0.2842296452711451,81.54576467443258
pplu,aubin_linear,44,9,natural,13385,4904,35.10744785164842,5.925153825146519,-58.025771586717354,0.22082853541824807,0.1562547315652751,0.2786515544472923,88.25421519763768
pplu,aubin_linear,44,10,natural,14709,4904,35.71133896299911,5.97589649868529,-59.04108716740149,0.2043038926537057,0.1447350325632447,0.2675995241796738,86.15744254179299
pplu,mlp_small,44,0,natural,1471,4904,6.116201085095906,2.4730954460141454,-9.283102598423511,0.18417155532748863,0.12834834058869873,0.2520407215055398,55.380527002736926
pplu,mlp_small,44,1,natural,2795,4904,13.125066362678933,3.6228533454556135,-21.06703182919114,0.08944431391045575,0.062365254937298664,0.06948002170013168,41.627391689457
pplu,mlp_small,44,2,natural,4119,4904,15.502129288805607,3.9372743476681435,-25.06356196483924,0.09922944241486863,0.06803783882442062,0.08272712931330363,55.802356037311256
pplu,mlp_small,44,3,natural,5442,4904,13.144484389676412,3.625532290530097,-21.099679147533998,0.2438982074063752,0.17215511353878435,0.24867064430284067,71.21552758850157
pplu,mlp_small,44,4,natural,6766,4904,13.604513995801481,3.6884297466268054,-21.873121938619445,0.17412731431814107,0.12104090158696656,0.17616622627239112,83.22739335522056
pplu,mlp_small,44,5,natural,8090,4904,12.977158629264729,3.6023823546737415,-20.81835615999105,0.060325509858902844,0.041652280947743675,0.06300043582204076,123.39513242524117
pplu,mlp_small,44,6,natural,9414,4904,14.276971880657792,3.778488041619001,-23.003718092488032,0.04658332254158889,0.033118452475248535,0.04365898667420438,105.8606705730781
pplu,mlp_small,44,7,natural,10738,4904,16.381592774069123,4.047418037968048,-26.54219439119447,0.11124009298893932,0.07840848557253721,0.12350696200746615,103.62932378891855
pplu,mlp_small,44,8,natural,12061,4904,12.973605747318546,3.6018891914269857,-20.812382738080235,-0.05121840443507437,-0.03524139355313682,-0.04902251732382344,97.50610340293497
pplu,mlp_small,44,9,natural,13385,4904,14.659560188937697,3.8287805093707967,-23.646959668796974,0.01465272936460651,0.00999774256779944,0.0027719951783562874,109.71491415053606
pplu,mlp_small,44,10,natural,14709,4904,13.264688345023204,3.6420719851512002,-21.301776754916375,0.016905775798989647,0.011651906669277717,0.019659615117232125,119.57514066249132
pplu,CNN_Jannis_OHE,44,0,natural,1471,4904,1.3309836453689836,1.1536826449977409,-1.2377683780713,0.03513146716499944,0.025125326382914467,0.04321157116964562,125.67015253845602
pplu,CNN_Jannis_OHE,44,1,natural,2795,4904,1.3734521076288873,1.1719437305727982,-1.3091701434056748,-0.0030869266741429856,-0.0016295332885818004,-0.004946281818115074,141.88438433781266
pplu,CNN_Jannis_OHE,44,2,natural,4119,4904,1.3424810078439493,1.1586548268763865,-1.2570987689947506,-0.15570987415885942,-0.10908852539910456,-0.1461808711074158,160.24224982596934
pplu,CNN_Jannis_OHE,44,3,natural,5442,4904,1.2925714597865416,1.1369131276340079,-1.1731863867537693,-0.048272400062523084,-0.03410355878358666,-0.07543425448157214,268.17138380464166
pplu,CNN_Jannis_OHE,44,4,natural,6766,4904,1.2857001421942111,1.1338871823043999,-1.1616337149555078,-0.08493837424710887,-0.059347420012358966,-0.0926186173931423,265.67978021502495
pplu,CNN_Jannis_OHE,44,5,natural,8090,4904,1.259866583555143,1.1224377860510324,-1.1182000327936725,0.018720431747870532,0.012758167109660773,0.02743320579289818,369.4033100269735
pplu,CNN_Jannis_OHE,44,6,natural,9414,4904,1.2495747057602742,1.11784377520308,-1.1008964101981094,0.07561090031074064,0.0510914065538125,0.11378663027571911,420.02243461832404
pplu,CNN_Jannis_OHE,44,7,natural,10738,4904,1.2860306708165286,1.1340329231625195,-1.1621894291460184,-0.05761653252854475,-0.04036402381080995,-0.09862908401916737,251.56521737016737
pplu,CNN_Jannis_OHE,44,8,natural,12061,4904,1.3043058107010177,1.1420620870605143,-1.192915223772144,-0.04764810474670231,-0.03311396315823646,-0.034097390375248185,399.585043489933
pplu,CNN_Jannis_OHE,44,9,natural,13385,4904,1.293085625308721,1.1371392286385695,-1.1740508476738047,-0.06407155288071632,-0.044650856977675304,-0.0721656375723245,238.94683385454118
pplu,CNN_Jannis_OHE,44,10,natural,14709,4904,1.3131102634154768,1.1459102335765559,-1.2077180547003774,-0.01625622513370683,-0.011487025184233684,-0.028182410521961992,622.1532162819058
pplu,aubin_1_10_1,45,0,natural,1471,4904,0.598182723891508,0.7734227329808117,-0.0057181307151814575,0.2338486382388898,0.16221100213707776,0.25332635679216353,43.71438107099948
pplu,aubin_1_10_1,45,1,natural,2795,4904,0.6337607119203053,0.7960908942578764,-0.06553501640213555,0.27174544897138686,0.1897999470705116,0.2817817166704441,17.76365660099964
pplu,aubin_1_10_1,45,2,natural,4119,4904,0.6522092761452716,0.8075947474725622,-0.09655238749237305,0.16696042677402018,0.11683598827634213,0.26136817088758146,33.7397942839998
pplu,aubin_1_10_1,45,3,natural,5442,4904,0.8777901776801588,0.9369045723445685,-0.47581911245024666,0.18996157495834426,0.13347061343094727,0.2764019241943958,40.894368711000425
pplu,aubin_1_10_1,45,4,natural,6766,4904,1.7793637944122818,1.333927956979792,-1.991625063219245,0.18517370425068888,0.12860787173555577,0.11548798351302439,46.93880135699965
pplu,aubin_1_10_1,45,5,natural,8090,4904,1.0584089656126994,1.028790049335966,-0.7794915230973025,0.20157810441190788,0.14125682334284198,0.253036313433153,63.06205450200014
pplu,aubin_1_10_1,45,6,natural,9414,4904,1.4773283305806586,1.215453960699729,-1.4838161112684256,0.17506335124858663,0.12303643893952763,0.21077916158535384,69.36571913100033
pplu,aubin_1_10_1,45,7,natural,10738,4904,1.2219967515046684,1.1054396191129883,-1.0545298945915387,-0.17730462128349658,-0.12416997967294302,-0.24966445154690575,71.42214839999997
pplu,aubin_1_10_1,45,8,natural,12061,4904,1.115138072564288,1.056000981327332,-0.874869555798296,0.17959653664333647,0.12622087359883274,0.21724386820968927,86.8759299809999
pplu,aubin_1_10_1,45,9,natural,13385,4904,0.6877898810258308,0.8293309840020635,-0.15637367286383363,-0.16692970039530236,-0.11665864267504067,-0.23900937319429252,90.87083908299974
pplu,aubin_1_10_1,45,10,natural,14709,4904,1.2462589824150014,1.116359701178344,-1.0953217204727315,-0.1741839698430175,-0.12194572639429041,-0.23333815263523633,94.22883502700006
pplu,aubin_linear,45,0,natural,1471,4904,3.9933099193762644,1.9983267799277136,-5.713908688894021,0.21084389874814607,0.14795398992269118,0.25449693630745196,36.76445045135915
pplu,aubin_linear,45,1,natural,2795,4904,11.974385528968,3.460402509675428,-19.132404614281075,0.19568198094218026,0.1370094183008558,0.2598993634593987,26.475052221678197
pplu,aubin_linear,45,2,natural,4119,4904,17.52193220874095,4.185920712189966,-28.45943472397774,0.19039593930089738,0.1325292040774299,0.26272899885235496,37.84429925493896
pplu,aubin_linear,45,3,natural,5442,4904,21.00414912398128,4.583028379137672,-34.31404828412373,0.20046406051953003,0.14302958997718548,0.2715451823074842,38.59153890237212
pplu,aubin_linear,45,4,natural,6766,4904,22.91976657622629,4.787459302827157,-37.53475514557206,0.21004711070009496,0.14923207469707997,0.27486374998335183,46.869632619433105
pplu,aubin_linear,45,5,natural,8090,4904,22.60387422733299,4.754353187062672,-37.00364876294471,0.19918527850791887,0.1417439143417809,0.27443950754509,52.987879794090986
pplu,aubin_linear,45,6,natural,9414,4904,36.35523617605924,6.029530344567414,-60.123664573313015,0.21402353761816953,0.15080432662826007,0.273843287937951,58.895338642410934
pplu,aubin_linear,45,7,natural,10738,4904,44.758349692793736,6.690168136362026,-74.25172825803165,0.2287435957514417,0.16167593606274608,0.28316753530775707,62.85606867168099
pplu,aubin_linear,45,8,natural,12061,4904,39.43130391728335,6.279434999845396,-65.29542392893471,0.20981583621471872,0.14882111910274265,0.27859405750579574,69.32994083780795
pplu,aubin_linear,45,9,natural,13385,4904,35.951597283525565,5.995965083581255,-59.44503087783948,0.20651344594291893,0.14595312433516175,0.278429280083187,93.71184355765581
pplu,aubin_linear,45,10,natural,14709,4904,41.22744022839391,6.420859773300918,-68.31524844270218,0.20680876056531636,0.1461297099374943,0.2701899122355451,81.2872387394309
pplu,mlp_small,45,0,natural,1471,4904,4.558425624200659,2.1350469840733384,-6.664031598824238,0.16990105689516335,0.11831918867388846,0.25223385861835035,53.68907712586224
pplu,mlp_small,45,1,natural,2795,4904,13.927947104114075,3.732016493012065,-22.416906518333487,0.18675414654937786,0.13087336517338627,0.16514411430713005,53.21554774977267
pplu,mlp_small,45,2,natural,4119,4904,14.965762953232083,3.868560837473295,-24.161775057851614,0.1616306824443933,0.1124278807248899,0.1376055642678163,74.88718049228191
pplu,mlp_small,45,3,natural,5442,4904,13.875446874729253,3.7249760904909515,-22.328638451653916,0.14115746614864363,0.09774185387558383,0.1492470973185938,91.85760628897697
pplu,mlp_small,45,4,natural,6766,4904,17.1524870965517,4.141556120174119,-27.83829066081315,0.16683445416987402,0.11542866837204231,0.19481918823030792,105.80443109571934
pplu,mlp_small,45,5,natural,8090,4904,12.97918886296946,3.6026641340776493,-20.821769569915624,0.1258489090841258,0.08750518923744235,0.12767820752301787,122.56868231017143
pplu,mlp_small,45,6,natural,9414,4904,14.912609452045366,3.861684794496486,-24.072408652371525,0.06955086960557787,0.04874590757656624,0.05762513780092415,138.722009931691
pplu,mlp_small,45,7,natural,10738,4904,12.356856950689457,3.5152321332579812,-19.775449670486083,0.05648032896375172,0.038813962714566656,0.06408762428137724,115.35667965840548
pplu,mlp_small,45,8,natural,12061,4904,12.614527248692541,3.551693574717918,-20.20866794994861,0.04438514785689596,0.030568110703713586,0.052077722322361616,98.90985505189747
pplu,mlp_small,45,9,natural,13385,4904,14.070080967085316,3.75101065942038,-22.655874641733668,-0.0910408798551535,-0.06276796933601074,-0.10125319094471907,111.24058638513088
pplu,mlp_small,45,10,natural,14709,4904,14.225635090877471,3.7716886259177693,-22.917406104206428,-0.01169154303275382,-0.007945011341522944,-0.01028623368507809,116.50247354246676
pplu,CNN_Jannis_OHE,45,0,natural,1471,4904,1.4094743433570436,1.1872128466947465,-1.3697339379349094,-0.07220133128426573,-0.04995010435383664,-0.11497482686585767,44.871016717515886
pplu,CNN_Jannis_OHE,45,1,natural,2795,4904,1.3141108021598282,1.1463467198713608,-1.209400249647652,-0.16691026769186612,-0.11537550360971374,-0.2062579228134528,38.987233246676624
pplu,CNN_Jannis_OHE,45,2,natural,4119,4904,1.2729599795222264,1.1282552811851698,-1.1402138175299852,-0.03695826891495241,-0.02585058380913214,-0.03174875876978917,36.249361829832196
pplu,CNN_Jannis_OHE,45,3,natural,5442,4904,1.2907075483667996,1.136093107261372,-1.1700526126843909,-0.02074975191408918,-0.013679153577011978,-0.04770298983568335,56.303181123919785
pplu,CNN_Jannis_OHE,45,4,natural,6766,4904,1.2827742307839722,1.1325962346679297,-1.1567144118118122,-0.05049607425596689,-0.034845815119183214,-0.062610668675326,81.18254015501589
pplu,CNN_Jannis_OHE,45,5,natural,8090,4904,1.250364539496565,1.1181970038846307,-1.1022243490989028,-0.18465402667909947,-0.12845372674551425,-0.22031770103347642,94.6033383961767
pplu,CNN_Jannis_OHE,45,6,natural,9414,4904,1.2823361656653445,1.1324028283545324,-1.1559778976755104,0.03289610231406728,0.0229637611209257,0.028956556919959933,107.70674757100642
pplu,CNN_Jannis_OHE,45,7,natural,10738,4904,1.276500438649666,1.1298231891095465,-1.146166353090286,0.007509875555263862,0.0053367059844816244,0.014667169676710005,72.47394405398518
pplu,CNN_Jannis_OHE,45,8,natural,12061,4904,1.2835968530067368,1.1329593342246387,-1.15809747763956,-0.03077256666312219,-0.02212430147676757,-0.039678759813505965,133.57364417705685
pplu,CNN_Jannis_OHE,45,9,natural,13385,4904,1.3036828510050136,1.1417893198856843,-1.1918678483867429,0.0031654820912447148,0.0017380561015393607,-0.016244247259329176,95.53139798808843
pplu,CNN_Jannis_OHE,45,10,natural,14709,4904,1.2697258420749322,1.126821122483481,-1.1347762972906699,-0.008773330817537627,-0.00562273488413937,-0.033165732474929446,159.63392380811274
pplu,aubin_1_10_1,46,0,natural,1471,4904,0.5956168565233151,0.771762176141922,-0.0014041657173056166,0.19350327155091726,0.13481909482634583,0.2067845247759985,21.09896020963788
pplu,aubin_1_10_1,46,1,natural,2795,4904,0.6225223282639634,0.7890008417384378,-0.04664004375968567,0.22090280721462274,0.15400654146605525,0.2310412193846829,4.7246978133916855
pplu,aubin_1_10_1,46,2,natural,4119,4904,0.6098481437350256,0.7809277455277317,-0.025331074671012255,0.23028695387330006,0.16039940393574711,0.2437751498883442,5.44263971131295
pplu,aubin_1_10_1,46,3,natural,5442,4904,0.6159412858696278,0.7848192695580479,-0.03557540850587837,0.2332450987638395,0.16290213822450714,0.2683874229657448,10.071565533988178
pplu,aubin_1_10_1,46,4,natural,6766,4904,1.039692787998245,1.0196532685174138,-0.7480242165156497,0.1669778571517324,0.11691070702646499,0.2727626523928691,12.300594225525856
pplu,aubin_1_10_1,46,5,natural,8090,4904,1.5540459121971604,1.246613778279849,-1.612800549793152,0.1679805539015903,0.11740446173785493,0.19748210443200137,13.58374119270593
pplu,aubin_1_10_1,46,6,natural,9414,4904,1.4737145445661406,1.2139664511699408,-1.4777402920075788,0.18317079567467578,0.12809078728949497,0.2719380893476846,15.39384742360562
pplu,aubin_1_10_1,46,7,natural,10738,4904,1.3029465578780484,1.1414668448439702,-1.1906299267321478,0.3115006788717327,0.2191254864424428,0.30755462934778677,18.174753163009882
pplu,aubin_1_10_1,46,8,natural,12061,4904,0.9127826161697439,0.9553965753391331,-0.5346515200429713,-0.18252243370069732,-0.12955637304101186,-0.25557986916580777,20.94208929222077
pplu,aubin_1_10_1,46,9,natural,13385,4904,0.8239471882857694,0.9077153674394686,-0.38529347791910973,-0.18589706236471865,-0.13171010276288925,-0.2439506026990459,20.694030412472785
pplu,aubin_1_10_1,46,10,natural,14709,4904,1.2901611045905137,1.135852589287234,-1.1691338826855504,-0.19538602534980726,-0.1384888820304805,-0.22394285157670746,22.334599995985627
pplu,aubin_linear,46,0,natural,1471,4904,1.3869597060946135,1.177692534617849,-1.3318803223139266,0.1636977981204008,0.11378288869392986,0.22731752348320955,45.72827574983239
pplu,aubin_linear,46,1,natural,2795,4904,14.471730572604686,3.8041727842731703,-23.33116377050947,0.175943456356407,0.12419330824300442,0.24861974940852577,31.12775168195367
pplu,aubin_linear,46,2,natural,4119,4904,29.84047691085115,5.4626437656917695,-49.17047042614666,0.19296070242756427,0.13590835940122978,0.26386514310647474,42.215795608237386
pplu,aubin_linear,46,3,natural,5442,4904,22.847193906992487,4.779873837978623,-37.41273950331478,0.18455591452737244,0.13004588671393502,0.2596716721509479,50.08575233630836
pplu,aubin_linear,46,4,natural,6766,4904,22.854034616888466,4.78058935873899,-37.42424071472489,0.20682053114915316,0.14651617153235827,0.2732786158958127,44.830061006359756
pplu,aubin_linear,46,5,natural,8090,4904,28.720951016964012,5.359193131149876,-47.28822367391243,0.21563143139067414,0.15210653373150473,0.28020558255782346,59.778108983300626
pplu,aubin_linear,46,6,natural,9414,4904,29.80116570355279,5.459044394722651,-49.10437691936154,0.20782315281264144,0.146461418526755,0.2749898801715066,78.91093754023314
pplu,aubin_linear,46,7,natural,10738,4904,27.053012353808292,5.201251037376324,-44.48393647627549,0.21776924855351223,0.1536657197811072,0.28404232138607166,63.76866834145039
pplu,aubin_linear,46,8,natural,12061,4904,29.24363018814471,5.4077379918173465,-48.166998499744665,0.2200126823986,0.15540366511085515,0.2827038733420987,79.36968612205237
pplu,aubin_linear,46,9,natural,13385,4904,34.119046270167026,5.841151108314784,-56.36398271983646,0.2174854004415672,0.15406369712332438,0.28073573118698747,51.967385383322835
pplu,aubin_linear,46,10,natural,14709,4904,36.05698942152596,6.004747240436184,-59.62222553724435,0.22549329377395116,0.15947652925883032,0.2847053380075808,49.4950525322929
pplu,mlp_small,46,0,natural,1471,4904,4.687214030142268,2.1649974665440763,-6.880562149955424,0.18177186293970668,0.1263231419003708,0.2590771319466564,56.042636575999495
pplu,mlp_small,46,1,natural,2795,4904,14.976007360693483,3.869884670205752,-24.178998869089988,0.15539771517196954,0.10883249092854061,0.13422613606189004,47.427580654999474
pplu,mlp_small,46,2,natural,4119,4904,12.556634951426467,3.5435342458379693,-20.111334257978257,0.17137695007036996,0.12017727676712152,0.17381647638606984,66.43238556300003
pplu,mlp_small,46,3,natural,5442,4904,14.56518844977742,3.816436616764049,-23.488293486525507,0.006869614516507437,0.00508852507350025,0.0014869409167764204,81.82306400699963
pplu,mlp_small,46,4,natural,6766,4904,13.411492228691936,3.662170425948516,-21.548596533502664,0.08864543450273571,0.06144569726735297,0.08498221288183577,101.61947798700021
pplu,mlp_small,46,5,natural,8090,4904,14.740104233864436,3.839284338762165,-23.782377498614895,0.10216768495307944,0.07108562101889655,0.0940238829258945,123.31968105099986
pplu,mlp_small,46,6,natural,9414,4904,15.472189614903783,3.9334704288838607,-25.013224715587246,0.05261305347274424,0.03700183596814051,0.04738812228966703,136.49704124600066
pplu,mlp_small,46,7,natural,10738,4904,14.800675693522495,3.8471646304158202,-23.88421563727876,0.0011570789699068607,0.0012137879512862768,0.000359054620300166,126.76723805300026
pplu,mlp_small,46,8,natural,12061,4904,17.86411807818818,4.226596512347515,-29.034748117749434,0.06445183015276869,0.04523561424006209,0.08255634691693686,134.9867467920003
pplu,mlp_small,46,9,natural,13385,4904,14.294325827683105,3.7807837583870234,-23.032895095543697,0.0365769900785997,0.02535698355569916,0.047012734413843744,146.19891193500007
pplu,mlp_small,46,10,natural,14709,4904,13.86538590550307,3.7236253712615976,-22.311723053132354,-0.056194277758569576,-0.0378303696974986,-0.07078757821018168,177.81894810799986
pplu,CNN_Jannis_OHE,46,0,natural,1471,4904,1.3599929110081024,1.166187339584898,-1.2865413419947553,0.06330015750413948,0.045843909720986786,0.0629679464612018,45.12452592048794
pplu,CNN_Jannis_OHE,46,1,natural,2795,4904,1.390254666918983,1.179090610139434,-1.3374201042379288,-0.10756733657363451,-0.07524566602414194,-0.09403520598487866,33.690303024835885
pplu,CNN_Jannis_OHE,46,2,natural,4119,4904,1.304695183470541,1.1422325435175364,-1.193569871989613,-0.035871852365175275,-0.02474088771050921,-0.05003709521212374,35.37880516797304
pplu,CNN_Jannis_OHE,46,3,natural,5442,4904,1.3014227915466852,1.1407991898431051,-1.188068034913448,0.016059689814028482,0.011020440713357267,0.03198075060954313,47.174821227788925
pplu,CNN_Jannis_OHE,46,4,natural,6766,4904,1.2828726372596075,1.1326396767108273,-1.1568798615527918,-0.0405524545206375,-0.028476332678879984,-0.04260577512490121,54.75625260639936
pplu,CNN_Jannis_OHE,46,5,natural,8090,4904,1.2745991189611539,1.1289814520004984,-1.1429696849040463,-0.05571501280568593,-0.0381649279124042,-0.0638917176291401,88.4383090827614
pplu,CNN_Jannis_OHE,46,6,natural,9414,4904,1.198989089949187,1.0949836025937498,-1.01584736256993,-0.05059104252405688,-0.03588283288263484,-0.05376338071000908,106.18978503532708
pplu,CNN_Jannis_OHE,46,7,natural,10738,4904,1.2749242666872511,1.1291254432910682,-1.1435163522520586,0.023298193290413428,0.016023255209723062,0.03311524962821223,81.32860149256885
pplu,CNN_Jannis_OHE,46,8,natural,12061,4904,1.2951069715417203,1.138027667300633,-1.1774493151884715,-0.035923517761567415,-0.024577517999765253,-0.07047920055621536,107.56396087352186
pplu,CNN_Jannis_OHE,46,9,natural,13385,4904,1.2341962663842412,1.1109438628410713,-1.0750408067430923,0.011462795984475175,0.009124783727648645,0.0013356538160709495,89.4695939226076
pplu,CNN_Jannis_OHE,46,10,natural,14709,4904,1.26617094983729,1.1252426182105306,-1.1287994954986074,-0.05604681123770325,-0.03862892746951059,-0.07718542650033403,157.10568348038942
cgre_amac,aubin_1_10_1,42,0,natural,1471,4904,0.8531953281211716,0.9236857301708041,-0.4344680584399141,-0.44963054556089743,-0.3188661179357349,-0.4519079591179245,37.661794383078814
cgre_amac,aubin_1_10_1,42,1,natural,2795,4904,0.5965237887672706,0.7723495249997054,-0.0029289810699497654,0.47539456987775897,0.33670292848866495,0.47493400823328225,18.154819081537426
cgre_amac,aubin_1_10_1,42,2,natural,4119,4904,0.5951750589260835,0.7714758965295568,-0.0006613762051783656,0.45542053373828983,0.32183578278859437,0.459672771496713,17.33988851122558
cgre_amac,aubin_1_10_1,42,3,natural,5442,4904,0.2982534821195147,0.546125884864941,0.49854965291352105,0.7592283912538397,0.5621632459262729,0.7196827843817513,43.059011553414166
cgre_amac,aubin_1_10_1,42,4,natural,6766,4904,0.30607896585976,0.5532440382505356,0.485392751911798,0.7325382728463381,0.5378829377028287,0.7010510580395382,50.92902264650911
cgre_amac,aubin_1_10_1,42,5,natural,8090,4904,0.15098813692279192,0.38857191988458445,0.7461452817656109,0.8213853981962469,0.6281817617131025,0.8664301009889173,57.14730229321867
cgre_amac,aubin_1_10_1,42,6,natural,9414,4904,0.26019010635426887,0.5100883319134725,0.5625451940657185,0.7578882558964183,0.5612377735564383,0.754383302941935,64.97164606209844
cgre_amac,aubin_1_10_1,42,7,natural,10738,4904,0.15887882589672644,0.3985960685916589,0.7328787519111651,0.8155213161035446,0.6198526752881048,0.8600047373600606,71.89070254191756
cgre_amac,aubin_1_10_1,42,8,natural,12061,4904,0.17861014227988506,0.4226229315594281,0.6997047035195249,0.8068006117454621,0.6102937517144539,0.8431620874639912,78.12611488532275
cgre_amac,aubin_1_10_1,42,9,natural,13385,4904,0.1422411074846911,0.3771486543588497,0.7608515675616428,0.8209850932531731,0.6254909343578461,0.873608061098951,86.22294193133712
cgre_amac,aubin_1_10_1,42,10,natural,14709,4904,0.14205544555819752,0.3769024350653595,0.7611637189464963,0.8350845159461976,0.6434892368053214,0.883046111319485,89.09683810453862
cgre_amac,aubin_linear,42,0,natural,1471,4904,0.4829731577739254,0.6949627024336813,0.187982464184141,0.5209749288354678,0.36874855410338314,0.5174933382552844,41.70312929712236
cgre_amac,aubin_linear,42,1,natural,2795,4904,0.37085110897973134,0.6089754584379664,0.3764920496694366,0.6532126755398914,0.4712628200247443,0.628636320062619,30.841846548952162
cgre_amac,aubin_linear,42,2,natural,4119,4904,0.3479487757209951,0.5898718299096806,0.414997494367251,0.7022542208610995,0.5133829122261891,0.6627011826994953,35.91780079714954
cgre_amac,aubin_linear,42,3,natural,5442,4904,0.3411583803175079,0.5840876478042554,0.42641411256642625,0.7215851198140699,0.5298826051317345,0.6759067969134755,43.54310010559857
cgre_amac,aubin_linear,42,4,natural,6766,4904,0.3305331469105964,0.574920122200116,0.44427820233968707,0.7246037035025115,0.5352416791710363,0.678089391067831,50.881950934417546
cgre_amac,aubin_linear,42,5,natural,8090,4904,0.32039652453606654,0.5660357979280697,0.4613207956796559,0.7448659249175674,0.5532030649831915,0.6916301372696585,62.43366264458746
cgre_amac,aubin_linear,42,6,natural,9414,4904,0.3138790970004963,0.5602491383308825,0.4722784759608639,0.7543643467023342,0.5632728013837605,0.6976913028353068,64.4390212893486
cgre_amac,aubin_linear,42,7,natural,10738,4904,0.30441310451039466,0.5517364447908029,0.4881935465442726,0.769538532078182,0.5776328676779678,0.7088940282876182,68.89699477236718
cgre_amac,aubin_linear,42,8,natural,12061,4904,0.29704965527003396,0.5450226190444154,0.5005736339487608,0.7765341853417652,0.5832479628385606,0.7167977983792615,74.3498378796503
cgre_amac,aubin_linear,42,9,natural,13385,4904,0.2921802066440364,0.5405369614041544,0.5087605851497121,0.7810682215882889,0.5871973070733698,0.7204153005570042,83.02259523700923
cgre_amac,aubin_linear,42,10,natural,14709,4904,0.2869836887378113,0.5357085856487754,0.51749743438681,0.7878776127484419,0.5929211364836321,0.7281399748154833,75.52381600346416
cgre_amac,mlp_small,42,0,natural,1471,4904,0.42914095043811623,0.6550885058052204,0.2784899709570404,0.5339555222584625,0.37948764871213375,0.5324422814836223,52.19590999000047
cgre_amac,mlp_small,42,1,natural,2795,4904,0.33952711306527844,0.5826895511893777,0.429156744518309,0.6574621115950975,0.477578824732397,0.6584505773247649,53.78924781400019
cgre_amac,mlp_small,42,2,natural,4119,4904,0.23170054160488504,0.48135282444884964,0.6104443905156582,0.7726102921941079,0.5807190138608844,0.7855814089201218,73.091805002
cgre_amac,mlp_small,42,3,natural,5442,4904,0.209844991483476,0.4580884101169511,0.6471898900694736,0.8017076092518649,0.6089792033522695,0.816635332382472,93.56636350600002
cgre_amac,mlp_small,42,4,natural,6766,4904,0.17483900569387095,0.41813754398985864,0.7060450745908993,0.8153089433514582,0.6248396131251255,0.8404827796722252,112.23736955799995
cgre_amac,mlp_small,42,5,natural,8090,4904,0.138049543181577,0.3715501893171056,0.767898799197281,0.8415305812443415,0.658198902282727,0.8763656885889703,131.36799973300003
cgre_amac,mlp_small,42,6,natural,9414,4904,0.13899038813068854,0.37281414690256665,0.7663169667809959,0.851395969189918,0.6699839836244175,0.887747322235624,149.38359736300026
cgre_amac,mlp_small,42,7,natural,10738,4904,0.11038955936235041,0.33224924283186924,0.8144032302201503,0.859712165551253,0.680871858971741,0.90254199514902,111.9942340739999
cgre_amac,mlp_small,42,8,natural,12061,4904,0.10665652559054961,0.3265831067133596,0.8206795394429374,0.8634877868418633,0.6876108719981306,0.9067257532155737,139.4057573680002
cgre_amac,mlp_small,42,9,natural,13385,4904,0.09625827797164194,0.31025518202222174,0.8381620004708458,0.8722119674934977,0.6983982873146725,0.9158499044027356,139.95881665100023
cgre_amac,mlp_small,42,10,natural,14709,4904,0.09425317502862517,0.3070067996455863,0.841533158318106,0.8744293729038298,0.7026601858118763,0.9191297759386448,166.54328520699983
cgre_amac,CNN_Jannis_OHE,42,0,natural,1471,4904,0.599212837539565,0.7740883912962169,-0.007450049627530486,0.40173224144586495,0.28085850676756297,0.41401746918252336,24.10741224512458
cgre_amac,CNN_Jannis_OHE,42,1,natural,2795,4904,0.26372122448949165,0.5135379484414873,0.5566083634143959,0.738851500524106,0.544500287205125,0.7597607578959628,31.647073335014284
cgre_amac,CNN_Jannis_OHE,42,2,natural,4119,4904,0.1471805810152828,0.38364121391644407,0.7525468842475109,0.8250046962044936,0.6303168859114338,0.8691836476928996,49.12837074138224
cgre_amac,CNN_Jannis_OHE,42,3,natural,5442,4904,0.5971322058637221,0.7727432988151512,-0.003951906140332362,0.35980511498093676,0.2520526345811131,0.3705572890836275,13.021006064489484
cgre_amac,CNN_Jannis_OHE,42,4,natural,6766,4904,0.09665279028641122,0.31089031874024514,0.8374987111916559,0.8642257661103772,0.6836205281493267,0.9171740081122206,81.81506158877164
cgre_amac,CNN_Jannis_OHE,42,5,natural,8090,4904,0.06892119194639194,0.2625284593075424,0.8841235469321926,0.8783459663231394,0.7028072061491875,0.94049548772712,96.51414200291038
cgre_amac,CNN_Jannis_OHE,42,6,natural,9414,4904,0.06479354582486638,0.2545457637142413,0.8910633136218561,0.8787595363264845,0.7037939464050055,0.9451783853290361,98.6898859096691
cgre_amac,CNN_Jannis_OHE,42,7,natural,10738,4904,0.07617571027855174,0.27599947514180484,0.8719266038830951,0.87255669999073,0.6922625445268394,0.9339340545772681,75.47345135360956
cgre_amac,CNN_Jannis_OHE,42,8,natural,12061,4904,0.05688234934443613,0.2385002082691672,0.9043643225247174,0.8888932159497857,0.7217360183070879,0.9514358581546584,135.93167296610773
cgre_amac,CNN_Jannis_OHE,42,9,natural,13385,4904,0.05310646181863191,0.23044839296170394,0.9107126812996715,0.8863584479480969,0.7171443334879691,0.9543538796260298,148.56638479139656
cgre_amac,CNN_Jannis_OHE,42,10,natural,14709,4904,0.059123528726942084,0.24315330293241358,0.9005962519182851,0.8881658943420241,0.7210968780532078,0.950945503563616,161.78226510807872
cgre_amac,aubin_1_10_1,43,0,natural,1471,4904,0.5953690687579678,0.7716016256838549,-0.0009875628328925856,-0.4289833990829128,-0.3012291502799475,-0.44311148346043383,27.337746428325772
cgre_amac,aubin_1_10_1,43,1,natural,2795,4904,0.3549474623597243,0.595774674150995,0.4032306783716745,0.6743629653429916,0.48808379213828623,0.6371680111972171,17.36724437121302
cgre_amac,aubin_1_10_1,43,2,natural,4119,4904,0.3362966653700276,0.5799109115804147,0.43458806121750226,0.6989622618536914,0.5090622857602786,0.6776434231009154,30.39420885872096
cgre_amac,aubin_1_10_1,43,3,natural,5442,4904,0.32605280563171624,0.5710103375874348,0.45181095157498363,0.6902934014975697,0.5023528478362358,0.6732666066353429,43.55814470630139
cgre_amac,aubin_1_10_1,43,4,natural,6766,4904,0.20760462909362776,0.4556365098339111,0.650956587075005,0.7745014536691752,0.5773231948115606,0.8092680068767957,47.586133503355086
cgre_amac,aubin_1_10_1,43,5,natural,8090,4904,0.21659090831375855,0.4653932834858691,0.6358480532133788,0.7746858154793012,0.5766234757930567,0.800786628447445,44.23057970684022
cgre_amac,aubin_1_10_1,43,6,natural,9414,4904,0.22637272162062405,0.4757864243761312,0.6194019965135369,0.7706855082759501,0.5731849040188381,0.7935202908856942,63.4084114311263
cgre_amac,aubin_1_10_1,43,7,natural,10738,4904,0.20011815686070408,0.44734567938083863,0.663543511703595,0.7774106811371263,0.5796027576309543,0.8169072820359143,68.20413813833147
cgre_amac,aubin_1_10_1,43,8,natural,12061,4904,0.1842958417640464,0.4292969156237282,0.6901453985970776,0.7965513883835353,0.599221598387764,0.8448605369778108,74.37839845009148
cgre_amac,aubin_1_10_1,43,9,natural,13385,4904,0.15209555555519053,0.3899943019522087,0.7442833908209017,0.8167380625594178,0.6219426753860765,0.8646771468704979,66.5155195556581
cgre_amac,aubin_1_10_1,43,10,natural,14709,4904,0.13919460684476098,0.3730879344668774,0.7659736160703002,0.8307644398833265,0.6388662728300478,0.8774128785415891,62.05530560668558
cgre_amac,aubin_linear,43,0,natural,1471,4904,0.48782746792278003,0.6984464674710439,0.17982096514074286,0.5696196622138486,0.4059520740511455,0.5602927645383227,38.451348467729986
cgre_amac,aubin_linear,43,1,natural,2795,4904,0.3673118618416625,0.6060625890464305,0.38244254752514406,0.6722618956817223,0.4860057406500327,0.6410235860474598,29.911539391614497
cgre_amac,aubin_linear,43,2,natural,4119,4904,0.349526779085809,0.5912078983621658,0.4123444144120184,0.6957691051518756,0.5077780482078208,0.6579283449319119,37.31769697368145
cgre_amac,aubin_linear,43,3,natural,5442,4904,0.33972472345131227,0.5828590939938334,0.4288245043179252,0.731712883048455,0.539827936158017,0.6857727746190462,44.38312890287489
cgre_amac,aubin_linear,43,4,natural,6766,4904,0.32550898724039407,0.5705339492443846,0.45272526754253783,0.7392561617270987,0.5482332549029997,0.6883562202404996,49.92072513140738
cgre_amac,aubin_linear,43,5,natural,8090,4904,0.31817373977230917,0.5640689140276294,0.46505793961294295,0.7596950671238423,0.5665485591063898,0.7065706131495002,50.93656600732356
cgre_amac,aubin_linear,43,6,natural,9414,4904,0.3087881799209285,0.5556871241273532,0.4808377796725799,0.7709895812630535,0.5782518609775074,0.7163415745851341,66.00240545067936
cgre_amac,aubin_linear,43,7,natural,10738,4904,0.3032027532052874,0.5506384959347533,0.4902284970760469,0.7696363440186761,0.5785737214183353,0.7115058622248831,73.82320044282824
cgre_amac,aubin_linear,43,8,natural,12061,4904,0.29574105142454793,0.5438207898053806,0.5027737754118359,0.7823519676199503,0.5887100242733811,0.7248371679344785,72.06735488958657
cgre_amac,aubin_linear,43,9,natural,13385,4904,0.2966262968976215,0.5446340945053123,0.5012854217920395,0.7871349617190564,0.5928617295596439,0.7292991493265399,62.221324750222266
cgre_amac,aubin_linear,43,10,natural,14709,4904,0.2864242678651081,0.5351861992476152,0.5184379826372141,0.7908391616922069,0.5970325494406784,0.7291033945002934,86.13302519451827
cgre_amac,mlp_small,43,0,natural,1471,4904,0.40152495870363153,0.6336599708863039,0.32492043856460906,0.5873313124184348,0.42050461992699556,0.5847302343179949,49.71919928211719
cgre_amac,mlp_small,43,1,natural,2795,4904,0.328680496665565,0.5733066340672895,0.4473930431180708,0.6694897382372093,0.486713838806112,0.6728482211613103,50.31760876439512
cgre_amac,mlp_small,43,2,natural,4119,4904,0.24547395854774748,0.49545328593899496,0.5872872938826756,0.7530275072257574,0.5583322265640496,0.7713337159412291,65.4904793119058
cgre_amac,mlp_small,43,3,natural,5442,4904,0.15481485083646426,0.3934651837665745,0.7397114691355785,0.8233309799770776,0.6324893252488913,0.8606169120752539,83.59773847367615
cgre_amac,mlp_small,43,4,natural,6766,4904,0.1404787366031117,0.37480493140180493,0.7638146226246814,0.8337910474615248,0.6456856762273487,0.8745192827473813,98.73245355580002
cgre_amac,mlp_small,43,5,natural,8090,4904,0.1361614621568434,0.36900062622825375,0.7710732093615876,0.8374743852382782,0.6509394586808172,0.8795053903004798,114.65753623377532
cgre_amac,mlp_small,43,6,natural,9414,4904,0.11840423697959288,0.34409916736253937,0.8009282396034707,0.8559453340283264,0.6757741007355956,0.8974965776150201,133.7595940483734
cgre_amac,mlp_small,43,7,natural,10738,4904,0.10845479435868811,0.3293247551561955,0.8176561296522799,0.8614376546134183,0.6830037652262755,0.9046237739500252,121.56540272664279
cgre_amac,mlp_small,43,8,natural,12061,4904,0.10276029556737619,0.3205624674963933,0.8272302287544746,0.8662905178058976,0.6914848752568129,0.9108355146107268,132.00994075462222
cgre_amac,mlp_small,43,9,natural,13385,4904,0.09715828682746515,0.3117022406519805,0.8366488253356343,0.8712058129759486,0.6987864780538973,0.9160544098659806,141.13714607525617
cgre_amac,mlp_small,43,10,natural,14709,4904,0.0994237186384921,0.3153152686415488,0.8328399793839717,0.8710744190605316,0.6987277969771201,0.915155373590667,146.32460009958595
cgre_amac,CNN_Jannis_OHE,43,0,natural,1471,4904,0.5989096401675441,0.7738925249461608,-0.006940287171933512,0.35871098104503124,0.25006826336160404,0.3752011495692221,23.408946522511542
cgre_amac,CNN_Jannis_OHE,43,1,natural,2795,4904,0.23135626418829275,0.4809950770936151,0.6110232204049773,0.7465959264417277,0.5541103210279066,0.7842723605036053,29.56487649679184
cgre_amac,CNN_Jannis_OHE,43,2,natural,4119,4904,0.129366276066639,0.3596752369383233,0.7824978820904204,0.8376433541716247,0.6498262681352134,0.8853260100962155,52.38418306410313
cgre_amac,CNN_Jannis_OHE,43,3,natural,5442,4904,0.1076447391179603,0.32809257705403866,0.8190180667493274,0.8443177564490806,0.6529261985158663,0.9063013519128064,55.014673141762614
cgre_amac,CNN_Jannis_OHE,43,4,natural,6766,4904,0.07888505660449345,0.2808648368957806,0.8673714092685472,0.8670633895037865,0.6872116062134809,0.9325685261307948,65.29505534656346
cgre_amac,CNN_Jannis_OHE,43,5,natural,8090,4904,0.07763243479487655,0.27862597652565807,0.8694774287414356,0.8719327439433355,0.6930951935341139,0.9329454237676993,55.7218261230737
cgre_amac,CNN_Jannis_OHE,43,6,natural,9414,4904,0.07235068300955376,0.26898082275425095,0.8783575807757158,0.8755755235680049,0.7006434916877159,0.9394496976935313,70.77591691724956
cgre_amac,CNN_Jannis_OHE,43,7,natural,10738,4904,0.06461066280411919,0.2541862757981225,0.8913707928625951,0.8794258780634052,0.7050536853835133,0.9442412349910297,79.36126286257058
cgre_amac,CNN_Jannis_OHE,43,8,natural,12061,4904,0.06166187716316375,0.24831809672910218,0.8963285542024886,0.8834991667541289,0.7142829953593152,0.9471182796684188,116.07546414341778
cgre_amac,CNN_Jannis_OHE,43,9,natural,13385,4904,0.055817138655157875,0.23625651029158515,0.9061552497120982,0.8873197692945137,0.7201708102741501,0.9519916888780162,144.7873896798119
cgre_amac,CNN_Jannis_OHE,43,10,natural,14709,4904,0.05510170683488108,0.23473752753848517,0.9073580974778479,0.8854339586214216,0.7191585817234482,0.9531149666519747,156.83657465688884
cgre_amac,aubin_1_10_1,44,0,natural,1471,4904,0.5950383614856721,0.7713872966841443,-0.000431548280109606,0.4977021242787072,0.35278675005303867,0.4876860158530353,38.77331683800003
cgre_amac,aubin_1_10_1,44,1,natural,2795,4904,0.5946721951051006,0.7711499173993994,0.00018408328712027355,0.5031499201084506,0.3565133673322126,0.4981384507901806,12.565720657000384
cgre_amac,aubin_1_10_1,44,2,natural,4119,4904,0.3272115119774714,0.5720240484258257,0.4498628311536522,0.7292665663471316,0.5340613850912537,0.6760068666581507,36.41831539499981
cgre_amac,aubin_1_10_1,44,3,natural,5442,4904,0.6024618592605965,0.7761841658141426,-0.012912594634967745,0.5044697232982442,0.35776156479845744,0.49101561453887194,23.542462087000786
cgre_amac,aubin_1_10_1,44,4,natural,6766,4904,0.21767322458468816,0.46655463194002067,0.6340283665969539,0.7876182436690685,0.589297450910648,0.799097999843409,52.48330254800021
cgre_amac,aubin_1_10_1,44,5,natural,8090,4904,0.20907770487038568,0.45725015568109506,0.6484799207363905,0.7942045941096288,0.5957948982295526,0.8161337154128324,56.700739311999314
cgre_amac,aubin_1_10_1,44,6,natural,9414,4904,0.22567961603180614,0.47505748708109646,0.6205673074283011,0.7807397777103777,0.582238330064268,0.7986003807454376,60.57638811400011
cgre_amac,aubin_1_10_1,44,7,natural,10738,4904,0.15616515112425564,0.3951773666649643,0.7374412238959517,0.8198509721505016,0.6241513069378671,0.861343863722561,65.36258338599964
cgre_amac,aubin_1_10_1,44,8,natural,12061,4904,0.14315474965524444,0.3783579649686847,0.7593154708821304,0.829763752206988,0.6371385604088141,0.8734942026165875,71.98914414200044
cgre_amac,aubin_1_10_1,44,9,natural,13385,4904,0.15088077177566514,0.3884337418089025,0.746325793623877,0.8236933873268293,0.6283920367999953,0.865297629071881,84.33751448899966
cgre_amac,aubin_1_10_1,44,10,natural,14709,4904,0.18758158058573202,0.43310689279406767,0.6846211215262418,0.8064734982441149,0.6091661457638358,0.8366513547570749,87.74924689599993
cgre_amac,aubin_linear,44,0,natural,1471,4904,0.46019675874433497,0.6783780352755645,0.22627617702733793,0.5371538045207186,0.38101244066071094,0.5341097613324698,39.345677457749844
cgre_amac,aubin_linear,44,1,natural,2795,4904,0.371507904206812,0.6095144823601913,0.375387786972338,0.6640426205786305,0.4809980736093259,0.6333556623383342,32.56862070132047
cgre_amac,aubin_linear,44,2,natural,4119,4904,0.35079798273396595,0.5922820128401385,0.4102071534953782,0.7158682071985555,0.5242397727444917,0.6749155662485805,38.80817832611501
cgre_amac,aubin_linear,44,3,natural,5442,4904,0.33307524700462987,0.5771267165923181,0.4400041970022712,0.7313600142189592,0.5381432338884767,0.6856086376154045,38.16816246509552
cgre_amac,aubin_linear,44,4,natural,6766,4904,0.3228136375074219,0.5681669099018544,0.4572569298370177,0.7548821217741892,0.5621445010783279,0.700746787691557,44.80817647930235
cgre_amac,aubin_linear,44,5,natural,8090,4904,0.3147023198151391,0.5609833507468284,0.47089440036450025,0.761843122704879,0.5692958784138489,0.7058445346321058,44.28971200529486
cgre_amac,aubin_linear,44,6,natural,9414,4904,0.30838375829849696,0.5553231116192598,0.4815177293633477,0.7734951428038054,0.5797644978578058,0.714247159177873,54.986972553655505
cgre_amac,aubin_linear,44,7,natural,10738,4904,0.29925551430314784,0.5470425159922653,0.4968649470629676,0.7788838695457104,0.5855738462412885,0.7182355244118633,84.49640025570989
cgre_amac,aubin_linear,44,8,natural,12061,4904,0.29798186002040494,0.5458771473696302,0.4990063282049778,0.787226300617654,0.5923843109630138,0.7285677677194479,72.56481459271163
cgre_amac,aubin_linear,44,9,natural,13385,4904,0.2877367898846521,0.53641102699763,0.5162312535905595,0.7872818120599423,0.5933871916715598,0.7253315635537378,76.91297416388988
cgre_amac,aubin_linear,44,10,natural,14709,4904,0.29481664701844795,0.542970208223663,0.5043279665213343,0.7884543927193641,0.592920998966061,0.7305810705192153,45.21035274770111
cgre_amac,mlp_small,44,0,natural,1471,4904,0.42307779946910723,0.6504443092756729,0.2886838809702317,0.548908287734299,0.39024494199545506,0.5457137410390009,56.9346220754087
cgre_amac,mlp_small,44,1,natural,2795,4904,0.3955151232112985,0.6288999309995975,0.3350247098446856,0.597956962393621,0.4280603048614089,0.5876917752952255,48.71250234451145
cgre_amac,mlp_small,44,2,natural,4119,4904,0.3388180500668559,0.582080793418625,0.43034888445289887,0.6989650587995241,0.5093564948437695,0.6653232243983893,53.188114644028246
cgre_amac,mlp_small,44,3,natural,5442,4904,0.3325652590736954,0.5766847137506728,0.44086163418342217,0.6825173195512819,0.4965961096875619,0.6682523639443654,90.28781642671674
cgre_amac,mlp_small,44,4,natural,6766,4904,0.18277163599958743,0.42751799494242043,0.6927080292298791,0.803231256438453,0.6102712731457292,0.832577346681028,121.14715324435383
cgre_amac,mlp_small,44,5,natural,8090,4904,0.16100536272785326,0.4012547354584781,0.7293034285838975,0.8199288409708576,0.6288735027744045,0.857424672076906,127.23628057725728
cgre_amac,mlp_small,44,6,natural,9414,4904,0.14485592140859863,0.3805994238153792,0.7564553092501152,0.8390285378076434,0.6528542146076936,0.874175723255886,144.89617223013192
cgre_amac,mlp_small,44,7,natural,10738,4904,0.1169701700155111,0.34200902037155556,0.803339320848101,0.8581843130977838,0.6789292865367184,0.8990870703870315,121.12218220345676
cgre_amac,mlp_small,44,8,natural,12061,4904,0.11686614971125726,0.34185691409017493,0.8035142090582954,0.859475256493911,0.678095814101718,0.8973596854171124,116.28728722874075
cgre_amac,mlp_small,44,9,natural,13385,4904,0.14789928937717509,0.3845767665592594,0.7513385276678535,0.8439737816520129,0.655759772273362,0.8685748059844434,127.48489240277559
cgre_amac,mlp_small,44,10,natural,14709,4904,0.09655817390586077,0.31073811144734204,0.8376577886868453,0.8734044944239885,0.700492413855859,0.9175840827129077,133.58765560388565
cgre_amac,CNN_Jannis_OHE,44,0,natural,1471,4904,0.5966298071179066,0.7724181556112638,-0.003107228573872023,0.3929929429138486,0.2744792438847667,0.4137917353639329,22.475063264369965
cgre_amac,CNN_Jannis_OHE,44,1,natural,2795,4904,0.25053097952332026,0.5005306978830771,0.5787849793232485,0.7407915000461013,0.5498791209697591,0.7719738800697802,31.542274126783013
cgre_amac,CNN_Jannis_OHE,44,2,natural,4119,4904,0.13404218867601597,0.36611772515956664,0.7746363208967155,0.8218452964823025,0.6268811263111304,0.8808891462395374,47.267957374453545
cgre_amac,CNN_Jannis_OHE,44,3,natural,5442,4904,0.12004646777594595,0.346477225479462,0.7981671747636733,0.8462652363511011,0.6576930715064853,0.8952467346137688,44.295524613931775
cgre_amac,CNN_Jannis_OHE,44,4,natural,6766,4904,0.113859398092758,0.33743058262812814,0.8085694279680118,0.8476985627657688,0.659861761930482,0.9064531030806653,48.702984808944166
cgre_amac,CNN_Jannis_OHE,44,5,natural,8090,4904,0.07706590162794694,0.27760745960428895,0.8704299348150413,0.8732763400258987,0.6958894378084701,0.9343447982971118,69.24909871350974
cgre_amac,CNN_Jannis_OHE,44,6,natural,9414,4904,0.06709243170155814,0.2590220679817805,0.8871982217121585,0.8824583999241727,0.7115231145266778,0.9457968031781586,100.89085645508021
cgre_amac,CNN_Jannis_OHE,44,7,natural,10738,4904,0.06167432267338268,0.24834315507656474,0.896307629701039,0.8828709314573814,0.7127301987611382,0.9481591887799496,96.64556307997555
cgre_amac,CNN_Jannis_OHE,44,8,natural,12061,4904,0.06027869275051262,0.2455171944090935,0.8986540871648517,0.8843135621427436,0.714001175531402,0.9491293278041258,116.09301988128573
cgre_amac,CNN_Jannis_OHE,44,9,natural,13385,4904,0.05530411738247936,0.23516827460879872,0.9070177868178487,0.887127451199881,0.7192880933526564,0.9525067991492852,150.1460931180045
cgre_amac,CNN_Jannis_OHE,44,10,natural,14709,4904,0.07290646111473041,0.2700119647621757,0.8774231570708746,0.8776824212113999,0.7030799174158905,0.9379926229365776,92.99537014495581
cgre_amac,aubin_1_10_1,45,0,natural,1471,4904,0.5951307144698861,0.7714471559801657,-0.000586820351568651,0.4684285092415713,0.3302397259155196,0.4722161216509715,34.78351871203631
cgre_amac,aubin_1_10_1,45,1,natural,2795,4904,0.5956531116742861,0.7717856643358221,-0.0014651211097083117,0.501457492577986,0.3543434073625553,0.49286413556980163,16.35970377828926
cgre_amac,aubin_1_10_1,45,2,natural,4119,4904,0.5942566203366098,0.7708804189604311,0.0008827846414823926,0.5496035765393783,0.3908415565216548,0.5392399415437514,17.67207986395806
cgre_amac,aubin_1_10_1,45,3,natural,5442,4904,0.2997253642071986,0.5474717930699248,0.4960749935114098,0.7484136096624247,0.5500121536831633,0.7064088811787987,44.81050132121891
cgre_amac,aubin_1_10_1,45,4,natural,6766,4904,0.27265690737370185,0.5221655938241258,0.5415848966240018,0.7536754694142823,0.5561519404874327,0.7393183572549022,51.48367054015398
cgre_amac,aubin_1_10_1,45,5,natural,8090,4904,0.2273147945464722,0.4767754131102737,0.6178180995132732,0.7857124822191802,0.5881917208572224,0.810289862850377,57.089373965747654
cgre_amac,aubin_1_10_1,45,6,natural,9414,4904,0.15588731790481747,0.39482568040189264,0.7379083418767021,0.8244852628559558,0.6322220913901928,0.8711984940739206,64.35295843053609
cgre_amac,aubin_1_10_1,45,7,natural,10738,4904,0.15532262891742638,0.39410991984144017,0.7388577473512363,0.8238454939604284,0.6295951431369664,0.870328277011116,70.79578418564051
cgre_amac,aubin_1_10_1,45,8,natural,12061,4904,0.15560579281403009,0.39446900108123845,0.7383816669607401,0.8109819777941764,0.6148012307185796,0.8669797819581032,77.50539431907237
cgre_amac,aubin_1_10_1,45,9,natural,13385,4904,0.1510971598060281,0.3887121811906955,0.7459619827735903,0.8249356396737553,0.6309319682378403,0.8667198917116151,85.33638840168715
cgre_amac,aubin_1_10_1,45,10,natural,14709,4904,0.13817872460265582,0.37172398981321586,0.7676816078740589,0.8291180225453556,0.636387673429863,0.8808888816603824,89.98388273268938
cgre_amac,aubin_linear,45,0,natural,1471,4904,0.4504856338226751,0.6711822657242034,0.24260338611123777,0.5424433882832107,0.38506783315329773,0.5427070554897807,19.8477782336995
cgre_amac,aubin_linear,45,1,natural,2795,4904,0.37252566617482813,0.6103488069741991,0.3736766348057773,0.65978730538857,0.4760020203801412,0.6285523484439055,6.701848138123751
cgre_amac,aubin_linear,45,2,natural,4119,4904,0.3508825055911825,0.5923533621000074,0.4100650461315788,0.6971326021306897,0.5073185338919346,0.65912937277514,8.06169662438333
cgre_amac,aubin_linear,45,3,natural,5442,4904,0.3387290277833102,0.5820043193854408,0.43049855665342174,0.7174383181240064,0.5260418022399611,0.6743721579508835,9.671449872665107
cgre_amac,aubin_linear,45,4,natural,6766,4904,0.33031069946868213,0.5747266302066419,0.44465220081294443,0.7356482475602804,0.5429836382231347,0.6892158390996335,10.141329031437635
cgre_amac,aubin_linear,45,5,natural,8090,4904,0.32541270461017097,0.5704495635988961,0.45288714648524353,0.7495467761667534,0.556533111366859,0.7000146449041238,11.9860537070781
cgre_amac,aubin_linear,45,6,natural,9414,4904,0.3149600396121632,0.5612130073440593,0.47046109886287024,0.7537458293165881,0.5611538785824861,0.7031550756276446,13.67716993484646
cgre_amac,aubin_linear,45,7,natural,10738,4904,0.30540662144863623,0.5526360660042341,0.4865231572835099,0.7599691669985214,0.5677707023538294,0.7061872215241097,15.64753054548055
cgre_amac,aubin_linear,45,8,natural,12061,4904,0.29807554160442723,0.5459629489300782,0.49884882237306016,0.771626433087617,0.5784427225620579,0.7158571645016348,16.5246501294896
cgre_amac,aubin_linear,45,9,natural,13385,4904,0.29013755843604994,0.5386441853729138,0.5121948674440591,0.7836212918804515,0.5898766260681334,0.7233870564939908,18.48483642935753
cgre_amac,aubin_linear,45,10,natural,14709,4904,0.28787958296822136,0.5365441109249279,0.5159911771267124,0.7871144910998824,0.5932567460637547,0.7265927563707217,18.45637782290578
cgre_amac,mlp_small,45,0,natural,1471,4904,0.41809639116629854,0.646603735812204,0.29705906876241284,0.5464548612400576,0.387751641865927,0.5540815273192893,56.49979680399974
cgre_amac,mlp_small,45,1,natural,2795,4904,0.3728574812817056,0.610620570634257,0.3731187576627183,0.6115990788515181,0.43750597693054744,0.6118612915094175,49.30612562100032
cgre_amac,mlp_small,45,2,natural,4119,4904,0.2677434861701319,0.5174393550650471,0.5498457784430612,0.7451585527521108,0.5523093264319876,0.7456370447404399,70.28229606000059
cgre_amac,mlp_small,45,3,natural,5442,4904,0.19543672602494327,0.44208226160404046,0.6714143506315138,0.7982256048866614,0.6048905463949572,0.8202676949896706,87.01542978499947
cgre_amac,mlp_small,45,4,natural,6766,4904,0.16631974280268844,0.407823175901871,0.7203684189600779,0.8227763729199274,0.6317131519872179,0.8531967614913607,107.56468075799967
cgre_amac,mlp_small,45,5,natural,8090,4904,0.13480630627637674,0.3671597830323696,0.7733516182565556,0.8442931586418252,0.6592301193526782,0.8809251569572729,128.94736477199967
cgre_amac,mlp_small,45,6,natural,9414,4904,0.12723631149341338,0.3567019925559898,0.7860789684433297,0.8512552869404407,0.6701075543526777,0.8877601071241511,140.96342248499968
cgre_amac,mlp_small,45,7,natural,10738,4904,0.10610322763743213,0.3257349039286888,0.8216097932950007,0.8643351936007853,0.6888756983966415,0.9073536827197398,124.54838061999999
cgre_amac,mlp_small,45,8,natural,12061,4904,0.10466827075661883,0.32352476065460406,0.8240223707469871,0.8647191787031512,0.6895356879326813,0.9085842409339329,123.91363967399957
cgre_amac,mlp_small,45,9,natural,13385,4904,0.10027900094120798,0.3166685979714566,0.8314020025177639,0.8653127136223058,0.6884461429647633,0.9123182489160291,187.21415306499966
cgre_amac,mlp_small,45,10,natural,14709,4904,0.09403807444602041,0.30665628062379613,0.8418948045964298,0.8731688458020356,0.6999190652472996,0.9177091278292655,176.9555359220003
cgre_amac,CNN_Jannis_OHE,45,0,natural,1471,4904,0.5956547531553827,0.7717867277657622,-0.001467880914086006,0.5215387408685913,0.3677458597112793,0.5052190413352324,27.46066391468048
cgre_amac,CNN_Jannis_OHE,45,1,natural,2795,4904,0.29461278764040305,0.5427824496429514,0.5046707130842613,0.7049725954026054,0.5127815234266646,0.7288430022665053,26.958439473062754
cgre_amac,CNN_Jannis_OHE,45,2,natural,4119,4904,0.15113685294291046,0.38876323507105254,0.7458952471327347,0.8292125813809461,0.6390500531860344,0.8666360619866966,49.64174816198647
cgre_amac,CNN_Jannis_OHE,45,3,natural,5442,4904,0.11451303836760013,0.33839775171770886,0.8074704696579191,0.8571113341777532,0.675015966333511,0.9052415968640847,67.2060685697943
cgre_amac,CNN_Jannis_OHE,45,4,natural,6766,4904,0.07302518214298581,0.27023171935023804,0.8772235526927394,0.8798796609795577,0.7066890947413286,0.9385471266022704,80.08952355012298
cgre_amac,CNN_Jannis_OHE,45,5,natural,8090,4904,0.08393956154904889,0.2897232499283564,0.8588733248848015,0.8662783038219602,0.6845942608783456,0.9274940829111429,56.406875784508884
cgre_amac,CNN_Jannis_OHE,45,6,natural,9414,4904,0.06309945054477208,0.2511960400658658,0.8939115776560727,0.8791654921098965,0.7055538307283652,0.9462874111255779,88.36549045704305
cgre_amac,CNN_Jannis_OHE,45,7,natural,10738,4904,0.08697618119775155,0.2949172446598394,0.8537678891796069,0.865689296640616,0.6831549451678022,0.9244026720104996,62.29425900708884
cgre_amac,CNN_Jannis_OHE,45,8,natural,12061,4904,0.05984506475586584,0.24463250960546074,0.8993831412126932,0.885547513235328,0.7165062500003366,0.948739767418454,103.15662209596485
cgre_amac,CNN_Jannis_OHE,45,9,natural,13385,4904,0.060060460607636125,0.2450723579019799,0.8990209985015214,0.8819346174803834,0.7093494015676695,0.9482077106725542,103.76439801137894
cgre_amac,CNN_Jannis_OHE,45,10,natural,14709,4904,0.05998652527872509,0.24492146757425143,0.8991453051687258,0.8842627168757541,0.713774446450836,0.9492445005866539,111.21054788772017
cgre_amac,aubin_1_10_1,46,0,natural,1471,4904,0.5934283592438043,0.7703430140163564,0.0022753310403171856,0.436113114975914,0.3067688841367262,0.4503552289706164,28.85151956602931
cgre_amac,aubin_1_10_1,46,1,natural,2795,4904,0.5931547588999594,0.7701654100905593,0.002735332333207663,0.5082886728812506,0.3587827987692288,0.5019247402169391,15.356334709562361
cgre_amac,aubin_1_10_1,46,2,natural,4119,4904,0.5958447882893763,0.7719098317092329,-0.0017873849253133844,0.5163074675338942,0.3676714062503174,0.499634901529773,22.908094867132604
cgre_amac,aubin_1_10_1,46,3,natural,5442,4904,0.323641567182102,0.5688950405673282,0.4558649406478851,0.7482430211495996,0.5500940476677744,0.6772231542790206,50.733207017183304
cgre_amac,aubin_1_10_1,46,4,natural,6766,4904,0.2690535956799852,0.5187037648600453,0.5476431055228033,0.7585100601946493,0.5619200772900289,0.7420352130810863,63.91488460917026
cgre_amac,aubin_1_10_1,46,5,natural,8090,4904,0.3006994846635683,0.5483607249462422,0.49443721534540375,0.7474066179757659,0.5515066123677773,0.7084107622035565,67.95909405779094
cgre_amac,aubin_1_10_1,46,6,natural,9414,4904,0.14012549991016499,0.3743334074193285,0.7644085156482365,0.8322074319834369,0.6419229961941023,0.8767374259509504,75.53626115992665
cgre_amac,aubin_1_10_1,46,7,natural,10738,4904,0.1500403138160224,0.38735037603702205,0.7477388464827386,0.8296331347938122,0.6382393319384984,0.8777170107947996,84.26480260584503
cgre_amac,aubin_1_10_1,46,8,natural,12061,4904,0.15929550499083012,0.3991184097367974,0.7321781938661187,0.8209900377035761,0.6284624453548695,0.8572886139088082,89.040058943443
cgre_amac,aubin_1_10_1,46,9,natural,13385,4904,0.1666570902549113,0.4082365616341967,0.7198012403447479,0.8086534907666361,0.6133334533550207,0.8515817937525564,101.62482720986009
cgre_amac,aubin_1_10_1,46,10,natural,14709,4904,0.13766152941677598,0.3710276666460009,0.768551162534839,0.8384453948352261,0.650830125670727,0.8777168882096302,90.42289683874696
cgre_amac,aubin_linear,46,0,natural,1471,4904,0.4624400944331682,0.6800294805618122,0.22250448104644693,0.5457789364884662,0.386789035476861,0.5418077743660066,44.0502726463601
cgre_amac,aubin_linear,46,1,natural,2795,4904,0.3745730996711786,0.6120237737794003,0.3702343070579658,0.6548663398319918,0.4707293365898731,0.6284748098509112,32.92578514106572
cgre_amac,aubin_linear,46,2,natural,4119,4904,0.35885585909921813,0.5990457904861849,0.3966595332918478,0.6873317152839639,0.498542474578058,0.6538710687678267,41.80629429221153
cgre_amac,aubin_linear,46,3,natural,5442,4904,0.3398217860070096,0.5829423522159027,0.42866131409497243,0.7058979662747605,0.5156790937897593,0.6690055087727778,43.409777976572514
cgre_amac,aubin_linear,46,4,natural,6766,4904,0.33164597981647714,0.575887124197509,0.44240720843565084,0.7352653384796909,0.5419635750676814,0.6904316762132794,38.79126194771379
cgre_amac,aubin_linear,46,5,natural,8090,4904,0.3232945634139692,0.5685899782918876,0.4564483543225015,0.7533185642329934,0.558007061849946,0.7025763709763794,47.50755520258099
cgre_amac,aubin_linear,46,6,natural,9414,4904,0.317069042983858,0.5630888411111146,0.46691525435092196,0.756496379873713,0.5625967363184813,0.7047751298904893,50.127884660847485
cgre_amac,aubin_linear,46,7,natural,10738,4904,0.30661664502648095,0.5537297581189591,0.4844887577560303,0.7627917977943925,0.5703759575075736,0.7074843230365169,55.22357577737421
cgre_amac,aubin_linear,46,8,natural,12061,4904,0.29832751040486183,0.5461936565036817,0.4984251899596679,0.7766250561259768,0.5821675222102719,0.7203991688353242,57.320905667729676
cgre_amac,aubin_linear,46,9,natural,13385,4904,0.29472828198859474,0.5428888302300893,0.5044765336883471,0.7840192054422092,0.5887032819557172,0.728523772245577,52.86604712251574
cgre_amac,aubin_linear,46,10,natural,14709,4904,0.2880258173639294,0.536680367969548,0.5157453148220625,0.7867954639372943,0.5922288559067501,0.7296558046031631,57.75043425615877
cgre_amac,mlp_small,46,0,natural,1471,4904,0.42437803975038035,0.6514430441338523,0.2864978010770255,0.5663635133537602,0.4026984682780435,0.5622910816537223,50.282717696391046
cgre_amac,mlp_small,46,1,natural,2795,4904,0.34446580481335554,0.5869120929179732,0.42085337560664604,0.6579666006613384,0.47732133351266076,0.6577263091587706,50.24778117612004
cgre_amac,mlp_small,46,2,natural,4119,4904,0.22123929120606434,0.47036080959840215,0.6280327774346252,0.7813876460926541,0.5869983950108416,0.7956888774060055,66.91780908219516
cgre_amac,mlp_small,46,3,natural,5442,4904,0.19054350181232096,0.4365128884836288,0.6796412754685831,0.800667920686469,0.6066801447099157,0.8253295130027923,82.89820854365826
cgre_amac,mlp_small,46,4,natural,6766,4904,0.1583244942505471,0.397900105868982,0.7338107437001706,0.8244229296144686,0.6359952164766848,0.8621581248860222,99.58726173359901
cgre_amac,mlp_small,46,5,natural,8090,4904,0.14381567063200873,0.3792303661786708,0.7582042716068026,0.8390420562277741,0.6530382577698335,0.8767868277621587,116.1186567954719
cgre_amac,mlp_small,46,6,natural,9414,4904,0.14182965604191047,0.37660278283877624,0.761543336413176,0.8374187071721685,0.6481351868078189,0.876498481531791,131.95933848712593
cgre_amac,mlp_small,46,7,natural,10738,4904,0.11732563456462998,0.34252829746552327,0.8027416821541087,0.8536392230280366,0.6733446765466414,0.8963049338760862,117.71943371091038
cgre_amac,mlp_small,46,8,natural,12061,4904,0.11223169839893728,0.3350099974611762,0.8113060618226062,0.859160447341759,0.6804686469289474,0.9015300330096121,130.10487518738955
cgre_amac,mlp_small,46,9,natural,13385,4904,0.11097583454499435,0.33313035668487845,0.8134175321094835,0.863189334683907,0.6843474411828108,0.9059951032550515,137.1000147871673
cgre_amac,mlp_small,46,10,natural,14709,4904,0.10602360759579062,0.325612664980634,0.8217436576081093,0.8631064176965725,0.685085338444537,0.9075808796354892,146.43481945432723
cgre_amac,CNN_Jannis_OHE,46,0,natural,1471,4904,0.5960025299362142,0.7720120011607424,-0.0020525942465750013,0.30172028952545976,0.2098582996238245,0.32829767509871,41.179496825672686
cgre_amac,CNN_Jannis_OHE,46,1,natural,2795,4904,0.23261028665514305,0.4822968864248898,0.6089148460222622,0.7654553803529133,0.573205981105261,0.8026456811966853,137.6476636212319
cgre_amac,CNN_Jannis_OHE,46,2,natural,4119,4904,0.14449756508253764,0.3801283534314924,0.75705780985734,0.8294890734672413,0.6399917941962682,0.8722608171884002,161.20150272920728
cgre_amac,CNN_Jannis_OHE,46,3,natural,5442,4904,0.1280064567016423,0.3577798998010401,0.784784131651387,0.843660563989006,0.6545974193092087,0.8864105511553797,167.04147068597376
cgre_amac,CNN_Jannis_OHE,46,4,natural,6766,4904,0.0913459449927629,0.302234916898698,0.8464210526695262,0.8654286600462646,0.6850253049533066,0.9212078441773941,256.71216698456556
cgre_amac,CNN_Jannis_OHE,46,5,natural,8090,4904,0.08114005974734478,0.28485094303397485,0.8635800969236648,0.8693832845003501,0.6897752976903794,0.92931210797971,235.79437587969005
cgre_amac,CNN_Jannis_OHE,46,6,natural,9414,4904,0.060184852153965754,0.24532601197990758,0.8988118603428037,0.8867302363354045,0.7183112351441049,0.9486374265106976,422.448512353003
cgre_amac,CNN_Jannis_OHE,46,7,natural,10738,4904,0.060006222843449177,0.2449616762749822,0.8991121878666328,0.8862558489659428,0.7178280517813412,0.948908027048535,473.2612112183124
cgre_amac,CNN_Jannis_OHE,46,8,natural,12061,4904,0.05818266444299694,0.24121082986258502,0.9021781168420162,0.8849752252840186,0.7164679920287504,0.9511174074931326,497.462830144912
cgre_amac,CNN_Jannis_OHE,46,9,natural,13385,4904,0.059464816930231125,0.2438540894269176,0.9000224477608965,0.8843456615797317,0.7149234679638312,0.948916470182698,527.1204724507406
cgre_amac,CNN_Jannis_OHE,46,10,natural,14709,4904,0.06646293732260077,0.25780406769987313,0.8882565837891875,0.8818294510058566,0.710906312957943,0.9432757979314803,405.8338065203279
cgre_pplu,aubin_1_10_1,42,0,natural,1471,4904,0.608843274100591,0.7802840983261103,-0.023641598245178086,0.4960205295819318,0.35079309055702673,0.49301646198305654,38.90209213199978
cgre_pplu,aubin_1_10_1,42,1,natural,2795,4904,0.5536783004489405,0.7440956258767689,0.06910667409033766,0.6382967595097708,0.4583979727102497,0.5944099316509057,28.37367734399959
cgre_pplu,aubin_1_10_1,42,2,natural,4119,4904,0.38393401968010854,0.6196240954644263,0.3544958936984003,0.7023388714893263,0.5108678614337776,0.6286763763489878,35.6772450870003
cgre_pplu,aubin_1_10_1,42,3,natural,5442,4904,0.4120715350579998,0.6419279827659796,0.3071885940413226,0.7096192289767002,0.5182306493984852,0.605840872142092,44.48377840499961
cgre_pplu,aubin_1_10_1,42,4,natural,6766,4904,0.37714723698092795,0.6141231448015356,0.3659064378969785,0.6892701687720021,0.5014244958353709,0.627196417726476,50.513243542000055
cgre_pplu,aubin_1_10_1,42,5,natural,8090,4904,0.14143977383701453,0.3760847960726604,0.762198841138816,0.8303590916520871,0.6404414537043318,0.8753667810213983,54.675580929000716
cgre_pplu,aubin_1_10_1,42,6,natural,9414,4904,0.39867924586757686,0.6314105208717834,0.3297049047147017,0.7452355458783839,0.5505644528245077,0.6080879811490434,62.450246936999974
cgre_pplu,aubin_1_10_1,42,7,natural,10738,4904,0.11642647782193166,0.3412132439134385,0.8042534246407581,0.8479256593093947,0.6627464729868621,0.8993003777044732,71.22932296700037
cgre_pplu,aubin_1_10_1,42,8,natural,12061,4904,0.09725772747629229,0.31186171210376606,0.8364816368504757,0.8570895175763158,0.6744762273426879,0.9148120266675865,77.64284186299938
cgre_pplu,aubin_1_10_1,42,9,natural,13385,4904,0.10269107660566847,0.3204544844524234,0.827346605844615,0.847663967026489,0.6595522967253589,0.9101813383393776,82.94246942800055
cgre_pplu,aubin_1_10_1,42,10,natural,14709,4904,0.07365539677034569,0.27139527772300254,0.8761639796698771,0.8710118991214219,0.6943796810783996,0.9376654994711089,86.19101570200019
cgre_pplu,aubin_linear,42,0,natural,1471,4904,0.47032229684932414,0.6858004788926034,0.20925221954961915,0.5083837211145978,0.35989558113561326,0.5137872471402418,39.37959350273013
cgre_pplu,aubin_linear,42,1,natural,2795,4904,0.378464099870771,0.615194359426979,0.36369241059213564,0.6455756777507113,0.46592546667721096,0.6235169857225242,31.66244021523744
cgre_pplu,aubin_linear,42,2,natural,4119,4904,0.3427512828336052,0.5854496415863667,0.42373598282961455,0.701250698860057,0.5134920778563804,0.6621803688704587,38.66330137383193
cgre_pplu,aubin_linear,42,3,natural,5442,4904,0.34225198164948756,0.5850230607843485,0.42457545249916273,0.7023688700717938,0.5150977105833705,0.6633071304187749,45.23577567841858
cgre_pplu,aubin_linear,42,4,natural,6766,4904,0.33523282591143383,0.5789929411585549,0.4363766829695942,0.7192888753224206,0.5303411933296347,0.6733288170188014,54.28620802797377
cgre_pplu,aubin_linear,42,5,natural,8090,4904,0.3203908035885297,0.5660307443845517,0.46133041424674726,0.7398774814916296,0.5500877626941383,0.69087945425517,62.098021041601896
cgre_pplu,aubin_linear,42,6,natural,9414,4904,0.3140221458275197,0.5603767891584372,0.4720379695183191,0.7493596157736316,0.5585330128408267,0.69712882439173,68.13487023022026
cgre_pplu,aubin_linear,42,7,natural,10738,4904,0.30457353113530283,0.5518818090273522,0.4879238229984806,0.7624739057180603,0.5710051827140266,0.7070580408543419,75.24171406403184
cgre_pplu,aubin_linear,42,8,natural,12061,4904,0.29780912650045144,0.5457189079557822,0.49929674320003037,0.7696768576017107,0.5772534376228926,0.7106404054782076,85.90978104900569
cgre_pplu,aubin_linear,42,9,natural,13385,4904,0.2996083334103224,0.5473648996878795,0.4962717561218455,0.7748020749157268,0.5820466262546673,0.7146332241084115,87.79113630205393
cgre_pplu,aubin_linear,42,10,natural,14709,4904,0.29020349277067464,0.5387053858749462,0.5120840127618353,0.7773093856338998,0.5830477279293134,0.7196484731735225,81.91005235724151
cgre_pplu,mlp_small,42,0,natural,1471,4904,0.4512585961210519,0.6717578403867364,0.24130381297616033,0.537169563260181,0.3830328447673535,0.5414506922079366,62.360940541140735
cgre_pplu,mlp_small,42,1,natural,2795,4904,0.33164589521593346,0.5758870507451382,0.44240735067362813,0.6642181715266319,0.48350094306658853,0.6696457360320268,56.16230553667992
cgre_pplu,mlp_small,42,2,natural,4119,4904,0.22088906210965603,0.4699883638023989,0.628621613818716,0.7805464245624296,0.589437813927499,0.7967314399278599,59.601205677725375
cgre_pplu,mlp_small,42,3,natural,5442,4904,0.21143337905932783,0.4598188546148666,0.6445193512527647,0.794872716388596,0.6008073961838833,0.8077780057938422,72.15020922292024
cgre_pplu,mlp_small,42,4,natural,6766,4904,0.16789270013588575,0.4097471173002755,0.7177238228431146,0.8170284658632178,0.6254630782357861,0.8508722569517911,93.74342058040202
cgre_pplu,mlp_small,42,5,natural,8090,4904,0.15636092806903645,0.39542499676808046,0.7371120662404762,0.8249235851470593,0.6340447680034021,0.8588343462137078,106.53261138964444
cgre_pplu,mlp_small,42,6,natural,9414,4904,0.17129307446439718,0.4138756751301013,0.7120068103370454,0.819457786360077,0.6277797986694675,0.8444707680682491,108.42749017570168
cgre_pplu,mlp_small,42,7,natural,10738,4904,0.14379882878219774,0.37920816022627696,0.7582325876263618,0.8293584782907341,0.6401411643746692,0.8708084497360183,104.40683558024466
cgre_pplu,mlp_small,42,8,natural,12061,4904,0.12320780943736327,0.35100969991919495,0.7928520452902094,0.8468015491436727,0.6632839326538625,0.8905319025259091,107.4373171031475
cgre_pplu,mlp_small,42,9,natural,13385,4904,0.11934353171782507,0.3454613317258895,0.7993490135399363,0.8502973991379017,0.6674989949906462,0.894437798600251,119.09145650546998
cgre_pplu,mlp_small,42,10,natural,14709,4904,0.11710000326455314,0.3421987774153396,0.8031210336135889,0.8524923151016343,0.6707914456595885,0.8971701301145809,123.73865059297532
cgre_pplu,CNN_Jannis_OHE,42,0,natural,1471,4904,0.5654001190602473,0.751930927053973,0.049398907497459454,0.5362670384045061,0.3795980139067906,0.41227419099795315,95.11939169373363
cgre_pplu,CNN_Jannis_OHE,42,1,natural,2795,4904,0.34830058036821915,0.5901699588832179,0.41440600902664904,0.6407614293620347,0.46273650790414367,0.6549443985306516,97.7178394254297
cgre_pplu,CNN_Jannis_OHE,42,2,natural,4119,4904,0.22689709489450885,0.47633716514094177,0.6185203734111886,0.7727256338813443,0.5803496718919606,0.794486749633962,195.77547067496926
cgre_pplu,CNN_Jannis_OHE,42,3,natural,5442,4904,0.14278829113539013,0.3778733797654846,0.7599315936199702,0.8302044282953701,0.6415491781720096,0.8736898454182185,267.990913935937
cgre_pplu,CNN_Jannis_OHE,42,4,natural,6766,4904,0.09974374123565874,0.31582232542310673,0.8323019288596851,0.859715619698225,0.6784355934444958,0.9135412220562265,318.45434473175555
cgre_pplu,CNN_Jannis_OHE,42,5,natural,8090,4904,0.07653212325321843,0.27664439855745937,0.8713273706115079,0.8688154865666318,0.6899754022912367,0.9342034294985717,368.79592384118587
cgre_pplu,CNN_Jannis_OHE,42,6,natural,9414,4904,0.07145882833490451,0.2673178414077603,0.8798570463744925,0.8748491232979387,0.7005901630246435,0.9401842522090178,419.0152277946472
cgre_pplu,CNN_Jannis_OHE,42,7,natural,10738,4904,0.06763389950103173,0.2600651831772791,0.8862878577692042,0.8775112799651676,0.7039739315578879,0.9419276490485382,375.78789300564677
cgre_pplu,CNN_Jannis_OHE,42,8,natural,12061,4904,0.06229701416951467,0.24959369817668609,0.8952607052371763,0.88379367155081,0.7128855134945414,0.9472108782487162,502.69064045883715
cgre_pplu,CNN_Jannis_OHE,42,9,natural,13385,4904,0.05970490706962454,0.24434587590058593,0.8996187868115747,0.8847820504940597,0.7155606074639507,0.9499561615608821,504.3086363468319
cgre_pplu,CNN_Jannis_OHE,42,10,natural,14709,4904,0.05408714567011347,0.23256643281031222,0.9090638681685964,0.8901621605715957,0.7249485800401259,0.9536397463833965,621.589189809747
cgre_pplu,aubin_1_10_1,43,0,natural,1471,4904,0.614378057346174,0.783822720611092,-0.032947169331298154,0.5160206199548993,0.3653518687271761,0.5078565916331115,39.20372441899963
cgre_pplu,aubin_1_10_1,43,1,natural,2795,4904,0.38098832016951495,0.6172425132551346,0.359448466360763,0.6666018627924001,0.48248017351187555,0.620710801639526,28.719703935000325
cgre_pplu,aubin_1_10_1,43,2,natural,4119,4904,0.3634668829093715,0.6028821467827452,0.38890706893302796,0.6744556266710217,0.4878852712769695,0.6298983734644599,33.694736751000164
cgre_pplu,aubin_1_10_1,43,3,natural,5442,4904,0.2609397974841252,0.5108226673554387,0.561284746494067,0.7482398296691117,0.552751599759522,0.7520602847370933,47.26124252499994
cgre_pplu,aubin_1_10_1,43,4,natural,6766,4904,0.21575239928614037,0.46449154920853014,0.6372578293539497,0.7686234229951475,0.5712373992988989,0.8010477852806347,51.38503341900014
cgre_pplu,aubin_1_10_1,43,5,natural,8090,4904,0.18697289693468055,0.43240362733756127,0.6856444947519844,0.785291717815749,0.5872047496589337,0.82940845747285,58.850810009999805
cgre_pplu,aubin_1_10_1,43,6,natural,9414,4904,0.23351483277504395,0.48323372479064824,0.6073940424341309,0.7658133807380176,0.5711902537691159,0.7856259627172497,69.69116736000069
cgre_pplu,aubin_1_10_1,43,7,natural,10738,4904,0.15746259275088542,0.3968155651570203,0.7352598493504661,0.8099407804316829,0.6162981738935087,0.8584776476442405,77.99896285100021
cgre_pplu,aubin_1_10_1,43,8,natural,12061,4904,0.21435426662926962,0.46298408895908033,0.6396084946373137,0.785077334281609,0.5893699500952831,0.8042245011201257,89.4261188319997
cgre_pplu,aubin_1_10_1,43,9,natural,13385,4904,0.1430175793332894,0.3781766509626016,0.7595460938578137,0.8154324556618407,0.6218992817044975,0.8741017904258221,95.96036494500004
cgre_pplu,aubin_1_10_1,43,10,natural,14709,4904,0.11769559657383177,0.34306791831040073,0.8021196690375989,0.8376509833872694,0.6466774072978182,0.8981540407524795,75.78262796199942
cgre_pplu,aubin_linear,43,0,natural,1471,4904,0.47186604630624307,0.6869250660051961,0.20665673031849463,0.5566762529660726,0.3978759111668792,0.5478700035392616,37.20652510598302
cgre_pplu,aubin_linear,43,1,natural,2795,4904,0.3709988120353429,0.6090967181288559,0.3762437181228079,0.6575723778079821,0.47419055977879754,0.6287322895593217,28.187609019689262
cgre_pplu,aubin_linear,43,2,natural,4119,4904,0.34861554853620846,0.590436743890663,0.41387645645935955,0.6979000838408269,0.510497871862435,0.6566077355988484,35.81967835966498
cgre_pplu,aubin_linear,43,3,natural,5442,4904,0.33645043235395505,0.5800434745378618,0.4343295344539153,0.7127725972218958,0.5237228203933925,0.671100789501393,40.77008404955268
cgre_pplu,aubin_linear,43,4,natural,6766,4904,0.3267941897749908,0.5716591552446185,0.45056447044984305,0.7288293446262564,0.5385997059996329,0.6807094005598622,47.305742951110005
cgre_pplu,aubin_linear,43,5,natural,8090,4904,0.31760454681085454,0.5635641461367592,0.46601491757025715,0.7446696140017288,0.5533036573171399,0.6934758440853852,52.71781514491886
cgre_pplu,aubin_linear,43,6,natural,9414,4904,0.30567753848930096,0.5528811250977022,0.4860676673991754,0.7592167170594928,0.5677040714986484,0.7023769004633023,58.2748499289155
cgre_pplu,aubin_linear,43,7,natural,10738,4904,0.30293959474857773,0.5503994865082795,0.4906709425372634,0.7670349820238245,0.5753752903693526,0.7087889617371901,67.13591791503131
cgre_pplu,aubin_linear,43,8,natural,12061,4904,0.29739745482328755,0.545341594620553,0.4999888823292453,0.7684252937839456,0.5767514758293918,0.7123388815983024,72.45641910843551
cgre_pplu,aubin_linear,43,9,natural,13385,4904,0.29139800863583804,0.5398129385591254,0.510075686183618,0.7793772804503779,0.5871498562727746,0.7218844483935276,76.55867104232311
cgre_pplu,aubin_linear,43,10,natural,14709,4904,0.28669044518013825,0.5354348187969645,0.5179904616022211,0.7840362753852117,0.5910067628363308,0.7252886164469187,77.76012868434191
cgre_pplu,mlp_small,43,0,natural,1471,4904,0.4217178654546638,0.6493980793432206,0.29097032329007055,0.5762974686493296,0.41204274844337324,0.5732851840658537,53.771074341610074
cgre_pplu,mlp_small,43,1,natural,2795,4904,0.33769885542796,0.5811186242308536,0.43223057426970635,0.6650359512383535,0.4830860572216693,0.6604204627418544,55.605923069640994
cgre_pplu,mlp_small,43,2,natural,4119,4904,0.24317028612351524,0.49312299289681805,0.5911604333628776,0.7641901364400874,0.5694104891283036,0.7693357440147313,74.60821728687733
cgre_pplu,mlp_small,43,3,natural,5442,4904,0.19163138422123396,0.43775722063860234,0.6778122305646912,0.7997561116485165,0.6047752709370056,0.8238944401068791,92.93681835196912
cgre_pplu,mlp_small,43,4,natural,6766,4904,0.1760859945101935,0.41962601743718597,0.7039485258085876,0.8116080945199535,0.6192314741472132,0.8400226269230475,109.10049019381404
cgre_pplu,mlp_small,43,5,natural,8090,4904,0.15985845702542117,0.3998230321347448,0.7312317087115023,0.8248105075743343,0.6356465323957947,0.8594386429750163,124.5641787564382
cgre_pplu,mlp_small,43,6,natural,9414,4904,0.15681977988183485,0.39600477254931515,0.7363406036605462,0.8276872095251947,0.6379290041952936,0.8594165437850259,142.70112687628716
cgre_pplu,mlp_small,43,7,natural,10738,4904,0.13087911914878061,0.3617721923376375,0.779954355412253,0.8526185277846025,0.6719694809574039,0.8880431845821093,114.51869770232588
cgre_pplu,mlp_small,43,8,natural,12061,4904,0.12108096166837179,0.347966897374408,0.7964278913939391,0.8553813821768615,0.6766451212281045,0.8953110879691617,114.89446329511702
cgre_pplu,mlp_small,43,9,natural,13385,4904,0.11490257123251893,0.33897281783724037,0.8068155522737968,0.8587528590327222,0.6822357923578074,0.8997787797238797,126.24605815764517
cgre_pplu,mlp_small,43,10,natural,14709,4904,0.10937744539609588,0.33072261095379596,0.8161048864625611,0.8628814030663331,0.6869766078326957,0.9042532314788101,135.09494685195386
cgre_pplu,CNN_Jannis_OHE,43,0,natural,1471,4904,0.6036014576738321,0.7769179220959136,-0.014828589096441247,0.22289050939377328,0.15495099732159132,0.23554786259454624,41.30451329611242
cgre_pplu,CNN_Jannis_OHE,43,1,natural,2795,4904,0.32209219648025683,0.5675316700240233,0.4584698808171822,0.6845192515576057,0.50144144602532,0.6859485775007048,84.54884594678879
cgre_pplu,CNN_Jannis_OHE,43,2,natural,4119,4904,0.20851219819137073,0.4566313591852521,0.6494307009869901,0.7786427120728066,0.5837491628253335,0.8123724434968704,156.9666854320094
cgre_pplu,CNN_Jannis_OHE,43,3,natural,5442,4904,0.13678820804022288,0.3698488989306618,0.7700194683003861,0.8343914646944345,0.6426083175278425,0.8822233738452325,251.19788680039346
cgre_pplu,CNN_Jannis_OHE,43,4,natural,6766,4904,0.09318260153682553,0.3052582538389839,0.8433331019272451,0.8623731196392929,0.6828773811823058,0.9197642342913945,314.3140544751659
cgre_pplu,CNN_Jannis_OHE,43,5,natural,8090,4904,0.07370781015678307,0.2714918233700291,0.8760758576113039,0.8744559935223599,0.700033655676396,0.9365929535799213,333.3212659312412
cgre_pplu,CNN_Jannis_OHE,43,6,natural,9414,4904,0.06740837767497218,0.2596312340127285,0.8866670251712055,0.8825537028011828,0.7118189290346489,0.9423753523146284,420.9055525995791
cgre_pplu,CNN_Jannis_OHE,43,7,natural,10738,4904,0.07549606750335723,0.2747654772771813,0.8730692799152211,0.8720785725247676,0.6924994084846232,0.9348121589432428,275.08475479111075
cgre_pplu,CNN_Jannis_OHE,43,8,natural,12061,4904,0.05396204231754853,0.23229731448630336,0.9092742030794232,0.8871881906160325,0.7184663408912901,0.9558049567945343,521.349683240056
cgre_pplu,CNN_Jannis_OHE,43,9,natural,13385,4904,0.06834950889086498,0.26143739000163113,0.8850847114576836,0.8836949471903499,0.7118855831497253,0.9420309042386833,362.9021078776568
cgre_pplu,CNN_Jannis_OHE,43,10,natural,14709,4904,0.054863635618631834,0.23422987772406798,0.9077583640335679,0.8873999101243387,0.7197903765320722,0.9531459835569969,622.3923110459
cgre_pplu,aubin_1_10_1,44,0,natural,1471,4904,0.618423102267659,0.7863988188366378,-0.039748059518545986,0.4967412116044504,0.3504899714512424,0.49713393725476246,30.434957288205624
cgre_pplu,aubin_1_10_1,44,1,natural,2795,4904,0.6006890561311394,0.775041325434418,-0.00993199994663474,0.6701876795883777,0.4857649526783742,0.6208914110981298,34.926567242480814
cgre_pplu,aubin_1_10_1,44,2,natural,4119,4904,0.3119395859005805,0.558515519838599,0.47553935495318744,0.719612651316614,0.5259099228749571,0.6946096773417837,46.02870937716216
cgre_pplu,aubin_1_10_1,44,3,natural,5442,4904,0.30532235464481805,0.552559819969583,0.4866648341475056,0.7211476701817011,0.5287108218071511,0.7023150579539186,42.62634979840368
cgre_pplu,aubin_1_10_1,44,4,natural,6766,4904,0.2612790312174086,0.5111546059827776,0.560714396494833,0.751128327332521,0.5561356468899069,0.7526426834550209,52.705975589342415
cgre_pplu,aubin_1_10_1,44,5,natural,8090,4904,0.2279263212424489,0.47741629762969856,0.6167899463069099,0.7731697396956676,0.577264326223288,0.7872914090709315,53.20720329787582
cgre_pplu,aubin_1_10_1,44,6,natural,9414,4904,0.20372744402631793,0.45136176624335156,0.6574752563086536,0.789519444655885,0.5925786123057768,0.8190910559719846,86.6155741205439
cgre_pplu,aubin_1_10_1,44,7,natural,10738,4904,0.18955901086538343,0.43538375126477036,0.6812964894279879,0.814828443954398,0.6215851291492929,0.8428915536525681,97.11720989085734
cgre_pplu,aubin_1_10_1,44,8,natural,12061,4904,0.16914741655204385,0.41127535368903867,0.7156142817309494,0.8138152142168327,0.6188960442050067,0.8492563411005887,69.48174478113651
cgre_pplu,aubin_1_10_1,44,9,natural,13385,4904,0.14384662861794564,0.37927118084287087,0.7581522222805623,0.8288540556573784,0.6388754189070394,0.8796904550169462,71.33783843368292
cgre_pplu,aubin_1_10_1,44,10,natural,14709,4904,0.15007458222688122,0.38739460789598146,0.7476812313749547,0.8285117068958057,0.6372776494829315,0.8670539839488227,57.33454146981239
cgre_pplu,aubin_linear,44,0,natural,1471,4904,0.46755156386189783,0.683777422749463,0.2139106228928268,0.5040230486225797,0.35813873981875527,0.5082059112732522,42.63085038300051
cgre_pplu,aubin_linear,44,1,natural,2795,4904,0.3748346725221092,0.6122374314937867,0.369794527458561,0.6574669528873124,0.4763902702554341,0.6295119718996651,24.848161834000166
cgre_pplu,aubin_linear,44,2,natural,4119,4904,0.3516567991076223,0.5930065759396116,0.40876323483399946,0.6902392397117837,0.5040526350497428,0.6555407645567375,32.085363993999636
cgre_pplu,aubin_linear,44,3,natural,5442,4904,0.3387397665985489,0.5820135450301384,0.4304805015997457,0.7190569086345243,0.5298967830553409,0.6776808504648617,38.36707694699999
cgre_pplu,aubin_linear,44,4,natural,6766,4904,0.32517749804363627,0.5702433673824153,0.4532825967364448,0.7311715471066335,0.5414588374696047,0.6833010177725166,46.16903316400021
cgre_pplu,aubin_linear,44,5,natural,8090,4904,0.31926211502776713,0.5650328442026774,0.46322806609149636,0.7459197870348948,0.5559012152003824,0.6945525448425561,52.5983471189993
cgre_pplu,aubin_linear,44,6,natural,9414,4904,0.308522171861432,0.555447721987796,0.4812850161400787,0.7568633868480585,0.5656028593418195,0.7019161299976786,57.23624635899978
cgre_pplu,aubin_linear,44,7,natural,10738,4904,0.3033464715885914,0.5507689820501799,0.4899868649157838,0.7596401329365705,0.567695428043546,0.7052437415627394,69.01120380500015
cgre_pplu,aubin_linear,44,8,natural,12061,4904,0.29682782098735105,0.5448190717911324,0.5009466015240478,0.7703067904373135,0.5780378913822581,0.714899871734623,69.54674033399988
cgre_pplu,aubin_linear,44,9,natural,13385,4904,0.29200426589166895,0.5403741906231911,0.509056392429863,0.776070200324501,0.5838332393478967,0.7185425106378759,82.72797270900082
cgre_pplu,aubin_linear,44,10,natural,14709,4904,0.2945962639523149,0.5427672281487848,0.504698494181964,0.7789601372331004,0.5862150158410299,0.7193853587645846,77.6340312579996
cgre_pplu,mlp_small,44,0,natural,1471,4904,0.43822608581031836,0.6619864695069819,0.26321523131831637,0.5185844234609731,0.3676786752767287,0.5288396831847766,26.982431946322322
cgre_pplu,mlp_small,44,1,natural,2795,4904,0.3893963735383073,0.6240163247370275,0.3453120973563164,0.6041802439093689,0.4328882917250011,0.6074857461285996,15.762549282051623
cgre_pplu,mlp_small,44,2,natural,4119,4904,0.25687451205599987,0.5068278919475524,0.5681196668257672,0.747325267316884,0.5528035909051026,0.754267277257648,21.47849704697728
cgre_pplu,mlp_small,44,3,natural,5442,4904,0.2249963316804201,0.47433778226114365,0.6217161060030114,0.7718139121221532,0.5785256291653285,0.7898021583460058,27.45363927911967
cgre_pplu,mlp_small,44,4,natural,6766,4904,0.17771200081213184,0.4215590122534825,0.7012147390354124,0.808705959280325,0.6165774043500043,0.8378650644207941,34.37005978357047
cgre_pplu,mlp_small,44,5,natural,8090,4904,0.18090412012092802,0.42532824985054546,0.6958478634369714,0.8093080764941479,0.6180880685626388,0.8361634700144431,39.90950574632734
cgre_pplu,mlp_small,44,6,natural,9414,4904,0.161622265427953,0.4020227175520719,0.7282662367600661,0.8258331212209179,0.6376781324645471,0.8610613131112093,44.54741722624749
cgre_pplu,mlp_small,44,7,natural,10738,4904,0.14495179820228216,0.3807253579711787,0.7562941126359852,0.8302195478788607,0.6435338087009159,0.8697466425873337,49.985763906501234
cgre_pplu,mlp_small,44,8,natural,12061,4904,0.13745268026743054,0.37074611294986026,0.7689022983461755,0.8365059755844986,0.6516995126306115,0.8785388986006909,54.63537704665214
cgre_pplu,mlp_small,44,9,natural,13385,4904,0.12980902327294966,0.3602901931401265,0.7817534960108403,0.8454983741991615,0.6612837279504313,0.8875178241850541,62.49620260577649
cgre_pplu,mlp_small,44,10,natural,14709,4904,0.1300151078402322,0.36057607774259265,0.7814070082613642,0.8466793872077372,0.6626366382640995,0.8897417069871651,70.35800142399967
cgre_pplu,CNN_Jannis_OHE,44,0,natural,1471,4904,0.6146403150108327,0.7839899967543162,-0.03338810030060202,0.25245033062558464,0.17559618574318664,0.26441741663434865,23.48407223727554
cgre_pplu,CNN_Jannis_OHE,44,1,natural,2795,4904,0.335297137960728,0.5790484763478166,0.43626855581811474,0.6770480026350764,0.49453289047209237,0.672344193888545,23.557152609340847
cgre_pplu,CNN_Jannis_OHE,44,2,natural,4119,4904,0.20904414714528397,0.4572134590596431,0.6485363409759133,0.777667152190915,0.5851354175495994,0.8129264809837778,47.33159813657403
cgre_pplu,CNN_Jannis_OHE,44,3,natural,5442,4904,0.14231939397910462,0.37725242739988385,0.760719945327036,0.8247879347025292,0.6327531334083569,0.874850042522489,47.58515964075923
cgre_pplu,CNN_Jannis_OHE,44,4,natural,6766,4904,0.11299351302363785,0.33614507734553817,0.8100252311504648,0.8442878527137719,0.6565994118217648,0.9001186550320275,53.85672267340124
cgre_pplu,CNN_Jannis_OHE,44,5,natural,8090,4904,0.090395622148353,0.30065864722032026,0.8480188201684571,0.864392434953072,0.6818906528566959,0.9209030920702543,68.92507717106491
cgre_pplu,CNN_Jannis_OHE,44,6,natural,9414,4904,0.09627298469018741,0.3102788821208872,0.8381372742243433,0.860008124578539,0.6773516574701686,0.916505180789668,58.91716692596674
cgre_pplu,CNN_Jannis_OHE,44,7,natural,10738,4904,0.06377271141224701,0.2525325947521369,0.8927796314562298,0.8866014661034453,0.7164982489280571,0.9455530939591177,99.80756688117981
cgre_pplu,CNN_Jannis_OHE,44,8,natural,12061,4904,0.06165518696884163,0.24830462534725695,0.8963398023536957,0.8830665994798677,0.711455465609491,0.947936595711079,107.79958210326731
cgre_pplu,CNN_Jannis_OHE,44,9,natural,13385,4904,0.09065724025439739,0.301093407856096,0.8475789644821201,0.8637444304315457,0.6804362483681647,0.9246553215441118,70.16720669809729
cgre_pplu,CNN_Jannis_OHE,44,10,natural,14709,4904,0.08018387670328972,0.28316757706928547,0.8651877171127477,0.8760316175593981,0.7008180696710153,0.9368178787485363,86.947844626382
cgre_pplu,aubin_1_10_1,45,0,natural,1471,4904,0.6012521477324116,0.7754045058757472,-0.010878719753199428,0.45588955496952704,0.3220752649171457,0.4578872852817363,37.316256342455745
cgre_pplu,aubin_1_10_1,45,1,natural,2795,4904,0.6022894197285791,0.7760730762812089,-0.01262267391864591,0.4990772613203751,0.35468244749818173,0.4887100898698684,26.543908637948334
cgre_pplu,aubin_1_10_1,45,2,natural,4119,4904,0.3190299463216519,0.5648273597495538,0.4636184088208981,0.725190085628833,0.5295290392822797,0.6844885612008865,43.738122737035155
cgre_pplu,aubin_1_10_1,45,3,natural,5442,4904,0.3258951383861578,0.5708722610060484,0.4520760358061806,0.7019057189640362,0.5104438943695501,0.673560700610925,56.3555087223649
cgre_pplu,aubin_1_10_1,45,4,natural,6766,4904,0.33410600516936817,0.578019035300195,0.43827119447101115,0.7073356008903798,0.514912779699047,0.671184459550048,54.28961709327996
cgre_pplu,aubin_1_10_1,45,5,natural,8090,4904,0.2112535138434837,0.4596232303131378,0.6448217566908265,0.7824604444396269,0.5852036283388427,0.8090776866956213,64.73394841141999
cgre_pplu,aubin_1_10_1,45,6,natural,9414,4904,0.1678309513333482,0.40967176047824944,0.7178276404356021,0.8005699804493713,0.6036955942988452,0.8480931161026628,77.0725814299658
cgre_pplu,aubin_1_10_1,45,7,natural,10738,4904,0.17770679784703397,0.4215528411089575,0.701223486724243,0.8060888949240719,0.6102047340242575,0.8404024640134915,83.29790023900568
cgre_pplu,aubin_1_10_1,45,8,natural,12061,4904,0.20261590136566648,0.450128760873671,0.659344080937369,0.7873298211877482,0.5877149048402003,0.8143397518255618,79.21860430203378
cgre_pplu,aubin_1_10_1,45,9,natural,13385,4904,0.18504277950792392,0.4301659906453832,0.6888895802634318,0.8183107978991071,0.6244328053365926,0.845484599310332,89.80887885484844
cgre_pplu,aubin_1_10_1,45,10,natural,14709,4904,0.12662746900736405,0.3558475361827928,0.7871026087166328,0.8413458493220165,0.6537762287351853,0.8897366456558146,64.83324714470655
cgre_pplu,aubin_linear,45,0,natural,1471,4904,0.4591032156246989,0.6775715575676852,0.228114739222819,0.5040015445383327,0.35710089296502096,0.5167574099946339,39.98359883669764
cgre_pplu,aubin_linear,45,1,natural,2795,4904,0.37291245226995806,0.6106655813699984,0.373026335535932,0.6556517998752732,0.47353062940735136,0.6270047711266361,31.25563401170075
cgre_pplu,aubin_linear,45,2,natural,4119,4904,0.3588186666004911,0.5990147465634641,0.3967220646368739,0.6753575538273299,0.4912653708409211,0.6426953202818249,43.74157920945436
cgre_pplu,aubin_linear,45,3,natural,5442,4904,0.34026958173532673,0.5833263081117864,0.42790843999005757,0.7075413943682279,0.5192622017669177,0.6678618089456045,45.64522076677531
cgre_pplu,aubin_linear,45,4,natural,6766,4904,0.3266403532784303,0.5715245867663352,0.45082311408426645,0.7276885269806739,0.537128687538549,0.6832434301900305,57.29802239686251
cgre_pplu,aubin_linear,45,5,natural,8090,4904,0.32419734500347186,0.5693833023574469,0.4549305174202052,0.735549409002654,0.5448748568506603,0.6890625528824602,62.45801303163171
cgre_pplu,aubin_linear,45,6,natural,9414,4904,0.3088495267068341,0.555742320420925,0.480734637986299,0.7563059904045855,0.5642578672024581,0.7033198523147821,67.08235696982592
cgre_pplu,aubin_linear,45,7,natural,10738,4904,0.3054673718294753,0.5526910274551916,0.48642101832660345,0.7639884379801443,0.5712383864080912,0.7092564670445696,67.9979562163353
cgre_pplu,aubin_linear,45,8,natural,12061,4904,0.2970803008114994,0.5450507323281929,0.5005221099320242,0.7676717678209758,0.5742274270947858,0.7106782218760533,84.78374958410859
cgre_pplu,aubin_linear,45,9,natural,13385,4904,0.2929416347544442,0.5412408287947651,0.5074804043198622,0.7768728193770892,0.5830729769574408,0.7203230014578514,85.8578810300678
cgre_pplu,aubin_linear,45,10,natural,14709,4904,0.28503931633924096,0.533890734457193,0.5207664866278758,0.7824728311020048,0.5886120699231571,0.7244740243726114,81.96349943894893
cgre_pplu,mlp_small,45,0,natural,1471,4904,0.4486536353669466,0.6698161205636564,0.24568350526008598,0.5104000233849872,0.36115977565797885,0.5319237030011215,61.89278985094279
cgre_pplu,mlp_small,45,1,natural,2795,4904,0.3554052132640821,0.5961587148269176,0.4024610667371744,0.6398179161021164,0.4622678851362443,0.6379484483108303,46.42583478614688
cgre_pplu,mlp_small,45,2,natural,4119,4904,0.2830627205912141,0.5320363902884973,0.5240897156371536,0.723526954554536,0.5339738699464176,0.7245336130375994,61.853283734060824
cgre_pplu,mlp_small,45,3,natural,5442,4904,0.22272400960323716,0.4719364465722447,0.6255365364844871,0.7844880742896745,0.5891920046686533,0.8078455036418561,80.04275272041559
cgre_pplu,mlp_small,45,4,natural,6766,4904,0.1743569885919225,0.41756076035940265,0.7068554847204174,0.8132349094004996,0.6211463263334562,0.8417633403189344,96.00475221686065
cgre_pplu,mlp_small,45,5,natural,8090,4904,0.1930657148035534,0.43939243826396623,0.675400706101575,0.7994557731689983,0.6042280745462324,0.8221272908612384,113.40889352094382
cgre_pplu,mlp_small,45,6,natural,9414,4904,0.15969247478592982,0.3996154085942255,0.7315107728518828,0.8244960378480909,0.6333507075259637,0.8579429311299461,125.03861404396594
cgre_pplu,mlp_small,45,7,natural,10738,4904,0.28792319680359424,0.5365847526752826,0.5159178496579765,0.773072646350633,0.5783001536676012,0.7259477624971079,105.4871204039082
cgre_pplu,mlp_small,45,8,natural,12061,4904,0.12568695025761625,0.35452355388269513,0.7886838926974629,0.8508368034047954,0.6691045051524619,0.8895894276614433,117.89502396993339
cgre_pplu,mlp_small,45,9,natural,13385,4904,0.11988006051405373,0.34623700049829126,0.7984469534896099,0.8550161737256804,0.6759073124852335,0.8947060911664726,129.83483691327274
cgre_pplu,mlp_small,45,10,natural,14709,4904,0.10554030058517054,0.324869667074614,0.8225562364470972,0.8665744579647692,0.6919738459985821,0.9070555645492864,138.0264492109418
cgre_pplu,CNN_Jannis_OHE,45,0,natural,1471,4904,0.6056132217155304,0.7782115533166611,-0.018210946176723253,0.06551700309361494,0.04516772625586043,0.07876141864453796,22.294314530678093
cgre_pplu,CNN_Jannis_OHE,45,1,natural,2795,4904,0.2959892261080729,0.5440489188557155,0.5023565220060842,0.7093907156020749,0.5225599600262617,0.7157489928341987,30.43359926622361
cgre_pplu,CNN_Jannis_OHE,45,2,natural,4119,4904,0.21623627524145583,0.465012123757495,0.6364442939544116,0.766036995236959,0.5707922680453179,0.8042741424801696,32.082993015646935
cgre_pplu,CNN_Jannis_OHE,45,3,natural,5442,4904,0.10504232069562836,0.3241023305927132,0.8233934846383956,0.8560565436985765,0.6729272915147853,0.9097655147799777,67.9256767584011
cgre_pplu,CNN_Jannis_OHE,45,4,natural,6766,4904,0.07698853557520603,0.2774680802816894,0.8705600095210395,0.8736902017406795,0.6960505120352922,0.9334260973013686,71.31231790035963
cgre_pplu,CNN_Jannis_OHE,45,5,natural,8090,4904,0.09559009852051378,0.30917648442356316,0.8392854033404559,0.8614651606198488,0.6773011404648422,0.9165205318992348,54.85096887871623
cgre_pplu,CNN_Jannis_OHE,45,6,natural,9414,4904,0.05720638044089604,0.23917855347186973,0.9038195325540122,0.8878634065996104,0.7189124523653777,0.9510672470649626,107.00990642700344
cgre_pplu,CNN_Jannis_OHE,45,7,natural,10738,4904,0.05370368286148612,0.23174055074907826,0.9097085800328619,0.8855963358649195,0.7154725842138234,0.9541637085954744,119.52030273713171
cgre_pplu,CNN_Jannis_OHE,45,8,natural,12061,4904,0.05334809155869662,0.23097205796090708,0.910306431836427,0.8927245019523584,0.7280043734906831,0.9541985735841352,132.17212170735002
cgre_pplu,CNN_Jannis_OHE,45,9,natural,13385,4904,0.06626486428771414,0.25741962685023484,0.8885896018360734,0.8887641541307255,0.7202401676645028,0.9447471205603766,140.08857928216457
cgre_pplu,CNN_Jannis_OHE,45,10,natural,14709,4904,0.05318091390143962,0.23060987381601772,0.9105875058197411,0.8893129939663235,0.7228784152845699,0.9544066588634561,159.74840216897428
cgre_pplu,aubin_1_10_1,46,0,natural,1471,4904,0.5994576179213379,0.774246483958008,-0.007861596230533063,0.50059609365203,0.35412103796803124,0.5019797047126178,34.06569267299983
cgre_pplu,aubin_1_10_1,46,1,natural,2795,4904,0.43035756691327837,0.6560164379901454,0.27644448686275347,0.6639745521421652,0.4781582605517809,0.5818542949648718,26.115868779000266
cgre_pplu,aubin_1_10_1,46,2,natural,4119,4904,0.35604900404376694,0.5966984196759423,0.4013786682765432,0.6781598572624353,0.49117734872383173,0.6504640723681239,36.94320267399962
cgre_pplu,aubin_1_10_1,46,3,natural,5442,4904,0.31882431026002345,0.564645295969092,0.4639641425026787,0.709539279483211,0.5193967495129467,0.6931944174446036,44.20502751499953
cgre_pplu,aubin_1_10_1,46,4,natural,6766,4904,0.5057377030889181,0.7111523768426272,0.14970868086282962,0.7124442475677106,0.520841965770984,0.5680251745023077,48.02041012400059
cgre_pplu,aubin_1_10_1,46,5,natural,8090,4904,0.3342533807030732,0.5781465045324353,0.43802341358341423,0.726265271020337,0.532756619994544,0.6776211027478255,55.927400618999854
cgre_pplu,aubin_1_10_1,46,6,natural,9414,4904,0.17362134543824995,0.41667894767824537,0.7080923135819597,0.806244283867708,0.6100980404075637,0.8427289921100451,59.55958731800001
cgre_pplu,aubin_1_10_1,46,7,natural,10738,4904,0.14180429304370837,0.37656910792536924,0.761585978947175,0.827944363389078,0.6372396272282651,0.8736674651487497,69.08411459699983
cgre_pplu,aubin_1_10_1,46,8,natural,12061,4904,0.13010266756718855,0.360697473746613,0.7812597950413842,0.8318323279151576,0.6395337873355361,0.8886448157007234,84.20755313399968
cgre_pplu,aubin_1_10_1,46,9,natural,13385,4904,0.14571410591142753,0.38172517065478867,0.7550124529463107,0.8263028629173418,0.6340348188501237,0.8709998351516526,80.58581365999999
cgre_pplu,aubin_1_10_1,46,10,natural,14709,4904,0.13439138727965605,0.3665943088478817,0.7740492170689477,0.8356010440105421,0.644592988235051,0.8863986832485105,86.57487293699978
cgre_pplu,aubin_linear,46,0,natural,1471,4904,0.4674475767136847,0.6837013797804453,0.21408545535812928,0.5041831210862333,0.35762676227537266,0.5098577188874219,41.93306534178555
cgre_pplu,aubin_linear,46,1,natural,2795,4904,0.3743692683444454,0.6118572287261509,0.3705770064585263,0.6460245254658421,0.4655691833616632,0.6233804289587328,31.95108729135245
cgre_pplu,aubin_linear,46,2,natural,4119,4904,0.3554670081870111,0.5962105401508859,0.4023571716029726,0.6807191252235791,0.4949074608660358,0.648909663076519,39.50881556607783
cgre_pplu,aubin_linear,46,3,natural,5442,4904,0.34009435133514054,0.5831760894748177,0.4282030529627847,0.715274560250474,0.5260140415837224,0.6752029128565906,55.00665398966521
cgre_pplu,aubin_linear,46,4,natural,6766,4904,0.3299339928040183,0.5743988098908444,0.44528555364558553,0.7326748026400381,0.5419280536037395,0.6859843984513857,54.80224470887333
cgre_pplu,aubin_linear,46,5,natural,8090,4904,0.32043950501887014,0.5660737628780106,0.46124853305973046,0.7365581799163651,0.5455309632051323,0.6863133679543411,60.36926796287298
cgre_pplu,aubin_linear,46,6,natural,9414,4904,0.3129096203780172,0.5593832499977249,0.47390844649927866,0.7477148439343628,0.5565771687250309,0.6953002010462539,68.38778375089169
cgre_pplu,aubin_linear,46,7,natural,10738,4904,0.3116381703259654,0.5582456182774437,0.4760461216921168,0.7539196074054262,0.562875555243132,0.6991004083261605,76.1922791134566
cgre_pplu,aubin_linear,46,8,natural,12061,4904,0.30052173119037223,0.5481986238493967,0.4947360703334379,0.7665635504751922,0.5737107436037464,0.7107411134129666,87.34369031153619
cgre_pplu,aubin_linear,46,9,natural,13385,4904,0.2919617642626075,0.5403348630827068,0.5091278499581813,0.7760752678677477,0.5829545417967539,0.7158491083928118,95.04220947716385
cgre_pplu,aubin_linear,46,10,natural,14709,4904,0.2868533134235782,0.5355868869040561,0.517716632989653,0.7851255247348362,0.590716501490154,0.7227169328867957,68.35391645040363
cgre_pplu,mlp_small,46,0,natural,1471,4904,0.4449437224570994,0.6670410200708045,0.25192094162824874,0.528612490617082,0.37392059935100375,0.5374315216852379,50.11836517136544
cgre_pplu,mlp_small,46,1,natural,2795,4904,0.3635522134983814,0.6029529115099963,0.38876360353851847,0.6374475229338467,0.4606669440927318,0.6258230641803326,40.20942561049014
cgre_pplu,mlp_small,46,2,natural,4119,4904,0.24047891852931294,0.49038649913034205,0.5956854005306012,0.7615187831094384,0.5666104980311413,0.7767523573832074,66.10677225422114
cgre_pplu,mlp_small,46,3,natural,5442,4904,0.2519802217760855,0.501976315951346,0.5763483840302208,0.7682937490521003,0.5739002656331776,0.763320408207792,81.18283645343035
cgre_pplu,mlp_small,46,4,natural,6766,4904,0.1767957355575106,0.4204708498308897,0.7027552458777399,0.8115573895511613,0.6196508838704939,0.8399152635189593,99.40954080130905
cgre_pplu,mlp_small,46,5,natural,8090,4904,0.17613993296996655,0.4196902821962483,0.7038578396607436,0.8177334782243862,0.6276771356033044,0.8453944117532359,115.6663190452382
cgre_pplu,mlp_small,46,6,natural,9414,4904,0.13649255185887024,0.36944898410859145,0.7705165518338422,0.8404633319507363,0.6539250123130531,0.8789788047506918,131.2758608823642
cgre_pplu,mlp_small,46,7,natural,10738,4904,0.2845655351560823,0.5334468437961577,0.5215630497963915,0.7702492716820729,0.576906176036022,0.7284811390231819,122.43614536337554
cgre_pplu,mlp_small,46,8,natural,12061,4904,0.1276307849126982,0.3572545099963025,0.7854157445586962,0.8433729471941169,0.657709841501605,0.8871737762986588,131.68123656511307
cgre_pplu,mlp_small,46,9,natural,13385,4904,0.1314810011922905,0.362603090434004,0.7789424176555558,0.8461921791309199,0.6606453802452342,0.8879444323474206,141.05991312675178
cgre_pplu,mlp_small,46,10,natural,14709,4904,0.11658079080497882,0.34143929300093573,0.8039939798947687,0.8525832649775203,0.6691824353947716,0.8971277613673695,148.62576279323548
cgre_pplu,CNN_Jannis_OHE,46,0,natural,1471,4904,0.6108987380598887,0.78160011390729,-0.027097427523310458,0.3608000256009265,0.2502783511716486,0.3575954493223479,24.328562004491687
cgre_pplu,CNN_Jannis_OHE,46,1,natural,2795,4904,0.32031663175661823,0.5659652213313272,0.4614551185438832,0.6707483880359502,0.4878879375237066,0.6848106398213462,21.566866235807538
cgre_pplu,CNN_Jannis_OHE,46,2,natural,4119,4904,0.1785315965684737,0.4225299948742973,0.6998367615728608,0.8067543208506204,0.613902526686568,0.8423571164512839,44.71729704644531
cgre_pplu,CNN_Jannis_OHE,46,3,natural,5442,4904,0.10111120460851135,0.317979880823475,0.8300028275111542,0.856598693334834,0.6729155288766253,0.9129091661580644,67.85983940307051
cgre_pplu,CNN_Jannis_OHE,46,4,natural,6766,4904,0.08019785213669459,0.28319225296023653,0.8651642203680265,0.866354012909099,0.6848392113356367,0.9302908460905436,61.490637082606554
cgre_pplu,CNN_Jannis_OHE,46,5,natural,8090,4904,0.062285414682487744,0.24957046035636457,0.895280207329002,0.8819083542740379,0.7107669276012709,0.9466251704013102,93.24751743394881
cgre_pplu,CNN_Jannis_OHE,46,6,natural,9414,4904,0.07401985465328374,0.2720659013057016,0.8755512205812022,0.8791501625277216,0.7060014398748188,0.9404386959586403,102.6618723552674
cgre_pplu,CNN_Jannis_OHE,46,7,natural,10738,4904,0.07539752565099747,0.27458609879416235,0.8732349572636201,0.8750583472757361,0.6997492450951452,0.9353319571608001,79.64590806607157
cgre_pplu,CNN_Jannis_OHE,46,8,natural,12061,4904,0.071437222874501,0.2672774267956443,0.8798933714009141,0.8797775359825053,0.7057597170501554,0.9395659038232729,86.44661322981119
cgre_pplu,CNN_Jannis_OHE,46,9,natural,13385,4904,0.05940965618604072,0.24374096123967495,0.9001151889222846,0.8877895118771317,0.7202494850974017,0.9499917765489839,130.8929451731965
cgre_pplu,CNN_Jannis_OHE,46,10,natural,14709,4904,0.057987443890043656,0.2408058219604411,0.9025063390419422,0.889400462326202,0.7220942773988288,0.9501142567624656,150.14836269896477
amac_pplu,aubin_1_10_1,42,0,natural,1471,4904,0.691540854110001,0.8315893542548516,-0.16268014325808533,0.20991097371914447,0.14817394702677109,0.25101403653644644,39.05985624500045
amac_pplu,aubin_1_10_1,42,1,natural,2795,4904,0.6101040113492944,0.7810915511956933,-0.02576126211784935,0.3944335362169445,0.27896857108803513,0.39506404121319494,24.74524943799952
amac_pplu,aubin_1_10_1,42,2,natural,4119,4904,0.598490735379222,0.7736218296940838,-0.006235987091319117,0.4946084304424835,0.3538726730525087,0.4970852754332272,31.277705303999937
amac_pplu,aubin_1_10_1,42,3,natural,5442,4904,0.5955730587985784,0.771733800476938,-0.0013305290773750755,0.43999995520429414,0.3117249839618281,0.44235987782870223,33.02045240000007
amac_pplu,aubin_1_10_1,42,4,natural,6766,4904,0.5482772248613997,0.74045744297792,0.07818744394008359,0.35256767806355865,0.24782770245555535,0.4008205204447646,44.93573862199992
amac_pplu,aubin_1_10_1,42,5,natural,8090,4904,0.6151059379409751,0.7842868977236424,-0.03417094708673862,0.3438793678037351,0.24121599058409382,0.4050260378462668,52.218033522999576
amac_pplu,aubin_1_10_1,42,6,natural,9414,4904,0.7406986555227121,0.8606385161743065,-0.24532862201259142,0.33728938129162583,0.2354746077473565,0.3955120689572065,58.01441053399958
amac_pplu,aubin_1_10_1,42,7,natural,10738,4904,0.5039010934767744,0.7098599111633044,0.15279655269898396,0.3363630747399314,0.23591440480365125,0.39822179559633614,65.94314788500014
amac_pplu,aubin_1_10_1,42,8,natural,12061,4904,1.2688159867704274,1.1264173235397383,-1.133246567428004,0.3459522043425313,0.24069616589989298,0.40755816003627326,72.46094984800038
amac_pplu,aubin_1_10_1,42,9,natural,13385,4904,1.3318042749030294,1.154038246724531,-1.2391480936131014,-0.4481047487477189,-0.31590289194225296,-0.4110010578349693,81.60033443800057
amac_pplu,aubin_1_10_1,42,10,natural,14709,4904,1.2275456155249311,1.107946576114991,-1.0638591395315236,-0.3700655399572123,-0.2639860778148313,-0.4379376719815906,84.99447952999981
amac_pplu,aubin_linear,42,0,natural,1471,4904,0.9277585677305286,0.9632022465352376,-0.5598304250962796,0.2817997643065575,0.19893971128013385,0.3066159109729688,40.690351703204215
amac_pplu,aubin_linear,42,1,natural,2795,4904,20.598323731407188,4.538537620358257,-33.63173844982903,0.32127226058952185,0.22620174956602465,0.3548025085430561,21.09043502435088
amac_pplu,aubin_linear,42,2,natural,4119,4904,20.90585686895272,4.57229229915944,-34.148790581012555,0.347322880791691,0.2454670486109477,0.3773014413922261,24.676598857156932
amac_pplu,aubin_linear,42,3,natural,5442,4904,10.647304620106086,3.263020781439506,-16.90119786480217,0.36500728580890895,0.25968588386590086,0.39055212894485614,30.476454979740083
amac_pplu,aubin_linear,42,4,natural,6766,4904,4.719156598198253,2.172361985995486,-6.934266843441915,0.36580720469269956,0.2587427663933608,0.39864969745934387,35.41758274752647
amac_pplu,aubin_linear,42,5,natural,8090,4904,7.6193881066168005,2.7603239133508954,-11.810394646519347,0.38972434950917023,0.2773001088517178,0.40995619982780335,39.88737935107201
amac_pplu,aubin_linear,42,6,natural,9414,4904,5.581182321492589,2.3624526072479397,-8.383581349584725,0.38940219711989593,0.276117719522282,0.4181276076680798,60.08807868603617
amac_pplu,aubin_linear,42,7,natural,10738,4904,5.242069484244903,2.289556613024649,-7.813434611545329,0.3960326783752886,0.28099791990840345,0.4262880526002034,58.43437081668526
amac_pplu,aubin_linear,42,8,natural,12061,4904,3.801321915792141,1.9496979037256363,-5.391121339188843,0.39727632988259814,0.28167236225919023,0.4304945387870206,47.90610201749951
amac_pplu,aubin_linear,42,9,natural,13385,4904,6.856398323051056,2.61847251714641,-10.527588192514004,0.4023919393078303,0.284744040067893,0.4302468689783965,69.59598278906196
amac_pplu,aubin_linear,42,10,natural,14709,4904,8.207469544146738,2.86486815475804,-12.799129593950184,0.40225707672727895,0.28574698098276174,0.42888001685628546,59.81467882078141
amac_pplu,mlp_small,42,0,natural,1471,4904,1.4213415685545165,1.1922003055504207,-1.389686175045226,0.28571018126512315,0.20137037443397351,0.32462667275490786,52.10661070048809
amac_pplu,mlp_small,42,1,natural,2795,4904,7.267768770286881,2.6958799621435077,-11.219220867115485,0.3292485777657452,0.23246476446576617,0.3746006574799165,41.24531878717244
amac_pplu,mlp_small,42,2,natural,4119,4904,11.409605038149461,3.3778106871388545,-18.182845296025935,0.30285719896828367,0.21487265089879604,0.3233568630520173,71.19617633055896
amac_pplu,mlp_small,42,3,natural,5442,4904,5.826726344613761,2.413861293573796,-8.796411854510007,0.36297322466115106,0.25590012840157583,0.41066639710498365,65.87137488927692
amac_pplu,mlp_small,42,4,natural,6766,4904,8.111186653269192,2.848014510719563,-12.637250213009084,0.3450959299436248,0.24295842837851347,0.37169451756523675,109.5581308240071
amac_pplu,mlp_small,42,5,natural,8090,4904,9.101962058178161,3.0169458162483065,-14.30303016349182,0.33676845719058246,0.23656940610973698,0.37154345475013384,119.33083951473236
amac_pplu,mlp_small,42,6,natural,9414,4904,11.279152431531031,3.3584449424593865,-17.963516742333024,0.3452934602998002,0.24339297235295845,0.34499284663492313,141.92411735001951
amac_pplu,mlp_small,42,7,natural,10738,4904,12.531814745523821,3.540030331158735,-20.06960431478969,0.3170252277102633,0.22188778402292236,0.2565846712151253,127.22153440397233
amac_pplu,mlp_small,42,8,natural,12061,4904,10.59440931109744,3.2549054227576937,-16.812265555032848,0.33534693173079905,0.23616866152826832,0.34500778859128256,107.17827671952546
amac_pplu,mlp_small,42,9,natural,13385,4904,10.149857510086306,3.185884101797538,-16.064845429940647,0.4126643153916656,0.29152695863857686,0.4229505785259168,124.255878938362
amac_pplu,mlp_small,42,10,natural,14709,4904,8.422924692825426,2.902227539808935,-13.161372000371458,0.3168666217495282,0.22439476648159137,0.33254366669772617,133.52832987345755
amac_pplu,CNN_Jannis_OHE,42,0,natural,1471,4904,1.41323192948887,1.1887943175709035,-1.3760515267745146,0.07041481629002336,0.050752957334429145,0.08964739773689687,45.38058811798692
amac_pplu,CNN_Jannis_OHE,42,1,natural,2795,4904,1.285843901104527,1.1339505726020545,-1.1618754152533968,0.028382480209329403,0.019403763593675707,0.04681682549221061,33.73908537160605
amac_pplu,CNN_Jannis_OHE,42,2,natural,4119,4904,1.292582811367857,1.1369181199047964,-1.1732054720444096,0.09320337029936579,0.06689430011336049,0.09068115581575092,54.26592522673309
amac_pplu,CNN_Jannis_OHE,42,3,natural,5442,4904,1.3391962615860422,1.157236476086907,-1.2515761607106386,-0.16608225466780163,-0.11628679417954384,-0.18160285872172527,57.35858766827732
amac_pplu,CNN_Jannis_OHE,42,4,natural,6766,4904,1.284679633934736,1.1334370886532414,-1.1599179454788802,-0.004691817329254456,-0.0027957676622514514,-0.01736619192217194,80.27556269802153
amac_pplu,CNN_Jannis_OHE,42,5,natural,8090,4904,1.2723734570398086,1.1279953266923621,-1.1392277036368887,-0.10743120213706955,-0.07282510604606196,-0.12030143870952051,92.5175646012649
amac_pplu,CNN_Jannis_OHE,42,6,natural,9414,4904,1.238655118254208,1.1129488390102251,-1.0825374260680807,-0.0848230624641324,-0.05974050211828409,-0.07822489964000011,105.65800878312439
amac_pplu,CNN_Jannis_OHE,42,7,natural,10738,4904,1.285461908281892,1.1337821255787603,-1.1612331748606488,0.1452691578842462,0.10050937518032431,0.16357563893125127,85.34214929211885
amac_pplu,CNN_Jannis_OHE,42,8,natural,12061,4904,1.2593871653423725,1.122224204578734,-1.1173939921483629,-0.1255377575735694,-0.08848842317377811,-0.12366082672417789,131.69550764374435
amac_pplu,CNN_Jannis_OHE,42,9,natural,13385,4904,1.2676223218996494,1.1258873486719927,-1.1312396716174238,-0.13476881592482284,-0.0932788997067639,-0.1108461233879233,116.02585717570037
amac_pplu,CNN_Jannis_OHE,42,10,natural,14709,4904,1.2296725833559468,1.1089060299935007,-1.0674351874942336,-0.038551535193785354,-0.025875770811925828,-0.058686136613120506,148.8613206036389
amac_pplu,aubin_1_10_1,43,0,natural,1471,4904,0.5934538855871088,0.7703595820051236,0.0022324138759679535,0.4092287438064827,0.28894957669113613,0.4142915814029422,29.978785913437605
amac_pplu,aubin_1_10_1,43,1,natural,2795,4904,0.5925197286250837,0.7697530309294558,0.003803001852047294,0.3911058512701636,0.27502496359851547,0.39357612709042344,30.400376820005476
amac_pplu,aubin_1_10_1,43,2,natural,4119,4904,0.6104133631064503,0.7812895513869684,-0.026281371874474102,0.3074881406723415,0.2149357140267765,0.3580197717251956,36.90669070743024
amac_pplu,aubin_1_10_1,43,3,natural,5442,4904,0.5795821557777507,0.7613029329890636,0.025554802865897952,0.29984161744591536,0.2108436454651134,0.3595053271565566,43.295932858251035
amac_pplu,aubin_1_10_1,43,4,natural,6766,4904,0.6241879096472629,0.790055637058089,-0.049440367688248,0.3126581096713315,0.21823228072477668,0.32757106629204263,51.09653129708022
amac_pplu,aubin_1_10_1,43,5,natural,8090,4904,0.5755366174076118,0.7586412969299864,0.032356522683019806,0.3299908559608702,0.23073185903639423,0.3860840480052114,57.3932666555047
amac_pplu,aubin_1_10_1,43,6,natural,9414,4904,0.6807620687666837,0.8250830677978331,-0.1445578882783054,0.3465980176357171,0.24348308379447547,0.4090180978862381,64.98885478358716
amac_pplu,aubin_1_10_1,43,7,natural,10738,4904,0.5215595529136545,0.7221908009062803,0.12310757622598556,0.35878786777048777,0.25163194387498033,0.41943874055996067,72.9972348306328
amac_pplu,aubin_1_10_1,43,8,natural,12061,4904,1.2099637637613334,1.0999835288591069,-1.034298962709359,0.45942421290733004,0.32351554631484275,0.48213497181103787,78.7756408136338
amac_pplu,aubin_1_10_1,43,9,natural,13385,4904,1.0052758425777168,1.0026344511225,-0.6901593791828722,0.333875630652245,0.2316035991773769,0.20656093737801678,86.74640919081867
amac_pplu,aubin_1_10_1,43,10,natural,14709,4904,1.1441140590489627,1.0696326748229799,-0.9235865678400557,-0.3965171314418949,-0.27966881962361706,-0.45672193796704225,82.79384457040578
amac_pplu,aubin_linear,43,0,natural,1471,4904,1.0643976981741206,1.0316965145691444,-0.7895603142483458,0.29038067940004536,0.20355443943694604,0.31793578060210387,41.3250437050001
amac_pplu,aubin_linear,43,1,natural,2795,4904,13.184143908243039,3.6309976464111124,-21.166358266279534,0.34053908728262183,0.24091767103451114,0.37121205872163465,29.455342354000095
amac_pplu,aubin_linear,43,2,natural,4119,4904,11.571267808832596,3.4016566271204676,-18.454647160312415,0.35989436815082865,0.25418166862397923,0.38284437388475323,36.13511022899911
amac_pplu,aubin_linear,43,3,natural,5442,4904,12.595032194027349,3.548948040480073,-20.175891125822837,0.37392704960654516,0.26518390361148225,0.4011192977422503,43.858264290999614
amac_pplu,aubin_linear,43,4,natural,6766,4904,14.239426975754432,3.773516526498119,-22.940594250776858,0.3813996173200579,0.26940624210680053,0.4072197849558772,48.24137004400018
amac_pplu,aubin_linear,43,5,natural,8090,4904,10.945677275671734,3.3084251957195185,-17.40284857691206,0.3930605113601112,0.27845125274434745,0.416031858818397,55.02023318100055
amac_pplu,aubin_linear,43,6,natural,9414,4904,12.284258728161058,3.50489068704875,-19.653391065751542,0.39270697422607515,0.2794838043298764,0.4157107726665039,60.55931522499941
amac_pplu,aubin_linear,43,7,natural,10738,4904,8.311621647915496,2.882988319073717,-12.974239397240602,0.390741905678706,0.27702863381397325,0.42092688367941145,69.7504692879993
amac_pplu,aubin_linear,43,8,natural,12061,4904,8.21449059025806,2.8660932626587816,-12.810934002684707,0.417087222267748,0.2967253790606676,0.4325611164826435,76.56104883900025
amac_pplu,aubin_linear,43,9,natural,13385,4904,10.93790597342188,3.3072505156733865,-17.389782770662926,0.42282752097334403,0.3013609922306064,0.4381674488613708,78.16850434300068
amac_pplu,aubin_linear,43,10,natural,14709,4904,9.39965706117708,3.065886015685691,-14.80354154568551,0.4207668950412775,0.2997916886024798,0.4352108386772564,70.63951512299991
amac_pplu,mlp_small,43,0,natural,1471,4904,2.6098976881161744,1.6155177770969202,-3.387992697572681,0.2818323002248732,0.19767338152007602,0.3306999288876125,37.983808636665344
amac_pplu,mlp_small,43,1,natural,2795,4904,12.19849997015805,3.492635104066563,-19.509205795354326,0.3066638041962986,0.21567923524692925,0.30853359165752753,44.29375685937703
amac_pplu,mlp_small,43,2,natural,4119,4904,12.586840955612669,3.5477938152621933,-20.16211928545095,0.2703843118757206,0.18861808297579907,0.2131414410961874,72.05895322281867
amac_pplu,mlp_small,43,3,natural,5442,4904,11.973900758572231,3.4603324635896233,-19.131589575068496,0.31727207157104315,0.22235578381486756,0.30497272947029547,70.2317156586796
amac_pplu,mlp_small,43,4,natural,6766,4904,8.865680551617292,2.9775292696491316,-13.905772627274402,0.31991516464674147,0.22528863975706895,0.3657397059395918,86.19842469040304
amac_pplu,mlp_small,43,5,natural,8090,4904,11.910924544302825,3.45122073248044,-19.025708348538735,0.3543772116433133,0.24939223528323695,0.28761895244340846,99.33954515494406
amac_pplu,mlp_small,43,6,natural,9414,4904,12.800733323236592,3.5778112475697474,-20.521734205021904,0.285738035483236,0.19848519126027203,0.2332644112654937,120.14012902416289
amac_pplu,mlp_small,43,7,natural,10738,4904,11.73880205801396,3.4261935231410905,-18.736320677764272,0.36607797502966616,0.25841548099727785,0.3468856177302819,108.50446634739637
amac_pplu,mlp_small,43,8,natural,12061,4904,9.31367606895794,3.051831592496208,-14.658982635309231,0.33708862972129067,0.23716809762356716,0.35410500315424187,117.76116033643484
amac_pplu,mlp_small,43,9,natural,13385,4904,8.260828128147372,2.87416564034632,-12.88884080294267,0.32569855268252984,0.22967492826116495,0.3373202324178344,127.39279867801815
amac_pplu,mlp_small,43,10,natural,14709,4904,10.78670334811874,3.284311700816282,-17.13556743543923,0.3513905415648203,0.247942428108172,0.3687526233135776,137.4908954948187
amac_pplu,CNN_Jannis_OHE,43,0,natural,1471,4904,1.3785915421528965,1.174134379938215,-1.3178110189709096,-0.2767914277390766,-0.1927037376456762,-0.3286891156711995,110.45379851479083
amac_pplu,CNN_Jannis_OHE,43,1,natural,2795,4904,1.3170629143310997,1.1476336150231483,-1.2143636038469134,0.12125973798694736,0.0863881982744668,0.12457470878865726,81.807292454876
amac_pplu,CNN_Jannis_OHE,43,2,natural,4119,4904,1.3521823433488143,1.162833755679983,-1.2734095192382888,-0.2622790213835499,-0.18266579009855857,-0.30998954925010924,114.37598298117518
amac_pplu,CNN_Jannis_OHE,43,3,natural,5442,4904,1.291871162335661,1.1366051039546061,-1.172008984239263,-0.3166698897610407,-0.21960533136794916,-0.37106933454811236,271.02340354118496
amac_pplu,CNN_Jannis_OHE,43,4,natural,6766,4904,1.2367016506821085,1.1120708838388444,-1.079253082210331,-0.2391846811485247,-0.1640349103466445,-0.3098689446684895,322.10864063631743
amac_pplu,CNN_Jannis_OHE,43,5,natural,8090,4904,1.2415532008528976,1.1142500620834166,-1.0874099409325195,-0.31256324403533914,-0.21889992560751328,-0.3473532502164899,311.69488820433617
amac_pplu,CNN_Jannis_OHE,43,6,natural,9414,4904,1.2734320947377045,1.1284644853683719,-1.1410075797250947,-0.3164972762740787,-0.22233400720987248,-0.32912168477633597,424.29909546487033
amac_pplu,CNN_Jannis_OHE,43,7,natural,10738,4904,1.2427112855686075,1.1147696109818421,-1.089357016213993,-0.2565647782112093,-0.17731260110134117,-0.22554913981568092,472.89769802056253
amac_pplu,CNN_Jannis_OHE,43,8,natural,12061,4904,1.2497759022356967,1.1179337646907783,-1.101234679651717,-0.2534901486711688,-0.17526186906222643,-0.308324129875254,394.54821931011975
amac_pplu,CNN_Jannis_OHE,43,9,natural,13385,4904,1.237548265102338,1.1124514664030687,-1.0806764858596551,-0.2191604445007781,-0.15103731006939972,-0.25407521945215633,470.0350349023938
amac_pplu,CNN_Jannis_OHE,43,10,natural,14709,4904,1.2787953417875362,1.1308383358321101,-1.1500247488643671,-0.22571607243854808,-0.15733693101170013,-0.21360736918125284,520.2740519391373
amac_pplu,aubin_1_10_1,44,0,natural,1471,4904,0.5931137012700745,0.7701387545566541,0.0028043620813602566,0.3631955357527495,0.25507921535484773,0.37461319877190125,18.80390259064734
amac_pplu,aubin_1_10_1,44,1,natural,2795,4904,0.8392388132666686,0.9160997834661182,-0.4110031212724623,0.33185268234149146,0.23245631317910212,0.372061081150337,6.256652073934674
amac_pplu,aubin_1_10_1,44,2,natural,4119,4904,0.6325967416386854,0.7953595046510008,-0.06357804578248416,0.42499748272975657,0.30035418586429136,0.42828028257139444,4.951890965923667
amac_pplu,aubin_1_10_1,44,3,natural,5442,4904,0.6082157405550069,0.7798818760267525,-0.022586532896048395,0.44906042225015086,0.31741011642369,0.45621480380217816,5.462358770892024
amac_pplu,aubin_1_10_1,44,4,natural,6766,4904,1.996397953691444,1.4129394727628795,-2.3565222430501493,0.32870688477618304,0.23118305184712967,0.2317149178402768,11.989536915905774
amac_pplu,aubin_1_10_1,44,5,natural,8090,4904,0.6476980194268854,0.804796880850619,-0.08896766046368931,0.29307505462660094,0.20434449347859898,0.3598666333005133,13.536083690822124
amac_pplu,aubin_1_10_1,44,6,natural,9414,4904,1.5440745118043178,1.2426079477471235,-1.5960357423803564,0.345057910127926,0.24256395935666814,0.3353269725108161,14.93494494818151
amac_pplu,aubin_1_10_1,44,7,natural,10738,4904,1.0523563394343245,1.0258442081692154,-0.7693153083005393,0.3505324241756948,0.24543075165287803,0.3750790917360834,18.48561062477529
amac_pplu,aubin_1_10_1,44,8,natural,12061,4904,1.2997202861546757,1.1400527558646905,-1.1852056310492154,0.42205496661480224,0.2955521857399551,0.4559569084105945,19.712317855097353
amac_pplu,aubin_1_10_1,44,9,natural,13385,4904,1.3042170395320947,1.142023221975847,-1.1927659737679148,-0.43621240143883094,-0.30684194989295394,-0.43344015514462986,20.479843443259597
amac_pplu,aubin_1_10_1,44,10,natural,14709,4904,1.3584139792894652,1.1655101798309035,-1.283886701208301,0.20989576754672984,0.147594412306849,0.0698001666707859,21.887277803383768
amac_pplu,aubin_linear,44,0,natural,1471,4904,1.807563668536057,1.3444566443497006,-2.0390372059599473,0.20216697865073177,0.14102275031255415,0.24384054113934683,37.07580206170678
amac_pplu,aubin_linear,44,1,natural,2795,4904,6.405596363721018,2.5309279649411236,-9.769659743977977,0.30006613750542227,0.21056397726632073,0.33422124927131613,29.545869023539126
amac_pplu,aubin_linear,44,2,natural,4119,4904,9.620074427162546,3.1016244819711085,-15.174126874285324,0.3285636347939454,0.2309127848031702,0.3626061209107374,35.707629959098995
amac_pplu,aubin_linear,44,3,natural,5442,4904,8.081276932878612,2.8427586835464265,-12.586963324270913,0.37557807312709335,0.26535404957418196,0.4008755310788169,43.080598045140505
amac_pplu,aubin_linear,44,4,natural,6766,4904,11.368596786487348,3.3717349816507447,-18.113898566944204,0.3764285916156308,0.26665734792705037,0.40960299633257047,49.37347930762917
amac_pplu,aubin_linear,44,5,natural,8090,4904,11.776651783402679,3.431712660378587,-18.799957010853905,0.37613776500031604,0.26642301556528714,0.4025980832451135,56.095243585295975
amac_pplu,aubin_linear,44,6,natural,9414,4904,13.117894978436425,3.6218634676691535,-21.054974658585987,0.3862394445369453,0.2729617774539752,0.41377551635165605,63.08077012002468
amac_pplu,aubin_linear,44,7,natural,10738,4904,9.266506873642678,3.044093768864993,-14.579677578434321,0.3950209756184509,0.2787849193040086,0.4160461907886737,66.79285738058388
amac_pplu,aubin_linear,44,8,natural,12061,4904,9.603086982748373,3.0988847966241617,-15.145566068097697,0.4042922525978733,0.28705741073715385,0.4246235061336397,75.25027142558247
amac_pplu,aubin_linear,44,9,natural,13385,4904,8.473592925112776,2.910943648563602,-13.246559950185798,0.3996650172584261,0.28396428884704994,0.42684775295625493,81.51153339538723
amac_pplu,aubin_linear,44,10,natural,14709,4904,8.093479654409203,2.8449041555752284,-12.607479627730072,0.39195352277945467,0.2785149668191045,0.4178961159585363,84.68309505842626
amac_pplu,mlp_small,44,0,natural,1471,4904,5.086620008630117,2.255353632721511,-7.55207909291903,0.22888266504772256,0.1598082040609694,0.2760639098961607,53.77192356809974
amac_pplu,mlp_small,44,1,natural,2795,4904,5.569556629038423,2.3599908112190655,-8.364035198858055,0.29353544403078224,0.20616176788547683,0.3382396864315367,42.01102878525853
amac_pplu,mlp_small,44,2,natural,4119,4904,11.170535549429458,3.342235112829356,-17.78090035561986,0.2714391856595614,0.18996770051061776,0.25080870325415006,63.75616384204477
amac_pplu,mlp_small,44,3,natural,5442,4904,11.450365615157365,3.383838887293153,-18.251375612395776,0.28992633327442313,0.20339124186303836,0.28382512315581243,86.58966714795679
amac_pplu,mlp_small,44,4,natural,6766,4904,9.605086554017618,3.099207407389447,-15.1489279256018,0.34866041236504736,0.24554687847848986,0.35956640153826186,96.35922124423087
amac_pplu,mlp_small,44,5,natural,8090,4904,11.042445687245413,3.3230175574687255,-17.56554425853761,0.33857463725186626,0.23878848072493555,0.3463292835425147,113.45440749172121
amac_pplu,mlp_small,44,6,natural,9414,4904,10.365552980678101,3.2195578859026748,-16.427491886989873,0.4043459774911418,0.2847272823509076,0.3972254175569465,129.55063765589148
amac_pplu,mlp_small,44,7,natural,10738,4904,10.799445964564635,3.2862510501427966,-17.156991458368235,0.3935506757153188,0.28004749268074414,0.4188554415369253,120.74026301316917
amac_pplu,mlp_small,44,8,natural,12061,4904,10.300774038951689,3.2094818957195708,-16.318579754324183,0.34280528693220264,0.2406345738318944,0.33794576018192035,130.2888737078756
amac_pplu,mlp_small,44,9,natural,13385,4904,10.421036940198695,3.228163090706338,-16.520776466809746,0.4268921946558673,0.3044027069205474,0.45214270649689253,144.7817631950602
amac_pplu,mlp_small,44,10,natural,14709,4904,11.880482476598603,3.4468075775416596,-18.97452643003159,0.3797598164978676,0.26881954559089033,0.31407440938853837,137.83779214136302
amac_pplu,CNN_Jannis_OHE,44,0,natural,1471,4904,1.3323885840556444,1.154291377450098,-1.240130486258788,-0.0941113016400815,-0.06628253700941296,-0.13267375384969607,120.61505911219865
amac_pplu,CNN_Jannis_OHE,44,1,natural,2795,4904,1.2433410642798002,1.115052045547561,-1.0904158563357278,-0.1944043477565403,-0.13431147561658224,-0.2208406323180999,168.0367226647213
amac_pplu,CNN_Jannis_OHE,44,2,natural,4119,4904,1.2029694729932068,1.09679965034331,-1.0225395374433854,-0.03704922668787116,-0.025442417113390323,-0.004675220260652979,218.72982734814286
amac_pplu,CNN_Jannis_OHE,44,3,natural,5442,4904,1.2873163031597188,1.1345996224041848,-1.1643509488712436,-0.2019466672015156,-0.14105164571280857,-0.23630864501776397,247.12631403841078
amac_pplu,CNN_Jannis_OHE,44,4,natural,6766,4904,1.2827733588601067,1.1325958497452242,-1.1567129458556669,-0.20356583007692272,-0.14014471868160577,-0.24797630948159471,298.82672698330134
amac_pplu,CNN_Jannis_OHE,44,5,natural,8090,4904,1.1955989368429152,1.0934344684721236,-1.0101475348940365,-0.04134109550276873,-0.02784424681148524,-0.01959432014854133,370.85681791510433
amac_pplu,CNN_Jannis_OHE,44,6,natural,9414,4904,1.2251532636069036,1.1068664163334723,-1.059836904179491,-0.13168061751773955,-0.0921234998970565,-0.19653038092555275,386.6172189116478
amac_pplu,CNN_Jannis_OHE,44,7,natural,10738,4904,1.2887861757644667,1.1352471870762186,-1.1668222297514728,-0.0832964304898933,-0.058633586475658715,-0.11343344180997887,433.0241543697193
amac_pplu,CNN_Jannis_OHE,44,8,natural,12061,4904,1.2597072939966458,1.122366826842564,-1.1179322209853138,-0.10010076209145281,-0.0699036899006424,-0.10317121724264754,522.163849376142
amac_pplu,CNN_Jannis_OHE,44,9,natural,13385,4904,1.2522840056286382,1.1190549609508187,-1.105451526704035,-0.17830485043809616,-0.12467014412583868,-0.18648130108960542,439.6021641213447
amac_pplu,CNN_Jannis_OHE,44,10,natural,14709,4904,1.25082978142099,1.1184050167184472,-1.103006555304256,-0.2098242054197872,-0.14499476272833717,-0.2436573472261214,623.1356745446101
amac_pplu,aubin_1_10_1,45,0,natural,1471,4904,0.5931249482625074,0.7701460564480658,0.002785452634875063,0.29825448786380804,0.20898678817657518,0.32407697346956066,35.72487142402679
amac_pplu,aubin_1_10_1,45,1,natural,2795,4904,0.5966539052224965,0.7724337545851402,-0.0031477444559495638,0.39962999401427607,0.2813014800915433,0.4040342001802384,37.395645605400205
amac_pplu,aubin_1_10_1,45,2,natural,4119,4904,1.2955293421744365,1.13821322351062,-1.1781594423557036,0.33131720845806645,0.2325969643812418,0.3798840068839419,45.11194474063814
amac_pplu,aubin_1_10_1,45,3,natural,5442,4904,1.6652232152889324,1.2904352813252327,-1.799721744567897,0.331075814009628,0.23396506030042227,0.3649391914413485,55.535477332770824
amac_pplu,aubin_1_10_1,45,4,natural,6766,4904,2.1237479815895894,1.4573084716660332,-2.5706344647656643,0.33724680685059305,0.2380959955040104,0.3811192120797765,42.0012002568692
amac_pplu,aubin_1_10_1,45,5,natural,8090,4904,2.485973814781039,1.5766971220818027,-3.1796408323920993,0.3282072448913611,0.2307586521958045,0.3725603404291351,47.75926775299013
amac_pplu,aubin_1_10_1,45,6,natural,9414,4904,2.2777395232428064,1.5092181827829951,-2.829538774823123,0.3345373004594248,0.23527455380580173,0.3709789565040007,54.01073236204684
amac_pplu,aubin_1_10_1,45,7,natural,10738,4904,1.4978529650449701,1.2238680341625767,-1.5183239567521136,0.35076276415372093,0.2443616493807479,0.2399448210185845,59.09976370725781
amac_pplu,aubin_1_10_1,45,8,natural,12061,4904,1.1340873432945153,1.0649353704777185,-0.9067287593092894,-0.39302625194081825,-0.27791683610318185,-0.43791224968167386,89.34814434032887
amac_pplu,aubin_1_10_1,45,9,natural,13385,4904,1.157073279399822,1.0756734074057153,-0.9453747645669743,-0.39248726043564625,-0.27800221663407887,-0.44085420607520764,70.89329902082682
amac_pplu,aubin_1_10_1,45,10,natural,14709,4904,1.6192731400953284,1.2725066365623907,-1.7224663811409937,0.3708412914466429,0.2600301642435043,0.3772204144125143,64.091173177585
amac_pplu,aubin_linear,45,0,natural,1471,4904,2.518045043632996,1.5868349137931759,-3.233561841880462,0.30662851435546873,0.21640939654944816,0.33135021935349707,40.65446856152266
amac_pplu,aubin_linear,45,1,natural,2795,4904,7.648012051751955,2.765503941735024,-11.8585197752555,0.35249010995742985,0.2491699179179904,0.381693886606819,32.17118042707443
amac_pplu,aubin_linear,45,2,natural,4119,4904,23.629361794364858,4.861004196085913,-38.727789895402424,0.3521905880714051,0.2489176287263158,0.38001386760005457,41.94535487052053
amac_pplu,aubin_linear,45,3,natural,5442,4904,20.982816126060406,4.580700396889149,-34.27818134592138,0.3668037323943157,0.25964997627184355,0.39740513159954216,56.30383653752506
amac_pplu,aubin_linear,45,4,natural,6766,4904,12.697690066635266,3.563381830036639,-20.34848869445666,0.3704396563368604,0.2629024836757694,0.39993020125991585,53.4974776962772
amac_pplu,aubin_linear,45,5,natural,8090,4904,11.368957183652524,3.3717884251021037,-18.114504498792115,0.39411639859449604,0.2794823931536505,0.41774864075301543,59.729512077756226
amac_pplu,aubin_linear,45,6,natural,9414,4904,6.241728722456714,2.4983451968166275,-9.49415085467924,0.40218353949113306,0.2844822905520475,0.42418670454273033,68.03383415285498
amac_pplu,aubin_linear,45,7,natural,10738,4904,7.815333045419871,2.795591716510097,-12.139834748523809,0.3906243630297575,0.2761254042773533,0.4155272707414065,77.5439594257623
amac_pplu,aubin_linear,45,8,natural,12061,4904,8.584751663606866,2.929974686512985,-13.433449932503661,0.40060359559815945,0.28453659717131596,0.4194475241866753,83.1187758455053
amac_pplu,aubin_linear,45,9,natural,13385,4904,10.4888292611853,3.2386462080914766,-16.634754961367303,0.4113167067856585,0.29286052017203484,0.42529441095636344,93.45994302537292
amac_pplu,aubin_linear,45,10,natural,14709,4904,8.2219729455799,2.8673982886198246,-12.823514005595309,0.4105331079111319,0.2916013981844921,0.4319128145726975,69.67833953909576
amac_pplu,mlp_small,45,0,natural,1471,4904,2.395506460904316,1.5477423754954558,-3.0275390507830595,0.321291218042243,0.22626933785657305,0.3634950749188831,48.16737387608737
amac_pplu,mlp_small,45,1,natural,2795,4904,8.855748451593065,2.9758609597212478,-13.889073895145433,0.2642688914704288,0.1875462180048356,0.2724864919889939,49.79018613323569
amac_pplu,mlp_small,45,2,natural,4119,4904,13.193959333744989,3.6323490104538396,-21.18286083479869,0.2942662029314446,0.20760766002894387,0.19852102825040996,65.49179631005973
amac_pplu,mlp_small,45,3,natural,5442,4904,13.314870095391798,3.6489546578974914,-21.386146787953088,0.30856500047370927,0.2176359283340806,0.31143679296678395,82.35325262974948
amac_pplu,mlp_small,45,4,natural,6766,4904,12.321261133722501,3.510165399767154,-19.715602809198632,0.3359662273481026,0.23988751243246187,0.3444767245974386,97.86646943259984
amac_pplu,mlp_small,45,5,natural,8090,4904,10.313022428035662,3.211389485570952,-16.339172838145906,0.30062781221483326,0.2126887941186624,0.29660369450140694,115.49876743555069
amac_pplu,mlp_small,45,6,natural,9414,4904,9.730629305797008,3.1193956635536004,-15.36000159356568,0.3835329779370934,0.2722492783021314,0.41509552588325893,132.791958716698
amac_pplu,mlp_small,45,7,natural,10738,4904,10.022971896429302,3.165907752356234,-15.85151402285555,0.36573224777637947,0.2597420771220362,0.3844545097896378,119.87394577730447
amac_pplu,mlp_small,45,8,natural,12061,4904,10.746098989759618,3.278124309686809,-17.06729976779052,0.3832566955864006,0.27230393873979775,0.39431411758310597,129.9115541856736
amac_pplu,mlp_small,45,9,natural,13385,4904,9.33140954473691,3.054735593261209,-14.688797735945174,0.35418041196229244,0.2511035406092943,0.36769183459656285,137.03681916650385
amac_pplu,mlp_small,45,10,natural,14709,4904,9.597436163628625,3.097972912023058,-15.136065407153914,0.32381498771423317,0.22852572063092874,0.3458196701365526,146.13192729093134
amac_pplu,CNN_Jannis_OHE,45,0,natural,1471,4904,1.3992832893784592,1.182913052332444,-1.3525998293289607,0.20122422922183505,0.1398827218867898,0.2390019937371316,101.78138923365623
amac_pplu,CNN_Jannis_OHE,45,1,natural,2795,4904,1.2125864167976828,1.101175016424584,-1.0387084008356768,0.2030645355722424,0.13916741513898248,0.27545589464049935,100.91596782300621
amac_pplu,CNN_Jannis_OHE,45,2,natural,4119,4904,1.1834010674044055,1.0878423908840864,-0.9896393892047093,-0.2148217452565017,-0.14958498577269178,-0.2534468102165344,120.31177829951048
amac_pplu,CNN_Jannis_OHE,45,3,natural,5442,4904,1.2751219976413066,1.129212999235001,-1.143848795162151,-0.14800937813420187,-0.10261177162102589,-0.2001110509876891,228.30383055843413
amac_pplu,CNN_Jannis_OHE,45,4,natural,6766,4904,1.3182886063853234,1.1481674992723507,-1.2164243466139175,0.31279326651264777,0.21585525449742565,0.3128826031378068,228.82431728951633
amac_pplu,CNN_Jannis_OHE,45,5,natural,8090,4904,1.2656436939997735,1.125008308413664,-1.1279130259732657,0.24191104022591386,0.16703577659622879,0.2095006103644204,265.4053433109075
amac_pplu,CNN_Jannis_OHE,45,6,natural,9414,4904,1.3307938228986258,1.1536003740024645,-1.2374492316091388,0.11199219987473402,0.07745001395485097,0.08721521585053663,273.6922641871497
amac_pplu,CNN_Jannis_OHE,45,7,natural,10738,4904,1.2521454983063145,1.1189930733951459,-1.105218655844122,-0.03201483424315241,-0.022805194929058976,-0.04801381491840345,470.8407024005428
amac_pplu,CNN_Jannis_OHE,45,8,natural,12061,4904,1.2098988583551316,1.0999540255643103,-1.0341898379533414,-0.21085658748269887,-0.14565240322954062,-0.24375982665211407,522.6283425269648
amac_pplu,CNN_Jannis_OHE,45,9,natural,13385,4904,1.244287580270331,1.1154763916239245,-1.09200722341249,-0.10138711878095864,-0.06913143087620688,-0.10156285327143035,572.078334084712
amac_pplu,CNN_Jannis_OHE,45,10,natural,14709,4904,1.1860398438169169,1.0890545642055391,-0.9940759353886266,-0.09098275215367461,-0.06306609239342616,-0.06564906247827423,622.7659147242084
amac_pplu,aubin_1_10_1,46,0,natural,1471,4904,0.5944990065587618,0.7710376168247317,0.0004752633131029915,0.3422245561143963,0.23954958952668196,0.35991677500565555,40.002753691747785
amac_pplu,aubin_1_10_1,46,1,natural,2795,4904,0.5928368408846224,0.7699589864951395,0.0032698444468731713,0.42267053181259,0.2980935001764085,0.4277506294901884,29.25184230040759
amac_pplu,aubin_1_10_1,46,2,natural,4119,4904,0.799651659543586,0.8942324415629227,-0.34444566875410065,0.38382897713778097,0.27104787969897426,0.4069001847595004,29.558219254016876
amac_pplu,aubin_1_10_1,46,3,natural,5442,4904,0.6691505518167821,0.818016229555858,-0.12503557067332416,0.32026329244883756,0.22481609612083792,0.3767273331305907,35.16771289892495
amac_pplu,aubin_1_10_1,46,4,natural,6766,4904,0.8547760877826432,0.9245410146568097,-0.43712577252684515,0.3178459652839461,0.22357472452445798,0.37091081214990423,43.04272304661572
amac_pplu,aubin_1_10_1,46,5,natural,8090,4904,0.5210650103968486,0.7218483292194064,0.12393904519975596,0.3163224211747682,0.22184032806261503,0.37656158126840644,55.37772953417152
amac_pplu,aubin_1_10_1,46,6,natural,9414,4904,0.6023218942542079,0.7760939983366757,-0.012677272986634458,0.3245274175807101,0.22675498625479518,0.32700765370510676,52.11490748729557
amac_pplu,aubin_1_10_1,46,7,natural,10738,4904,0.5169650353812368,0.7190028062401682,0.13083228875893949,0.3972045428663556,0.2800268009679139,0.4801752182866235,77.33145385421813
amac_pplu,aubin_1_10_1,46,8,natural,12061,4904,1.1152738653724843,1.0560652751475565,-0.8750978627750257,-0.39235417231117065,-0.27704309522188303,-0.44612334019305133,72.09658613521606
amac_pplu,aubin_1_10_1,46,9,natural,13385,4904,1.1636934363519358,1.078746233528505,-0.9565051627028602,-0.3936723488550272,-0.27760350115841165,-0.4488407675819356,100.30164708290249
amac_pplu,aubin_1_10_1,46,10,natural,14709,4904,0.4533941338953243,0.6733454788556349,0.2377133564607321,0.38522635922012544,0.2700564769021747,0.49269678709426723,67.81460965890437
amac_pplu,aubin_linear,46,0,natural,1471,4904,1.7273975235898855,1.3143049583676862,-1.9042547352837658,0.22302002020552153,0.15676876567381667,0.2607736042498561,39.449742323718965
amac_pplu,aubin_linear,46,1,natural,2795,4904,10.32610006108368,3.213424973619842,-16.36116012085723,0.28560327261344826,0.2018753740008993,0.3201544777077918,31.62587964348495
amac_pplu,aubin_linear,46,2,natural,4119,4904,13.429182257968414,3.6645848684357705,-21.57833858800483,0.34922268098097914,0.2479328041586375,0.37757915015577936,38.25284698512405
amac_pplu,aubin_linear,46,3,natural,5442,4904,9.181739784999312,3.030138575213898,-14.437159590983992,0.3550012771189426,0.2522062970746728,0.3878986110538243,44.509265896864235
amac_pplu,aubin_linear,46,4,natural,6766,4904,11.24467392435901,3.353307907776888,-17.90554840189465,0.3709626358142452,0.26410198346776864,0.40078686128535185,54.20453685708344
amac_pplu,aubin_linear,46,5,natural,8090,4904,8.529643628993933,2.9205553631105734,-13.340797391156848,0.38729364051817605,0.2765724940852226,0.40983376495835233,60.07268743775785
amac_pplu,aubin_linear,46,6,natural,9414,4904,8.491429821026482,2.9140058031902547,-13.276548929973433,0.39460328273246287,0.2813879103482715,0.4213215447830734,67.29398530162871
amac_pplu,aubin_linear,46,7,natural,10738,4904,5.8151425653657975,2.411460670499479,-8.776936172002678,0.39699891227148487,0.2830967682621893,0.42832369193233855,77.98389781545848
amac_pplu,aubin_linear,46,8,natural,12061,4904,9.252106132351027,3.0417274914678054,-14.555465768172512,0.39283826210287437,0.27918965067383,0.4246548819387115,82.01221416331828
amac_pplu,aubin_linear,46,9,natural,13385,4904,9.701951243176845,3.1147955379409487,-15.311785477688499,0.41214285447626575,0.29321869433786635,0.43465148486353317,92.34013798646629
amac_pplu,aubin_linear,46,10,natural,14709,4904,7.739903069696959,2.7820681281551964,-12.013015147833205,0.40153730923093445,0.28484584484236036,0.4334972179490365,77.85453583206981
amac_pplu,mlp_small,46,0,natural,1471,4904,1.1680944503306703,1.0807841830498215,-0.9639045398081525,0.26353952327205216,0.18588438146360078,0.31480649847046305,49.27136859484017
amac_pplu,mlp_small,46,1,natural,2795,4904,9.764979367331046,3.124896697065528,-15.417753979744976,0.24767437317583013,0.1748729579112285,0.27184053556534826,49.96540492679924
amac_pplu,mlp_small,46,2,natural,4119,4904,16.33530639021842,4.041695979439623,-26.464373595667222,0.2969744640181122,0.20942084508217326,0.26656852424578575,66.43577176053077
amac_pplu,mlp_small,46,3,natural,5442,4904,11.677463611633591,3.4172304007241876,-18.633193012636607,0.33677414478708545,0.2369416038393132,0.309410259767474,84.52195441257209
amac_pplu,mlp_small,46,4,natural,6766,4904,13.200025680249558,3.6331839590433015,-21.193060117431187,0.3147430114609293,0.2232463938778853,0.29346481187794515,98.93007323052734
amac_pplu,mlp_small,46,5,natural,8090,4904,13.589108965487213,3.6863408639852087,-21.847221628108162,0.20292907772542054,0.14055147048050468,0.0527826988105649,116.051832171157
amac_pplu,mlp_small,46,6,natural,9414,4904,11.619131463284207,3.4086847116276693,-18.535119803806886,0.32485338256851,0.22957395051045387,0.3293353027839816,130.74480194132775
amac_pplu,mlp_small,46,7,natural,10738,4904,10.932047456194937,3.306364688928754,-17.379932909142497,0.3480791120120135,0.24479427034525875,0.35636409963335725,118.57871032226831
amac_pplu,mlp_small,46,8,natural,12061,4904,13.03578832892599,3.6105108127418744,-20.916929638616644,0.3549366692227766,0.2508941782148047,0.3478626521380252,129.81300433445722
amac_pplu,mlp_small,46,9,natural,13385,4904,10.955844064947879,3.309961338890211,-17.419941889536773,0.3895477459919386,0.2753417260599425,0.3939333791657171,140.96963290590793
amac_pplu,mlp_small,46,10,natural,14709,4904,11.669766914566024,3.416104054996865,-18.6202526392719,0.3191529544709379,0.22300396399678446,0.300927937644797,145.6137202596292
amac_pplu,CNN_Jannis_OHE,46,0,natural,1471,4904,1.2248912831925662,1.106748066721856,-1.0593964393481476,-0.24406690860128621,-0.17050705613514275,-0.3136469114300766,45.609402945265174
amac_pplu,CNN_Jannis_OHE,46,1,natural,2795,4904,1.3153655818229548,1.1468938842905017,-1.21150989709626,0.00973901188492814,0.0059463668532305225,-0.028750547773287255,27.838771684095263
amac_pplu,CNN_Jannis_OHE,46,2,natural,4119,4904,1.3140602465553406,1.1463246689116224,-1.2093152510577365,0.05668260908601491,0.03917639856095473,0.0849014522807893,34.628804329782724
amac_pplu,CNN_Jannis_OHE,46,3,natural,5442,4904,1.2809244070668442,1.1317793102309497,-1.153604323244159,0.18737701857491681,0.13039183057943737,0.18889521233778084,47.4620280880481
amac_pplu,CNN_Jannis_OHE,46,4,natural,6766,4904,1.2534862976324053,1.1195920228513623,-1.1074729272198112,-0.21167457005326257,-0.14722829230632903,-0.24241323011379853,80.3431931398809
amac_pplu,CNN_Jannis_OHE,46,5,natural,8090,4904,1.216205572661664,1.1028171075303757,-1.0447932483662288,-0.0938650609294881,-0.06590001509118991,-0.1182367935352517,93.8597058095038
amac_pplu,CNN_Jannis_OHE,46,6,natural,9414,4904,1.2400333331576205,1.1135678394950264,-1.0848546038484188,-0.14981295189605895,-0.10313874226601853,-0.19286252298377754,85.70759710203856
amac_pplu,CNN_Jannis_OHE,46,7,natural,10738,4904,1.189029005183826,1.0904260658952656,-0.9991015799989835,0.09619438195815085,0.06744302403134944,0.08299873159386885,119.94824244547635
amac_pplu,CNN_Jannis_OHE,46,8,natural,12061,4904,1.2555192393869758,1.1204995490347043,-1.1108908901592263,-0.19084893912515488,-0.13582083310701198,-0.16213390304513078,110.9744940167293
amac_pplu,CNN_Jannis_OHE,46,9,natural,13385,4904,1.2813510057217714,1.1319677582518732,-1.1543215589393125,0.013224490232676198,0.007873402211327134,0.028398744524292373,97.72512406669557
amac_pplu,CNN_Jannis_OHE,46,10,natural,14709,4904,1.2701512181358976,1.1270098571600418,-1.1354914774518452,0.043576617425446815,0.030635905450316563,-0.017152940007515976,135.439463426359
cgre_amac_pplu,aubin_1_10_1,42,0,natural,1471,4904,0.6025095949274274,0.7762149154244766,-0.012992852094262597,0.5176832413975424,0.3679606315529383,0.5014198821255056,18.53191146068275
cgre_amac_pplu,aubin_1_10_1,42,1,natural,2795,4904,0.4243376904294454,0.6514120742122036,0.28656563995301687,0.6286198814361366,0.4510365479357051,0.5932583391679915,6.872777975164354
cgre_amac_pplu,aubin_1_10_1,42,2,natural,4119,4904,0.3549982831581353,0.5958173236472193,0.40314523391408985,0.663412445673487,0.479647657811281,0.6409831805972823,8.130360949784517
cgre_amac_pplu,aubin_1_10_1,42,3,natural,5442,4904,0.34823532419189884,0.590114670375088,0.4145157235286653,0.6692240117479707,0.48453734374033997,0.6493905773329498,9.598387751728296
cgre_amac_pplu,aubin_1_10_1,42,4,natural,6766,4904,0.3317136033457987,0.575945833690807,0.4422935137286904,0.683850533067593,0.49737845122623453,0.6683990667991201,11.64096503984183
cgre_amac_pplu,aubin_1_10_1,42,5,natural,8090,4904,0.35105881126938526,0.5925021614048216,0.409768625305576,0.684595456914621,0.4979116580707662,0.6546408490558098,13.386498752050102
cgre_amac_pplu,aubin_1_10_1,42,6,natural,9414,4904,0.3646936783837288,0.6038987318944533,0.3868444709977118,0.6746359514351028,0.48980256468308725,0.637980665244418,15.23272920679301
cgre_amac_pplu,aubin_1_10_1,42,7,natural,10738,4904,0.22291062055480165,0.4721341128903965,0.6252227895140674,0.7524658236265264,0.5582489579638259,0.7941701038838187,17.86036991979927
cgre_amac_pplu,aubin_1_10_1,42,8,natural,12061,4904,0.20082220909522416,0.44813191037374717,0.6623597963120489,0.7746419006717857,0.5794717269303867,0.8159112488522453,18.8038519192487
cgre_amac_pplu,aubin_1_10_1,42,9,natural,13385,4904,0.21540583008338296,0.46411833629300075,0.6378405123985103,0.7671061934902488,0.5698105641832498,0.8010363292373337,20.21922019775957
cgre_amac_pplu,aubin_1_10_1,42,10,natural,14709,4904,0.19235207735503843,0.4385796134740401,0.6766005370095284,0.7850639348019965,0.5885414473731014,0.8262374166262305,21.884561196900904
cgre_amac_pplu,aubin_linear,42,0,natural,1471,4904,0.5069474519861444,0.7120024241434466,0.14767474315289675,0.46593361016311385,0.3272510481207935,0.47895791050592607,37.023862617090344
cgre_amac_pplu,aubin_linear,42,1,natural,2795,4904,0.3863313772239429,0.6215556107251731,0.35046524244194854,0.6299939455224539,0.4530135177118728,0.612852408666779,29.028930690139532
cgre_amac_pplu,aubin_linear,42,2,natural,4119,4904,0.37232465483125854,0.6101841155186347,0.37401459299920714,0.6605889908650078,0.4792116043030774,0.6352751303387028,35.83820565417409
cgre_amac_pplu,aubin_linear,42,3,natural,5442,4904,0.36308914373041884,0.6025687875507815,0.38954215772075274,0.6724983791956719,0.49018182505628805,0.6424877422492689,42.96737161464989
cgre_amac_pplu,aubin_linear,42,4,natural,6766,4904,0.3672185758629856,0.6059856234787964,0.382599388230082,0.6888891364038957,0.5050976740224034,0.6527982251399962,50.006517769768834
cgre_amac_pplu,aubin_linear,42,5,natural,8090,4904,0.349440268234004,0.5911347293418007,0.412489864169574,0.7050515071421986,0.5193992406731998,0.6659902850712158,57.90911131538451
cgre_amac_pplu,aubin_linear,42,6,natural,9414,4904,0.33628893582172664,0.5799042471147514,0.43460105682328953,0.7189946470625415,0.5319087900546898,0.6742339366599834,63.523137986660004
cgre_amac_pplu,aubin_linear,42,7,natural,10738,4904,0.33390155150519246,0.5778421510284556,0.43861494020076897,0.7304722313510232,0.5416930927425863,0.6824827717428887,68.72492321487516
cgre_amac_pplu,aubin_linear,42,8,natural,12061,4904,0.3257969426737886,0.570786249548628,0.4522411311931649,0.744824103509757,0.5545622692766073,0.6923143434260668,75.76685858424753
cgre_amac_pplu,aubin_linear,42,9,natural,13385,4904,0.3249522594581163,0.5700458397866932,0.4536612879291968,0.7537758526539964,0.562011515778979,0.6995852925374388,73.74677935428917
cgre_amac_pplu,aubin_linear,42,10,natural,14709,4904,0.3139498107008571,0.5603122439326639,0.4721595857828259,0.7584646926952938,0.5665267740724967,0.7011406702852905,77.41959203220904
cgre_amac_pplu,mlp_small,42,0,natural,1471,4904,0.4463838354685223,0.6681196266152659,0.24949969522974946,0.5131821590003205,0.3637183546829733,0.5245482238966507,61.50367034226656
cgre_amac_pplu,mlp_small,42,1,natural,2795,4904,0.39529948829316613,0.6287284694469991,0.3353872544955411,0.5945797594562626,0.4264504700427329,0.5873973634323054,52.02309354394674
cgre_amac_pplu,mlp_small,42,2,natural,4119,4904,0.2843972959037362,0.5332891297445844,0.5218459086280235,0.7147998541426477,0.525040176199267,0.7304208471244844,61.05200545396656
cgre_amac_pplu,mlp_small,42,3,natural,5442,4904,0.2356947026563898,0.48548398805356063,0.6037290508275409,0.7552689588659542,0.5621003083050108,0.7806486959711809,92.46411099750549
cgre_amac_pplu,mlp_small,42,4,natural,6766,4904,0.20132564036662473,0.4486932586596602,0.6615133827715128,0.7888264378255669,0.596155277358237,0.815397973524015,107.73540119174868
cgre_amac_pplu,mlp_small,42,5,natural,8090,4904,0.2065793696803219,0.4545100325408911,0.6526803446150758,0.787866199809885,0.5922086830769066,0.810428449756283,126.30593606643379
cgre_amac_pplu,mlp_small,42,6,natural,9414,4904,0.1782399128897586,0.42218469049665763,0.7003271661806855,0.8170827491122923,0.6256231065130369,0.8460177218202208,122.63009224273264
cgre_amac_pplu,mlp_small,42,7,natural,10738,4904,0.1727853807891052,0.415674609266798,0.7094978118865786,0.8161912895713889,0.622982266603328,0.8465926125043601,106.45219753030688
cgre_amac_pplu,mlp_small,42,8,natural,12061,4904,0.16430470512650489,0.40534516788350256,0.7237562799665411,0.820497350994894,0.6287183451674796,0.8525516218504707,117.33848262019455
cgre_amac_pplu,mlp_small,42,9,natural,13385,4904,0.12599973323737793,0.354964411226503,0.7881580140634579,0.8466047511432159,0.6620806347848539,0.8878881091497398,130.5988162290305
cgre_amac_pplu,mlp_small,42,10,natural,14709,4904,0.12842369882772803,0.3583625243070598,0.784082626986771,0.8478362529638297,0.6648073473741309,0.8869260986601702,115.38913310226053
cgre_amac_pplu,CNN_Jannis_OHE,42,0,natural,1471,4904,0.4895602645058083,0.6996858327176622,0.17690763302533907,0.5848599126934112,0.4171242496278921,0.5628246017134646,45.544617265462875
cgre_amac_pplu,CNN_Jannis_OHE,42,1,natural,2795,4904,0.27298182544034055,0.5224766266928508,0.5410386153999478,0.7479120734988942,0.5569032003352112,0.7717311865701784,37.60332145076245
cgre_amac_pplu,CNN_Jannis_OHE,42,2,natural,4119,4904,0.14951326555413733,0.3866694525743368,0.748624967013421,0.8264691940043012,0.6357317142223485,0.8677320362326308,54.99046856444329
cgre_amac_pplu,CNN_Jannis_OHE,42,3,natural,5442,4904,0.09567515741882443,0.30931401102896133,0.8391423947365745,0.856922774703198,0.6725857651691961,0.9167381185236803,68.13599574752152
cgre_amac_pplu,CNN_Jannis_OHE,42,4,natural,6766,4904,0.08096085582727623,0.284536211803131,0.8638813905323061,0.8676033010691951,0.6877394225079179,0.9294605159856213,80.94760962948203
cgre_amac_pplu,CNN_Jannis_OHE,42,5,natural,8090,4904,0.5952692620398029,0.7715369479420949,-0.0008197588793237287,0.47389996217523134,0.3347755018128394,0.47501289576749284,18.945817660540342
cgre_amac_pplu,CNN_Jannis_OHE,42,6,natural,9414,4904,0.09662568372952274,0.3108467206349823,0.8375442851519779,0.8580852477128451,0.6747040681468818,0.9165166250714306,71.81321926880628
cgre_amac_pplu,CNN_Jannis_OHE,42,7,natural,10738,4904,0.07639134894863321,0.2763898495759807,0.8715640529241282,0.8727290528112236,0.6959477646782558,0.9349141860294988,84.29860899504274
cgre_amac_pplu,CNN_Jannis_OHE,42,8,natural,12061,4904,0.0646252868472982,0.254215040560739,0.8913462056172903,0.8806357397340643,0.706121595330017,0.944354161880891,115.71962518803775
cgre_amac_pplu,CNN_Jannis_OHE,42,9,natural,13385,4904,0.07150738607757397,0.2674086499677487,0.8797754067679997,0.8774211370424728,0.7034893067486433,0.9410060916420493,102.57812190614641
cgre_amac_pplu,CNN_Jannis_OHE,42,10,natural,14709,4904,0.0734747926991926,0.27106234098301557,0.8764676273373624,0.8779174765652331,0.7039427674531018,0.9404750942885582,93.43243166618049
cgre_amac_pplu,aubin_1_10_1,43,0,natural,1471,4904,0.6056687871498381,0.7782472532234458,-0.018304367739219618,0.4540768996122691,0.3200608092120793,0.4574834963676634,30.50913080573082
cgre_amac_pplu,aubin_1_10_1,43,1,natural,2795,4904,0.3735669574204859,0.6112012413440322,0.3719259231197224,0.6604250473549574,0.47731597325414843,0.6282360670265605,28.67231749277562
cgre_amac_pplu,aubin_1_10_1,43,2,natural,4119,4904,0.5982224629066835,0.7734484229130495,-0.005784943490714012,0.5879925886187896,0.4190786262103117,0.5684655499984206,33.053360312245786
cgre_amac_pplu,aubin_1_10_1,43,3,natural,5442,4904,0.5952798000454917,0.7715437771413179,-0.0008374763140799324,0.5344804341135542,0.37873927409444497,0.5231323200985638,34.733741539530456
cgre_amac_pplu,aubin_1_10_1,43,4,natural,6766,4904,0.19079379409633004,0.43679948957883413,0.6792204617640876,0.8004869767817412,0.6041197416321084,0.8260011106781676,50.61882425099611
cgre_amac_pplu,aubin_1_10_1,43,5,natural,8090,4904,0.2505238882587904,0.5005236140870782,0.578796901789449,0.7635213720250249,0.5660832237265522,0.7706872195740226,56.60266842786223
cgre_amac_pplu,aubin_1_10_1,43,6,natural,9414,4904,0.18984762358851115,0.43571507156456174,0.6808112479845101,0.7981038125328791,0.6025343601884675,0.8289994870200424,63.80030682776123
cgre_amac_pplu,aubin_1_10_1,43,7,natural,10738,4904,0.20991936214208196,0.45816957793166707,0.6470648514871711,0.7934535047152725,0.596284512980822,0.8105969803592723,69.51544040627778
cgre_amac_pplu,aubin_1_10_1,43,8,natural,12061,4904,0.19033398081787054,0.4362728284203252,0.6799935408458133,0.8008185707328914,0.6050424366923346,0.8335944189972756,79.67209702543914
cgre_amac_pplu,aubin_1_10_1,43,9,natural,13385,4904,0.15856851175469922,0.3982066194260201,0.733400479715044,0.8149318261614338,0.6215076543393647,0.8615269625829542,100.27433074545115
cgre_amac_pplu,aubin_1_10_1,43,10,natural,14709,4904,0.17329411168061198,0.4162860935469884,0.7086424881521938,0.8064997815934621,0.6118955132766802,0.8455608579334657,79.1809411207214
cgre_amac_pplu,aubin_linear,43,0,natural,1471,4904,0.48393135235091445,0.6956517464586102,0.18637146202653665,0.4934562936837553,0.3499973843425562,0.49420232961069543,39.239323805086315
cgre_amac_pplu,aubin_linear,43,1,natural,2795,4904,0.3964994381400973,0.6296820135116592,0.3333697918226698,0.6217310057990603,0.4461511949248,0.5998860313622926,31.150363052263856
cgre_amac_pplu,aubin_linear,43,2,natural,4119,4904,0.37632505308213154,0.6134533829739074,0.36728876677538935,0.6483108329098735,0.4692430541996784,0.6235288104631134,39.825870162807405
cgre_amac_pplu,aubin_linear,43,3,natural,5442,4904,0.3627794361123314,0.6023117432960537,0.39006286578250493,0.6835752142459327,0.5001122109980001,0.650434695476872,45.68356175906956
cgre_amac_pplu,aubin_linear,43,4,natural,6766,4904,0.3576585083214229,0.5980455737829876,0.39867262617794885,0.7136372820709381,0.525610004156942,0.673110042540559,48.39244300685823
cgre_amac_pplu,aubin_linear,43,5,natural,8090,4904,0.3468618849278272,0.5889498152880491,0.4168248720783374,0.7109070508471381,0.523279534624565,0.6683808665629025,60.991220141761005
cgre_amac_pplu,aubin_linear,43,6,natural,9414,4904,0.3354821469944316,0.5792082069467175,0.4359575021348333,0.7422728880514085,0.5516595256668796,0.6905059748678165,61.1296898573637
cgre_amac_pplu,aubin_linear,43,7,natural,10738,4904,0.3260421616195867,0.5710010171791174,0.4518288472372197,0.7428946875666179,0.553046140624913,0.6899296739455021,75.51765104662627
cgre_amac_pplu,aubin_linear,43,8,natural,12061,4904,0.3303364072121076,0.5747489949639821,0.4446089786625377,0.7431758615149365,0.552603556675084,0.6912631686905129,83.93953252956271
cgre_amac_pplu,aubin_linear,43,9,natural,13385,4904,0.3247548628131258,0.5698726724568619,0.4539931687690808,0.7564464671979403,0.5644082044241114,0.7036867047421362,82.19739002920687
cgre_amac_pplu,aubin_linear,43,10,natural,14709,4904,0.3059903711355115,0.5531639640608483,0.4855417052615083,0.7654009411171434,0.5736078636417856,0.7089839907162351,74.20882757846266
cgre_amac_pplu,mlp_small,43,0,natural,1471,4904,0.4424143479099605,0.6651423516135178,0.2561735516415873,0.518007877402175,0.3681701597412046,0.5246813690954364,44.24512076191604
cgre_amac_pplu,mlp_small,43,1,natural,2795,4904,0.42209107888605957,0.6496853691488362,0.29034284359266416,0.5471878488702824,0.3917230121413555,0.5408808309100664,38.664494276978076
cgre_amac_pplu,mlp_small,43,2,natural,4119,4904,0.3226199624254505,0.5679964457859313,0.45758255365333134,0.6758479494069393,0.4936705443209078,0.6833752923046762,58.59823198337108
cgre_amac_pplu,mlp_small,43,3,natural,5442,4904,0.35605443200663905,0.5967029679887969,0.4013695423013932,0.6786038629116238,0.49403098508966625,0.6451143813402676,58.78009813930839
cgre_amac_pplu,mlp_small,43,4,natural,6766,4904,0.2670439832182731,0.5167629855342516,0.5510218451749729,0.7299930966083242,0.5425572823596273,0.7443107388643094,85.12455817684531
cgre_amac_pplu,mlp_small,43,5,natural,8090,4904,0.23987495098071843,0.48977030430674173,0.596700844624395,0.7532541486562118,0.5602557246574715,0.7740524200822245,102.43044101539999
cgre_amac_pplu,mlp_small,43,6,natural,9414,4904,0.3016734281075455,0.5492480569902323,0.49279973478841477,0.7347225528340672,0.5424692622926173,0.7197226972334401,128.25268905051053
cgre_amac_pplu,mlp_small,43,7,natural,10738,4904,0.22975031102070895,0.4793227628860421,0.6137232920606933,0.767671057137077,0.5759402421677137,0.7907505019827443,110.97062495816499
cgre_amac_pplu,mlp_small,43,8,natural,12061,4904,0.24118084056830477,0.4911016601156066,0.5945052666137101,0.7707720359004451,0.575681739905217,0.7837909398703907,112.1782430941239
cgre_amac_pplu,mlp_small,43,9,natural,13385,4904,0.17627566542916365,0.41985195656226687,0.7036296341481318,0.8083441101724809,0.6144072542667594,0.8442619448342145,118.15470336191356
cgre_amac_pplu,mlp_small,43,10,natural,14709,4904,0.14918869381535277,0.3862495227380259,0.7491706659602073,0.8256102366926203,0.6353216972142602,0.8666921289604843,130.17853121459484
cgre_amac_pplu,CNN_Jannis_OHE,43,0,natural,1471,4904,0.6109819518922404,0.7816533450911858,-0.027237334037791383,0.506861459778588,0.359570586299566,0.5002366338456923,28.354410440661013
cgre_amac_pplu,CNN_Jannis_OHE,43,1,natural,2795,4904,0.34153158772697206,0.5844070394228428,0.42578664299362823,0.6527958341347968,0.4722016640816446,0.6665120703003521,29.714501790702343
cgre_amac_pplu,CNN_Jannis_OHE,43,2,natural,4119,4904,0.18709659309000493,0.4325466368959594,0.6854365257466273,0.8136627293498976,0.6209598040064536,0.8426940928758544,58.25958785228431
cgre_amac_pplu,CNN_Jannis_OHE,43,3,natural,5442,4904,0.1318471823238274,0.3631076731822496,0.7783267612876877,0.8359014551892657,0.646048533135431,0.8848523480844621,71.19762807805091
cgre_amac_pplu,CNN_Jannis_OHE,43,4,natural,6766,4904,0.12141203242013095,0.34844229424702583,0.7958712657270733,0.8451754439505883,0.6597639418611377,0.8932443740728232,67.78610783815384
cgre_amac_pplu,CNN_Jannis_OHE,43,5,natural,8090,4904,0.08422020569886388,0.2902071772008126,0.8584014809172728,0.8708230211133635,0.6930418622122653,0.9269157277955162,91.54964443575591
cgre_amac_pplu,CNN_Jannis_OHE,43,6,natural,9414,4904,0.07741444548477865,0.27823451526505233,0.8698439318059864,0.8731918551576974,0.6968544806761645,0.9333680075772337,83.46551120094955
cgre_amac_pplu,CNN_Jannis_OHE,43,7,natural,10738,4904,0.0667400930811026,0.2583410402570652,0.8877906048161672,0.8761468280035511,0.6999130290628987,0.9424133786565059,92.53113817144185
cgre_amac_pplu,CNN_Jannis_OHE,43,8,natural,12061,4904,0.07923808958253803,0.2814926101739405,0.8667778587486492,0.8738177172043542,0.6967776899375707,0.9347989480816553,82.77377940993756
cgre_amac_pplu,CNN_Jannis_OHE,43,9,natural,13385,4904,0.0857181358980338,0.2927765972512725,0.8558830271076234,0.867930544520868,0.6878755273025648,0.9252595040611644,87.70765363797545
cgre_amac_pplu,CNN_Jannis_OHE,43,10,natural,14709,4904,0.06406192489424375,0.2531045730409543,0.8922933799633764,0.8825010610484009,0.7105187672011001,0.9450708304909472,125.82005101907998
cgre_amac_pplu,aubin_1_10_1,44,0,natural,1471,4904,0.602669843978383,0.7763181332278558,-0.01326227708689287,0.5257507481636603,0.37454956850263244,0.5075534260636954,36.096740699373186
cgre_amac_pplu,aubin_1_10_1,44,1,natural,2795,4904,0.4353111675716271,0.659781151270349,0.26811605176183007,0.6610995904802632,0.4781561723258699,0.5889682722885696,28.550288788974285
cgre_amac_pplu,aubin_1_10_1,44,2,natural,4119,4904,0.37122900893082805,0.6092856546241903,0.37585669057724846,0.6695714628252609,0.48499527044468366,0.6297296418525622,34.58557889703661
cgre_amac_pplu,aubin_1_10_1,44,3,natural,5442,4904,0.3053986799559678,0.5526288808558306,0.4865365092290652,0.7018810636255112,0.5139634321503168,0.7032188186405195,41.27239198423922
cgre_amac_pplu,aubin_1_10_1,44,4,natural,6766,4904,0.31358968986297553,0.5599907944448511,0.4727650530446512,0.6967770172735681,0.5109514311417135,0.6899809178260492,47.80592784285545
cgre_amac_pplu,aubin_1_10_1,44,5,natural,8090,4904,0.3481822800928574,0.5900697247722996,0.4146049059975042,0.6939037337607937,0.5071811876947093,0.7004308337337888,57.6043557561934
cgre_amac_pplu,aubin_1_10_1,44,6,natural,9414,4904,0.2404645634158255,0.4903718623818311,0.5957095356273303,0.7568542325107692,0.5620204705776363,0.779783936591261,63.88589111343026
cgre_amac_pplu,aubin_1_10_1,44,7,natural,10738,4904,0.2149865916589271,0.4636664659633335,0.6385453734179405,0.7690372088917348,0.5745363130405514,0.8038615096582513,69.30736801214516
cgre_amac_pplu,aubin_1_10_1,44,8,natural,12061,4904,0.19655156998691498,0.4433413695865918,0.6695399755606674,0.7895718249737607,0.594241105006343,0.8229718286002925,80.65902745071799
cgre_amac_pplu,aubin_1_10_1,44,9,natural,13385,4904,0.1836106489520635,0.4284981317953014,0.6912974058459059,0.787905761477595,0.5928299742850294,0.8347401845333102,79.91204888094217
cgre_amac_pplu,aubin_1_10_1,44,10,natural,14709,4904,0.19886055312192935,0.44593783549047433,0.6656579072399835,0.7925029358510407,0.598632127097741,0.8206604534836448,81.96495287306607
cgre_amac_pplu,aubin_linear,44,0,natural,1471,4904,0.5064101136595665,0.711624981053621,0.14857816425782588,0.4656516337691176,0.32889931502562336,0.47043886704268284,40.736899516545236
cgre_amac_pplu,aubin_linear,44,1,natural,2795,4904,0.3963054715582516,0.6295279751990784,0.33369590573456276,0.6169267901080632,0.44269434250624523,0.6001815578480463,28.948384441435337
cgre_amac_pplu,aubin_linear,44,2,natural,4119,4904,0.37894197643568217,0.6155826316878037,0.3628889619026643,0.6470995373987004,0.46926702468174725,0.624938547370968,36.12799008563161
cgre_amac_pplu,aubin_linear,44,3,natural,5442,4904,0.36428488146887344,0.6035601722023028,0.38753177682021334,0.6753286539946117,0.491772567267943,0.646488450631792,43.098776773549616
cgre_amac_pplu,aubin_linear,44,4,natural,6766,4904,0.3466636048412812,0.5887814576235237,0.41715823823893416,0.701770449867379,0.5159526832270707,0.6644429767106073,52.75891450792551
cgre_amac_pplu,aubin_linear,44,5,natural,8090,4904,0.3407555057020968,0.5837426707909031,0.4270914612910567,0.7136312362996088,0.526650415819345,0.671992362044239,58.19175984710455
cgre_amac_pplu,aubin_linear,44,6,natural,9414,4904,0.33933258237145875,0.5825226024554402,0.4294838068655502,0.7269130551434494,0.538129409102499,0.6813981697974056,61.40820427797735
cgre_amac_pplu,aubin_linear,44,7,natural,10738,4904,0.3270108242324382,0.5718486025447979,0.45020024528436997,0.7372681932155172,0.5478838777876235,0.6887232311183261,70.12291605491191
cgre_amac_pplu,aubin_linear,44,8,natural,12061,4904,0.3268933383772229,0.5717458687014912,0.4503977729794595,0.7495324722872103,0.5579630925768492,0.6966802003554464,79.73258251324296
cgre_amac_pplu,aubin_linear,44,9,natural,13385,4904,0.31606127076357027,0.5621932681592428,0.46860961086289354,0.7543436425587595,0.5637496673429766,0.7003380696073123,84.80569930654019
cgre_amac_pplu,aubin_linear,44,10,natural,14709,4904,0.3161708988486856,0.5622907600598516,0.4684252943515125,0.7556764894152819,0.5640534230382308,0.7022777705223119,73.68504745513201
cgre_amac_pplu,mlp_small,44,0,natural,1471,4904,0.4542269611001423,0.6739636200123433,0.23631313310725688,0.48240855322198684,0.3414487288053588,0.49049419572937564,33.93668712489307
cgre_amac_pplu,mlp_small,44,1,natural,2795,4904,0.39725313186557937,0.63028020107376,0.33210261473037206,0.5826252424400553,0.41779043469872473,0.5796636896905266,38.320082855410874
cgre_amac_pplu,mlp_small,44,2,natural,4119,4904,0.3574410806235127,0.5978637642670048,0.399038185010015,0.6408530188356626,0.46307211767274936,0.6491077858379466,57.130136746913195
cgre_amac_pplu,mlp_small,44,3,natural,5442,4904,0.24992502371213346,0.49992501808984663,0.5798037662613904,0.7470616365915451,0.5534316295069787,0.7705484522440423,74.16664951108396
cgre_amac_pplu,mlp_small,44,4,natural,6766,4904,0.24266854917783667,0.4926139961245891,0.59200399825194,0.7576246599340922,0.5636046220992362,0.7759964644525861,88.6428143773228
cgre_amac_pplu,mlp_small,44,5,natural,8090,4904,0.18899380528936105,0.43473417773319945,0.6822467634373893,0.7944197668322622,0.6014008589731908,0.8263299295702333,99.85072251036763
cgre_amac_pplu,mlp_small,44,6,natural,9414,4904,0.19224365741432034,0.43845599256290285,0.6767828222808279,0.7939585156368117,0.6002099394492508,0.8237754772213814,120.05399038363248
cgre_amac_pplu,mlp_small,44,7,natural,10738,4904,0.17516762754151233,0.4185303185451591,0.7054925662399862,0.807736030543473,0.6155184929454686,0.8421753431318,111.30158405285329
cgre_amac_pplu,mlp_small,44,8,natural,12061,4904,0.1570094968071698,0.39624423883151894,0.7360216346500879,0.8292013825949801,0.6404826956873432,0.8656086583398241,108.88735079858452
cgre_amac_pplu,mlp_small,44,9,natural,13385,4904,0.19249035351430932,0.4387372260411798,0.6763680548015507,0.8073371732584645,0.613103415632559,0.8269882622649044,118.60092611797154
cgre_amac_pplu,mlp_small,44,10,natural,14709,4904,0.1504441422765258,0.38787129602037557,0.7470598940686921,0.8322589463002223,0.6437520118429929,0.8732214093314166,132.98610507510602
cgre_amac_pplu,CNN_Jannis_OHE,44,0,natural,1471,4904,0.604294856684002,0.7773640438584756,-0.015994393337344537,0.3534300373274218,0.24755610095466385,0.3597137865205621,27.817401262000203
cgre_amac_pplu,CNN_Jannis_OHE,44,1,natural,2795,4904,0.40352953635053596,0.6352397471431837,0.3215501638920095,0.6444073275512421,0.46698193374020386,0.6351061444512277,41.63560586888343
cgre_amac_pplu,CNN_Jannis_OHE,44,2,natural,4119,4904,0.2559699104051271,0.5059346898613764,0.5696405637775197,0.7350553717439202,0.5435470731014154,0.7576110856124303,32.98012163583189
cgre_amac_pplu,CNN_Jannis_OHE,44,3,natural,5442,4904,0.13148522799885864,0.3626089188076579,0.778935311171482,0.8386700145236298,0.650029870431953,0.8849578588326268,67.75940292794257
cgre_amac_pplu,CNN_Jannis_OHE,44,4,natural,6766,4904,0.09913141554391283,0.31485141820216217,0.8333314254089756,0.8607269993794952,0.6779531046133078,0.9141151216873333,80.4923655251041
cgre_amac_pplu,CNN_Jannis_OHE,44,5,natural,8090,4904,0.07663270522559702,0.2768261281483325,0.8711582632314315,0.8700496507328073,0.6912212688487783,0.9334224446618029,93.62548985239118
cgre_amac_pplu,CNN_Jannis_OHE,44,6,natural,9414,4904,0.084084262625773,0.289972865326694,0.8586300405327414,0.8682859604369042,0.6874262293237728,0.9280473681101609,88.07548117917031
cgre_amac_pplu,CNN_Jannis_OHE,44,7,natural,10738,4904,0.06241940293419077,0.2498387538677512,0.895054934333547,0.8810022919149978,0.708179210174852,0.946371057512728,119.63856204878539
cgre_amac_pplu,CNN_Jannis_OHE,44,8,natural,12061,4904,0.07257673319395772,0.26940069263822936,0.8779775250505562,0.8769975011167405,0.7009146134677402,0.9397902607714628,101.54628261364996
cgre_amac_pplu,CNN_Jannis_OHE,44,9,natural,13385,4904,0.08911251185586423,0.2985171885434141,0.850176099597171,0.8643984856874547,0.6831708179560793,0.9246071014084676,75.42639472987503
cgre_amac_pplu,CNN_Jannis_OHE,44,10,natural,14709,4904,0.0658837113420782,0.2566782252978974,0.8892304301527252,0.883370166970484,0.7132327559371598,0.9432242836952844,150.60359339229763
cgre_amac_pplu,aubin_1_10_1,45,0,natural,1471,4904,0.6026287541469769,0.7762916682194759,-0.013193193198671738,0.48594192165363476,0.34371167348740667,0.48859147932840363,35.18892937898636
cgre_amac_pplu,aubin_1_10_1,45,1,natural,2795,4904,0.5988669728637183,0.7738649577695829,-0.006868551096429254,0.4431800260172546,0.31129040543534486,0.45513831107392644,27.734295452944934
cgre_amac_pplu,aubin_1_10_1,45,2,natural,4119,4904,0.4108150954814801,0.6409485903576667,0.3093010322843287,0.7160362146655255,0.5223177514712474,0.6339032544082552,47.06299036182463
cgre_amac_pplu,aubin_1_10_1,45,3,natural,5442,4904,0.37431265618950477,0.6118109644240652,0.3706721878610788,0.6994149336655215,0.5102479597053398,0.6244688671563109,49.36289910133928
cgre_amac_pplu,aubin_1_10_1,45,4,natural,6766,4904,0.39460446340584027,0.6281755036658467,0.3365557923060859,0.6976563331749834,0.509025746884851,0.6132892527280827,61.98617188632488
cgre_amac_pplu,aubin_1_10_1,45,5,natural,8090,4904,0.21950759132469205,0.468516372525755,0.6309442656774205,0.7618550255587684,0.5647654261837867,0.7963987362311259,69.00899652484804
cgre_amac_pplu,aubin_1_10_1,45,6,natural,9414,4904,0.375592638534521,0.6128561320036873,0.36852016741655047,0.7142674995498892,0.522874968006656,0.6451572052277429,77.36001874133945
cgre_amac_pplu,aubin_1_10_1,45,7,natural,10738,4904,0.2545965466809412,0.5045756104697702,0.5719495853228006,0.7627610007794267,0.5659133298450272,0.7612129818749738,100.4206413757056
cgre_amac_pplu,aubin_1_10_1,45,8,natural,12061,4904,0.15959804613286951,0.3994972417087126,0.7316695347228775,0.8022982099951482,0.605882011083646,0.8573636449946768,88.23310105036944
cgre_amac_pplu,aubin_1_10_1,45,9,natural,13385,4904,0.19361255402496358,0.44001426570619684,0.6744813112451328,0.775658991526377,0.5789958876852046,0.8261974567213828,92.80293324310333
cgre_amac_pplu,aubin_1_10_1,45,10,natural,14709,4904,0.15054828120976754,0.38800551698367325,0.746884806408866,0.8152502637215095,0.6203119833862054,0.8688118163315011,57.86074048560113
cgre_amac_pplu,aubin_linear,45,0,natural,1471,4904,0.4901020805833549,0.7000729109052535,0.1759966835262351,0.43486439659310056,0.3060702134873033,0.45160910265070103,18.58533781208098
cgre_amac_pplu,aubin_linear,45,1,natural,2795,4904,0.4026695592088449,0.6345624943288446,0.3229960341401048,0.6045648551707199,0.43497856041510863,0.5852248943273279,5.3875154089182615
cgre_amac_pplu,aubin_linear,45,2,natural,4119,4904,0.379757941770909,0.616245033871194,0.3615170882277877,0.6452833024629893,0.4671128146495763,0.617685208936903,6.518438772298396
cgre_amac_pplu,aubin_linear,45,3,natural,5442,4904,0.37958800734872217,0.6161071395047473,0.3618027971301011,0.6629627727140466,0.48207325355044156,0.6320146808966,8.053059929050505
cgre_amac_pplu,aubin_linear,45,4,natural,6766,4904,0.35717944625986925,0.5976449165347842,0.399478068030077,0.6885457916552735,0.5032931786081651,0.6523182161504989,9.694802180863917
cgre_amac_pplu,aubin_linear,45,5,natural,8090,4904,0.3490499589101004,0.5908045014301265,0.4131460870057725,0.7092540080295786,0.5226707884294901,0.6669209397654547,12.000800733454525
cgre_amac_pplu,aubin_linear,45,6,natural,9414,4904,0.33673764212723595,0.5802909977995833,0.4338466517748102,0.7232545732611005,0.534316521202266,0.6772355265045384,13.615484306588769
cgre_amac_pplu,aubin_linear,45,7,natural,10738,4904,0.3434796865989599,0.5860714005980499,0.42251132547319237,0.735486140709876,0.5450002500350449,0.6844124797717677,15.721003604121506
cgre_amac_pplu,aubin_linear,45,8,natural,12061,4904,0.3244230363494037,0.5695814571678082,0.4545510650062796,0.7419211581538177,0.5513561033470772,0.6889320555704757,17.44228823762387
cgre_amac_pplu,aubin_linear,45,9,natural,13385,4904,0.3218883445500913,0.5673520463963193,0.45881261485807034,0.7481228037204429,0.5567027171236149,0.6953434706997456,16.939289626665413
cgre_amac_pplu,aubin_linear,45,10,natural,14709,4904,0.3323142012166685,0.5764669992433812,0.4412837350375355,0.7520248623743522,0.5614854349943806,0.6957599103699246,19.434156069532037
cgre_amac_pplu,mlp_small,45,0,natural,1471,4904,0.48500915952966095,0.6964259899872067,0.18455935649793076,0.4495333294476713,0.3167197439602572,0.47125411464929745,46.14741730503738
cgre_amac_pplu,mlp_small,45,1,natural,2795,4904,0.39529186836136404,0.6287224096223738,0.33540006580429693,0.5922111265263682,0.42532175857324445,0.5839215514043887,39.01542848814279
cgre_amac_pplu,mlp_small,45,2,natural,4119,4904,0.36305685019627765,0.6025419904008995,0.38959645248971464,0.6269243275916375,0.4534406631335092,0.630721013073635,66.95075667276978
cgre_amac_pplu,mlp_small,45,3,natural,5442,4904,0.26614642143396156,0.5158938082919406,0.5525309060753725,0.734071449631561,0.5410747122198661,0.7466962355126615,83.88575441390276
cgre_amac_pplu,mlp_small,45,4,natural,6766,4904,0.2596905701470297,0.5095984400947766,0.5633850588770939,0.7374524640499941,0.5447753664718366,0.7506011143365248,100.17295851651579
cgre_amac_pplu,mlp_small,45,5,natural,8090,4904,0.2463764869466647,0.4963632610766682,0.5857698826669665,0.7601073460502951,0.5644908876864481,0.7740928485323237,118.47930932603776
cgre_amac_pplu,mlp_small,45,6,natural,9414,4904,0.18655651425369746,0.43192188443478696,0.6863445544408637,0.8011725985446775,0.6069915989338829,0.8340236434216594,131.9991394355893
cgre_amac_pplu,mlp_small,45,7,natural,10738,4904,0.17154971783417555,0.4141856079515264,0.7115753186208773,0.8090308298205442,0.6145704215178769,0.8450484744752518,123.41061788145453
cgre_amac_pplu,mlp_small,45,8,natural,12061,4904,0.16983316847248417,0.41210819995783166,0.7144613344591311,0.8121705706774217,0.6188022376970643,0.8480583780214295,130.52388906665146
cgre_amac_pplu,mlp_small,45,9,natural,13385,4904,0.16281954904504156,0.4035090445641108,0.7262532567905332,0.8217563000898007,0.6309339443230514,0.8569808266225585,147.524995110929
cgre_amac_pplu,mlp_small,45,10,natural,14709,4904,0.1574425953970929,0.3967903670669097,0.7352934706846708,0.8197592692418673,0.6262507531851927,0.8591746622990354,147.70072544179857
cgre_amac_pplu,CNN_Jannis_OHE,45,0,natural,1471,4904,0.42424370883709606,0.6513399333966067,0.28672365018568347,0.5678085821861163,0.4049249099902569,0.5376961117605914,120.09298550803214
cgre_amac_pplu,CNN_Jannis_OHE,45,1,natural,2795,4904,0.35426759265715163,0.5952038244644868,0.404373735934342,0.6473450365234321,0.4692656525388177,0.6749078574771112,106.95838650874794
cgre_amac_pplu,CNN_Jannis_OHE,45,2,natural,4119,4904,0.21995944661636332,0.468998343937762,0.6301845662726349,0.7706292201692476,0.5779832802436455,0.7998199278771766,186.29144838638604
cgre_amac_pplu,CNN_Jannis_OHE,45,3,natural,5442,4904,0.16501025328278784,0.4062145409543925,0.7225700494979475,0.8120063508165998,0.6185675157436472,0.853877612663919,229.51668418943882
cgre_amac_pplu,CNN_Jannis_OHE,45,4,natural,6766,4904,0.11307980751382062,0.33627341184491616,0.8098801451593599,0.8497680493682361,0.6659842503060251,0.9015740553104996,272.57071612775326
cgre_amac_pplu,CNN_Jannis_OHE,45,5,natural,8090,4904,0.10043098857786709,0.3169084861247283,0.8311464673514551,0.8621316542377123,0.6797511882411765,0.9126116116705114,284.7040812848136
cgre_amac_pplu,CNN_Jannis_OHE,45,6,natural,9414,4904,0.07796160305704004,0.27921605085854223,0.8689240017097084,0.8719859872076091,0.6949481516985498,0.9334651892693642,337.40959621500224
cgre_amac_pplu,CNN_Jannis_OHE,45,7,natural,10738,4904,0.06467540190066125,0.2543135896893071,0.8912619477212061,0.8816846644173715,0.7100992937437381,0.9453987205578123,426.3110853964463
cgre_amac_pplu,CNN_Jannis_OHE,45,8,natural,12061,4904,0.06292281902171802,0.2508442126534276,0.8942085463214925,0.8825264625739061,0.7124410858451424,0.9459373791853798,496.86392934340984
cgre_amac_pplu,CNN_Jannis_OHE,45,9,natural,13385,4904,0.06581713176247225,0.2565484978760785,0.8893423696783429,0.8773326434849372,0.7015744870310308,0.9449864194570616,411.6788222696632
cgre_amac_pplu,CNN_Jannis_OHE,45,10,natural,14709,4904,0.06050816102582543,0.24598406660965955,0.8982682846404915,0.8823618209268044,0.7102503771107265,0.9482651758710943,625.3770622741431
cgre_amac_pplu,aubin_1_10_1,46,0,natural,1471,4904,0.6045321435477181,0.7775166516208628,-0.0163933411696513,0.3338247958443204,0.2334500133238882,0.34954968183430357,28.992864198982716
cgre_amac_pplu,aubin_1_10_1,46,1,natural,2795,4904,0.4806693885264869,0.6933032442780626,0.1918557664521503,0.5057966143189473,0.35911431860008186,0.4988498798255504,33.19529579114169
cgre_amac_pplu,aubin_1_10_1,46,2,natural,4119,4904,0.597215033730861,0.7727968903475615,-0.004091163735684189,0.5269988114677374,0.3730779417494325,0.5092036787020644,27.4949740068987
cgre_amac_pplu,aubin_1_10_1,46,3,natural,5442,4904,0.3964422966355864,0.6296366385746516,0.3334658632149178,0.5899506134238064,0.4207383110119312,0.5835675369043986,33.2347892774269
cgre_amac_pplu,aubin_1_10_1,46,4,natural,6766,4904,0.3874561984400158,0.6224597966455471,0.34857409272191286,0.6031381930056413,0.43280699069199596,0.5947133014185038,40.097331181168556
cgre_amac_pplu,aubin_1_10_1,46,5,natural,8090,4904,0.34876543155780493,0.5905636558050326,0.4136244597595463,0.6391448264454889,0.46066696325181816,0.6491070183447594,54.558065475896
cgre_amac_pplu,aubin_1_10_1,46,6,natural,9414,4904,0.33342424122091313,0.5774289923626221,0.43941743680875134,0.6779073594978188,0.4926708284154879,0.6674285912620022,50.019067130982876
cgre_amac_pplu,aubin_1_10_1,46,7,natural,10738,4904,0.24619468288247462,0.4961800911790744,0.5860755478697396,0.7439910525815183,0.5495613710400122,0.7721044115774823,56.01402883045375
cgre_amac_pplu,aubin_1_10_1,46,8,natural,12061,4904,0.22527944242433612,0.4746361158027654,0.621240114977553,0.7611020818215267,0.5661756793203734,0.7899627909991337,65.17579178791493
cgre_amac_pplu,aubin_1_10_1,46,9,natural,13385,4904,0.24985597276453156,0.4998559520147095,0.5799198608712355,0.751507117302557,0.5594596265072216,0.7666104659459323,74.31711963191628
cgre_amac_pplu,aubin_1_10_1,46,10,natural,14709,4904,0.22047284428348407,0.4695453591331556,0.629321396338988,0.7690988986122376,0.5748390029976754,0.7986381589149114,67.61590274702758
cgre_amac_pplu,aubin_linear,46,0,natural,1471,4904,0.4800149231546049,0.6928310928030041,0.1929561119889538,0.47607552908585976,0.33600454104759186,0.4831592418559063,35.445548160001636
cgre_amac_pplu,aubin_linear,46,1,natural,2795,4904,0.394272986613781,0.6279116073252516,0.3371131006441076,0.6154381110338124,0.44031369167665674,0.6031980359277496,26.365775543265045
cgre_amac_pplu,aubin_linear,46,2,natural,4119,4904,0.3839640248608846,0.6196483073977405,0.35444544631315056,0.6346141321840328,0.4575838767050129,0.6142152899679492,32.086440183222294
cgre_amac_pplu,aubin_linear,46,3,natural,5442,4904,0.3673243740972715,0.6060729115356266,0.38242151080539355,0.670565244173187,0.4866415160185198,0.6418403565611803,38.256118822842836
cgre_amac_pplu,aubin_linear,46,4,natural,6766,4904,0.3576837131858958,0.5980666461071841,0.39863024951247494,0.694679069712158,0.50771538502333,0.6596235609994787,45.36304933857173
cgre_amac_pplu,aubin_linear,46,5,natural,8090,4904,0.3465190321342651,0.5886586720114341,0.41740130676439546,0.7023581060001061,0.5150318716461316,0.6622405043350907,52.82768956106156
cgre_amac_pplu,aubin_linear,46,6,natural,9414,4904,0.3477204022438477,0.5896782192381262,0.41538145621932077,0.7111973226954486,0.5235378463200235,0.6688962735945019,68.21831924747676
cgre_amac_pplu,aubin_linear,46,7,natural,10738,4904,0.3309887477237515,0.5753162154187482,0.44351220563022375,0.7339383974571919,0.5443598203184757,0.6826769608871032,62.64068511687219
cgre_amac_pplu,aubin_linear,46,8,natural,12061,4904,0.32433991985479016,0.5695084897126558,0.4546908078678764,0.7440618038710979,0.5526638882011361,0.6922837632349382,69.15601532626897
cgre_amac_pplu,aubin_linear,46,9,natural,13385,4904,0.3254924778723715,0.5705194807124219,0.4527530245640695,0.7523538263396322,0.5605066960425121,0.6982382452497112,53.51067239139229
cgre_amac_pplu,aubin_linear,46,10,natural,14709,4904,0.3175122099927991,0.5634822179916587,0.46617016246172915,0.7539136617591392,0.562994641200968,0.6978190013889447,77.31861771643162
cgre_amac_pplu,mlp_small,46,0,natural,1471,4904,0.4698124919636173,0.6854286921070764,0.21010934897881262,0.47686170774289455,0.33607355856097637,0.4861767104893603,50.886067654937506
cgre_amac_pplu,mlp_small,46,1,natural,2795,4904,0.4044578242753369,0.6359699869296797,0.3199894434646078,0.5731108311976231,0.41096672652638705,0.5736282079080639,62.267504351213574
cgre_amac_pplu,mlp_small,46,2,natural,4119,4904,0.35012323482485047,0.5917121215801232,0.41134159984221497,0.6579102257701455,0.47723097852696794,0.6592415700953005,70.86467615887523
cgre_amac_pplu,mlp_small,46,3,natural,5442,4904,0.27469664137530386,0.5241151031742015,0.5381555139532654,0.7372914385965142,0.5439425304562567,0.7454780855946923,94.8716837624088
cgre_amac_pplu,mlp_small,46,4,natural,6766,4904,0.20284003100707365,0.4503776537607896,0.6589672542003355,0.7870564038502134,0.5914777429604827,0.8229648536311491,121.73822962958366
cgre_amac_pplu,mlp_small,46,5,natural,8090,4904,0.21782881080063768,0.4667213417025599,0.6337667811782848,0.7748285199446584,0.5776480137999709,0.7965844780342857,124.54516200535
cgre_amac_pplu,mlp_small,46,6,natural,9414,4904,0.2727843422153476,0.5222876048838873,0.5413706418058517,0.7506441881829655,0.5533775868349798,0.7483522277256759,132.49578475113958
cgre_amac_pplu,mlp_small,46,7,natural,10738,4904,0.18537123306613099,0.4305475967487578,0.6883373548557206,0.7999912875345563,0.6026945667899347,0.8304162715087873,112.06296519376338
cgre_amac_pplu,mlp_small,46,8,natural,12061,4904,0.16153403391998597,0.40191296809133437,0.7284145794381787,0.8277538993979147,0.638725225311248,0.8660481600950247,112.78163139801472
cgre_amac_pplu,mlp_small,46,9,natural,13385,4904,0.14321986587286664,0.3784440062583455,0.7592059916911564,0.8316817567660771,0.6423620111961127,0.8726368703388198,127.27413773909211
cgre_amac_pplu,mlp_small,46,10,natural,14709,4904,0.12645356063989266,0.3556030942496039,0.7873949989700846,0.8467428016632274,0.6636769068306262,0.8877198990137545,130.88236868660897
cgre_amac_pplu,CNN_Jannis_OHE,46,0,natural,1471,4904,0.4412041378405742,0.6642319909794877,0.25820826471527436,0.5626141375134649,0.40117585912156667,0.515068454795349,119.65477673057467
cgre_amac_pplu,CNN_Jannis_OHE,46,1,natural,2795,4904,0.37091848747783696,0.6090307771187241,0.37637876693080397,0.6405948208645681,0.46318960319899655,0.6373901249381663,109.13402356393635
cgre_amac_pplu,CNN_Jannis_OHE,46,2,natural,4119,4904,0.19144958425357972,0.43754952205845193,0.678117888880003,0.7882733768816546,0.5939929356233864,0.8278869388952091,199.7047853479162
cgre_amac_pplu,CNN_Jannis_OHE,46,3,natural,5442,4904,0.12806622381687233,0.3578634150299138,0.7846836458482926,0.8386957842872573,0.6496216886441505,0.8882556277277944,264.0858382070437
cgre_amac_pplu,CNN_Jannis_OHE,46,4,natural,6766,4904,0.10627339492593528,0.32599600446314564,0.8213236928770734,0.851094424025983,0.663568313392001,0.9074693450782696,245.0584363490343
cgre_amac_pplu,CNN_Jannis_OHE,46,5,natural,8090,4904,0.0716316685087787,0.26764093205034745,0.8795664520633589,0.8737028386880489,0.697183228270816,0.9382818877283016,371.4161669127643
cgre_amac_pplu,CNN_Jannis_OHE,46,6,natural,9414,4904,0.07934644075248302,0.28168500271133184,0.8665956891009052,0.8754309567111502,0.7004015046425301,0.9320931633167698,302.46031349524856
cgre_amac_pplu,CNN_Jannis_OHE,46,7,natural,10738,4904,0.07051356352835125,0.2655439013201984,0.8814463098491929,0.8802287748799598,0.7076819170234444,0.9420261980351496,369.0662029199302
cgre_amac_pplu,CNN_Jannis_OHE,46,8,natural,12061,4904,0.06236864666213365,0.24973715514943637,0.895140270303672,0.877700716177635,0.7020320607919068,0.9471756645707511,443.512756196782
cgre_amac_pplu,CNN_Jannis_OHE,46,9,natural,13385,4904,0.05591824271305627,0.23647038443123541,0.9059852645552956,0.8871231551466422,0.7180983194345477,0.9522400992798279,571.8192746685818
cgre_amac_pplu,CNN_Jannis_OHE,46,10,natural,14709,4904,0.07605104863784148,0.2757735459355039,0.8721361961485676,0.875508520671658,0.6980977883821842,0.934589636760079,426.2567659029737
artificial,aubin_1_10_1,42,0,natural,1471,4904,1.993284419754115,1.4118372497402507,-2.351287492185066,0.3747211466447812,0.2641931381932796,0.38710918852722587,27.630559485405684
artificial,aubin_1_10_1,42,0,artificial,1471,5382,0.4595381496154913,0.677892432186325,0.0023465187894219364,0.5120632687503073,0.3416931425918221,0.5222830488491643,28.991214496083558
artificial,aubin_1_10_1,42,1,natural,2795,4904,1.8349282799599032,1.3545952458058839,-2.0850450305756403,0.6023122492413566,0.43403286194168406,0.602150830903241,29.003825216554105
artificial,aubin_1_10_1,42,1,artificial,2795,5382,0.2971028718094931,0.5450714373451365,0.35499214899478526,0.6130925027890448,0.41759344434346185,0.6090761333266461,29.723633314482868
artificial,aubin_1_10_1,42,2,natural,4119,4904,1.890926343361903,1.3751095750382596,-2.1791939676795877,0.45376859149732085,0.32058895458443837,0.45972062443835204,20.071699868887663
artificial,aubin_1_10_1,42,2,artificial,4119,5382,0.4613673153080324,0.679240248592523,-0.0016245846377940243,0.5619711325145613,0.3750915552721163,0.5727120972604405,20.792334709316492
artificial,aubin_1_10_1,42,3,natural,5442,4904,1.6027997368240916,1.266017273509367,-1.6947698267559317,0.6632585770941426,0.4825250306431508,0.6194036953608606,37.130648490041494
artificial,aubin_1_10_1,42,3,artificial,5442,5382,0.26994720544253753,0.5195644382004387,0.41394687366400984,0.649774124122088,0.44543829523785106,0.6457252867544975,37.78457167278975
artificial,aubin_1_10_1,42,4,natural,6766,4904,1.3090004233160695,1.1441155637941778,-1.200808225082724,0.6519271261575034,0.4727268959420009,0.596483829163305,43.6855733897537
artificial,aubin_1_10_1,42,4,artificial,6766,5382,0.27351501409743695,0.5229866289853279,0.406201190900061,0.6333270952550649,0.4316340652981264,0.6379393870985011,44.45083927270025
artificial,aubin_1_10_1,42,5,natural,8090,4904,1.167654815658911,1.0805807770171145,-0.963165386799181,0.7372131923985072,0.5444656561744822,0.7467330025823078,50.83510877471417
artificial,aubin_1_10_1,42,5,artificial,8090,5382,0.2224604724812805,0.4716571556557586,0.5170401739476869,0.7007310155089471,0.4941323264816009,0.7226927462858383,51.57174100168049
artificial,aubin_1_10_1,42,6,natural,9414,4904,2.279343974671126,1.5097496397320735,-2.8322363216208895,0.7774802403672771,0.5839217753132733,0.7701093061099139,81.23090084269643
artificial,aubin_1_10_1,42,6,artificial,9414,5382,0.2210806632285355,0.47019215564334493,0.5200357283005941,0.714338256398808,0.5071529292366961,0.725865970204867,82.39757115393877
artificial,aubin_1_10_1,42,7,natural,10738,4904,1.621170176927933,1.2732518120654426,-1.725655848608013,0.8154470664727006,0.622170632164944,0.8527841607097391,68.03635261207819
artificial,aubin_1_10_1,42,7,artificial,10738,5382,0.17582556681368014,0.419315593334758,0.6182841642978627,0.7438082371422005,0.5367753748872889,0.7902888693195163,68.75224227830768
artificial,aubin_1_10_1,42,8,natural,12061,4904,1.6180790548485868,1.272037363778512,-1.720458778556862,0.8038419831079153,0.6103879851658711,0.7853130607716774,92.88334627915174
artificial,aubin_1_10_1,42,8,artificial,12061,5382,0.21318394984348984,0.46171847466122673,0.5371794270453119,0.7308181689140254,0.5221394140090719,0.7365133756494247,93.60192712023854
artificial,aubin_1_10_1,42,9,natural,13385,4904,1.557216320883124,1.247884738620969,-1.618130923556719,0.8395960305154252,0.6498252595917254,0.8864146845758798,74.50718627683818
artificial,aubin_1_10_1,42,9,artificial,13385,5382,0.14905076410762833,0.38607093144606,0.6764120371431741,0.7544194271709844,0.5467238193310423,0.8238055537042362,75.16135178506374
artificial,aubin_1_10_1,42,10,natural,14709,4904,1.8425350122983957,1.3574000929344288,-2.0978341472163726,0.8443169447416938,0.6570807152594604,0.8699999282640651,78.08539146278054
artificial,aubin_1_10_1,42,10,artificial,14709,5382,0.1464769049015279,0.3827230132896739,0.6819998639629072,0.7624208190033329,0.5594233213983495,0.8263703492576808,78.72111528553069
artificial,aubin_linear,42,0,natural,1471,4904,1.4661390568102894,1.2108422922950328,-1.46500370654502,0.5109883278016533,0.36559769181060636,0.496359582206447,37.85439751017839
artificial,aubin_linear,42,0,artificial,1471,5382,0.31359363546124724,0.559994317347281,0.3191908389647925,0.5825816298405675,0.39398010501495956,0.5999112325634742,39.44048234820366
artificial,aubin_linear,42,1,natural,2795,4904,1.701924385391976,1.3045782404256083,-1.8614270241034983,0.6647192717720627,0.486421969668386,0.6250199744207632,31.689905549399555
artificial,aubin_linear,42,1,artificial,2795,5382,0.27739381115808226,0.5266818880102887,0.39778035490701014,0.6183737419132067,0.42824192964021945,0.6327568690596823,32.82216794323176
artificial,aubin_linear,42,2,natural,4119,4904,1.8426360369482377,1.357437304978848,-2.098003998865271,0.6791465548735486,0.4996269427733251,0.6361512608862433,38.67435707617551
artificial,aubin_linear,42,2,artificial,4119,5382,0.2704543738339996,0.5200522799046261,0.4128458153259251,0.6255031222227724,0.4358583355076332,0.6434089722647413,39.76420353166759
artificial,aubin_linear,42,3,natural,5442,4904,1.9088384535939396,1.3816071994579138,-2.2093094044854746,0.6970353764959472,0.5142510475527019,0.6515664769997493,46.35513210017234
artificial,aubin_linear,42,3,artificial,5442,5382,0.2606866639156161,0.5105748367434652,0.4340514319035349,0.6502166714949449,0.45352315104065605,0.6636139301466257,47.44313691649586
artificial,aubin_linear,42,4,natural,6766,4904,2.0386719232035704,1.4278206901440986,-2.4275970098355533,0.7176947062670321,0.5317856867460535,0.6679356902115743,47.6288125179708
artificial,aubin_linear,42,4,artificial,6766,5382,0.25346096820971703,0.5034490721112882,0.44973835687633723,0.6547801907483451,0.459024225304521,0.6716161260051943,48.77333888132125
artificial,aubin_linear,42,5,natural,8090,4904,1.6820768699156292,1.296949062190042,-1.8280576114358191,0.7356245973663422,0.548139192678616,0.6811708083318877,54.590256448835135
artificial,aubin_linear,42,5,artificial,8090,5382,0.2464385703714897,0.4964257954332044,0.46498392387793475,0.6704560524761363,0.47053553741772036,0.6826472472800693,55.86675440426916
artificial,aubin_linear,42,6,natural,9414,4904,2.0986053585150657,1.448656397671672,-2.5283624450803,0.7573049824324776,0.5682815717823622,0.697760184529727,62.57615110836923
artificial,aubin_linear,42,6,artificial,9414,5382,0.24101097530093218,0.4909286865736532,0.47676718740300617,0.6894421210796148,0.4849090016260865,0.6935848678160295,63.5660916287452
artificial,aubin_linear,42,7,natural,10738,4904,1.922919883438134,1.3866938679600966,-2.2329843598712955,0.7736219707723714,0.5845713970248023,0.7073273909331727,81.80220317747444
artificial,aubin_linear,42,7,artificial,10738,5382,0.23649956623387133,0.4863122106567666,0.48656141877353376,0.701676839138333,0.49619936491317185,0.6978981317836846,83.4115722477436
artificial,aubin_linear,42,8,natural,12061,4904,1.9347048200103376,1.3909366700214418,-2.252798246007772,0.7848900329877339,0.594010176591571,0.7190511757601036,65.25453412905335
artificial,aubin_linear,42,8,artificial,12061,5382,0.23494156339187042,0.48470770923503004,0.48994382991906926,0.7073563768332081,0.4981026486656048,0.7034099403981229,66.21954947989434
artificial,aubin_linear,42,9,natural,13385,4904,2.0644581343034965,1.436822234760966,-2.4709510870929696,0.7954189854910302,0.6049189211579975,0.7256008407084236,96.42831635475159
artificial,aubin_linear,42,9,artificial,13385,5382,0.23208544091520955,0.4817524685097208,0.4961444479395506,0.711932654560436,0.505499740886846,0.705045013218487,97.4785816418007
artificial,aubin_linear,42,10,natural,14709,4904,1.9327331337558462,1.3902277273007635,-2.249483271276767,0.7970147689982704,0.6046993571657254,0.7304715189789129,72.64254798088223
artificial,aubin_linear,42,10,artificial,14709,5382,0.22795688076700898,0.47744830166941526,0.5051075175077375,0.7147357604041975,0.5058446039011015,0.7111638522833257,73.68330839090049
artificial,mlp_small,42,0,natural,1471,4904,1.684243204436702,1.2977839590766647,-1.8316998461878748,0.5227003252339967,0.3747705996048858,0.5114840754320639,37.226033076643944
artificial,mlp_small,42,0,artificial,1471,5382,0.29371003361133574,0.5419502132219672,0.3623579723598489,0.5813828800257806,0.39897677662379516,0.6022460043821175,38.333896975032985
artificial,mlp_small,42,1,natural,2795,4904,1.8180376021579379,1.3483462471331085,-2.0566469170443877,0.6596197517326661,0.48023378526350174,0.6435660195576592,34.07740345876664
artificial,mlp_small,42,1,artificial,2795,5382,0.26497469184806133,0.5147569250122443,0.42474215910885704,0.6435796732828434,0.4474377302818114,0.6531537191416665,35.165551885031164
artificial,mlp_small,42,2,natural,4119,4904,1.5604395092726941,1.249175531809959,-1.6235500352639458,0.7320839055377943,0.5450161912996041,0.7220758788571525,63.56405951268971
artificial,mlp_small,42,2,artificial,4119,5382,0.23519627240645882,0.48497038301989004,0.48939085877769073,0.690401667286997,0.4937438951359353,0.7113949287440446,64.64451549109071
artificial,mlp_small,42,3,natural,5442,4904,2.223403544679514,1.4911081599533664,-2.7381842829452103,0.7718921363368876,0.5815712120563229,0.7457793199663075,76.66065773367882
artificial,mlp_small,42,3,artificial,5442,5382,0.17592755885668485,0.4194371929820779,0.6180627404251231,0.7449090819371632,0.5442834638828783,0.7904577326768691,78.00163938011974
artificial,mlp_small,42,4,natural,6766,4904,2.7671079302316075,1.6634626326526267,-3.6523085738337464,0.7867779679550158,0.5958825537021301,0.7587799975110734,113.008076839149
artificial,mlp_small,42,4,artificial,6766,5382,0.15671563172234737,0.39587325209256985,0.6597716736276726,0.768279327660619,0.5710703211908172,0.8144483161992062,114.00454407930374
artificial,mlp_small,42,5,natural,8090,4904,2.7055257435949973,1.6448482433327998,-3.5487711108548616,0.8000746338163546,0.6122540894051821,0.7618572937272097,110.45612692832947
artificial,mlp_small,42,5,artificial,8090,5382,0.1455679885239221,0.3815337318297323,0.6839731138204141,0.781391732484389,0.5890525866297146,0.8276385993673436,111.50588978081942
artificial,mlp_small,42,6,natural,9414,4904,2.6049616244231686,1.6139893507774978,-3.379693747181528,0.7997115427983187,0.6076673383804829,0.7819355452493434,127.04592564702034
artificial,mlp_small,42,6,artificial,9414,5382,0.12955942873280252,0.35994364660708006,0.7187275633000527,0.7878569510217786,0.5932295571651924,0.8488280698385431,128.39991318248212
artificial,mlp_small,42,7,natural,10738,4904,2.754675868436376,1.6597216237780286,-3.631406683073184,0.7699213899675826,0.5850548374331499,0.7217007291282524,119.18747937772423
artificial,mlp_small,42,7,artificial,10738,5382,0.13223929650357555,0.3636472143487085,0.7129095927726159,0.7979606956519992,0.6087379690656048,0.8466517193891632,119.92583930492401
artificial,mlp_small,42,8,natural,12061,4904,2.719719055637216,1.6491570742768005,-3.5726341725676685,0.7692894534929228,0.5860626181135618,0.714244798642906,113.60651658568531
artificial,mlp_small,42,8,artificial,12061,5382,0.11967070240511668,0.3459345348546697,0.740195905490596,0.8006924867722772,0.6095056020781089,0.8628640569162236,114.29112035315484
artificial,mlp_small,42,9,natural,13385,4904,2.8146560247017063,1.677693662353681,-3.732250669751264,0.7677856428832005,0.5863777664801892,0.7284633929237498,126.24911451991647
artificial,mlp_small,42,9,artificial,13385,5382,0.11551674849650782,0.3398775492681266,0.7492141047003449,0.8067697027718157,0.6186000026538061,0.8687924595646497,126.94419513922185
artificial,mlp_small,42,10,natural,14709,4904,2.5789091244967866,1.6058982298068538,-3.3358919614061664,0.8276280289952653,0.6475854185134581,0.7911437752257637,132.8934646481648
artificial,mlp_small,42,10,artificial,14709,5382,0.11288982109166908,0.3359908050701225,0.7549171421359043,0.8072883560303719,0.618063025691753,0.8720090190344267,133.57861134409904
artificial,CNN_Jannis_OHE,42,0,natural,1471,4904,1.6342168538019866,1.2783649141782587,-1.747591085039545,0.30602160175187865,0.21784176184484844,0.203174621901421,50.90429944265634
artificial,CNN_Jannis_OHE,42,0,artificial,1471,5382,0.36894327961154844,0.6074070131399113,0.19902722422134056,0.5140985912272555,0.322122896412955,0.5162162275438755,52.74934304039925
artificial,CNN_Jannis_OHE,42,1,natural,2795,4904,1.2670978985494945,1.1256544312307817,-1.1303579643223851,0.6831027988655802,0.5004423122778412,0.6960619485022217,112.35688904486597
artificial,CNN_Jannis_OHE,42,1,artificial,2795,5382,0.2576062523346326,0.5075492609930907,0.4407389796945096,0.661975265835883,0.4822092222393462,0.698306860228159,113.89423500560224
artificial,CNN_Jannis_OHE,42,2,natural,4119,4904,1.753543577894743,1.3242143247581726,-1.948213813021738,0.8153150379298439,0.625864116912837,0.8389456066298651,215.14689539000392
artificial,CNN_Jannis_OHE,42,2,artificial,4119,5382,0.15241585791973405,0.39040473603650616,0.6691064466082937,0.7532296385402334,0.5659494999721724,0.8198566308210575,216.66172687802464
artificial,CNN_Jannis_OHE,42,3,natural,5442,4904,1.4609138075876078,1.2086826744797858,-1.4562185516569475,0.8305207461439731,0.6403773949471979,0.8714448481975151,193.4423422338441
artificial,CNN_Jannis_OHE,42,3,artificial,5442,5382,0.13253945946539358,0.3640596921734039,0.7122579414917836,0.7762587302265472,0.5846681702787582,0.8449098501450106,194.96700998581946
artificial,CNN_Jannis_OHE,42,4,natural,6766,4904,1.6554703377069324,1.2866508219819908,-1.783324337188673,0.8426190169190608,0.6552684520242188,0.8792394433090277,314.56431169621646
artificial,CNN_Jannis_OHE,42,4,artificial,6766,5382,0.11713914990743932,0.3422559713247372,0.7456918848000144,0.785003926197445,0.5958347069984388,0.8659422219317019,316.08643407560885
artificial,CNN_Jannis_OHE,42,5,natural,8090,4904,1.8341511747822172,1.3543083750690672,-2.08373849206248,0.8507011155933784,0.6651554721745608,0.8697697984134908,278.32941830623895
artificial,CNN_Jannis_OHE,42,5,artificial,8090,5382,0.11354767242383836,0.33696835522618196,0.7534889523932098,0.7916871941453791,0.6032011766918419,0.868484449288736,279.84636263456196
artificial,CNN_Jannis_OHE,42,6,natural,9414,4904,2.215777947517974,1.4885489402495216,-2.7253634490819403,0.8310018209844514,0.6461502984598078,0.8083178208957132,421.4589590802789
artificial,CNN_Jannis_OHE,42,6,artificial,9414,5382,0.11109933213063668,0.3333156643943346,0.7588042787023411,0.7969262637311195,0.6144343550654997,0.8745057174023677,422.97364441026
artificial,CNN_Jannis_OHE,42,7,natural,10738,4904,1.6583275525445809,1.2877606736286757,-1.788128141529389,0.8636423223043554,0.6839303759893768,0.8949077977230969,362.01722869928926
artificial,CNN_Jannis_OHE,42,7,artificial,10738,5382,0.10957597855452564,0.33102262544201666,0.7621114665812874,0.7944419375614159,0.6092139227329875,0.8749299705389929,363.53461339045316
artificial,CNN_Jannis_OHE,42,8,natural,12061,4904,2.1481354779780877,1.4656518952254958,-2.6116368981376983,0.8208090030115573,0.6361759087886594,0.8176713345656257,522.6705060312524
artificial,CNN_Jannis_OHE,42,8,artificial,12061,5382,0.10559171981205756,0.32494879567719215,0.7707612590039468,0.8047528645949804,0.6240945103618052,0.8801400445287169,524.1911027757451
artificial,CNN_Jannis_OHE,42,9,natural,13385,4904,1.8102007806194567,1.3454370221676883,-2.0434709539253673,0.8598174356385931,0.6780316301846205,0.882556956348236,363.57877212110907
artificial,CNN_Jannis_OHE,42,9,artificial,13385,5382,0.1079941184588609,0.32862458590139126,0.7655456716250874,0.7961530338304171,0.6088480711095865,0.8766660845878991,365.1037817923352
artificial,CNN_Jannis_OHE,42,10,natural,14709,4904,1.805099321906375,1.3435398475320242,-2.034893926679472,0.8547674143654558,0.6744972787396725,0.8744426174044602,511.9136426271871
artificial,CNN_Jannis_OHE,42,10,artificial,14709,5382,0.10191632772071807,0.31924336754381927,0.7787405045090408,0.8134604736390515,0.6295071931538243,0.8839713649483905,513.4451343640685
artificial,aubin_1_10_1,43,0,natural,1471,4904,1.812087816573107,1.346138111997839,-2.0466436070229874,0.4802837798391172,0.33952706982275205,0.4723443790510611,30.861547336913645
artificial,aubin_1_10_1,43,0,artificial,1471,5382,0.46321928682867164,0.6806021501792892,-0.005645199327161121,0.5224220881085748,0.35290822500138186,0.5267572804157724,31.95565104763955
artificial,aubin_1_10_1,43,1,natural,2795,4904,1.7566513528163248,1.325387246360974,-1.95343888131606,0.5815313393734236,0.4186006239142168,0.5542327227149129,24.456855244003236
artificial,aubin_1_10_1,43,1,artificial,2795,5382,0.3235522733454896,0.5688165550909094,0.29757071936940516,0.5808551208695659,0.39649512870501774,0.5577461868448885,25.25380575377494
artificial,aubin_1_10_1,43,2,natural,4119,4904,2.0907460671607643,1.4459412391797823,-2.515148703703464,0.6701281226538457,0.4879871132524816,0.6716609649974775,38.27879096753895
artificial,aubin_1_10_1,43,2,artificial,4119,5382,0.26120429665731193,0.5110814970797827,0.4329276555485718,0.6538991160257276,0.4566088026107822,0.6604753869894424,38.96323500573635
artificial,aubin_1_10_1,43,3,natural,5442,4904,1.65610562782983,1.286897675741871,-1.7843924435871759,0.6932488552053303,0.507240742792777,0.6556351421281759,35.601724282838404
artificial,aubin_1_10_1,43,3,artificial,5442,5382,0.26613213643714806,0.5158799632057326,0.42222935658184824,0.6662557522992312,0.4640295701148918,0.6515939590878962,36.306638510897756
artificial,aubin_1_10_1,43,4,natural,6766,4904,1.0901756077386149,1.0441147483579643,-0.8329004342242119,0.7005636199660281,0.5138567333017288,0.6642655305009777,55.14566703233868
artificial,aubin_1_10_1,43,4,artificial,6766,5382,0.2583830971844137,0.5083139750040458,0.4390524560198307,0.6701784117008405,0.4668571343733968,0.6658342350441453,55.90314798709005
artificial,aubin_1_10_1,43,5,natural,8090,4904,0.5783927062263594,0.7605213384424919,0.02755461150567784,0.7078189600413756,0.5207310166900097,0.6624793242133482,75.8888998227194
artificial,aubin_1_10_1,43,5,artificial,8090,5382,0.23800097445619256,0.48785343542522336,0.48330187407420844,0.6869832792917223,0.4803847333501952,0.6961640102678786,76.99741526693106
artificial,aubin_1_10_1,43,6,natural,9414,4904,1.3382148544918133,1.1568123678850488,-1.2499261315993708,0.7707857204203633,0.5781606637139098,0.7694508706621853,55.88466845545918
artificial,aubin_1_10_1,43,6,artificial,9414,5382,0.21440499463834606,0.46303886946815387,0.5345285490032567,0.7157113016800064,0.507528565664156,0.7323332896974661,56.60258602537215
artificial,aubin_1_10_1,43,7,natural,10738,4904,1.6881082726843444,1.2992722088478397,-1.838198143543936,0.8315441508254302,0.6404864450156965,0.8644087871784585,59.930126442573965
artificial,aubin_1_10_1,43,7,artificial,10738,5382,0.16565908447572517,0.4070123886022699,0.6403555124647413,0.7478140206241397,0.5412106781649701,0.8021676149056969,61.162667417898774
artificial,aubin_1_10_1,43,8,natural,12061,4904,1.3619278807449793,1.167016658297978,-1.2897945856426198,0.8394141044142208,0.6504038761349119,0.8927861837085845,77.14183957129717
artificial,aubin_1_10_1,43,8,artificial,12061,5382,0.15425539636399768,0.39275360770335094,0.6651128240238011,0.7512319951470392,0.546773124450666,0.8176555848691093,77.85119403805584
artificial,aubin_1_10_1,43,9,natural,13385,4904,1.6191538667164718,1.2724597701760445,-1.7222658481017787,0.841068987493735,0.6523959282718672,0.8776212319513569,82.26850294228643
artificial,aubin_1_10_1,43,9,artificial,13385,5382,0.15329639404597434,0.39153083409352873,0.6671948100392506,0.753179635612984,0.5467489236377309,0.8179021103385289,82.96403484977782
artificial,aubin_1_10_1,43,10,natural,14709,4904,1.5105365063895906,1.2290388547111073,-1.5396486573535872,0.8482869068376562,0.6614942076708301,0.8954755595185291,70.6035843193531
artificial,aubin_1_10_1,43,10,artificial,14709,5382,0.1440731631183851,0.37956970785138416,0.6872183672795313,0.7600720159397718,0.5551231963136115,0.8308353684444777,71.17909235786647
artificial,aubin_linear,43,0,natural,1471,4904,1.4866913905374153,1.2192995491418075,-1.4995581224990802,0.5152241088738037,0.3677595416045124,0.5063269769562269,18.57777060009539
artificial,aubin_linear,43,0,artificial,1471,5382,0.3362935818820124,0.5799082529866362,0.2699094450502304,0.580971694525356,0.38894690766744894,0.5896625207203103,19.068943582475185
artificial,aubin_linear,43,1,natural,2795,4904,1.8442613172974216,1.3580358306382867,-2.1007365651019474,0.6312558346448223,0.457708834968658,0.5991550967588368,5.19402009434998
artificial,aubin_linear,43,1,artificial,2795,5382,0.27892694217246655,0.5281353445590122,0.39445194029130914,0.6157233962082335,0.427563387928656,0.629309810925288,5.526060368865728
artificial,aubin_linear,43,2,natural,4119,4904,1.6750816166557043,1.2942494414353456,-1.8162965679428162,0.6647292422008779,0.48474786604621517,0.6258469349141684,6.430536235682666
artificial,aubin_linear,43,2,artificial,4119,5382,0.2688382717375841,0.518496163667181,0.416354359467102,0.6236886791993286,0.4364237114297232,0.6454227376393873,6.759853244759142
artificial,aubin_linear,43,3,natural,5442,4904,1.821488070279959,1.3496251591756723,-2.06244815170258,0.698541619718765,0.5139287915027473,0.6493013846973182,7.301355831325054
artificial,aubin_linear,43,3,artificial,5442,5382,0.2604717138404349,0.5103642952249254,0.4345180867198337,0.6456568895308117,0.45199363421386324,0.6630480353585335,7.633453505113721
artificial,aubin_linear,43,4,natural,6766,4904,2.0168610360344896,1.4201623273536337,-2.390926601619441,0.7127360311253648,0.5260877317877999,0.663856045983472,9.076875362545252
artificial,aubin_linear,43,4,artificial,6766,5382,0.25010846238958667,0.500108450628048,0.4570166189858711,0.6624788801955263,0.4624781418587625,0.6771657622748597,9.415204964578152
artificial,aubin_linear,43,5,natural,8090,4904,1.7160270284020271,1.3099721479489659,-1.8851376449551704,0.7333445433043656,0.5446042184417536,0.6798090347909764,9.068542372435331
artificial,aubin_linear,43,5,artificial,8090,5382,0.24688869115273857,0.49687895020089007,0.4640067154247216,0.6695067406595168,0.46943998990095925,0.6823031602640013,9.623319783248007
artificial,aubin_linear,43,6,natural,9414,4904,1.7817724341744958,1.3348304889290235,-1.9956746831471839,0.7482895490126982,0.5604321682949832,0.6890445488774737,13.30069821421057
artificial,aubin_linear,43,6,artificial,9414,5382,0.2410029403278999,0.4909205030632759,0.4767846312622893,0.6845860419848712,0.48198357805070585,0.6906556293411228,13.590721881017089
artificial,aubin_linear,43,7,natural,10738,4904,1.9156452777220878,1.384068378990752,-2.220753644121372,0.7632174538225173,0.5730917020164817,0.7030616642135952,14.859267611056566
artificial,aubin_linear,43,7,artificial,10738,5382,0.23831164197805252,0.4881717341039447,0.4826274174813402,0.6937615519901416,0.48763287058152816,0.6974811793765624,15.158497100695968
artificial,aubin_linear,43,8,natural,12061,4904,2.1751227750795565,1.4748297444381695,-2.657010348272422,0.7771767237902943,0.5861859834707965,0.7145991273662657,13.43147150427103
artificial,aubin_linear,43,8,artificial,12061,5382,0.23456448317965173,0.4843185761249012,0.49076246790751565,0.7042787060191964,0.4951030756532109,0.7041101120138651,13.757091991603374
artificial,aubin_linear,43,9,natural,13385,4904,1.9501326660847011,1.3964715056472514,-2.2787369164092337,0.787293412628006,0.5963650878330731,0.7215700700919527,13.348820141516626
artificial,aubin_linear,43,9,artificial,13385,5382,0.23071237780294038,0.48032528332676844,0.4991253564778806,0.7013349888229226,0.4945775177737696,0.7067755374820672,13.667012036778033
artificial,aubin_linear,43,10,natural,14709,4904,1.9337249530672866,1.3905843926447925,-2.2511508063359877,0.7992793263338612,0.6069217834168907,0.7290057323503927,12.104666069149971
artificial,aubin_linear,43,10,artificial,14709,5382,0.22710291044563616,0.4765531559497179,0.5069614799364957,0.7143248807790101,0.5036458617672276,0.712021858019711,12.395053383894265
artificial,mlp_small,43,0,natural,1471,4904,1.5477005549143494,1.244066137676912,-1.6021321693630513,0.527294259512391,0.3775077525196869,0.5129850067346255,39.74979707505554
artificial,mlp_small,43,0,artificial,1471,5382,0.3077149430634702,0.5547205990978433,0.3319534310162159,0.5862167284661429,0.3967815319769434,0.604060635612381,41.132089579477906
artificial,mlp_small,43,1,natural,2795,4904,1.9670156587242777,1.4025033542648937,-2.307122108960252,0.6368926832892688,0.4628107662163041,0.6193161843254128,42.34900154359639
artificial,mlp_small,43,1,artificial,2795,5382,0.28073361025436433,0.5298430052896465,0.39052967898872626,0.6267891740701264,0.43548059141182893,0.6338560483144668,43.470015654340386
artificial,mlp_small,43,2,natural,4119,4904,1.8071203363402117,1.3442917601250897,-2.0382918363438027,0.7180453197580974,0.5296018912640306,0.7047601983544035,74.11828600335866
artificial,mlp_small,43,2,artificial,4119,5382,0.24404018698757798,0.49400423782350084,0.4701907941546227,0.6856492746054115,0.4857675242071642,0.6952766564881662,75.4273984208703
artificial,mlp_small,43,3,natural,5442,4904,1.966066277542153,1.4021648539106066,-2.3055259246679154,0.7394450755785954,0.5486378245767085,0.7040245363281441,90.74409560114145
artificial,mlp_small,43,3,artificial,5442,5382,0.2253589778829624,0.47471989413017274,0.5107475429512938,0.7033198161946103,0.5018151561998195,0.7163589312263281,91.96007878147066
artificial,mlp_small,43,4,natural,6766,4904,2.262407436472799,1.504130126176854,-2.8037611035022585,0.8008495082092412,0.6116895052527399,0.7789604388737771,110.94870093092322
artificial,mlp_small,43,4,artificial,6766,5382,0.15749319630656666,0.39685412471910464,0.6580835874155453,0.7610774296302126,0.5618169538381609,0.8120917179148022,112.09675170574337
artificial,mlp_small,43,5,natural,8090,4904,3.0040497800263166,1.7332194840891666,-4.050676337973575,0.7446787219852983,0.5572416982882198,0.6917283132841421,125.87400210369378
artificial,mlp_small,43,5,artificial,8090,5382,0.14371399385251968,0.3790962857276759,0.6879981207531751,0.7718453761790692,0.5717661013610564,0.8297570776970594,126.98675262369215
artificial,mlp_small,43,6,natural,9414,4904,3.4820108842098487,1.8660147063219648,-4.854267162407362,0.5113902326091874,0.3727066970060036,0.45356633009537684,151.56100975722075
artificial,mlp_small,43,6,artificial,9414,5382,0.13153611192124967,0.36267907565952806,0.7144362006224277,0.7810284045104742,0.5804899565771013,0.8469693320038332,152.66954388841987
artificial,mlp_small,43,7,natural,10738,4904,2.6049304392886357,1.613979689862495,-3.3796413159528154,0.8202870715517373,0.6342619745738266,0.7986344681597394,118.06865152344108
artificial,mlp_small,43,7,artificial,10738,5382,0.12131293529346913,0.348300065020765,0.7366306316185699,0.795791727896572,0.6044865381954284,0.8597036294485065,118.75551422685385
artificial,mlp_small,43,8,natural,12061,4904,2.7313022706732246,1.652665202233418,-3.592108906471551,0.7969118421477599,0.6083439592152315,0.7660269550327414,109.12396825477481
artificial,mlp_small,43,8,artificial,12061,5382,0.11941297497807138,0.3455618251168253,0.7407554295801853,0.797001022357737,0.6028847882074015,0.8611063134038692,109.78565449640155
artificial,mlp_small,43,9,natural,13385,4904,2.712860573138033,1.6470763713738452,-3.561103080272412,0.8105589400482393,0.6263883689243591,0.7620278736911859,121.86291117873043
artificial,mlp_small,43,9,artificial,13385,5382,0.11798879551435902,0.3434949715998169,0.7438473112901807,0.8062249843844063,0.6176930768460005,0.8638097320823104,122.52082003559917
artificial,mlp_small,43,10,natural,14709,4904,2.7699793443115035,1.6643254922975563,-3.6571362512065653,0.7815525833726208,0.5941823013093984,0.7487759644709657,130.6264025401324
artificial,mlp_small,43,10,artificial,14709,5382,0.1117648936783833,0.3343125688310018,0.7573593501460832,0.8038967797467774,0.6076090851755672,0.8708523470727393,131.23075641784817
artificial,CNN_Jannis_OHE,43,0,natural,1471,4904,1.909419552454077,1.3818174815995334,-2.210286399701211,0.2330865719236229,0.1657694465346078,0.17703260442739,24.358743858523667
artificial,CNN_Jannis_OHE,43,0,artificial,1471,5382,0.34353304690150294,0.5861169225517234,0.2541926270127287,0.5026921363013582,0.31343639626596254,0.5103319169834155,25.17814951017499
artificial,CNN_Jannis_OHE,43,1,natural,2795,4904,2.0484924233101416,1.4312555408836471,-2.4441081102324618,0.6893764600076271,0.5066328364160276,0.700428124038524,26.972576776519418
artificial,CNN_Jannis_OHE,43,1,artificial,2795,5382,0.23000887569545103,0.47959240579418166,0.5006526536721679,0.6755433288520175,0.48169540632706037,0.7218471668340969,27.468379750847816
artificial,CNN_Jannis_OHE,43,2,natural,4119,4904,1.7013087662420812,1.3043422734244572,-1.8603919902987158,0.7526468984736536,0.5621845432087333,0.7728318524426603,31.956073878332973
artificial,CNN_Jannis_OHE,43,2,artificial,4119,5382,0.20456030006975665,0.45228342891350404,0.5559012986128943,0.6909543111244312,0.49485294594685225,0.747555395794363,32.45095379278064
artificial,CNN_Jannis_OHE,43,3,natural,5442,4904,1.7324273857070367,1.3162170739308303,-1.9127113879488697,0.8273031095117372,0.6393774799690383,0.8533086845214746,63.72325569950044
artificial,CNN_Jannis_OHE,43,3,artificial,5442,5382,0.13514089932747433,0.36761515111251103,0.7066102372984834,0.7679807681672073,0.5809238228961328,0.8410251984409174,64.23326807189733
artificial,CNN_Jannis_OHE,43,4,natural,6766,4904,1.7138958204406753,1.3091584397775067,-1.8815544681072804,0.8487174865143005,0.6635037455235603,0.8803680996568419,84.01469284668565
artificial,CNN_Jannis_OHE,43,4,artificial,6766,5382,0.12170870643863484,0.34886774920968955,0.7357714157709463,0.7853975159234796,0.5972778656927678,0.8598437610727836,84.60379353631288
artificial,CNN_Jannis_OHE,43,5,natural,8090,4904,1.7773679741052697,1.333179648098961,-1.988269512167296,0.8526457985471835,0.6682415612817342,0.8680114663814209,103.89147872012109
artificial,CNN_Jannis_OHE,43,5,artificial,8090,5382,0.11385736258268034,0.3374275664237887,0.752816617647283,0.7876749212587254,0.5988690197983372,0.8718454995146853,104.82623298466206
artificial,CNN_Jannis_OHE,43,6,natural,9414,4904,2.0220214816480313,1.421978017287198,-2.399602802901793,0.8541632412867877,0.6704065473279714,0.8578396600113445,97.15263393893838
artificial,CNN_Jannis_OHE,43,6,artificial,9414,5382,0.11430672206616616,0.3380927713899931,0.7518410619651492,0.7921039700337642,0.6042836922461507,0.8735694041668778,97.75522160623223
artificial,CNN_Jannis_OHE,43,7,natural,10738,4904,1.7207757699047508,1.3117834310223433,-1.8931216525779568,0.8527289039571427,0.670239443584925,0.8858865260365163,133.52953559160233
artificial,CNN_Jannis_OHE,43,7,artificial,10738,5382,0.102611331678875,0.3203300355553238,0.7772316567259121,0.8027148077519912,0.6196453026676308,0.8821344205995414,134.1459480524063
artificial,CNN_Jannis_OHE,43,8,natural,12061,4904,1.6829361026472864,1.2972802714322325,-1.8295022301153923,0.856975874956703,0.6757351770822645,0.8865212234568893,104.74734529946
artificial,CNN_Jannis_OHE,43,8,artificial,12061,5382,0.10752793498606933,0.3279145239022958,0.7665577520473603,0.7993238162111217,0.6128052518496744,0.8760063390740616,105.35808526352048
artificial,CNN_Jannis_OHE,43,9,natural,13385,4904,1.9742268700937675,1.4050718380544702,-2.319246240482363,0.8361301687871349,0.6528878521372222,0.8428350471908848,129.0301939090714
artificial,CNN_Jannis_OHE,43,9,artificial,13385,5382,0.10708329027592861,0.32723583281164154,0.7675230719959759,0.7934306085690325,0.6096262452799098,0.8772284898797766,129.64884840138257
artificial,CNN_Jannis_OHE,43,10,natural,14709,4904,2.084772011733348,1.4438739597808903,-2.5051045890587558,0.820587927901841,0.6357639863947863,0.8109304146058238,171.5841082939878
artificial,CNN_Jannis_OHE,43,10,artificial,14709,5382,0.10403342698030743,0.3225421321010752,0.7741442997148035,0.8057793183672646,0.6188450679659075,0.8822070517687823,172.11546846665442
artificial,aubin_1_10_1,44,0,natural,1471,4904,1.9645460810157909,1.4016226599965451,-2.3029700347236752,0.5356090813517597,0.38146043531679497,0.5063818789368059,36.648309535346925
artificial,aubin_1_10_1,44,0,artificial,1471,5382,0.4605740060775459,0.6786560292795946,9.768306975876939e-05,0.5799201300127097,0.3961183317225776,0.5658589904797342,37.83242938295007
artificial,aubin_1_10_1,44,1,natural,2795,4904,1.8759395924981799,1.3696494414623692,-2.1539969058752897,0.5018506949978091,0.3567979895885301,0.4868273624585509,16.199695427902043
artificial,aubin_1_10_1,44,1,artificial,2795,5382,0.4614823950642866,0.6793249554258158,-0.0018744218265889234,0.5603892724072874,0.3784346572078431,0.5703061257783577,17.196542925201356
artificial,aubin_1_10_1,44,2,natural,4119,4904,2.0412723335549092,1.4287310221153977,-2.431969051576623,0.4927788265080179,0.3483735201937663,0.48450772076046855,20.919562784023583
artificial,aubin_1_10_1,44,2,artificial,4119,5382,0.4617195344849488,0.6794994734986546,-0.0023892495264301594,0.5622349949256593,0.3796015438064254,0.5658286947046913,21.89944173116237
artificial,aubin_1_10_1,44,3,natural,5442,4904,1.0729127275821002,1.0358150064476284,-0.803876540908097,0.6486684274341066,0.46796826252784435,0.6166288726892424,44.035616976208985
artificial,aubin_1_10_1,44,3,artificial,5442,5382,0.2872564248036855,0.535963081567831,0.3763687031309737,0.6488642325244326,0.4452183674259019,0.6431840355622683,45.022728401236236
artificial,aubin_1_10_1,44,4,natural,6766,4904,1.2698765913801309,1.1268880119071862,-1.135029750463715,0.6858063747599799,0.4995550402078849,0.6687901269009248,49.86076534818858
artificial,aubin_1_10_1,44,4,artificial,6766,5382,0.25289168102448156,0.5028833672179679,0.45097427459640893,0.6748346219905897,0.46951593756221083,0.6741893810279624,50.82287221774459
artificial,aubin_1_10_1,44,5,natural,8090,4904,0.7362534393048419,0.8580521192240259,-0.23785492816169373,0.7302331895697706,0.5397776998406755,0.6461036437388148,58.31027326453477
artificial,aubin_1_10_1,44,5,artificial,8090,5382,0.20789721725779992,0.4559574730803301,0.548656879293305,0.7062586370319822,0.4975553501932338,0.7407899560922256,59.274503278546035
artificial,aubin_1_10_1,44,6,natural,9414,4904,2.1298529580219,1.4594015753115728,-2.5808986954770097,0.7859858571704235,0.5930155089094377,0.7779783593984013,68.29209361225367
artificial,aubin_1_10_1,44,6,artificial,9414,5382,0.2145101927550603,0.46315245087882273,0.5343001647712955,0.7262407488626286,0.5192195173416418,0.7332697894359679,69.19053231086582
artificial,aubin_1_10_1,44,7,natural,10738,4904,1.9166731690080228,1.3844396588540877,-2.2224818266003705,0.8118139341423237,0.615571767664114,0.8289136454388347,73.56277228612453
artificial,aubin_1_10_1,44,7,artificial,10738,5382,0.16413005304633954,0.40512967435913594,0.6436750269156815,0.7410994052275545,0.5345896581101294,0.8034059402646782,74.51768707856536
artificial,aubin_1_10_1,44,8,natural,12061,4904,1.8049423809729965,1.3434814405018762,-2.0346300635890717,0.8336066971420228,0.6433664376446201,0.8589031185850671,81.25891865324229
artificial,aubin_1_10_1,44,8,artificial,12061,5382,0.16144976036602895,0.40180811386285986,0.6494939199181721,0.7523158812357443,0.5446749552073774,0.8099983101009778,82.11448122095317
artificial,aubin_1_10_1,44,9,natural,13385,4904,1.8546285069337034,1.3618474609638567,-2.118166808680266,0.8272001999139199,0.633810635422571,0.8457653013545067,86.95836258865893
artificial,aubin_1_10_1,44,9,artificial,13385,5382,0.15165174222239375,0.38942488649596313,0.6707653353994354,0.7514169762802525,0.5451570461393078,0.8199837315907712,87.8464697226882
artificial,aubin_1_10_1,44,10,natural,14709,4904,1.69915323389114,1.3035157206152674,-1.8567679171182303,0.8342869522672405,0.643510185484504,0.8629784948783659,88.93759086355567
artificial,aubin_1_10_1,44,10,artificial,14709,5382,0.14101438638161196,0.37551882293915967,0.6938589460045861,0.7573427793785831,0.5534485372434366,0.8333909066232552,89.70970233995467
artificial,aubin_linear,44,0,natural,1471,4904,1.6818552030278104,1.2968636023220832,-1.8276849252997027,0.47296671154126035,0.3371538519630964,0.47280344381884876,28.33273573499173
artificial,aubin_linear,44,0,artificial,1471,5382,0.32823244268792917,0.5729157378602278,0.287410110851817,0.56164002997106,0.3755540485968178,0.5641570650626329,29.54950036574155
artificial,aubin_linear,44,1,natural,2795,4904,1.6843339646457909,1.297818925985359,-1.831852440343778,0.6449839988080935,0.4704323327400586,0.6054805761857063,28.479513278231025
artificial,aubin_linear,44,1,artificial,2795,5382,0.2770237656807995,0.5263304719288059,0.3985837205447189,0.6222033877665247,0.4287202440130452,0.6389855159051109,29.211659581400454
artificial,aubin_linear,44,2,natural,4119,4904,2.083306871590266,1.4433665063282666,-2.502641264815036,0.6790206210991899,0.4986443646046627,0.6328319278580323,25.291201565414667
artificial,aubin_linear,44,2,artificial,4119,5382,0.26869834962308686,0.5183612153924008,0.4166581292079675,0.6328735512074501,0.44264905100406965,0.6493647046503719,25.99996977392584
artificial,aubin_linear,44,3,natural,5442,4904,1.8138578490250907,1.3467953998381086,-2.0496195434013127,0.7068315155641822,0.5227096622380152,0.6541243693448779,23.87442962732166
artificial,aubin_linear,44,3,artificial,5442,5382,0.2602317523348307,0.5101291526023882,0.43503904114249226,0.6484294844923885,0.4543898011255404,0.664101621257141,24.995913388207555
artificial,aubin_linear,44,4,natural,6766,4904,1.8317387321767291,1.3534174271734234,-2.0796824784553585,0.7201102629341762,0.5347079017635966,0.6660280035334868,48.82171205524355
artificial,aubin_linear,44,4,artificial,6766,5382,0.2506132928469887,0.5006129171795197,0.45592063628308643,0.6638643594681058,0.4650880947595822,0.675434126151399,49.70614788495004
artificial,aubin_linear,44,5,natural,8090,4904,1.7886389240144815,1.337400061318408,-2.007219238097751,0.7461101066038166,0.5561609555435028,0.6891412850992635,38.69116860162467
artificial,aubin_linear,44,5,artificial,8090,5382,0.2434531777262174,0.4934097462821518,0.47146518635381074,0.6804368922252186,0.47649159968372395,0.6894077986244548,39.38069379236549
artificial,aubin_linear,44,6,natural,9414,4904,1.9858206694974052,1.4091914949705755,-2.3387387697688293,0.7567801553457895,0.5680623512143711,0.695447605530785,60.393960842862725
artificial,aubin_linear,44,6,artificial,9414,5382,0.2403919963102594,0.4902978648844592,0.4781109856172734,0.6851993489872675,0.4826304090847081,0.6920693778042392,62.226859777234495
artificial,aubin_linear,44,7,natural,10738,4904,1.9084515130012172,1.3814671595811523,-2.208658845460502,0.7690217955582453,0.5792063934755404,0.7073172212646197,58.12714054714888
artificial,aubin_linear,44,7,artificial,10738,5382,0.2360143626553027,0.48581309436377146,0.48761479168644617,0.6938600975235971,0.4878491358133531,0.7004035091658822,58.80370028689504
artificial,aubin_linear,44,8,natural,12061,4904,1.8804805583342477,1.3713061504763433,-2.1616315825215513,0.7816061022763354,0.5901804699619053,0.716887704685111,76.21372378896922
artificial,aubin_linear,44,8,artificial,12061,5382,0.2317334786482186,0.4813870362278347,0.4969085550788863,0.7084140466702273,0.5010956075095625,0.7062121335012517,76.92901153024286
artificial,aubin_linear,44,9,natural,13385,4904,1.9059364668468308,1.3805565786474783,-2.20443032561861,0.7885251812384366,0.5965190934960773,0.7239281159121678,49.635099929757416
artificial,aubin_linear,44,9,artificial,13385,5382,0.2307470768730487,0.4803614023556105,0.49905002508674956,0.7075013619205186,0.49924083019348137,0.7070639017517746,50.487317841500044
artificial,aubin_linear,44,10,natural,14709,4904,1.857470300766935,1.362890421408462,-2.1229446858533856,0.7992858481009324,0.6071600453085174,0.7304769128643898,73.37614297214895
artificial,aubin_linear,44,10,artificial,14709,5382,0.22794015644318835,0.4774307870709516,0.5051438258749417,0.7149163161541251,0.5064306008879499,0.7107411973426649,74.52109472732991
artificial,mlp_small,44,0,natural,1471,4904,1.6700232149498857,1.292293780434575,-1.807791931976591,0.5308696720687913,0.37997776791623716,0.5138208418831942,40.986814060248435
artificial,mlp_small,44,0,artificial,1471,5382,0.29935728373386683,0.5471355259292408,0.35009783955319485,0.587254043801318,0.4005917264981192,0.6018402004901597,42.67856262437999
artificial,mlp_small,44,1,natural,2795,4904,1.6947363881798043,1.3018204131829414,-1.8493419222924965,0.641362030099121,0.4673309789373121,0.6139425985470761,35.93541426863521
artificial,mlp_small,44,1,artificial,2795,5382,0.28450931638605914,0.5333941473114034,0.3823326525406169,0.6270864952537839,0.43484943419143024,0.6269357287108377,37.19293855316937
artificial,mlp_small,44,2,natural,4119,4904,1.9399470303445001,1.3928198125904514,-2.2616119174287572,0.7095541465472618,0.5251738187845133,0.6830910160890812,66.62028534524143
artificial,mlp_small,44,2,artificial,4119,5382,0.24984547233518023,0.4998454484489983,0.45758756819546753,0.670200853637171,0.47493442246947115,0.676554363192375,67.94860754162073
artificial,mlp_small,44,3,natural,5442,4904,3.104146252514046,1.7618587493082543,-4.218967452345178,0.5887966075457732,0.42866273639395475,0.5541007941753421,85.90379107743502
artificial,mlp_small,44,3,artificial,5442,5382,0.20213370080895512,0.44959281667855316,0.5611694253224336,0.7159416902941916,0.5139201649037234,0.7502251558097057,87.13724468275905
artificial,mlp_small,44,4,natural,6766,4904,2.485125762710782,1.5764281660484192,-3.1782150116373646,0.7336687450178192,0.5463492717790885,0.6881134597671685,100.11213712859899
artificial,mlp_small,44,4,artificial,6766,5382,0.16712066563640127,0.4088039452309643,0.6371824319833048,0.7581336792149762,0.5621686337151793,0.7989609014460834,101.42124303244054
artificial,mlp_small,44,5,natural,8090,4904,2.398054365829327,1.5485652604360356,-3.0318228157198854,0.8128558349320393,0.6234402192174318,0.7962976707824241,141.4819285403937
artificial,mlp_small,44,5,artificial,8090,5382,0.15391287801516063,0.39231731801586406,0.6658564284957731,0.7780461309260875,0.5879106668810006,0.8163607410978337,143.13803882244974
artificial,mlp_small,44,6,natural,9414,4904,3.138890275884837,1.771691360221875,-4.277382202290938,0.730301175494372,0.5562597653547007,0.6730668990731656,147.96839321684092
artificial,mlp_small,44,6,artificial,9414,5382,0.12753946475900593,0.35712667886760563,0.7231128882008564,0.7911347377806699,0.5950013716140576,0.8510823203268064,148.994339001365
artificial,mlp_small,44,7,natural,10738,4904,2.5287871341848995,1.5902160652517945,-3.251622402305128,0.7415230245701532,0.5633989542294281,0.680445019427758,118.07930226251483
artificial,mlp_small,44,7,artificial,10738,5382,0.12976035152744414,0.36022264160855316,0.7182913615925415,0.7956521045990687,0.6023332627129445,0.8497693448723078,118.74266370106488
artificial,mlp_small,44,8,natural,12061,4904,2.758712914128969,1.660937360085855,-3.638194124243589,0.8024025732181308,0.6122243665046884,0.7924455028683017,106.82264264114201
artificial,mlp_small,44,8,artificial,12061,5382,0.12185070261465339,0.3490711999215252,0.7354631432598565,0.7976603566076007,0.606919931043121,0.8617003586713832,107.4455276671797
artificial,mlp_small,44,9,natural,13385,4904,2.7867445989673243,1.6693545456155574,-3.685323492161512,0.8060468890790127,0.6202288229863346,0.7728222165610845,113.79630218539387
artificial,mlp_small,44,9,artificial,13385,5382,0.11840211139064769,0.344096078720243,0.7429500059779579,0.8036972592851046,0.6135873419826116,0.8666644272763473,114.42598366178572
artificial,mlp_small,44,10,natural,14709,4904,2.780105632423183,1.6673648768110665,-3.674161469662404,0.8203911028398333,0.636041847041625,0.7859203927019722,127.8868578961119
artificial,mlp_small,44,10,artificial,14709,5382,0.11274459557426807,0.3357746202056791,0.755232425520139,0.8089109810120751,0.6185203353622398,0.8708312926907857,128.4906735708937
artificial,CNN_Jannis_OHE,44,0,natural,1471,4904,1.9778877905951449,1.4063739867457534,-2.325401306445134,0.351556465266845,0.2489222709838519,0.24911709567658105,29.285769298672676
artificial,CNN_Jannis_OHE,44,0,artificial,1471,5382,0.3414590965557542,0.5843450150003456,0.25869515587573033,0.5261830466299545,0.33752805453344553,0.5165091054051363,30.06649319641292
artificial,CNN_Jannis_OHE,44,1,natural,2795,4904,1.4852881441516599,1.2187239819383469,-1.4971988595587633,0.7034610810350465,0.5172100221507796,0.7202016869930199,35.75193555466831
artificial,CNN_Jannis_OHE,44,1,artificial,2795,5382,0.23473751193855313,0.48449717433495226,0.4903868239184106,0.6672764709361284,0.48983282079382223,0.7207404581112146,36.27568667661399
artificial,CNN_Jannis_OHE,44,2,natural,4119,4904,1.6968818935433414,1.3026441929949026,-1.852949137207729,0.8162277471577889,0.6272930832683847,0.8421613157809997,56.26841031573713
artificial,CNN_Jannis_OHE,44,2,artificial,4119,5382,0.15250840316070832,0.39052324279190903,0.6689055316637896,0.7507321402785654,0.5615324623625146,0.8199706061386122,56.77923358883709
artificial,CNN_Jannis_OHE,44,3,natural,5442,4904,1.5042972308420957,1.2264979538678797,-1.5291586309953846,0.832112553741644,0.6460932147240431,0.8670415253778865,66.69999915268272
artificial,CNN_Jannis_OHE,44,3,artificial,5442,5382,0.13652067297763087,0.3694870403378593,0.7036147602384981,0.7706700224257199,0.5858842576226952,0.8419198146731217,67.20176121778786
artificial,CNN_Jannis_OHE,44,4,natural,6766,4904,1.8755257105429235,1.3694983426579688,-2.153301050629472,0.8294109112632322,0.6393015144504279,0.8570630444633821,50.06613673642278
artificial,CNN_Jannis_OHE,44,4,artificial,6766,5382,0.14260822345940716,0.3776350400312545,0.690398739032705,0.7728096616774796,0.5824524442476373,0.8462943062991901,50.61281732749194
artificial,CNN_Jannis_OHE,44,5,natural,8090,4904,1.561235781148356,1.2494942101299853,-1.6248887985386888,0.8458757138285752,0.6587072511436861,0.886920907854134,67.47874156478792
artificial,CNN_Jannis_OHE,44,5,artificial,8090,5382,0.11905886827234656,0.34504908096145764,0.7415241922780853,0.7838334436858356,0.5923871861712862,0.8618564934365889,68.53567005693913
artificial,CNN_Jannis_OHE,44,6,natural,9414,4904,1.6266530477618821,1.2754030922660813,-1.734874139919068,0.8419335358653116,0.6563646314042124,0.874387531288465,105.97508153971285
artificial,CNN_Jannis_OHE,44,6,artificial,9414,5382,0.12174260485397943,0.34891632930256994,0.735697822594614,0.7842823470300414,0.5982117784365909,0.8584623418405195,107.63883261848241
artificial,CNN_Jannis_OHE,44,7,natural,10738,4904,2.132388020473969,1.4602698450882183,-2.5851608685032628,0.809125332770329,0.6237493446487481,0.8093535112409163,173.5568942502141
artificial,CNN_Jannis_OHE,44,7,artificial,10738,5382,0.10923005275161121,0.3304997015908051,0.762862468607576,0.795900135895495,0.612521548707848,0.8771794211326177,174.3375746551901
artificial,CNN_Jannis_OHE,44,8,natural,12061,4904,1.8601433743642537,1.3638707322778996,-2.127438895522415,0.8247866070410592,0.6415454612332586,0.8475621675020653,180.40813681297004
artificial,CNN_Jannis_OHE,44,8,artificial,12061,5382,0.10217989223147533,0.319655896600509,0.7781683081595091,0.8105611214457654,0.6283294979208406,0.8829529571697019,181.05503368657082
artificial,CNN_Jannis_OHE,44,9,natural,13385,4904,1.986851147015999,1.4095570747635582,-2.340471300452768,0.8397270139182816,0.6565221602611021,0.8407778913611718,196.73878053948283
artificial,CNN_Jannis_OHE,44,9,artificial,13385,5382,0.10109377265880419,0.31795246918180115,0.7805262646721358,0.8117187141541292,0.6290803666907655,0.8849583573106059,197.67461470048875
artificial,CNN_Jannis_OHE,44,10,natural,14709,4904,1.9319649893928863,1.3899514341849812,-2.2481917984842905,0.8361273475239859,0.654475859910169,0.853341115320238,199.11481372267008
artificial,CNN_Jannis_OHE,44,10,artificial,14709,5382,0.10291091514096123,0.3207973116174156,0.7765812635341531,0.8162315307792654,0.6391773382202935,0.8829012898375275,199.75175169669092
artificial,aubin_1_10_1,45,0,natural,1471,4904,1.81891379224036,1.3486711208594777,-2.058120045934022,0.42135047063737546,0.29582538830510013,0.42815732434055964,29.361186063848436
artificial,aubin_1_10_1,45,0,artificial,1471,5382,0.4623118036724411,0.679935146666534,-0.003675060981278566,0.5533496068716068,0.36595374661165553,0.572473430735867,30.979286262765527
artificial,aubin_1_10_1,45,1,natural,2795,4904,1.9721996884574269,1.404350272708852,-2.3158379619673015,0.5955098454489713,0.4290879939906485,0.5895511591961462,29.981953219510615
artificial,aubin_1_10_1,45,1,artificial,2795,5382,0.2949956312374083,0.5431350027731672,0.35956695066086586,0.6025684235538059,0.40854468584143866,0.599681974347529,31.046414918266237
artificial,aubin_1_10_1,45,2,natural,4119,4904,1.724572583709343,1.3132298289748612,-1.8995051944786434,0.6129484482482478,0.44148219726220383,0.5934597231905414,36.377999380230904
artificial,aubin_1_10_1,45,2,artificial,4119,5382,0.29699515913434915,0.5449726223713895,0.3552259923120762,0.609046579852785,0.4153753498119178,0.5999387661997616,37.30281263496727
artificial,aubin_1_10_1,45,3,natural,5442,4904,1.5897190820796214,1.2608406251702162,-1.6727774636991124,0.6508741997012528,0.4711687807971941,0.6232151009256222,43.54832976870239
artificial,aubin_1_10_1,45,3,artificial,5442,5382,0.2886510325772048,0.5372625359888821,0.3733410213131767,0.6292753238356834,0.4319150291194705,0.6120140472373485,44.54624419845641
artificial,aubin_1_10_1,45,4,natural,6766,4904,1.7094455717661214,1.3074576749425282,-1.8740723132415007,0.7549065162001203,0.5617885084662124,0.7707431656846,51.29049891512841
artificial,aubin_1_10_1,45,4,artificial,6766,5382,0.2221382825198298,0.4713154808828475,0.5177396456605825,0.6986850956819828,0.4935791053602106,0.7197701795665665,52.23515480943024
artificial,aubin_1_10_1,45,5,natural,8090,4904,1.6248308564506528,1.2746885331133457,-1.7318105094159781,0.7465570235360236,0.5540940464098632,0.7191853528312724,57.769072158262134
artificial,aubin_1_10_1,45,5,artificial,8090,5382,0.24137234437474187,0.4912965951182054,0.4759826581647053,0.6964687339798192,0.48804195338170797,0.6909842435918093,58.77066340390593
artificial,aubin_1_10_1,45,6,natural,9414,4904,1.68642418278657,1.2986239574205345,-1.8353667014505781,0.8232589745216027,0.6313186305880568,0.8549850910349993,66.99820813816041
artificial,aubin_1_10_1,45,6,artificial,9414,5382,0.17906578377729557,0.42316165206371853,0.6112496803571206,0.7437354825510051,0.5362273647379212,0.7882332871683926,67.95448289252818
artificial,aubin_1_10_1,45,7,natural,10738,4904,1.9132489782974371,1.383202435761822,-2.216724771869236,0.8251224056090664,0.6321060051437905,0.8454047889620214,73.53619218803942
artificial,aubin_1_10_1,45,7,artificial,10738,5382,0.16321127468600904,0.40399415179679155,0.6456696870552403,0.750099504820403,0.5422119447137024,0.8090143050177804,74.44456660654396
artificial,aubin_1_10_1,45,8,natural,12061,4904,1.7650634323630299,1.3285568984289042,-1.9675820194897966,0.8450596838234233,0.6567170118395216,0.8774984337212798,78.03139518760145
artificial,aubin_1_10_1,45,8,artificial,12061,5382,0.1513249390645304,0.38900506303200016,0.6714748223231779,0.7613428216633451,0.5565078075410019,0.8208712835842569,79.02574319485575
artificial,aubin_1_10_1,45,9,natural,13385,4904,0.8996998104791729,0.9485250710862486,-0.5126555406237843,0.8000158937806165,0.594613667969006,0.8188776633153685,85.9013617709279
artificial,aubin_1_10_1,45,9,artificial,13385,5382,0.15258206121588747,0.3906175382850692,0.6687456206417555,0.7523910003488659,0.5453238006009639,0.8189228918495487,86.76390576083213
artificial,aubin_1_10_1,45,10,natural,14709,4904,1.1417894223243548,1.0685454704056139,-0.9196781813088382,0.849433168406095,0.6632485211310777,0.9032043426050428,83.43148638308048
artificial,aubin_1_10_1,45,10,artificial,14709,5382,0.14652097530030583,0.3827805837556365,0.681904187495576,0.7550928262862656,0.5486589385934381,0.8270181575185895,84.15227279532701
artificial,aubin_linear,45,0,natural,1471,4904,1.416216053911005,1.1900487611484687,-1.3810687028242121,0.5160449389529642,0.36888442202195615,0.5016948910329503,38.68990719784051
artificial,aubin_linear,45,0,artificial,1471,5382,0.3213986283669589,0.5669203016006386,0.30224626461395254,0.5855094572367007,0.39743650830953914,0.6023688333681398,39.79600748419762
artificial,aubin_linear,45,1,natural,2795,4904,1.9099833417211216,1.3820214693416024,-2.2112342924856776,0.6314149664559502,0.457289829741364,0.5972844664778214,27.413572885096073
artificial,aubin_linear,45,1,artificial,2795,5382,0.2836504250999095,0.5325884199829259,0.3841972983427675,0.6126706494652059,0.4211668276418474,0.6285872729417641,28.634277346543968
artificial,aubin_linear,45,2,natural,4119,4904,1.5957748848479105,1.2632398366295732,-1.6829590192620714,0.6579015339142668,0.477752143568564,0.6212769060829082,36.158111004158854
artificial,aubin_linear,45,2,artificial,4119,5382,0.2714042106974117,0.5209646923711929,0.41078372743581615,0.620997438919487,0.4325091336731078,0.641295271121111,37.20165945403278
artificial,aubin_linear,45,3,natural,5442,4904,1.8812432972926052,1.371584229018621,-2.162913967265852,0.6985159944212722,0.5141299536407652,0.6513371828365015,39.78873504605144
artificial,aubin_linear,45,3,artificial,5442,5382,0.2591185689736345,0.509036903351451,0.4374557529137616,0.6581701468338724,0.45968403019485216,0.6679229915627807,40.88994980789721
artificial,aubin_linear,45,4,natural,6766,4904,2.0696264151242056,1.438619621416379,-2.479640461624217,0.7250548703043532,0.5387550026176771,0.671459576486169,48.81187305226922
artificial,aubin_linear,45,4,artificial,6766,5382,0.24935727314359213,0.4993568595139073,0.4586474445592027,0.6669829117122802,0.4672348244595192,0.677326592331936,49.791294391267
artificial,aubin_linear,45,5,natural,8090,4904,1.9208470355138703,1.385946259966046,-2.229499303121269,0.7440327473517634,0.5551731132556277,0.6865081079029838,56.716147874481976
artificial,aubin_linear,45,5,artificial,8090,5382,0.24401741268479116,0.4939811865696822,0.4702402369755865,0.6784800843545491,0.4760906287612344,0.685807847613237,57.91858678869903
artificial,aubin_linear,45,6,natural,9414,4904,1.8507824905632035,1.360434669715236,-2.1117005430387654,0.7594201998170468,0.5694616442664918,0.7011521595360204,58.540222926065326
artificial,aubin_linear,45,6,artificial,9414,5382,0.23850823858666015,0.48837305268274184,0.48220060788754315,0.6951308024518339,0.4887412801660966,0.6951657415643362,59.51597848441452
artificial,aubin_linear,45,7,natural,10738,4904,2.1691549625708486,1.4728051339436756,-2.6469767297792797,0.7716065621055159,0.5825375392046629,0.7079988802369458,71.6292749773711
artificial,aubin_linear,45,7,artificial,10738,5382,0.236475520004824,0.4862874869918246,0.48661362293577604,0.7004832757525847,0.49368097069425587,0.6988907948048,72.5151898926124
artificial,aubin_linear,45,8,natural,12061,4904,1.8609027634055693,1.3641490986712448,-2.1287156480874985,0.7789195173275099,0.5882391568517223,0.7154551452205324,61.09221632312983
artificial,aubin_linear,45,8,artificial,12061,5382,0.23310732205364118,0.4828118909613155,0.4939259525306433,0.6977979863412841,0.49215081799167265,0.7030863454691734,62.10604086704552
artificial,aubin_linear,45,9,natural,13385,4904,2.1376452862171353,1.4620688377149467,-2.5939998524202394,0.7892958831274306,0.5998031046493668,0.7205054085433658,82.94706407468766
artificial,aubin_linear,45,9,artificial,13385,5382,0.23282968123772418,0.48252428046443857,0.49452870842100294,0.7112050310386755,0.5030857330372883,0.7047587842850904,83.95231310557574
artificial,aubin_linear,45,10,natural,14709,4904,2.135664305108575,1.4613912224687047,-2.5906692503518243,0.7999492174433835,0.6090228485075831,0.7304515796538309,76.30019960459322
artificial,aubin_linear,45,10,artificial,14709,5382,0.2291207284762958,0.47866557059840414,0.5025808138603027,0.7179683149985503,0.5100292424561338,0.7091758602054553,77.2207928430289
artificial,mlp_small,45,0,natural,1471,4904,1.4245355579215264,1.1935390893982176,-1.3950561947522746,0.5151310076880498,0.3682080122190638,0.5008501901249482,41.40970248635858
artificial,mlp_small,45,0,artificial,1471,5382,0.3249095997186078,0.5700084207435955,0.29462397516021743,0.585228817300948,0.3999063308838521,0.5845052884590878,43.05474408622831
artificial,mlp_small,45,1,natural,2795,4904,1.6430083728039386,1.2817988815738366,-1.762372170657113,0.623831340533702,0.4529118941828305,0.6046518933777922,39.27215451654047
artificial,mlp_small,45,1,artificial,2795,5382,0.28151261987774473,0.530577628512308,0.38883845560866026,0.6194122908601697,0.4301057062931188,0.6279787056877957,40.23084441013634
artificial,mlp_small,45,2,natural,4119,4904,1.8380336128496697,1.3557409829497926,-2.090265993108338,0.7446232727412182,0.5592156228814514,0.7305122389033969,63.26068239007145
artificial,mlp_small,45,2,artificial,4119,5382,0.22451125159428503,0.47382618289229755,0.5125879496372683,0.7055103157685567,0.507847750048689,0.7300524263541895,64.3131864471361
artificial,mlp_small,45,3,natural,5442,4904,2.8965404429366797,1.7019225725445561,-3.8699220546856665,0.7071613156607867,0.524154331159387,0.6632631980920035,79.75102051254362
artificial,mlp_small,45,3,artificial,5442,5382,0.1802824805193524,0.42459684468840836,0.6086082419013445,0.74012575413511,0.5381902384828877,0.7828615769941162,80.77777432277799
artificial,mlp_small,45,4,natural,6766,4904,2.826318665015419,1.6811658648138852,-3.751858940513757,0.7735305743741698,0.5813164790796919,0.7388817714020882,93.95749606005847
artificial,mlp_small,45,4,artificial,6766,5382,0.15703327178846715,0.3962742381084937,0.6590820796995047,0.7646591159540009,0.5668373422688947,0.8134933269412217,94.96392386779189
artificial,mlp_small,45,5,natural,8090,4904,3.0891376303658453,1.7575942735358026,-4.193733618587323,0.6910315070470455,0.5121217829719064,0.6356113930128445,115.84647032152861
artificial,mlp_small,45,5,artificial,8090,5382,0.1475842818194671,0.3841669973064671,0.6795957579314087,0.7772036054470159,0.5813871632578205,0.8269303114413185,117.35415278561413
artificial,mlp_small,45,6,natural,9414,4904,2.4395017275998163,1.561890433929287,-3.101507815867855,0.8170052118401565,0.6260376395293896,0.8016406247874477,126.52071937732399
artificial,mlp_small,45,6,artificial,9414,5382,0.13308526828602202,0.3648085364763577,0.7110729951050014,0.783772336240559,0.5865146243814643,0.8433835426239269,127.85357667133212
artificial,mlp_small,45,7,natural,10738,4904,2.7228551393752167,1.6501076144831333,-3.577906836168231,0.7912295201011724,0.6069191122196619,0.7354932874493258,126.03499790560454
artificial,mlp_small,45,7,artificial,10738,5382,0.12358601033695574,0.35154801995880414,0.7316958047014036,0.7938030089725937,0.5997791370589951,0.8567212668903765,126.77152507379651
artificial,mlp_small,45,8,natural,12061,4904,2.4050538012025755,1.550823588033976,-3.043590890554695,0.8253017403927584,0.6420898144224868,0.7939549587092151,115.55749312788248
artificial,mlp_small,45,8,artificial,12061,5382,0.12000866998881464,0.34642267533868887,0.7394621806916979,0.8039645861661989,0.6129888050206844,0.862148580301237,116.26640878338367
artificial,mlp_small,45,9,natural,13385,4904,2.531206527418993,1.5909765954969273,-3.255690101928794,0.8347763181158736,0.6519078512933328,0.8139673770516458,126.17412799131125
artificial,mlp_small,45,9,artificial,13385,5382,0.1175933898150608,0.3429189260088466,0.7447057337578811,0.800513183158864,0.6109761139230422,0.8642182417352321,126.87251305952668
artificial,mlp_small,45,10,natural,14709,4904,2.5602050713503433,1.6000640835136395,-3.3044450395611777,0.826465895503124,0.6417165663648793,0.8081414726777525,134.44845305755734
artificial,mlp_small,45,10,artificial,14709,5382,0.11716649435833047,0.34229591636233475,0.7456325202257212,0.8062625926952517,0.6198438655591344,0.8664344733484388,135.04597676824778
artificial,CNN_Jannis_OHE,45,0,natural,1471,4904,1.849170812334712,1.3598422012625995,-2.1089908459001916,0.1284396186332817,0.09086780430297162,0.07791636910244043,41.45252815820277
artificial,CNN_Jannis_OHE,45,0,artificial,1471,5382,0.35050488416851,0.592034529540727,0.23905682658857874,0.47427090069035766,0.2910635004783804,0.5124332772703648,43.32145932968706
artificial,CNN_Jannis_OHE,45,1,natural,2795,4904,1.8965890290626581,1.3771670301973753,-2.1887145797774124,0.6886640819584801,0.5055544751909677,0.705074426122313,117.42803240846843
artificial,CNN_Jannis_OHE,45,1,artificial,2795,5382,0.23855210342882055,0.48841795977300073,0.4821053776819102,0.6514480798377313,0.4600013609751999,0.7065501555441166,119.01317191310227
artificial,CNN_Jannis_OHE,45,2,natural,4119,4904,1.5960709731415517,1.2633570252076614,-1.6834568293012349,0.7992926317551656,0.6085865434857646,0.8193830815498931,193.09378747735173
artificial,CNN_Jannis_OHE,45,2,artificial,4119,5382,0.17063095166344822,0.41307499520480323,0.6295616303635514,0.7342522244667743,0.5492385205776795,0.8036501802994337,194.59714251756668
artificial,CNN_Jannis_OHE,45,3,natural,5442,4904,1.7843496908483525,1.3357955273350606,-2.000007796861238,0.8325754949556258,0.6437057611625332,0.8591738397216414,264.6826953534037
artificial,CNN_Jannis_OHE,45,3,artificial,5442,5382,0.13662711130042093,0.36963104753310555,0.7033836835295142,0.7696648284555017,0.5809548566448488,0.8391793936690338,266.1834879331291
artificial,CNN_Jannis_OHE,45,4,natural,6766,4904,1.6697338644656763,1.2921818232995217,-1.807305450143402,0.8537475935537586,0.668996457249099,0.8817667437922734,319.78062036354095
artificial,CNN_Jannis_OHE,45,4,artificial,6766,5382,0.12121187050366855,0.3481549518586064,0.7368500424323547,0.7806131115501463,0.5971474077829819,0.8637408066006858,321.8979839505628
artificial,CNN_Jannis_OHE,45,5,natural,8090,4904,2.177765165222055,1.4757253014101421,-2.661452970181402,0.8444330018675844,0.6592643677963087,0.816623488774838,356.97356645204127
artificial,CNN_Jannis_OHE,45,5,artificial,8090,5382,0.1080665951851728,0.3287348402362804,0.7653883252581485,0.7936864973550399,0.6066676228398679,0.8751174161486834,358.4769724467769
artificial,CNN_Jannis_OHE,45,6,natural,9414,4904,1.865979383285419,1.3660085590088442,-2.1372509140722786,0.8596541211363198,0.6791893488165033,0.8660634183086589,419.8203491792083
artificial,CNN_Jannis_OHE,45,6,artificial,9414,5382,0.11049957965596122,0.33241477051412927,0.760106336311106,0.7995259634230157,0.6160968365806512,0.8738651631709831,421.4766362970695
artificial,CNN_Jannis_OHE,45,7,natural,10738,4904,1.9494615481769286,1.3962311943861334,-2.2776085731443136,0.843453658802499,0.659053634118589,0.845988686226679,470.16972749494016
artificial,CNN_Jannis_OHE,45,7,artificial,10738,5382,0.10199180713511564,0.31936156176834374,0.7785766393313696,0.8003712907764993,0.6141767135107747,0.8832789048116365,471.68038710486144
artificial,CNN_Jannis_OHE,45,8,natural,12061,4904,1.9751450088444886,1.4053985231401407,-2.3207898972133787,0.841086475748174,0.6581840514808214,0.8357793731278214,442.93847617320716
artificial,CNN_Jannis_OHE,45,8,artificial,12061,5382,0.10351126654403257,0.32173166854388546,0.7752779056568475,0.8058123405302255,0.6216227999103351,0.8806672396490265,444.4476033821702
artificial,CNN_Jannis_OHE,45,9,natural,13385,4904,1.7549647417951826,1.3247508225304798,-1.950603200485307,0.8582753103393737,0.6766011983644205,0.8770119296999171,381.54584292694926
artificial,CNN_Jannis_OHE,45,9,artificial,13385,5382,0.11144146685219214,0.3338284991611593,0.7580615070819905,0.7979780406448505,0.6108835083944338,0.8732318010195248,383.0431717270985
artificial,CNN_Jannis_OHE,45,10,natural,14709,4904,2.115843816410185,1.4545940383523457,-2.557345277513014,0.8090466573778865,0.6255164383412657,0.7992665140518379,590.8921649176627
artificial,CNN_Jannis_OHE,45,10,artificial,14709,5382,0.10177424463235167,0.3190207589363922,0.7790489657061112,0.8068395470587396,0.6277349191926282,0.8846014076350579,592.3923065559939
artificial,aubin_1_10_1,46,0,natural,1471,4904,1.8191180259144666,1.34874683536773,-2.058463421796861,0.5014283408147173,0.356280454656369,0.4853901967215576,18.768538108095527
artificial,aubin_1_10_1,46,0,artificial,1471,5382,0.46345571838231425,0.6807758209442476,-0.006158490253620474,0.5675191669200392,0.37967479649150837,0.5625706961726983,19.19779277127236
artificial,aubin_1_10_1,46,1,natural,2795,4904,1.8893102892615712,1.374521840227201,-2.176476913435114,0.4344284375866109,0.3073519153472118,0.4373649568600735,3.517230724915862
artificial,aubin_1_10_1,46,1,artificial,2795,5382,0.46131762028632317,0.679203666278623,-0.0015166971610991453,0.5180184217060957,0.3542340594234107,0.4883773963295708,3.8285311236977577
artificial,aubin_1_10_1,46,2,natural,4119,4904,2.0496292533151266,1.4316526301149755,-2.4460194501991466,0.44089727148627567,0.3134625810992357,0.4401235717596198,5.238740178756416
artificial,aubin_1_10_1,46,2,artificial,4119,5382,0.4620520343651778,0.6797440947630055,-0.0031111039868054746,0.5424420180622569,0.35721570829078436,0.5415735399124663,5.549708259291947
artificial,aubin_1_10_1,46,3,natural,5442,4904,1.653067757833341,1.2857168264564873,-1.779284905685799,0.6509727120823753,0.4710409321168514,0.6166834956785487,11.057778099551797
artificial,aubin_1_10_1,46,3,artificial,5442,5382,0.2752709921297903,0.5246627413203555,0.4023889772712852,0.631048888652759,0.423836851287582,0.6355951495927432,11.40153622534126
artificial,aubin_1_10_1,46,4,natural,6766,4904,1.6155034195887934,1.2710245550691746,-1.7161283909087,0.7102201333894294,0.5206580981699116,0.695404534432956,11.669174952432513
artificial,aubin_1_10_1,46,4,artificial,6766,5382,0.2522324719855274,0.502227510183908,0.4524054119091834,0.6824043414420778,0.4787459782662577,0.6735503591140255,11.979568536393344
artificial,aubin_1_10_1,46,5,natural,8090,4904,1.6024770769957197,1.2658898360425048,-1.6942273422834013,0.7660450196339164,0.573426584619905,0.7869986695410511,15.219050341285765
artificial,aubin_1_10_1,46,5,artificial,8090,5382,0.20809252409119178,0.45617159500695764,0.5482328697907193,0.7203453525407085,0.514014759146064,0.7453513256972756,15.547462614253163
artificial,aubin_1_10_1,46,6,natural,9414,4904,1.5459692817327235,1.2433701306259224,-1.5992213985259145,0.8020645477684408,0.6093376543598439,0.8273648986770926,16.583018204197288
artificial,aubin_1_10_1,46,6,artificial,9414,5382,0.1908887029752781,0.43690811731447393,0.5855822216144504,0.7388958855186416,0.5329940161666727,0.770477705647474,16.90875742956996
artificial,aubin_1_10_1,46,7,natural,10738,4904,1.7724742121376191,1.3313430106992035,-1.9800416832085261,0.8276768708449775,0.6365502322194893,0.8567497321804399,18.516198719851673
artificial,aubin_1_10_1,46,7,artificial,10738,5382,0.1641022303306963,0.40509533486661664,0.6437354297987532,0.7527955286931725,0.5495528154816801,0.8039325620635671,18.849209239706397
artificial,aubin_1_10_1,46,8,natural,12061,4904,1.8171249595556331,1.3480077742934693,-2.0551125009281384,0.8282943838125234,0.6367707195926066,0.8526025861869435,19.923694799654186
artificial,aubin_1_10_1,46,8,artificial,12061,5382,0.16135563866792493,0.40169097409317644,0.649698257337926,0.7510303166718956,0.5457634177572853,0.8070636134750087,20.25096236821264
artificial,aubin_1_10_1,46,9,natural,13385,4904,1.4479385078531253,1.2033031653964537,-1.4344033208366072,0.844990042347884,0.6581866639858764,0.8900081604647568,22.691242176108062
artificial,aubin_1_10_1,46,9,artificial,13385,5382,0.1494373371054954,0.38657125747460247,0.675572790396442,0.7597349352189197,0.5550044951674764,0.8219946449763837,23.04079338349402
artificial,aubin_1_10_1,46,10,natural,14709,4904,1.7516457900074105,1.3234975595018716,-1.945023082814544,0.8361977843729419,0.6470153302274932,0.8572934411815719,23.350239771418273
artificial,aubin_1_10_1,46,10,artificial,14709,5382,0.13913527000890077,0.3730084047429773,0.6979384919408783,0.7590600995491639,0.5546520507673078,0.835907832493,23.680274905636907
artificial,aubin_linear,46,0,natural,1471,4904,1.5780498815858688,1.2562045540380231,-1.6531581633770154,0.5002922185306367,0.35767472739738615,0.49167607827035525,35.90307234507054
artificial,aubin_linear,46,0,artificial,1471,5382,0.3136668852547809,0.5600597157935758,0.31903181427537775,0.5809487501200145,0.39072097365901537,0.5963414624090799,37.41525860223919
artificial,aubin_linear,46,1,natural,2795,4904,1.8132763941183652,1.3465795164483845,-2.0486419495683066,0.6303257267874447,0.45689497708479826,0.5988791620267617,29.150491766631603
artificial,aubin_linear,46,1,artificial,2795,5382,0.2815163549890044,0.5305811483543346,0.38883034671333994,0.6126412195849771,0.4243872777807047,0.6245412402358963,30.184100217185915
artificial,aubin_linear,46,2,natural,4119,4904,1.964086803789406,1.4014588127338619,-2.3021978569004924,0.6714506517042256,0.493267870935353,0.6282090077152231,35.885633090510964
artificial,aubin_linear,46,2,artificial,4119,5382,0.2697256239798201,0.5193511567136633,0.41442792516721316,0.6351809627682738,0.44323078214988576,0.6451349953243336,36.88858448155224
artificial,aubin_linear,46,3,natural,5442,4904,1.6212385632440238,1.2732786667670293,-1.7257708257801019,0.7058272815297792,0.5228477811168677,0.6541007788784716,42.22323558945209
artificial,aubin_linear,46,3,artificial,5442,5382,0.2594003289368729,0.5093135860517299,0.436844054389002,0.6505234268597287,0.45527690938454735,0.6622693941464237,43.281513934955
artificial,aubin_linear,46,4,natural,6766,4904,1.744728079568611,1.3208815539512282,-1.933392411226309,0.7257708954589193,0.5406789429179432,0.6691385142358692,52.420206372626126
artificial,aubin_linear,46,4,artificial,6766,5382,0.2532731251358457,0.5032624813512783,0.45014616261939866,0.6569744509113208,0.4624274743547127,0.6710374521963498,53.653530955314636
artificial,aubin_linear,46,5,natural,8090,4904,1.9829187529688876,1.4081614797205921,-2.333859808959721,0.7421782139289078,0.5559099425723241,0.6841451484136275,54.97594288457185
artificial,aubin_linear,46,5,artificial,8090,5382,0.2464205761535977,0.49640767132831226,0.46502298917455187,0.6692532596520375,0.47026708802934014,0.682596452692861,56.226056817919016
artificial,aubin_linear,46,6,natural,9414,4904,2.079417579484768,1.4420185780650567,-2.4961022401492947,0.7508847381467254,0.5626636555923644,0.6909926718807751,61.158328766934574
artificial,aubin_linear,46,6,artificial,9414,5382,0.24216083838048105,0.49209840314766423,0.474270844269825,0.6836190219931836,0.4821515631014982,0.689616629780711,62.082805247977376
artificial,aubin_linear,46,7,natural,10738,4904,2.2107222254177947,1.4868497655842015,-2.716863318307636,0.768946485717698,0.5804721304569256,0.7041477975146682,66.12555833719671
artificial,aubin_linear,46,7,artificial,10738,5382,0.23786768610936726,0.48771680933649114,0.4835912419609145,0.699138086737941,0.4940900198046349,0.6959013612697316,67.14503624662757
artificial,aubin_linear,46,8,natural,12061,4904,1.792083609652293,1.3386872710429023,-2.013010750727911,0.785006233617309,0.5935744864982102,0.7179476459053977,66.57562237698585
artificial,aubin_linear,46,8,artificial,12061,5382,0.23289150102884937,0.4825883349490012,0.4943944981712657,0.6987871896568651,0.49356249380291967,0.7031782058073102,67.96539957355708
artificial,aubin_linear,46,9,natural,13385,4904,2.008406486245547,1.4171825874761328,-2.3767120586877124,0.7848026540216592,0.5924441095605595,0.7200124912426538,54.88944319449365
artificial,aubin_linear,46,9,artificial,13385,5382,0.23143935670870952,0.48108144498484817,0.497547091350787,0.7024760685007465,0.49191049673322307,0.7062233130512676,55.98952080775052
artificial,aubin_linear,46,10,natural,14709,4904,1.856140318190468,1.3624024068499248,-2.1207086005616103,0.797178651346289,0.605429162061345,0.728283491377156,66.12200728990138
artificial,aubin_linear,46,10,artificial,14709,5382,0.2284843782940102,0.4780003957048678,0.5039623247863432,0.7178964352521028,0.5074904189282382,0.7100625269124574,67.13587044458836
artificial,mlp_small,46,0,natural,1471,4904,1.2569239345272998,1.1211261902780167,-1.1132525888748974,0.5195424007981012,0.3730373067466937,0.5065761364509108,40.02948808018118
artificial,mlp_small,46,0,artificial,1471,5382,0.3248406048265982,0.569947896589327,0.2947737624939931,0.5875254600750911,0.40161405918584525,0.5941017413692926,41.67588730528951
artificial,mlp_small,46,1,natural,2795,4904,1.8402370113423132,1.3565533573517532,-2.0939705431141045,0.647511302692217,0.4730902148381952,0.6359567600026882,41.553326153196394
artificial,mlp_small,46,1,artificial,2795,5382,0.2758352756148131,0.5252002243095609,0.40116392254254574,0.6353368342257001,0.44305967351842507,0.637387103252765,42.571368041448295
artificial,mlp_small,46,2,natural,4119,4904,2.248127924593286,1.499375845007944,-2.779753114937223,0.7048341434090946,0.5179556954725634,0.6845609081478671,65.3784687789157
artificial,mlp_small,46,2,artificial,4119,5382,0.2395444846040586,0.4894328192960282,0.47995092644648507,0.6799654903124811,0.48313173950528815,0.6967504703207845,66.51056440081447
artificial,mlp_small,46,3,natural,5442,4904,1.898559355273937,1.3778821993457704,-2.1920272678825032,0.7597977752928547,0.5676711088610031,0.7336160468776147,79.1625902922824
artificial,mlp_small,46,3,artificial,5442,5382,0.2162961253968793,0.4650764726331352,0.5304229199357815,0.7194107738175214,0.5172689168103967,0.7369465796336481,80.1853473521769
artificial,mlp_small,46,4,natural,6766,4904,2.880077074588877,1.6970789830143076,-3.8422423719086183,0.7551937146893482,0.5661527241585673,0.7106888147766491,95.03907353617251
artificial,mlp_small,46,4,artificial,6766,5382,0.16195162770320445,0.40243214049477266,0.6484043701246284,0.758875092313684,0.559972058008452,0.8090879034257108,96.02462719008327
artificial,mlp_small,46,5,natural,8090,4904,2.7296416769721645,1.6521627271465014,-3.589316968279082,0.7798733145126235,0.5904505192951595,0.7347519391449426,111.37993533164263
artificial,mlp_small,46,5,artificial,8090,5382,0.14946482760207727,0.3866068126689923,0.6755131087581754,0.7764198156251095,0.5786974774398271,0.8241915960547118,112.34821428824216
artificial,mlp_small,46,6,natural,9414,4904,2.814291914351634,1.6775851436966274,-3.7316384949658294,0.7885872369371886,0.5967242707905017,0.7560500446709588,125.76158724259585
artificial,mlp_small,46,6,artificial,9414,5382,0.1324703945266195,0.36396482594698554,0.7124078808964994,0.7849684824162475,0.5877648420703382,0.8448087587198562,126.72547998838127
artificial,mlp_small,46,7,natural,10738,4904,2.6365086269140443,1.6237329296759502,-3.432733380570447,0.7318000236432987,0.5536515774724379,0.6857581301338682,124.98315976466984
artificial,mlp_small,46,7,artificial,10738,5382,0.12588668597663197,0.3548051380358407,0.7267010571206426,0.7948691468551584,0.5997941396263412,0.8531809622538675,125.71741773467511
artificial,mlp_small,46,8,natural,12061,4904,2.5479312109708383,1.596224047861339,-3.2838091311263273,0.807769942823454,0.6228437221551297,0.7727480563155088,117.54247430153191
artificial,mlp_small,46,8,artificial,12061,5382,0.1249546254407549,0.35348921545183654,0.728724552752278,0.8018772452488524,0.6129334932962606,0.855429195048129,118.24396019335836
artificial,mlp_small,46,9,natural,13385,4904,2.268586571936702,1.5061827817156528,-2.8141500169897022,0.8506472769078276,0.6689824058612849,0.8723166252115802,126.67625134252012
artificial,mlp_small,46,9,artificial,13385,5382,0.1266885391677056,0.35593333528584475,0.7249602405460802,0.7971872224709327,0.6066456639186341,0.8532755035771553,127.38986702356488
artificial,mlp_small,46,10,natural,14709,4904,2.63151798037844,1.6221954199104496,-3.4243426606375884,0.8105276689511735,0.6246103489528954,0.7849381269043952,134.44006104115397
artificial,mlp_small,46,10,artificial,14709,5382,0.11277402003142584,0.33581843313228926,0.7551685452696294,0.8084017210774568,0.6182968635030209,0.871500095109405,135.07460185792297
artificial,CNN_Jannis_OHE,46,0,natural,1471,4904,1.5261412291432763,1.235370887281741,-1.5658847085990457,0.23722281061215353,0.16844815278457087,0.15912345077694567,48.978753009811044
artificial,CNN_Jannis_OHE,46,0,artificial,1471,5382,0.38595080955591765,0.6212493940084913,0.16210401889009574,0.47518943509258793,0.3186167805212258,0.5044398194598708,50.81043878290802
artificial,CNN_Jannis_OHE,46,1,natural,2795,4904,1.172463096286723,1.0828033506998043,-0.971249496907707,0.7146503829289617,0.5262836863518874,0.7243547811585684,120.9170967116952
artificial,CNN_Jannis_OHE,46,1,artificial,2795,5382,0.23303668144390668,0.4827387300019615,0.4940793127038421,0.6817673807588773,0.4958293932963093,0.7288832502617075,122.54368295054883
artificial,CNN_Jannis_OHE,46,2,natural,4119,4904,1.5740231186816018,1.2546007805997899,-1.64638801054718,0.8021197104720922,0.6097784705700706,0.8336033734385141,164.64164727181196
artificial,CNN_Jannis_OHE,46,2,artificial,4119,5382,0.1638895028278486,0.40483268497966984,0.6441972594290958,0.7366404348820745,0.5488886478902114,0.80340572735568,166.19351341668516
artificial,CNN_Jannis_OHE,46,3,natural,5442,4904,1.5579609550462505,1.248183061512313,-1.6193828689050136,0.8321166492429277,0.6441657968625433,0.8693639329712693,229.5745465559885
artificial,CNN_Jannis_OHE,46,3,artificial,5442,5382,0.1369753396590467,0.3701017963466899,0.7026276826740249,0.7705024588498549,0.5849463381657298,0.8387382909699552,231.12135703582317
artificial,CNN_Jannis_OHE,46,4,natural,6766,4904,2.126315361501948,1.4581890691888855,-2.574950972787653,0.8406359360395167,0.6524793030250577,0.8409278898947646,288.53384903632104
artificial,CNN_Jannis_OHE,46,4,artificial,6766,5382,0.11800773046516022,0.3435225326891385,0.7438062036702819,0.7866992145698599,0.5984399052405096,0.8645244392456651,290.08064692560583
artificial,CNN_Jannis_OHE,46,5,natural,8090,4904,2.088714632136868,1.445238607336819,-2.5117332740140017,0.849394718640353,0.6630504657267614,0.8349882063910589,334.3527996754274
artificial,CNN_Jannis_OHE,46,5,artificial,8090,5382,0.11037984773101521,0.3322346275315311,0.76036627331924,0.7893951833975424,0.6009509710087877,0.8742716226120499,335.8933404535055
artificial,CNN_Jannis_OHE,46,6,natural,9414,4904,1.952500178052628,1.39731892496045,-2.2827173886223715,0.832386622088156,0.6471348661333581,0.8388752178743868,422.2016026433557
artificial,CNN_Jannis_OHE,46,6,artificial,9414,5382,0.10459909303355164,0.32341783041995636,0.7729162434420133,0.8030284122307391,0.6171049381515472,0.8799631996185187,423.743446553126
artificial,CNN_Jannis_OHE,46,7,natural,10738,4904,1.8492832303027364,1.359883535565725,-2.109179853011472,0.8567907830767847,0.6735502309504068,0.8760891015827614,314.9356195554137
artificial,CNN_Jannis_OHE,46,7,artificial,10738,5382,0.1094388399397225,0.330815416720144,0.7624091933675863,0.8011889282719912,0.6134131348559888,0.8766105171150522,316.4459266299382
artificial,CNN_Jannis_OHE,46,8,natural,12061,4904,2.0414101103467917,1.428779237792456,-2.432200694203623,0.8040216321064249,0.620525056000012,0.802869816958111,521.788526979275
artificial,CNN_Jannis_OHE,46,8,artificial,12061,5382,0.1048734591777221,0.3238417193286284,0.77232059683664,0.8090299437148344,0.6300954606368725,0.8821436403004752,523.299806994386
artificial,CNN_Jannis_OHE,46,9,natural,13385,4904,1.740137800897229,1.3191428280884634,-1.9256748254444744,0.8464676116870409,0.6658268721071404,0.8728152814617531,496.3738117320463
artificial,CNN_Jannis_OHE,46,9,artificial,13385,5382,0.1013988716290263,0.3184318948048802,0.779863897358322,0.8123346160052132,0.6317724102029848,0.8855354396719988,497.8845283947885
artificial,CNN_Jannis_OHE,46,10,natural,14709,4904,1.9700747765823967,1.403593522563565,-2.312265370661108,0.8399091568013944,0.6582056601194763,0.8477459588841045,488.18085630238056
artificial,CNN_Jannis_OHE,46,10,artificial,14709,5382,0.10317829309973668,0.3212137809928719,0.7760007882208533,0.8127009843876766,0.6296189490939663,0.8816596887163279,489.6855755392462
