arm,round,n_target,n,mse,rmse,r2,spearman,kendall_tau,pearson,pair,seed,model
source_only,0,0,5382,1.8101500447223573,1.3454181672336514,-2.9298206147667902,0.6821166641476815,0.47008754261163593,0.7268878219937362,cgreGFP_to_artificial,42,aubin_1_10_1
oneshot_fancy,1,960,5382,0.9030950377595904,0.9503131261639978,-0.9606117773654399,0.4507013128009454,0.31767742585335146,0.323340849915251,cgreGFP_to_artificial,42,aubin_1_10_1
oneshot_random,1,960,5382,0.4437034849402299,0.6661107152270033,0.03672344342624467,0.7035381947129545,0.5138978285756584,0.6727575431521851,cgreGFP_to_artificial,42,aubin_1_10_1
iterative_fancy,1,96,5382,0.9561059475599991,0.9778067025542416,-1.0756980193864107,0.305319324716265,0.20332185600951952,0.2396212828814627,cgreGFP_to_artificial,42,aubin_1_10_1
iterative_fancy,2,192,5382,0.8978352155969667,0.9475416695834367,-0.94919274742096,0.36463530459135884,0.24165258508912746,0.23333251760812102,cgreGFP_to_artificial,42,aubin_1_10_1
iterative_fancy,3,288,5382,0.5366266856791615,0.7325480773841138,-0.16501204856716978,0.4754509599603937,0.3231472542813131,0.5353308228201842,cgreGFP_to_artificial,42,aubin_1_10_1
iterative_fancy,4,384,5382,0.5060763858220515,0.7113904594679714,-0.09868760296896406,0.5461924351853125,0.3834119838761823,0.5754768336587937,cgreGFP_to_artificial,42,aubin_1_10_1
iterative_fancy,5,480,5382,0.5094979530404338,0.7137912531268744,-0.10611579679676963,0.47503801424629843,0.3258153996523487,0.5604149006545327,cgreGFP_to_artificial,42,aubin_1_10_1
iterative_fancy,6,576,5382,0.5408183500331459,0.7354035287059384,-0.17411211683858108,0.6504300984953307,0.47219041385794364,0.5155372480511944,cgreGFP_to_artificial,42,aubin_1_10_1
iterative_fancy,7,672,5382,0.4878225140561853,0.6984429211153803,-0.05905859996230278,0.6703545322867134,0.4885517868795927,0.547008583970711,cgreGFP_to_artificial,42,aubin_1_10_1
iterative_fancy,8,768,5382,0.4755862316048517,0.6896276035693841,-0.032493733052203266,0.7401380483949239,0.5583068990593382,0.6236911013968559,cgreGFP_to_artificial,42,aubin_1_10_1
iterative_fancy,9,864,5382,0.48122426322989176,0.6937032962512805,-0.044733852577868216,0.515849761882765,0.3615215277626614,0.5211307627345433,cgreGFP_to_artificial,42,aubin_1_10_1
iterative_fancy,10,960,5382,0.4234958431949082,0.6507655823681122,0.0805940647253578,0.6013353031513615,0.4343344091894833,0.6039796162657806,cgreGFP_to_artificial,42,aubin_1_10_1
iterative_random,1,96,5382,0.5960602659806019,0.7720493934850295,-0.29404185455423204,0.640477899111676,0.44669841524557463,0.6716374050503382,cgreGFP_to_artificial,42,aubin_1_10_1
iterative_random,2,192,5382,0.5246055198246462,0.7242965689720242,-0.13891419799045113,0.5920146488089266,0.41188196057179544,0.6306103295357104,cgreGFP_to_artificial,42,aubin_1_10_1
iterative_random,3,288,5382,0.5225406422748002,0.7228697270427087,-0.1344313660915084,0.6431744889072691,0.4592902916523907,0.6793464338090427,cgreGFP_to_artificial,42,aubin_1_10_1
iterative_random,4,384,5382,0.5099948617681803,0.7141392453633817,-0.10719458149069583,0.6093229558863547,0.4318317656906504,0.6463907816752479,cgreGFP_to_artificial,42,aubin_1_10_1
iterative_random,5,480,5382,0.506862495111463,0.7119427611202062,-0.10039423966463223,0.5646332352238981,0.39438029811071923,0.658874089598762,cgreGFP_to_artificial,42,aubin_1_10_1
iterative_random,6,576,5382,0.285079128970861,0.5339280185295214,0.38109559418247874,0.6923800242460346,0.5039669469586964,0.6951936455803872,cgreGFP_to_artificial,42,aubin_1_10_1
iterative_random,7,672,5382,0.2699281812457176,0.5195461300459446,0.41398817503626917,0.6885431531468789,0.500211838299477,0.7014276233802206,cgreGFP_to_artificial,42,aubin_1_10_1
iterative_random,8,768,5382,0.4217172360305741,0.6493975947218884,0.08445540601049084,0.719003270061321,0.5346650404320835,0.736636398432538,cgreGFP_to_artificial,42,aubin_1_10_1
iterative_random,9,864,5382,0.48390131222011684,0.6956301547662499,-0.050545703556299726,0.6077735860537773,0.43175988118969655,0.6300623283469358,cgreGFP_to_artificial,42,aubin_1_10_1
iterative_random,10,960,5382,0.47861122204632595,0.6918173328605796,-0.03906096201260767,0.6335789471206215,0.45212606284519463,0.6511459696817651,cgreGFP_to_artificial,42,aubin_1_10_1
source_only,0,0,5382,5.240017349023147,2.2891084179267587,-10.37603385971535,0.5685238206557242,0.4065792883762883,0.5422338601181027,cgreGFP_to_artificial,42,aubin_linear
oneshot_fancy,1,960,5382,0.8841716603226815,0.9403040254740386,-0.9195292831438164,0.3914684148386534,0.2596716044015362,0.40689527474115084,cgreGFP_to_artificial,42,aubin_linear
oneshot_random,1,960,5382,0.2511197610612127,0.5011185099966002,0.45482109802393245,0.7341978583446087,0.5257982003773789,0.7012090547121816,cgreGFP_to_artificial,42,aubin_linear
iterative_fancy,1,96,5382,1.8239979354138864,1.3505546769434722,-2.95988426969378,0.18268454319808863,0.1374320742059946,0.19899466808990898,cgreGFP_to_artificial,42,aubin_linear
iterative_fancy,2,192,5382,1.2159060932818302,1.1026813199115282,-1.6397219638952016,0.17932139032765199,0.11982127360109006,0.25063383080198676,cgreGFP_to_artificial,42,aubin_linear
iterative_fancy,3,288,5382,1.0066304891789781,1.003309767309667,-1.18538637687081,0.24732844284486363,0.15698921895750284,0.3195307509984083,cgreGFP_to_artificial,42,aubin_linear
iterative_fancy,4,384,5382,0.6612300211701819,0.8131605137795255,-0.4355248482706995,0.4198055923319486,0.27171802060389305,0.4607489669329615,cgreGFP_to_artificial,42,aubin_linear
iterative_fancy,5,480,5382,0.4501543938360795,0.670935461751784,0.02271857414106848,0.6185241696290629,0.4229333790571692,0.6210652741494904,cgreGFP_to_artificial,42,aubin_linear
iterative_fancy,6,576,5382,0.4495284565251667,0.6704688333734586,0.024077478810407227,0.6641542893845234,0.4588126711446955,0.6433342653968745,cgreGFP_to_artificial,42,aubin_linear
iterative_fancy,7,672,5382,0.43765208316811716,0.6615527818459516,0.049860986085550785,0.6819280159834239,0.4756917038030209,0.6660709313360698,cgreGFP_to_artificial,42,aubin_linear
iterative_fancy,8,768,5382,0.41708954300782486,0.6458246999053419,0.09450208887671807,0.6703163480593782,0.46492527411507556,0.650946094804858,cgreGFP_to_artificial,42,aubin_linear
iterative_fancy,9,864,5382,0.3190988900851508,0.5648883872811963,0.3072389771986179,0.6867625756016712,0.4798449460019259,0.6636411181988384,cgreGFP_to_artificial,42,aubin_linear
iterative_fancy,10,960,5382,0.37067986116240936,0.6088348389854258,0.1952571201917358,0.664744840070135,0.4616299490630722,0.651111687143155,cgreGFP_to_artificial,42,aubin_linear
iterative_random,1,96,5382,0.3752141506146739,0.6125472639843181,0.1854132156962044,0.7359402281552809,0.5243145313310769,0.7030013008623206,cgreGFP_to_artificial,42,aubin_linear
iterative_random,2,192,5382,0.2794949481724181,0.5286728176976929,0.3932188040137785,0.7163942598992761,0.5068728915469541,0.7046766532270292,cgreGFP_to_artificial,42,aubin_linear
iterative_random,3,288,5382,0.27233827863160504,0.5218604014787911,0.4087558737592175,0.7360206503251422,0.5254567916566568,0.7091371768658812,cgreGFP_to_artificial,42,aubin_linear
iterative_random,4,384,5382,0.25652548580838935,0.5064834506757248,0.4430853147880912,0.7342982480470321,0.5250973514564489,0.7042818716789261,cgreGFP_to_artificial,42,aubin_linear
iterative_random,5,480,5382,0.25402429458500214,0.5040082286877885,0.44851538002483715,0.7228351650090157,0.5130937938119308,0.7090371514879147,cgreGFP_to_artificial,42,aubin_linear
iterative_random,6,576,5382,0.2715477069485306,0.5211023958384097,0.41047219827422377,0.7274019258213402,0.5181066317058166,0.703555299684581,cgreGFP_to_artificial,42,aubin_linear
iterative_random,7,672,5382,0.25260010410711503,0.5025933784950962,0.45160728564651376,0.7314496620931396,0.5206169623841245,0.7124977041287064,cgreGFP_to_artificial,42,aubin_linear
iterative_random,8,768,5382,0.2491960285131587,0.499195381101587,0.4589975053039157,0.729933013345714,0.5210832037874339,0.7052681777595581,cgreGFP_to_artificial,42,aubin_linear
iterative_random,9,864,5382,0.2562454719123642,0.5062069457369823,0.44369322261552757,0.7311743613803046,0.5217288452687809,0.709015446184572,cgreGFP_to_artificial,42,aubin_linear
iterative_random,10,960,5382,0.24518056390933035,0.49515711032896453,0.4677150453907162,0.7317248442781202,0.5215096592576608,0.7134791486715943,cgreGFP_to_artificial,42,aubin_linear
source_only,0,0,5382,1.4618831892458326,1.2090836154897777,-2.1737361829364032,0.7444323250592333,0.5477849024062351,0.774107249324959,cgreGFP_to_artificial,42,mlp_small
oneshot_fancy,1,960,5382,0.2709861685146263,0.5205633184489916,0.41169129351993283,0.7560478779291651,0.5513448765908326,0.7979681233590876,cgreGFP_to_artificial,42,mlp_small
oneshot_random,1,960,5382,0.13566760384162846,0.3683308347690001,0.7054667662013506,0.7747209947566003,0.575527214007476,0.8428814166663987,cgreGFP_to_artificial,42,mlp_small
iterative_fancy,1,96,5382,0.5920518443330254,0.7694490524609315,-0.28533960466657726,0.7046089583677195,0.5041115157905275,0.7585919000622484,cgreGFP_to_artificial,42,mlp_small
iterative_fancy,2,192,5382,0.5439538211994254,0.7375322509554585,-0.1809191985289509,0.7129723042272154,0.5089276857112115,0.7669653963831682,cgreGFP_to_artificial,42,mlp_small
iterative_fancy,3,288,5382,0.6002965917747366,0.7747880947554219,-0.3032388824388528,0.7240947269471206,0.5189372500218019,0.7796774526577632,cgreGFP_to_artificial,42,mlp_small
iterative_fancy,4,384,5382,0.4648381459557699,0.681790397377207,-0.009159728958902047,0.7452796118666084,0.5412175610782428,0.784900422874806,cgreGFP_to_artificial,42,mlp_small
iterative_fancy,5,480,5382,0.19852014165923285,0.4455559916096212,0.569014432028182,0.7484553908278685,0.5476800120689664,0.792344335343056,cgreGFP_to_artificial,42,mlp_small
iterative_fancy,6,576,5382,0.21100467902803866,0.45935245621204496,0.5419106057675891,0.7527167733106955,0.545152776531893,0.798249390410851,cgreGFP_to_artificial,42,mlp_small
iterative_fancy,7,672,5382,0.22285986463073032,0.4720803582344115,0.5161730969300331,0.7649774862426801,0.5592626416760305,0.8139397215135165,cgreGFP_to_artificial,42,mlp_small
iterative_fancy,8,768,5382,0.16135742650663656,0.4016931994777066,0.6496943759550289,0.7768769708174127,0.57814825049488,0.8294669426940968,cgreGFP_to_artificial,42,mlp_small
iterative_fancy,9,864,5382,0.15958775774060197,0.3994843648262119,0.6535363120521762,0.7671728974685605,0.561595920876592,0.8132000696903972,cgreGFP_to_artificial,42,mlp_small
iterative_fancy,10,960,5382,0.17562116408820336,0.41907178870475564,0.6187279209061257,0.7753455280526972,0.5779020259159422,0.8222300262912544,cgreGFP_to_artificial,42,mlp_small
iterative_random,1,96,5382,0.20080956032725963,0.4481177973783898,0.564044123238767,0.7664831780066943,0.562553181393769,0.8202049016255942,cgreGFP_to_artificial,42,mlp_small
iterative_random,2,192,5382,0.17191530688505788,0.4146267078771674,0.6267733059142713,0.7651209172851927,0.5608986612930686,0.8216053071754195,cgreGFP_to_artificial,42,mlp_small
iterative_random,3,288,5382,0.15402335644031234,0.3924580951392293,0.6656165807583361,0.7694693019645812,0.5683988515507468,0.8266599393030128,cgreGFP_to_artificial,42,mlp_small
iterative_random,4,384,5382,0.15154658502364293,0.3892898470595437,0.67099363079884,0.7729217142042276,0.5788294064796525,0.826158279728542,cgreGFP_to_artificial,42,mlp_small
iterative_random,5,480,5382,0.1483352955452052,0.3851432143309878,0.6779653134110867,0.7722532693675411,0.5719482759228728,0.8272944432446822,cgreGFP_to_artificial,42,mlp_small
iterative_random,6,576,5382,0.16096584301437256,0.4012054872685225,0.6505445004432104,0.7749529340876932,0.5848633296225816,0.8323496859878847,cgreGFP_to_artificial,42,mlp_small
iterative_random,7,672,5382,0.1520458670305805,0.3899305925810137,0.6699096937356303,0.769045697447199,0.5727917041113082,0.8227378631855595,cgreGFP_to_artificial,42,mlp_small
iterative_random,8,768,5382,0.1527979820564839,0.39089382453101496,0.6682768583018558,0.7750707411679818,0.5851310557787928,0.8319127476370816,cgreGFP_to_artificial,42,mlp_small
iterative_random,9,864,5382,0.15421179175442593,0.39269809237431486,0.6652074892666596,0.7714151626859151,0.570366636948293,0.8309882846971153,cgreGFP_to_artificial,42,mlp_small
iterative_random,10,960,5382,0.14559623499042254,0.3815707470318218,0.6839117909777739,0.76547308921401,0.5617568496208997,0.8300496562331066,cgreGFP_to_artificial,42,mlp_small
source_only,0,0,5382,2.3542353384204393,1.5343517648897984,-4.111025238991253,0.6380282768145915,0.44035538131759644,0.6338974553820578,cgreGFP_to_artificial,43,aubin_1_10_1
oneshot_fancy,1,960,5382,0.904794066655866,0.9512066372013318,-0.9643003548958691,0.37331612613376275,0.24624754114347175,0.26465760277838274,cgreGFP_to_artificial,43,aubin_1_10_1
oneshot_random,1,960,5382,0.2675056872754985,0.5172095197069545,0.4192473891942732,0.6913782006901407,0.49988103138574147,0.6954139323643008,cgreGFP_to_artificial,43,aubin_1_10_1
iterative_fancy,1,96,5382,0.9665776971017479,0.9831468339478838,-1.0984321001007813,0.3568747372383231,0.23606402024038708,0.22013401071503125,cgreGFP_to_artificial,43,aubin_1_10_1
iterative_fancy,2,192,5382,0.5827656498669377,0.7633908893004537,-0.26517935411057336,0.35086018931623075,0.23001926964355787,0.4378387352545865,cgreGFP_to_artificial,43,aubin_1_10_1
iterative_fancy,3,288,5382,0.5749560276590181,0.7582585493477921,-0.24822472958333952,0.32283648719510694,0.21357989972661948,0.4138990125883665,cgreGFP_to_artificial,43,aubin_1_10_1
iterative_fancy,4,384,5382,0.49753281018166357,0.7053600571209455,-0.0801395716754778,0.6471818081047689,0.45361252249662354,0.6417221185008024,cgreGFP_to_artificial,43,aubin_1_10_1
iterative_fancy,5,480,5382,0.49763169249919714,0.7054301471437106,-0.08035424436021588,0.4011828540560592,0.2789110977608343,0.47623189117540243,cgreGFP_to_artificial,43,aubin_1_10_1
iterative_fancy,6,576,5382,0.5768982305013416,0.7595381692195209,-0.25244123571777544,0.19380987303064856,0.1320892463471461,0.29756672314923804,cgreGFP_to_artificial,43,aubin_1_10_1
iterative_fancy,7,672,5382,0.5185398924506069,0.7200971409821088,-0.12574577166828438,0.4544277596929652,0.30908527343049663,0.5393547188185446,cgreGFP_to_artificial,43,aubin_1_10_1
iterative_fancy,8,768,5382,0.3978785262864647,0.630776130086154,0.13620904558030467,0.7452787351247485,0.5604559603517109,0.7476211765577657,cgreGFP_to_artificial,43,aubin_1_10_1
iterative_fancy,9,864,5382,0.40199417363553125,0.6340301046760566,0.12727400959109048,0.7367640687962688,0.5437720233626595,0.7218225088768964,cgreGFP_to_artificial,43,aubin_1_10_1
iterative_fancy,10,960,5382,0.3393346663116505,0.5825243911731512,0.2633072761760634,0.6850529842285902,0.49168909911500125,0.661905329497031,cgreGFP_to_artificial,43,aubin_1_10_1
iterative_random,1,96,5382,0.577652173706898,0.7600343240320782,-0.2540780401142937,0.7061492285917798,0.5129215244912676,0.7351125592203274,cgreGFP_to_artificial,43,aubin_1_10_1
iterative_random,2,192,5382,0.5818472549682098,0.762789128769026,-0.2631855264629479,0.5820158832165224,0.40690537526960446,0.6433858756706264,cgreGFP_to_artificial,43,aubin_1_10_1
iterative_random,3,288,5382,0.5349333520714344,0.7313913809113657,-0.1613358354605685,0.6069142427548727,0.4275306984706927,0.6736790509307377,cgreGFP_to_artificial,43,aubin_1_10_1
iterative_random,4,384,5382,0.527990770551958,0.7266297341507282,-0.14626354901973793,0.6664816361434187,0.4787462232823358,0.700506056850233,cgreGFP_to_artificial,43,aubin_1_10_1
iterative_random,5,480,5382,0.3080609690733617,0.5550324036246548,0.3312022114414176,0.6874064007993188,0.5010090248171769,0.6771846659267868,cgreGFP_to_artificial,43,aubin_1_10_1
iterative_random,6,576,5382,0.5188794389770263,0.7203328667893936,-0.12648292433863095,0.5549920878816491,0.3868974566152795,0.6052932805934064,cgreGFP_to_artificial,43,aubin_1_10_1
iterative_random,7,672,5382,0.4746513441738469,0.6889494496505871,-0.030464100254877557,0.670717628363028,0.4845226829647089,0.6938940618337333,cgreGFP_to_artificial,43,aubin_1_10_1
iterative_random,8,768,5382,0.26666497991044225,0.516396146297048,0.4210725578557424,0.694758347972843,0.5049386464500674,0.7033765773075391,cgreGFP_to_artificial,43,aubin_1_10_1
iterative_random,9,864,5382,0.4730985918479576,0.687821627929769,-0.027093087935927684,0.6468550467996546,0.4638597981793951,0.6776524327720286,cgreGFP_to_artificial,43,aubin_1_10_1
iterative_random,10,960,5382,0.46858777998896195,0.6845347178843173,-0.017300153099117255,0.7372846848267783,0.542535492607369,0.6164109101033437,cgreGFP_to_artificial,43,aubin_1_10_1
source_only,0,0,5382,4.494160459257453,2.119943503789064,-8.756784787179686,0.571706411676026,0.4089081186786331,0.5458833098502602,cgreGFP_to_artificial,43,aubin_linear
oneshot_fancy,1,960,5382,0.43148196040317693,0.6568728647182626,0.06325627102781273,0.6272289028239945,0.44411182108563013,0.6443828887405902,cgreGFP_to_artificial,43,aubin_linear
oneshot_random,1,960,5382,0.25514334098693264,0.5051171557044293,0.44608593964114684,0.7374469914339128,0.5290559500521915,0.7055692965998442,cgreGFP_to_artificial,43,aubin_linear
iterative_fancy,1,96,5382,1.7302870461319153,1.3154037578370814,-2.756438712458273,0.4886971302471207,0.3581699491491634,0.5506607447961788,cgreGFP_to_artificial,43,aubin_linear
iterative_fancy,2,192,5382,0.5106481495439559,0.7145964942147113,-0.10861286379060964,0.6776230830194813,0.48187394287734353,0.6878083136960098,cgreGFP_to_artificial,43,aubin_linear
iterative_fancy,3,288,5382,0.4712561577697737,0.6864809959276176,-0.023093178954401106,0.6483183878222691,0.44660098234777945,0.6379800879435379,cgreGFP_to_artificial,43,aubin_linear
iterative_fancy,4,384,5382,0.4125875686185903,0.6423297973927337,0.10427583764055581,0.6701849266060788,0.46673891396762923,0.6579661472938115,cgreGFP_to_artificial,43,aubin_linear
iterative_fancy,5,480,5382,0.3687197515953496,0.6072229834215348,0.1995125016758793,0.6899699663843898,0.4875892502472947,0.6837225348738292,cgreGFP_to_artificial,43,aubin_linear
iterative_fancy,6,576,5382,0.35212566432803066,0.5934017731082631,0.23553812641150795,0.6571449428344968,0.4580746656334027,0.6539622621163941,cgreGFP_to_artificial,43,aubin_linear
iterative_fancy,7,672,5382,0.35755689901963666,0.5979606166125296,0.2237469612995664,0.6947666295604569,0.4904040528736013,0.6810844199978321,cgreGFP_to_artificial,43,aubin_linear
iterative_fancy,8,768,5382,0.3374140418078915,0.5808735161873809,0.2674769359178646,0.6454750589961162,0.443181326023027,0.6299642529909418,cgreGFP_to_artificial,43,aubin_linear
iterative_fancy,9,864,5382,0.33369679582020045,0.5776649511786226,0.2755470458820515,0.6724815125563017,0.4696113961724885,0.6600346786569196,cgreGFP_to_artificial,43,aubin_linear
iterative_fancy,10,960,5382,0.35436165111012896,0.5952828328703331,0.23068381779976865,0.6685345764100009,0.466086940433609,0.6540748354974029,cgreGFP_to_artificial,43,aubin_linear
iterative_random,1,96,5382,0.29434779233842157,0.5425382865184922,0.3609734034948222,0.7163300599514851,0.5084327966688417,0.7005919895246431,cgreGFP_to_artificial,43,aubin_linear
iterative_random,2,192,5382,0.27860292123738806,0.5278284960452477,0.3951553870326442,0.7176804329430801,0.5083637238683514,0.7001697098862909,cgreGFP_to_artificial,43,aubin_linear
iterative_random,3,288,5382,0.2642399846965188,0.514042784889078,0.4263372021929187,0.7217791379179147,0.5121859363562813,0.7028732414105152,cgreGFP_to_artificial,43,aubin_linear
iterative_random,4,384,5382,0.25678664689154707,0.50674120307268,0.4425183362597862,0.7266979981868668,0.5171170078714463,0.6992656431197848,cgreGFP_to_artificial,43,aubin_linear
iterative_random,5,480,5382,0.2596718059288304,0.5095800289736936,0.43625468010893054,0.7296778691476508,0.5200590793320724,0.7034017603660503,cgreGFP_to_artificial,43,aubin_linear
iterative_random,6,576,5382,0.25033111857247103,0.5003310090055093,0.4565332342741698,0.7234449540609613,0.5140598459328727,0.7070683040904799,cgreGFP_to_artificial,43,aubin_linear
iterative_random,7,672,5382,0.25604822252523146,0.506012077449967,0.44412144938604536,0.7232540536065021,0.5139979567079075,0.7039737850717052,cgreGFP_to_artificial,43,aubin_linear
iterative_random,8,768,5382,0.2488633059533486,0.4988620109342348,0.45971984319979997,0.7378492252758699,0.5266975282708158,0.7143322199763351,cgreGFP_to_artificial,43,aubin_linear
iterative_random,9,864,5382,0.24334124632746962,0.49329630682528897,0.47170818848477836,0.7416864687305473,0.5325123024227866,0.7096226522789922,cgreGFP_to_artificial,43,aubin_linear
iterative_random,10,960,5382,0.24894399060706585,0.4989428730897615,0.45954467749107997,0.7342332140368555,0.5246499850591508,0.7085441419958001,cgreGFP_to_artificial,43,aubin_linear
source_only,0,0,5382,1.3349773897527961,1.1554122163768203,-1.8982247531324226,0.7479994823858123,0.5466530754583198,0.786438226999906,cgreGFP_to_artificial,43,mlp_small
oneshot_fancy,1,960,5382,0.1729334936181002,0.4158527306849147,0.6245628310285798,0.7562419950602507,0.5613898076399291,0.7965696073696847,cgreGFP_to_artificial,43,mlp_small
oneshot_random,1,960,5382,0.14252551681643535,0.3775255180996847,0.6905782944631934,0.7761830758849472,0.5812623286321835,0.8350919496794454,cgreGFP_to_artificial,43,mlp_small
iterative_fancy,1,96,5382,0.33427630279811205,0.5781663279698257,0.27428894107751445,0.7490865833315342,0.5451630872031523,0.8032930135733362,cgreGFP_to_artificial,43,mlp_small
iterative_fancy,2,192,5382,0.4407433444618596,0.6638850385886548,0.043149883658877175,0.7352414050245685,0.530573530283596,0.7804559804015819,cgreGFP_to_artificial,43,mlp_small
iterative_fancy,3,288,5382,0.24342555787407327,0.4933817567300936,0.47152514882192176,0.7615526994704447,0.564176303595581,0.8152052696027061,cgreGFP_to_artificial,43,mlp_small
iterative_fancy,4,384,5382,0.18493917228392937,0.4300455467551424,0.5984986030090303,0.7660339681020482,0.5661126903507996,0.8186155558663532,cgreGFP_to_artificial,43,mlp_small
iterative_fancy,5,480,5382,0.19280761705508975,0.4390986416001418,0.5814162751887402,0.7644467687251523,0.571417974422544,0.8275279471765826,cgreGFP_to_artificial,43,mlp_small
iterative_fancy,6,576,5382,0.17600168761061,0.4195255506052164,0.6179018075200464,0.7690118611039706,0.5759433483319849,0.8319083246927006,cgreGFP_to_artificial,43,mlp_small
iterative_fancy,7,672,5382,0.17964531127299926,0.4238458579165299,0.6099915310086284,0.7609038727830422,0.5765843041461791,0.8262145308728359,cgreGFP_to_artificial,43,mlp_small
iterative_fancy,8,768,5382,0.15399662617961257,0.39242403873821563,0.6656746119308581,0.7763374305033595,0.5828927719606181,0.8376780392611585,cgreGFP_to_artificial,43,mlp_small
iterative_fancy,9,864,5382,0.16420482229892655,0.40522194202551093,0.6435127034933642,0.7668716184623088,0.5713475201611783,0.8189061296161579,cgreGFP_to_artificial,43,mlp_small
iterative_fancy,10,960,5382,0.13657732719646817,0.3695636984289287,0.703491764403015,0.776442430991028,0.5838817073723759,0.8405752253917642,cgreGFP_to_artificial,43,mlp_small
iterative_random,1,96,5382,0.20496779301863957,0.4527336888487973,0.5550166348273915,0.7657946259281367,0.5615531454228018,0.8244054622593268,cgreGFP_to_artificial,43,mlp_small
iterative_random,2,192,5382,0.21013060582578938,0.458400049984497,0.5438082113826757,0.7652851486841202,0.5720629367716866,0.8138715888934926,cgreGFP_to_artificial,43,mlp_small
iterative_random,3,288,5382,0.16527977469029015,0.4065461532105428,0.6411789908380017,0.7661956308065678,0.579922690690311,0.8205547671983191,cgreGFP_to_artificial,43,mlp_small
iterative_random,4,384,5382,0.16162934447382477,0.402031521741548,0.6491040443214181,0.7713255246869181,0.569235283882467,0.8349365058567924,cgreGFP_to_artificial,43,mlp_small
iterative_random,5,480,5382,0.14674249847501294,0.38306983498444896,0.681423262535156,0.7716151604039713,0.5819620850789484,0.830302244217727,cgreGFP_to_artificial,43,mlp_small
iterative_random,6,576,5382,0.14149508559435706,0.3761583251695449,0.6928153520322214,0.7706785034253121,0.5715570969179757,0.8376335746103046,cgreGFP_to_artificial,43,mlp_small
iterative_random,7,672,5382,0.16315694066195488,0.40392690014649296,0.6457876457672453,0.7663848329555168,0.5732444565089044,0.8222210235906128,cgreGFP_to_artificial,43,mlp_small
iterative_random,8,768,5382,0.15416162009665652,0.39263420647806085,0.6653164115162566,0.7701161200736395,0.570469427264376,0.8301585007586074,cgreGFP_to_artificial,43,mlp_small
iterative_random,9,864,5382,0.13560917690818503,0.3682515131105167,0.7055936105854241,0.7737624300607076,0.5756543571559805,0.8401814539906824,cgreGFP_to_artificial,43,mlp_small
iterative_random,10,960,5382,0.16065268116046916,0.4008150211262911,0.6512243722100932,0.7598899632728419,0.5627698433291275,0.8096802177400247,cgreGFP_to_artificial,43,mlp_small
source_only,0,0,5382,2.108533147659924,1.4520789054524288,-3.5776078368486948,0.7438400295710089,0.5457874931313428,0.7207746970597514,cgreGFP_to_artificial,44,aubin_1_10_1
oneshot_fancy,1,960,5382,0.8808872506149834,0.9385559389908432,-0.9123988571251094,0.3528039241505924,0.23759723655381243,0.26276222606463207,cgreGFP_to_artificial,44,aubin_1_10_1
oneshot_random,1,960,5382,0.2714224583392868,0.5209822053960066,0.4107441119578503,0.6769818415637092,0.48672334992623256,0.6769413109380611,cgreGFP_to_artificial,44,aubin_1_10_1
iterative_fancy,1,96,5382,0.827517718853817,0.9096800090437389,-0.796534049825308,0.24370287314734965,0.1580576317886342,0.264192783610512,cgreGFP_to_artificial,44,aubin_1_10_1
iterative_fancy,2,192,5382,0.5687105824416154,0.7541290224103667,-0.23466592022645538,0.27875614085687206,0.17459288524700672,0.4088884641116787,cgreGFP_to_artificial,44,aubin_1_10_1
iterative_fancy,3,288,5382,0.5644237587806367,0.7512814111773541,-0.22535926189506372,0.30693416512446675,0.20202958500024962,0.396402880098192,cgreGFP_to_artificial,44,aubin_1_10_1
iterative_fancy,4,384,5382,0.5397874506095268,0.734702287058865,-0.17187404280792173,0.3146286955343625,0.20959074234889855,0.40141236688346676,cgreGFP_to_artificial,44,aubin_1_10_1
iterative_fancy,5,480,5382,0.523823962841837,0.7237568395820775,-0.13721744431436034,0.4588490966514698,0.31184580645663507,0.5306769947547724,cgreGFP_to_artificial,44,aubin_1_10_1
iterative_fancy,6,576,5382,0.512191124028439,0.7156752923137971,-0.11196264849760662,0.46684536364525553,0.31929047132133226,0.4933770328441676,cgreGFP_to_artificial,44,aubin_1_10_1
iterative_fancy,7,672,5382,0.478359229871985,0.6916351855364105,-0.038513889108694466,0.7318395018686729,0.5408459764948077,0.5288801951483413,cgreGFP_to_artificial,44,aubin_1_10_1
iterative_fancy,8,768,5382,0.4934205557473673,0.7024390050014074,-0.07121190167586611,0.668097351991292,0.48919896114478945,0.5742816288166187,cgreGFP_to_artificial,44,aubin_1_10_1
iterative_fancy,9,864,5382,0.4618886959393632,0.6796239371441851,-0.002756497629823551,0.6761414547935749,0.4935329698086446,0.6293983838576712,cgreGFP_to_artificial,44,aubin_1_10_1
iterative_fancy,10,960,5382,0.4479402083281412,0.6692833542888551,0.027525552368858786,0.7427085889937235,0.5605408865986761,0.6261646571028697,cgreGFP_to_artificial,44,aubin_1_10_1
iterative_random,1,96,5382,0.5669837332587992,0.7529832224284942,-0.23091694508651606,0.5217883578446899,0.3550804879891655,0.5902668093263469,cgreGFP_to_artificial,44,aubin_1_10_1
iterative_random,2,192,5382,0.5447065400129955,0.7380423700662418,-0.18255334478070218,0.6323642996670876,0.45031745857628475,0.6697465589097047,cgreGFP_to_artificial,44,aubin_1_10_1
iterative_random,3,288,5382,0.5210095918746933,0.7218099416568695,-0.13110746847201038,0.4977987572135241,0.3373256135862913,0.5666706367123835,cgreGFP_to_artificial,44,aubin_1_10_1
iterative_random,4,384,5382,0.4992695893591465,0.7065901141108234,-0.08391010475082683,0.5755213235076809,0.4003302449946102,0.5928157182624263,cgreGFP_to_artificial,44,aubin_1_10_1
iterative_random,5,480,5382,0.4933474456385991,0.7023869628905416,-0.07105318024090956,0.6654827558443889,0.4769812364488996,0.6600286966509723,cgreGFP_to_artificial,44,aubin_1_10_1
iterative_random,6,576,5382,0.5113652585564163,0.7150980761800554,-0.11016970146183946,0.5264173586465243,0.3641463980633868,0.5880882861833586,cgreGFP_to_artificial,44,aubin_1_10_1
iterative_random,7,672,5382,0.49966404648824714,0.7068691862630929,-0.08476646788055797,0.7277468162191122,0.533071398414079,0.6126685541251068,cgreGFP_to_artificial,44,aubin_1_10_1
iterative_random,8,768,5382,0.47245098507411964,0.6873507002063209,-0.02568713904372899,0.5932017220087789,0.417374491614082,0.5991861542887529,cgreGFP_to_artificial,44,aubin_1_10_1
iterative_random,9,864,5382,0.4866853441891778,0.6976283711183038,-0.05658981368743721,0.6242912444315721,0.4468656560758774,0.6641292651700428,cgreGFP_to_artificial,44,aubin_1_10_1
iterative_random,10,960,5382,0.2739282191276207,0.5233815234870455,0.4053041262338054,0.6932003611646521,0.5050970813556386,0.7065262861955697,cgreGFP_to_artificial,44,aubin_1_10_1
source_only,0,0,5382,4.954299949705019,2.2258256781933796,-9.755743774309666,0.5689469767074402,0.4079901975746989,0.5417916106043694,cgreGFP_to_artificial,44,aubin_linear
oneshot_fancy,1,960,5382,1.01713127169958,1.0085292616972399,-1.2081834879395625,0.3203288439276606,0.20450335690195906,0.388690297617439,cgreGFP_to_artificial,44,aubin_linear
oneshot_random,1,960,5382,0.24528108797660197,0.4952586071706397,0.4674968084810214,0.7402807873582485,0.5320999010288301,0.7053143450761357,cgreGFP_to_artificial,44,aubin_linear
iterative_fancy,1,96,5382,1.8427287437700637,1.357471452285485,-3.000548698050957,0.45272670121431274,0.3222610156529996,0.4927401873094286,cgreGFP_to_artificial,44,aubin_linear
iterative_fancy,2,192,5382,1.2591196903381878,1.1221050264294283,-1.7335383218515097,0.15854973880759696,0.10467229297914606,0.23531919080372682,cgreGFP_to_artificial,44,aubin_linear
iterative_fancy,3,288,5382,0.37241436703011244,0.6102576234920072,0.19149152245291456,0.6757931127623229,0.4703807818550213,0.6545022675005698,cgreGFP_to_artificial,44,aubin_linear
iterative_fancy,4,384,5382,0.36977641051267435,0.6080924358291874,0.19721850399972707,0.6796460466503645,0.47579097783941005,0.664789520020102,cgreGFP_to_artificial,44,aubin_linear
iterative_fancy,5,480,5382,0.36691233176211235,0.605732888129836,0.20343639502433575,0.6857431276077666,0.4792623529049781,0.6641942021526488,cgreGFP_to_artificial,44,aubin_linear
iterative_fancy,6,576,5382,0.3811296045825029,0.617356950703969,0.1725708145835143,0.6221328588621515,0.42480229648835,0.6201273175158689,cgreGFP_to_artificial,44,aubin_linear
iterative_fancy,7,672,5382,0.3860141909880547,0.6213004031771222,0.16196641833077652,0.6673889664658634,0.46387463481514024,0.6570405970045835,cgreGFP_to_artificial,44,aubin_linear
iterative_fancy,8,768,5382,0.3291803455565127,0.573742403484798,0.2853522216483132,0.6825297634808427,0.47681641292032895,0.6679046722282977,cgreGFP_to_artificial,44,aubin_linear
iterative_fancy,9,864,5382,0.35993201216029197,0.5999433407916884,0.21859061052645556,0.6684127850894336,0.4639706880452616,0.6512634584680508,cgreGFP_to_artificial,44,aubin_linear
iterative_fancy,10,960,5382,0.3746228417475474,0.612064409803043,0.1866969423035667,0.6726910041052749,0.4675545786085711,0.6560870035463625,cgreGFP_to_artificial,44,aubin_linear
iterative_random,1,96,5382,0.30187467852319816,0.5494312318418003,0.34463259651024136,0.7006577117978688,0.49285035327904503,0.6985893953105822,cgreGFP_to_artificial,44,aubin_linear
iterative_random,2,192,5382,0.2761537665327349,0.5255033458815794,0.4004724814222286,0.7208066887306894,0.511814099798432,0.7093860380892987,cgreGFP_to_artificial,44,aubin_linear
iterative_random,3,288,5382,0.2644943778400867,0.5142901689125379,0.42578491680488506,0.7222338503576229,0.5135398659266914,0.7055322194005773,cgreGFP_to_artificial,44,aubin_linear
iterative_random,4,384,5382,0.2577682495561233,0.507708823594906,0.4403872850809025,0.7197167108858481,0.5115143591795752,0.6988398721641369,cgreGFP_to_artificial,44,aubin_linear
iterative_random,5,480,5382,0.2531009232877268,0.5030913667394092,0.4505200113921076,0.7194999735753811,0.5110274987736098,0.6994110408594114,cgreGFP_to_artificial,44,aubin_linear
iterative_random,6,576,5382,0.25190648195581217,0.5019028610755394,0.4531131335385138,0.7295020784114084,0.5195441747799824,0.7079869812483917,cgreGFP_to_artificial,44,aubin_linear
iterative_random,7,672,5382,0.25970641643593295,0.5096139876768817,0.43617954098734457,0.7259301374598721,0.5174346760537128,0.6961575125694563,cgreGFP_to_artificial,44,aubin_linear
iterative_random,8,768,5382,0.250823530468368,0.5008228533806819,0.4554642121645971,0.7392064586362359,0.5312569365716467,0.7027982585258417,cgreGFP_to_artificial,44,aubin_linear
iterative_random,9,864,5382,0.25426485273456595,0.5042468172775768,0.4479931302931298,0.7314090323872535,0.5218348540023691,0.7073710271274014,cgreGFP_to_artificial,44,aubin_linear
iterative_random,10,960,5382,0.25026237883173624,0.500262310025187,0.4566824676766609,0.7286070689582399,0.5190900390564864,0.7056662318866787,cgreGFP_to_artificial,44,aubin_linear
source_only,0,0,5382,1.3847492918799857,1.1767537090997358,-2.006279136571993,0.749441650404852,0.5509713308986798,0.7840087007254564,cgreGFP_to_artificial,44,mlp_small
oneshot_fancy,1,960,5382,0.4609772234188609,0.6789530347666626,-0.0007776984074570059,0.6208294462925142,0.4163385296608227,0.6455962818637149,cgreGFP_to_artificial,44,mlp_small
oneshot_random,1,960,5382,0.14736418775065874,0.3838804341857745,0.6800735803148696,0.7643454623434633,0.5634415461056922,0.8248057087129073,cgreGFP_to_artificial,44,mlp_small
iterative_fancy,1,96,5382,0.7343152699798137,0.8569219742659268,-0.5941923124650856,0.6127371086451426,0.4104385522299594,0.6409030210808128,cgreGFP_to_artificial,44,mlp_small
iterative_fancy,2,192,5382,0.6460212819838658,0.8037544911127189,-0.4025068026378229,0.6076393579760697,0.40246448350548153,0.6342995910457356,cgreGFP_to_artificial,44,mlp_small
iterative_fancy,3,288,5382,0.6453004245757608,0.8033059346075819,-0.40094182723098415,0.6053244334936636,0.40052795847093614,0.6306479148946058,cgreGFP_to_artificial,44,mlp_small
iterative_fancy,4,384,5382,0.41630316450825516,0.6452155953696835,0.09620931002538935,0.635256464063783,0.428531398969984,0.6538426244469531,cgreGFP_to_artificial,44,mlp_small
iterative_fancy,5,480,5382,0.19918585073186465,0.44630242071028997,0.5675691831966319,0.740179960215561,0.5348818771413765,0.7881274002630981,cgreGFP_to_artificial,44,mlp_small
iterative_fancy,6,576,5382,0.24502342388759674,0.49499840796470923,0.4680561950642552,0.7387203001135891,0.5272244664790243,0.7898079187855237,cgreGFP_to_artificial,44,mlp_small
iterative_fancy,7,672,5382,0.2104302148076053,0.45872673217025983,0.5431577627877969,0.7381678893944078,0.5308775887513542,0.7880863115682832,cgreGFP_to_artificial,44,mlp_small
iterative_fancy,8,768,5382,0.1709607616119902,0.41347401564305125,0.6288456157223816,0.7606039243180421,0.5553675765602845,0.7981462918819753,cgreGFP_to_artificial,44,mlp_small
iterative_fancy,9,864,5382,0.17273340047851726,0.4156120793221935,0.6249972315618942,0.7731037383614862,0.576727008551992,0.8200294949697884,cgreGFP_to_artificial,44,mlp_small
iterative_fancy,10,960,5382,0.23199339503417182,0.48165692669593346,0.49634427877780685,0.7510177701253006,0.5441748814367582,0.8011941058036506,cgreGFP_to_artificial,44,mlp_small
iterative_random,1,96,5382,0.17688299782244007,0.4205746043479564,0.6159884904176591,0.7526352802019878,0.5461550228323996,0.8015039936337838,cgreGFP_to_artificial,44,mlp_small
iterative_random,2,192,5382,0.1675831705927433,0.40936923503451417,0.6361783375894926,0.7582988553311951,0.5514523038333929,0.8147448759059885,cgreGFP_to_artificial,44,mlp_small
iterative_random,3,288,5382,0.14953907797995108,0.3867028290301884,0.6753519118085227,0.7704048150137024,0.5754609930623276,0.8294996730487183,cgreGFP_to_artificial,44,mlp_small
iterative_random,4,384,5382,0.15224134341732862,0.3901811674303728,0.6694853161341255,0.759267425729666,0.5578721676757948,0.8206385135665806,cgreGFP_to_artificial,44,mlp_small
iterative_random,5,480,5382,0.1465256653643965,0.38278671001537723,0.6818940054056428,0.7599213696764748,0.5544162177024307,0.8284914174031445,cgreGFP_to_artificial,44,mlp_small
iterative_random,6,576,5382,0.17571535817518405,0.41918415782944857,0.6185234263307258,0.7672262286575071,0.5696270647933199,0.8274667017294267,cgreGFP_to_artificial,44,mlp_small
iterative_random,7,672,5382,0.138672602554427,0.37238770462305415,0.6989429391167761,0.7706177409811584,0.5695881470706544,0.8384102507935502,cgreGFP_to_artificial,44,mlp_small
iterative_random,8,768,5382,0.14012081720056613,0.3743271526359878,0.6957988772266593,0.7694097666394883,0.5711617242216214,0.8359467763070605,cgreGFP_to_artificial,44,mlp_small
iterative_random,9,864,5382,0.13534491446017805,0.3678925311285594,0.7061673221508905,0.7740610948621515,0.5814001087935644,0.8410359692007066,cgreGFP_to_artificial,44,mlp_small
iterative_random,10,960,5382,0.1351777951436464,0.36766533035308946,0.7065301367900121,0.7756948790805571,0.5811861212650344,0.840630535329796,cgreGFP_to_artificial,44,mlp_small
source_only,0,0,5382,2.049371325069155,1.4315625466842707,-3.4491680145796844,0.6240401741357999,0.41948876422358355,0.6644834171369112,cgreGFP_to_artificial,45,aubin_1_10_1
oneshot_fancy,1,960,5382,0.8365044253423092,0.9146061585963158,-0.8160441144855843,0.32812577655224,0.21627307278001762,0.2622670290645476,cgreGFP_to_artificial,45,aubin_1_10_1
oneshot_random,1,960,5382,0.439444994277993,0.6629064747594438,0.04596859105422335,0.7054508316148159,0.5172132010686529,0.6444458313575474,cgreGFP_to_artificial,45,aubin_1_10_1
iterative_fancy,1,96,5382,0.9126718363501752,0.9553385977496017,-0.9814029270463618,0.26942156988411303,0.17614814909109683,0.23808060598573166,cgreGFP_to_artificial,45,aubin_1_10_1
iterative_fancy,2,192,5382,0.5264559265729332,0.7255728265122208,-0.1429314155721224,0.5424959616635342,0.3771467459122001,0.5804044542964908,cgreGFP_to_artificial,45,aubin_1_10_1
iterative_fancy,3,288,5382,0.5236378785907619,0.7236282737640659,-0.13681345696088631,0.4618950933489292,0.3074207078771024,0.5223989488359113,cgreGFP_to_artificial,45,aubin_1_10_1
iterative_fancy,4,384,5382,0.5168388495303131,0.7189150502878021,-0.12205282170854814,0.643840446642321,0.4555623648832838,0.5580687958072368,cgreGFP_to_artificial,45,aubin_1_10_1
iterative_fancy,5,480,5382,0.508586670403024,0.7131526277053348,-0.10413740980900976,0.5329876674954519,0.3703352288858569,0.5211163659790159,cgreGFP_to_artificial,45,aubin_1_10_1
iterative_fancy,6,576,5382,0.4666679838081722,0.6831310151121615,-0.013132291639557758,0.7359263027922043,0.547048976831296,0.7015017945586702,cgreGFP_to_artificial,45,aubin_1_10_1
iterative_fancy,7,672,5382,0.5215941778185086,0.7222147726393504,-0.13237659966906556,0.4432518176175213,0.30383755893697956,0.5457065975795126,cgreGFP_to_artificial,45,aubin_1_10_1
iterative_fancy,8,768,5382,0.4046042154847765,0.6360850693773408,0.12160763055556623,0.5412887182957167,0.39602209005275774,0.5700226272691502,cgreGFP_to_artificial,45,aubin_1_10_1
iterative_fancy,9,864,5382,0.36888867662927033,0.6073620638706951,0.19914576683940133,0.6749869109933754,0.4973826330933916,0.6634791673178775,cgreGFP_to_artificial,45,aubin_1_10_1
iterative_fancy,10,960,5382,0.3568187142723334,0.5973430457219147,0.22534955421495295,0.6843441722107385,0.5048185798144452,0.7133949628559952,cgreGFP_to_artificial,45,aubin_1_10_1
iterative_random,1,96,5382,0.5665643127386505,0.7527046650171968,-0.23000638664350603,0.5484662966887038,0.3767606043913466,0.5806259571727062,cgreGFP_to_artificial,45,aubin_1_10_1
iterative_random,2,192,5382,0.5540462919106008,0.7443428591117139,-0.20282986807280645,0.6611014628347998,0.4688677562763917,0.6916531161329621,cgreGFP_to_artificial,45,aubin_1_10_1
iterative_random,3,288,5382,0.553495893903397,0.7439730464898557,-0.20163495860033365,0.5483930442208964,0.38136857190560364,0.6156863342337504,cgreGFP_to_artificial,45,aubin_1_10_1
iterative_random,4,384,5382,0.2908937103123977,0.5393456315873872,0.3684721866982036,0.7051126411788524,0.511924102313526,0.707153314643576,cgreGFP_to_artificial,45,aubin_1_10_1
iterative_random,5,480,5382,0.28740627148718134,0.5361028553245929,0.3760433872337787,0.6756614446042051,0.49080441450303414,0.6849165475005293,cgreGFP_to_artificial,45,aubin_1_10_1
iterative_random,6,576,5382,0.5045914217724055,0.7103459873698207,-0.09546375843104804,0.5803368518555552,0.4056589768394941,0.6122172120223826,cgreGFP_to_artificial,45,aubin_1_10_1
iterative_random,7,672,5382,0.28739134150493323,0.5360889305935473,0.37607580010042907,0.6805521414440906,0.4951988789543702,0.6665251626936834,cgreGFP_to_artificial,45,aubin_1_10_1
iterative_random,8,768,5382,0.4369523656437115,0.6610237254771658,0.05138006698160147,0.7446577871844565,0.5523648447450341,0.7603657530365611,cgreGFP_to_artificial,45,aubin_1_10_1
iterative_random,9,864,5382,0.39592065501726653,0.6292222620165838,0.1404595677385022,0.7508110128229256,0.552413122108408,0.7490774823031577,cgreGFP_to_artificial,45,aubin_1_10_1
iterative_random,10,960,5382,0.43353956357838497,0.6584372130874628,0.058789231735397296,0.6920442990077101,0.5046708767880321,0.714632844213506,cgreGFP_to_artificial,45,aubin_1_10_1
source_only,0,0,5382,4.899517364027676,2.2134853430794785,-9.636811238770562,0.5570558152335069,0.4011323177732335,0.5279144447351067,cgreGFP_to_artificial,45,aubin_linear
oneshot_fancy,1,960,5382,0.3139164530411713,0.5602824761146571,0.31849000469743816,0.6588960941172253,0.4621960697163425,0.6621977550624001,cgreGFP_to_artificial,45,aubin_linear
oneshot_random,1,960,5382,0.2656892317243858,0.5154505133612594,0.42319089901070106,0.7328670672332516,0.5251535257747248,0.700246313275137,cgreGFP_to_artificial,45,aubin_linear
iterative_fancy,1,96,5382,0.635296915472916,0.7970551520898137,-0.37922429259512125,0.6596084606010766,0.4660924984455668,0.6809235789695617,cgreGFP_to_artificial,45,aubin_linear
iterative_fancy,2,192,5382,0.4005535483501658,0.6328929991318958,0.13040159504241233,0.6286259099273348,0.43140717604489603,0.6275472683055705,cgreGFP_to_artificial,45,aubin_linear
iterative_fancy,3,288,5382,0.3992433941483955,0.6318570994682227,0.1332459288619493,0.675766035105577,0.47335306977504676,0.6719145368564516,cgreGFP_to_artificial,45,aubin_linear
iterative_fancy,4,384,5382,0.3363141291905018,0.5799259687154058,0.2698648370152694,0.6933049214927562,0.4877259621605185,0.6780005686763682,cgreGFP_to_artificial,45,aubin_linear
iterative_fancy,5,480,5382,0.38461343166134954,0.6201720984221634,0.16500745511911474,0.6806005054701365,0.4769855228098416,0.6685703759745047,cgreGFP_to_artificial,45,aubin_linear
iterative_fancy,6,576,5382,0.3713466722699728,0.609382205409686,0.19380947885156163,0.6908632405713642,0.4846454721666319,0.6712742009594993,cgreGFP_to_artificial,45,aubin_linear
iterative_fancy,7,672,5382,0.418252888352393,0.6467247392456802,0.0919764758588878,0.6610772180518155,0.4599664847488291,0.6519992624356618,cgreGFP_to_artificial,45,aubin_linear
iterative_fancy,8,768,5382,0.38218176349218247,0.6182085113391618,0.17028658638634098,0.633201854453645,0.4356965971034549,0.6308859539950009,cgreGFP_to_artificial,45,aubin_linear
iterative_fancy,9,864,5382,0.3517170530971944,0.5930573775758923,0.23642521797778293,0.6704900379838944,0.46607096852393626,0.6516854885850011,cgreGFP_to_artificial,45,aubin_linear
iterative_fancy,10,960,5382,0.35615053075523556,0.5967834873345906,0.22680017504475336,0.6827798217571848,0.4789157592274503,0.6662994290363136,cgreGFP_to_artificial,45,aubin_linear
iterative_random,1,96,5382,0.3078444003388257,0.5548372737468399,0.331672380353644,0.7249424621117067,0.5152544777264563,0.70682301148433,cgreGFP_to_artificial,45,aubin_linear
iterative_random,2,192,5382,0.26771990387939076,0.5174165670708571,0.4187823267380112,0.7366514633749428,0.5259875107678444,0.7089063958063255,cgreGFP_to_artificial,45,aubin_linear
iterative_random,3,288,5382,0.24836736558283495,0.49836469134844913,0.46079652559826856,0.727922340458537,0.5182979633565681,0.7029318466470755,cgreGFP_to_artificial,45,aubin_linear
iterative_random,4,384,5382,0.260442860366687,0.5103360269143136,0.43458072737013365,0.7392490530690974,0.5327030079345141,0.696132289529455,cgreGFP_to_artificial,45,aubin_linear
iterative_random,5,480,5382,0.2526453753848438,0.5026384141555874,0.4515090020810193,0.7357894004905854,0.5269278314843528,0.7016201063889023,cgreGFP_to_artificial,45,aubin_linear
iterative_random,6,576,5382,0.2493308791692213,0.4993304308463698,0.4587047456569159,0.7362381743297121,0.5271061265709446,0.7041710205085139,cgreGFP_to_artificial,45,aubin_linear
iterative_random,7,672,5382,0.2515715973383089,0.50156913515318,0.45384016524357584,0.719371555755819,0.5104167056445233,0.7005870011178537,cgreGFP_to_artificial,45,aubin_linear
iterative_random,8,768,5382,0.24624727903594484,0.4962330894206319,0.46539921576826293,0.7402892061826527,0.5318770721744485,0.70269556389372,cgreGFP_to_artificial,45,aubin_linear
iterative_random,9,864,5382,0.24505790783028597,0.49503323911661323,0.46798133071295267,0.7339748246908339,0.525056307531757,0.7013027953491785,cgreGFP_to_artificial,45,aubin_linear
iterative_random,10,960,5382,0.2486437618615377,0.4986419174733886,0.460196471587797,0.7217732956976264,0.5136615721927503,0.6985175866374573,cgreGFP_to_artificial,45,aubin_linear
source_only,0,0,5382,1.5293253998734564,1.2366589666813792,-2.3201526584118004,0.7415907586974833,0.5470045178793495,0.7651223424389804,cgreGFP_to_artificial,45,mlp_small
oneshot_fancy,1,960,5382,0.6363669526504103,0.7977261138074961,-0.3815473343622633,0.6340072006441818,0.4268589244546326,0.6684452500744258,cgreGFP_to_artificial,45,mlp_small
oneshot_random,1,960,5382,0.1384296589361811,0.37206136447658883,0.6994703676810503,0.7735195180132902,0.5775704857048571,0.8395789440634773,cgreGFP_to_artificial,45,mlp_small
iterative_fancy,1,96,5382,0.8675436676190271,0.9314202422210004,-0.8834300499893433,0.622986922036168,0.43255718407605825,0.6608962964209799,cgreGFP_to_artificial,45,mlp_small
iterative_fancy,2,192,5382,0.3255359622076112,0.5705575888616427,0.2932641474327984,0.7335233678926019,0.5318385662802766,0.7700433274818177,cgreGFP_to_artificial,45,mlp_small
iterative_fancy,3,288,5382,0.2630964001137832,0.5129292349961964,0.42881991476200476,0.7124246194573007,0.5114754535304383,0.7469181772091367,cgreGFP_to_artificial,45,mlp_small
iterative_fancy,4,384,5382,0.21436407335128957,0.46299467961445256,0.5346173887753662,0.7462200326857944,0.5432975562144919,0.7937780053353816,cgreGFP_to_artificial,45,mlp_small
iterative_fancy,5,480,5382,0.2309304295486012,0.48055221313464075,0.49865196796089983,0.7593582320823442,0.556271601404317,0.809961332645958,cgreGFP_to_artificial,45,mlp_small
iterative_fancy,6,576,5382,0.1909494999765282,0.4369776881907453,0.5854502318329816,0.7577823826363507,0.5529420659943671,0.8102854498289807,cgreGFP_to_artificial,45,mlp_small
iterative_fancy,7,672,5382,0.14032919382494147,0.3746053841376836,0.6953464933171082,0.7729609614254199,0.5758837678036067,0.8368724749025114,cgreGFP_to_artificial,45,mlp_small
iterative_fancy,8,768,5382,0.13980793165419556,0.3739089884640319,0.6964781491321981,0.7732045935852702,0.577739112348392,0.8361117369548781,cgreGFP_to_artificial,45,mlp_small
iterative_fancy,9,864,5382,0.14641439557145097,0.38264134064610816,0.6821355711959446,0.7628414743116464,0.5657211752744812,0.8298253375607627,cgreGFP_to_artificial,45,mlp_small
iterative_fancy,10,960,5382,0.1351077322102632,0.3675700371497427,0.7066822428326813,0.7733316606049618,0.5775021834011018,0.8441407676757684,cgreGFP_to_artificial,45,mlp_small
iterative_random,1,96,5382,0.18475181062981927,0.42982765223961483,0.5989053635938146,0.7619475994746508,0.555386728904045,0.8156196559962321,cgreGFP_to_artificial,45,mlp_small
iterative_random,2,192,5382,0.15389737019995847,0.3922975531404172,0.6658900958329361,0.7682687270489973,0.5654305274202674,0.8217104720663234,cgreGFP_to_artificial,45,mlp_small
iterative_random,3,288,5382,0.1571756801447066,0.39645388148523225,0.6587729123486012,0.7585614008700207,0.5514022951258379,0.8147568278245598,cgreGFP_to_artificial,45,mlp_small
iterative_random,4,384,5382,0.17388846541488073,0.4169993590101557,0.6224895952410545,0.7621242947815953,0.5706141544845648,0.8076959905918281,cgreGFP_to_artificial,45,mlp_small
iterative_random,5,480,5382,0.1545916014362964,0.3931813849056138,0.6643829256224167,0.7702562464667231,0.5712919955188479,0.8289227338402566,cgreGFP_to_artificial,45,mlp_small
iterative_random,6,576,5382,0.14371503659418028,0.3790976610244124,0.6879958569697469,0.7716974208170785,0.5737202695466503,0.8311422204161183,cgreGFP_to_artificial,45,mlp_small
iterative_random,7,672,5382,0.163893291669949,0.4048373644686827,0.6441890338845693,0.7724707688297628,0.5769629213937029,0.8334096937821447,cgreGFP_to_artificial,45,mlp_small
iterative_random,8,768,5382,0.13999550583826725,0.3741597330529666,0.6960709271466439,0.7742947598163116,0.5801576273012479,0.8359045632538561,cgreGFP_to_artificial,45,mlp_small
iterative_random,9,864,5382,0.1550092842076591,0.39371218447954986,0.6634761398174942,0.7649510100192471,0.5672480099951104,0.8192545000551361,cgreGFP_to_artificial,45,mlp_small
iterative_random,10,960,5382,0.14294705865119464,0.3780834017134244,0.6896631306638976,0.7740221723139333,0.5756953863980551,0.8387222214593374,cgreGFP_to_artificial,45,mlp_small
source_only,0,0,5382,1.9097766177671984,1.3819466768899582,-3.146109071998101,0.6950165268964571,0.4803237229528364,0.7267002582475218,cgreGFP_to_artificial,46,aubin_1_10_1
oneshot_fancy,1,960,5382,0.8703791659188342,0.9329411374351729,-0.8895858930942873,0.3010202114020257,0.1989797077419908,0.231598837108759,cgreGFP_to_artificial,46,aubin_1_10_1
oneshot_random,1,960,5382,0.4456615375830939,0.6675788624448006,0.03247252750733476,0.6647778865617551,0.4784853592062335,0.6686487895057751,cgreGFP_to_artificial,46,aubin_1_10_1
iterative_fancy,1,96,5382,0.9979726737918315,0.9989858226180347,-1.1665903320421211,0.37782176226150715,0.2631357453712651,0.42249633160208644,cgreGFP_to_artificial,46,aubin_1_10_1
iterative_fancy,2,192,5382,0.5620295771268171,0.749686319154096,-0.22016151353928026,0.3059814822978216,0.1963997444860366,0.437658353162896,cgreGFP_to_artificial,46,aubin_1_10_1
iterative_fancy,3,288,5382,0.5326572386540434,0.72983370616466,-0.1563944122590557,0.4984734185655396,0.3424376835018881,0.5940932435577582,cgreGFP_to_artificial,46,aubin_1_10_1
iterative_fancy,4,384,5382,0.5467252120966897,0.7394086908447112,-0.18693586499889348,0.3737726436447236,0.24515352516114786,0.48770609829781875,cgreGFP_to_artificial,46,aubin_1_10_1
iterative_fancy,5,480,5382,0.5243585967953998,0.7241260917791872,-0.13837813015816147,0.5768035366217575,0.4040781664154339,0.6468894710871653,cgreGFP_to_artificial,46,aubin_1_10_1
iterative_fancy,6,576,5382,0.5063272562531252,0.7115667616275547,-0.09923224057762181,0.5248174385513306,0.3580105554005943,0.5615757864776443,cgreGFP_to_artificial,46,aubin_1_10_1
iterative_fancy,7,672,5382,0.4514795904821606,0.6719223098559539,0.019841583300683308,0.6523373581092944,0.46920420077347313,0.6272228600436892,cgreGFP_to_artificial,46,aubin_1_10_1
iterative_fancy,8,768,5382,0.4014726940690971,0.6336187292600315,0.12840613737040218,0.7243039840712271,0.5376864690096994,0.7195793095129002,cgreGFP_to_artificial,46,aubin_1_10_1
iterative_fancy,9,864,5382,0.42058340136095695,0.6485240175667798,0.08691695159970314,0.742501643092497,0.560501321539413,0.756300621868279,cgreGFP_to_artificial,46,aubin_1_10_1
iterative_fancy,10,960,5382,0.379579731949108,0.6161004235910799,0.17593557511413227,0.7119418469668021,0.5223590866340577,0.7297433369485251,cgreGFP_to_artificial,46,aubin_1_10_1
iterative_random,1,96,5382,0.5447620149006976,0.7380799515639872,-0.18267378029814973,0.5879835618860606,0.410428561568465,0.6351535301232654,cgreGFP_to_artificial,46,aubin_1_10_1
iterative_random,2,192,5382,0.5396253542538529,0.7345919644631658,-0.171522132974832,0.6663584010617157,0.47730331101325907,0.7149381789618783,cgreGFP_to_artificial,46,aubin_1_10_1
iterative_random,3,288,5382,0.4826692899123649,0.6947440463309958,-0.047870993425516595,0.7171938413777738,0.5247834599167042,0.7435342952477341,cgreGFP_to_artificial,46,aubin_1_10_1
iterative_random,4,384,5382,0.5336492423942615,0.7305129994697298,-0.1585480440862077,0.5883704467021493,0.4126763947279864,0.6315678988255133,cgreGFP_to_artificial,46,aubin_1_10_1
iterative_random,5,480,5382,0.4601807320966295,0.6783662226973197,0.0009514775946727339,0.7247430616996281,0.5285623077962932,0.732892759860138,cgreGFP_to_artificial,46,aubin_1_10_1
iterative_random,6,576,5382,0.4956176815684012,0.7040011942947264,-0.07598184346600068,0.6048940964027463,0.42767403591153724,0.6174384339590535,cgreGFP_to_artificial,46,aubin_1_10_1
iterative_random,7,672,5382,0.43689867459901416,0.6609831121889682,0.05149662979079794,0.7361459808890249,0.5415444635573937,0.7475175391549586,cgreGFP_to_artificial,46,aubin_1_10_1
iterative_random,8,768,5382,0.28604704338863235,0.5348336595509228,0.3789942600729789,0.6841979205104466,0.4951654819090499,0.6748642978864591,cgreGFP_to_artificial,46,aubin_1_10_1
iterative_random,9,864,5382,0.461317149954883,0.6792033200411222,-0.0015156760754744258,0.5972834407285545,0.4190036365572505,0.6246982782237438,cgreGFP_to_artificial,46,aubin_1_10_1
iterative_random,10,960,5382,0.44490913021768025,0.6670150899475066,0.03410599760774213,0.7032939388591198,0.5107029932489463,0.6984679777708356,cgreGFP_to_artificial,46,aubin_1_10_1
source_only,0,0,5382,4.7984954158437425,2.190546830324278,-9.417493433777212,0.565593748479163,0.40507316994867143,0.5386045537554419,cgreGFP_to_artificial,46,aubin_linear
oneshot_fancy,1,960,5382,0.6668817504514736,0.8166282816872519,-0.4477947052935787,0.39742378909151704,0.2547438727753648,0.44251543651362835,cgreGFP_to_artificial,46,aubin_linear
oneshot_random,1,960,5382,0.2584814549529379,0.5084107148290031,0.4388389221266068,0.7269357091154699,0.5175880843382576,0.6991787992937171,cgreGFP_to_artificial,46,aubin_linear
iterative_fancy,1,96,5382,1.01694725873617,1.0084380291996975,-1.2077839973342948,0.30410245504168454,0.20021723765903646,0.35349371565695387,cgreGFP_to_artificial,46,aubin_linear
iterative_fancy,2,192,5382,1.063043778266898,1.0310401438677828,-1.3078591558820714,0.2208965508923882,0.1389837994145031,0.3069077599028638,cgreGFP_to_artificial,46,aubin_linear
iterative_fancy,3,288,5382,0.38747329346291365,0.6224735283230233,0.158798719055528,0.6787110983943045,0.47453929327922606,0.6666049659112719,cgreGFP_to_artificial,46,aubin_linear
iterative_fancy,4,384,5382,0.3873958036307323,0.6224112817347804,0.15896694883340146,0.6890253439789427,0.4830295641474182,0.67505896131061,cgreGFP_to_artificial,46,aubin_linear
iterative_fancy,5,480,5382,0.36960813639132784,0.6079540577965804,0.19758382571044786,0.6821736474632379,0.4796447730261051,0.6784152877522369,cgreGFP_to_artificial,46,aubin_linear
iterative_fancy,6,576,5382,0.35420758803857544,0.5951534155481051,0.23101828744018915,0.6683002329188787,0.46631485989975724,0.6566695835761958,cgreGFP_to_artificial,46,aubin_linear
iterative_fancy,7,672,5382,0.3750478273415619,0.6124114853116015,0.18577430213171653,0.6753000278634121,0.4691399052363418,0.6507585070980302,cgreGFP_to_artificial,46,aubin_linear
iterative_fancy,8,768,5382,0.3420626590749648,0.5848612306136942,0.2573848266921305,0.686521095988831,0.4796923476219886,0.6579275783771596,cgreGFP_to_artificial,46,aubin_linear
iterative_fancy,9,864,5382,0.32217858852006426,0.5676077770080888,0.3005529776417998,0.6768183740311325,0.47072484971639167,0.6427899813808162,cgreGFP_to_artificial,46,aubin_linear
iterative_fancy,10,960,5382,0.3263544639282706,0.5712744208594243,0.2914871870396821,0.6895545675512617,0.4828644801485461,0.6650230046266422,cgreGFP_to_artificial,46,aubin_linear
iterative_random,1,96,5382,0.34113443690625217,0.584067151024822,0.2593999892607395,0.7195421076337224,0.5069913504556474,0.7077395773419959,cgreGFP_to_artificial,46,aubin_linear
iterative_random,2,192,5382,0.2718125500374563,0.5213564519956153,0.40989722614217694,0.7200746212586192,0.5092262183446221,0.7050293468040202,cgreGFP_to_artificial,46,aubin_linear
iterative_random,3,288,5382,0.2614699849153569,0.5113413585026708,0.43235084856143235,0.7131401641479425,0.5048393532961355,0.7069310442174306,cgreGFP_to_artificial,46,aubin_linear
iterative_random,4,384,5382,0.2549874636410754,0.5049628339205524,0.4464243480559139,0.7294927798365769,0.5189447610380253,0.7101389049049398,cgreGFP_to_artificial,46,aubin_linear
iterative_random,5,480,5382,0.2513473595754399,0.5013455490731317,0.45432698355220213,0.7326507625900183,0.5221295185692606,0.7126196418858901,cgreGFP_to_artificial,46,aubin_linear
iterative_random,6,576,5382,0.26219560749399107,0.5120503954631722,0.4307755280092104,0.7266772309397089,0.5182704212058689,0.7040436505874429,cgreGFP_to_artificial,46,aubin_linear
iterative_random,7,672,5382,0.24794077527258182,0.49793651731177724,0.4617226495956577,0.729745392856639,0.5213145616673595,0.7088301161929514,cgreGFP_to_artificial,46,aubin_linear
iterative_random,8,768,5382,0.25100061453398737,0.5009996153032329,0.4550797641385085,0.7306767061346575,0.5221605652693398,0.7036006032988142,cgreGFP_to_artificial,46,aubin_linear
iterative_random,9,864,5382,0.25162603301290776,0.5016233975931623,0.45372198584908796,0.7318189130826489,0.5227058109926498,0.710249710367001,cgreGFP_to_artificial,46,aubin_linear
iterative_random,10,960,5382,0.2456370059419648,0.4956178022851528,0.4667241135535889,0.735358460220553,0.5264416971480744,0.7106052560122809,cgreGFP_to_artificial,46,aubin_linear
source_only,0,0,5382,1.4355298068810092,1.198135971783257,-2.116523210128948,0.7373587691465895,0.5369828830557717,0.7648018633205222,cgreGFP_to_artificial,46,mlp_small
oneshot_fancy,1,960,5382,0.24161041364843674,0.4915388221172736,0.4754658117617032,0.7577367169093436,0.5492480146933604,0.7937136086344485,cgreGFP_to_artificial,46,mlp_small
oneshot_random,1,960,5382,0.14451629349641304,0.38015298696237154,0.6862563349332732,0.7748129858775558,0.5781770829968714,0.8404484681705044,cgreGFP_to_artificial,46,mlp_small
iterative_fancy,1,96,5382,0.6419470295980273,0.8012159693853008,-0.3936616347677271,0.7212435811524205,0.5062263867229129,0.7675925984415197,cgreGFP_to_artificial,46,mlp_small
iterative_fancy,2,192,5382,0.6661339346042535,0.8161702852985114,-0.44617120334078586,0.6796721290297983,0.46800840753129974,0.7273281804624422,cgreGFP_to_artificial,46,mlp_small
iterative_fancy,3,288,5382,0.2953377307108043,0.5434498419456981,0.3588242555639748,0.7555981630528007,0.5486766322913558,0.8028966861097433,cgreGFP_to_artificial,46,mlp_small
iterative_fancy,4,384,5382,0.16540603766626552,0.4067014109469815,0.6409048749726807,0.7684143646320205,0.5681777793434764,0.8215230166270902,cgreGFP_to_artificial,46,mlp_small
iterative_fancy,5,480,5382,0.14552495026396453,0.3814773260155373,0.6840665495229947,0.7712959384567007,0.5758897478351028,0.8339329979849334,cgreGFP_to_artificial,46,mlp_small
iterative_fancy,6,576,5382,0.15909787902806474,0.39887075479165524,0.6545998346418516,0.7565627258636806,0.5529025563524868,0.822280146714378,cgreGFP_to_artificial,46,mlp_small
iterative_fancy,7,672,5382,0.1530976072068165,0.39127689326973614,0.6676263746052624,0.7765023433734407,0.5846975060295109,0.8395285572209971,cgreGFP_to_artificial,46,mlp_small
iterative_fancy,8,768,5382,0.1484356781041859,0.385273510774081,0.6777473837147083,0.7699940302962552,0.5777340408593494,0.8302528832776368,cgreGFP_to_artificial,46,mlp_small
iterative_fancy,9,864,5382,0.14411127860640752,0.37961991334281653,0.687135618873669,0.7792339920882335,0.5903826038348421,0.8396578292916764,cgreGFP_to_artificial,46,mlp_small
iterative_fancy,10,960,5382,0.14365299452184466,0.37901582357712277,0.688130549790134,0.7781501902434736,0.5824370296387198,0.8387849497731684,cgreGFP_to_artificial,46,mlp_small
iterative_random,1,96,5382,0.20193860860485782,0.44937579886422213,0.561592968866615,0.7630830204948935,0.5570367899145701,0.8185580566919153,cgreGFP_to_artificial,46,mlp_small
iterative_random,2,192,5382,0.15668988707617412,0.39584073448316826,0.6598275650392971,0.76784032095006,0.5675081381617568,0.8241601840240704,cgreGFP_to_artificial,46,mlp_small
iterative_random,3,288,5382,0.1522593767431329,0.3902042756597279,0.6694461659345579,0.7552776318941615,0.5503565829955434,0.8197195125560293,cgreGFP_to_artificial,46,mlp_small
iterative_random,4,384,5382,0.15736263408289994,0.39668959411976,0.6583670369116638,0.7677683887183729,0.563048621132654,0.8246883238113054,cgreGFP_to_artificial,46,mlp_small
iterative_random,5,480,5382,0.14618395766540362,0.38234010731991436,0.6826358499635798,0.765906197611471,0.564661056475945,0.8318869864015941,cgreGFP_to_artificial,46,mlp_small
iterative_random,6,576,5382,0.14930437599099317,0.38639924429402445,0.6758614478645104,0.768010260891899,0.5648883059738643,0.827907962239007,cgreGFP_to_artificial,46,mlp_small
iterative_random,7,672,5382,0.14521520149177725,0.3810711239280369,0.6847390115180041,0.7723325310636044,0.5763140023778853,0.834409849849469,cgreGFP_to_artificial,46,mlp_small
iterative_random,8,768,5382,0.14791389418060666,0.3845957542415239,0.6788801722508377,0.7691375948035998,0.5671664154336198,0.831585127029838,cgreGFP_to_artificial,46,mlp_small
iterative_random,9,864,5382,0.1994028127392104,0.44654542069000147,0.5670981604924231,0.7669776971572493,0.5701970828942877,0.8218532582237603,cgreGFP_to_artificial,46,mlp_small
iterative_random,10,960,5382,0.14363931889848125,0.3789977821814809,0.6881602394541317,0.7640946138520884,0.562548158504151,0.8324459710853611,cgreGFP_to_artificial,46,mlp_small
source_only,0,0,4904,1.431257279089007,1.196351653607336,-1.4063573517027277,0.8373763889841125,0.6482350937731682,0.8780677223195748,artificial_to_cgreGFP,42,aubin_1_10_1
oneshot_fancy,1,960,4904,0.486508678216431,0.6975017406547679,0.18203823198129498,0.8292737438314866,0.6400083389846037,0.4530263062064337,artificial_to_cgreGFP,42,aubin_1_10_1
oneshot_random,1,960,4904,0.24772334537194868,0.497718138479952,0.5835054241934712,0.8579561170213251,0.6758592685301683,0.8160561815473473,artificial_to_cgreGFP,42,aubin_1_10_1
iterative_fancy,1,96,4904,0.9213991048018472,0.959895361381566,-0.5491383289966503,-0.7107108823194458,-0.5531620909795981,-0.26111487545684486,artificial_to_cgreGFP,42,aubin_1_10_1
iterative_fancy,2,192,4904,0.5441838150511908,0.7376881556939835,0.0850696494905755,0.8196116269906255,0.6284309552509326,0.39023901139794626,artificial_to_cgreGFP,42,aubin_1_10_1
iterative_fancy,3,288,4904,0.6237264121238564,0.78976351658193,-0.04866445690374621,0.8589233220432019,0.6770895950248683,0.8024188854908785,artificial_to_cgreGFP,42,aubin_1_10_1
iterative_fancy,4,384,4904,0.5400889418568676,0.7349074376116135,0.09195431541291899,0.8337812991154837,0.6437719588812604,0.39258174633352616,artificial_to_cgreGFP,42,aubin_1_10_1
iterative_fancy,5,480,4904,0.5642002621953298,0.7511326528618829,0.05141621384067885,0.855265263613254,0.6719289244948428,0.7652402581661524,artificial_to_cgreGFP,42,aubin_1_10_1
iterative_fancy,6,576,4904,0.4608836062478497,0.6788840889635356,0.22512138776357027,0.8595272989765749,0.6780202489727262,0.801256577048254,artificial_to_cgreGFP,42,aubin_1_10_1
iterative_fancy,7,672,4904,0.3290302331333574,0.5736115699089039,0.446805034985133,0.864975289400585,0.6875345802739001,0.8485289938768399,artificial_to_cgreGFP,42,aubin_1_10_1
iterative_fancy,8,768,4904,0.29932249519668935,0.5471037334881652,0.49675233281257936,0.864162860923575,0.6852824621317882,0.8238010663755551,artificial_to_cgreGFP,42,aubin_1_10_1
iterative_fancy,9,864,4904,0.31051360082812346,0.5572374725627517,0.4779368482010188,0.8633237366267577,0.6842230471646682,0.8191633339429456,artificial_to_cgreGFP,42,aubin_1_10_1
iterative_fancy,10,960,4904,0.29993396998840943,0.5476622773100311,0.49572426687228044,0.846027340997988,0.6589049742508588,0.7611842983871315,artificial_to_cgreGFP,42,aubin_1_10_1
iterative_random,1,96,4904,0.7881098605127728,0.8877555184355503,-0.3250405671308967,0.6009290480494297,0.37610349524031955,0.7121408168029802,artificial_to_cgreGFP,42,aubin_1_10_1
iterative_random,2,192,4904,0.6975863423587644,0.83521634464297,-0.1728443571311522,0.666037974294001,0.43599198015571855,0.7038130471102557,artificial_to_cgreGFP,42,aubin_1_10_1
iterative_random,3,288,4904,0.5195193862312006,0.7207769323661799,0.12653768635834883,0.821574667272441,0.6179540617995875,0.7297464872447492,artificial_to_cgreGFP,42,aubin_1_10_1
iterative_random,4,384,4904,0.5109907866185387,0.7148361956550177,0.14087672845616162,0.5444414732728958,0.34815109052622406,0.6202063872965884,artificial_to_cgreGFP,42,aubin_1_10_1
iterative_random,5,480,4904,0.2487017172482448,0.49870002731927415,0.5818604981612188,0.8540940060703812,0.6699392669703208,0.8272454400041508,artificial_to_cgreGFP,42,aubin_1_10_1
iterative_random,6,576,4904,0.25164533574725456,0.5016426374893332,0.5769114242810783,0.8521867148047305,0.6674309057349156,0.8154651357947249,artificial_to_cgreGFP,42,aubin_1_10_1
iterative_random,7,672,4904,0.2708360738779316,0.520419132889954,0.5446462442466753,0.8532467700619042,0.6694585246325955,0.7909438014314953,artificial_to_cgreGFP,42,aubin_1_10_1
iterative_random,8,768,4904,0.24936952009668145,0.4993691220897438,0.5807377284696323,0.8538770425566471,0.6700937953839031,0.8221105827885142,artificial_to_cgreGFP,42,aubin_1_10_1
iterative_random,9,864,4904,0.36097209500865707,0.6008095330540761,0.3931015287925749,0.8515596128836278,0.6660544417749675,0.7288234286435574,artificial_to_cgreGFP,42,aubin_1_10_1
iterative_random,10,960,4904,0.2624709032323227,0.5123191419733628,0.5587105149933864,0.8611603940600792,0.6809764907399221,0.8194386856424211,artificial_to_cgreGFP,42,aubin_1_10_1
source_only,0,0,4904,1.8622937192521078,1.3646588288843875,-2.131054247077432,0.808714384061801,0.6165718109311693,0.7364553484012105,artificial_to_cgreGFP,42,aubin_linear
oneshot_fancy,1,960,4904,0.32349350173010244,0.5687648914359099,0.45611388148763343,0.7968667750748081,0.6031713558719526,0.7313055489968424,artificial_to_cgreGFP,42,aubin_linear
oneshot_random,1,960,4904,0.2999657393701349,0.5476912810791631,0.4956708533550944,0.7986266202116366,0.603406252873031,0.7321593826938853,artificial_to_cgreGFP,42,aubin_linear
iterative_fancy,1,96,4904,0.47133159209331105,0.6865359364908082,0.20755530239440823,0.7910655667338551,0.5979344041905703,0.7270336108380293,artificial_to_cgreGFP,42,aubin_linear
iterative_fancy,2,192,4904,0.43784366270081937,0.6616975613532359,0.26385819514770537,0.7849715987845172,0.5904700011382171,0.7221674789412129,artificial_to_cgreGFP,42,aubin_linear
iterative_fancy,3,288,4904,0.32297200493107836,0.568306259802827,0.45699066840397295,0.7911236933909532,0.597145633638048,0.7255489085941298,artificial_to_cgreGFP,42,aubin_linear
iterative_fancy,4,384,4904,0.33297765010143315,0.5770421562602105,0.44016828561788357,0.7863915613355202,0.5919547349248726,0.7235506599902854,artificial_to_cgreGFP,42,aubin_linear
iterative_fancy,5,480,4904,0.3281457237771787,0.5728400507796035,0.448292150979572,0.7870818027625472,0.5929436802032164,0.7234943714612678,artificial_to_cgreGFP,42,aubin_linear
iterative_fancy,6,576,4904,0.3025948382189517,0.5500862098062009,0.4912505779541334,0.7918421986686563,0.5978079411157724,0.7260656398995782,artificial_to_cgreGFP,42,aubin_linear
iterative_fancy,7,672,4904,0.30895238493081434,0.5558348540086474,0.48056170356907413,0.790346894014454,0.5965183658317316,0.7258432289115735,artificial_to_cgreGFP,42,aubin_linear
iterative_fancy,8,768,4904,0.29959946770925544,0.5473568010989317,0.496286661928965,0.792613636658284,0.5997077371098652,0.7252374481596618,artificial_to_cgreGFP,42,aubin_linear
iterative_fancy,9,864,4904,0.3347513921577672,0.5785770408145896,0.43718611232196813,0.7903190610087696,0.596207074682206,0.7260169323141739,artificial_to_cgreGFP,42,aubin_linear
iterative_fancy,10,960,4904,0.3517031265215906,0.5930456361205186,0.40868534505498033,0.7885750665661364,0.5942328390600897,0.7247790144750461,artificial_to_cgreGFP,42,aubin_linear
iterative_random,1,96,4904,0.3824681077291075,0.6184400599323329,0.35696051557440944,0.8013522034411307,0.6075912730957521,0.7332697626394966,artificial_to_cgreGFP,42,aubin_linear
iterative_random,2,192,4904,0.3477862958461945,0.5897340890996505,0.4152706700198344,0.791125197012322,0.5971012312555181,0.7261648881174401,artificial_to_cgreGFP,42,aubin_linear
iterative_random,3,288,4904,0.32215775973100363,0.5675894288400759,0.4583596500342608,0.7898206094766121,0.5954081972710615,0.7258662986635611,artificial_to_cgreGFP,42,aubin_linear
iterative_random,4,384,4904,0.291401805159618,0.539816455065625,0.5100693031293326,0.7989346770095009,0.6049398996831084,0.7309659100507375,artificial_to_cgreGFP,42,aubin_linear
iterative_random,5,480,4904,0.2972562330546062,0.5452120991454666,0.5002263169584009,0.7950739266436913,0.6007970387333748,0.7289800708014844,artificial_to_cgreGFP,42,aubin_linear
iterative_random,6,576,4904,0.2881991337601757,0.5368418144669579,0.5154539198434158,0.8023580525467833,0.6085691806424158,0.7330411713787768,artificial_to_cgreGFP,42,aubin_linear
iterative_random,7,672,4904,0.3059623635199783,0.5531386476463006,0.4855887941619642,0.7911457585736451,0.5966061344022316,0.7267865013951941,artificial_to_cgreGFP,42,aubin_linear
iterative_random,8,768,4904,0.291555912467667,0.5399591766677061,0.5098102041824886,0.801013494159038,0.6068189439451526,0.7333729460666889,artificial_to_cgreGFP,42,aubin_linear
iterative_random,9,864,4904,0.29252760529247596,0.5408582118193972,0.5081765075671154,0.798750679839209,0.6042979657112824,0.7331922038131916,artificial_to_cgreGFP,42,aubin_linear
iterative_random,10,960,4904,0.2883249923905169,0.5369590230087552,0.5152423150922494,0.801177686688192,0.6070377772557947,0.7338598382690975,artificial_to_cgreGFP,42,aubin_linear
source_only,0,0,4904,2.9541856587010464,1.7187744641752873,-3.9668403312050113,0.7675052235076159,0.5820087493033751,0.7344142919761697,artificial_to_cgreGFP,42,mlp_small
oneshot_fancy,1,960,4904,0.14121734246637765,0.3757889600113043,0.7625728125916089,0.8644569447719197,0.6861820870132029,0.8845304858547639,artificial_to_cgreGFP,42,mlp_small
oneshot_random,1,960,4904,0.13943299637058426,0.37340727948258357,0.7655728143441431,0.8582270958319654,0.6770930533583452,0.8840384490442914,artificial_to_cgreGFP,42,mlp_small
iterative_fancy,1,96,4904,0.30896078846809283,0.5558424133404115,0.4805475747929233,0.8448470845108198,0.6635886531046732,0.8278105463283014,artificial_to_cgreGFP,42,mlp_small
iterative_fancy,2,192,4904,0.21045346487663355,0.45875207343033725,0.6461668703480492,0.8472245049594959,0.6622107882612478,0.8628246126700546,artificial_to_cgreGFP,42,mlp_small
iterative_fancy,3,288,4904,0.18198993993729837,0.4266027894157496,0.6940222863475676,0.8506816659954481,0.6655255808343227,0.8719099180777978,artificial_to_cgreGFP,42,mlp_small
iterative_fancy,4,384,4904,0.3766554787006934,0.6137226398795252,0.3667332257639765,0.8299413306931652,0.6421531838304415,0.8280229433997937,artificial_to_cgreGFP,42,mlp_small
iterative_fancy,5,480,4904,0.2630818087150255,0.512915011200711,0.557683406226168,0.8459833171981,0.6617377796103628,0.8552787271510502,artificial_to_cgreGFP,42,mlp_small
iterative_fancy,6,576,4904,0.19195165872750028,0.4381228808536485,0.6772737565083654,0.8662133687260366,0.6889862133779712,0.8816852992716652,artificial_to_cgreGFP,42,mlp_small
iterative_fancy,7,672,4904,0.159046492093574,0.39880633406902405,0.7325968565515322,0.8685448542007915,0.6925665419239238,0.8923387375583752,artificial_to_cgreGFP,42,mlp_small
iterative_fancy,8,768,4904,0.2243374514722767,0.473642746669129,0.6228238741561742,0.85317106698179,0.670949381300236,0.8605825280028263,artificial_to_cgreGFP,42,mlp_small
iterative_fancy,9,864,4904,0.1563377926890036,0.395395741870096,0.7371509635041895,0.8681682402393524,0.6904321397582791,0.8919278361327712,artificial_to_cgreGFP,42,mlp_small
iterative_fancy,10,960,4904,0.184366764883967,0.4293795114860128,0.6900261563242032,0.8716959825985355,0.6966877060373798,0.8952755321056196,artificial_to_cgreGFP,42,mlp_small
iterative_random,1,96,4904,0.15253911856793412,0.3905625667776344,0.7435376331348074,0.8617299347968281,0.680595240102582,0.8748055282635874,artificial_to_cgreGFP,42,mlp_small
iterative_random,2,192,4904,0.1973163913996695,0.4442030970171972,0.6682540896083577,0.8484134233543253,0.6665045894614336,0.8491098169084781,artificial_to_cgreGFP,42,mlp_small
iterative_random,3,288,4904,0.159677955468967,0.3995972415682658,0.7315351840221354,0.8656455219896187,0.6876625277340428,0.8887680896229744,artificial_to_cgreGFP,42,mlp_small
iterative_random,4,384,4904,0.1644945909839133,0.4055793276091785,0.7234370269324186,0.8585564180202216,0.6767895341110463,0.8697032738471908,artificial_to_cgreGFP,42,mlp_small
iterative_random,5,480,4904,0.15860868946669499,0.398257064553405,0.733332929363302,0.8624073636734504,0.6826306287149857,0.8746333917604365,artificial_to_cgreGFP,42,mlp_small
iterative_random,6,576,4904,0.16016604484976735,0.4002075022407343,0.7307145646359936,0.8620793457754697,0.6824681356277625,0.8728988787568432,artificial_to_cgreGFP,42,mlp_small
iterative_random,7,672,4904,0.14375662100893236,0.37915250363004643,0.758303551098115,0.8667298733599053,0.6903263015457397,0.8817540287158095,artificial_to_cgreGFP,42,mlp_small
iterative_random,8,768,4904,0.1490690881184298,0.38609466212113036,0.7493717577221854,0.8723540506295187,0.6984065198820534,0.8941478929108221,artificial_to_cgreGFP,42,mlp_small
iterative_random,9,864,4904,0.12923511075173377,0.359492852156665,0.7827184089128316,0.866058148105385,0.6878493345782781,0.8972759162752251,artificial_to_cgreGFP,42,mlp_small
iterative_random,10,960,4904,0.16647294413760588,0.4080109608057189,0.7201108432160412,0.854307183575876,0.6736893563398129,0.8684336728845339,artificial_to_cgreGFP,42,mlp_small
source_only,0,0,4904,1.7016995589957513,1.3044920693495041,-1.861049025920141,0.860101889915352,0.6797004910157977,0.8928955364271833,artificial_to_cgreGFP,43,aubin_1_10_1
oneshot_fancy,1,960,4904,0.48403211279446884,0.6957241643025408,0.18620205458480665,0.833863846840107,0.644997628611201,0.4318542577713073,artificial_to_cgreGFP,43,aubin_1_10_1
oneshot_random,1,960,4904,0.28271459942181215,0.5317091304668485,0.5246750079864138,0.8593370105456599,0.6777786168047851,0.8071200264144607,artificial_to_cgreGFP,43,aubin_1_10_1
iterative_fancy,1,96,4904,0.9285961039006845,0.9636369149740396,-0.5612385655821428,-0.4256432760885214,-0.3496838667598233,0.08050941524056691,artificial_to_cgreGFP,43,aubin_1_10_1
iterative_fancy,2,192,4904,0.5484596853133914,0.7405806406552844,0.07788067515961339,0.6559981480394078,0.4259546240752408,0.63801965888361,artificial_to_cgreGFP,43,aubin_1_10_1
iterative_fancy,3,288,4904,0.4557308572374392,0.6750784082145119,0.233784648830492,0.5925151799316946,0.3774544651480635,0.5027736882142317,artificial_to_cgreGFP,43,aubin_1_10_1
iterative_fancy,4,384,4904,0.28744379932111774,0.5361378547734881,0.5167238554496671,0.8285152293168334,0.6381957961294525,0.746268615666706,artificial_to_cgreGFP,43,aubin_1_10_1
iterative_fancy,5,480,4904,0.41821278639195875,0.6466937346162855,0.29686337473097446,0.8552981126766476,0.6723282445955423,0.8121607783183653,artificial_to_cgreGFP,43,aubin_1_10_1
iterative_fancy,6,576,4904,0.3243107022708211,0.5694828375559892,0.4547399310751503,0.8581635234643419,0.6764142456309318,0.8217721473262646,artificial_to_cgreGFP,43,aubin_1_10_1
iterative_fancy,7,672,4904,0.3187012443400446,0.5645363091423302,0.4641710519001797,0.8620120891003757,0.6826593185992516,0.8360413214232829,artificial_to_cgreGFP,43,aubin_1_10_1
iterative_fancy,8,768,4904,0.28907341712551565,0.5376554818148102,0.5139839966965472,0.8545954366157343,0.6711680209596196,0.8200400961251801,artificial_to_cgreGFP,43,aubin_1_10_1
iterative_fancy,9,864,4904,0.27581526132320855,0.5251811700006089,0.5362747903581933,0.8630102037149967,0.6842451878217891,0.8258138767127101,artificial_to_cgreGFP,43,aubin_1_10_1
iterative_fancy,10,960,4904,0.27283116728450435,0.5223324298610075,0.5412919153245574,0.8659164446147153,0.6885240795272448,0.831026922402861,artificial_to_cgreGFP,43,aubin_1_10_1
iterative_random,1,96,4904,0.7993234935178951,0.8940489323957024,-0.3438939267716927,0.68019470829346,0.4508761739347418,0.7454983295511642,artificial_to_cgreGFP,43,aubin_1_10_1
iterative_random,2,192,4904,0.6839448915842401,0.8270096079153132,-0.14990913378677817,0.7359982593562415,0.5130045704499513,0.65118975477971,artificial_to_cgreGFP,43,aubin_1_10_1
iterative_random,3,288,4904,0.5591883877423268,0.7477889994793496,0.05984262404099694,0.6935356470246923,0.4689471063436742,0.6468655403004232,artificial_to_cgreGFP,43,aubin_1_10_1
iterative_random,4,384,4904,0.49938707015636974,0.7066732414322547,0.16038593118565758,0.8268227102720385,0.6276313538032144,0.719525688454646,artificial_to_cgreGFP,43,aubin_1_10_1
iterative_random,5,480,4904,0.46336478647914475,0.6807090321709744,0.22094980633114136,0.8278433304845125,0.6299480800584083,0.7117900148636764,artificial_to_cgreGFP,43,aubin_1_10_1
iterative_random,6,576,4904,0.3805140773096805,0.6168582311274451,0.3602458057412702,0.8575192614122186,0.6757947052206779,0.714832168741055,artificial_to_cgreGFP,43,aubin_1_10_1
iterative_random,7,672,4904,0.33551911970499887,0.5792401226650299,0.4358953403172581,0.858223720510495,0.6776934306395415,0.755878936352516,artificial_to_cgreGFP,43,aubin_1_10_1
iterative_random,8,768,4904,0.3938119012546706,0.6275443420625116,0.33788831846124534,0.854639384543229,0.672443898705758,0.7165471869193363,artificial_to_cgreGFP,43,aubin_1_10_1
iterative_random,9,864,4904,0.29724962038681446,0.5452060348041046,0.5002374347650926,0.8524359844052283,0.6700535073364051,0.7713642188630623,artificial_to_cgreGFP,43,aubin_1_10_1
iterative_random,10,960,4904,0.2760073568987549,0.5253640232246161,0.5359518221489138,0.8583900193177902,0.6791567753092536,0.800720731044176,artificial_to_cgreGFP,43,aubin_1_10_1
source_only,0,0,4904,1.7883693498893938,1.3372992746163417,-2.0067660060428216,0.8044889651273015,0.6126636206038713,0.7342725775206161,artificial_to_cgreGFP,43,aubin_linear
oneshot_fancy,1,960,4904,0.32251247104511777,0.5679018146168558,0.45776327774611847,0.7922055971608698,0.5982963844869557,0.7251105391326009,artificial_to_cgreGFP,43,aubin_linear
oneshot_random,1,960,4904,0.3007451628977508,0.5484023731693279,0.49436041702532263,0.7971101152318165,0.6018291759699357,0.7326108891057261,artificial_to_cgreGFP,43,aubin_linear
iterative_fancy,1,96,4904,0.49723232559915465,0.7051470241014668,0.16400867985708878,0.7870045747375601,0.5930695888090133,0.7245618101844274,artificial_to_cgreGFP,43,aubin_linear
iterative_fancy,2,192,4904,0.33716327927223916,0.5806576265513432,0.4331310326558715,0.7900078166382634,0.5960684018218312,0.7257776632627024,artificial_to_cgreGFP,43,aubin_linear
iterative_fancy,3,288,4904,0.30900192198331844,0.5558794131673869,0.4804784174595699,0.7891236749326034,0.5949562433029685,0.724259729069801,artificial_to_cgreGFP,43,aubin_linear
iterative_fancy,4,384,4904,0.2971886315986188,0.5451501000629265,0.5003399745537038,0.7894839422486372,0.5953177442681763,0.7237284819232883,artificial_to_cgreGFP,43,aubin_linear
iterative_fancy,5,480,4904,0.3067531247194198,0.553852981141584,0.484259295927427,0.789163701779827,0.5944393999887438,0.7249005276177379,artificial_to_cgreGFP,43,aubin_linear
iterative_fancy,6,576,4904,0.30399535058124777,0.5513577337638856,0.48889591169782853,0.7901686914005217,0.5960838999692578,0.7237265717656867,artificial_to_cgreGFP,43,aubin_linear
iterative_fancy,7,672,4904,0.3071183906367573,0.5541826329259671,0.48364517829927367,0.7907587164133076,0.5965947457417808,0.7241301832345031,artificial_to_cgreGFP,43,aubin_linear
iterative_fancy,8,768,4904,0.38177721897212424,0.6178812337109165,0.35812209935383565,0.7844368174764855,0.5891911863776352,0.7216464835411798,artificial_to_cgreGFP,43,aubin_linear
iterative_fancy,9,864,4904,0.32824511563753456,0.5729267978001505,0.44812504452194135,0.7914468734668855,0.5969564726604812,0.7242713748887681,artificial_to_cgreGFP,43,aubin_linear
iterative_fancy,10,960,4904,0.31148546853777875,0.5581088321624903,0.476302857553649,0.7922186988739701,0.5983948638030557,0.7238017646296897,artificial_to_cgreGFP,43,aubin_linear
iterative_random,1,96,4904,0.3934007968022267,0.6272167064119281,0.3385795039216859,0.7914895752506508,0.5983354926537192,0.7263409378775418,artificial_to_cgreGFP,43,aubin_linear
iterative_random,2,192,4904,0.29932362410174324,0.5471047651974376,0.4967504347967472,0.792581808147976,0.5997678252422526,0.7272362575914002,artificial_to_cgreGFP,43,aubin_linear
iterative_random,3,288,4904,0.3008947957018353,0.5485387823133705,0.4941088410135004,0.7860757154953384,0.5923478603379726,0.7237743366817917,artificial_to_cgreGFP,43,aubin_linear
iterative_random,4,384,4904,0.2923544262093719,0.5406980915532917,0.5084676716826642,0.7899663337242624,0.5970902449734856,0.7259671035783551,artificial_to_cgreGFP,43,aubin_linear
iterative_random,5,480,4904,0.28605384677864154,0.5348400197990438,0.5190607675953537,0.7976902309991432,0.6048994544448831,0.7313397551347315,artificial_to_cgreGFP,43,aubin_linear
iterative_random,6,576,4904,0.29703142488094536,0.5450058943543137,0.5006042845043588,0.7906315744905,0.5965859617519248,0.7273190480207159,artificial_to_cgreGFP,43,aubin_linear
iterative_random,7,672,4904,0.2960884946416086,0.5441401424647961,0.5021896228964997,0.7921839702647581,0.5982394195711557,0.7281925087643193,artificial_to_cgreGFP,43,aubin_linear
iterative_random,8,768,4904,0.29399315507612483,0.5422113564617813,0.5057124945991502,0.7943587548387544,0.6006982681227286,0.7296568455513539,artificial_to_cgreGFP,43,aubin_linear
iterative_random,9,864,4904,0.28636693840761057,0.5351326362759149,0.5185343700327816,0.7985134280906655,0.6054113459592705,0.7320333467950453,artificial_to_cgreGFP,43,aubin_linear
iterative_random,10,960,4904,0.2858108066668226,0.5346127632846251,0.5194693883013433,0.8001251215055057,0.6069137573517723,0.7334832021029358,artificial_to_cgreGFP,43,aubin_linear
source_only,0,0,4904,2.5651311386413465,1.6016026781450343,-3.312727183109983,0.7976947638971531,0.6093618836099516,0.771766954566321,artificial_to_cgreGFP,43,mlp_small
oneshot_fancy,1,960,4904,0.1415742545264016,0.3762635439773585,0.7619727402132195,0.8651069168709186,0.686397436689501,0.8764883637543579,artificial_to_cgreGFP,43,mlp_small
oneshot_random,1,960,4904,0.15303783869135545,0.3912005095745089,0.7426991403963105,0.8644881282518629,0.6856254973358064,0.8829251361607671,artificial_to_cgreGFP,43,mlp_small
iterative_fancy,1,96,4904,0.22999145595940532,0.4795742444704525,0.6133178576887353,0.8523278147126572,0.6725176068211038,0.8424270433758992,artificial_to_cgreGFP,43,mlp_small
iterative_fancy,2,192,4904,0.1942790581551719,0.44077098152574873,0.6733607250744285,0.861583613254057,0.683630563660063,0.8679272267564757,artificial_to_cgreGFP,43,mlp_small
iterative_fancy,3,288,4904,0.2572601844939638,0.5072082259722961,0.5674712399356456,0.8505221836256873,0.6677656746545099,0.8486021420361081,artificial_to_cgreGFP,43,mlp_small
iterative_fancy,4,384,4904,0.18789883435896318,0.43347299149885127,0.68408772619563,0.8576272693207742,0.6769756329758344,0.8574700267839128,artificial_to_cgreGFP,43,mlp_small
iterative_fancy,5,480,4904,0.20398667747428137,0.4516488431007893,0.6570394099221037,0.834358828025876,0.6423420168491674,0.854987861713129,artificial_to_cgreGFP,43,mlp_small
iterative_fancy,6,576,4904,0.15278276043130157,0.39087435376512175,0.7431280007104608,0.8587285823228844,0.6771686076163009,0.8706606622046728,artificial_to_cgreGFP,43,mlp_small
iterative_fancy,7,672,4904,0.15933397227802498,0.39916659714713726,0.7321135192330573,0.8584800426858743,0.674812119422089,0.8781040223781762,artificial_to_cgreGFP,43,mlp_small
iterative_fancy,8,768,4904,0.17198903473015956,0.41471560704916755,0.7108366998848725,0.8621953039139009,0.6814151933824574,0.8863372023944838,artificial_to_cgreGFP,43,mlp_small
iterative_fancy,9,864,4904,0.19886644829802602,0.4459444453045985,0.6656479957443029,0.8576458467626843,0.6747269837965917,0.8717751104977116,artificial_to_cgreGFP,43,mlp_small
iterative_fancy,10,960,4904,0.16348749591279882,0.4043358701782453,0.7251302449608239,0.867593539546563,0.6892816166595185,0.8888413232433656,artificial_to_cgreGFP,43,mlp_small
iterative_random,1,96,4904,0.19417259340889095,0.4406501939281213,0.6735397230985107,0.8608896237100172,0.681962846319368,0.8564780693363034,artificial_to_cgreGFP,43,mlp_small
iterative_random,2,192,4904,0.17197681093353187,0.41470086922205973,0.710857251621664,0.8564717580023965,0.6762494064105902,0.851608204774229,artificial_to_cgreGFP,43,mlp_small
iterative_random,3,288,4904,0.1643598613271982,0.4054131982646818,0.7236635464440853,0.8632668060933021,0.6853543439237836,0.8671965940312748,artificial_to_cgreGFP,43,mlp_small
iterative_random,4,384,4904,0.15546757305974018,0.39429376492627954,0.7386140543356345,0.8589769523358446,0.6800068395090276,0.8676948715061864,artificial_to_cgreGFP,43,mlp_small
iterative_random,5,480,4904,0.15166433981968722,0.38944106077773466,0.7450083891635886,0.8715593387677197,0.6965268319342479,0.8945238679041316,artificial_to_cgreGFP,43,mlp_small
iterative_random,6,576,4904,0.16222534866576038,0.4027720802957429,0.7272522794484148,0.8533554264716854,0.6724069499445432,0.8616648203228197,artificial_to_cgreGFP,43,mlp_small
iterative_random,7,672,4904,0.14141378058416723,0.37605023678249055,0.7622425433131194,0.8621494525390161,0.6838368884252797,0.8803166745915176,artificial_to_cgreGFP,43,mlp_small
iterative_random,8,768,4904,0.15487283640418004,0.39353886263516596,0.7396139786290119,0.8471115675426424,0.6624583615006724,0.8627703178937742,artificial_to_cgreGFP,43,mlp_small
iterative_random,9,864,4904,0.14577765287580774,0.3818083981211096,0.7549056121238052,0.8647241777281156,0.6878448936690178,0.8754223358741078,artificial_to_cgreGFP,43,mlp_small
iterative_random,10,960,4904,0.1459170195398851,0.38199086316283154,0.7546712964619151,0.8655272759416223,0.689968391990336,0.8705608009962688,artificial_to_cgreGFP,43,mlp_small
source_only,0,0,4904,1.7364104445826982,1.3177292759071182,-1.9194080616690643,0.8468530001650509,0.6607523867757172,0.8750205846506136,artificial_to_cgreGFP,44,aubin_1_10_1
oneshot_fancy,1,960,4904,0.5335697995335431,0.7304586227388538,0.10291487874819383,0.8220344265810668,0.6326435492743299,0.32412358746326764,artificial_to_cgreGFP,44,aubin_1_10_1
oneshot_random,1,960,4904,0.28612081628509883,0.5349026231802372,0.5189481724899468,0.8570451214185887,0.6751166649649026,0.78720078775002,artificial_to_cgreGFP,44,aubin_1_10_1
iterative_fancy,1,96,4904,0.5808690684610732,0.7621476684088676,0.0233911305186848,0.7417233933120234,0.536698976016118,0.42949453310453023,artificial_to_cgreGFP,44,aubin_1_10_1
iterative_fancy,2,192,4904,0.5951416782494054,0.77145426192964,-0.0006052536352516569,0.0064207940226183695,-0.03699557749787151,0.27203957710128274,artificial_to_cgreGFP,44,aubin_1_10_1
iterative_fancy,3,288,4904,0.43320403972584887,0.6581823757332377,0.27165874297238124,0.828209122843951,0.6391962235536973,0.5825209006759213,artificial_to_cgreGFP,44,aubin_1_10_1
iterative_fancy,4,384,4904,0.5539732581179342,0.7442937982530381,0.06861076495814045,0.8485576305861994,0.6636987524626051,0.7762212554516814,artificial_to_cgreGFP,44,aubin_1_10_1
iterative_fancy,5,480,4904,0.45780734110204274,0.6766146178601544,0.2302934790133777,0.8433795507003983,0.6571978093727434,0.7459811660028505,artificial_to_cgreGFP,44,aubin_1_10_1
iterative_fancy,6,576,4904,0.38108940367491423,0.6173243909606312,0.35927851575865444,0.860640661466402,0.6808337790240644,0.7956735482322748,artificial_to_cgreGFP,44,aubin_1_10_1
iterative_fancy,7,672,4904,0.45834638874095196,0.6770128423752033,0.22938718406015113,0.8104650118234403,0.6206102342342765,0.6524001676454503,artificial_to_cgreGFP,44,aubin_1_10_1
iterative_fancy,8,768,4904,0.24862434939226064,0.49862245175308806,0.5819905758989903,0.8465964056312009,0.659987623121043,0.819388765658864,artificial_to_cgreGFP,44,aubin_1_10_1
iterative_fancy,9,864,4904,0.2878920756116793,0.5365557525660118,0.5159701733806589,0.8618922390972751,0.6822395158425222,0.8007719998694742,artificial_to_cgreGFP,44,aubin_1_10_1
iterative_fancy,10,960,4904,0.3062985965637388,0.5534424961671617,0.48502348918950433,0.8576022190924217,0.676528166200333,0.7728949208568291,artificial_to_cgreGFP,44,aubin_1_10_1
iterative_random,1,96,4904,0.8144049612768226,0.9024438826192034,-0.3692502350653788,0.7719652694545365,0.5537001046283646,0.7969166116649571,artificial_to_cgreGFP,44,aubin_1_10_1
iterative_random,2,192,4904,0.6681873235016292,0.8174272588442529,-0.12341610534629965,0.6674040559915053,0.4417249596713943,0.6776238851198575,artificial_to_cgreGFP,44,aubin_1_10_1
iterative_random,3,288,4904,0.6433850724190393,0.8021128800979569,-0.08171634940210248,0.780388524518222,0.5651625579826693,0.7296594848148833,artificial_to_cgreGFP,44,aubin_1_10_1
iterative_random,4,384,4904,0.3623442774287045,0.6019503944916927,0.39079449336113936,0.8571575787352385,0.6752943332763783,0.7685941108042486,artificial_to_cgreGFP,44,aubin_1_10_1
iterative_random,5,480,4904,0.2992078031039527,0.546998905944018,0.49694516338509165,0.8570531104998143,0.6752111857136638,0.7844864102701498,artificial_to_cgreGFP,44,aubin_1_10_1
iterative_random,6,576,4904,0.33161997498639983,0.5758645456931689,0.44245093007462566,0.856968728148547,0.6751309491651145,0.7512392952058857,artificial_to_cgreGFP,44,aubin_1_10_1
iterative_random,7,672,4904,0.2489432876302469,0.49894216862302476,0.5814543484960415,0.8412728251834373,0.6525628677391968,0.8106161183484724,artificial_to_cgreGFP,44,aubin_1_10_1
iterative_random,8,768,4904,0.32445448906477553,0.5696090668737424,0.4544981838968022,0.8579887666619318,0.6753946347314332,0.7542942907338355,artificial_to_cgreGFP,44,aubin_1_10_1
iterative_random,9,864,4904,0.3005508736846538,0.5482252034380157,0.4946870733736418,0.8493081456393152,0.6632692808158581,0.7617834931375573,artificial_to_cgreGFP,44,aubin_1_10_1
iterative_random,10,960,4904,0.2762019744574009,0.5255492122127108,0.5356246137567815,0.8610794634707238,0.6807008420386417,0.7979849966737416,artificial_to_cgreGFP,44,aubin_1_10_1
source_only,0,0,4904,1.9642825933959371,1.4015286630661312,-2.3025270358440317,0.805229658133218,0.6141545284105284,0.7347999674281901,artificial_to_cgreGFP,44,aubin_linear
oneshot_fancy,1,960,4904,0.3689181224353578,0.6073863041223089,0.3797419589972385,0.7887544875345113,0.5945908121148191,0.7246353273408834,artificial_to_cgreGFP,44,aubin_linear
oneshot_random,1,960,4904,0.28326894306638556,0.5322301598616763,0.5237429960246386,0.8036462170008959,0.6105317995337584,0.7376622394466152,artificial_to_cgreGFP,44,aubin_linear
iterative_fancy,1,96,4904,0.4825685802789827,0.6946715628834843,0.18866267594167252,0.7919022998305242,0.5996217301746811,0.7263283651462421,artificial_to_cgreGFP,44,aubin_linear
iterative_fancy,2,192,4904,0.43741759604442076,0.6613755332974004,0.26457453639949824,0.7896419016719033,0.5958127143294043,0.7247260941051021,artificial_to_cgreGFP,44,aubin_linear
iterative_fancy,3,288,4904,0.32229411044264095,0.5677095299910342,0.45813040506052183,0.7908694151901909,0.5974871879693485,0.7256608237459699,artificial_to_cgreGFP,44,aubin_linear
iterative_fancy,4,384,4904,0.3346312252217905,0.5784731845313061,0.43738814768908485,0.7893308147786425,0.5955905531559981,0.7248886676749109,artificial_to_cgreGFP,44,aubin_linear
iterative_fancy,5,480,4904,0.3283181836175938,0.5729905615432018,0.4480021961189612,0.7887990801558197,0.5956113323502698,0.7246460158869982,artificial_to_cgreGFP,44,aubin_linear
iterative_fancy,6,576,4904,0.30870920367944554,0.5556160577948099,0.48097056157145934,0.7898682404024617,0.5974657172280716,0.7244475010368212,artificial_to_cgreGFP,44,aubin_linear
iterative_fancy,7,672,4904,0.34198484458346345,0.5847947029372474,0.42502458715310043,0.7874188707414652,0.5940908394464546,0.7246446624113463,artificial_to_cgreGFP,44,aubin_linear
iterative_fancy,8,768,4904,0.3191228715622124,0.5649096136216947,0.46346217462104555,0.7885610053087055,0.5955317633996186,0.7248202752362698,artificial_to_cgreGFP,44,aubin_linear
iterative_fancy,9,864,4904,0.3259468886358852,0.5709175848017691,0.45198902867217083,0.7900100775448472,0.5970243469781833,0.7250162224447183,artificial_to_cgreGFP,44,aubin_linear
iterative_fancy,10,960,4904,0.3333001600313261,0.5773215395525496,0.43962605316804126,0.7885229016221915,0.5952507133974471,0.7244361650384513,artificial_to_cgreGFP,44,aubin_linear
iterative_random,1,96,4904,0.3737807843800149,0.6113761398517404,0.3715664181700725,0.7984242064408436,0.6055479529345228,0.7307794644814993,artificial_to_cgreGFP,44,aubin_linear
iterative_random,2,192,4904,0.3138670388051923,0.5602383767693823,0.4722987492739448,0.7933318334748317,0.599473884514523,0.7285566249408577,artificial_to_cgreGFP,44,aubin_linear
iterative_random,3,288,4904,0.29662148972401775,0.5446296812734481,0.5012935040409204,0.793996018274747,0.6002300986374689,0.7286592986855802,artificial_to_cgreGFP,44,aubin_linear
iterative_random,4,384,4904,0.306356763659861,0.5534950439343256,0.4849256934811954,0.7883497127651649,0.5937439793697475,0.7256591562661305,artificial_to_cgreGFP,44,aubin_linear
iterative_random,5,480,4904,0.2882911426236828,0.5369275022046112,0.5152992263383718,0.7962171020037634,0.6018258494562655,0.7302868475707479,artificial_to_cgreGFP,44,aubin_linear
iterative_random,6,576,4904,0.2948378442138207,0.5429897275398685,0.5042923279064844,0.7929862612663157,0.5978845968898325,0.7287869116866819,artificial_to_cgreGFP,44,aubin_linear
iterative_random,7,672,4904,0.30272849873838364,0.5502076869132089,0.4910258559713937,0.7890356259665393,0.5932263175751187,0.726242903545029,artificial_to_cgreGFP,44,aubin_linear
iterative_random,8,768,4904,0.29563452258731,0.5437228361833903,0.5029528811913496,0.7931177285721192,0.5974726600627335,0.7292510804761759,artificial_to_cgreGFP,44,aubin_linear
iterative_random,9,864,4904,0.2901425212037289,0.5386487920748815,0.5121865235965457,0.7965716190612524,0.6010571611710431,0.7322045379500288,artificial_to_cgreGFP,44,aubin_linear
iterative_random,10,960,4904,0.2852868633961424,0.534122517215051,0.5203502884439641,0.7997242398027417,0.6048014910493212,0.7333544022317602,artificial_to_cgreGFP,44,aubin_linear
source_only,0,0,4904,2.7667446862932743,1.663353445991944,-3.6516978557369786,0.8086697501064151,0.6221684483427915,0.7798536823225831,artificial_to_cgreGFP,44,mlp_small
oneshot_fancy,1,960,4904,0.19668499135451165,0.443491816558673,0.6693156556613165,0.8647836245881974,0.688490299492123,0.8871571764092263,artificial_to_cgreGFP,44,mlp_small
oneshot_random,1,960,4904,0.1465654475117635,0.3828386703453081,0.7535811015403058,0.8627954807828728,0.6847548273576273,0.8816435457735305,artificial_to_cgreGFP,44,mlp_small
iterative_fancy,1,96,4904,0.2813857530535689,0.5304580596555857,0.526909182983617,0.854241511355451,0.673221375023905,0.847277917325896,artificial_to_cgreGFP,44,mlp_small
iterative_fancy,2,192,4904,0.21479775875865253,0.46346279112637784,0.6388628561266456,0.868030515320241,0.6904259063787668,0.8876578791598009,artificial_to_cgreGFP,44,mlp_small
iterative_fancy,3,288,4904,0.2104308615353918,0.45872743708589286,0.6462048731007093,0.8670354273807696,0.6894074472824872,0.8836447784420272,artificial_to_cgreGFP,44,mlp_small
iterative_fancy,4,384,4904,0.30889877023185347,0.5557866229335261,0.4806518453813736,0.8422506559249109,0.6564764188233342,0.845606471986929,artificial_to_cgreGFP,44,mlp_small
iterative_fancy,5,480,4904,0.22002427293301452,0.46906745030220814,0.6300755744890216,0.8668576319975102,0.6895526220488003,0.8861472279475637,artificial_to_cgreGFP,44,mlp_small
iterative_fancy,6,576,4904,0.2209602669726283,0.470064109428308,0.6285018978543022,0.8589224811064535,0.6766996879690208,0.8747077262777455,artificial_to_cgreGFP,44,mlp_small
iterative_fancy,7,672,4904,0.2344028701624662,0.48415170160030024,0.6059009947989982,0.8603870389724998,0.6793121880118376,0.8768199924802034,artificial_to_cgreGFP,44,mlp_small
iterative_fancy,8,768,4904,0.2082371894161723,0.45633013204934464,0.6498930702602508,0.8573413824632392,0.6752409726833621,0.8739372992692883,artificial_to_cgreGFP,44,mlp_small
iterative_fancy,9,864,4904,0.18610313633719247,0.4313967273139569,0.6871068138182803,0.8624215882591119,0.6825940547221531,0.8832337483536796,artificial_to_cgreGFP,44,mlp_small
iterative_fancy,10,960,4904,0.19844853538383464,0.4454756282714405,0.666350628197691,0.8696139750305354,0.6933473939603979,0.8970744656849556,artificial_to_cgreGFP,44,mlp_small
iterative_random,1,96,4904,0.20134472751684812,0.44871452786470833,0.6614812917527042,0.8661135893507274,0.6881077848322142,0.8824103093813521,artificial_to_cgreGFP,44,mlp_small
iterative_random,2,192,4904,0.18028884759370684,0.42460434241032774,0.6968823144688094,0.8532146715901462,0.6711729366195218,0.8584488266808439,artificial_to_cgreGFP,44,mlp_small
iterative_random,3,288,4904,0.1678413934025231,0.40968450471371637,0.717810084297867,0.8573280832918532,0.6760288500427423,0.8712126906755003,artificial_to_cgreGFP,44,mlp_small
iterative_random,4,384,4904,0.14200150019202593,0.37683086417121664,0.7612544167059934,0.8608881812365619,0.6797456803218432,0.8850573024158463,artificial_to_cgreGFP,44,mlp_small
iterative_random,5,480,4904,0.13881925178497184,0.37258455655726236,0.7666046964643138,0.8662768836346623,0.6894892359876559,0.884135521224106,artificial_to_cgreGFP,44,mlp_small
iterative_random,6,576,4904,0.13520226270653926,0.36769860307939606,0.7726859010018061,0.8642466069682772,0.6851748029474097,0.8843128661056492,artificial_to_cgreGFP,44,mlp_small
iterative_random,7,672,4904,0.14168392734888852,0.37640925513181595,0.7617883484853805,0.8583863783921079,0.6768009398674387,0.8797136734961348,artificial_to_cgreGFP,44,mlp_small
iterative_random,8,768,4904,0.14652123778999718,0.3827809266277477,0.7536554308663769,0.8540640530591741,0.6712102401375925,0.8781936334790423,artificial_to_cgreGFP,44,mlp_small
iterative_random,9,864,4904,0.12834726288844703,0.3582558623225125,0.7842111379030895,0.8700096229391395,0.6938417754888246,0.8931180484424301,artificial_to_cgreGFP,44,mlp_small
iterative_random,10,960,4904,0.1275041380987698,0.35707721587742025,0.7856286744743857,0.8722580254528997,0.696862985481963,0.9035676628806102,artificial_to_cgreGFP,44,mlp_small
source_only,0,0,4904,1.8290645548807791,1.3524291311860963,-2.075186413149782,0.8382201774521565,0.6477131495166473,0.8610249350472179,artificial_to_cgreGFP,45,aubin_1_10_1
oneshot_fancy,1,960,4904,0.516581300421055,0.7187359045025196,0.13147745818866408,0.8506231134507146,0.6639965470774064,0.7277705885260941,artificial_to_cgreGFP,45,aubin_1_10_1
oneshot_random,1,960,4904,0.32845944582553366,0.573113815769201,0.4477646934997186,0.8541075504870992,0.6707607111547685,0.7386817306188741,artificial_to_cgreGFP,45,aubin_1_10_1
iterative_fancy,1,96,4904,0.9734822614280683,0.9866520467865397,-0.6367051757673192,-0.6426149624676034,-0.506545243498276,-0.14582032035226866,artificial_to_cgreGFP,45,aubin_1_10_1
iterative_fancy,2,192,4904,0.5835163078025934,0.7638823913421446,0.018940355703943812,-0.2105518152639628,-0.187604557312966,0.21753729911420544,artificial_to_cgreGFP,45,aubin_1_10_1
iterative_fancy,3,288,4904,0.2969370302293555,0.5449192878118332,0.5007629892090497,0.837373915903858,0.6471741683072101,0.7223375609212528,artificial_to_cgreGFP,45,aubin_1_10_1
iterative_fancy,4,384,4904,0.5673128705617979,0.7532017462551437,0.046183019127853275,0.7911151190073898,0.5787437751856518,0.6161026847139668,artificial_to_cgreGFP,45,aubin_1_10_1
iterative_fancy,5,480,4904,0.37617193133304117,0.6133285671913882,0.36754620871263755,0.856919638337595,0.6748845387438318,0.7056739664617117,artificial_to_cgreGFP,45,aubin_1_10_1
iterative_fancy,6,576,4904,0.32856722526474386,0.5732078377558562,0.4475834850966627,0.8569845420970262,0.6761647205023908,0.7694241288927972,artificial_to_cgreGFP,45,aubin_1_10_1
iterative_fancy,7,672,4904,0.27632519255721055,0.5256664270782475,0.5354174485009803,0.835810262752551,0.6453754129947266,0.7368496445661092,artificial_to_cgreGFP,45,aubin_1_10_1
iterative_fancy,8,768,4904,0.290388940972006,0.5388774823389877,0.5117722207107809,0.8497297272937337,0.6640370383472631,0.7369650156851424,artificial_to_cgreGFP,45,aubin_1_10_1
iterative_fancy,9,864,4904,0.27411285705516775,0.5235578831945592,0.5391370242037933,0.8499471640994649,0.6641671748295286,0.7769267375442467,artificial_to_cgreGFP,45,aubin_1_10_1
iterative_fancy,10,960,4904,0.32900915999243724,0.5735932007899303,0.44684046502857633,0.8544743099970494,0.6712779721586805,0.7220818608962296,artificial_to_cgreGFP,45,aubin_1_10_1
iterative_random,1,96,4904,0.368091431958559,0.6067053914038996,0.3811318647364035,0.8526921232619618,0.6691806482981217,0.8222279120636804,artificial_to_cgreGFP,45,aubin_1_10_1
iterative_random,2,192,4904,0.5604131053801715,0.7486074441121805,0.05778351954969008,0.8379345855138681,0.6463496895734424,0.6468292493700758,artificial_to_cgreGFP,45,aubin_1_10_1
iterative_random,3,288,4904,0.5653216564385338,0.7518787511550874,0.04953082585298707,0.6734455441245792,0.44579679718835274,0.685107037331433,artificial_to_cgreGFP,45,aubin_1_10_1
iterative_random,4,384,4904,0.43597344752440764,0.6602828541802427,0.2670025676548544,0.8301370956579137,0.6308020343577802,0.7059006047156601,artificial_to_cgreGFP,45,aubin_1_10_1
iterative_random,5,480,4904,0.28173861175769244,0.5307905535686298,0.5263159254685736,0.845886109152572,0.6582725693564908,0.7751326869910238,artificial_to_cgreGFP,45,aubin_1_10_1
iterative_random,6,576,4904,0.37169125346240545,0.609664869795206,0.37507952385600485,0.8575559723914046,0.6752945747103267,0.7467331124144809,artificial_to_cgreGFP,45,aubin_1_10_1
iterative_random,7,672,4904,0.322658750895432,0.5680305897532562,0.4575173390191317,0.8486299311737038,0.6627265621725723,0.7467712265225532,artificial_to_cgreGFP,45,aubin_1_10_1
iterative_random,8,768,4904,0.2914302158959097,0.5398427696060305,0.5100215364663142,0.8544152575309854,0.6715687539060103,0.7743795526100856,artificial_to_cgreGFP,45,aubin_1_10_1
iterative_random,9,864,4904,0.30153128769121207,0.5491186462789368,0.4930387139299117,0.8537602323881913,0.6701115465669177,0.7759229837977748,artificial_to_cgreGFP,45,aubin_1_10_1
iterative_random,10,960,4904,0.2799203136803562,0.5290749603603975,0.5293730103197124,0.8586281830217329,0.678554555704581,0.8005893740589507,artificial_to_cgreGFP,45,aubin_1_10_1
source_only,0,0,4904,1.9463168856090567,1.3951046145752142,-2.2723214860500636,0.8085415745383578,0.6164321670285545,0.7355862025826785,artificial_to_cgreGFP,45,aubin_linear
oneshot_fancy,1,960,4904,0.33144929627804554,0.5757163331694225,0.442737890337206,0.7938965089792898,0.5998422647912637,0.7286913916591395,artificial_to_cgreGFP,45,aubin_linear
oneshot_random,1,960,4904,0.2923190308397537,0.5406653593857791,0.5085271815339965,0.7964227801039809,0.6015412710018264,0.7306458910012981,artificial_to_cgreGFP,45,aubin_linear
iterative_fancy,1,96,4904,0.7061922898566596,0.840352479532642,-0.18731344339012934,0.7880638907019785,0.5933942969113857,0.7229042070550894,artificial_to_cgreGFP,45,aubin_linear
iterative_fancy,2,192,4904,0.3309720521591156,0.5753017053330501,0.4435402757021034,0.793235394985865,0.597970918379971,0.724857780247659,artificial_to_cgreGFP,45,aubin_linear
iterative_fancy,3,288,4904,0.32042747370335467,0.5660631357926028,0.4612687611801142,0.7914485093760396,0.5960995854807388,0.7246377054979954,artificial_to_cgreGFP,45,aubin_linear
iterative_fancy,4,384,4904,0.309135737819528,0.5559997642261443,0.48025343434441525,0.7935626983877213,0.5987516268223368,0.7253807240374326,artificial_to_cgreGFP,45,aubin_linear
iterative_fancy,5,480,4904,0.29440707803028915,0.5425929211022653,0.5050165704223133,0.7946578531840982,0.6005923049865138,0.7246311263074012,artificial_to_cgreGFP,45,aubin_linear
iterative_fancy,6,576,4904,0.3122596676477887,0.5588019932389188,0.4750012049805771,0.7926795212948152,0.5976720769197408,0.7243837298751874,artificial_to_cgreGFP,45,aubin_linear
iterative_fancy,7,672,4904,0.3055409731073271,0.5527576079144702,0.4862972732958246,0.7935954870499773,0.599134659556325,0.7234156732493529,artificial_to_cgreGFP,45,aubin_linear
iterative_fancy,8,768,4904,0.314798875256262,0.5610694032437181,0.47073206274778545,0.7929979192929425,0.5982669759469476,0.7244426898941198,artificial_to_cgreGFP,45,aubin_linear
iterative_fancy,9,864,4904,0.3344984575157641,0.5783584161363645,0.4376113685943218,0.7888117998592173,0.5934610243603395,0.7233839098737225,artificial_to_cgreGFP,45,aubin_linear
iterative_fancy,10,960,4904,0.3130374929033214,0.559497536101207,0.473693455808337,0.7927970408977865,0.5981293365012169,0.7237524084151844,artificial_to_cgreGFP,45,aubin_linear
iterative_random,1,96,4904,0.4546610325728704,0.6742855719744197,0.23558333344452365,0.7955732440188182,0.6012904344381081,0.7292723583786728,artificial_to_cgreGFP,45,aubin_linear
iterative_random,2,192,4904,0.303930957134946,0.5512993353296791,0.48900417570121457,0.8001092460513224,0.6051983340391014,0.7322655483372519,artificial_to_cgreGFP,45,aubin_linear
iterative_random,3,288,4904,0.3295444015963467,0.5740595801799206,0.445940569120746,0.7953644026235729,0.5995282780679464,0.7298929690251086,artificial_to_cgreGFP,45,aubin_linear
iterative_random,4,384,4904,0.32414253896838596,0.569335172783472,0.45502266221302023,0.7888625654058617,0.5928636063857261,0.7244712661426325,artificial_to_cgreGFP,45,aubin_linear
iterative_random,5,480,4904,0.31768795402301836,0.5636381410293473,0.4658746859283939,0.7928833510872128,0.596476545961433,0.7289543335630106,artificial_to_cgreGFP,45,aubin_linear
iterative_random,6,576,4904,0.2940319432605155,0.542247123791833,0.5056472804451114,0.8037002252040614,0.6088923147012602,0.7347840134384023,artificial_to_cgreGFP,45,aubin_linear
iterative_random,7,672,4904,0.2963380640513406,0.544369418732666,0.5017700245526917,0.8015889285155515,0.6064683296140069,0.7337597365502841,artificial_to_cgreGFP,45,aubin_linear
iterative_random,8,768,4904,0.2904339367165471,0.5389192302345011,0.5116965698531373,0.8037591808969117,0.6090573087974146,0.7356383332099267,artificial_to_cgreGFP,45,aubin_linear
iterative_random,9,864,4904,0.29003717534622836,0.538550996049797,0.5123636404450478,0.8004397354506483,0.6050948896511323,0.7343022854081918,artificial_to_cgreGFP,45,aubin_linear
iterative_random,10,960,4904,0.28252764942260045,0.531533300389167,0.5249893249939683,0.8064044393213677,0.6116677965373309,0.7377445597766856,artificial_to_cgreGFP,45,aubin_linear
source_only,0,0,4904,2.6296274247502813,1.6216126000837194,-3.4211640899493627,0.8117124273848093,0.6228378597319654,0.8040879728144024,artificial_to_cgreGFP,45,mlp_small
oneshot_fancy,1,960,4904,0.15246473578931258,0.390467329989735,0.7436626920943608,0.8577193905118426,0.6758259934518349,0.8853223113114632,artificial_to_cgreGFP,45,mlp_small
oneshot_random,1,960,4904,0.14258083329993476,0.3775987729057587,0.7602803902303421,0.855698008583632,0.6729753613790662,0.8812383981422754,artificial_to_cgreGFP,45,mlp_small
iterative_fancy,1,96,4904,0.21878424614472466,0.46774378258264926,0.6321604180890549,0.8544981335055613,0.6759329501419361,0.8436946283067954,artificial_to_cgreGFP,45,mlp_small
iterative_fancy,2,192,4904,0.21127735357240204,0.45964916357195956,0.6447816752129655,0.823322913491511,0.6320060329797268,0.8317475943864842,artificial_to_cgreGFP,45,mlp_small
iterative_fancy,3,288,4904,0.1947381530960732,0.44129146048396767,0.672588853725854,0.8583692731700118,0.6770578903085088,0.8731713923315617,artificial_to_cgreGFP,45,mlp_small
iterative_fancy,4,384,4904,0.22853305619289158,0.47805131125527894,0.6157698494103813,0.8573750545348111,0.6735905978637087,0.8778287900459383,artificial_to_cgreGFP,45,mlp_small
iterative_fancy,5,480,4904,0.20111756314469936,0.4484613284829578,0.661863220749644,0.8672569986709242,0.6893837527359533,0.8911595541715516,artificial_to_cgreGFP,45,mlp_small
iterative_fancy,6,576,4904,0.25460084608311134,0.5045798708659625,0.5719423567845279,0.8599931571829995,0.6794162588305123,0.883250866114255,artificial_to_cgreGFP,45,mlp_small
iterative_fancy,7,672,4904,0.21796675710718283,0.4668691006129907,0.63353485354812,0.8681698750340814,0.6909288717775673,0.8923556089219239,artificial_to_cgreGFP,45,mlp_small
iterative_fancy,8,768,4904,0.2919301964285875,0.5403056509315699,0.5091809246153944,0.860522126193039,0.6800410605325053,0.8710007605503249,artificial_to_cgreGFP,45,mlp_small
iterative_fancy,9,864,4904,0.17601228519755643,0.4195381808579005,0.7040724524770802,0.8686905889058452,0.6908650755135554,0.8913210151637136,artificial_to_cgreGFP,45,mlp_small
iterative_fancy,10,960,4904,0.14821599403226254,0.3849883037603383,0.7508060555636256,0.867634131460139,0.689381867526694,0.8977688482711321,artificial_to_cgreGFP,45,mlp_small
iterative_random,1,96,4904,0.2514851057799052,0.5014829067674244,0.5771808171886481,0.8263595118045126,0.635227951119498,0.8431122504009138,artificial_to_cgreGFP,45,mlp_small
iterative_random,2,192,4904,0.1698794601223178,0.41216436056786593,0.7143835048099637,0.8500920075083019,0.66429803912701,0.8598678563727578,artificial_to_cgreGFP,45,mlp_small
iterative_random,3,288,4904,0.16564274804996237,0.406992319399227,0.7215066429007264,0.8595556808958907,0.678113217410923,0.8700371725150131,artificial_to_cgreGFP,45,mlp_small
iterative_random,4,384,4904,0.15063240788141297,0.38811391096096126,0.7467433651475737,0.8645264942887914,0.6849028557112383,0.8856437423411497,artificial_to_cgreGFP,45,mlp_small
iterative_random,5,480,4904,0.12883740354423914,0.3589392755665492,0.7833870697305353,0.8678578782489837,0.6897326065451863,0.8878176309831628,artificial_to_cgreGFP,45,mlp_small
iterative_random,6,576,4904,0.16900831847228467,0.41110621312780554,0.7158481458249362,0.846361278779312,0.6598781746171113,0.8567847812986771,artificial_to_cgreGFP,45,mlp_small
iterative_random,7,672,4904,0.1562180198646712,0.39524425342396974,0.73735233625567,0.8547902685590375,0.6718840165865607,0.8735140328398882,artificial_to_cgreGFP,45,mlp_small
iterative_random,8,768,4904,0.15033707753647077,0.38773325564938427,0.7472399008558042,0.857622718070977,0.6754876077507076,0.8698888300842169,artificial_to_cgreGFP,45,mlp_small
iterative_random,9,864,4904,0.12379632166331553,0.3518470145721227,0.7918625860628729,0.8662006369678533,0.6881610830183879,0.8914309925551465,artificial_to_cgreGFP,45,mlp_small
iterative_random,10,960,4904,0.15043542242272911,0.38786005520384426,0.7470745546643767,0.86672822287301,0.6897427802006064,0.8841679761525436,artificial_to_cgreGFP,45,mlp_small
source_only,0,0,4904,1.7072607318617874,1.306621877920995,-1.8703989655891244,0.8214721448948201,0.6315681179591531,0.8220817596328395,artificial_to_cgreGFP,46,aubin_1_10_1
oneshot_fancy,1,960,4904,0.5144513789114242,0.7172526604422073,0.13505847213921807,0.816705958078965,0.6224743404756024,0.3826475187275322,artificial_to_cgreGFP,46,aubin_1_10_1
oneshot_random,1,960,4904,0.29707825693422674,0.5450488573827366,0.5005255462807316,0.85583330592607,0.6754306236624205,0.7814625133502546,artificial_to_cgreGFP,46,aubin_1_10_1
iterative_fancy,1,96,4904,0.8732010494038491,0.9344522724055248,-0.46810346081517973,-0.6709291920821732,-0.5295215200622939,-0.11362323324783838,artificial_to_cgreGFP,46,aubin_1_10_1
iterative_fancy,2,192,4904,0.5839255512420803,0.764150215103078,0.018252299144418727,-0.14686619131307185,-0.1537072626841834,0.26830464720478986,artificial_to_cgreGFP,46,aubin_1_10_1
iterative_fancy,3,288,4904,0.5052646533628641,0.7108197052437869,0.15050401424044257,0.7746735296204053,0.5705209924688766,0.5679591196891718,artificial_to_cgreGFP,46,aubin_1_10_1
iterative_fancy,4,384,4904,0.4634100363559096,0.6807422686714184,0.22087372820374418,0.8562695716545072,0.6729978868351455,0.8118533316102714,artificial_to_cgreGFP,46,aubin_1_10_1
iterative_fancy,5,480,4904,0.40699339671016743,0.6379603410167183,0.3157264130098647,0.854209047827927,0.6710902856816089,0.7914773498885682,artificial_to_cgreGFP,46,aubin_1_10_1
iterative_fancy,6,576,4904,0.3579402435629902,0.5982810740471323,0.398198947769682,0.8571535421473089,0.6756059662483345,0.7804600842470233,artificial_to_cgreGFP,46,aubin_1_10_1
iterative_fancy,7,672,4904,0.29966238521950833,0.547414272027601,0.496180879400862,0.8575126215944239,0.6760958732317419,0.799898917198397,artificial_to_cgreGFP,46,aubin_1_10_1
iterative_fancy,8,768,4904,0.28624376333514434,0.5350175355398591,0.5187414629471765,0.8572080169588439,0.6751446239008548,0.7980473396899803,artificial_to_cgreGFP,46,aubin_1_10_1
iterative_fancy,9,864,4904,0.29319989862288487,0.5414793612159977,0.5070461880768558,0.8624298842645383,0.6833586417688605,0.8229794186525897,artificial_to_cgreGFP,46,aubin_1_10_1
iterative_fancy,10,960,4904,0.49548472889207884,0.7039067615047314,0.16694689526065343,0.8191941102873326,0.6288175915773245,0.5656607190158615,artificial_to_cgreGFP,46,aubin_1_10_1
iterative_random,1,96,4904,0.6733610635117407,0.8205858050878901,-0.13211465835352332,0.8268807868091166,0.6273783448801484,0.7411383807093854,artificial_to_cgreGFP,46,aubin_1_10_1
iterative_random,2,192,4904,0.7692756081090075,0.8770835810280612,-0.2933747426856419,0.6618679303641299,0.43001042696638775,0.7325295650505135,artificial_to_cgreGFP,46,aubin_1_10_1
iterative_random,3,288,4904,0.3115709153440554,0.5581853772216319,0.4761591967643084,0.8443702594169065,0.6592972658448111,0.7662167805800699,artificial_to_cgreGFP,46,aubin_1_10_1
iterative_random,4,384,4904,0.4046001889678909,0.636081904292121,0.3197500872499318,0.8506639579440309,0.6641136367260847,0.7073219804144322,artificial_to_cgreGFP,46,aubin_1_10_1
iterative_random,5,480,4904,0.27085012420470217,0.5204326317639029,0.5446226215845501,0.8371273005747398,0.6501556996118728,0.78084203471145,artificial_to_cgreGFP,46,aubin_1_10_1
iterative_random,6,576,4904,0.3190653276440934,0.5648586793562558,0.46355892258693165,0.8537022585862597,0.6721018110383314,0.7813632372150381,artificial_to_cgreGFP,46,aubin_1_10_1
iterative_random,7,672,4904,0.23580073554053588,0.48559317905066984,0.6035507788885857,0.8491693009044244,0.6653400111451837,0.8425005572696234,artificial_to_cgreGFP,46,aubin_1_10_1
iterative_random,8,768,4904,0.27827201937908064,0.5275149470669819,0.5321442696646213,0.8567907937033492,0.6776924750273167,0.8114368447833742,artificial_to_cgreGFP,46,aubin_1_10_1
iterative_random,9,864,4904,0.29215370859157397,0.540512449987578,0.5088051360381374,0.8553180819444935,0.6764095673059823,0.7846759036819404,artificial_to_cgreGFP,46,aubin_1_10_1
iterative_random,10,960,4904,0.26236926330309623,0.512219936456105,0.5588814011048453,0.852467723162661,0.6718337390531985,0.7981263136089947,artificial_to_cgreGFP,46,aubin_1_10_1
source_only,0,0,4904,1.9141351631683972,1.383522736773197,-2.218214704888518,0.8060599788811598,0.6140256448334268,0.73615974567504,artificial_to_cgreGFP,46,aubin_linear
oneshot_fancy,1,960,4904,0.35390697442270275,0.5949008105749249,0.4049800394636254,0.7921472421335726,0.5968972032589941,0.7286373986439814,artificial_to_cgreGFP,46,aubin_linear
oneshot_random,1,960,4904,0.305825835763404,0.553015221999724,0.48581833679943687,0.7911158574543781,0.5966453331170833,0.7293296335277375,artificial_to_cgreGFP,46,aubin_linear
iterative_fancy,1,96,4904,0.45389802897308806,0.6737195477148397,0.23686616312758424,0.7914264449995607,0.5982299325679368,0.7269439414348183,artificial_to_cgreGFP,46,aubin_linear
iterative_fancy,2,192,4904,0.34276640414634546,0.5854625557167131,0.4237105595303855,0.791122719568307,0.5962724655798961,0.7276724409510585,artificial_to_cgreGFP,46,aubin_linear
iterative_fancy,3,288,4904,0.3534755741430446,0.5945381183263564,0.40570534807839986,0.7863272555039438,0.5913284618694047,0.7239056670247117,artificial_to_cgreGFP,46,aubin_linear
iterative_fancy,4,384,4904,0.3563680885729851,0.5969657348399362,0.4008421949157318,0.7850585948913036,0.5902465061034432,0.7228768185159331,artificial_to_cgreGFP,46,aubin_linear
iterative_fancy,5,480,4904,0.3200424686667839,0.5657229610567207,0.4619160659755066,0.7901448711294542,0.5953085577006356,0.7261658891310285,artificial_to_cgreGFP,46,aubin_linear
iterative_fancy,6,576,4904,0.3230605272791919,0.5683841370756153,0.4568418367394741,0.7910331967383132,0.595788787753294,0.7255751652330862,artificial_to_cgreGFP,46,aubin_linear
iterative_fancy,7,672,4904,0.3183570340599081,0.5642313657179191,0.4647497689137031,0.7912073492687852,0.5961123852368263,0.7265415228518763,artificial_to_cgreGFP,46,aubin_linear
iterative_fancy,8,768,4904,0.3264775413404397,0.5713821325001681,0.4510968480310925,0.7895085578183131,0.5944379253365469,0.725338971497387,artificial_to_cgreGFP,46,aubin_linear
iterative_fancy,9,864,4904,0.3474858909542957,0.5894793388697315,0.4157757375088664,0.787353744642808,0.5920271069511254,0.7251839285481804,artificial_to_cgreGFP,46,aubin_linear
iterative_fancy,10,960,4904,0.3647868066333376,0.6039758328222559,0.3866878954809465,0.7840061098542714,0.5886752593076691,0.7223944470955346,artificial_to_cgreGFP,46,aubin_linear
iterative_random,1,96,4904,0.4168586572810311,0.6456459225310969,0.2991400573294444,0.7915868668109594,0.597428094962432,0.7277151942521066,artificial_to_cgreGFP,46,aubin_linear
iterative_random,2,192,4904,0.29686506304524796,0.5448532490912098,0.5008839868557264,0.7898653308491023,0.5964242690434299,0.7264990275745427,artificial_to_cgreGFP,46,aubin_linear
iterative_random,3,288,4904,0.31268460545110943,0.5591820861321556,0.4742867616572298,0.7844120945769184,0.5896994696750618,0.7238349603395011,artificial_to_cgreGFP,46,aubin_linear
iterative_random,4,384,4904,0.29628609342163653,0.5443216819323262,0.5018574022091677,0.7925299159696968,0.5978984327912571,0.7290696583460271,artificial_to_cgreGFP,46,aubin_linear
iterative_random,5,480,4904,0.2991483301539111,0.5469445402907969,0.4970451546114427,0.7924298635992381,0.5977021028988314,0.7291577307088335,artificial_to_cgreGFP,46,aubin_linear
iterative_random,6,576,4904,0.28682390548318165,0.5355594322604931,0.5177660762411255,0.7969314616052846,0.6033124354735443,0.7324931474528186,artificial_to_cgreGFP,46,aubin_linear
iterative_random,7,672,4904,0.29215434130760215,0.5405130352800034,0.5088040722595365,0.7955401558403161,0.6005559671971862,0.7326042611221655,artificial_to_cgreGFP,46,aubin_linear
iterative_random,8,768,4904,0.2968412672930681,0.5448314118083392,0.5009239943959737,0.7933816143476715,0.5984250910074822,0.7311500413531333,artificial_to_cgreGFP,46,aubin_linear
iterative_random,9,864,4904,0.2887270686930255,0.5373332938624086,0.5145663085624501,0.7976273159924596,0.6036829194624528,0.7341736729754114,artificial_to_cgreGFP,46,aubin_linear
iterative_random,10,960,4904,0.29153940818198054,0.5399438935500434,0.5098379526591437,0.7970733254232116,0.6024991068253072,0.7329387928305453,artificial_to_cgreGFP,46,aubin_linear
source_only,0,0,4904,2.5279078525968535,1.589939575140154,-3.250144075700593,0.7956687857382279,0.6131033529329412,0.7469492229691207,artificial_to_cgreGFP,46,mlp_small
oneshot_fancy,1,960,4904,0.16806354641207646,0.40995554199458806,0.717436580850547,0.8461041058318249,0.665177257208454,0.8491120405341276,artificial_to_cgreGFP,46,mlp_small
oneshot_random,1,960,4904,0.15121818812012613,0.38886782860006064,0.7457584991807735,0.8602502158378539,0.6824783382716307,0.8735331071909562,artificial_to_cgreGFP,46,mlp_small
iterative_fancy,1,96,4904,0.37405454881270556,0.6115999908540758,0.37110614099638417,0.7410320738926567,0.5538771432189419,0.7105756536877772,artificial_to_cgreGFP,46,mlp_small
iterative_fancy,2,192,4904,0.28042627034732454,0.5295528966470909,0.5285223508589778,0.8356610800089549,0.6473135563378237,0.8383294550489316,artificial_to_cgreGFP,46,mlp_small
iterative_fancy,3,288,4904,0.3339540497544772,0.5778875753591499,0.43852667546321034,0.834761003339703,0.6469887824736398,0.8432297503479363,artificial_to_cgreGFP,46,mlp_small
iterative_fancy,4,384,4904,0.21596473359697183,0.46472005938733896,0.6369008339783782,0.8541623373114708,0.6722736540299306,0.8657641742585211,artificial_to_cgreGFP,46,mlp_small
iterative_fancy,5,480,4904,0.17477857918246378,0.4180652810058063,0.7061466690296399,0.846489329503537,0.6613507370088185,0.8694285622931777,artificial_to_cgreGFP,46,mlp_small
iterative_fancy,6,576,4904,0.2075182227371566,0.45554168057067684,0.6511018611456882,0.8313199052636256,0.6410685185038234,0.8306391738840059,artificial_to_cgreGFP,46,mlp_small
iterative_fancy,7,672,4904,0.15702947662856642,0.39626944952717014,0.7359880427929104,0.8472762417193211,0.661178105018372,0.8730179616464211,artificial_to_cgreGFP,46,mlp_small
iterative_fancy,8,768,4904,0.16061059707534533,0.4007625195491032,0.7299671437970818,0.8440844262191062,0.6578125045763078,0.8628545782430326,artificial_to_cgreGFP,46,mlp_small
iterative_fancy,9,864,4904,0.12445062026012826,0.3527755947626313,0.7907625209231859,0.865818367815922,0.6880066807209199,0.8954705447167584,artificial_to_cgreGFP,46,mlp_small
iterative_fancy,10,960,4904,0.12968017947003752,0.36011134315658194,0.7819701197002976,0.8657179892060388,0.6881064618545025,0.8975295817879805,artificial_to_cgreGFP,46,mlp_small
iterative_random,1,96,4904,0.20143744931676905,0.448817835337199,0.6613253995953943,0.8531233393266785,0.6704239548687853,0.8677196513477607,artificial_to_cgreGFP,46,mlp_small
iterative_random,2,192,4904,0.19146885025568983,0.43757153730069076,0.6780854971594557,0.8592859011709476,0.6807689345564192,0.8679856456638304,artificial_to_cgreGFP,46,mlp_small
iterative_random,3,288,4904,0.1711950650716665,0.4137572537994549,0.7121715924668406,0.8538633791708048,0.6724005953482007,0.8627367547856741,artificial_to_cgreGFP,46,mlp_small
iterative_random,4,384,4904,0.13401655013579833,0.36608270941933096,0.7746794266965189,0.8677884668256135,0.6919567085681897,0.9017387371925165,artificial_to_cgreGFP,46,mlp_small
iterative_random,5,480,4904,0.17910000747030771,0.423202088215911,0.6988810984839109,0.847802867011108,0.6623863639615873,0.8640310306391566,artificial_to_cgreGFP,46,mlp_small
iterative_random,6,576,4904,0.13791007871454114,0.3713624627160655,0.7681332792942253,0.8654701427022523,0.6889075976098183,0.8923153582289505,artificial_to_cgreGFP,46,mlp_small
iterative_random,7,672,4904,0.17467477131084755,0.4179411098598073,0.706321200079143,0.8514857144319031,0.6680704054024096,0.8728364573951327,artificial_to_cgreGFP,46,mlp_small
iterative_random,8,768,4904,0.1398636607677709,0.37398350333640507,0.7648487429605927,0.8618061635500995,0.684186683746818,0.8803664861255354,artificial_to_cgreGFP,46,mlp_small
iterative_random,9,864,4904,0.12139729653733947,0.3484211482349191,0.7958960410071065,0.8656799120482983,0.68912921182421,0.8937919896718516,artificial_to_cgreGFP,46,mlp_small
iterative_random,10,960,4904,0.14738613913356874,0.3839090245534334,0.7522012816110273,0.8660624626383047,0.6912537663814372,0.888364268773846,artificial_to_cgreGFP,46,mlp_small
