,nt_genotype,aa_genotype,pseudocell_count,n_replicates,brightness,brightness_stdev,nt_indel,n_ntmut,n_aamut,coeff_variation,2018_gates,gene
0,C259T:A688G,S86F:D229G,1149.7299999999998,13,1432.5920676321932,92.71,False,2,2,0.064714863424612,23637.510295829146,cgre132
7,wt_ctrl_cgre911,wt_ctrl_cgre911,28972.245000000003,12,1453.0325022233835,159.58,False,0,0,0.1098254854972726,24150.513287566784,cgre132
8,C170T:G375A:T424C:C539A,V125M:V141A,4840.563999999999,14,1094.964232763717,77.65,False,4,2,0.0709155584050535,15497.798391561928,cgre132
15,A186C:C259G:C340T:G605A:C683T,I62L:S86C:T113M,3442.311,12,1974.138391403373,42.21,False,5,3,0.0213814797299969,37239.8751238863,cgre132
21,A90G:A354G,I30V:T118A,4535.788,8,1994.433931583785,68.4,False,2,2,0.0342954453977241,37730.97106263145,cgre132
25,wt,wt,1924502.8559999987,6205,1990.7565634963216,67.74,False,0,0,0.0340272644290719,37642.19468859619,cgre132
33,A393G,K131E,12454.441,38,1952.64857674576,56.55,False,1,1,0.0289606643373816,36716.96358271343,cgre132
49,A499T,N166I,2686.873,11,1976.7493355623549,67.63,False,1,1,0.0342127344035556,37303.2062152481,cgre132
51,C368T,wt,29201.754,81,2005.5486863759063,55.06,False,1,0,0.0274538336436475,37998.72590351406,cgre132
68,T409A,I136N,5393.419999999999,25,411.9257075221846,49.55,False,1,1,0.1202886809324262,3204.2691037927634,cgre132
81,G72A:G125T:G369A:G533A,V24I:V123I,3256.385,13,1723.232153083865,94.12,False,4,2,0.0546182937868032,30995.909099732788,cgre132
88,C27A:A76C:A96G:C563T:G611A:C634A,L9M:E25A:K32E:P211H,2591.4479999999994,23,1743.9001171462207,114.92,False,6,4,0.0658982695568936,31518.631467271156,cgre132
99,G62T:A123T:T150A:C431T:C468T:T553C,T41S:C50S:R156C:F184S,3473.497999999999,23,1597.048855758694,95.11,False,6,4,0.0595535945297159,27793.53810013324,cgre132
111,C320T:C368A:T638C,wt,6548.667000000001,20,1994.7641717218312,63.94,False,3,0,0.0320539143957095,37738.938941675726,cgre132
121,T30C:C233T,F10L,6000.205000000001,14,1885.012657710919,68.73,False,2,1,0.0364612936251912,35053.63691258667,cgre132
128,G59A:A487G:C682T,K162R:A227V,1235.218,4,1889.5749079614675,32.23,False,3,2,0.0170567463952888,35166.59542618877,cgre132
130,A335C:C547G,K111N:A182G,1259.801,4,1842.1097284215964,29.03,False,2,2,0.0157591046570685,33986.691272516364,cgre132
132,A129G:G299A,T43A,4102.125,10,1823.65289633738,57.86,False,2,1,0.0317275289152918,33525.311395049685,cgre132
137,G21C:A306G,A7P:N102D,9166.108,18,1979.641294089717,45.92,False,2,2,0.0231961215080204,37373.3014305295,cgre132
153,G536A:T617A,M178I,2338.663,4,1861.6138757390909,26.02,False,2,1,0.0139771197126845,34472.74935877014,cgre132
155,T10C:G203A:A226T:A695T,L3P:K75I:E231D,6290.133000000001,20,1761.8063750024364,56.16,False,4,3,0.0318763746100773,31970.74326496658,cgre132
165,C185T:G299T:G582A:C607T,D194N:T202I,4531.921,12,1001.3642036710422,35.19,False,4,2,0.0351420590740032,13409.181768367378,cgre132
171,C22T:G72A:T91A:T104C:G212A:C350T:A696G,A7V:V24I:I30N:T232A,3540.8879999999995,15,1894.4688183668145,45.98,False,7,4,0.0242706554756802,35287.65143075112,cgre132
178,C500G,N166K,1554.6439999999998,15,1282.2515263171708,115.69,False,1,1,0.0902241078490114,19920.361474508383,cgre132
184,A40T:A660G,E13V:T220A,298.759,2,1939.918573332299,4.27,False,2,2,0.0022011233145034,36405.86271514304,cgre132
196,G341A,wt,17210.369,46,2004.3218956642152,49.0,False,1,0,0.0244471709389582,37969.215004769394,cgre132
207,C209T:A277T:C320T:A348T,Y92F:N116Y,3845.475,22,1515.6131987163471,106.54,False,4,2,0.0702949803355066,25728.709766428758,cgre132
218,G18T:A49G:G341A,G6C:Y16C,3014.802,10,1782.9711497046364,84.71,False,3,2,0.0475105836760358,32504.062195845017,cgre132
223,T301A:A586T,F100Y:Y195F,2402.2830000000004,8,1989.496871758754,54.91,False,2,2,0.0275999428697057,37611.76288120699,cgre132
227,A135G,K45E,13807.426000000003,59,1893.0843949272676,76.52,False,1,1,0.0404208075482762,35253.4183778535,cgre132
235,C442A,P147H,15538.664999999995,31,979.9822312629592,37.25,False,1,1,0.0380108932709869,12945.73475234084,cgre132
244,C32T,wt,3309.273000000001,12,1996.7732643133745,37.05,False,1,0,0.0185549359369754,37787.39717205518,cgre132
252,A194G:G351A,G117S,936.988,2,1951.3485240673333,24.96,False,2,1,0.0127911542669856,36685.237100746126,cgre132
253,A384G:C385A,T128D,5020.572999999999,15,1917.2725475286363,52.9,False,2,1,0.0275912780726913,35850.1036883747,cgre132
261,C22A:A90T:A307G:C314T,A7E:I30F:N102S,1047.563,7,1916.8311700222223,77.17,False,4,3,0.0402591533395741,35839.24332425919,cgre132
264,C230T,wt,14365.176999999994,44,1995.696680384381,58.3,False,1,0,0.0292128561284028,37761.434014990606,cgre132
272,A238T,H79L,11556.683999999996,40,1878.4045790847988,66.49,False,1,1,0.0353970602181961,34889.84644776995,cgre132
284,C434T,wt,8776.461,24,2023.5837696972571,55.33,False,1,0,0.0273425794516417,38431.31699377216,cgre132
295,G642T,D214Y,5165.830000000001,23,1969.1280653351685,50.44,False,1,1,0.0256153984537387,37118.22067712877,cgre132
307,A304G:A394G,D101G:K131R,5558.662,22,1169.3444106739823,81.74,False,2,2,0.0699024164770129,17219.712484211912,cgre132
318,C27T:A266T:C521T,Q88H,6080.87,18,1915.691341517056,69.83,False,3,1,0.0364515924286116,35811.19224645363,cgre132
327,A74G:A84G:G341A:G519A,K28E:G173S,2344.405,10,1736.082773437926,105.65,False,4,2,0.0608553933121424,31321.022641955573,cgre132
336,T10C:T553C,L3P:F184S,11740.715999999997,31,1986.2286046978772,58.45,False,2,2,0.0294276297611224,37532.75747801502,cgre132
352,A36G:T297A,K12E:S99T,2624.706,8,1997.9385263059803,50.18,False,2,2,0.025115887871074,37815.48986335352,cgre132
356,A238G:C420A:G611A,H79R:R140S,2519.096,15,1655.4510988204415,63.03,False,3,2,0.0380742143606119,29276.9810955117,cgre132
364,T667C,V222A,12733.93,37,1866.6428396029305,54.97,False,1,1,0.0294485901821974,34597.80816502076,cgre132
366,G280T,S93I,14401.020000000002,28,1946.3864452585565,72.7,False,1,1,0.0373512671017099,36564.048404408786,cgre132
380,A120T:C197A:C237T:C385T,T40S:H79Y:T128I,6108.359,22,1807.2977834648111,60.51,False,4,3,0.0334809241474279,33115.41034022964,cgre132
391,A572G,wt,15639.337000000003,59,1987.423474333124,56.88,False,1,0,0.028619969892972,37561.65001155866,cgre132
398,A339G,T113A,10227.319000000003,27,1932.0968415847703,54.12,False,1,1,0.0280110183067267,36214.23793518977,cgre132
419,A648G,T216A,4795.101,17,1918.853804041395,46.28,False,1,1,0.0241185648966728,35889.00274980622,cgre132
424,G212A:A322C,D107A,8956.341000000002,28,1998.0889083216116,58.82,False,2,1,0.0294381294821403,37819.11465795956,cgre132
438,C314T,wt,24435.067999999992,68,1993.022416472725,55.36,False,1,0,0.027776907847317,37696.906236364644,cgre132
447,A25C:T144C,K8T:Y48H,636.41,6,1410.2556458119252,153.75,False,2,2,0.109022786369688,23078.62863208316,cgre132
450,A84C:C397T:T455C:C528T,K28Q:S132L:H176Y,4670.731,12,1993.878006864196,55.78,False,4,3,0.0279756333175699,37717.55627696408,cgre132
456,A90G:T292C:A405G,I30V:I97T:N135D,6093.414999999998,15,1947.0664659739127,55.75,False,3,3,0.0286328181262749,36580.66530064105,cgre132
463,C155T:C463A,P154H,1048.8040000000003,11,1460.5244816648758,109.81,False,2,1,0.0751853196427257,24338.88396092161,cgre132
474,A49T,Y16F,5437.263999999999,26,1692.6109651609315,168.58,False,1,1,0.0995976059885513,30220.05702578117,cgre132
493,A328T:A606G,K109I:T202A,2159.6770000000006,12,867.2581014625829,61.3,False,2,2,0.0706825337193402,10597.230674429935,cgre132
500,G69A:C139T:A646T,D23N:A46V:E215V,3147.431999999999,10,1053.9881365023657,37.85,False,3,3,0.0359112201448531,14571.945858673156,cgre132
505,wt_ctrl_cgre1338,wt_ctrl_cgre1338,9621.815,10,1629.5726266424165,127.5,False,0,0,0.0782413731769058,28619.681940337778,cgre132
506,T95A:A349G,N116S,5984.938999999999,20,1967.825507622139,74.21,False,2,1,0.0377116770326212,37086.56714805321,cgre132
524,G317T:G546A,Q105H:A182T,1158.992,2,1932.68331587562,7.55,False,2,2,0.0039064858365476,36228.61823685099,cgre132
525,A449G,wt,11443.367,43,1989.689568868844,69.98,False,1,0,0.0351713157142318,37616.41878371257,cgre132
532,A64T:T389C:G450A,E21V:V150I,9842.934,28,1938.3491268223613,42.67,False,3,2,0.0220135781575898,36367.441322074126,cgre132
546,T182C:A291G:T621A,I97V:F207I,2384.0440000000003,6,1806.8841084047183,19.88,False,3,2,0.0110023658448974,33105.03043102341,cgre132
556,A70T:A339T:A348G,D23V:T113S:N116D,840.463,4,1934.0489733036416,66.79,False,3,3,0.0345337687524596,36262.09639433666,cgre132
558,C557T,wt,5510.467,13,1990.37134215784,60.57,False,1,0,0.0304315072856373,37632.889604188764,cgre132
563,A577T,E192V,2152.878,6,1990.6659695413105,79.67,False,1,1,0.0400217822673472,37640.006467703846,cgre132
566,C599T:C701T:C702A,R234S,4625.459,16,1916.4655389211,59.42,False,3,1,0.0310049926770148,35830.24594417124,cgre132
574,C7T:A85G:C174T:G636T:A675G,T2I:K28R:P58S:D212Y:I225V,1921.041,8,1070.8294609650577,53.51,False,5,5,0.0499706087202489,14950.394210046614,cgre132
591,C155A,wt,16239.86,48,2006.5404482123824,64.76,False,1,0,0.0322744552982694,38022.57529940144,cgre132
600,G546T,A182S,9569.733,28,2025.137779128457,61.54,False,1,1,0.0303880558815531,38468.48015061698,cgre132
627,A64T:A399C:A608C,E21V:N133H,11982.384000000004,30,1945.617645206092,36.74,False,3,2,0.0188834636088573,36545.258772558576,cgre132
641,C68T:C602T,wt,11949.772000000004,18,2005.532210582832,40.04,False,2,0,0.0199647753293196,37998.32964289755,cgre132
650,C635T,wt,7406.269,20,1980.8741042518104,36.52,False,1,0,0.0184363054277969,37403.16547704919,cgre132
657,T215C:G381A,G127S,699.953,8,1442.858956148328,62.86,False,2,1,0.0435662818823282,23895.007196160943,cgre132
661,T272A,D90E,5983.3470000000025,21,1977.245004803156,56.97,False,1,1,0.0288128177649241,37315.22413808346,cgre132
668,C626T,wt,10146.551,23,1975.0754534704663,73.72,False,1,0,0.0373251562974286,37262.609631281026,cgre132
679,C538T,A179V,16518.049000000003,40,1345.751309850151,154.86,False,1,1,0.1150732671530846,21476.521429461372,cgre132
691,A51G:C374A,I17V,1972.81,6,2003.510158145907,46.76,False,2,1,0.0233390381425731,37949.68251359972,cgre132
694,C47A,wt,4499.547999999999,12,2014.463347327232,76.34,False,1,0,0.0378959488646378,38212.848721673996,cgre132
700,A64T,E21V,2197.733,10,1927.414682975959,32.13,False,1,1,0.0166699985653272,36099.36149946168,cgre132
716,T213G:C251T:T593A:A695G,F71V,14302.791999999998,31,819.7252928465671,39.65,False,4,1,0.0483698628626084,9658.95993824052,cgre132
732,G570A,A190T,7836.615999999999,36,2010.1951496657496,53.99,False,1,1,0.0268580888820557,38110.4012558795,cgre132
743,G428T,L142F,5029.818999999999,18,1946.375367076464,52.17,False,1,1,0.0268036684405647,36563.777676472295,cgre132
752,A74G:A348T:A532T,N116Y:Q177L,4328.928999999999,17,1836.7973098372408,83.52,False,3,2,0.0454704498709227,33854.02891011325,cgre132
760,C350T:C467A,D155E,4910.6140000000005,15,1898.95276178876,32.56,False,2,1,0.017146292764718,35398.460879924685,cgre132
767,A74G:C275A:A686G,wt,4943.487,12,1980.5614688795968,37.57,False,3,0,0.0189693683282919,37395.5930352349,cgre132
773,A472T,K157M,9746.990000000002,28,1973.4455940984767,93.91,False,1,1,0.0475868198651306,37223.06316610766,cgre132
777,T353C:C458T:C539T:C674T,wt,1503.941,4,1992.219649839048,27.49,False,4,0,0.0137986792782718,37677.52655574662,cgre132
779,T50C:A343T:C411T:A449G:T617A,Y114F,8037.157999999999,30,1987.0942214998663,40.69,False,5,1,0.0204771366952529,37553.68947751668,cgre132
794,T673C,V224A,7525.977999999999,32,1882.3959725170887,51.56,False,1,1,0.0273906238393909,34988.803736624686,cgre132
806,A343G:C516T,Y114C,2514.795,4,1980.1981946214864,62.45,False,2,1,0.0315372472157703,37386.7932394089,cgre132
808,C236T:A532T,Q177L,3459.9040000000005,12,1943.378175147286,62.91,False,2,1,0.0323714657314354,36490.5055653558,cgre132
814,C198T:C431T,wt,3470.6810000000005,6,1993.725959656801,34.79,False,2,0,0.0174497401869556,37713.8869197158,cgre132
817,C298T:T435A,S99L:S145T,2143.492,8,1971.2052279491131,44.76,False,2,2,0.0227069202969643,37168.67539932031,cgre132
821,C92T:A135C:T297A:G299A,K45Q:S99T,1355.36,4,1878.4220021694357,42.75,False,4,2,0.0227584642591637,34890.278576987934,cgre132
823,G59T:T690C,E19D,6353.471000000001,25,1956.6226121097168,47.71,False,2,1,0.0243838539454253,36813.881767934865,cgre132
835,C121T:T483A,T40I:L161I,2702.0750000000003,10,1695.6036719272793,87.12,False,2,2,0.0513799311964077,30295.944788729925,cgre132
840,A663G,I221V,12034.855000000003,29,2022.9704419931231,108.5,False,1,1,0.0536340016382547,38416.644709619395,cgre132
846,A328G,K109R,8132.770999999999,16,1955.381614017413,56.75,False,1,1,0.0290224678360377,36783.62691578621,cgre132
854,A271T:A679G,D90V:K226R,2140.495,12,2050.7461991241385,63.47,False,2,2,0.0309497099285653,39078.245401206856,cgre132
860,T617A:C697A,T232K,4461.424999999999,18,1862.193708036995,106.3,False,2,1,0.057083212955356,34487.174197794615,cgre132
869,C332A,wt,4465.128,10,1966.901026762303,42.17,False,1,0,0.0214398179807835,37064.09470763603,cgre132
885,A291G:G619A,I97V:S206N,3020.565,8,1923.4114377002977,42.1,False,2,2,0.0218881926013377,36001.044082252105,cgre132
890,A379T,K126M,621.626,2,2073.5302109762274,34.61,False,1,1,0.0166913410842977,39616.39677279827,cgre132
891,A54T:G77A:G352A,T18S:G117D,2057.685,8,1912.979385439468,71.02,False,3,2,0.0371253347216204,35744.42299613908,cgre132
895,G518A:A558G,K186E,3326.281,12,1846.100388887884,64.33,False,2,1,0.0348464256804329,34086.27147123751,cgre132
901,A378G,K126E,476.9,2,1921.396577916026,24.53,False,1,1,0.0127667553288793,35951.52647678282,cgre132
907,G636A,D212N,14100.271999999995,53,1989.986917632532,54.46,False,1,1,0.0273670140830827,37623.60275992848,cgre132
916,G245A:A356T:A472G:C689T,K157R,5268.830000000001,15,2029.1379090951525,54.51,False,4,1,0.0268636250674097,38564.057776702866,cgre132
924,C563T,wt,12458.648,32,1982.6755772207573,54.4,False,1,0,0.0274376709054216,37446.7868888895,cgre132
932,T457C:A572G,I152T,934.576,7,1690.4699795405386,59.69,False,2,1,0.0353097071952874,30165.759811762982,cgre132
936,C128A:A650G,wt,2001.626,4,2025.207081760906,11.48,False,2,0,0.0056685561211933,38470.137060703535,cgre132
938,C60A:C233T,L20M,8331.188999999998,23,1924.2132921069383,52.62,False,2,1,0.0273462407810223,36020.74434646207,cgre132
949,G162C,D54H,16521.29,38,1986.8803319734957,39.58,False,1,1,0.0199206763301575,37548.51775621877,cgre132
961,A581G,wt,13437.229999999998,28,2005.524631608178,56.52,False,1,0,0.0281821519961478,37998.147359726005,cgre132
971,C185T,wt,2135.82,6,2015.5360821582556,77.61,False,1,0,0.038505884705817,38238.57632628406,cgre132
974,C516T,wt,899.6600000000001,3,2029.842037375928,102.36,False,1,0,0.0504275692961436,38580.869524205526,cgre132
976,T427C,L142S,7592.001000000005,32,2012.8536815009836,54.61,False,1,1,0.0271306357247375,38174.228143254324,cgre132
984,A64T:A400G,E21V:N133S,3591.795,8,1928.5811761786504,57.62,False,2,2,0.0298768860298481,36127.992962122364,cgre132
997,T213C,F71L,8070.798000000001,26,1756.8657486291063,103.18,False,1,1,0.0587295870959474,31846.075743622197,cgre132
1001,G245T:A449T,wt,2208.55,18,2009.9748525131129,67.05,False,2,0,0.0333586263112526,38105.110010861965,cgre132
1010,T219A,F73I,6159.333,32,1421.155496316288,89.13,False,1,1,0.0627165712907769,23351.119939559125,cgre132
1018,G191C:C206T:A408G,I136V,2855.644,8,1908.3539852754416,43.68,False,3,1,0.0228888352669515,35630.453220789546,cgre132
1022,C436T:A577T,S145L:E192V,2736.206,12,1065.4021377753588,44.23,False,2,2,0.0415148406707307,14828.111851365029,cgre132
1028,C170T:T292A,I97N,3164.7989999999995,12,1928.897354515732,50.34,False,2,1,0.026097811727591,36135.75220363568,cgre132
1033,C158T,wt,2448.694,2,1973.6501415758944,0.53,False,1,0,0.0002685379687287,37228.02719863186,cgre132
1041,C410A:A532T:C623T,Q177L,1062.003,13,1868.104003757323,82.89,False,3,1,0.0443711912362925,34634.12270030313,cgre132
1047,C32T:C131T:C185T,wt,1785.178,8,1978.2825249375844,48.87,False,3,0,0.0247032460651907,37340.37447456092,cgre132
1051,A361G:A394G,Y120C:K131R,2323.278,16,1857.2602806163777,61.01,False,2,2,0.0328494614549945,34364.39518436946,cgre132
1062,A74G:G98C:G605A,K32N,3605.466,11,1925.2281257633365,34.34,False,3,1,0.0178368472496652,36045.672023211664,cgre132
1067,A499G:T542G,N166S,2910.503,12,1949.997232975432,62.26,False,2,1,0.031928250433976,36652.24930240836,cgre132
1080,A440G,wt,2159.389,11,1989.4321171344552,54.66,False,1,0,0.0274751772273242,37610.19823850762,cgre132
1094,A129T:C482T:T566A,T43S,2116.544,9,1979.9556033000863,53.73,False,3,1,0.0271369721171755,37380.916327549836,cgre132
1109,A34T:C198T:A511G,E11V:D170G,1745.2400000000002,6,1974.484248035896,33.47,False,3,2,0.016951262099606,37248.266781635866,cgre132
1117,G246A:A474T:C545T,D82N:N158Y,412.342,4,1691.3234782990378,102.21,False,3,2,0.060431964264336,30187.40595329321,cgre132
1119,T195C:T242A:A329T,S65P:K109N,1154.197,4,349.0008268176224,29.31,False,3,2,0.083982609059309,2510.275736878447,cgre132
1128,A417G:G624A:A686T,M139V:G208S,6862.587999999998,14,1742.294591094837,42.37,False,3,2,0.0243185051578305,31478.057378842423,cgre132
1141,C467T:G570A,A190T,6196.837000000001,8,1997.6647683770905,42.23,False,2,1,0.0211396830281528,37808.890823499496,cgre132
1145,A16G:A35T:A372G:A466T:A580G,E5G:E11D:T124A:D155V:E193G,3671.841999999999,32,1506.5686441943717,128.06,False,5,5,0.0850011053220076,25500.023433530136,cgre132
1161,C119A:C244T:A640G,A81V:D213G,4980.723,22,1772.097134348276,66.04,False,3,2,0.0372665802116358,32230.20826661104,cgre132
1172,T201A:T215C:G447A,S67T:A149T,6014.731,19,1913.761586701636,62.53,False,3,2,0.0326738714135078,35763.685116716886,cgre132
1180,C55T:G672A,T18I:V224I,2130.302,12,1513.9352007561297,64.22,False,2,2,0.0424192527975606,25686.269688004588,cgre132
1186,G270A:C373T,D90N:T124I,2085.0950000000003,13,1936.4672614700703,59.63,False,2,2,0.0307931877736636,36321.35268879175,cgre132
1193,T292C:G551A,I97T,7876.363999999999,11,1976.283469895588,29.84,False,2,1,0.0150990485193789,37291.909437505514,cgre132
1198,T451C:A660G,V150A:T220A,585.518,4,1710.8744168297774,46.54,False,2,2,0.0272024641564504,30682.977788432552,cgre132
1200,G143A:C434A,H144Q,12435.967000000004,49,2049.076689451831,66.43,False,2,1,0.0324194796329323,39038.64757113802,cgre132
1225,A398G,wt,21832.72100000001,56,1970.1877477602736,51.55,False,1,0,0.0261650190742493,37143.964056226134,cgre132
1240,G375A,V125M,10370.305999999997,34,1905.036100085645,63.44,False,1,1,0.0333012062066161,35548.63086941148,cgre132
1243,A90T,I30F,6083.159000000001,28,1965.29961539791,64.02,False,1,1,0.0325751857367753,37025.154446991335,cgre132
1250,A16G:C161T,E5G,1609.107,8,1947.0753408799555,62.24,False,2,1,0.0319658919679355,36580.88214833506,cgre132
1254,C404T,wt,19424.210000000003,34,1985.3206217475904,44.82,False,1,0,0.0225756986096013,37510.79557841583,cgre132
1263,A54G:T103C,T18A:V34A,4163.276,4,2111.4503431219664,32.16,False,2,2,0.0152312367206555,40502.33740426837,cgre132
1265,G72A:C113T:A339G,V24I:T113A,848.596,4,1891.8368860103287,50.1,False,3,2,0.0264821985291,35222.56264309808,cgre132
1267,C468T:A502C:T542C,R156C:K167T,7437.295000000002,19,716.2180149524677,25.94,False,3,2,0.0362180222480462,7735.345057040456,cgre132
1276,T44A:G299A:A489G,I163V,4172.777000000001,15,1963.398620133262,74.31,False,3,1,0.0378476378856558,36978.908336667184,cgre132
1284,T14A:A93G:C152T:A316T:T427C,I31V:Q105L:L142S,3782.649,12,2051.031177019416,59.49,False,5,3,0.0290049223368957,39085.00236934583,cgre132
1290,A123G:A471G:A502T:T553C,T41A:K157E:K167M:F184S,7479.276000000001,31,2182.324396327206,85.13,False,4,4,0.0390088660252671,42122.485765684745,cgre132
1306,A304T:A356G:T435A,D101V:S145T,3497.081,14,526.0374420157199,52.2,False,3,2,0.0992324801063116,4687.139933574242,cgre132
1313,T617C,wt,6091.969999999998,19,1897.941218240113,115.6,False,1,0,0.0609081034170232,35373.472021883594,cgre132
1322,A194G:A335T:A359G:C411T,K111N,1550.7070000000003,4,1960.296965117064,33.13,False,4,1,0.0169005005820745,36903.40453434793,cgre132
1327,T509C:G666T,V222F,2327.9370000000004,9,1964.5982641501644,109.86,False,2,1,0.0559198295166582,37008.09511520812,cgre132
1331,A38G:T104C:G191A:A238G:C262G:C323T,H79R:T87S,1713.344,6,1889.2538770963429,56.83,False,6,2,0.0300806581312109,35158.65023745111,cgre132
1334,A136T:T396A,K45M:S132T,8746.16,26,1826.5996679737316,55.0,False,2,2,0.0301105934509514,33599.06193520804,cgre132
1342,T82C:A400C,M27T:N133T,2324.655,4,1877.7109800196693,16.39,False,2,2,0.0087287128713644,34872.642564825,cgre132
1344,C233A,wt,2048.246,6,2072.8880879682047,35.39,False,1,0,0.0170727981917675,39601.288369780064,cgre132
1347,T103A,V34D,8820.411,28,1935.080818089048,63.57,False,1,1,0.0328513410942584,36287.38424070909,cgre132
1357,A498G:G662T,N166D,9109.601000000002,23,1648.9904259290654,69.87,False,2,1,0.0423713800282583,29112.907502723014,cgre132
1378,C101A:C233A:T272C:C436T:G526A,S145L:G175D,368.704,10,728.0034846539701,87.5,False,5,2,0.1201917323810475,7945.637125010219,cgre132
1379,C218T,wt,12077.661999999997,45,1992.7443130459585,38.58,False,1,0,0.0193602359055435,37690.19300962181,cgre132
1386,T308C,wt,4823.642,10,1993.9183303457944,42.75,False,1,0,0.0214401960949855,37718.52937742241,cgre132
1391,C130T:T337C,T43I:V112A,2073.123,10,1402.4338528035416,86.28,False,2,2,0.0615216181693857,22883.37692889639,cgre132
1396,wt_ctrl_cgre575,wt_ctrl_cgre575,4260.313,10,1637.0791902800397,191.5,False,0,0,0.116976625893853,28810.36587338941,cgre132
1397,T43C:A271G:T344C:C350T:C404T:A515G,I14T:D90G,1960.893,6,2012.725032799142,75.99,False,6,2,0.0377547845640489,38171.14067675878,cgre132
1400,A156T:T195A:C432A,T52S:S65T:H144N,4261.164000000001,6,588.7489579514224,51.93,False,3,3,0.0882039777712604,5616.9767701426235,cgre132
1403,A186T,I62F,1581.4199999999998,9,1184.6003763301271,93.67,False,1,1,0.0790730797251543,17578.919504495516,cgre132
1408,A74G:T150A,C50S,4905.542,12,1850.881440297623,54.49,False,2,1,0.0294400272289931,34205.487923578556,cgre132
1414,T690A,L230M,9122.793,31,1752.2178759278436,81.62,False,1,1,0.0465809652562642,31728.740291812606,cgre132
1420,C122T:G611A,wt,16586.268000000004,39,2012.7790896819213,44.67,False,2,0,0.0221931955816667,38172.43801350315,cgre132
1440,C218T:G520A:C591G:G611A:G651A,G173D:P197A:D217N,4638.438000000001,20,1817.234611847197,66.9,False,5,3,0.0368141788428721,33364.566500623805,cgre132
1449,A316G,Q105R,5671.812000000003,27,2016.938329066597,61.46,False,1,1,0.0304719282262054,38272.19405492931,cgre132
1463,G478T:T638A:C661T,G159V:D212E:T220M,11628.569,28,1821.0625567943327,47.12,False,3,3,0.0258750034831019,33460.454871827904,cgre132
1477,T148C:G167A:T418G,I49T:M139R,3495.348,8,1911.1778529426435,30.49,False,3,2,0.0159535126221008,35700.046823438584,cgre132
1490,A37G:C230T:C260T:T281A:C443A,K12R:S93R,2478.725,6,1980.6017203208985,39.77,False,5,2,0.0200797563649275,37396.56801465764,cgre132
1493,A25G:C599T,K8R,7237.674000000001,16,1987.4073132287583,52.3,False,2,1,0.0263156926372747,37561.25929237378,cgre132
1501,G280A:G513T,S93N:V171L,5645.774,18,1909.624857863609,31.09,False,2,2,0.0162806845920417,35661.7788367809,cgre132
1510,T224A:C260T:A329G:A339T:A631G,T113S:D210G,881.064,7,1537.7633719187074,95.46,False,5,2,0.0620771711325729,26289.432510838225,cgre132
1519,A40G:C458T:T617C,E13G,424.6500000000001,2,1772.3768425434882,49.07,False,3,1,0.0276859857464516,32237.256685779594,cgre132
1520,G114A,D38N,9186.369,31,1973.8136607841875,52.13,False,1,1,0.0264108010982602,37231.99534672367,cgre132
1530,G63A:C233T:T479G,E21K,5204.847999999999,12,2010.2897417314948,26.75,False,3,1,0.0133065395722309,38112.67312481306,cgre132
1536,G469T,R156L,9263.006,18,1928.5194824447076,46.04,False,1,1,0.0238732356188784,36126.4788879874,cgre132
1542,T150A:T435G:G546A:C596T,C50S:S145A:A182T,1718.4160000000002,6,1502.414644323046,100.51,False,4,3,0.0668989751795766,25395.050988372648,cgre132
1554,G162A,D54N,5878.276000000001,16,2048.349546633704,51.24,False,1,1,0.0250152617184936,39021.394136625044,cgre132
1558,A120C:A227C:C340T:C641T,T40P:K75N:T113M,229.395,3,1486.520476694552,212.68,False,4,3,0.1430723648509156,24993.773901238703,cgre132
1559,C165T:G167A:A227G:C287T,wt,4564.075000000001,13,2015.3434942249692,41.05,False,4,0,0.0203687362068203,38233.95806893717,cgre132
1565,T82C:C332T:G526A:T621A:A640T,M27T:G175D:F207I:D213V,1832.048,15,1336.6810276703484,111.15,False,5,4,0.0831537200716607,21252.852385169743,cgre132
1573,T353C:T459C,wt,1945.1110000000003,6,2011.680047365584,80.02,False,2,0,0.0397776973056878,38146.05743225419,cgre132
1576,G203A:A286T,D95V,5121.678000000001,20,1949.2247750466408,54.11,False,2,1,0.0277597538737959,36633.387042601506,cgre132
1586,C521T:A678G,K226E,2981.274,8,861.0800331856267,44.9,False,2,1,0.052143817380005,10473.439844209595,cgre132
1590,A306T,N102Y,2146.9780000000005,14,1916.2120456919129,65.08,False,1,1,0.0339628383749673,35824.00760491417,cgre132
1593,C259T:T425G,S86F,4498.96,16,1913.173718366413,58.96,False,2,1,0.0308179019155373,35749.208854461125,cgre132
1601,C60T:A696G,T232A,699.885,4,1916.0557543671307,35.3,False,2,1,0.0184232634773509,35820.16118114871,cgre132
1603,C311T:A354T:T464A:T552C,T118S:F184L,349.987,2,1891.2709136793524,12.77,False,4,2,0.0067520733849582,35208.561396138655,cgre132
1604,wt_ctrl_cgre4111,wt_ctrl_cgre4111,10926.323,8,1835.1798237521848,114.78,False,0,0,0.0625442795928969,33813.61456804901,cgre132
1605,G125A,wt,4277.345,8,1983.4342198310344,44.78,False,1,0,0.0225770028329019,37465.150425506305,cgre132
1609,T691C,L230S,8260.67,31,1351.0062412432433,125.04,False,1,1,0.0925532363824861,21606.3012371137,cgre132
1616,A16G:G611A,E5G,4896.996,14,1992.347703564248,56.91,False,2,1,0.0285642912119153,37680.6182110889,cgre132
1631,T82A:G347T:C603A,M27K:E115D:L201M,1873.744,17,1793.320557293235,124.98,False,3,3,0.0696919463125096,32764.380348068906,cgre132
1644,G102A:T308A:C539A,V34I:N102K,6827.494000000001,20,1906.1672959342343,51.79,False,3,2,0.0271697033678343,35576.5337765895,cgre132
1654,A108G:G171A:T353C:G578T,T36A:V57M:E192D,77.80199999999999,1,1318.9560466659375,0.0,False,4,3,0.0,20817.04351879059,cgre132
1655,C431T,wt,9556.820999999998,35,2010.194656735657,59.17,False,1,0,0.0294349603416446,38110.38941674201,cgre132
1666,C68T:A346G:T621A,E115G:F207I,2985.32,10,1552.7014711547515,86.92,False,3,2,0.0559798529303621,26668.04127999856,cgre132
1671,C47A:A532T,Q177L,8145.368999999998,23,1957.8004174392088,50.5,False,2,1,0.0257942533621755,36842.587212931096,cgre132
1689,C189A,L63M,5089.519,12,1884.3663889337352,42.1,False,1,1,0.0223417273027366,35037.627492627435,cgre132
1695,C340T,T113M,18294.415,60,1966.9054348264724,67.84,False,1,1,0.0344907278198583,37064.2018725522,cgre132
1701,G69A:G257A:C434G:T664C,D23N:H144Q:I221T,11617.101,8,1003.335063785086,31.0,False,4,3,0.0308969566787114,13452.16858139419,cgre132
1705,T11C:C121A:C383A:G605A:C701T,T40N,5129.845,7,1964.04814260183,20.61,False,5,1,0.0104936327949157,36994.71204354346,cgre132
1709,A132G:A329T,I44V:K109N,3853.999,14,1647.227000205064,68.4,False,2,2,0.0415243314925537,29068.12042823212,cgre132
1716,C12T:A54G:A440T:C557T:T594C,P4S:T18A:Y198H,667.028,2,623.3398160478046,24.35,False,5,3,0.0390637648568442,6162.5360909907495,cgre132
1717,G672A,V224I,9540.519,12,1927.3840170955705,41.89,False,1,1,0.0217341223276953,36098.60870479529,cgre132
1723,G245A,wt,24951.939999999995,70,2006.0011880090244,59.01,False,1,0,0.0294167323293402,38009.60830398297,cgre132
1729,A24G,K8E,23721.985,63,1953.925928350036,48.3,False,1,1,0.0247194631583533,36748.12601669765,cgre132
1766,C131T:C236A,wt,2909.0489999999995,10,2028.2030569091864,39.54,False,2,0,0.0194950894415156,38541.73150583328,cgre132
1771,A93G,I31V,7067.145,20,2061.1997676333413,54.68,False,1,1,0.0265282389696673,39325.67977019351,cgre132
1779,T91A:G235A:C323T:T370C,I30N:R78H:V123A,2154.045,6,1915.2043746054944,40.41,False,4,3,0.0210995758655385,35799.20588607958,cgre132
1786,C152T:C521G:G624T,G208C,5836.403000000002,22,1924.448142552232,50.36,False,3,1,0.0261685409372537,36026.51356301577,cgre132
1797,C350A:G522A,N116K:G174S,1578.734,10,1804.4416412175244,71.74,False,2,2,0.0397574509262567,33043.732389020304,cgre132
1802,T224C,wt,16960.170000000002,36,1987.97274000802,46.06,False,1,0,0.0231693317886311,37574.928292443205,cgre132
1804,T95C:C506A:C590A,wt,1139.9540000000002,4,1985.447825065412,28.2,False,3,0,0.0142033447789396,37513.87265103812,cgre132
1814,T418A:T479C,M139K,3857.078,8,2067.565941936703,55.32,False,2,1,0.0267560994684316,39475.93258534022,cgre132
1818,wt_ctrl_cgre985,wt_ctrl_cgre985,1681.004,6,844.1958840032117,244.38,False,0,0,0.2894825770070566,10137.903382412589,cgre132
1819,C7T:G167A:G210A,T2I:V70M,2557.01,8,1250.5417789784967,94.41,False,3,2,0.0754952785960647,19152.557712105052,cgre132
1831,G403A:G698A,G134D,4834.667,22,579.5201944028089,66.63,False,2,1,0.1149744230546818,5475.281513442768,cgre132
1842,A266G:C368T:T622C,F207S,7227.517999999999,24,1808.1327789558363,58.82,False,3,1,0.0325307967891426,33136.36021948052,cgre132
1854,A64T:C251T:G478C,E21V:G159A,3706.767,6,1956.054820394933,22.71,False,3,2,0.011610104053942,36800.04049661917,cgre132
1863,C56T:G59A:A84G:A559T:A618G,K28E:K186M:S206G,3464.7370000000005,18,1616.6210167372378,126.79,False,5,3,0.0784290187293836,28290.672309306727,cgre132
1872,A64T:A85G:T553G,E21V:K28R:F184C,14524.756,26,1929.2064995514856,41.44,False,3,3,0.0214803340179676,36143.33829540148,cgre132
1897,A132G:A136G:A400G,I44V:K45R:N133S,1366.179,2,1603.9162583279929,16.95,False,3,3,0.010567883399143,27967.95581230334,cgre132
1899,A34G:A123T,E11G:T41S,6012.201000000001,16,1968.1135646272508,36.03,False,2,2,0.0183068704202665,37093.56817256388,cgre132
1907,G395T,K131N,5776.687,8,1990.0933868100365,41.72,False,1,1,0.0209638403285555,37626.174919876496,cgre132
1911,G494T,E164D,11767.352000000004,50,1962.942641903968,61.63,False,1,1,0.0313967401208532,36967.81221740219,cgre132
1918,C278T:A316T,Q105L,5084.979,14,1941.6139167582928,38.05,False,2,1,0.0195970989245524,36447.34992676257,cgre132
1925,A135G:A515G,K45E,3467.975,6,1891.391747470652,58.45,False,2,1,0.0309031696253115,35211.55076382313,cgre132
1928,A306G:C635A:C641T,N102D,4684.634000000001,14,2014.5460482918577,50.22,False,3,1,0.0249286930137843,38214.832452017166,cgre132
1935,A400T,N133I,13443.078,49,1876.911119174907,49.52,False,1,1,0.0263837746465954,34852.80017260954,cgre132
1952,G518T:A572T:T621A,F207I,1766.524,4,1832.259258736393,30.04,False,3,1,0.0163950597366427,33740.6156856595,cgre132
1954,A123T:T220A:G518A,T41S:F73Y,2615.768,14,1707.7337481387056,54.44,False,3,2,0.0318785056858747,30603.40691868675,cgre132
1961,A76G:G351A:A398T:A499C:T552A,E25G:G117S:N166T:F184I,1294.703,4,1746.524900090889,70.39,False,5,4,0.0403028894671567,31584.951332908502,cgre132
1963,C71T:T82A:A227T,M27K:K75N,3914.87,14,1870.874527114608,72.81,False,3,2,0.0389176285981575,34702.95230862702,cgre132
1970,T11C:A38G:G79A:A108G:A238G:C323T:C603T:C656T:T664C,G26D:T36A:H79R:I221T,115.93,2,709.0382784231616,125.82,False,9,4,0.1774516324842328,7608.381369010677,cgre132
1971,T110C:T272A:G645A,D90E:E215K,1036.3629999999998,4,1908.313535905929,78.37,False,3,2,0.0410676749524787,35629.45604786867,cgre132
1973,A81G:C524G,M27V,2726.2519999999995,10,1962.6234063743489,50.16,False,2,1,0.0255576285481395,36960.042919140964,cgre132
1978,G173A:C296T:T622A:C644A:C656T:G662A,F207Y:D214E,4963.301,14,671.4096282489979,56.05,False,6,2,0.0834810786764788,6957.466107909911,cgre132
1985,T542A:A650G,wt,6703.776,14,2018.8894489260097,53.88,False,2,0,0.0266879397624583,38318.94667099235,cgre132
2003,A399T:A534G,N133Y:M178V,4862.69,22,1741.2599096283398,81.18,False,2,2,0.0466214145005654,31451.906397071554,cgre132
2013,T104A:T509C:C548G,wt,1966.155,6,2022.348463936101,71.36,False,3,0,0.0352857092991342,38401.76264031324,cgre132
2016,A58T,E19V,8562.404,24,1951.4434556634733,43.91,False,1,1,0.0225012925035386,36687.55415954426,cgre132
2021,A17T,E5D,14379.797000000006,47,2002.172987777113,44.12,False,1,1,0.022036057957701,37917.49663145733,cgre132
2033,wt_ctrl_cgre9708,wt_ctrl_cgre9708,17566.692,8,2015.396735909769,72.88,False,0,0,0.0361616145850813,38235.23483115919,cgre132
2034,A417T,M139L,3947.335,15,2011.5006188361256,54.43,False,1,1,0.0270594000768907,38141.74973859821,cgre132
2041,A90G:A487G,I30V:K162R,2564.740999999999,14,2017.446200088388,66.25,False,2,2,0.0328385460772621,38284.366310898135,cgre132
2048,G437A,wt,5511.8330000000005,22,2014.7894351556736,67.34,False,1,0,0.0334228474822218,38220.67023265232,cgre132
2059,T103C,V34A,5391.855999999999,16,1953.924652733436,54.35,False,1,1,0.0278158115892377,36748.09490157357,cgre132
2070,G461A:G642A,D214N,4404.899,13,2006.575235967776,48.36,False,2,1,0.024100765888639,38023.411731254666,cgre132
2076,A64G:A147G,E21G:I49V,5395.855999999998,25,1878.2738935796829,110.1,False,2,2,0.0586176490959832,34886.605126091585,cgre132
2088,C275T:G578A,wt,6755.192000000001,20,1964.149412006756,47.65,False,2,0,0.0242598652163209,36997.17581677618,cgre132
2099,C134T:T182C,wt,2670.3990000000003,10,1974.9136772066863,42.53,False,2,0,0.0215351184666229,37258.685109218364,cgre132
2104,A74G:C410A:G647A,wt,9153.435,20,1973.99357130548,42.66,False,3,0,0.0216110126294825,37236.36106477157,cgre132
2133,A329G,wt,2614.7050000000004,8,1963.993503959069,68.4,False,1,0,0.0348269991026536,36993.382718552784,cgre132
2137,C443T,wt,9241.655000000002,36,2003.778817434181,79.29,False,1,0,0.0395702356518221,37956.147661519964,cgre132
2144,C206T:T220A,F73Y,784.767,4,1978.064937972392,85.82,False,2,1,0.0433858354963661,37335.100575074226,cgre132
2146,A25G:A550T,K8R:Q183L,4117.984,16,856.9914567262213,32.37,False,2,2,0.0377716717546474,10391.813792686373,cgre132
2154,C644G,D214E,6595.097000000001,20,1976.5083909106097,58.71,False,1,1,0.0297038961584935,37297.36372524381,cgre132
2160,A675G,I225V,4624.317,12,1417.8859136267083,115.17,False,1,1,0.0812265633596816,23269.33372059751,cgre132
2166,C302T:C434G,H144Q,4675.14,12,2044.6510467594887,51.71,False,2,1,0.0252903790512096,38933.57282382965,cgre132
2172,A85G:A271T:C323T,K28R:D90V,3579.316999999999,8,1951.4489023990195,16.19,False,3,2,0.0082963996546856,36687.687099989496,cgre132
2176,A291G,I97V,9786.941000000004,68,1988.1193599166108,109.16,False,1,1,0.0549061601636325,37578.47242599656,cgre132
2188,G98C:C362T:T659C,K32N,2701.8279999999995,6,1954.6390369135888,36.71,False,3,1,0.0187809612448781,36765.51875706119,cgre132
2191,C436T,S145L,7534.421,19,1040.143862815347,45.16,False,1,1,0.0434170710556959,14263.091973468177,cgre132
2192,A64T:G137A:A306T,E21V:N102Y,5605.656999999999,17,1894.4226940315,37.55,False,3,2,0.0198213419414282,35286.51105531382,cgre132
2200,A132G:C168T,I44V:P56S,385.946,5,1325.850720150817,165.31,False,2,2,0.1246822115699388,20986.358684165687,cgre132
2207,G125A:A354G,T118A,15909.055999999997,32,1986.0623982997088,34.05,False,2,1,0.0171444764420043,37528.73776387036,cgre132
2210,A695T,E231D,6981.142,26,2001.552962691551,67.5,False,1,1,0.0337238140874526,37902.56827292644,cgre132
2224,T638C,wt,4418.670999999999,15,2007.1066987243616,45.51,False,1,0,0.0226744298292284,38036.18907630649,cgre132
2228,C254T:C620G:C632G,S206R:D210E,8430.155,31,1799.456434974231,51.17,False,3,2,0.0284363650074878,32918.55804198243,cgre132
2243,A226G:A334G:A474G,K75R:K111R:N158D,8782.820999999998,33,1774.5954785852894,58.14,False,3,3,0.0327623961075057,32293.156839775147,cgre132
2258,C231A,P77T,6587.625000000001,34,1639.8428697038255,73.71,False,1,1,0.0449494286079451,28880.566660076616,cgre132
2265,A34T:C468T,E11V:R156C,1153.5190000000002,9,1955.892206936093,51.2,False,2,2,0.0261773117242513,36796.07604089576,cgre132
2269,T552A,F184I,17955.641999999996,61,1995.2783346201036,63.79,False,1,1,0.0319704769470899,37751.34292710241,cgre132
2279,C649G,T216R,6626.998,18,1948.5321358986755,31.19,False,1,1,0.0160069210178127,36616.47077116095,cgre132
2288,A97G:A225G,K32R:K75E,2964.637,10,1825.0325357438892,41.0,False,2,2,0.0224653529167293,33559.844458295825,cgre132
2293,A64G:A393G:C452A:C524T,E21G:K131E,369.841,2,1781.252015323675,9.42,False,4,2,0.005288415069267,32460.789706172876,cgre132
2294,C661G,T220R,125.525,2,1987.7995526028333,133.08,False,1,1,0.0669484002175895,37570.741775364615,cgre132
2295,C188G:C431T:G465A,I62M:D155N,4390.953,21,1891.326741073672,79.65,False,3,2,0.0421132944774968,35209.942547020735,cgre132
2305,G19C:T103C:C206T:A343G:C571T,G6A:V34A:Y114C:A190V,9864.331000000004,32,1890.471975870052,53.6,False,5,4,0.0283527080454772,35188.79425068353,cgre132
2321,C278T:G537A:A643G,A179T:D214G,3929.443,8,800.6956828998199,26.84,False,3,2,0.0335208501472064,9292.681627179274,cgre132
2333,T28A:C314T,L9Q,874.0720000000001,5,1983.8260094454456,46.0,False,2,1,0.0231875173432466,37474.63249447655,cgre132
2336,C60T:A123G:T211C:A226T:T593A:C635T:A646T,T41A:V70A:K75I:E215V,1353.563,4,1070.5355225868602,42.17,False,7,4,0.0393914999645221,14943.763736331259,cgre132
2338,G72A:A93G:C259G,V24I:I31V:S86C,3108.235,6,2001.4226461852013,38.1,False,3,3,0.0190364589271637,37899.43029623446,cgre132
2346,G478T,G159V,4672.911000000001,12,1825.0917945418807,59.34,False,1,1,0.0325134331201653,33561.32757673793,cgre132
2352,G200A:A417G,M139V,1678.374,3,1614.4011719838584,30.97,False,2,1,0.0191835836949638,28234.282830143125,cgre132
2364,C641T:G662C:T699C,Y233H,4701.420999999999,16,1150.9070455495198,70.6,False,3,1,0.061342921023036,16788.229384468345,cgre132
2372,A194G:G395A,wt,6911.460999999998,20,1988.483071953753,51.34,False,2,0,0.0258186759163892,37587.26353746423,cgre132
2382,G114A:G203T:A475C,D38N:N158T,3722.883,11,1865.8605471147357,46.93,False,3,2,0.0251519332849231,34578.36177140025,cgre132
2387,G245T:A502C:C616G,K167T:T205S,9028.048,28,529.5234531333363,34.76,False,3,2,0.0656439290730476,4736.763532257472,cgre132
2413,G180A,A60T,5346.817999999999,26,1748.112019363434,73.72,False,1,1,0.0421712105308015,31625.04517436594,cgre132
2417,A294G,I98V,13598.519000000002,28,1899.48293804147,89.14,False,1,1,0.0469285605123207,35411.556103181196,cgre132
2429,G180T,A60S,16281.995999999996,56,1903.029947714084,48.69,False,1,1,0.0255855143312307,35499.12922838139,cgre132
2445,A643T,D214V,10127.904,23,1986.0736729375888,64.94,False,1,1,0.032697679287973,37529.01044770529,cgre132
2449,G143T,K47N,3902.729,28,1609.860780835402,106.91,False,1,1,0.0664094692365394,28118.94878761427,cgre132
2456,A85G,K28R,14080.453999999998,32,2011.6037418893904,50.46,False,1,1,0.0250844631819016,38144.22552997624,cgre132
2461,C422T:T429C:A559T,Y143H:K186M,9339.688,22,1998.5529619390047,46.59,False,3,2,0.0233118665791064,37830.299173522144,cgre132
2472,T31A:G102A:A398T,F10Y:V34I,3842.517,15,1799.5260113622685,104.94,False,3,2,0.0583153560089741,32920.30560939787,cgre132
2480,C158T:A433G,H144R,2422.616,14,1897.773500186016,67.09,False,2,1,0.0353519532196144,35369.32826329309,cgre132
2487,G413A:A433G:A640G,H144R:D213G,1934.868,14,1779.1260281083632,88.41,False,3,2,0.0496929383321995,32407.264358562345,cgre132
2494,C385T,T128I,5717.496999999999,22,1911.880236793074,50.78,False,1,1,0.0265602410772218,35717.350329281144,cgre132
2495,A156G:T224A:A471G,T52A:K157E,5931.342,12,1814.2941364343387,51.84,False,3,2,0.0285730957064558,33290.87308469005,cgre132
2501,A81G,M27V,2975.7500000000005,15,1890.71184436648,88.38,False,1,1,0.0467442991185224,35194.729357205775,cgre132
2507,C275A,wt,2419.944,6,1899.623787650413,31.8,False,1,0,0.01674015676511,35415.034812190854,cgre132
2510,C314T:A329G:G395A:T509C,wt,6318.839000000001,18,1973.62897650869,60.72,False,4,0,0.0307656609842709,37227.5135696929,cgre132
2519,A16C:T104C:T376C,E5A:V125A,3697.524,16,1754.1568444246984,91.75,False,3,2,0.052304330876462,31777.69587278743,cgre132
2527,wt_ctrl_cgre626,wt_ctrl_cgre626,8329.621000000001,10,1746.4987133225695,136.63,False,0,0,0.0782308048427202,31584.289753931156,cgre132
2528,C467T,wt,10285.276,32,1959.1488759408733,41.01,False,1,0,0.0209325592881781,36875.441248069365,cgre132
2541,G18A:C68T:T292C,G6S:I97T,2242.17,10,2003.298493325967,33.93,False,3,2,0.0169370665994301,37944.5885498562,cgre132
2546,C8A:C168G:G367A:C524T:G536A,P56A:R122H:M178I,1444.3340000000003,17,1288.2588613521673,133.36,False,5,3,0.1035195673795127,20066.55777990138,cgre132
2555,G78A:A306C,G26S:N102H,3003.576,24,1786.3954715235398,106.55,False,2,2,0.0596452474821424,32590.23001962612,cgre132
2566,C53T:T82A:G246A:T353C,M27K:D82N,4963.348,12,1870.05870650228,86.8,False,4,2,0.0464156551332813,34682.688075622755,cgre132
2572,T11C:T297G,S99A,6688.603999999999,25,1936.2949217591693,75.43,False,2,1,0.0389558424971078,36317.13089946123,cgre132
2593,wt_ctrl_cgre132,wt_ctrl_cgre132,7129.141,8,2020.531914470924,147.7,False,0,0,0.0730995630121859,38358.28168382333,cgre132
2594,A85T,K28M,2120.773,13,1955.201513559669,88.27,False,1,1,0.0451462416471304,36779.23537677778,cgre132
2600,A153G:C263T:A449G,T51A,8861.045999999998,31,1959.1611217452416,52.5,False,3,1,0.0267971834563726,36875.739554782966,cgre132
2615,C124G:G299A:C661T,T41R:T220M,1396.14,4,1813.1705160468505,59.92,False,3,2,0.03304708490994,33262.70511159729,cgre132
2617,A136T:C432A:G503A:G698A,K45M:H144N,7623.732,21,1910.438885418868,63.96,False,4,2,0.0334792180415531,35681.83922300309,cgre132
2628,T292C:T483A:A559T,I97T:L161I:K186M,17774.623999999996,43,1862.3238706890572,69.02,False,3,3,0.0370612228551109,34490.41212853381,cgre132
2649,A49G:C60A:C314T:C682T,Y16C:L20M:A227V,5601.899000000001,22,1047.7161429635248,28.24,False,4,3,0.0269538655003649,14431.768505550615,cgre132
2670,A511G:A648G:C668A:C704T,D170G:T216A,8893.438,27,1924.6420857496107,57.3,False,4,2,0.0297717692158242,36031.27764083903,cgre132
2682,A286G:T479C,D95G,4465.732,24,1772.9361240101243,78.41,False,2,1,0.0442260716210395,32251.349477182786,cgre132
2698,C174T:C315A:C524T:A615T,P58S:Q105K:T205S,1179.843,6,457.4899453717616,49.41,False,4,3,0.1080023736037496,3762.737173204061,cgre132
2701,C7T:A277T:A581G:A646T,T2I:Y92F:E215V,1767.268,8,1599.9802365872608,99.68,False,4,3,0.062300769547389,27867.986514816686,cgre132
2705,C623A,F207L,12273.205000000002,32,1975.9903456935367,47.52,False,1,1,0.0240487004926743,37284.800739775055,cgre132
2711,A35T:G191A:G582T,E11D:D194Y,8621.132000000001,27,1898.428228968152,52.47,False,3,2,0.0276386534920621,35385.503635063855,cgre132
2724,G63A:A183T:A343T:A580T,E21K:T61S:Y114F:E193V,4217.1720000000005,6,1872.296275131229,12.39,False,4,4,0.0066175424074544,34738.25991947334,cgre132
2727,T214A:A511G,F71Y:D170G,410.693,2,1840.876671812077,26.41,False,2,2,0.01434642548542,33955.909321358784,cgre132
2728,T201A:C545T:A629C,S67T:K209N,2503.5490000000004,10,1001.6768159452728,71.74,False,3,2,0.0716199065986164,13415.997219508099,cgre132
2733,T455C:C547T,A182V,4470.388000000001,13,1966.5694047595248,66.93,False,2,1,0.0340338865427352,37056.03225505016,cgre132
2740,C185A:C234T:G243A:G428A:C448T:T553C:A606G:T690A,R78C:A81T:A149V:F184S:T202A:L230M,3055.2179999999994,12,1768.390362187445,83.99,False,8,6,0.0474951695032464,32136.780455021268,cgre132
2746,C236A:T358A,L119Q,1870.41,16,1816.895608136127,94.3,False,2,1,0.0519017160797357,33356.0720532406,cgre132
2754,C633T,P211S,7174.611,26,1989.384048969744,48.21,False,1,1,0.0242336315227654,37609.036766319434,cgre132
2760,C373T:A572G,T124I,5468.713000000001,13,1943.820672844216,48.99,False,2,1,0.0252029421666338,36501.32663704833,cgre132
2767,T5C:G18T:A58T:A64T:A581G,G6C:E19V:E21V,6333.182,23,1830.785955326416,80.27,False,5,3,0.0438445574516593,33703.77823890038,cgre132
2779,C109A:T517A:T612A,T36N:L172Q:W204R,3312.9120000000003,17,1304.530317761311,110.7,False,3,3,0.084858127475313,20463.66451946827,cgre132
2788,C432A:T552C,H144N:F184L,8664.603000000003,26,1991.5163923157456,74.03,False,2,2,0.03717267921351,37660.54551260991,cgre132
2801,C164T:C168A,P56T,2057.796,12,1742.660678765947,59.3,False,2,1,0.0340284260284066,31487.309472972865,cgre132
2807,A474G,N158D,4283.06,10,1920.113039082984,47.17,False,1,1,0.0245662620063908,35919.97025889876,cgre132
2815,C248T:G380A,wt,2632.239,10,2011.306153701105,67.69,False,2,0,0.0336547471280989,38137.08078659485,cgre132
2820,A38G:A40T,E13V,6284.197000000001,14,1925.236768968231,53.61,False,2,1,0.0278459256877431,36045.88430423309,cgre132
2862,G167A:C168T,P56S,1549.565,10,1686.2755346697031,86.66,False,2,1,0.0513913641147467,30059.368904595165,cgre132
2869,G125A:C368T:T517C,L172P,2908.987,10,1920.317493025372,68.57,False,3,1,0.0357076370178616,35924.997433166034,cgre132
2887,A316T:C591A,Q105L:P197T,5184.105999999999,28,1867.1433054131887,83.34,False,2,2,0.0446350313649638,34610.247404587666,cgre132
2900,A333G:T690C:C697T,K111E:T232M,4733.707999999999,20,1742.698107719502,82.62,False,3,2,0.047409244110626,31488.25539424415,cgre132
2910,A348G:A359G:C410T:G672A,N116D:V224I,2739.166,8,1989.107963935412,32.99,False,4,2,0.0165853239734307,37602.36541346685,cgre132
2914,A42T:G235A,I14F:R78H,3040.974,11,1733.370337231891,75.69,False,2,2,0.0436663754849256,31252.426807449516,cgre132
2920,wt_ctrl_cgre83,wt_ctrl_cgre83,3270.6270000000004,8,1446.9741314906469,63.53,False,0,0,0.0439054151815088,23998.317925515796,cgre132
2923,T10C:C155T:A580G:A650G,L3P:E193G,3505.095,12,1912.8290105314647,94.79,False,4,2,0.0495548736861029,35740.71955762049,cgre132
2929,G614T,W204C,3797.605,16,1682.4726827068662,95.12,False,1,1,0.0565358361997087,29962.893029987394,cgre132
2937,T690C,wt,23005.44599999999,68,1994.1845765131616,52.38,False,1,0,0.0262663750471817,37724.95424314152,cgre132
2944,C209A:A493G:C587T,E164G,2673.142,8,851.0482087148813,43.92,False,3,1,0.0516069472331315,10273.585622631697,cgre132
2948,T10A:A74T,L3H,1174.681,2,1987.541574859201,31.26,False,2,1,0.0157279728864109,37564.50521718091,cgre132
2949,A40T:T370C,E13V:V123A,5074.117,21,1829.565824244503,55.96,False,2,2,0.0305864917558284,33673.26462125253,cgre132
2961,G19A,G6D,5134.415,20,1954.5036427488656,77.44,False,1,1,0.0396213126986483,36762.21672915662,cgre132
2970,A163T:T253A:A356G:G382C:T659C,D54V:F84Y:G127A,189.559,9,1224.3250434329357,375.55,False,5,3,0.3067404379371182,18523.004358998023,cgre132
2975,A54G:T691C,T18A:L230S,6540.125999999999,15,1127.1683525160056,68.11,False,2,2,0.0604257561419005,16237.099761986032,cgre132
2988,A90C:A135G:C290T:A558C,I30L:K45E:K186Q,13648.765,33,1744.128007723082,62.81,False,4,3,0.036012264995387,31524.39014583618,cgre132
3005,G102A:A156G:G191T:A271T:A384T,V34I:T52A:D90V:T128S,684.9549999999999,4,1829.6804279240391,57.04,False,5,4,0.0311748429558913,33676.130926934995,cgre132
3007,A40T:A97G:A408C:C596T:A628T,E13V:K32R:I136L:K209I,2153.892,18,718.1187983670457,63.89,False,5,4,0.0889685664061177,7769.103665220992,cgre132
3016,C119T:G235A:T241C:C373T:A399G,R78H:I80T:T124I:N133D,1957.765,6,1605.9293606358794,42.78,False,5,4,0.026638780664089,28019.08803492,cgre132
3019,A25G:T116C:A333G:A405T,K8R:K111E:N135Y,1003.8350000000004,14,1524.2284925245508,180.34,False,4,3,0.1183155943380288,25946.696048116926,cgre132
3026,C616G:T621A:G662T,T205S:F207I,8542.892,26,1786.9921159416767,83.05,False,3,2,0.0464747433741395,32605.240067092767,cgre132
3048,T110A:G317A:T566C:C674T,wt,8904.900000000001,30,2010.8654138415625,51.93,False,4,0,0.0258247019629189,38126.49796877724,cgre132
3063,C189T:G513A,V171I,3202.499,10,2001.1910442893136,56.33,False,2,1,0.028148237101473,37893.85310829889,cgre132
3068,G26A:G66T,G22C,2104.061,4,857.6289435620067,22.85,False,2,1,0.0266432239391276,10404.52519727982,cgre132
3070,A511G,D170G,4329.563999999999,10,1972.9448802183376,42.53,False,1,1,0.0215566083099561,37210.910513642324,cgre132
3075,T150A:C165T:T297A:G338T,C50S:S99T,6363.039000000002,38,1890.3258947028223,77.7,False,4,2,0.0411040235007811,35185.179600239346,cgre132
3094,C174T:G345A:C545T:C635T,P58S:E115K,873.9190000000001,14,1166.5235996040135,104.96,False,4,2,0.0899767480363274,17153.50900578561,cgre132
3101,A449T,wt,6723.4710000000005,12,2023.6762769601355,48.28,False,1,0,0.0238575707733866,38433.529749272915,cgre132
3103,G403A,G134D,2081.034,6,563.5150828593258,75.82,False,1,1,0.1345483063475116,5233.47307329635,cgre132
3106,A76C:C188T,E25A,3625.738,4,1942.4731875352704,76.06,False,2,1,0.0391562676324555,36468.37090552163,cgre132
3108,C305T:A335T:T527A:A700G,K111N:Y233C,7843.531,28,1373.56104890039,74.86,False,4,2,0.0545006718557791,22164.89004790397,cgre132
3122,A372G,T124A,8618.181999999999,24,1981.704940854587,42.61,False,1,1,0.0215016873206285,37423.2862862227,cgre132
3157,C590T:T690A,L230M,11101.541,26,1797.901422919625,46.4,False,2,1,0.0258078665540242,32879.49631307495,cgre132
3170,C130A:T224C,T43N,1102.133,6,1874.8490260237968,76.13,False,2,1,0.0406059362344804,34801.63135685736,cgre132
3173,A84G:C198T:A556G,K28E:N185S,4574.619,14,1517.7757398890778,65.56,False,3,2,0.0431947871329075,25783.41331520869,cgre132
3180,T573A,W191R,4088.803,20,1627.278383380241,105.24,False,1,1,0.0646724009086826,28561.4013906217,cgre132
3185,A271G:T673A,D90G:V224D,147.871,2,1787.1180618648846,540.34,False,2,2,0.3023527161021175,32608.408406750532,cgre132
3187,A58T:C185T,E19V,9681.007000000003,24,1924.3807005490871,57.38,False,2,1,0.0298173848779649,36024.85684857957,cgre132
3199,T31A:A322C:T483A:G546A,F10Y:D107A:L161I:A182T,13830.847999999994,37,1727.896575514131,85.21,False,4,4,0.0493142941582866,31113.953639454205,cgre132
3216,A316G:G488A,Q105R,5485.178000000001,22,1977.574639745769,57.13,False,2,1,0.0288889222443429,37323.21552536614,cgre132
3227,T10A:A36G:A85G:C444A:C592A,L3H:K12E:K28R:H148N:P197H,7203.992000000002,26,1369.9311748353311,115.45,False,5,5,0.0842743067102457,22074.827671123025,cgre132
3239,A279T,S93C,3545.519,17,1970.741499781368,126.4,False,1,1,0.0641382951615027,37157.41375074884,cgre132
3244,T11C:C401G:T412A:A511G,N133K:L137Q:D170G,2722.764,12,658.308719954577,110.43,False,4,3,0.1677480438169186,6736.674234146826,cgre132
3250,G15A:T659C,E5K,3391.0730000000003,8,1986.2560186132573,41.19,False,2,1,0.0207375079617166,37533.42046774559,cgre132
3254,C119T:C302T:C420T,R140C,3498.6649999999995,8,1825.7465470483933,56.92,False,3,1,0.0311762879091953,33577.713729617586,cgre132
3258,A356T:A454G:G624T:C683A,Y151C:G208C,4385.280000000001,8,699.6645387116049,32.29,False,4,2,0.0461506882419113,7443.940178690396,cgre132
3268,T491C,wt,25755.941,83,1995.840483439448,60.86,False,1,0,0.0304934189405355,37764.90246774936,cgre132
3290,wt_ctrl_cgre1414,wt_ctrl_cgre1414,7167.871,6,1741.4643415965566,69.18,False,0,0,0.039725188938739,31457.073483490265,cgre132
3291,G570A:G703T,A190T:R234L,7482.246000000001,22,1745.993926701443,58.99,False,2,2,0.0337859136265409,31571.536588454346,cgre132
3325,wt_ctrl_cgre2880,wt_ctrl_cgre2880,27788.357000000004,8,1705.8253067361743,113.04,False,0,0,0.0662670436143804,30555.047796944076,cgre132
3326,T50C:A84C:A96G:G114A,K28Q:K32E:D38N,5016.813999999999,13,1812.1954638733143,49.99,False,4,3,0.0275853245395247,33238.25799003238,cgre132
3333,T43C,I14T,9429.054,24,1958.3504410898936,58.41,False,1,1,0.0298261224214256,36855.9894319121,cgre132
3346,C155T:C260A,wt,10457.279999999995,20,2000.8182790438943,56.09,False,2,0,0.0280335303747839,37884.87578697726,cgre132
3356,T14C:G352A:G605A,G117D,1668.269,4,1906.753554405892,38.52,False,3,1,0.0202018765933293,35590.992220994245,cgre132
3358,A35G:A76T:A147G,E25V:I49V,2061.659,8,1939.3713203537288,115.14,False,3,2,0.0593697549260444,36392.467132116246,cgre132
3363,C122G,wt,9760.981000000002,25,2014.0149470439485,48.03,False,1,0,0.0238478865663313,38202.0921764426,cgre132
3365,C432A,H144N,3841.368,10,2001.439690123776,30.89,False,1,1,0.0154338899905046,37899.84071518852,cgre132
3370,A40T:C530T:G692T,E13V:L230F,4224.551000000001,18,1150.2111805357224,105.8,False,3,2,0.0919831086589878,16772.00211144032,cgre132
3380,G284A:T427C:T429C:A678G,L142S:Y143H:K226E,6968.347999999998,12,1001.8879914536166,32.12,False,4,3,0.0320594719908737,13420.601825509371,cgre132
3386,C287A:C600A,D95E:H200N,7106.228000000001,24,911.2326073262516,53.53,False,2,2,0.0587446054603646,11493.6056588944,cgre132
3411,A343G:G541A,Y114C:R180H,1704.6090000000004,6,1719.960846295717,73.16,False,2,2,0.0425358519977735,30913.096707368233,cgre132
3414,G86C:C521T:T566A,K28N,11832.292999999998,29,1941.6334118413388,42.75,False,3,1,0.0220175444753282,36447.82689779637,cgre132
3428,C302A,F100L,4634.947999999999,28,1170.8954579894,98.9,False,1,1,0.0844652691452282,17256.143717971398,cgre132
3442,T353C,wt,10122.962,33,2023.6992050047124,51.52,False,1,0,0.0254583289219012,38434.078173754904,cgre132
3458,C512T,wt,6663.64,30,2019.2369387618687,65.44,False,1,0,0.0324082819325431,38327.27027518229,cgre132
3460,wt_ctrl_cgre13,wt_ctrl_cgre13,12341.933,10,1298.092682591754,144.26,False,0,0,0.1111322804100339,20306.360870349192,cgre132
3461,A694C,E231A,6239.174999999999,20,1999.3899764668568,62.39,False,1,1,0.0312045177450824,37850.46891824571,cgre132
3474,T690G,L230V,9318.317,36,2007.405661667296,64.36,False,1,1,0.0320612824946126,38043.37581353792,cgre132
3492,A3T:T28C:G62A:A90G,T1S:L9P:I30V,11842.374999999998,36,1945.7002500166964,60.08,False,4,3,0.0308783431566524,36547.27782066721,cgre132
3527,A34G:G63A,E11G:E21K,11130.451,22,1970.266716885604,44.34,False,2,2,0.0225045673359839,37145.8822025852,cgre132
3538,C68T:C633T:C682T:C702T,P211S:A227V:R234C,869.206,3,1347.7497847122297,93.59,False,4,3,0.0694416731218274,21525.86060876385,cgre132
3539,T14C:G137T:G428C,K45N:L142F,4375.300999999999,14,1827.1186786548976,63.91,False,3,2,0.0349785707664319,33612.04814122594,cgre132
3554,G29C,wt,1317.255,8,1987.159240520226,46.26,False,1,0,0.0232794629925528,37555.26153752604,cgre132
3556,C331G,A110G,5165.645,23,2000.1809901044264,58.05,False,1,1,0.029022373618784,37869.52567743969,cgre132
3568,G243T:G423A,A81S:V141I,11557.42,21,1968.0589634753132,25.75,False,2,2,0.0130839575835315,37092.241170400055,cgre132
3578,G143A:T479A,wt,5983.315999999999,14,1994.171389328057,72.68,False,2,0,0.0364462154000162,37724.63603071578,cgre132
3585,T11C:A40G:T479C,E13G,978.359,2,1923.5424054127675,11.6,False,3,1,0.0060305403028069,36004.261991486375,cgre132
3586,A84G:C134A:C374T,K28E,365.339,2,1863.4103315998884,27.85,False,3,1,0.0149457151373034,34517.43603858392,cgre132
3587,A498G:C521A,N166D,7004.825,18,1622.1742736859817,42.66,False,2,1,0.0262980375734019,28431.741150214366,cgre132
3596,A618T:A643G,S206C:D214G,1047.515,6,1970.635144251284,54.48,False,2,2,0.0276459090658808,37154.83070903413,cgre132
3599,G488A,wt,6591.483999999999,16,2017.2474733230008,46.76,False,1,0,0.0231801009139312,38279.60360742242,cgre132
3604,C590A,wt,7759.890000000001,20,1972.9953450762764,39.92,False,1,0,0.0202331952275623,37212.13540235423,cgre132
3609,wt_ctrl_cgre121,wt_ctrl_cgre121,59082.589,8,1232.831097618678,36.2,False,0,0,0.0293633086234793,18726.720369666396,cgre132
3610,A16T,E5V,14494.088,29,2007.28757909163,33.79,False,1,1,0.0168336616795542,38040.53731556589,cgre132
3624,A339T:A550T,T113S:Q183L,11330.883999999998,20,808.2066329052107,27.1,False,2,2,0.0335310289431618,9436.596139265928,cgre132
3634,A334G,K111R,10619.492000000002,30,1991.123632046443,51.4,False,1,1,0.0258145698100986,37651.06034860313,cgre132
3644,C55T:A97T,T18I:K32M,275.36,8,1306.890880331778,147.25,False,2,2,0.1126719929077919,20521.406810154516,cgre132
3648,C506A,wt,3328.1869999999994,12,1992.9614456634888,71.1,False,1,0,0.0356755521561681,37695.43448805104,cgre132
3652,G62T:C155A,wt,8711.511,10,1994.811300100837,17.92,False,2,0,0.0089833058390506,37740.075971842176,cgre132
3657,C122A:C234T:C701T,R78C,2138.04,8,1996.9712826208668,45.77,False,3,1,0.0229197086599715,37792.171755843534,cgre132
3661,T133C:A359T,I44T,1153.5559999999998,7,1150.6358092679782,140.03,False,2,1,0.1216979333270407,16781.903764215378,cgre132
3664,C275T,wt,5409.093000000001,18,2007.856275946438,59.31,False,1,0,0.0295389668625774,38054.206877291486,cgre132
3674,T50C:G200A:T276C,Y92H,1593.991,10,604.0884336553052,51.48,False,3,1,0.0852193108358281,5856.112262530685,cgre132
3680,G191C,wt,6406.486,20,1965.596991884644,86.5,False,1,0,0.0440069863543403,37032.386748924015,cgre132
3683,A64G:C185T:C431T,E21G,912.135,6,1840.7751698220736,97.63,False,3,1,0.0530374385750959,33953.3751584274,cgre132
3686,T95A:T690A,L230M,2176.701,8,1782.578108794392,32.05,False,2,1,0.0179795767949132,32494.169693009277,cgre132
3690,C121T:T391G,T40I:F130C,179.672,4,806.3887131846172,142.97,False,2,2,0.1772966283659627,9401.684896660454,cgre132
3694,T182A:A472T:C516T:G636A,K157M:D212N,7240.557000000001,20,1932.634851797393,51.33,False,4,2,0.0265595955450466,36227.42997633139,cgre132
3705,G611T:G703A,R234H,6570.377000000001,38,1765.4528060316225,77.69,False,2,1,0.0440057076204893,32062.714228679633,cgre132
3725,T150C,C50R,5425.928000000001,66,874.2926121275378,93.67,False,1,1,0.1071380436031133,10738.83554636985,cgre132
3731,A54T:T272A:A398C:A501C:T566C,T18S:D90E:K167Q,4700.587,6,663.3255759023726,26.02,False,5,3,0.039226589393305,6820.862493202196,cgre132
3734,T453C,Y151H,3934.596,11,454.9376926530641,41.7,False,1,1,0.0916609036213679,3730.248567524952,cgre132
3746,C432T:A663G:A675G,H144Y:I221V:I225V,10853.44,35,1461.132248120203,107.69,False,3,3,0.0737031162911823,24354.17260625775,cgre132
3766,T91C:C365A,I30T:N121K,3201.856,16,608.9549889891892,96.53,False,2,2,0.1585174631054935,5932.914848849166,cgre132
3774,C170A:G388T,G129V,766.1379999999999,10,1462.95092805831,112.59,False,2,1,0.0769608862748624,24399.929003929028,cgre132
3781,T28C:A58G:C704T,L9P:E19G,79.33599999999998,3,786.9047637980894,135.11,False,3,2,0.1716980328697916,9030.692342217253,cgre132
3784,A359G,wt,715.122,6,2030.362229809417,166.83,False,1,0,0.0821676041598054,38593.28722359718,cgre132
3787,A38T:C53T:C221T,K12N,12974.402,32,1975.070419599631,32.31,False,3,1,0.0163589103858634,37262.487517440226,cgre132
3804,G23A:G29A:C209T,wt,11151.485,22,2011.7497588527929,39.23,False,3,0,0.019500437282205,38147.73099280618,cgre132
3815,wt_ctrl_cgre3224,wt_ctrl_cgre3224,11281.186,10,1650.1085328966788,183.89,False,0,0,0.1114411545264787,29141.304183150085,cgre132
3817,T82C:C158A:C230T:C287T:A372G:A456G:T459C,M27T:T124A:I152V,21208.577,39,1908.3688310718196,42.75,False,7,3,0.022401330028006,35630.81920272227,cgre132
3837,A240T,I80F,10068.162,27,1855.1426661281712,55.05,False,1,1,0.0296742676480476,34311.66128563883,cgre132
3850,A93G:C113T:A322T:C331G:T386A,I31V:D107V:A110G,2975.483,2,1975.2477355907604,46.82,False,5,3,0.0237033558658893,37266.78882667371,cgre132
3851,wt_ctrl_cgre_wt,wt_ctrl_cgre_wt,78590.836,8,1739.1617697613567,125.54,False,0,0,0.0721841994130461,31398.86997807262,cgre132
3852,T593C,wt,4002.695,16,2016.3472126948025,55.06,False,1,0,0.0273068049259301,38258.02426819786,cgre132
3857,G173A:T425G,wt,490.475,2,2014.692117403434,23.32,False,2,0,0.0115749695938926,38218.33605929644,cgre132
3858,G102A:G402A:C701T,V34I:G134S,2505.9170000000004,9,1807.7454510325772,62.8,False,3,2,0.0347394042475,33126.64253087477,cgre132
3864,C60T:T459C:T638C:C641A,D213E,3241.617,16,1812.9222458531483,103.48,False,4,1,0.0570791164578065,33256.48064143781,cgre132
3872,G159T:T491C,G53C,3572.616,21,1397.6237506753691,139.23,False,2,1,0.0996190855605597,22763.42921214921,cgre132
3883,C20A:C231A:C233G:C623A,P77T:F207L,1907.812,7,1632.438065332722,29.81,False,4,2,0.0182610297033989,28692.471760053795,cgre132
3896,T48A,Y16N,1528.985,21,1392.0221275310826,95.86,False,1,1,0.0688638478542141,22623.866504581885,cgre132
3904,A135G:A349G:C641G,K45E:N116S:D213E,1431.934,12,1500.9216468637242,162.03,False,3,3,0.1079536698924773,25357.3320930028,cgre132
3910,T409C:T552C:C599T,I136T:F184L,5049.325000000001,16,1717.8374944277718,55.06,False,3,2,0.032051925853639,30859.334289230294,cgre132
3920,G151A,C50Y,76.30000000000001,3,1367.6442132851132,857.81,False,1,1,0.6272172189721188,22018.116778587744,cgre132
3921,C170T,wt,11756.945,36,1970.8601305952811,65.2,False,1,0,0.033082002617967,37160.29483457161,cgre132
3931,C431T:T585C,Y195H,1543.978,10,1761.807800361652,68.19,False,2,1,0.0387045624307046,31970.779222349884,cgre132
3936,C89T:A343T:A356G:T453A:C470T,Y114F:Y151N,8173.465000000001,14,757.3620397023165,20.04,False,5,2,0.0264602646415666,8479.483671792275,cgre132
3943,A153T:C548T,T51S,1730.649,6,1947.411306644755,36.55,False,2,1,0.0187685055926746,36589.09072137411,cgre132
3947,G137T:C263G:A339G:A580G,K45N:T113A:E193G,12518.154999999995,46,1878.1658872626672,46.25,False,4,3,0.0246250878655916,34883.926243118396,cgre132
3977,G492A,E164K,2043.7699999999995,18,368.8713125135815,53.71,False,1,1,0.1456063352663741,2719.508816238331,cgre132
4006,A147G:C236A:G609C,I49V:V203L,9631.957000000002,38,1939.7962902821596,65.65,False,3,2,0.0338437599498917,36402.86963988549,cgre132
4026,A511G:C635A,D170G,2973.881,12,1921.8212288830653,52.33,False,2,1,0.0272293797224903,35961.964656305776,cgre132
4062,G19C:G167A:C422A,G6A,11769.632000000003,26,1973.2949360203563,39.91,False,3,1,0.0202250557032738,37219.40676738072,cgre132
4075,A183G:C368T:A643G,T61A:D214G,4241.406,12,325.0514285289936,26.56,False,3,2,0.081710146976422,2270.539823583259,cgre132
4080,T14C:T253A,F84Y,6057.718999999999,18,1874.26994116796,37.15,False,2,1,0.0198210509510971,34787.25836423568,cgre132
4089,A40G:A145T,E13G:Y48F,8101.972,25,1772.9298198725442,95.36,False,2,2,0.0537866749891179,32251.19063014781,cgre132
4102,G324A,V108M,10182.560000000003,54,300.9488076534205,29.44,False,1,1,0.0978239463035313,2043.2507740117378,cgre132
4108,A93G:T622A,I31V:F207Y,9274.977,20,1029.0371766371547,52.67,False,2,2,0.0511837678907997,14016.812651608981,cgre132
4118,G138A:C230T:C275A,A46T,2085.873,6,1596.17401019686,42.78,False,3,1,0.0268015891291976,27771.3204222998,cgre132
4121,C170T:G351A:T483A,G117S:L161I,1855.331,4,1837.255640866848,18.51,False,3,2,0.0100748091818439,33865.47884533554,cgre132
4123,G284A,wt,10722.427,20,1986.6490753558296,44.87,False,1,0,0.0225857704597191,37542.92576197726,cgre132
4132,G317C,Q105H,9852.655,27,1975.3728434265788,45.1,False,1,1,0.0228311329428662,37269.82355352523,cgre132
4143,A489G:A544T,I163V:H181L,9841.48,22,486.0225840767546,38.59,False,2,2,0.0793996025376173,4135.483189998429,cgre132
4154,A266G:A398G,wt,7021.421000000001,22,1979.0293076094792,43.22,False,2,0,0.0218389893640365,37358.472712922245,cgre132
4165,A132G:A532T:A679G,I44V:Q177L:K226R,3835.706,12,1522.652950425138,121.08,False,3,3,0.079519105102836,25906.820652755334,cgre132
4171,C366A:A449G:C564T,R122S:L188F,109.716,4,914.9794891858464,550.76,False,3,2,0.6019369904019042,11571.18866010745,cgre132
4175,G270A:A329G:C401T:A606G,D90N:T202A,2742.958999999999,8,980.6032637611456,41.9,False,4,2,0.0427287992488325,12959.119133333075,cgre132
4181,A25T:G59A:C436T,K8M:S145L,857.091,4,906.09085908831,31.76,False,3,2,0.0350516724470173,11387.443460542307,cgre132
4183,G125T:A471G:T573A,K157E:W191R,950.823,6,1601.0309245074843,88.47,False,3,2,0.0552581456396387,27894.671846217676,cgre132
4187,G125A:T242A:A359T,wt,2065.8970000000004,14,2003.269330582064,93.64,False,3,0,0.0467435898760513,37943.88668924889,cgre132
4194,G180A:C599T,A60T,6233.726999999999,21,1715.817188124294,86.75,False,2,1,0.0505589992922461,30808.173648221185,cgre132
4207,A58G:A132G:C161G,E19G:I44V,688.448,18,1225.5717105659362,200.39,False,3,2,0.163507364173301,18552.82810832843,cgre132
4218,T61G:C154T:G222A:A304T:G351A:T358C:A393G:G416A:C431T:T459A:C561T,L20R:T51I:A74T:D101V:G117S:L119P:K131E:L153M:P187S,83.511,3,1753.6451452482224,317.44,False,11,9,0.1810172376436325,31764.7772360173,cgre132
4222,T14C:C239T:C554T,wt,7248.981000000002,24,1932.2054023161747,55.13,False,3,0,0.0285321632647929,36216.89998404961,cgre132
4234,G86A:G336A,V112M,87.001,3,568.7039304878282,446.51,False,2,1,0.7851361245507631,5311.317812759956,cgre132
4235,C46T:T297A:G317T:C383T,P15L:S99T:Q105H,3257.828000000001,18,1767.1792574459053,99.9,False,4,3,0.0565307676508069,32106.246978809635,cgre132
4244,G387T:A399G:G414T:G703C,G129C:N133D:G138W:R234P,69.63499999999999,2,1341.334794919216,487.82,False,4,4,0.3636825062973035,21367.558158111624,cgre132
4246,C128G:G537A,A179T,5918.714999999999,14,832.238990732783,38.98,False,2,1,0.0468375075357599,9902.779421172982,cgre132
4253,A556G,N185S,10874.985000000002,18,1633.6195008485415,42.51,False,1,1,0.0260219714431171,28722.48304140028,cgre132
4262,C590T,wt,6852.293,14,1980.511368744688,50.01,False,1,0,0.0252510542424696,37394.37948355696,cgre132
4271,T507C:A555G,F169L:N185D,3125.661,4,763.3476379518447,65.16,False,2,2,0.0853608457803475,8590.04298950813,cgre132
4273,C221T:A359T:G481A,G160D,491.185,16,899.6950466410517,395.94,False,3,1,0.4400824495791259,11255.88107496658,cgre132
4281,G125A:A595G,Y198C,3372.945,4,442.6699479362113,69.45,False,2,1,0.1568888973009926,3576.0683322254727,cgre132
4283,A163T:C446T:T622A:T638C,D54V:F207Y,2160.331,4,481.2838353285167,32.7,False,4,2,0.0679432750482457,4072.372919061865,cgre132
4285,A265G:C267T,Q88R:P89S,92.077,1,943.914541252448,0.0,False,2,2,0.0,12176.475571435409,cgre132
4286,C420A:C540A,R140S:R180S,45.752,1,314.24444635865785,0.0,False,2,2,0.0,2166.8794534297112,cgre132
4287,A74T:G125A:C458A,wt,1046.564,9,2003.4665177261152,70.82,False,3,0,0.0353487314978335,37948.632281230086,cgre132
4310,C362T:C599T,wt,7911.7,23,2001.3519574573136,50.58,False,2,0,0.0252729160463415,37897.72808613602,cgre132
4320,G377A:T389C,wt,847.2320000000001,6,1950.6148036462207,55.11,False,2,0,0.028252630861298,36667.326849268786,cgre132
4326,A496G:G546A:A559G,Y165C:A182T:K186R,1074.592,9,707.7522346068259,97.63,False,3,3,0.1379437537971687,7585.731840170442,cgre132
4330,G105A:C260T,G35S,47.823,1,1942.977093523951,0.0,False,2,1,0.0,36480.69630027115,cgre132
4333,A35G:T110C:G312A,G104S,5941.073999999999,47,741.4243943886951,68.63,False,3,1,0.0925650686967016,8187.925968723051,cgre132
4357,C4T,T1I,7731.215000000001,18,1963.9045148484995,43.84,False,1,1,0.0223228775475277,36991.2176271775,cgre132
4366,G18T:A24G:G217A,G6C:K8E:C72Y,225.939,6,1815.239086415011,456.72,False,3,3,0.2516032204341715,33314.558526252615,cgre132
4373,T44C:G684A,V228I,3906.673,13,1918.271623179336,43.83,False,2,1,0.0228486933082794,35874.68263413662,cgre132
4379,G299A:A333C:A628T,K111Q:K209I,2149.356,6,1745.6612980565756,54.29,False,3,2,0.0310999619802767,31563.132586997603,cgre132
4382,C134T:A339T,T113S,2963.78,8,1967.9717884290935,26.69,False,2,1,0.0135621862858638,37090.12246726471,cgre132
4386,T91C,I30T,20020.74300000001,58,2005.336954215554,95.15,False,1,1,0.047448385070638,37993.63336988679,cgre132
4398,C314T:G415A:C644T,G138E,4482.614,10,1791.8711944058732,48.37,False,3,1,0.0269941277872028,32727.94440607538,cgre132
4404,T94C:A147T:A205G:T424G:C444T:G520A:T535C:C633T:C661T,I31T:I49F:Y68C:V141G:H148Y:G173D:M178T:P211S:T220M,54.37499999999999,1,644.6421587757866,0.0,False,9,9,0.0,6509.632851101535,cgre132
4405,G246A:A277G:A346T:A445T:A475T:T483C:C538T,D82N:Y92C:E115V:H148L:N158I:A179V,86.26499999999999,1,967.2521278430409,0.0,False,7,6,0.0,12672.401453742305,cgre132
4406,C27T:A227T,K75N,3238.567000000001,17,1955.713422775084,59.76,False,2,1,0.0305566241475209,36791.71716127875,cgre132
4415,A115G:A291T:A307T:C531G:C623A,D38G:I97F:N102I:Q177E:F207L,70.479,1,1997.9175404431971,0.0,False,5,5,0.0,37814.98400950632,cgre132
4418,T242C:T435C,S145P,174.31799999999998,2,452.2382783549149,67.95,False,2,1,0.1502526505433781,3696.04070228218,cgre132
4419,C149A:C154T:C174T:C596T:A643G:C649T:C704A,T51I:P58S:D214G:T216I,69.70400000000001,4,661.4118063012178,474.41,False,7,4,0.7172687204557487,6788.694229052342,cgre132
4420,G98T:A310T:T342A:C657A,K32N:D103V:Y114N:L219I,49.31099999999999,2,1516.1567726751596,805.9,False,4,4,0.5315413382865692,25742.45911032825,cgre132
4421,C128T:T215G:T276A:G465T,F71L:Y92N:D155Y,49.551,1,1985.330516607604,0.0,False,4,3,0.0,37511.03494087147,cgre132
4422,C32T:A42G:A90C:G522A:A660G,I14V:I30L:G174S:T220A,2328.739,18,1644.0066500634591,116.8,False,5,4,0.0710459413260229,28986.327349481242,cgre132
4432,A595G:A695T,Y198C:E231D,756.7040000000001,12,425.28781529360674,34.09,False,2,2,0.0801574810613025,3363.276688432815,cgre132
4439,A38G:T585G:G605T,Y195D,100.917,3,1061.6275382725446,214.9,False,3,1,0.2024250429201189,14743.246945422605,cgre132
4442,G140A:T144C,Y48H,1835.913,7,1457.8938498607508,103.64,False,2,1,0.0710888519146294,24272.72220628434,cgre132
4454,G419A:C603A,M139I:L201M,2210.892,17,1401.9120858965375,95.39,False,2,2,0.0680427831100386,22870.36117739691,cgre132
4463,C161T,wt,25244.377,72,1990.9744480069144,47.65,False,1,0,0.0239330042872727,37647.45727691836,cgre132
4474,C8T:C374T,wt,6463.200000000002,20,1974.5412530289004,61.17,False,2,0,0.0309793476870471,37249.64984182021,cgre132
4485,G79A:C275A:C701T,G26D,2915.409000000001,12,1913.552161790768,64.94,False,3,1,0.0339368851796686,35758.52823981685,cgre132
4492,G72T:A349G,V24L:N116S,1906.479,11,1804.0005112120195,64.71,False,2,2,0.0358702780835269,33032.65931022588,cgre132
4499,T192A:C275T:C332A:A399T:A456G:C557T,S64T:N133Y:I152V,1453.62,28,422.8415716204239,23.54,False,6,3,0.0556709689394763,3333.8679032088494,cgre132
4512,T10G:C47A:C218T,L3R,7844.3870000000015,21,1962.1784440350025,69.63,False,3,1,0.0354860691756523,36949.21271310329,cgre132
4529,G65T:G414T:C512T:C597A:T658C:T664C,E21D:G138W:H199N:L219P:I221T,53.328,2,2207.052937221502,104.32,False,6,5,0.0472666505821696,42675.84371876226,cgre132
4531,G78T:T133C:G274A:T358C:T610A:T653C,G26C:I44T:G91D:L119P:V203E,53.929,4,1418.1324697490652,274.76,False,6,5,0.1937477674766293,23275.49972161865,cgre132
4535,C146T:A393C:A405G:A485T:C654A:T664A,K131Q:N135D:L161F:H218N:I221N,46.47,2,1713.1423968909803,132.2,False,6,5,0.0771681328066582,30740.428669096607,cgre132
4536,A472G:T476A:A601T,K157R:N158K:H200L,3994.228,13,938.4561719714172,39.97,False,3,3,0.0425912271598522,12061.469419004174,cgre132
4543,C189A:T276C:G447A,L63M:Y92H:A149T,1116.3719999999998,4,298.2168781132742,25.88,False,3,3,0.0867824791263819,2018.3850006964576,cgre132
4547,T483A:T517C,L161I:L172P,5704.823000000001,24,1810.758473285766,103.11,False,2,2,0.0569429890961099,33202.222804488534,cgre132
4560,C60A:C128T:G203A,L20M,1810.139,6,1877.9529914645584,40.85,False,3,1,0.0217524081729768,34878.64562284755,cgre132
4564,A129G:C139A:G303T:A379C,T43A:A46E:D101Y:K126T,83.36500000000001,1,1955.2479616402045,0.0,False,4,4,0.0,36780.367977998234,cgre132
4571,G171A:T376C,V57M:V125A,79.36600000000001,3,457.30949162313664,104.46,False,2,2,0.2284229868687795,3760.435464898209,cgre132
4572,T44C:A85G:A405G:G461A:A686G,K28R:N135D,6333.272999999999,14,1909.695273743892,34.03,False,5,2,0.0178195969104983,35663.51426078942,cgre132
4581,G217T:A279G:G494A:C665A,C72F:S93G,63.751,4,506.9058677961908,111.37,False,4,2,0.2197054859202735,4419.236691215459,cgre132
4584,C131T:A678G,K226E,13105.836,26,922.863801438771,42.92,False,2,1,0.0465074043787246,11735.04443769059,cgre132
4598,G15A:G29A:G78A:C432T,E5K:G26S:H144Y,103.538,2,1745.145205383899,108.75,False,4,3,0.0623157314729447,31550.0927957869,cgre132
4600,T5A:A145C:T308C:A643T,Y48S:D214V,57.858,2,1855.9631901544265,133.67,False,4,2,0.0720219025404689,34332.09668142566,cgre132
4601,G167A:G492A,E164K,664.633,4,355.39464363722334,20.74,False,2,1,0.0583576606212748,2576.58770064612,cgre132
4603,T150C:A334T:G375A,C50R:K111I:V125M,209.376,7,922.1828346232712,294.94,False,3,3,0.3198281175126063,11720.860147995289,cgre132
4607,A123G:C439A,T41A:P146Q,1065.0790000000002,4,1717.642708827619,42.7,False,2,2,0.0248596519989567,30854.40199987065,cgre132
4609,T192A,S64T,1188.154,6,298.2488536567095,17.75,False,1,1,0.0595140594251222,2018.6749762890697,cgre132
4619,C47A:C157T:T241C:C410T,T52I:I80T,52.481,3,1227.4310826412832,776.92,False,4,2,0.6329642543581039,18597.330841202456,cgre132
4622,A38T:T50C:A58T:G160A:G450A,K12N:E19V:G53D:V150I,395.039,9,1219.6333938159933,329.96,False,5,4,0.2705403129112593,18410.87082432534,cgre132
4627,A38G:A511T:C683T,D170V,1073.978,2,1800.955445819055,9.37,False,3,1,0.005202793895736,32956.205567529556,cgre132
4628,C237T:A346G:T673C,H79Y:E115G:V224A,68.86699999999999,2,938.8678088061264,446.55,False,3,3,0.4756260634474596,12070.129282430915,cgre132
4637,T187C:T242C:A333G:C431T,I62T:K111E,115.333,6,1539.1631646534024,147.08,False,4,2,0.0955584199113291,26324.89626330091,cgre132
4640,A186T:C448T:T509C,I62F:A149V,1408.737,9,1469.114946811674,91.15,False,3,2,0.062044158081583,24555.083341367485,cgre132
4645,C236A:G388A:A405G,G129D:N135D,4748.926,22,1966.2404144054565,73.3,False,3,2,0.0372792662906199,37048.033091931444,cgre132
4655,G299T:A348T:G706A,N116Y,11036.821999999998,34,1900.9854243442576,58.77,False,3,1,0.0309155447734548,35448.659321456405,cgre132
4672,T195C,S65P,789.77,4,190.4665818825933,11.22,False,1,1,0.0589079716194843,1188.1883578854506,cgre132
4673,G388A,G129D,6473.983,35,1915.5862530574968,65.64,False,1,1,0.0342662722157412,35808.60567393479,cgre132
4682,G63A:C441T:G504A,E21K:P147S:A168T,789.488,4,1640.7475537938924,161.24,False,3,3,0.0982722781619668,28903.54625908307,cgre132
4684,G317T:C397T:A400G,Q105H:S132L:N133S,2805.8099999999995,13,1913.534349937752,201.81,False,3,3,0.1054645295531616,35758.08963003818,cgre132
4690,A85G:C230T:C323T:C439T,K28R:P146L,8601.725999999999,18,1440.7477345687907,114.97,False,4,2,0.0797988414220272,23842.027416995545,cgre132
4699,G235A:G525T,R78H:G175C,4190.031000000001,15,1885.4740664168069,55.11,False,2,2,0.0292287234184727,35065.0657257473,cgre132
4707,A475G:C607G:A618G,N158S:T202R:S206G,375.578,5,290.8869799400574,24.95,False,3,3,0.0857721442367114,1952.5786203950177,cgre132
4710,C158A:C184T:G536A:C590A,T61I:M178I,4741.796999999999,18,448.6524134448416,39.36,False,4,2,0.0877293843084141,3650.8449214970196,cgre132
4719,A38T:A227G:A286G:A694T,K12N:D95G:E231V,1400.597,19,1394.732995291032,199.08,False,4,3,0.1427369974555301,22691.390239540113,cgre132
4733,T103A:C267T:T612A,V34D:P89S:W204R,52.766,1,1814.170322684772,0.0,False,3,3,0.0,33287.76942342768,cgre132
4736,T104C:T390A,F130I,2218.832,6,1591.9451476321,54.71,False,2,1,0.0343667619964023,27663.929567890875,cgre132
4739,A81G:A194T:T622C,M27V:F207S,4501.43,16,1591.8247099193948,84.0,False,3,2,0.0527696293923302,27660.871233588092,cgre132
4748,A123G:T664C,T41A:I221T,6237.597000000002,11,939.4694789436228,127.89,False,2,2,0.1361300211091526,12082.790877694159,cgre132
4755,T14C:G86C:A129C:T281A:A372G,K28N:T43P:S93R:T124A,57.418,1,874.26550666803,0.0,False,5,4,0.0,10738.288585317918,cgre132
4767,C188A:C596T:T664A,I221N,205.33,6,1220.832973286752,126.66,False,3,1,0.1037488360582228,18439.525901735957,cgre132
4772,A34T:A64G:G140A:T691G,E11V:E21G:L230W,419.038,8,336.1041908169577,86.06,False,4,3,0.2560515529152335,2379.473946932837,cgre132
4777,A25G:G162A:T396C,K8R:D54N:S132P,1009.24,6,2053.398284899697,45.19,False,3,3,0.0220074207387425,39141.102733121064,cgre132
4780,T195C:C290T,S65P,2706.134,8,1936.6521184590065,394.2,False,2,1,0.2035471400582077,36325.88092101365,cgre132
4783,G126T:T664A,G42C:I221N,72.91399999999999,3,1891.4992296809464,242.6,False,2,2,0.1282580485327087,35214.209759106474,cgre132
4786,A334T:G403A:C410T,K111I:G134D,87.803,2,281.48335362072885,49.41,False,3,2,0.1755343588330808,1870.1050838787492,cgre132
4791,A74T:T110C,wt,10075.688999999998,32,1922.2965790005417,44.08,False,2,0,0.0229309048778094,35973.647868195934,cgre132
4818,C232T:C682A,P77L:A227D,557.558,2,1839.797281948036,403.49,False,2,2,0.2193122057299551,33928.958468380646,cgre132
4821,A279T:A334G:A343T:G450C:C590A,S93C:K111R:Y114F:V150L,3403.0240000000003,14,1833.73380273518,43.29,False,5,4,0.0236075704856555,33777.475743160874,cgre132
4828,A54G:G217A:C588A:C682T:C702A,T18A:C72Y:P196T:A227V:R234S,72.733,2,1893.6360238395132,115.92,False,5,5,0.0612155654733278,35267.059822152325,cgre132
4832,C47A:T150A:C500A:C635A,C50S:N166K,73.358,3,240.53427683621263,67.17,False,4,2,0.2792533392059468,1536.8902422046754,cgre132
4835,G280A:A556G,S93N:N185S,2529.511,4,1333.297530770566,92.73,False,2,2,0.0695493675341974,21169.52867644395,cgre132
4838,T48C:A96G:G270T:T453A,Y16H:K32E:D90Y:Y151N,137.111,3,257.9132320755494,14.66,False,4,4,0.056840821550814,1673.1158233521833,cgre132
4839,G377A:A393G,K131E,18854.881,50,1943.477066290671,47.92,False,2,1,0.0246568384217984,36492.924002320535,cgre132
4865,A255G:C368T,K85E,50.098,2,884.5047714829892,664.1,False,2,1,0.7508156218157518,10945.631926007192,cgre132
4868,T5A:T11A,wt,6281.048999999999,12,1973.85157742442,47.48,False,2,0,0.024054493530843,37232.91545138324,cgre132
4874,A17G:A581G:G613C:A652T,W204S:D217V,1834.788,19,1410.1659113721769,99.73,False,4,2,0.0707221747425142,23076.38723828138,cgre132
4894,G159A,G53S,4688.167999999999,18,1324.6961018578827,140.54,False,1,1,0.1060922575395919,20957.985743988866,cgre132
4903,T514C,V171A,4044.686,16,1798.7931704558805,140.64,False,1,1,0.0781857538209113,32901.89787120498,cgre132
4910,G341A:G570A,A190T,376.088,19,1969.4212913508293,74.26,False,2,1,0.037706508163657,37125.34488044576,cgre132
4914,T249C:A333G:A384T:T483C:T566C,F83L:K111E:T128S,48.8,3,464.5901752745001,359.26,False,5,3,0.7732836790785202,3853.860688369863,cgre132
4917,C107T:G126T:A156T:T527C:C644T,G42C:T52S,119.637,6,541.4293192112324,605.47,False,5,2,1.118280777409808,4908.1033749483095,cgre132
4921,A356G,wt,17836.025,50,1969.825444565386,62.11,False,1,0,0.0315307126178907,37135.16326044203,cgre132
4966,T50C,wt,4591.723,10,1993.9896204345323,63.34,False,1,0,0.0317654612395609,37720.24974760478,cgre132
4969,T228A:G437A,Y76N,105.028,3,1421.914800871676,796.78,False,2,1,0.5603570618377066,23370.11917983065,cgre132
4972,C268T:G380A:G469A,P89L:R156H,71.856,2,375.8598178388769,26.21,False,3,2,0.0697334451729971,2795.293464300278,cgre132
4974,C155T:C368T,wt,4847.718999999999,16,2065.382162318062,48.69,False,2,0,0.0235743296753145,39424.42897357742,cgre132
4982,G29C:A393G,K131E,3101.021,10,1991.4907486719535,49.19,False,2,1,0.0247000896352658,37659.926250513105,cgre132
4987,G29C:G245T:C446T:T508C:T617C,F169S,879.983,12,294.6263487371108,23.79,False,5,1,0.0807463422805654,1985.9840684869307,cgre132
4997,G102T:C374T,V34F,6105.859,19,1908.7003754590824,63.13,False,2,1,0.0330748612048739,35638.992206524854,cgre132
5007,C13A:T508C:C545T,P4H:F169S,123.85,5,306.3068176232279,192.55,False,3,2,0.6286180682953187,2092.551465156959,cgre132
5011,C113A:G636T:C657T,D212Y:L219F,193.044,1,907.1475754188158,0.0,False,3,2,0.0,11409.232873087598,cgre132
5012,A17T:C130T:C401T,E5D:T43I,10457.154999999995,43,1902.0931664220052,54.76,False,3,2,0.0287893363830374,35476.00707396269,cgre132
5035,C128T:C500T,wt,327.327,2,1952.1734743774,11.48,False,2,0,0.0058806249294321,36705.37038025804,cgre132
5036,T28C:A163T:G609A,L9P:D54V:V203M,47.972,2,1649.3692901104014,260.18,False,3,3,0.1577451463174658,29122.52962234772,cgre132
5038,A163G:T276C:T297A:G299A,D54G:Y92H:S99T,335.755,2,246.20122326659,38.7,False,4,3,0.1571884960055422,1580.4622731220643,cgre132
5040,C176A:T455C:C540A:A628T,R180S:K209I,528.7529999999999,8,1217.6210412570326,768.48,False,4,2,0.631132326036881,18362.824854261682,cgre132
5045,A363G:G574T,N121D:W191L,74.11,1,1311.1916697885842,0.0,False,2,2,0.0,20626.693727615107,cgre132
5047,T535A,M178K,745.4540000000001,10,340.38978892274645,29.04,False,1,1,0.0853139575423362,2422.500149965783,cgre132
5050,G72A:G86T:A378G,V24I:K28N:K126E,2771.6100000000006,13,1712.4164591297354,104.18,False,3,3,0.0608380043561045,30722.040638678933,cgre132
5056,T228C:A266G,Y76H,139.945,3,959.0918916968412,102.72,False,2,1,0.1071013120737222,12498.227688175075,cgre132
5060,A38G:T281C:T325C:A328G:A629C,V108A:K109R:K209N,144.91700000000003,3,1413.363733045126,227.82,False,5,3,0.1611899291551484,23156.282331832164,cgre132
5062,G203A:T258A:C259T:C357T:A577G,S86I:E192G,4037.423,13,1936.0967693034293,58.99,False,5,2,0.0304685183794937,36312.27656483046,cgre132
5069,A84G:G367A:A629T:C702T,K28E:R122H:K209N:R234C,63.771,2,1933.499266627848,108.72,False,4,4,0.0562296567040415,36248.622000475865,cgre132
5071,G57A:T150C:A194G:A238G:C269T:T604G,E19K:C50R:H79R:L201R,67.547,2,1156.3677493086989,940.1,False,6,4,0.8129766681594257,16915.717970881247,cgre132
5075,C55T:A142T:A606G:T610C,T18I:K47M:T202A:V203A,90.662,4,1716.2826721218344,371.85,False,4,4,0.2166601143506757,30819.961819751414,cgre132
5078,A132G,I44V,11394.066,37,1656.1953763191195,117.25,False,1,1,0.0707947876660464,29295.88110827947,cgre132
5093,T14A:A25G:A686T,K8R,2706.4210000000003,10,1974.0852341339407,45.91,False,3,1,0.0232563413201058,37238.5852787952,cgre132
5099,G72A:T228C,V24I:Y76H,64.154,4,415.5132136846058,67.95,False,2,2,0.163532705488344,3246.5668950283325,cgre132
5102,A141G:T250C:A283T:G324A:C549A:C599T,K47E:F83S:Q94L:V108M:Q183K,96.077,1,966.3109843598328,0.0,False,6,5,0.0,12652.271833825997,cgre132
5105,T31C:A129G:C234T:C236T:T252A:T297C:G303T:G330C:T464C,F10S:T43A:R78C:F84I:S99P:D101Y:A110P,95.357,1,1413.5704192480375,0.0,False,9,7,0.0,23161.44761060181,cgre132
5108,A129G:C374T,T43A,7003.187999999999,21,1889.178207255506,52.91,False,2,1,0.028006886696446,35156.777411550866,cgre132
5119,C101T:A433G:C543A:T612C,H144R:H181N:W204R,3374.9820000000004,12,397.2856166501046,53.22,False,4,3,0.1339590404725667,3034.672811617368,cgre132
5133,A108G:C287T:G537T,T36A:A179S,415.636,4,1747.8411420663365,76.65,False,3,2,0.0438540998693866,31618.202675054905,cgre132
5139,G579A,E193K,1396.024,7,1973.960210737109,48.23,False,1,1,0.0244331166036979,37235.55155138047,cgre132
5142,A502T,K167M,10230.137000000002,43,2286.333283270414,96.99,False,1,1,0.0424216367358584,44403.86304220383,cgre132
5160,G62T:T82C:A334T:C538T,M27T:K111I:A179V,2198.538,6,394.47646718837785,16.04,False,4,3,0.0406614876530525,3002.6875537048936,cgre132
5166,T241A:A372G,I80N:T124A,72.033,4,1089.492535341437,569.66,False,2,2,0.5228672813453228,15373.182599267158,cgre132
5170,A54G:C383A:C442T,T18A:P147L,105.509,2,296.4812509951833,7.58,False,3,2,0.0255665407999885,2002.682987300326,cgre132
5172,A90G:T292C:T508C,I30V:I97T:F169S,58.08399999999999,1,265.1530436706301,0.0,False,3,3,0.0,1732.1335749427915,cgre132
5175,C374T:C434A:A572T,H144Q,12579.511,36,2012.4627223861448,50.41,False,3,1,0.0250489111869012,38164.84506523255,cgre132
5202,C56A:G159T,G53C,750.423,4,1402.6984557613089,113.54,False,2,1,0.0809439830304629,22889.978018372098,cgre132
5204,C56T:T190A:G336A:G403T,L63Q:V112M:G134V,81.986,1,991.8875824352738,0.0,False,4,3,0.0,13203.115590810414,cgre132
5205,C234T,R78C,20480.05400000001,49,1965.382016401215,61.31,False,1,1,0.0311949531889296,37027.15852488608,cgre132
5229,T10C:C107T:G284A:A493G:C674T,L3P:E164G,1689.661,5,887.9118788642555,62.46,False,5,2,0.0703448185420086,11014.94576827513,cgre132
5231,A129T:A487G:C554T:T685A,T43S:K162R:V228E,90.178,2,212.52449494019385,30.55,False,4,3,0.1437481359906161,1333.720701119422,cgre132
5232,C251A:C599T:A608T:G681A:A686G:A696G,F83L:A227T:T232A,214.742,2,1072.880080605829,8.57,False,6,3,0.0079878451980958,14996.67546515117,cgre132
5233,T241C:A333G:T418A:T459A:A486G:T604C,I80T:K111E:M139K:L153M:K162E:L201P,124.537,4,1932.450742095289,110.2,False,6,6,0.057026033108877,36222.91578258091,cgre132
5237,T28C:C296T:G312T:C434G,L9P:G104C:H144Q,64.362,1,1955.0029853861613,0.0,False,4,3,0.0,36774.39426820577,cgre132
5261,A261T,T87S,1390.9740000000002,12,1978.7707691275275,105.01,False,1,1,0.0530682995920243,37352.20746248423,cgre132
5283,T451A:A534T,V150D:M178L,79.134,1,2037.9740827892056,0.0,False,2,2,0.0,38774.75744525648,cgre132
5285,T325C:C420T:T508C:C548A,V108A:R140C:F169S,81.935,3,1726.8344925410554,280.14,False,4,3,0.1622274753081698,31087.078672626867,cgre132
5289,G26A,wt,13043.243,35,2015.196673472078,44.28,False,1,0,0.021973041432084,38230.43712709307,cgre132
5299,C80T:C434T:G605T,wt,4161.224999999999,15,1989.9905043794809,56.99,False,3,0,0.0286383276073825,37623.689412428816,cgre132
5306,G86C,K28N,3775.758999999999,12,1977.369363175201,56.78,False,1,1,0.0287149184453957,37318.23905977443,cgre132
5329,T187C:T396A:C607T:C633A,I62T:S132T:T202I:P211T,100.612,3,332.6557164345677,179.48,False,4,4,0.539536797754994,2345.171358746109,cgre132
5332,T459C,wt,17020.764,54,1944.499891474949,104.11,False,1,0,0.0535407589665793,36517.9343429915,cgre132
5337,C524T:G551A,wt,6115.516000000001,12,1945.2312476968527,36.26,False,2,0,0.0186404572941812,36535.813803613535,cgre132
5343,T517C:G605A,L172P,94.516,3,1976.4644048391365,91.18,False,2,1,0.0461328824221456,37296.29709823332,cgre132
5348,G541A:A581G,R180H,325.79900000000004,7,1825.853203310645,200.64,False,2,1,0.1098883522707075,33580.38280878435,cgre132
5353,A279G:T664A,S93G:I221N,53.554,3,1653.9135508805398,238.06,False,2,2,0.1439373901213019,29237.935940562686,cgre132
5356,C332T,wt,4867.556999999999,17,2012.4055140103287,42.66,False,1,0,0.0211985107887062,38163.471962988355,cgre132
5361,T691G,L230W,2415.8740000000003,6,658.5714031551062,74.84,False,1,1,0.1136399176178224,6741.071155052234,cgre132
5365,C109A:T211C:G480T,T36N:V70A:G160C,4231.161,18,415.529981652788,67.23,False,3,3,0.1617933794634742,3246.7652738632405,cgre132
5374,A16C:C548A,E5A,2528.808,6,1994.4445702126927,59.89,False,2,1,0.0300284103626972,37731.2277581806,cgre132
5377,A147G:G162A:A359G:T664A:G669A,I49V:D54N:I221N:E223K,123.942,5,1931.5918392292072,193.82,False,5,4,0.1003421095821894,36201.85374103114,cgre132
5382,C128A:C231A:T566C:G636T:T677C,P77T:D212Y,860.3109999999998,12,1368.6400071668706,137.01,False,5,2,0.1001066747154462,22042.806910770803,cgre132
5394,G403C:A502T,G134A:K167M,4590.069,17,2089.1082149423178,66.51,False,2,2,0.0318365508901301,39981.862046339505,cgre132
5402,T44A:T182C:A555G:G575T:C704T,N185D:W191C,49.825,1,1322.2886412981725,0.0,False,5,2,0.0,20898.850053243186,cgre132
5418,G125A:A142T:A156T:G243A:C260T:A379T:G703C,K47M:T52S:A81T:K126M:R234P,91.754,2,1098.1977169973918,197.48,False,7,5,0.1798218999579918,15571.578333803016,cgre132
5423,G99A:G106A:C439T,G33S:G35D:P146L,72.038,1,1962.1590500764937,0.0,False,3,3,0.0,36948.74064357719,cgre132
5431,A74T:G423A:T429A,V141I:Y143N,4836.739999999999,12,1935.5444940685104,36.2,False,3,2,0.0187027475270835,36298.74573681503,cgre132
5437,G523T:C682T,G174V:A227V,2944.743000000001,29,343.99389526358385,60.96,False,2,2,0.1772124471955808,2459.02360967675,cgre132
5455,C158A:G414A,G138R,5812.621,26,1903.6464863969568,58.43,False,2,1,0.0306937240803521,35514.34449613521,cgre132
5467,A194T,wt,3800.838,11,1991.783665367857,56.19,False,1,0,0.0282108950771129,37666.999556980365,cgre132
5472,A256T:C452T,K85M,220.491,3,941.1216332440722,57.94,False,2,1,0.0615648370554178,12117.582623123062,cgre132
5476,A135G:A307G:T358C:G395A:A556T,K45E:N102S:L119P:N185I,46.414,2,1749.524278669725,298.14,False,5,4,0.1704120392239968,31660.71682024893,cgre132
5478,A129T:C244A:T376A:G560T,T43S:A81E:V125E:K186N,50.09,2,1626.67466042377,493.37,False,4,4,0.3032997390341537,28546.064984773897,cgre132
5481,G341A:C422G:A595G,Y198C,20336.483000000007,40,445.3375572109541,44.04,False,3,1,0.098891277609309,3609.3147250385555,cgre132
5501,G245A:C263G:T585A,Y195N,477.209,10,1303.2871605645737,180.65,False,3,1,0.1386110486362375,20433.26863845632,cgre132
5511,A136G:A306G:G450A:T535A,K45R:N102D:V150I:M178K,1193.2910000000002,4,344.1225565429082,23.95,False,4,4,0.0695972976622173,2460.3331610697805,cgre132
5513,T11G:C420T:C432T:T690A,R140C:H144Y:L230M,273.479,3,288.31643773493164,19.32,False,4,3,0.067009706944847,1929.8156977608335,cgre132
5516,A335T:G423A:T527C,K111N:V141I,7373.861999999999,26,1919.1587562392049,36.25,False,3,2,0.0188884842810168,35896.50302983683,cgre132
5529,C244T:A472G,A81V:K157R,1637.0990000000002,5,2013.1079326317931,33.4,False,2,2,0.0165912614314401,38180.32961640157,cgre132
5531,G63A:C506A:C561T,E21K:P187S,7331.9090000000015,22,1909.8023885376267,57.48,False,3,2,0.0300973547551239,35666.15409189235,cgre132
5550,T50C:G100T:T103C:A147T:G160A:C206T:T429A,G33V:V34A:I49F:G53D:Y143N,59.226,3,1936.0672361188572,63.09,False,7,5,0.0325866782015657,36311.55304200667,cgre132
5552,T241A:A354G:T376A:G469A,I80N:T118A:V125E:R156H,74.062,2,1671.5820664545188,52.83,False,4,4,0.0316047898934774,29686.521896658465,cgre132
5554,A334C,K111T,5751.581,14,1932.5088903670032,56.43,False,1,1,0.0292003831295613,36224.34154356297,cgre132
5562,T514A:G630T:A648G,V171E:D210Y:T216A,450.867,3,1503.8745098865895,300.4,False,3,3,0.1997507092680583,25431.937718010457,cgre132
5563,C27T:A183C:G210A:G388A:G421A:A558G,T61P:V70M:G129D:R140H:K186E,77.59,4,1874.5600222959292,192.5,False,6,5,0.1026907635447326,34794.4584262972,cgre132
5566,G257A:T337A,V112E,51.294,1,980.712614980022,0.0,False,2,1,0.0,12961.476328869549,cgre132
5568,T201G:T464A:C599T:A694G,S67A:E231G,2041.4780000000003,12,1679.2229324660348,81.22,False,4,2,0.0483676100592098,29880.43651219845,cgre132
5577,C46A:A329G:C436T,P15H:S145L,89.627,6,900.6353915212028,620.82,False,3,2,0.6893133512679472,11275.18963194053,cgre132
5582,T61C:T87C:T91C:T242C,L20P:F29L:I30T,45.502,1,238.28552959765707,0.0,False,4,3,0.0,1519.8287240648885,cgre132
5583,A271T:A433G:C524G:T690A:T691A,D90V:H144R:L230K,126.418,2,169.49367174272425,4.97,False,5,3,0.0293226286792819,1061.8337883775775,cgre132
5584,T459A:C607T,L153M:T202I,2092.661,8,380.0290106607895,25.55,False,2,2,0.0672317093781182,2841.0449226830588,cgre132
5591,G428A:C641T:T690A,L230M,2887.16,2,1758.9662735443642,6.86,False,3,1,0.0039000179271072,31899.086075204483,cgre132
5594,G127A:G246T:G312A:T429A,G42D:D82Y:G104S:Y143N,91.722,4,1814.880264331734,470.21,False,4,4,0.2590859624412403,33305.56492080713,cgre132
5596,A135G:G246T:C641T,K45E:D82Y,72.104,1,2011.0956884408529,0.0,False,3,2,0.0,38132.027377775055,cgre132
5600,T82A:A90T,M27K:I30F,2307.62,6,1956.588817973137,60.1,False,2,2,0.0307167246628029,36813.05801133606,cgre132
5604,A93G:A108G:C434T:C668T,I31V:T36A,2260.132,7,1904.861752123917,51.58,False,4,2,0.0270780805706704,35544.32967971025,cgre132
5607,C198A:A595T:A615T,L66M:Y198F:T205S,3412.9280000000003,13,325.0667069190096,26.22,False,3,3,0.0806603673704816,2270.6883749980457,cgre132
5613,C113T:G126A:A132C:C184A:C232T:T535A:C603T,G42S:I44L:T61N:P77L:M178K,53.441,1,1983.757856538498,0.0,False,7,5,0.0,37472.98313556981,cgre132
5618,G270T:T604A,D90Y:L201Q,198.736,1,1768.5467277609002,0.0,False,2,2,0.0,32140.72234209567,cgre132
5623,T281C:T610A,V203E,53.628,2,1870.745128772359,164.0,False,2,1,0.0876656031212663,34699.738376345995,cgre132
5629,A40T:A163G:A307G,E13V:D54G:N102S,2708.302,16,1788.9078898361993,79.95,False,3,3,0.0446920718804144,32653.428732608678,cgre132
5636,A346G:G478A:G503T,E115G:G159D:K167N,55.58,3,1519.2447231406527,349.98,False,3,3,0.2303644664149336,25820.57793391678,cgre132
5639,G180T:G330A,A60S:A110T,67.919,3,678.667984985689,448.82,False,2,2,0.6613248450337085,7081.103279221227,cgre132
5642,C436T:G450A:A628G,S145L:V150I:K209R,435.059,4,268.52928522959627,27.91,False,3,3,0.1039365221418459,1760.1091619616107,cgre132
5646,C188T:T220C:T659A,F73S,47.051,1,912.37715218422,0.0,False,3,1,0.0,11517.284940590122,cgre132
5654,T44C:C119T:A394G:A489G:C599A,K131R:I163V:H199Q,58.147000000000006,1,1381.6205675354042,0.0,False,5,3,0.0,22365.076276142983,cgre132
5655,T88C:G257A:C357G:A440G:C564T,F29S:L119V:L188F,130.86,2,1852.7284127580888,207.67,False,5,3,0.1120887435902433,34251.51685644256,cgre132
5657,A322T:A356G:A679T,D107V:K226M,581.317,4,583.8621525017721,89.1,False,3,2,0.1526045139562793,5541.741385273469,cgre132
5661,C157T:G167A:C355T:A398G,T52I:T118I,1590.2019999999995,14,1626.3905408720614,107.09,False,4,2,0.0658451935797529,28538.847474625574,cgre132
5668,A339T:A433T,T113S:H144L,5332.002999999999,25,1895.0391146141276,44.17,False,2,2,0.023308226019912,35301.750518879424,cgre132
5679,T110A:A194T:A328G:C649T:A696G,K109R:T216I:T232A,2496.647,12,1492.5588505364758,122.49,False,5,3,0.0820671157830547,25146.151568047742,cgre132
5685,G127T:T300C,G42V:F100L,68.094,2,1410.863682750457,107.37,False,2,2,0.0761023203819974,23093.817068256154,cgre132
5694,T150C:T177A:A363T:T455C:A559G:T594C,C50R:W59R:N121Y:K186R:Y198H,45.315,2,1912.641834724005,134.12,False,6,5,0.0701229041240507,35736.10961574861,cgre132
5698,T300C:A307G:C332T:C626A:A675T,F100L:N102S:I225F,47.976,1,1303.9943777335764,0.0,False,5,3,0.0,20450.559361827025,cgre132
5700,A266G,wt,16175.280999999994,60,2002.066405405312,53.19,False,1,0,0.0265675503351907,37914.93063732354,cgre132
5704,C231A:C262T:C644T,P77T:T87I,49.267,1,1212.600938940761,0.0,False,3,2,0.0,18243.100953305042,cgre132
5706,T435C:C448T,S145P:A149V,1479.127,6,350.7855537763672,47.82,False,2,2,0.1363226036112257,2528.6883572250404,cgre132
5711,C113A:T192A,S64T,5552.945000000001,18,338.20967951396744,64.6,False,2,1,0.1910057692400614,2400.5576181619617,cgre132
5721,G382A,G127D,1603.249,7,1896.372704604515,383.19,False,1,1,0.2020647096794791,35334.713656694694,cgre132
5724,T508C:C641T,F169S,490.426,9,254.4054011032065,37.31,False,2,1,0.1466556914208916,1644.998725119621,cgre132
5744,T412A:C468T:T527A,L137Q:R156C,2077.139,8,1390.412156796221,112.56,False,3,2,0.0809544130133039,22583.77947477395,cgre132
5748,A247G:T325C:T552C,D82G:V108A:F184L,71.435,3,1143.2208260596872,598.38,False,3,3,0.5234159371137618,16609.227683773926,cgre132
5754,A601T:A637G,H200L:D212G,801.1289999999999,7,1376.3349121254553,127.1,False,2,2,0.0923467092785731,22233.75496726087,cgre132
5756,T508C:A577G,F169S:E192G,127.455,2,230.56496757761096,36.45,False,2,2,0.1580899318008079,1462.2443115918397,cgre132
5757,C263T:A277C:C401G:A532G:A598T,Y92S:N133K:Q177R:H199L,173.788,4,1751.4354998452902,526.21,False,5,4,0.3004449778747101,31708.984114438284,cgre132
5763,T94A:T220A,I31N:F73Y,54.441,2,1843.117865637561,104.6,False,2,2,0.0567516608406469,34011.85377369717,cgre132
5767,T318A:G324A:A333G:A348G:G402T,Y106N:V108M:K111E:N116D:G134C,96.012,1,1956.674792228572,0.0,False,5,5,0.0,36815.15368232962,cgre132
5773,C122T,wt,3664.302,12,2034.6506287336208,92.19,False,1,0,0.0453099901762395,38695.579037958305,cgre132
5786,C128A:G647T,E215D,10903.946,27,1971.8561950184044,44.93,False,2,1,0.0227856372657949,37184.481807767246,cgre132
5799,C158T:G173A:T195A:G546T:G624A,S65T:A182S:G208S,3051.4349999999995,14,1562.6593570917405,59.74,False,5,3,0.0382297010086586,26920.593933041408,cgre132
5806,T508C,F169S,918.117,12,296.9130020753782,90.76,False,1,1,0.3056787657179071,2006.582047398591,cgre132
5813,A54T:A129T:A142T:A472T:A643T,T18S:T43S:K47M:K157M:D214V,54.051,1,917.6195010991328,0.0,False,5,5,0.0,11625.963952454738,cgre132
5816,C109T:C154T:C366T:T573C,T36I:T51I:R122C:W191R,56.327,3,849.3700520905201,636.99,False,4,4,0.7499558036361211,10240.293999275866,cgre132
5821,G313A,G104D,106.435,3,1481.0841731251762,492.07,False,1,1,0.3322363501877836,24856.669031401154,cgre132
5825,T216C:G280A:C410T:C569T,C72R:S93N,175.51700000000002,2,2366.439269197805,293.18,False,4,2,0.1238907770911799,46071.277331893776,cgre132
5828,C152T:T412A,L137Q,2336.38,12,1540.5060853594402,100.39,False,2,1,0.0651668960960815,26358.922069982753,cgre132
5835,A226T:T610C,K75I:V203A,607.866,6,291.9810456234872,47.6,False,2,2,0.163024280902743,1962.3165869647291,cgre132
5838,T31A:A58G:G125A:T192C:C196T:T219C:T360C:G382T:A430G:C463T,F10Y:E19G:S64P:S65F:F73L:Y120H:G127V:Y143C:P154L,71.686,2,1291.8169551824571,491.85,False,10,9,0.3807427964363037,20153.255082640735,cgre132
5840,C221A:G570C,F73L:A190P,62.761,3,1410.3578803902858,369.47,False,2,2,0.2619689691085763,23081.18229431236,cgre132
5842,A283G:T418G:C436T:C442T,Q94R:M139R:S145L:P147L,55.97,2,1735.2964055927116,123.46,False,4,4,0.071146346873133,31301.137445144304,cgre132
5844,T653C,wt,9806.551,34,1969.5768518957825,70.67,False,1,0,0.0358808034994815,37129.12414698731,cgre132
5862,C539A:T565C:C668A,L188P,52.124,3,1137.2496748540266,679.33,False,3,1,0.5973446420964653,16470.5315676225,cgre132
5864,A51G:T412A:G423C:A583G:T658A,I17V:L137Q:V141L:D194G:L219H,49.098000000000006,1,1474.5168299003055,0.0,False,5,5,0.0,24691.144100799607,cgre132
5866,T376A,V125E,55.054,2,2008.073670769928,421.97,False,1,1,0.210136712682563,38059.43170924592,cgre132
5873,T5C:A38T:A51T:T61C:A229T:C332T,K12N:I17F:L20P:Y76F,65.161,2,1605.6372285989464,184.42,False,6,4,0.1148578251146567,28011.66787634827,cgre132
5875,T610C,V203A,7112.219,14,258.4944828663214,34.73,False,1,1,0.1343548984678345,1677.8050459989531,cgre132
5878,C47T:T61A:T241A,L20Q:I80N,47.43000000000001,1,2586.787296242488,0.0,False,3,2,0.0,50172.409306996014,cgre132
5879,T220A:T249C:G280A:A511T:G551A:T604A,F73Y:F83L:S93N:D170V:L201Q,81.791,2,1711.8084136543098,310.18,False,6,5,0.1812001842763691,30706.63815820704,cgre132
5886,T241C:T622C,I80T:F207S,207.686,6,1610.975973932614,664.14,False,2,2,0.4122594071833008,28147.2762455115,cgre132
5891,T199A:A361G:G551C:A598G,L66Q:Y120C:Q183H:H199R,46.981,2,2243.119489298538,1226.95,False,4,4,0.5469837901429354,43470.96115674264,cgre132
5892,T297A:G309T:G681A,S99T:D103Y:A227T,2785.477,8,1681.925433613903,73.27,False,3,3,0.0435631678644438,29949.00836183406,cgre132
5897,G21A:G245T:T495C:C603T,A7T:Y165H,292.04100000000005,6,233.43332404168223,33.04,False,4,2,0.1415393459166109,1483.4584095313462,cgre132
5908,C500G:C603A,N166K:L201M,249.97900000000004,3,224.43628747405552,13.08,False,2,2,0.0582793457653857,1417.6317114708797,cgre132
5918,A90G,I30V,23291.788,42,1994.6715242613343,43.65,False,1,1,0.0218833023227543,37736.70366302465,cgre132
5937,C9A:C101T:C107A:T497C:T517C,L3I:L172P,5337.509000000002,17,1948.248160828917,61.95,False,5,2,0.0317977972444959,36609.53443391887,cgre132
5946,G78T:T258A:C516T:A608C:T676A,G26C:S86T:I225N,47.52600000000001,1,1336.1544353904635,0.0,False,5,3,0.0,21239.880220967938,cgre132
5952,T249A:C538T:T612G:A675G,F83I:A179V:W204G:I225V,57.285,3,1883.3312792850336,75.91,False,4,4,0.0403062386500677,35011.98146950105,cgre132
5954,T376C:C616T,V125A:T205I,77.975,2,1318.1738304282346,403.26,False,2,2,0.3059232331057528,20797.851244194815,cgre132
5956,G203A:G341A:A348T:T412C,N116Y:L137P,123.94700000000002,2,171.45682170071746,285.72,False,4,2,1.6664253843380583,1073.159331730007,cgre132
5959,A84G:T195C:C267T:A306T:C323A,K28E:S65P:P89S:N102Y:D107E,46.696,1,1450.0361661425995,0.0,False,5,5,0.0,24075.22598943104,cgre132
5963,C157T:C315A:T386A:G567A:C569T:G611A:T691C,T52I:Q105K:G189S:L230S,60.255,3,918.5174663497444,943.58,False,7,4,1.0272858541818002,11644.615918691472,cgre132
5965,A333G:C441A,K111E:P147T,1067.175,5,1345.6796948360995,60.9,False,2,2,0.0452559403502164,21474.753750720072,cgre132
5970,A51G:G257A:G330T:T342G:G395T,I17V:A110S:Y114D:K131N,84.186,4,1855.786711290136,121.79,False,5,4,0.0656271538421201,34327.70166717593,cgre132
5974,G341A:G388A:T535A,G129D:M178K,376.61800000000005,5,682.0342039672179,216.69,False,3,2,0.3177113387269581,7138.757295904579,cgre132
5977,T31C:C221G:C234A:C702A,F10S:F73L:R78S:R234S,52.077000000000005,2,1451.9021876052557,477.43,False,4,4,0.3288306912654119,24122.10911083839,cgre132
5979,T318A,Y106N,3649.495,20,56.54281044486591,0.04,False,1,1,0.0007074285781921,590.1100246237573,cgre132
5980,C107T:A147G:G207A:A534G:A675T,I49V:G69S:M178V:I225F,67.452,1,1074.5663462242223,0.0,False,5,4,0.0,15034.765750487895,cgre132
5984,G106A:A256G:G478A,G35D:K85R:G159D,64.357,3,1649.4007463412622,200.39,False,3,3,0.1214926090245257,29123.328522026597,cgre132
5988,A74G:A229G:T242A:G284A:G494A:A499G:C597T,Y76C:N166S:H199Y,151.06900000000002,7,865.8869300874825,699.17,False,7,3,0.8074610849356062,10569.709813119782,cgre132
5995,A142T:T199A:C231T:T308C:A449T:A502T:C547T,K47M:L66Q:P77S:K167M:A182V,58.056,2,1584.650609284096,750.84,False,7,5,0.4738205353287373,27478.712586192298,cgre132
5997,C20A:T242A:A283G,Q94R,47.440000000000005,1,1979.6858560322617,0.0,False,3,1,0.0,37374.38109055481,cgre132
6000,A90G:G671T,I30V:E223D,919.333,2,217.552588311136,6.42,False,2,2,0.0295101062682754,1368.6882588225972,cgre132
6003,G59T:T453C,E19D:Y151H,7965.854000000001,22,376.7147912918457,59.97,False,2,2,0.1591920502891549,2804.6428624157534,cgre132
6014,T10C:T199A:T396A,L3P:L66Q:S132T,160.28900000000002,5,235.8224875408196,24.34,False,3,3,0.1032132272618271,1501.2907744808654,cgre132
6025,T211C:C411T:G480T,V70A:G160C,5207.620999999999,19,680.0216603079479,85.85,False,3,2,0.1262459786370963,7104.264098636044,cgre132
6035,G382A:C436T:A475T:A511G,G127D:S145L:N158I:D170G,232.233,1,1393.9052837624615,0.0,False,4,4,0.0,22670.769821883983,cgre132
6036,C193T:C441G:T457C:T517C:T565C:A643T:G651A,S64L:P147A:I152T:L172P:L188P:D214V:D217N,103.473,6,1610.3054234218762,679.47,False,7,7,0.421951010110949,28130.24329062738,cgre132
6041,G106A:A279G:A316T,G35D:S93G:Q105L,56.106,1,2006.633044419831,0.0,False,3,3,0.0,38024.80165044618,cgre132
6044,G106A:C131T:A277G:C302G:C452A,G35D:Y92C:F100L,124.848,2,1864.5465968669128,357.86,False,5,3,0.1919286976261839,34545.69313241831,cgre132
6046,A38G:G112A:A378G:C512T:C656T:A670G,G37D:K126E:E223G,98.608,2,1888.4865917856084,321.55,False,6,3,0.1702686168907172,35139.65864684374,cgre132
6048,A37G:A97T:A123T:A136G:T220A:C561T,K12R:K32M:T41S:K45R:F73Y:P187S,99.579,3,1268.45367757683,335.8,False,6,6,0.2647317800690129,19585.447490805185,cgre132
6051,T460C:G494A,L153S,380.619,6,171.18812210073602,10.08,False,2,1,0.0588825899618689,1071.6030370331127,cgre132
6052,T199A:C596T,L66Q,598.891,14,290.9588391633393,65.21,False,2,1,0.2241210481438311,1953.2173091342806,cgre132
6061,G140T:G447A:A544G:G636T:G651A,A149T:H181R:D212Y:D217N,60.499,3,1439.7053510981264,1133.6,False,5,4,0.787383334468649,23815.875048021695,cgre132
6064,G98A:T150G:T585C:A606T,C50G:Y195H:T202S,135.687,2,2243.305451660397,30.0,False,4,3,0.0133731231196337,43475.02282419649,cgre132
6065,G235A:T610A,R78H:V203E,108.425,5,1761.0357375749973,278.77,False,2,2,0.1582988885755806,31951.301717677474,cgre132
6070,C149A:T215A:C350G,F71L:N116K,2209.84,9,1655.505912338521,104.11,False,3,2,0.0628871206222013,29278.373028574508,cgre132
6076,C506T,wt,2524.3429999999994,8,1990.48343591954,48.33,False,1,0,0.0242805336270849,37635.597351577075,cgre132
6080,A405G:T514A,N135D:V171E,758.1730000000001,7,288.4792595204637,59.63,False,2,2,0.2067046348466173,1931.252670950663,cgre132
6083,G480T:T535C:A595G:C600T:A696T,G160C:M178T:Y198C:H200Y:T232S,61.521,2,67.11560822117508,5.84,False,5,5,0.0870140367461867,618.9137047118688,cgre132
6085,A454G,Y151C,20862.310999999994,30,818.9390119416362,25.02,False,1,1,0.0305517256293355,9643.717659850105,cgre132
6103,G67A:G210A:T459C:T460C:G537T:C561T:A679T,G22D:V70M:L153P:A179S:P187S:K226M,59.358,4,1558.6409003710685,457.93,False,7,6,0.2938008362869085,26818.662874345493,cgre132
6109,A70G:C202T,D23G:S67L,57.666,1,1854.331684988956,0.0,False,2,2,0.0,34291.46071755869,cgre132
6125,T116A:T199C:T604C,D38E:L66P:L201P,96.077,5,2102.68793994351,294.84,False,3,3,0.1402205217422424,40298.738549664755,cgre132
6129,C174A:C278T:T358C:A675G,P58T:L119P:I225V,86.49,4,1764.221684040747,330.15,False,4,3,0.1871363462917139,32031.666501171152,cgre132
6134,C589A,P196H,70.804,1,2075.597232395772,0.0,False,1,1,0.0,39665.00795702809,cgre132
6136,G126A:T187C:T272A:T358C:A472C,G42S:I62T:D90E:L119P:K157T,77.048,4,1867.5996790071724,227.0,False,5,5,0.1215463905630325,34621.58973169234,cgre132
6144,A156C:A205T:A265G:A294G:A310T:C320T:C357T,T52P:Y68F:Q88R:I98V:D103V,148.25,2,2078.1256714418423,20.43,False,7,5,0.0098309742672228,39724.42176705798,cgre132
6147,A74G:A108T:G367A:T676C,T36S:R122H:I225T,112.505,7,237.51536617264316,69.63,False,4,3,0.2931599800132002,1514.0153297425177,cgre132
6148,T30C:A70T:G138A:C209T:A322G:T451A,F10L:D23V:A46T:D107G:V150D,71.261,4,1585.554408079213,359.57,False,6,5,0.2267787205332131,27501.659139752348,cgre132
6154,T457A:T479A:C591T,I152N:P197S,69.15,2,2628.5119913837257,655.17,False,3,2,0.2492550926713099,50857.224085607224,cgre132
6157,G19A:A283G:A334T,G6D:Q94R:K111I,77.20100000000001,2,1847.291583935587,136.48,False,3,3,0.0738811355970313,34115.98305355608,cgre132
6160,A247G,D82G,76.769,4,1506.192013101091,957.3,False,1,1,0.6355763353365683,25490.50431354125,cgre132
6162,A84G:C101A:G274C:C561T,K28E:G91A:P187S,146.29,1,1284.0608731228072,0.0,False,4,3,0.0,19964.370337907203,cgre132
6164,G105A:A279T:G473T,G35S:S93C:K157N,66.307,1,1683.5,0.0,False,3,3,0.0,29988.956989395047,cgre132
6168,A38G:A529G:T659G:C674T:A700G,H176R:Y233C,193.273,3,196.3577607969298,12.56,False,5,2,0.0639648769115337,1225.7963239991532,cgre132
6172,C118T:T166A:A225G:A265G:G324A:C463T:A471G:C633A:G642A,A39V:L55Q:K75E:Q88R:V108M:P154L:K157E:P211T:D214N,48.455000000000005,2,1842.946531546853,250.54,False,9,9,0.1359453438889041,34007.577668671984,cgre132
6177,A129G:C232T:A329G:G619T,T43A:P77L:S206I,75.772,2,766.1007177823828,339.54,False,4,3,0.443205432547903,8641.087480519742,cgre132
6188,A343G:A356G:T490A:T584C:T664A,Y114C:I163N:I221N,94.062,4,1732.9916101019523,247.67,False,5,3,0.1429147138141248,31242.847835241304,cgre132
6196,C357T:C531A,Q177K,46.008,2,87.70873944575004,19.79,False,2,1,0.225633159535266,684.28135677592,cgre132
6197,T192A:A394G,S64T:K131R,2535.135,10,328.6179835774974,62.92,False,2,2,0.1914685231618241,2305.3700970145687,cgre132
6202,A93T:T103C:A156G:G210C:T228A,I31F:V34A:T52A:V70L:Y76N,101.46,1,1964.1277859727136,0.0,False,5,5,0.0,36996.64968459685,cgre132
6208,G77A:G478T:C633A:A640G,G159V:P211T:D213G,274.022,6,1233.0106995231602,108.5,False,4,3,0.0879959922829217,18731.027462699614,cgre132
6214,G321A:A364G:G570A:A686G,D107N:N121S:A190T,2736.029,12,1120.3516449579222,157.52,False,4,3,0.1405987135457957,16079.79042906834,cgre132
6223,A84G:G173A:G522A:T664A,K28E:G174S:I221N,48.957,2,1588.2874149209763,290.61,False,4,3,0.1829706621546573,27571.050971036435,cgre132
6225,C107T:A120G:C185A:T610C,T40A:V203A,744.518,2,241.9093790278704,20.38,False,4,2,0.0842464235239594,1547.3873868140568,cgre132
6227,A35G:A359T:T435C:C505T:C524T,S145P:A168V,2010.8680000000004,11,302.6473633137776,42.28,False,5,2,0.1397005397207611,2058.8034195772234,cgre132
6233,A16G:G203A:G669A,E5G:E223K,1578.749,4,2016.9959553080705,43.19,False,3,2,0.0214130325280713,38273.57529043315,cgre132
6235,G273A:A688G,G91S:D229G,53.775,1,2799.144619555835,0.0,False,2,2,0.0,53305.10949090395,cgre132
6240,G375A:A493G,V125M:E164G,2354.892,10,333.42545587262265,25.52,False,2,2,0.0765388471411412,2352.803377511438,cgre132
6245,C118T:C196T:T353C:G473A:C603A:A650G,A39V:S65F:L201M,73.67699999999999,3,1248.9529085289248,789.23,False,6,3,0.6319133368523815,19114.264313682157,cgre132
6249,G179T:C209A:T495C:G672A,W59C:Y165H:V224I,45.234,1,2124.1937718777567,0.0,False,4,3,0.0,40797.1929153517,cgre132
6250,A601T,H200L,7050.023000000001,29,1316.8383881984516,170.72,False,1,1,0.1296438511589563,20765.09318978152,cgre132
6254,G106A:G537A,G35D:A179T,499.449,2,857.4864598820322,68.94,False,2,2,0.0803977709566216,10401.683588748952,cgre132
6256,C302A:C410T:T424G:G469T:A598T:C607T,F100L:V141G:R156L:H199L:T202I,61.827,1,228.559372517276,0.0,False,6,5,0.0,1447.5376666768018,cgre132
6263,A96G:A115T:A186T:G519T,K32E:D38V:I62F:G173C,142.836,4,1113.05146138837,854.9,False,4,4,0.7680687098992138,15911.806441853842,cgre132
6267,C168A:G245T:A577G:A606G,P56T:E192G:T202A,368.252,2,203.30381597231184,9.71,False,4,3,0.0477610317030272,1271.3210480602754,cgre132
6268,A85T:A120T:G160A:A279G:T409C:T584A:A695G,K28M:T40S:G53D:S93G:I136T:D194E,61.84300000000001,3,1289.6400549438702,946.65,False,7,6,0.73404202697566,20100.202912403576,cgre132
6272,A25T:C181A:T252A:A496T:T610C:G669A,K8M:A60D:F84I:Y165F:V203A:E223K,49.254,2,994.332859952278,524.78,False,6,6,0.5277709518975228,13256.187020879235,cgre132
6275,T199A:T249A,L66Q:F83I,72.48,3,1581.9866216506048,747.43,False,2,2,0.4724629082009242,27411.08012145051,cgre132
6277,G77A:T281C:C538T,A179V,4115.694,15,1413.3421501940873,131.56,False,3,1,0.0930843249682559,23155.7429661299,cgre132
6285,G102A:A136G:T201C:T391C:C443T:C633A,V34I:K45R:S67P:F130S:P211T,116.651,6,1728.5931951904888,581.22,False,6,5,0.3362387412013098,31131.579736005195,cgre132
6289,A51G:G352A,I17V:G117D,921.379,4,1888.0136529630745,20.77,False,2,2,0.0110009797690833,35127.95118095806,cgre132
6291,G111A:A322C,G37S:D107A,187.972,1,1975.150297507752,0.0,False,2,2,0.0,37264.425211178845,cgre132
6293,G127A:T215G:A265G:G289A,G42D:F71L:Q88R:R96H,107.86,1,895.3916426281132,0.0,False,4,4,0.0,11167.669324743254,cgre132
6302,C231A:A256T:T297C:C644G,P77T:K85M:S99P:D214E,58.468,1,1016.7825948049128,0.0,False,4,4,0.0,13746.663874111196,cgre132
6307,T150C:C302T:G450T:C665A:A695C,C50R:V150F:E231D,46.105,1,910.6933264396828,0.0,False,5,3,0.0,11482.454587272734,cgre132
6311,G140A:A440T:C589T:A637T:G680T,P196L:D212V:K226N,537.78,2,1825.4696101787165,173.16,False,5,3,0.0948577829148562,33570.783169342954,cgre132
6315,G114A:T133A,D38N:I44N,321.573,4,204.11820570939585,25.04,False,2,2,0.122674015837909,1276.742148254728,cgre132
6326,A96G:T258C:T427C,K32E:S86P:L142S,88.746,3,1103.7105592901016,658.05,False,3,3,0.5962160952988008,15697.602747105375,cgre132
6336,T435A:G469T:T490A:C564A:A663G,S145T:R156L:I163N:L188I:I221V,101.053,4,1329.513651653728,612.32,False,5,5,0.460559392706017,21076.418266890316,cgre132
6339,C161T:G341T:C374T:A598G:T690A,H199R:L230M,87.57499999999999,3,1857.628815542711,316.48,False,5,2,0.1703677275847702,34373.57064586441,cgre132
6341,A76G:C189A:C209T:T425C:A433G:T667C,E25G:L63M:H144R:V222A,2811.042,23,400.4700805088461,62.45,False,6,4,0.1559417370722168,3071.1489914036956,cgre132
6355,G105T:G111T:A141G:T219A,G35C:G37C:K47E:F73I,47.23,2,1862.088298443228,165.53,False,4,4,0.088894817790536,34484.551970067994,cgre132
6358,A81T:T242C:T276C:T491C,M27L:Y92H,1323.3010000000002,7,760.7623541567839,22.88,False,4,2,0.030075094903138,8542.219958292448,cgre132
6361,A132T:A256C:G309A:T552A,I44F:K85T:D103N:F184I,49.087,3,1349.3031810275963,767.58,False,4,4,0.5688714076961042,21564.225678741346,cgre132
6363,C314T:A393G:C446T,K131E,1711.663,9,1871.9317497859968,120.21,False,3,1,0.0642170848449697,34729.20820411267,cgre132
6369,T95A:A115G:T166A:T250C:C268A,D38G:L55Q:F83S:P89H,54.822,1,1333.992045267893,0.0,False,5,4,0.0,21186.627119708322,cgre132
6370,G66T:C154T:C434A,G22C:T51I:H144Q,1304.399,14,326.62062924289154,30.88,False,3,3,0.0945439364059153,2285.826545510239,cgre132
6378,G79A:A136G:T201C:T573C:A598C,G26D:K45R:S67P:W191R:H199P,49.97500000000001,2,1675.9693975489656,285.73,False,5,5,0.1704864065047178,29797.87312545023,cgre132
6382,A501G:T509C:A650T,K167E,253.874,3,56.50774360489155,0.0,False,3,1,0.0,590.0198974313192,cgre132
6383,G39A:T242C:G324A:C634T,E13K:V108M:P211L,68.21400000000001,1,198.3357497862501,0.0,False,4,3,0.0,1238.6300470474544,cgre132
6384,G151A:T182A:G191A:G703A,C50Y:R234H,155.88799999999998,2,1022.9949101095584,163.31,False,4,2,0.1596391129477958,13883.402925351274,cgre132
6392,T224C:A256G:G428A:G504A,K85R:A168T,50.489,1,159.33841764714083,0.0,False,4,2,0.0,1004.9139483065471,cgre132
6393,A36G:A454G:G613T,K12E:Y151C:W204L,75.83500000000001,4,188.1610526776717,104.62,False,3,3,0.55601304579869,1173.721909047829,cgre132
6394,T30G:G140T:T166G:A256C,F10V:L55R:K85T,136.195,4,1741.1716142332598,463.45,False,4,3,0.2661713504926878,31449.674673258913,cgre132
6405,T50C:T187C:A498G:A502G:T690A,I62T:N166D:K167R:L230M,52.602,2,764.822317418661,498.85,False,5,4,0.6522429963650385,8617.369774022936,cgre132
6409,A38T:T133A:C181T:T424A,K12N:I44N:A60V:V141D,129.788,5,1713.1582750077582,645.74,False,4,4,0.3769295630300567,30740.830852662635,cgre132
6413,T82A:C218T:G488A:C602A,M27K:H200Q,4138.665,10,762.6130850959238,43.4,False,4,2,0.0569095926206682,8576.444215450912,cgre132
6420,T182C:C331A:A652T:A695T,A110D:D217V:E231D,56.763,2,223.20908373912047,324.49,False,4,3,1.453749079402402,1408.8157747734717,cgre132
6421,A156C:G159T:C248T:C368T:T542C:A572C:T612C:A648G,T52P:G53C:W204R:T216A,50.286,2,505.50980584677626,687.81,False,8,4,1.3606264251350253,4399.983278938906,cgre132
6423,T495C,Y165H,775.2669999999998,6,245.4227338952064,23.49,False,1,1,0.0957124045811911,1574.4278213918196,cgre132
6427,G137A:A256G:C366T,K85R:R122C,45.804,2,280.4344077890606,198.31,False,3,2,0.7071528831410959,1861.0419132593022,cgre132
6429,T253C:A339T:A670G:T691C,F84S:T113S:E223G:L230S,66.409,2,1839.4765442081848,193.89,False,4,4,0.1054049863318378,33920.94919511009,cgre132
6431,A316G:T409A,Q105R:I136N,996.1280000000002,6,270.2818678692076,44.29,False,2,2,0.1638659683284135,1774.7443536635046,cgre132
6442,C122A:A558C:C590T:C635A:T676A,K186Q:I225N,140.533,5,307.4549986007577,56.18,False,5,2,0.1827259282030796,2103.2078005104304,cgre132
6445,C170A,wt,3181.432,11,2019.3328163587653,48.46,False,1,0,0.0239980252920281,38329.566724917946,cgre132
6450,T199A:T527C,L66Q,1128.411,16,282.213686343358,50.33,False,2,1,0.1783400396066033,1876.4315654687473,cgre132
6458,T116C:T459G:G494A:C512T,L153V,4767.198,15,1680.8806784400606,85.09,False,4,1,0.0506222726523144,29922.500201567662,cgre132
6466,C530A:G533T,H176Q:Q177H,687.247,8,260.90865664374104,75.52,False,2,2,0.2894499591215907,1697.3730382822969,cgre132
6470,A286C:A334T:A496G,D95A:K111I:Y165C,1297.329,7,240.090623889586,20.35,False,3,3,0.0847596614574947,1533.5138911861845,cgre132
6474,C260T:A606T:A675G:A686T,T202S:I225V,11668.299000000005,28,1282.382106601233,123.83,False,4,2,0.0965624827128891,19923.53689250623,cgre132
6490,T213C:G299T:A581T,F71L:E193D,9346.703999999998,21,1338.8371788928291,150.76,False,3,2,0.1126051788647467,21305.982801479528,cgre132
6499,G217A:T476G:A529G:T685G,C72Y:N158K:H176R:V228G,185.956,4,1931.3359101255223,87.52,False,4,4,0.0453157835160388,36195.577024177124,cgre132
6502,T172C:G541C:C557G:G624T,V57A:R180P:N185K:G208C,51.882000000000005,1,883.6396907162077,0.0,False,4,4,0.0,10928.058181153603,cgre132
6504,C305A:C538T,D101E:A179V,5472.286000000001,20,376.5095778377953,56.6,False,2,2,0.1503281810918073,2802.3972441382175,cgre132
6517,G469C:C644T,R156P,14156.667999999998,40,2000.5021973117307,48.64,False,2,1,0.0243138948136934,37877.262814894406,cgre132
6536,A256T:G285T:A474T:C665G,K85M:D95Y:N158Y:I221M,337.476,2,1899.6671859027656,5.22,False,4,4,0.0027478497490176,35416.10664341162,cgre132
6541,C101T:A147T:C193T:C355T,I49F:S64L:T118I,81.969,3,56.95828486864719,0.73,False,4,3,0.0128163971524681,591.180584352125,cgre132
6543,T104A:G143A:T150A:G222A:A286T:T376A:G450A,C50S:A74T:D95V:V125E:V150I,62.652,2,145.28319245015746,76.24,False,7,5,0.5247682041827088,930.7704707374606,cgre132
6548,A663T,I221F,4351.733999999999,25,1657.8315241957698,125.22,False,1,1,0.0755324037288683,29337.42790095432,cgre132
6557,T517C:T594A,L172P:Y198N,855.211,6,249.88189229329552,40.86,False,2,2,0.1635172505898951,1609.202929320036,cgre132
6560,A85G:A142T:G162T:G382A:C641G,K28R:K47M:D54Y:G127D:D213E,74.41,1,1406.7729447575036,0.0,False,5,5,0.0,22991.66106469108,cgre132
6561,A136T:C223T:A364G:T514C:C635T,K45M:A74V:N121S:V171A,72.158,3,1084.7331439110544,449.14,False,5,4,0.4140557541927827,15265.031079281107,cgre132
6563,C169A:A359T:C467T:T479C:A550T,P56H:Q183L,467.422,6,206.989081104296,31.38,False,5,2,0.151602199655104,1295.9920645911254,cgre132
6570,T622A,F207Y,8524.353000000001,16,738.6854398395888,45.06,False,1,1,0.0610002547360147,8138.237958506222,cgre132
6580,T133A:G680A,I44N,338.808,2,202.1576576219548,16.32,False,2,1,0.0807290715176332,1263.7211518511408,cgre132
6582,C128T:C170T:A271G:G526A:T535G:C602T,D90G:G175D:M178R,64.521,4,446.77685392570805,660.53,False,6,3,1.4784337957441185,3627.31743484896,cgre132
6587,A49G:C441G:T594G,Y16C:P147A:Y198D,75.295,2,74.49696663365972,14.79,False,3,3,0.1985315734092921,640.941514919393,cgre132
6588,G102A:T258C:A471G,V34I:S86P:K157E,45.743,2,1944.8140467610424,3.92,False,3,3,0.0020156168691441,36525.614885796145,cgre132
6591,A502C:A628T,K167T:K209I,124.918,6,343.831986291977,258.56,False,2,2,0.7519951904080114,2457.376213341675,cgre132
6592,C68A:C139T,A46V,2509.9020000000005,8,1014.552559094444,48.9,False,2,1,0.0481985872113382,13697.684646890088,cgre132
6597,G160T:G609T:T659A,G53V:V203L,95.251,3,872.517229076923,497.57,False,3,2,0.5702695412976575,10703.031735222348,cgre132
6599,C107T:C436T:T490C,S145L:I163T,67.467,3,1255.7828454662408,778.54,False,3,2,0.6199638757694189,19278.996604394317,cgre132
6602,G18C:T87C:A319G,G6R:F29L:Y106C,53.132,2,525.8749085842626,333.09,False,3,3,0.633401583841926,4684.832303913926,cgre132
6604,A54G:T376A:T435A:G551A:A629G,T18A:V125E:S145T,45.343,2,1631.3614144003432,41.85,False,5,3,0.0256534202847891,28665.12206775601,cgre132
6606,C71T:T73A:G79T:A90G:G102A,V24E:G26V:I30V:V34I,102.732,2,818.9300137141554,376.84,False,5,4,0.4601614224528039,9643.543280179,cgre132
6608,C170T:G273A,G91S,117.965,4,1578.1947122594854,756.65,False,2,1,0.4794402072965457,27314.82200285145,cgre132
6610,C9A:C158T:C441T:A544T:G624A,L3I:P147S:H181L:G208S,976.0079999999998,5,238.74100543923907,56.13,False,5,4,0.2351083338060474,1523.273963569769,cgre132
6613,C89T:A163G:A486G:A628C:C657T,D54G:K162E:K209T:L219F,92.478,3,1822.2658597708632,282.86,False,5,4,0.1552243315558618,33490.58606117738,cgre132
6620,G26A:C298T,S99L,1855.247,13,1878.748040846744,271.67,False,2,1,0.1446016145291944,34898.36475855632,cgre132
6629,A64T:C221T:T676C,E21V:I225T,1717.703,6,244.2502243013466,43.28,False,3,2,0.1771953336943625,1565.3684342807965,cgre132
6633,T483C:T517A:G522A:T699C,L172Q:G174S:Y233H,1503.7450000000006,11,264.3632162437466,27.92,False,4,3,0.1056122723755084,1725.6305768488573,cgre132
6643,T5A:T88A:T390A:G437A,F29Y:F130I,57.885000000000005,4,274.26546168414234,57.19,False,4,2,0.2085206049964207,1808.2972178589193,cgre132
6646,C231T:T258C:A454T:G560A:C607T,P77S:S86P:Y151F:T202I,144.23600000000002,2,910.353068187975,246.3,False,5,4,0.2705543690760018,11475.42082345449,cgre132
6648,G179C:G203A,W59C,66.55,2,686.1456372785772,358.17,False,2,1,0.5220028818088687,7209.443821604132,cgre132
6653,T104A,wt,10277.427999999998,33,1993.534708288089,46.4,False,1,0,0.0232752406101046,37709.27122242696,cgre132
6661,T220C:C331A:A343C:G447A:A696G,F73S:A110D:Y114S:A149T:T232A,145.99,5,1861.2296872730328,121.16,False,5,5,0.0650967480416222,34463.19085210557,cgre132
6666,A608T,wt,7220.289999999999,25,2001.2043887804864,47.53,False,1,0,0.0237506974632232,37894.174466200835,cgre132
6677,G309A:C422T,D103N,808.38,9,291.9942079953067,146.76,False,2,1,0.502612709367026,1962.4339219249173,cgre132
6683,T177G:T253A:G414A:A550G:T610C,W59G:F84Y:G138R:Q183R:V203A,48.792,2,1618.1038342387023,851.39,False,5,5,0.5261652447666119,28328.339889419167,cgre132
6684,T358C:A417G:A502G,L119P:M139V:K167R,48.650000000000006,1,56.500000000000256,0.0,False,3,3,0.0,590.0000000000005,cgre132
6685,T87C:C231T:T342C:C355T:T453G,F29L:P77S:Y114H:T118I:Y151D,64.255,3,1844.3146863240263,94.4,False,5,5,0.0511843237490844,34041.72032889326,cgre132
6688,T30A:A136G:C158A:C196T,F10I:K45R:S65F,45.486,1,1017.3246355728996,0.0,False,4,3,0.0,13758.57743421431,cgre132
6689,G171A:A430T:C439A,V57M:Y143F:P146Q,1009.805,6,718.5242295207034,79.07,False,3,3,0.1100450016177522,7776.312146261435,cgre132
6696,C113T:T297A:C436T:C665T,S99T:S145L,2233.427,7,1065.3266098726936,72.41,False,4,2,0.0679697656370875,14826.412292109879,cgre132
6706,G313T,G104V,192.1,6,94.0294058275657,108.78,False,1,1,1.1568721406097624,706.7807833923005,cgre132
6711,G67A:C170T:T241A:C392T:C682T,G22D:I80N:A227V,101.475,2,2507.628135008623,1184.46,False,5,3,0.4723427622556672,48788.70372829472,cgre132
6716,T28A:G33A:T199C,L9Q:E11K:L66P,54.327,2,592.2935486375026,648.07,False,3,3,1.094170283452866,5671.835570074476,cgre132
6719,G39A:G280C:A534G:G576A:A675T:C704A,E13K:S93T:M178V:E192K:I225F,100.02100000000002,6,832.1210018916709,660.29,False,6,5,0.793502385469126,9900.469683554085,cgre132
6722,T31C:T258A:C704T,F10S:S86T,78.746,2,1274.7465771832494,161.91,False,3,2,0.1270134808737947,19738.041366702673,cgre132
6726,C401T:G671T,E223D,1916.0950000000005,10,207.8568432131097,19.36,False,2,1,0.0931410277416305,1301.8533598445993,cgre132
6732,C268T:A637T,P89L:D212V,67.995,3,276.969983738558,41.19,False,2,2,0.1487164762188842,1831.303709594373,cgre132
6734,G111A:C446T:A556T,G37S:N185I,48.571,2,672.8358617126314,811.76,False,3,2,1.2064755257452422,6981.686829248645,cgre132
6736,T219C:T241C:T281C:T517C,F73L:I80T:L172P,60.247,1,1984.7250680976,0.0,False,4,3,0.0,37496.38757736076,cgre132
6739,G59A:C60A:G127A,L20M:G42D,95.905,2,1955.641140847756,18.05,False,3,2,0.0092297096962152,36789.95482273122,cgre132
6742,C47A:G324A,V108M,5297.31,22,305.55811468415584,28.29,False,2,1,0.0925846791182172,2085.6200975409156,cgre132
6756,A132T:C332T:A405G:A595G,I44F:N135D:Y198C,70.271,3,1214.887848545206,228.08,False,4,3,0.1877374938543664,18297.617465945375,cgre132
6758,A354G:T451A:G625A,T118A:V150D:G208D,76.87400000000001,3,1793.349026674655,227.73,False,3,3,0.1269858776025723,32765.0959818945,cgre132
6766,T192A:A316T:A339T:C524G,S64T:Q105L:T113S,168.30599999999998,5,173.76793717864217,80.22,False,4,3,0.4616501830112065,1086.6256379112324,cgre132
6769,C113A:C176A:G180A:C230T:T376A:A532T:T677A,A60T:V125E:Q177L,57.40899999999999,2,810.7215124439894,931.3,False,7,3,1.148729848295892,9484.974349702392,cgre132
6770,C32T:G207A:A310G:T508C,G69S:D103G:F169S,65.23400000000001,2,56.50126534685757,0.0,False,4,3,0.0,590.0032512283287,cgre132
6775,T192G:C193T:C340T:G523A:T622A,S64V:T113M:G174D:F207Y,47.206,1,56.50000000000001,0.0,False,5,4,0.0,589.9999999999998,cgre132
6777,C288A:G382A:A555G:A556G:A583G:T621A,R96S:G127D:N185G:D194G:F207I,112.978,3,56.50645089496301,0.01,False,6,5,0.0001769709447614,590.0165756518658,cgre132
6782,C198T:A333G:C547T:C644G,K111E:A182V:D214E,1255.554,5,1770.5737672460489,38.91,False,4,3,0.0219759270807003,32191.81688680542,cgre132
6784,C189A:T220C:A675G,L63M:F73S:I225V,45.207,2,1183.762903407592,255.53,False,3,3,0.2158624833270486,17559.150999485588,cgre132
6787,A153G:T192C:C401T:T483A:C620A,T51A:S64P:L161I:S206R,478.2989999999999,7,56.56985787079162,0.23,False,5,4,0.0040657694513804,590.1795651549766,cgre132
6788,A54C:C275T:G624A,T18P:G208S,49.301,2,444.87594431552793,677.64,False,3,2,1.5232111528138377,3603.550483731793,cgre132
6789,T14C:C230T:A306G:C366A:C569T,N102D:R122S,1635.0859999999998,7,1792.5660196243311,65.69,False,5,2,0.0366457911624179,32745.412633862496,cgre132
6794,A34G:A81G:G203A:C223A:G367A,E11G:M27V:A74D:R122H,51.419,2,1925.0137440920769,69.76,False,5,4,0.0362387023023058,36040.406578644404,cgre132
6798,C101T:T507A:G513A:A532G,F169I:V171I:Q177R,53.17700000000001,2,56.51198691613588,0.01,False,4,3,0.0001769536083528,590.0308014911737,cgre132
6799,A74G:T391C:T435A:C626T,F130S:S145T,66.436,1,2048.31987683682,0.0,False,4,2,0.0,39020.69005169448,cgre132
6801,G203C:A670T,E223V,167.534,2,56.50192993485268,0.0,False,2,1,0.0,590.0049588636258,cgre132
6803,C374T:T391A:G537A,F130Y:A179T,97.169,3,320.573153733586,175.34,False,3,2,0.5469578408481367,2227.240848735908,cgre132
6804,A555G,N185D,19832.702999999998,44,757.9972060898314,40.96,False,1,1,0.0540371384893281,8491.188459241259,cgre132
6817,G273T:A511T,G91C:D170V,109.547,2,1359.1077679282826,577.59,False,2,2,0.4249773370660908,21806.656363492202,cgre132
6819,A16G:C109A:A291G:A322G:C549G,E5G:T36N:I97V:D107G:Q183E,101.773,3,56.505530963020185,0.01,False,5,5,0.000176973825917,590.0142118016072,cgre132
6821,C202T:G289A:G526T:T552C,S67L:R96H:G175V:F184L,82.463,2,56.5041653936985,0.0,False,4,4,0.0,590.010702890325,cgre132
6824,T10A:C68T:T224A:C254T:A286T:T594A:C635T,L3H:D95V:Y198N,146.231,2,121.96567833465588,5.49,False,7,3,0.0450126631931341,819.7665824710878,cgre132
6825,G289A,R96H,8410.579000000002,29,56.63497154573192,0.24,False,1,1,0.0042376643520727,590.347063669113,cgre132
6829,A316G:A498G,Q105R:N166D,3187.531,9,1525.7069189746762,58.46,False,2,2,0.0383166644084481,25984.117734395088,cgre132
6835,C8A:G127A:A279G:T565A,G42D:S93G:L188H,75.075,4,1238.7052770037435,895.74,False,4,3,0.723126006346458,18867.71200686388,cgre132
6837,C234T:C600T,R78C:H200Y,169.732,2,84.00861041797447,16.94,False,2,2,0.2016459969486118,671.6391869538188,cgre132
6845,T199C:A265G:T612A,L66P:Q88R:W204R,53.744,2,683.36770299704,918.35,False,3,3,1.343859237087735,7161.65134352164,cgre132
6846,A256T:A433T:C467T:G469C,K85M:H144L:R156P,48.619,2,572.7354436901109,861.75,False,4,3,1.504621391069811,5372.164521926867,cgre132
6848,A16T:T391A:T507A:C548A,E5V:F130Y:F169I,60.278,2,1940.1040556841365,33.48,False,4,3,0.017256806356293,36410.40252789792,cgre132
6851,G105A:G289A:T622C,G35S:R96H:F207S,46.448,1,56.5,0.0,False,3,3,0.0,589.9999999999998,cgre132
6853,A35T:C170T:G212C:G324A:A493G,E11D:V108M:E164G,78.995,2,56.50053806055728,0.0,False,5,3,0.0,590.0013825067042,cgre132
6858,C165A:T220C:A364G:C407T,L55M:F73S:N121S,119.291,3,1402.716830487392,438.38,False,4,3,0.3125220931780502,22890.436426106375,cgre132
6861,G105T:C176T,G35C,46.844,2,1177.2732070552702,464.4,False,2,1,0.3944708817094463,17406.157442281685,cgre132
6865,T172A:T342C:C362T:G473T:A572T,V57E:Y114H:K157N,61.47,2,1755.139852023266,203.0,False,5,3,0.1156602989590763,31802.51164133063,cgre132
6868,A132G:C404T:C458T:C539A:G693A,I44V:E231K,495.192,3,1735.6262408479895,31.32,False,5,2,0.018045359803213,31309.478276699185,cgre132
6870,C107G:C169A:T426C:G522A:T610G:C616T:T621A:C623T:C634T:C654T,P56H:G174S:V203G:T205I:F207I:P211L:H218Y,65.815,2,719.2090397013476,502.5,False,10,7,0.6986842103773664,7788.494209656158,cgre132
6877,T224C:C302T:C315A:A335T:T337C:A532T:A556G:G609A:C641T,Q105K:K111N:V112A:Q177L:N185S:V203M,62.311,2,536.5238802137665,742.01,False,9,6,1.3829952912894798,4837.160907275231,cgre132
6882,C20A:G367A:G671T,R122H:E223D,121.248,2,180.07839424357232,44.8,False,3,2,0.2487805390990101,1124.127660281308,cgre132
6883,T258A:A408T:C422A:T542A,S86T:I136F,365.8,8,97.0783632343321,14.27,False,4,2,0.1469946497300787,718.0404834246506,cgre132
6884,A51T:A108G:C158T,I17F:T36A,5329.356000000001,19,1861.633085711029,61.95,False,3,2,0.0332772340991882,34473.22728065857,cgre132
6893,A64T:G299C:A501C,E21V:K167Q,20403.747,26,601.3869529823614,41.13,False,3,2,0.068391906069845,5813.671903996856,cgre132
6909,G72A:C119T:C392A:T483A:A493T:T535A,V24I:F130L:L161I:E164V:M178K,50.112,1,56.5,0.0,False,6,5,0.0,589.9999999999998,cgre132
6910,T28C:G289A:A615G:C620T,L9P:R96H:T205A,72.67,2,56.51426608631042,0.02,False,4,3,0.0003538929439418,590.0366585036347,cgre132
6911,A550G,Q183R,58.162000000000006,2,536.5768405692006,790.89,False,1,1,1.4739547818743426,4837.924226918126,cgre132
6914,T61C,L20P,53.513,1,56.56218638282523,0.0,False,1,1,0.0,590.1598391407786,cgre132
6915,G98T:C239T:A363G:G414A:G513A:T690A,K32N:N121D:G138R:V171I:L230M,64.049,2,581.5549485773382,792.53,False,6,5,1.362777501831549,5506.380859092623,cgre132
6918,T190A:G541A,L63Q:R180H,103.334,2,78.96448904666534,22.87,False,2,2,0.2896238584724407,655.0363996585185,cgre132
6919,A123G:C314A:G317C:G492A,T41A:Q105H:E164K,137.91699999999997,3,147.88089532423757,71.62,False,4,3,0.4843086718062461,944.0663071845154,cgre132
6922,C109T:C184T:A255G:G526A:C674T,T36I:T61I:K85E:G175D,73.446,1,1796.5338755615016,0.0,False,5,4,0.0,32845.13721898713,cgre132
6923,G415T:A529G:G568T,G138V:H176R:G189V,49.57,1,56.53585489776887,0.0,False,3,3,0.0,590.0921449458467,cgre132
6925,C109A:G382A,T36N:G127D,54.323,1,56.53369745686501,0.0,False,2,2,0.0,590.0865993926293,cgre132
6929,C101A:G212A:G313T,G104V,83.88499999999999,2,56.50000000001301,0.0,False,3,1,0.0,590.0000000000332,cgre132
6930,G125A:T190C:A498G,L63P:N166D,52.791,1,56.5,0.0,False,3,2,0.0,589.9999999999998,cgre132
6932,C311G:C531A,D103E:Q177K,92.119,1,73.34602892434414,0.0,False,2,2,0.0,637.4033888017702,cgre132
6935,C154T:A163T:A183G:A515G,T51I:D54V:T61A,216.896,2,152.88177814600252,18.11,False,4,3,0.1184575442516432,970.1833114167789,cgre132
6937,G98A:A108G:G126A:C152T:C320T:C355T,T36A:G42S:T118I,1065.443,2,1481.989044565089,159.95,False,6,3,0.1079292728826748,24879.48473642699,cgre132
6938,G173T:A529G:T676C,H176R:I225T,1217.6329999999998,8,257.3935789406801,63.13,False,3,2,0.2452664136371062,1668.9308001942445,cgre132
6943,C47A:T214C:A277T:T426A,F71S:Y92F:L142M,52.891,1,56.56152704817926,0.0,False,4,3,0.0,590.1581438463478,cgre132
6945,C158A:T172C:C314G:C462G:T517A:A615G,V57A:P154A:L172Q:T205A,47.523,1,56.53803485054818,0.0,False,6,4,0.0,590.0977485020135,cgre132
6946,T95C:A108G:T190A:C231T:T241G,T36A:L63Q:P77S:I80S,68.67500000000001,3,517.6857614095055,869.48,False,5,4,1.6795516987615473,4569.263430213309,cgre132
6951,G312A:T386C:G387T:G703T,G104S:G129C:R234L,50.573,1,56.53442913256104,0.0,False,4,3,0.0,590.0884800994058,cgre132
6952,T10C:T318A,L3P:Y106N,56.946,1,56.55108840612716,0.0,False,2,2,0.0,590.131305488485,cgre132
6953,G106A:T116C:G513A:C683A,G35D:V171I,88.02,2,1715.8934850937112,453.78,False,4,2,0.2644569747143817,30810.105859794243,cgre132
6955,C181G:C189A:G212A:A583T,A60G:L63M:D194V,4254.682999999999,13,593.197915218589,51.23,False,4,3,0.0863624073613308,5685.87084798992,cgre132
6967,A120G:A147G:C152T:A364T:A650G,T40A:I49V:N121I,57.65599999999999,2,1702.1178289880172,394.14,False,5,3,0.231558587359568,30461.086135101392,cgre132
6972,C113T:C119G:A333G:T358C:G698A,K111E:L119P,72.641,2,358.9022630919819,591.57,False,5,2,1.648276037335514,2613.375889622286,cgre132
6983,C101T:T593C:A601C,H200P,90.304,1,56.5,0.0,False,3,1,0.0,589.9999999999998,cgre132
6984,T412A:A627G:G684C,L137Q:K209E:V228L,68.327,2,219.29847665728693,361.32,False,3,3,1.647617464140711,1380.9846187471144,cgre132
6986,T199C,L66P,482.043,5,56.54637245444578,0.03,False,1,1,0.0005305380115084,590.1191815424957,cgre132
6987,T28C:A108T:G341C:G403A:C443A:G651A,L9P:T36S:G134D:D217N,46.215,2,1635.2344504611815,31.17,False,6,4,0.0190614868658186,28763.506209269122,cgre132
6989,A256G:C607T,K85R:T202I,47.921,1,56.544486875417206,0.0,False,2,2,0.0,590.1143342063059,cgre132
6990,C139T:A141G:G210A:A529G,A46V:K47E:V70M:H176R,72.284,3,363.3855117022952,563.23,False,4,4,1.5499517230654702,2660.8176120939725,cgre132
6992,T61C:G69A:A408G,L20P:D23N:I136V,60.237,1,56.5,0.0,False,3,3,0.0,589.9999999999998,cgre132
6993,A205T:T214A:A652G,Y68F:F71Y:D217G,66.08,2,57.00758334638718,0.74,False,3,3,0.0129807291690237,591.3079462208162,cgre132
6995,A16C:T31C:C267T:C443T,E5A:F10S:P89S,75.943,2,590.8554501510307,978.73,False,4,3,1.6564626758538374,5649.549365981112,cgre132
6997,A153T:G317C:G494A,T51S:Q105H,911.403,4,1829.8437310041045,34.02,False,3,2,0.0185917515378933,33680.21514666925,cgre132
6999,A85T:T204A:G382A,K28M:Y68N:G127D,70.87599999999999,4,877.8041325505765,825.23,False,3,3,0.9401072168596252,10809.780954434973,cgre132
7001,A304G:A529G,D101G:H176R,455.836,7,204.13135941353568,29.32,False,2,2,0.1436330022209014,1276.8298513945006,cgre132
7009,T166G:A334T:T542C:A606G:T638C,L55R:K111I:T202A,66.443,1,56.58912022619863,0.0,False,5,3,0.0,590.2291028025616,cgre132
7010,G102C:T201C:C373T:T464A:T552C:C682A,V34L:S67P:T124I:F184L:A227D,77.076,3,1751.76989846234,227.76,False,6,5,0.130017075986933,31717.428362201892,cgre132
7013,G72A:T177A,V24I:W59R,58.679,2,56.54802474854044,0.02,False,2,2,0.0003536816730369,590.1234292485785,cgre132
7017,T104C:G270C:G347T:A555T:G570A:C602T:A670T:C697T,D90H:E115D:N185Y:A190T:E223V:T232M,86.229,2,56.54511496681654,0.03,False,8,6,0.0005305498099633,590.1159488554042,cgre132
7018,A34G:C113T:T150A:A529G:C607T:C626T,E11G:C50S:H176R:T202I,148.92600000000002,3,58.50430463164375,2.44,False,6,4,0.0417063328136756,595.2083871261314,cgre132
7019,G69A:T91A:C320T:G352C:C448A,D23N:I30N:G117A:A149E,133.38799999999998,3,307.0436429470929,476.23,False,5,4,1.551017293271432,2099.3862748019883,cgre132
7023,A38G:C158A:T412C,L137P,91.249,2,56.57566729901514,0.04,False,3,1,0.0007070177323511,590.1945043186855,cgre132
7025,C432A:T622A,H144N:F207Y,6403.920000000001,10,279.8087435597872,22.41,False,2,2,0.0800904207455962,1855.6490881698232,cgre132
7030,C263A:C331T:C431T,A110V,52.178,1,56.544346660281775,0.0,False,3,1,0.0,590.1139737535809,cgre132
7031,C89A:G173A:A502G:C603A:G642A,F29L:K167R:L201M:D214N,56.255,1,56.5250320263686,0.0,False,5,4,0.0,590.0643268665549,cgre132
7032,T201A:T220A:G309A:A406T:C531A:A550T:G636A,S67T:F73Y:D103N:N135I:Q177K:Q183L:D212N,46.147,1,56.56639124950542,0.0,False,7,7,0.0,590.1706510760133,cgre132
7033,G159A:T301C:A581G,G53S:F100S,75.428,4,1661.437673837259,680.9,False,3,2,0.4098257856567032,29428.99301361186,cgre132
7037,G106A:C587T,G35D,74.645,1,56.50015457992816,0.0,False,2,1,0.0,590.0003971807995,cgre132
7039,G207A:C305G,G69S:D101E,157.494,4,56.50403439166611,0.0,False,2,2,0.0,590.0103662756966,cgre132
7041,C234T:A294T:C366A,R78C:I98F:R122S,54.259,1,56.51936825428371,0.0,False,3,3,0.0,590.0497706055786,cgre132
7043,A25C:A135G:A534G:A606G:A660G:A663G,K8T:K45E:M178V:T202A:T220A:I221V,81.30799999999999,2,1849.7512418438127,245.99,False,6,6,0.1329854493054967,34177.31482389686,cgre132
7045,G336A:A379T:G423A:T483A,V112M:K126M:V141I:L161I,142.375,1,1925.420870501855,0.0,False,4,4,0.0,36050.405821850116,cgre132
7046,G63A:C71T:T95C:C118T:A129T:C248G:T418C:C626T,E21K:A39V:T43S:D82E:M139T,58.16,1,56.56386781693687,0.0,False,8,5,0.0,590.1641625351291,cgre132
7047,T44C:A256G:C259A:A354G:A499T:A544C,K85R:S86Y:T118A:N166I:H181P,66.63,2,158.5097161858276,170.74,False,6,5,1.0771579440583587,1000.3927320051928,cgre132
7049,G151A:T224C:G367A:C590T:A637T:A640T:T699C,C50Y:R122H:D212V:D213V:Y233H,56.655,1,56.53156665047087,0.0,False,7,5,0.0,590.0811224346785,cgre132
7050,A247G:T281A:G519T,D82G:S93R:G173C,47.302,2,1163.863408687514,938.66,False,3,3,0.8065035750703122,17091.137212892543,cgre132
7052,A70G:T133C:G243T:A406G:G481A,D23G:I44T:A81S:N135S:G160D,78.743,2,56.51480840474914,0.01,False,5,5,0.0001769447739852,590.0380521760718,cgre132
7053,T28C:G102A:A156G:G274A:C587T:C644T,L9P:V34I:T52A:G91D,64.362,2,1959.0233340385876,29.81,False,6,4,0.0152167661722261,36872.38300455986,cgre132
7057,C109T:A363T,T36I:N121Y,46.075,1,56.56856991476542,0.0,False,2,2,0.0,590.1762532606404,cgre132
7059,C56T,wt,4546.0380000000005,10,2010.2172808923456,72.38,False,1,0,0.0360060579958153,38110.93279930288,cgre132
7063,G312T:C554T:A629T,G104C:K209N,55.694,2,1421.0861558729646,132.92,False,3,2,0.0935340897176976,23349.38501836287,cgre132
7067,A36G:T94A:T241A:C340T:A399T:T508C,K12E:I31N:I80N:T113M:N133Y:F169S,71.237,1,56.52905670371344,0.0,False,6,6,0.0,590.0746711158881,cgre132
7069,G106A,G35D,178.99599999999998,3,270.6672151368299,328.06,False,1,1,1.2120418789329783,1777.9726182603195,cgre132
7070,C656A,H218Q,768.9359999999999,7,1710.1461499736456,207.48,False,1,1,0.1213229641239711,30664.52807299762,cgre132
7074,A346T:A472G:A631G:T667C,E115V:K157R:D210G:V222A,83.53399999999999,1,1699.5860591557728,0.0,False,4,4,0.0,30396.90989645658,cgre132
7075,T11A:A36G:G62A:G106A:C113A:C254T:T610A,K12E:G35D:V203E,57.752,2,411.5166058258985,665.17,False,7,3,1.616386776579838,3199.4640700287564,cgre132
7085,T190C:G428A:T453C,L63P:Y151H,48.016000000000005,2,1755.1628018918914,311.54,False,3,2,0.1774992038711114,31803.090976689233,cgre132
7087,T464C:A532G,Q177R,89.719,2,56.54608208741789,0.04,False,2,1,0.0007073876477978,590.118435077191,cgre132
7088,G367A:T412C:T418C,R122H:L137P:M139T,76.935,3,381.7571541009433,680.96,False,3,3,1.7837517717348192,2860.126933994352,cgre132
7090,T182C:C206T:T241A:T249A:A379G:T426C,I80N:F83I:K126R,56.861,1,56.53889668414729,0.0,False,6,3,0.0,590.0999638785414,cgre132
7091,A25T:G402A:C597T,K8M:G134S:H199Y,47.136,2,224.693158094613,102.47,False,3,3,0.4560441486912222,1419.481967376989,cgre132
7092,C323T:G421A:T685C,R140H:V228A,510.37,5,197.08725730448876,23.47,False,3,2,0.1190843097671209,1230.517417815924,cgre132
7096,A129G:G167A:T301G,T43A:F100C,67.357,1,56.53504761858366,0.0,False,3,2,0.0,590.0900698744384,cgre132
7098,T43C:A58T:T91A:G167C:G503T,I14T:E19V:I30N:K167N,126.214,2,67.86707574158281,14.72,False,5,4,0.2168945669038295,621.0843170581113,cgre132
7099,T11A:C152T:C589T,P196L,49.34,2,1387.7760422814863,804.79,False,3,1,0.5799134553994284,22518.16659582147,cgre132
7103,A16G:T192A:C302T:A384G:T658A,E5G:S64T:T128A:L219H,47.055,3,145.00040846379474,119.72,False,5,4,0.8256528465565873,929.3342830541171,cgre132
7108,T94A:T104C:C118T:A238T:C383T:C649T,I31N:A39V:H79L:T216I,104.416,3,733.4845714469845,866.15,False,6,4,1.1808701010456146,8044.227847552648,cgre132
7112,A3T:A74G:T87C:C482G:A555C:C602T,T1S:F29L:N185H,192.265,1,1348.9080282140892,0.0,False,6,3,0.0,21554.46520435271,cgre132
7113,T211C:A226T:T241A:C362T:A515G:G578T,V70A:K75I:I80N:E192D,82.49799999999998,1,56.53396700679847,0.0,False,6,4,0.0,590.0872922447518,cgre132
7114,T116C:G541C,R180P,91.193,1,56.5000000000004,0.0,False,2,1,0.0,590.0000000000008,cgre132
7116,G21A:G99A:T110C:A135C:G180C:C438T,A7T:G33S:K45Q:A60P:P146S,58.197,3,510.12478688178805,491.73,False,6,5,0.9639406134443518,4463.78367417164,cgre132
7120,T133C:A529G,I44T:H176R,1501.025,10,198.1123227173749,17.97,False,2,2,0.0907061194049792,1237.1751961175241,cgre132
7125,G79A:A84G:A147G:C155A:C209T:G313A,G26D:K28E:I49V:G104D,85.58099999999999,4,1752.6862673092166,205.4,False,6,4,0.117191538400844,31740.56718446888,cgre132
7129,C231T:T573G:A581G,P77S:W191G,71.638,3,343.9857026789521,682.03,False,3,2,1.9827277549280893,2458.940236537038,cgre132
7132,A145G:G341A:A532G:G611C:C657A:C683A,Y48C:Q177R:L219I,78.97800000000001,1,56.51990852026089,0.0,False,6,3,0.0,590.0511590838017,cgre132
7133,A147G:G312T:C365T,I49V:G104C,58.194,1,56.53160078794812,0.0,False,3,2,0.0,590.0812101795372,cgre132
7134,T258C:C383T:A471C:C674T,S86P:K157Q,45.992,3,470.6672814711181,629.6,False,4,2,1.3376753064970262,3932.7166018219996,cgre132
7136,A322T:T508C,D107V:F169S,312.735,3,179.51691531442097,43.16,False,2,2,0.2404230260107018,1120.7475015509958,cgre132
7138,C175A:C385A:T396C,P58H:T128N:S132P,129.768,3,87.04486148781895,32.83,False,3,3,0.3771618386065699,681.9842922273699,cgre132
7139,G105A:A499G:T659C,G35S:N166S,73.91499999999999,1,56.54984860489044,0.0,False,3,2,0.0,590.128118098052,cgre132
7141,G106A:C121T:C237T:A283G:T667A,G35D:T40I:H79Y:Q94R:V222D,63.615,1,56.53858219694659,0.0,False,5,5,0.0,590.0991554745475,cgre132
7142,T253C:G651T,F84S:D217Y,78.155,1,56.57663374187128,0.0,False,2,2,0.0,590.1969896583095,cgre132
7143,T199A,L66Q,1065.081,22,331.9775758030286,187.76,False,1,1,0.5655803695349686,2338.4593305621015,cgre132
7146,A90G:C268A:A356G:C441T:C540T:A643G,I30V:P89H:P147S:R180C:D214G,86.90299999999999,2,56.50080101805706,0.0,False,6,5,0.0,590.0020581595695,cgre132
7148,C181A:A393G:T566C,A60D:K131E,78.32,1,56.50000000000001,0.0,False,3,2,0.0,589.9999999999998,cgre132
7149,A108T:A135G:T514A:C649T,T36S:K45E:V171E:T216I,92.111,2,225.65965917199225,378.0,False,4,4,1.6750889431765814,1426.4591102964075,cgre132
7150,A601G:T617A,H200R,226.39300000000003,2,56.52745331256798,0.03,False,2,1,0.0005307155769801,590.0705500140068,cgre132
7152,C196T:T214C:T425C:A629G,S65F:F71S,50.527,2,56.67799196929239,0.18,False,4,2,0.0031758358711353,590.4577972263886,cgre132
7153,A84G:T412C,K28E:L137P,84.72200000000001,3,349.77668783861054,362.37,False,2,2,1.0360038636056843,2518.2708499497667,cgre132
7155,T224C:G503T:T508G:T509C:C545T,K167N:F169C,90.656,2,56.54369273285094,0.03,False,5,2,0.0005305631547932,590.1122927020807,cgre132
7156,C268A:G274T:A334G:A670G,P89H:G91V:K111R:E223G,67.23199999999999,3,1086.587159756586,492.83,False,4,4,0.4535577248220034,15307.13450242934,cgre132
7159,G111T:A502G,G37C:K167R,50.46300000000001,3,96.7324753189986,47.01,False,2,2,0.4859795001107251,716.7498546160571,cgre132
7160,A255G:A271G:C290T:A307G:G613T:G703A,K85E:D90G:N102S:W204L:R234H,103.852,2,420.68388467325104,443.23,False,6,5,1.0535939600925306,3308.039025455523,cgre132
7162,T565C:T610C:A629G:C665A,L188P:V203A,71.381,1,56.615006542,0.0,False,4,2,0.0,590.2956925349263,cgre132
7163,T201C:A328G:A408C:C623A:G669A,S67P:K109R:I136L:F207L:E223K,64.404,1,56.564674836469806,0.0,False,5,5,0.0,590.1662376166615,cgre132
7164,C60G:G200C:T211A:C320T:A398G:G469A:G520A:A652C:A688T,L20V:V70E:R156H:G173D:D217A:D229V,80.83800000000001,1,56.59278777311562,0.0,False,9,6,0.0,590.238535981278,cgre132
7170,G126T:G321T,G42C:D107Y,68.313,1,56.5,0.0,False,2,2,0.0,589.9999999999998,cgre132
7171,A328G:G382T:A544T:A695G,K109R:G127V:H181L,165.305,2,98.54536407914112,11.3,False,4,3,0.1146680019460382,723.5521035219056,cgre132
7172,T412A:C562T,L137Q:P187L,82.09599999999999,2,399.7962007466088,756.11,False,2,2,1.89123858252776,3063.4108347443143,cgre132
7174,T517C:T535C:C633A,L172P:M178T:P211T,88.90899999999999,4,1739.0078381430865,271.25,False,3,3,0.1559797454907626,31394.978548312072,cgre132
7175,A70G:T95A:C113T:C223A:C331T:A348T:C599T:T604G:A648T,D23G:A74D:A110V:N116Y:L201R:T216S,68.673,1,56.5615053717516,0.0,False,9,6,0.0,590.1580881116984,cgre132
7176,T190C:T195C,L63P:S65P,83.40799999999999,1,56.53090437728447,0.0,False,2,2,0.0,590.0794201753872,cgre132
7177,T241C:A502C,I80T:K167T,129.352,3,56.55243688266136,0.05,False,2,2,0.0008841351983424,590.1347723218012,cgre132
7179,C209T:A247G:A466T:A559C:G624A:T690G:G703A,D82G:D155V:K186T:G208S:L230V:R234H,63.315,2,386.2002376485041,655.81,False,7,6,1.6981087427420958,2909.5033734600574,cgre132
7181,A306T:A502G,N102Y:K167R,88.919,2,56.55091726232202,0.02,False,2,2,0.0003536635826299,590.1308654942233,cgre132
7183,G309A,D103N,1650.906,12,224.3950799767283,42.43,False,1,1,0.1890861421934935,1417.335050909425,cgre132
7186,A183G:A261G:T308C:C571A:A700G,T61A:T87A:A190E:Y233C,129.839,2,56.51359570304121,0.01,False,5,4,0.0001769485709694,590.0349357367216,cgre132
7189,A38T:G59A:G100A:T148C:G235T,K12N:G33D:I49T:R78L,107.538,3,1043.3185707329312,933.71,False,5,4,0.8949423754089499,14333.734977464252,cgre132
7191,G105T:T214A:T435A,G35C:F71Y:S145T,85.954,1,56.56063436768365,0.0,False,3,3,0.0,590.1558485885804,cgre132
7192,T28C:T104C:T220C:C311A,L9P:F73S:D103E,81.82799999999999,1,56.54237018887822,0.0,False,4,3,0.0,590.1088928758512,cgre132
7193,T204A:A433G:C463A,Y68N:H144R:P154H,167.099,2,57.022539567924525,0.54,False,3,3,0.0094699395027252,591.3465993858033,cgre132
7197,G274A:T281C:T451A:A471G,G91D:V150D:K157E,88.184,1,56.57357914177789,0.0,False,4,3,0.0,590.189134430438,cgre132
7199,A572G:A598G:G666A,H199R:V222I,87.719,3,56.52595888614584,0.02,False,3,2,0.0003538197386493,590.066709045172,cgre132
7201,T192C:T300C:G324A:T497C,S64P:F100L:V108M,190.267,3,56.576532288462815,0.09,False,4,3,0.0015907655764606,590.1967287557536,cgre132
7203,A120G:A136G:A183G:A405T,T40A:K45R:T61A:N135Y,76.237,2,222.39810636818888,51.22,False,4,4,0.2303077163579948,1403.011422269495,cgre132
7204,G100A:C170A:T215C,G33D,85.002,1,56.57433751056989,0.0,False,3,1,0.0,590.1910846307957,cgre132
7207,A408T,I136F,4313.616000000001,30,69.77700294594396,18.76,False,1,1,0.2688564886418713,626.6746233440322,cgre132
7211,C158A:A307G:G525A:T622A,N102S:G175S:F207Y,4685.990000000001,28,261.0862587718083,36.38,False,4,3,0.1393409219280147,1698.8184192312817,cgre132
7225,C287G:G324A:T427G:C441T,D95E:V108M:L142W:P147S,68.404,1,56.56513556079138,0.0,False,4,4,0.0,590.1674222811683,cgre132
7227,T30C:C109G:C121T:T204A:T224A:A319G:A550T:C626T,F10L:T36S:T40I:Y68N:Y106C:Q183L,161.323,2,56.56844545425278,0.06,False,8,6,0.0010606619912955,590.1759332211664,cgre132
7229,T82C:G179T:A335G:G551A:C626T:T699A,M27T:W59C:Y233N,105.606,4,573.5318913684976,534.98,False,6,3,0.932781608226686,5384.222728474423,cgre132
7234,A363T,N121Y,89.815,3,84.62179490499241,52.48,False,1,1,0.6201711989082832,673.7071816436114,cgre132
7237,G111T:C149A:C206T:T353C:A534G:C562G:C668T:G681A,G37C:M178V:P187R:A227T,64.45599999999999,2,823.8209085358287,877.72,False,8,4,1.0654257386595902,9738.503847147347,cgre132
7238,T192C:C401G,S64P:N133K,117.138,3,56.57432785218039,0.04,False,2,2,0.000707034471616,590.1910597934411,cgre132
7241,A40T:G167A:T459A:T676C,E13V:L153M:I225T,2989.262,10,247.1346462007409,36.4,False,4,3,0.1472881304162964,1587.7181489601294,cgre132
7247,T48C:A54G:G106A:T249C:A544T,Y16H:T18A:G35D:F83L:H181L,46.437,2,1762.7538644774988,110.26,False,5,5,0.0625498557807345,31994.644330100204,cgre132
7249,T211G:T566C,V70G,800.0899999999999,2,207.47980549220955,26.19,False,2,1,0.1262291524607361,1299.3042247114452,cgre132
7250,C420T:A499G:A532T:A550T,R140C:N166S:Q177L:Q183L,165.115,7,57.54102790942152,2.72,False,4,4,0.0472706188753127,592.6906182641118,cgre132
7252,G33A:C139T:G257A:A398G:T460C:T690A,E11K:A46V:L153S:L230M,156.81900000000002,2,56.52926857021773,0.02,False,6,4,0.0003537990231583,590.075215669495,cgre132
7253,A35T:C181T:T250C:C590T,E11D:A60V:F83S,96.394,1,56.540159077748406,0.0,False,4,3,0.0,590.1032089490733,cgre132
7254,C60A:G138T:C146T,L20M:A46S,1275.774,6,1839.2243216747363,24.66,False,3,2,0.0134078261739956,33914.65055381809,cgre132
7257,A120G:T224C:T358A:G367A:G522A:T566C,T40A:L119Q:R122H:G174S,82.311,4,1151.5581404549264,586.51,False,6,4,0.5093186174414932,16803.416493950488,cgre132
7261,G125A:C196T:G203A:A449G:T565A,S65F:L188H,48.986,3,1539.002746445554,413.85,False,5,2,0.268907902182643,26320.83190974642,cgre132
7263,G23A:A316T:A440T:G503T:T552C,Q105L:K167N:F184L,2954.07,21,233.63103401873488,39.38,False,5,3,0.1685563742222795,1484.9284924200133,cgre132
7274,T344C:A598G,H199R,101.002,1,971.970745635452,0.0,False,2,1,0.0,12773.488158249565,cgre132
7275,G330T:T484C,A110S:L161S,116.411,4,86.83540345077003,49.0,False,2,2,0.5642859715367106,681.2621650163217,cgre132
7280,A316G:T535A,Q105R:M178K,99.993,1,57.66588500710374,0.0,False,2,2,0.0,593.0154406076113,cgre132
7281,A115T:T297C:A339T:G662T,D38V:S99P:T113S,100.251,1,56.53076566240874,0.0,False,4,3,0.0,590.0790636342814,cgre132
7283,C47T:T301A:A329G:A601T,F100Y:H200L,7110.262999999999,20,356.0652412419721,31.37,False,4,2,0.0881018318176185,2583.5985775621293,cgre132
7293,T435A:T604A:C633T,S145T:L201Q:P211S,108.106,2,358.8258041732458,692.71,False,3,3,1.9304910403421005,2612.570895396868,cgre132
7295,A38G:T95C:T211C:G303A:T667C,V70A:D101N:V222A,95.006,2,56.78823425617515,0.26,False,5,3,0.0045784131767,590.7418043555604,cgre132
7298,G167C:C184T:C193T,T61I:S64L,153.058,5,56.52725529804026,0.03,False,3,2,0.0005307174360726,590.0700410741176,cgre132
7301,G62A:T325A,V108E,933.815,12,56.513831868928456,0.04,False,2,1,0.0007077913260734,590.0355426399573,cgre132
7307,T220C,F73S,83.759,3,378.01005852120727,606.68,False,1,1,1.6049308380135705,2818.8392864587204,cgre132
7308,A363G,N121D,2707.8780000000006,20,56.55660820346856,0.1,False,1,1,0.0017681399782716,590.1454968140861,cgre132
7309,T204C:G403C:C500T:A532T,Y68H:G134A:Q177L,101.674,2,56.56337816953696,0.0,False,4,3,0.0,590.1629035187456,cgre132
7311,T211G:C244T:A283G:G525A:G537A,V70G:A81V:Q94R:G175S:A179T,98.539,1,56.55070131282644,0.0,False,5,5,0.0,590.1303103100585,cgre132
7313,A394G:T490C:C538T,K131R:I163T:A179V,1034.15,6,240.4904273911884,46.78,False,3,3,0.194519176947972,1536.5563074868983,cgre132
7316,G222C:C259A:C452T:T553C:C661T,A74P:S86Y:F184S:T220M,79.833,2,479.1569658001792,657.97,False,5,4,1.3731825830836206,4044.202387142692,cgre132
7318,C9T:G78T:A141G:C202T,L3F:G26C:K47E:S67L,250.326,2,1258.2208383400807,984.93,False,4,4,0.7827958097557642,19337.876561560322,cgre132
7320,T386A:C411A:C436T:C683T,L137M:S145L,1797.369,9,236.0282720785147,37.43,False,4,2,0.1585826971929402,1502.8336121436978,cgre132
7324,C169A:C438A:A670T,P56H:P146T:E223V,54.419,1,56.55873264982277,0.0,False,3,3,0.0,590.1509589739693,cgre132
7325,T460C:C635A,L153S,457.2840000000001,2,155.88583088603218,15.0,False,2,1,0.0962242682015562,986.2008009627194,cgre132
7326,T61G:C176A:T252C,L20R:F84L,94.579,2,62.05764198651676,13.21,False,3,2,0.2128666120261245,604.729283741396,cgre132
7327,G210A:C404G:T622C:C657A,V70M:F207S:L219I,107.939,3,101.75922463917362,43.97,False,4,3,0.4320984181622109,735.8399611306168,cgre132
7332,T190G,L63R,64.865,1,56.545841809476094,0.0,False,1,1,0.0,590.1178173809976,cgre132
7333,T192A:C463T,S64T:P154L,52.229000000000006,3,1755.4336661184927,416.93,False,2,2,0.2375082625149203,31809.928444933244,cgre132
7336,A90G:T190A:C683A,I30V:L63Q,344.414,8,102.64606361228152,28.48,False,3,2,0.2774582774803299,739.2821655227527,cgre132
7339,T192A:C661T,S64T:T220M,1541.919,4,209.00837891392896,25.65,False,2,2,0.122722352727126,1309.6620007211523,cgre132
7341,T187C:G419A:G478A:T667C,I62T:M139I:G159D:V222A,70.848,1,56.50000000000001,0.0,False,4,4,0.0,589.9999999999998,cgre132
7342,C181T:G245A:G289T:T584A,A60V:R96L:D194E,172.466,2,56.538882374240906,0.03,False,4,3,0.0005306082953926,590.099927094198,cgre132
7343,G102A:A349G:C441T:A472G:G477T:A650T:T691C,V34I:N116S:P147S:K157R:G159C:L230S,91.264,1,56.54223452177608,0.0,False,7,6,0.0,590.1085441231662,cgre132
7344,A306G:A487G:T676C:G684T,N102D:K162R:I225T:V228L,2658.961,6,256.3134199187673,59.95,False,4,4,0.2338933326979125,1660.2536947624928,cgre132
7347,T201C:C512T,S67P,81.077,3,56.50115887075231,0.0,False,2,1,0.0,590.0029776429462,cgre132
7348,A93G:G210A:C420T:T638C,I31V:V70M:R140C,505.8,3,893.1734491260204,142.01,False,4,3,0.1589948739955921,11122.29835650254,cgre132
7350,A115G:G217A,D38G:C72Y,101.485,1,56.5,0.0,False,2,2,0.0,589.9999999999998,cgre132
7351,T94C:A108T:A322T:A334T:A356T:A501G,I31T:T36S:D107V:K111I:K167E,53.99399999999999,1,56.50000000000001,0.0,False,6,5,0.0,589.9999999999998,cgre132
7352,C80T:T87A:C157G:T199G:T491C,F29I:T52S:L66R,69.338,1,56.5,0.0,False,5,3,0.0,589.9999999999998,cgre132
7353,C287T:C331T,A110V,57.987,2,56.50196245126263,0.0,False,2,1,0.0,590.0050424137188,cgre132
7356,G21C:T48A:A183G:G546A,A7P:Y16N:T61A:A182T,116.499,2,56.50000000000002,0.0,False,4,4,0.0,589.9999999999999,cgre132
7357,A84G:A334G:A408G:A493T:T685C,K28E:K111R:I136V:E164V:V228A,918.6269999999998,7,173.19676237233907,22.82,False,5,5,0.1317576592508206,1083.284139695219,cgre132
7363,G207A:T337A,G69S:V112E,152.62,5,272.174069532033,445.14,False,2,2,1.6354974622136444,1790.6322087426306,cgre132
7366,A225G:A277G:C442A:A502G,K75E:Y92C:P147H:K167R,67.561,3,56.53802814294436,0.03,False,4,4,0.0005306163123367,590.0977312599439,cgre132
7367,C209T:C340T:C357T:A359G:C554A:A586G:G651T,T113M:F184L:Y195C:D217Y,89.89999999999999,2,191.11450147381,359.26,False,7,4,1.8798154887751015,1192.2793448703183,cgre132
7369,T61C:G105C,L20P:G35R,102.153,1,56.569037929008594,0.0,False,2,2,0.0,590.1774567229409,cgre132
7371,G299A:T425A:T517A:G669A,L172Q:E223K,110.289,1,56.61336578438919,0.0,False,4,2,0.0,590.2914712849805,cgre132
7374,A38G:C254T:T658A:A670T,L219H:E223V,84.60199999999999,1,56.577049507943286,0.0,False,4,2,0.0,590.1980588658431,cgre132
7376,C53A:G162A:C260G:T495C,D54N:Y165H,1204.0079999999998,6,291.9583775124649,27.62,False,4,2,0.0946025260015729,1962.1145238706392,cgre132
7379,T30C:T61A:G111A:G243C:G367A:T459C,F10L:L20Q:G37S:A81P:R122H,66.99199999999999,3,1713.5265494178943,270.68,False,6,5,0.1579666215804787,30750.158914421794,cgre132
7382,T412C:G421A:T453G:A601G,L137P:R140H:Y151D:H200R,75.839,2,56.50402312438131,0.0,False,4,4,0.0,590.0103373240097,cgre132
7384,T31C:C118A:T150C:T214A:T281C:G375A,F10S:A39D:C50R:F71Y:V125M,57.355,1,56.56542474686225,0.0,False,6,5,0.0,590.1681658710186,cgre132
7385,C444T:A678G:T690C,H148Y:K226E,135.346,2,56.66209012584479,0.16,False,3,2,0.0028237574654349,590.4168599749814,cgre132
7386,T199C:G222A:A430G,L66P:A74T:Y143C,187.626,4,56.50035790927631,0.0,False,3,3,0.0,590.0009196204069,cgre132
7388,C71T:G235T:A487G:T542C:A628C:C682T:T690A,R78L:K162R:K209T:A227V:L230M,466.061,4,157.11277002351292,37.39,False,7,5,0.2379819284861717,992.8136414075061,cgre132
7391,T52C:C244T:T429C:A502C:A595C:G636A,I17T:A81V:Y143H:K167T:Y198S:D212N,113.659,1,56.5,0.0,False,6,6,0.0,589.9999999999998,cgre132
7392,T5C:G112T:T250A:A334C,G37V:F83Y:K111T,7100.128,3,334.1006147477926,289.46,False,4,3,0.866385715029315,2359.509323397456,cgre132
7395,A96G:T213C:C374A:T390A,K32E:F71L:F130I,206.149,2,94.46678418664924,70.08,False,4,3,0.7418480538252962,708.3797798921199,cgre132
7396,G171T:A283G:A572G,V57L:Q94R,114.328,1,56.5,0.0,False,3,2,0.0,589.9999999999998,cgre132
7397,A34G:T201C:C607T,E11G:S67P:T202I,53.891000000000005,2,57.0677886740208,0.61,False,3,3,0.0106890421755152,591.4635817696634,cgre132
7400,T216C:T301C:G419T:G651T:A688G,C72R:F100S:M139I:D217Y:D229G,116.243,1,56.52773604599606,0.0,False,5,5,0.0,590.0712767016557,cgre132
7403,A64T:A90G:A123G:G210T:C262T:T325C,E21V:I30V:T41A:V70L:T87I:V108A,64.283,3,1256.7715156113716,639.65,False,6,6,0.5089628401458753,19302.869084887887,cgre132
7405,C101G:A147T:C293T:A310G:T573C:T584A:A608G,I49F:D103G:W191R:D194E,119.029,1,56.552253374474446,0.0,False,7,4,0.0,590.1343005327274,cgre132
7406,T87A:A141G:G159A,F29I:K47E:G53S,79.67599999999999,3,327.6422026546353,407.2,False,3,3,1.2428191383795142,2295.8103459426966,cgre132
7409,G125A:T396C:C531A,S132P:Q177K,338.431,5,176.3954451810106,43.27,False,3,2,0.2453011184931555,1102.110347917209,cgre132
7412,C122T:C392T:A618G:A670T,S206G:E223V,134.625,3,56.56821987812234,0.04,False,4,2,0.0007071108139195,590.1753531727522,cgre132
7414,C55A:T250C:A328T:A663T,T18N:F83S:K109I:I221F,52.455,2,1912.5003421257288,155.93,False,4,4,0.0815320115585888,35732.624678232685,cgre132
7417,A225G:C332A:G336A:T552A:C590T:C668A,K75E:V112M:F184I,58.078,1,56.57709137246904,0.0,False,6,3,0.0,590.1981665273032,cgre132
7418,C176A:A256G:G526A:A663G:A688T,K85R:G175D:I221V:D229V,109.066,1,56.50811250712333,0.0,False,5,4,0.0,590.0208453805604,cgre132
7420,A283T:A316G:G341C:A493G,Q94L:Q105R:E164G,83.025,3,710.4491295139768,807.44,False,4,3,1.136520500141052,7633.261327528846,cgre132
7423,T252C:A255G:C420T:G477A,F84L:K85E:R140C:G159S,142.29500000000002,3,388.099658739221,624.97,False,4,4,1.6103338045446238,2930.7505003291435,cgre132
7426,A393G:A556T,K131E:N185I,437.064,2,130.52016282001793,18.14,False,2,2,0.1389823580362394,858.7402536214738,cgre132
7427,G111A:C169T:T187C:C198A:A329G:T699C,G37S:P56L:I62T:L66M:Y233H,77.55000000000001,1,56.5522076332606,0.0,False,6,5,0.0,590.1341829348302,cgre132
7429,A85G:A132G:A399G:A532G,K28R:I44V:N133D:Q177R,231.35400000000004,2,56.547015117436224,0.04,False,4,4,0.0007073759758482,590.1208336865581,cgre132
7430,G63A:A606T:T699A,E21K:T202S:Y233N,1939.7,8,335.2330342924123,55.46,False,3,3,0.1654371566246784,2370.781496750935,cgre132
7434,G289A:T325G:C411G:T527C:C607T,R96H:V108G:L137V:T202I,113.13,5,56.52268029568113,0.02,False,5,4,0.0003538402619156,590.0582826529636,cgre132
7437,C268T:G494A:A648T:T676G,P89L:T216S:I225S,104.571,1,56.50000000000006,0.0,False,4,3,0.0,589.9999999999999,cgre132
7438,T201C:A394T:C446T:C547T,S67P:K131M:A182V,122.981,1,56.557666955808,0.0,False,4,3,0.0,590.1482189537292,cgre132
7440,C267G:G273A:C323T:A384G:T386C:G478A:G570T,P89A:G91S:T128A:G159D:A190S,60.476,4,754.491044038573,949.76,False,7,5,1.2588088453856372,8426.658368696384,cgre132
7441,C20T:G21A:T199C:T276A:A310G:T337C:G375A:A398T:A430G,A7T:L66P:Y92N:D103G:V112A:V125M:Y143C,152.737,3,167.34290218221244,368.82,False,9,7,2.2039775526207133,1049.5454526968963,cgre132
7443,A532T,Q177L,8504.284,30,1914.2432550685196,81.44,False,1,1,0.0425442272210513,35775.54481746493,cgre132
7454,C68T:T95C:T150A:C184T:C218T,C50S:T61I,227.462,6,133.84931927055638,44.03,False,5,2,0.3289519904916359,874.4573745777953,cgre132
7456,C9T:A145C:T612A:G630A,L3F:Y48S:W204R:D210N,56.76,3,63.5042718106472,8.21,False,4,4,0.1292826414021411,608.7104501442827,cgre132
7457,G437A:T565C,L188P,94.382,1,56.50000000034117,0.0,False,2,1,0.0,590.0000000008764,cgre132
7458,G246A:G330A,D82N:A110T,130.346,1,56.54583873977834,0.0,False,2,2,0.0,590.1178094895615,cgre132
7459,C164T:T177A,W59R,128.554,1,56.571479989726285,0.0,False,2,1,0.0,590.1837363960424,cgre132
7460,T201C:G212A,S67P,146.06300000000002,5,103.26933117197024,80.18,False,2,1,0.7764163773509823,741.7146424745754,cgre132
7462,T201C:A286T:A333G:G680T:C697T,S67P:D95V:K111E:K226N:T232M,71.386,1,56.5,0.0,False,5,5,0.0,589.9999999999998,cgre132
7463,C47A:A108G:G112A,T36A:G37D,124.887,1,56.5,0.0,False,3,2,0.0,589.9999999999998,cgre132
7464,A38T:T318A:C603A,K12N:Y106N:L201M,167.869,4,56.507381631010006,0.01,False,3,3,0.0001769680298637,590.0189672893596,cgre132
7465,T199A:C263A:A384T,L66Q:T128S,50.591,2,243.97998526519697,61.04,False,3,2,0.2501844564571632,1563.2854321403636,cgre132
7467,T622A:C649T,F207Y:T216I,256.141,2,102.86886300051071,30.84,False,2,2,0.2997991724653055,740.1504416419291,cgre132
7468,G112A:T376A:G492A:G510A,G37D:V125E:E164K:D170N,182.961,3,654.8033505480837,906.22,False,4,4,1.3839574877579284,6678.118299184798,cgre132
7471,A307T:A598T:G647A,N102I:H199L,129.035,2,56.5194333201472,0.01,False,3,2,0.000176930294813,590.0499378237545,cgre132
7472,G162A:T195C:A394G:T412C,D54N:S65P:K131R:L137P,430.691,12,56.74787801733672,0.62,False,4,4,0.0109255186565846,590.6377971902028,cgre132
7482,A38T:G481A:C649T,K12N:G160D:T216I,62.476,2,1878.6450062443,162.03,False,3,3,0.0862483329535061,34895.80942127882,cgre132
7484,G66A:C157T:C189T:T424A:T691C,G22S:T52I:V141D:L230S,144.538,2,218.3949891361852,439.71,False,5,4,2.013370369618732,1374.611379614334,cgre132
7486,G138A:G151A,A46T:C50Y,59.261,3,328.4653459198702,416.36,False,2,2,1.2675918637139028,2303.8731890387207,cgre132
7488,C218G:T479C,C72W,157.63099999999997,3,1916.4968996668108,108.43,False,2,1,0.0565771851855596,35831.01769188644,cgre132
7492,C122T:C350T:T508C,F169S,432.38900000000007,5,278.8384836065134,35.49,False,3,1,0.1272779838025592,1847.305412259892,cgre132
7495,T201C:A266G,S67P,1645.286,6,1890.570937816158,435.19,False,2,1,0.2301897227420082,35191.24291727931,cgre132
7497,T211C:G289A:C468A:G624T:T690A,V70A:R96H:R156S:G208C:L230M,373.899,9,56.53275928240824,0.04,False,5,5,0.0007075543544616,590.0841879221214,cgre132
7502,T241C:C442T:C603T:T621A,I80T:P147L:F207I,64.396,1,56.52913439893799,0.0,False,4,3,0.0,590.0748708132529,cgre132
7503,C184T:T220C,T61I:F73S,92.725,3,869.0378968101234,797.0,False,2,2,0.9171061502904022,10632.992483328066,cgre132
7505,T676C,I225T,14094.072000000007,70,247.8122195821387,54.25,False,1,1,0.2189157584378866,1592.9991694481644,cgre132
7515,G180A:A256G:C262T:A339T:T495C:G666A,A60T:K85R:T87I:T113S:Y165H:V222I,138.114,2,229.3012093148419,563.25,False,6,6,2.4563760552463108,1452.9652650559688,cgre132
7517,A329C:A348C:T612C:T622A,K109N:N116H:W204R:F207Y,98.846,1,56.72484233087418,0.0,False,4,4,0.0,590.5784502773666,cgre132
7518,C531A:A577G:T691C,Q177K:E192G:L230S,183.62,2,56.54593312624532,0.02,False,3,3,0.0003536947556484,590.1180521340203,cgre132
7521,C152G:G212A:G324C:G341A,C50W:V108L,80.31199999999998,2,335.8364224454821,631.11,False,4,2,1.8792184463031285,2376.800204411592,cgre132
7523,A97G:A205G:G437A:T622C:G684A,K32R:Y68C:F207S:V228I,323.472,5,56.5217759673379,0.03,False,5,4,0.0005307688848513,590.0559584698307,cgre132
7527,A361G:T535C:A629T:A648C,Y120C:M178T:K209N:T216P,159.981,1,56.50575658789411,0.0,False,4,4,0.0,590.0147915633186,cgre132
7529,T272C:G671T,E223D,2984.9280000000003,6,200.3474101308947,32.16,False,2,1,0.1605211666024962,1251.788565651424,cgre132
7532,C68A:C113T:G126T:T214C:C236T:A408G,G42C:F71S:I136V,126.384,2,56.5,0.0,False,6,3,0.0,589.9999999999998,cgre132
7533,C168G:C189T:A334G:T514C:T527C:C543A:T690C,P56A:K111R:V171A:H181N,135.161,3,182.32045855062373,393.48,False,7,4,2.1581779857730283,1137.7094174725391,cgre132
7534,A24G:C202T,K8E:S67L,71.958,3,56.65954186205021,0.23,False,2,2,0.0040593339169593,590.4103004822456,cgre132
7535,C193T:G377T:C668T,S64L,151.22,1,56.54942431895248,0.0,False,3,1,0.0,590.1270273166032,cgre132
7536,C60T:G105A:C547T:T593C,G35S:A182V,45.315,1,1759.6628455770356,0.0,False,4,2,0.0,31916.662825990134,cgre132
7537,G117C:A555G:T621C,A39P:N185D:F207L,761.955,6,159.2299890051614,22.68,False,3,3,0.1424354805379333,1004.3213218528062,cgre132
7540,T110C:C113T:A663G:A679T:C697G,I221V:K226M:T232R,1666.9840000000002,8,217.300518742876,37.81,False,5,3,0.1739986642403704,1366.9195028457925,cgre132
7546,C221T:C231T:A238G:A558C:C588G,P77S:H79R:K186Q:P196A,49.049,3,1295.6276694052226,946.01,False,5,4,0.7301557556533816,20246.194465848253,cgre132
7548,T10C:C288T:C374A:G522A:T677A,L3P:R96C:G174S,469.539,10,56.717506961155046,0.36,False,5,3,0.0063472465432332,590.5595553854691,cgre132
7554,T204C:G309T:C626T,Y68H:D103Y,491.292,10,56.508723008876565,0.02,False,3,2,0.0003539276581574,590.0224141644735,cgre132
7558,G26A:A186G:A399G:C438G:T453C:G639T,I62V:N133D:P146A:Y151H:D213Y,66.59100000000001,3,56.53494530202603,0.05,False,6,5,0.0008844087445894,590.089806876119,cgre132
7559,C13A:G23A:A54T:G111A:C124T:C288T,P4H:T18S:G37S:T41M:R96C,87.996,2,56.500677002216136,0.0,False,6,5,0.0,590.0017395083642,cgre132
7560,A34G:A54G:C176T:C543T,E11G:T18A:H181Y,611.2180000000001,2,184.55877449936423,48.2,False,4,3,0.2611634159944319,1151.4028203345388,cgre132
7562,T215A:C320T:T370C:C633T:A694T,F71L:V123A:P211S:E231V,4768.499,16,276.97477309470406,36.61,False,5,4,0.1321781026876487,1831.3446136274197,cgre132
7571,G15A:G114C:T453C:C500T:A640T,E5K:D38H:Y151H:D213V,163.565,3,154.56167197022202,291.75,False,5,4,1.8875960403443928,979.1100612252718,cgre132
7573,C181T:T195G:G321A:C506T:C569T:A648G,A60V:S65A:D107N:T216A,278.704,2,57.06267791463145,0.5,False,6,4,0.0087622946954579,591.4503659511015,cgre132
7575,G63A:G111T:A339G:T429C:G469T:C470A:C505T,E21K:G37C:T113A:Y143H:R156L:A168V,130.947,1,56.55599053423215,0.0,False,7,6,0.0,590.1439087505855,cgre132
7577,G112T:A123G:C130T:T214C:G380T,G37V:T41A:T43I:F71S:K126N,268.693,2,820.7294170178775,886.79,False,5,5,1.080490087978269,9678.43860596398,cgre132
7579,T344C:T418A:C505T:T676C,M139K:A168V:I225T,11307.624999999996,18,283.6275452234061,56.93,False,4,3,0.2007209841172433,1888.7168622015517,cgre132
7588,G245A:C320T:T507A:A606G:G642T,F169I:T202A:D214Y,101.207,4,59.4793233417939,7.13,False,5,3,0.1198735896679244,597.7843395725444,cgre132
7589,T11C:A16G:A316C:A406C:A694G,E5G:Q105P:N135T:E231G,141.824,1,56.54070862354202,0.0,False,5,4,0.0,590.104621609252,cgre132
7590,T460C:A511G:T517A,L153S:D170G:L172Q,1532.0699999999997,6,199.05249045624575,36.95,False,3,3,0.1856294282744584,1243.3060481425705,cgre132
7593,G208A:A306T:A433T:C439A:G692A,G69D:N102Y:H144L:P146Q,176.16199999999998,3,277.0516406820838,514.53,False,5,4,1.8571627972794504,1832.0011884421453,cgre132
7595,C223T:T424G:G461T:A577G,A74V:V141G:L153F:E192G,48.584,1,1441.0098457741678,0.0,False,4,4,0.0,23848.604110891756,cgre132
7596,G203A:C441T:A555G,P147S:N185D,231.641,2,56.91701767472424,0.55,False,3,2,0.0096631907726297,591.0740256065876,cgre132
7597,C60T:G167C:G313C,G104A,2196.7770000000005,18,232.4680961721628,45.48,False,3,1,0.1956397490618158,1476.2959148436003,cgre132
7606,G106A:T150G,G35D:C50G,156.963,2,195.6325347904873,509.97,False,2,2,2.6067749955095785,1221.1168639057332,cgre132
7608,T204C:G706A,Y68H,289.776,2,56.54654095654925,0.03,False,2,1,0.000530536430567,590.119614722881,cgre132
7610,G112A:C154T:A256G:G303A:A327G:C500T:G533T:G551C,G37D:T51I:K85R:D101N:K109E:Q177H:Q183H,134.31399999999996,1,56.53716259022743,0.0,False,8,7,0.0,590.0955063452271,cgre132
7611,G66T:A399T:G624T,G22C:N133Y:G208C,81.178,2,876.7824368222964,324.79,False,3,3,0.3704339712564606,10789.121330831238,cgre132
7613,T325C:C331T:G403A,V108A:A110V:G134D,158.978,1,56.54116085231526,0.0,False,3,3,0.0,590.1057841132935,cgre132
7614,G114A:G180A:G207A,D38N:A60T:G69S,196.234,2,56.55349131910703,0.04,False,3,3,0.0007072949709558,590.1374832367283,cgre132
7615,C616T,T205I,587.862,5,56.920599420053925,2.11,False,1,1,0.0370691809555437,591.0832723020484,cgre132
7616,G127A:A433T:G568A,G42D:H144L:G189D,143.748,2,302.3459208771213,586.03,False,3,3,1.9382765221369496,2056.0381198656282,cgre132
7618,A90T:G217T:C683A,I30F:C72F,2472.735,12,1824.6398468974776,49.75,False,3,2,0.0272656546904816,33550.01598191564,cgre132
7624,T199C:T508A,L66P:F169Y,224.404,4,56.54284960557168,0.03,False,2,2,0.0005305710661785,590.1101252928416,cgre132
7626,G102A:T116A:T195C,V34I:D38E:S65P,3079.9700000000003,12,245.83510098563067,49.81,False,3,3,0.2026154922559714,1577.6223467658242,cgre132
7633,T195C:A261G:T386G,S65P:T87A,1152.617,4,173.83500016690834,21.39,False,3,2,0.1230477175451566,1087.018548028392,cgre132
7635,C55G:A247T:A349T:A532T,T18S:D82V:N116I:Q177L,53.967000000000006,1,1988.1999635326624,0.0,False,4,4,0.0,37580.42073506313,cgre132
7636,T199C:G447A:C569A,L66P:A149T,223.645,4,56.56912557009554,0.04,False,3,2,0.000707099492822,590.1776820859029,cgre132
7638,A329G:T412C,L137P,222.277,2,56.525324956600585,0.01,False,2,1,0.0001769118533626,590.0650797416339,cgre132
7639,T166A:C528G,L55Q:H176D,571.1639999999999,5,2002.0498456796424,120.24,False,2,2,0.0600584447282738,37914.53195110911,cgre132
7642,T391C:T491C:C701T,F130S,103.663,1,56.54678428918267,0.0,False,3,1,0.0,590.1202402769109,cgre132
7643,A186T:C392T:C434T:G541A:C668T,I62F:R180H,173.32100000000003,3,56.51343801169638,0.01,False,5,2,0.000176949064715,590.0345304996449,cgre132
7644,C320T:T427C:C431T:T483A:A544T,L142S:L161I:H181L,21407.523,33,305.5708265776788,33.56,False,5,3,0.1098272383390263,2085.7376675379965,cgre132
7662,A142T:T219C:T412C:G481C,K47M:F73L:L137P:G160A,170.25,3,165.43661057273076,367.5,False,4,4,2.2213946400844344,1038.758614171493,cgre132
7664,A85G:T204A:C268G:A379G:T435G:C563T,K28R:Y68N:P89R:K126R:S145A,81.826,2,56.52632779824306,0.01,False,6,5,0.0001769087147442,590.0676572155262,cgre132
7666,G317T:A550G,Q105H:Q183R,160.686,1,56.52802278977063,0.0,False,2,2,0.0,590.0720136991636,cgre132
7667,G105A:G151A:G179T:G284T,G35S:C50Y:W59C:Q94H,157.759,3,56.52732387424698,0.01,False,4,4,0.0001769055974106,590.0702173295764,cgre132
7668,T31C:A550T,F10S:Q183L,192.691,2,57.631806796310265,3.69,False,2,2,0.0640271441261883,592.9267393102218,cgre132
7669,C288T:C357T,R96C,1363.361,18,56.59985543923518,0.25,False,2,1,0.0044169724120302,590.2567156016518,cgre132
7675,G222A:T325A:T593C,A74T:V108E,277.554,2,56.57567348820306,0.06,False,3,2,0.0010605264825086,590.1945202349399,cgre132
7676,G403T,G134V,98.367,2,68.51934931458176,13.73,False,1,1,0.2003813541334679,622.9816485638829,cgre132
7677,A670T,E223V,395.16600000000005,2,56.53099551750965,0.03,False,1,1,0.0005306823225978,590.0796544348985,cgre132
7678,A38G:T190C:G210A:A343G:A502C:C539T:T690C:T691C,L63P:V70M:Y114C:K167T:L230P,157.927,4,56.53190182626977,0.04,False,8,5,0.0007075650863989,590.081983951277,cgre132
7681,A6T:G289C:C302A:A399G:G536A:C564A:A606T:A694G,T2S:R96P:F100L:N133D:M178I:L188I:T202S:E231G,176.35899999999998,1,56.56201254239812,0.0,False,8,8,0.0,590.1593921575657,cgre132
7682,T604A:A652G:T667A,L201Q:D217G:V222D,179.085,1,56.551965024682666,0.0,False,3,3,0.0,590.1335592038536,cgre132
7683,T30A:T88C:C174T:A265G:A379G:A440G:C524T,F10I:F29S:P58S:Q88R:K126R,150.213,2,2010.3418110381103,34.59,False,7,5,0.0172060292483984,38113.9236741799,cgre132
7684,C122T:A394T:A400G:C436T:C538T,K131M:N133S:S145L:A179V,176.009,3,56.53628563254111,0.05,False,5,4,0.0008843877775235,590.0932521361437,cgre132
7685,C121A:T241A:C443T:T460C,T40N:I80N:L153S,180.519,1,56.55892571096441,0.0,False,4,3,0.0,590.1514553596114,cgre132
7686,T187A:A333G:C434A:T553A:C571T:C661A,I62N:K111E:H144Q:F184Y:A190V:T220K,103.838,3,1194.002605289361,913.17,False,6,6,0.7647973261990473,17801.24924607795,cgre132
7688,A363G:C448T,N121D:A149V,309.128,5,57.04231600255616,1.15,False,2,2,0.0201604717443181,591.3977200101101,cgre132
7691,G33A:G207A:G257A:G303A,E11K:G69S:D101N,223.742,4,189.43833181309463,308.55,False,4,3,1.628762231206852,1181.7189125472453,cgre132
7693,G72A:T133A:C185T:C355T,V24I:I44N:T118I,268.39300000000003,2,56.505924254987065,0.01,False,4,3,0.0001769725941456,590.0152223986947,cgre132
7694,A339G:G503T:G611A:A660G,T113A:K167N:T220A,265.748,5,86.26055136172616,44.84,False,4,3,0.5198204659273199,679.2867465715032,cgre132
7697,A51G:T228A:A307G:T553C,I17V:Y76N:N102S:F184S,122.218,1,56.50468176640061,0.0,False,4,4,0.0,590.012029734191,cgre132
7698,C20T:C122T:G162A:A359T:A486G:C562T,D54N:K162E:P187L,107.695,1,56.5730423136497,0.0,False,6,3,0.0,590.1877539480944,cgre132
7700,C9A:T104G:C188G:C323T:T412C,L3I:I62M:L137P,219.382,5,56.57862795454578,0.06,False,5,3,0.0010604711031204,590.2021181342025,cgre132
7703,T295C:G447T:T594A,I98T:A149S:Y198N,233.502,2,56.552874052191,0.02,False,3,3,0.000353651345492,590.1358962636602,cgre132
7704,A38G:C168A:T192C:G421A:T429C,P56T:S64P:R140H:Y143H,219.782,7,56.50933886063062,0.02,False,5,4,0.0003539238009725,590.0239967070881,cgre132
7706,A129G:A142G:C158A:T258C:A322G:A394T:T509A:C674T,T43A:K47R:S86P:D107G:K131M:F169L,184.933,3,202.36797559679417,435.99,False,8,6,2.1544416734626206,1265.1131192509852,cgre132
7710,C113T,wt,1995.419,7,2014.4228510859552,88.72,False,1,0,0.0440423915724406,38211.87732890155,cgre132
7713,G111T:G246T:C259A,G37C:D82Y:S86Y,59.589,1,1959.2425093059933,0.0,False,3,3,0.0,36877.72212485116,cgre132
7714,C193T:C197A:A440T:G447T,S64L:A149S,387.795,5,56.5176682262301,0.02,False,4,2,0.0003538716409874,590.0454016057536,cgre132
7717,T215A:C231T:A511G,F71L:P77S:D170G,2483.881,21,207.26713680423643,24.75,False,3,3,0.1194111154407287,1297.8680320071824,cgre132
7728,A266T:G273T:A304T,Q88H:G91C:D101V,97.118,2,56.55995864526751,0.01,False,3,3,0.0001768035238978,590.1541111882992,cgre132
7730,C122T:T292C:T409A:A417G,I97T:I136N:M139V,270.442,2,56.55196730793326,0.03,False,4,3,0.0005304855238129,590.1335650739353,cgre132
7731,G78A:G106A:G303A:C404T:T604C,G26S:G35D:D101N:L201P,95.35,1,56.56415149675061,0.0,False,5,4,0.0,590.1648919561326,cgre132
7732,G162A:G324A:A348G:A628G,D54N:V108M:N116D:K209R,201.63100000000003,1,56.623345276529264,0.0,False,4,4,0.0,590.3171471794926,cgre132
7733,A85T:T228A:C239T:C287G:C355T,K28M:Y76N:D95E:T118I,89.35499999999999,3,407.1116509671442,734.48,False,5,4,1.8041242451675152,3147.965622209571,cgre132
7735,G105A:C119T:T150A:A277T:G317A:G570A:A581T:T659A,G35S:C50S:Y92F:A190T:E193D,243.953,2,1864.362783296242,448.78,False,8,5,0.2407149531308199,34541.12237434085,cgre132
7736,A38G:G127T,G42V,194.582,2,56.54686861394109,0.01,False,2,1,0.0001768444521353,590.120457057495,cgre132
7738,A417G:T424C,M139V:V141A,391.109,2,91.23016620794822,24.61,False,2,2,0.2697572636654465,696.6760165933492,cgre132
7740,T220C:C236T:A417T,F73S:M139L,122.736,2,56.56287212066473,0.03,False,3,2,0.0005303832509778,590.1616023370635,cgre132
7741,G180A:T371C,A60T,112.665,1,56.71578696081188,0.0,False,2,1,0.0,590.5551251307115,cgre132
7742,C223A:T553A:A580T,A74D:F184Y:E193V,172.404,5,271.698463718717,532.56,False,3,3,1.9601141379707865,1786.6303200645477,cgre132
7746,C139A:C296G,A46E:I98M,100.225,1,56.5,0.0,False,2,2,0.0,589.9999999999998,cgre132
7747,G324T:A555G,V108L:N185D,401.716,8,126.8091296332004,215.38,False,2,2,1.6984581522087077,841.5828943826871,cgre132
7752,A17C:T199C,E5D:L66P,282.081,4,56.54172111875366,0.03,False,2,2,0.0005305816555706,590.1072243483559,cgre132
7754,T150A:A306G:A339T:A606G,C50S:N102D:T113S:T202A,2112.131,13,207.06642287865225,38.5,False,4,4,0.1859306760834047,1296.5136644565937,cgre132
7761,A34G:T272C:C332T:T453G,E11G:Y151D,677.314,4,56.55939251601824,0.1,False,4,2,0.001768052936065,590.15265558142,cgre132
7776,A17T:G179T:T272C:G402T:A532T,E5D:W59C:G134C:Q177L,187.758,1,56.52549702937363,0.0,False,5,4,0.0,590.0655219958973,cgre132
7778,A238T:C368G:G537T:A595G,H79L:A179S:Y198C,333.91600000000005,8,56.922829424027455,0.85,False,4,3,0.014932497358278,591.0890295074619,cgre132
7782,G105T:C462T:G520A:G537T:T690A,G35C:P154S:G173D:A179S:L230M,215.801,2,236.943167657714,364.81,False,5,5,1.539651907275087,1509.7061219733073,cgre132
7784,T300C:C548T:T573A,F100L:W191R,178.92000000000002,2,56.544597988939394,0.01,False,3,2,0.000176851553564,590.1146198475726,cgre132
7786,C113T:C181G:T491C:A532G:C569A,A60G:Q177R,208.514,2,56.55386704100342,0.01,False,5,2,0.0001768225679907,590.138449210879,cgre132
7790,A132G:A265T:C531A:G703A,I44V:Q88L:Q177K:R234H,281.155,2,56.541649717482336,0.02,False,4,4,0.0003537215503957,590.1070408019353,cgre132
7791,C12A:T116C:C131T:A256G:C332T:T370C:A581T,P4T:K85R:V123A:E193D,210.152,1,56.54692440194631,0.0,False,7,4,0.0,590.1206004764169,cgre132
7792,A81T:T192A,M27L:S64T,1650.959,6,201.6058093787101,36.56,False,2,2,0.1813439806752949,1260.0743599839034,cgre132
7795,G69A:C152T:A670G,D23N:E223G,351.865,4,65.08661560364715,11.95,False,3,2,0.1836014960859384,613.1346050259481,cgre132
7797,C107T:T195C:T214C:G246A:C282A:A399G,S65P:F71S:D82N:Q94K:N133D,132.244,2,58.37638232233116,5.46,False,6,5,0.0935309757609173,594.8724746995857,cgre132
7798,A64G:C185T:T300C:A372G:T517A:C620A:C623T,E21G:F100L:T124A:L172Q:S206R,349.9,2,852.5090645034744,980.78,False,7,5,1.150462840616521,10302.599328822756,cgre132
7800,C122T:G208C:T427C:A499T,G69A:L142S:N166I,365.951,2,56.5323891966079,0.02,False,4,3,0.0003537794932113,590.0832366658063,cgre132
7801,A606G:T676C,T202A:I225T,2117.0620000000004,8,231.0799334009039,57.89,False,2,2,0.250519372876769,1466.0372709263627,cgre132
7805,C442G:C607T,P147R:T202I,3514.666,8,267.5669614687061,36.86,False,2,2,0.1377599080158147,1752.1060419443593,cgre132
7809,A115G:T150A:C152T:C198A,D38G:C50S:L66M,240.599,2,201.09447537387751,471.1,False,4,3,2.342679972307169,1256.702484998953,cgre132
7810,C164T:T192A:C500T:T517C,S64T:L172P,322.629,2,70.95869908861546,22.71,False,4,2,0.3200453262487103,630.1861894934784,cgre132
7811,T211G:T460C:A581G:T612C:A688T,V70G:L153S:W204R:D229V,336.585,2,56.548262314935045,0.03,False,5,4,0.0005305202807633,590.124039989141,cgre132
7812,G421A:T508C,R140H:F169S,117.561,1,56.51443539310042,0.0,False,2,2,0.0,590.0370935943322,cgre132
7813,G77T:G151A:T409C,E25D:C50Y:I136T,193.34,2,56.5217827759833,0.01,False,3,3,0.0001769229403048,590.0559759684066,cgre132
7815,C174T:T412C:C587T,P58S:L137P,244.009,1,56.59420228968808,0.0,False,3,2,0.0,590.2421743182748,cgre132
7816,A156T:T187C:T211C:T659A,T52S:I62T:V70A,946.858,5,154.0357505529537,17.64,False,4,3,0.1145188693967236,976.3070879811108,cgre132
7818,A349G:G428A:A445T:C571T,N116S:H148L:A190V,276.818,4,66.13518637494894,21.62,False,4,3,0.3269061627410692,616.1063250409417,cgre132
7821,A24G:A115C:G127C:C189A:T216C:T376A:T453C:A555C,K8E:D38A:G42A:L63M:C72R:V125E:Y151H:N185H,58.277,2,1383.5240845225164,244.27,False,8,8,0.1765563771044165,22412.39984304447,cgre132
7824,T182C:G207T:T249C:A266G:A629G,G69C:F83L,221.289,1,56.53462124739802,0.0,False,5,2,0.0,590.0889739159549,cgre132
7827,A24G:G72A:C139T:T190C:C288A,K8E:V24I:A46V:L63P:R96S,430.998,4,57.94864070703041,1.27,False,5,5,0.0219159584160172,593.7527220297023,cgre132
7829,A532G,Q177R,227.138,7,56.551464858877445,0.04,False,1,1,0.0007073203161017,590.1322733153002,cgre132
7832,A194G:G312A:G419A:A475G:G546A:A556G,G104S:M139I:N158S:A182T:N185S,117.083,1,56.54426697572476,0.0,False,6,5,0.0,590.1137689077929,cgre132
7833,C107A:C174G:T219C:C254T:C288A:A372G,P58A:F73L:R96S:T124A,300.86,3,56.57159360904167,0.04,False,6,4,0.000707068644317,590.1840285683385,cgre132
7834,A24G:A316G:T676C:G692A,K8E:Q105R:I225T,2488.274,10,226.57509650435173,53.27,False,4,3,0.2351096869067288,1433.090012344565,cgre132
7839,G191A:C244T:C275T:A283G:A346G:A394G:T479A:A544G:C644T:A652G,A81V:Q94R:E115G:K131R:H181R:D217G,250.32,3,291.5437923868668,639.64,False,10,6,2.193975713779643,1958.4211643788635,cgre132
7842,T11A:C68T:A194G:A363T,N121Y,240.58300000000003,4,59.32525528879318,8.02,False,4,1,0.1351869445981973,597.3754599015793,cgre132
7844,A142G:C154T:G173A:A183G:C434G:A679G,K47R:T51I:T61A:H144Q:K226R,244.471,1,56.50000000000043,0.0,False,6,5,0.0,590.0000000000009,cgre132
7845,A16T:G114T:C165T:T292C:C331A:T507C:G510A,E5V:D38Y:I97T:A110D:F169L:D170N,219.045,7,56.50834398824807,0.02,False,7,6,0.0003539300320702,590.0214402078194,cgre132
7847,A163C:T166A:C170A:A348G:G551A:A556T:G567A:G611A,D54A:L55Q:N116D:N185I:G189S,185.332,1,56.53579243929825,0.0,False,8,5,0.0,590.0919843987449,cgre132
7848,T91C:G99A:G117A,I30T:G33S:A39T,179.764,1,56.58324781125937,0.0,False,3,3,0.0,590.213999370158,cgre132
7850,C53T:G78T:A493G,G26C:E164G,256.591,1,56.543360701576525,0.0,False,3,2,0.0,590.1114391539231,cgre132
7851,T31C:T61A:G207T:A379T:C482A,F10S:L20Q:G69C:K126M,253.451,2,181.355212752188,395.33,False,5,4,2.1798656570197235,1131.8457228721466,cgre132
7853,T199C:A265T:A271G:C411A:C641T,L66P:Q88L:D90G:L137M,161.473,3,56.5,0.0,False,5,4,0.0,589.9999999999998,cgre132
7855,T252A:A310G,F84I:D103G,216.849,2,174.9038564216936,449.78,False,2,2,2.571584236059263,1093.2971443995489,cgre132
7856,A183T:C657A,T61S:L219I,8714.422999999999,8,296.991130195574,27.42,False,2,2,0.0923259896076473,2007.2880985768059,cgre132
7860,A501G:G609A,K167E:V203M,393.653,4,56.5028589099431,0.0,False,2,2,0.0,590.0073458537563,cgre132
7862,A40T:T204C:T300C,E13V:Y68H:F100L,334.429,4,56.60023385981753,0.23,False,3,3,0.0040635874503565,590.2576890251947,cgre132
7863,T133A:G212A,I44N,3030.7220000000007,10,196.9800138297597,20.49,False,2,1,0.1040207054595321,1229.822483530664,cgre132
7868,C174T:A364G:A379G,P58S:N121S:K126R,100.75,2,79.83853036613176,17.07,False,3,3,0.2138065407982666,657.8610540116177,cgre132
7870,A532G:T566C,Q177R,185.0,2,56.549952289802505,0.01,False,2,1,0.0001768348087855,590.1283846586584,cgre132
7877,G200A:T318C:C543T:A695G,Y106H:H181Y,195.755,2,56.50219639326132,0.0,False,4,2,0.0,590.0056435226758,cgre132
7878,A35G:A502G,K167R,13319.813999999998,29,56.56290550656858,0.06,False,2,1,0.0010607658758447,590.1616881805712,cgre132
7879,G208A:A271G:G419A:A534C:G698A,G69D:D90G:M139I:M178L,235.372,1,56.59985261940688,0.0,False,5,4,0.0,590.2567083481316,cgre132
7880,C589A:A686T,P196H,260.964,2,56.55568806874728,0.01,False,2,1,0.0001768168745086,590.1431310983008,cgre132
7881,A132G:A329G:G537A:A559T:C661T,I44V:A179T:K186M:T220M,492.484,2,114.1145646546127,42.51,False,5,4,0.372520371336155,785.7949414527912,cgre132
7882,A310G:T476A,D103G:N158K,319.342,4,65.9088668170838,18.32,False,2,2,0.2779595657568094,615.4622254989952,cgre132
7884,T386A:A408G:C521T:A529G:C540T:C635A,I136V:H176R:R180C,645.529,11,128.1834195661915,24.17,False,6,3,0.1885579280206288,847.8920721502135,cgre132
7890,A38T:A49G:T91C:A501G,K12N:Y16C:I30T:K167E,549.9869999999999,2,56.56218078989796,0.06,False,4,4,0.001060779467165,590.1598247600789,cgre132
7891,G111A:C174T:C176T:G210A:T241A:G285T:T318A:C407T:A544G,G37S:P58S:V70M:I80N:D95Y:Y106N:H181R,54.47,1,1977.720377054044,0.0,False,9,7,0.0,37326.74842835592,cgre132
7892,A16G:A132T:T353C,E5G:I44F,185.06500000000003,3,60.83313204525067,9.28,False,3,2,0.152548449964685,601.4068698855314,cgre132
7894,T150A:A615T:A694G:C702A,C50S:T205S:E231G:R234S,2052.786,4,221.68367638136127,40.9,False,4,4,0.1844971207065329,1397.9122755566864,cgre132
7896,A319G,Y106C,547.896,3,56.54929395430349,0.04,False,1,1,0.0007073474698432,590.1266921678717,cgre132
7897,C193T:A663T,S64L:I221F,236.86,1,57.47792919073305,0.0,False,2,2,0.0,592.5266362441715,cgre132
7898,T73C:C357T:T396C:G503T,V24A:S132P:K167N,285.07,3,56.52284253609179,0.03,False,4,3,0.0005307588694047,590.0586996239766,cgre132
7902,A629T:G671A:T699C,K209N:Y233H,1530.28,17,203.48430937715352,62.81,False,3,2,0.3086724484666928,1272.521017731127,cgre132
7912,A115G:A655G:T658C,D38G:H218R:L219P,223.409,2,56.55927335933991,0.02,False,3,3,0.0003536113321847,590.1523492121456,cgre132
7913,C196T:C314T:A384T:G421T,S65F:T128S:R140L,328.40600000000006,6,56.65041007432595,0.25,False,4,3,0.0044130307207308,590.3867958761952,cgre132
7916,C113T:C152T:A475T:C540T:T658C,N158I:R180C:L219P,187.389,1,56.52641485800713,0.0,False,5,3,0.0,590.0678809753358,cgre132
7917,C221T:A475G:G568A,N158S:G189D,282.595,4,1534.6869570664828,106.82,False,3,2,0.0696037713151507,26211.50265027547,cgre132
7919,C161T:A363G,N121D,399.754,4,56.50199230949411,0.0,False,2,1,0.0,590.0051191337166,cgre132
7921,A49C:A194T:T213A:A493T:C668A,Y16S:F71I:E164V,229.389,1,56.56211694984926,0.0,False,5,3,0.0,590.1596606127252,cgre132
7922,C27T:T182C:T195C:G212A,S65P,2068.204,4,194.52862943442784,31.07,False,4,1,0.1597194206854428,1214.0208106901084,cgre132
7924,T409A:A663T,I136N:I221F,174.779,4,2090.604638070301,355.51,False,2,2,0.1700512825457747,40016.85935252247,cgre132
7927,T301C:G403A,F100S:G134D,100.632,4,1369.7938733072651,280.91,False,2,2,0.2050746506273705,22071.42223941282,cgre132
7931,G21A:A49T:C538T:C569T:G681A:C704T,A7T:Y16F:A179V:A227T,293.297,2,56.76953117241509,0.4,False,6,4,0.0070460331755278,590.6935963757712,cgre132
7932,G162A:T325A:T409C,D54N:V108E:I136T,420.3569999999999,2,56.54941182858556,0.03,False,3,3,0.0005305094965609,590.1269952056477,cgre132
7933,A93G:T94A:C259A:C293T:T527C,I31D:S86Y,276.41100000000006,1,56.53178951709605,0.0,False,5,2,0.0,590.081695277871,cgre132
7934,A132G:A493T:A555T,I44V:E164V:N185Y,317.15700000000004,4,56.548077535991695,0.04,False,3,3,0.0007073626857525,590.1235649554994,cgre132
7936,T192C:T464C:C545T:A628T,S64P:K209I,380.045,3,56.52711619567593,0.02,False,4,2,0.0003538124947108,590.0696835518314,cgre132
7937,A183G:T215G:G338A:C702A,T61A:F71L:R234S,537.965,7,470.6347101114603,767.16,False,4,3,1.630054017516714,3932.2918453568554,cgre132
7940,A40G:A454G:G503T,E13G:Y151C:K167N,520.422,4,56.55430412186025,0.05,False,3,3,0.0008841060070735,590.1395729429739,cgre132
7942,G143C:A339T:A489T,K47N:T113S:I163F,93.978,1,56.547820232862136,0.0,False,3,3,0.0,590.1229034767928,cgre132
7954,T241A:C263A:A329G:C538T,I80N:A179V,298.562,3,137.5602643055353,279.9,False,4,2,2.034744563868485,892.3386778622037,cgre132
7957,T133A:G284T:G317A:C362T:C482T:G575T:C607T,I44N:Q94H:W191C:T202I,71.977,1,56.51668052762399,0.0,False,7,4,0.0,590.0428633009934,cgre132
7958,C206T:G207A:C446T:C674T,G69S,475.216,5,57.770555737402894,1.23,False,4,1,0.0212911228618084,593.2880967392036,cgre132
7961,T318C:T508C,Y106H:F169S,239.079,2,63.68658766598151,22.94,False,2,2,0.360201430799118,609.2164962863633,cgre132
7962,G167A:A205G:C287T,Y68C,334.492,4,56.50042071912775,0.0,False,3,1,0.0,590.0010810058828,cgre132
7964,A25G:G102T:T199C:A398G:T460C:A608T,K8R:V34F:L66P:L153S,212.761,3,56.595066920605184,0.05,False,6,4,0.0008834692265695,590.244398300175,cgre132
7966,T353A:T412C:T593C:C683A,L137P,318.017,5,56.89306946832285,1.24,False,4,1,0.0217952733362437,591.0122101051275,cgre132
7969,T409A:C438T:A498T,I136N:P146S:N166Y,198.308,3,56.52763003081368,0.03,False,3,3,0.0005307139178424,590.0710042188393,cgre132
7970,C80G:C350A:G477C:T594A:A601G,N116K:G159R:Y198N:H200R,280.768,1,56.549695313136425,0.0,False,5,4,0.0,590.1277240051932,cgre132
7971,A430G:T483A:G570A:T594C,Y143C:L161I:A190T:Y198H,485.698,2,56.528231700132906,0.01,False,4,4,0.0001769027563615,590.0725506483932,cgre132
7972,A90G:A205G:C260T:G285T:T358C:C596T,I30V:Y68C:D95Y:L119P,250.779,2,56.536797804050885,0.01,False,6,4,0.0001768759531563,590.0945686640687,cgre132
7974,A6T:T272A:T610C:A650G,T2S:D90E:V203A,5032.2080000000005,18,248.2167811442612,43.24,False,4,3,0.1742025651959016,1596.1579293861516,cgre132
7983,A142G:T192A,K47R:S64T,260.912,3,57.58022277252315,3.62,False,2,2,0.062868808519571,592.7925369016251,cgre132
7984,G138A:C174T:A334G,A46T:P58S:K111R,434.301,5,68.47604817270002,17.42,False,3,3,0.2543955217168183,622.855313116778,cgre132
7987,C13A:G21A:G313T:T622A,P4H:A7T:G104V:F207Y,324.3550000000001,2,56.696934780118674,0.05,False,4,4,0.0008818818899806,590.5065726706924,cgre132
7988,G66T:G180T:C314G:G380A:C458T:C701T,G22C:A60S,491.059,2,74.00461720268913,20.78,False,6,2,0.2807932908170615,639.4233007616849,cgre132
7989,T172C:A304T:A319G:A335G:G415A:C656G,V57A:D101V:Y106C:G138E:H218Q,225.708,2,56.545120388109694,0.02,False,6,5,0.0003536998393977,590.1159627920981,cgre132
7990,T133A:C263T:A364G,I44N:N121S,276.14,3,56.60625379170418,0.05,False,3,2,0.0008832946300242,590.273174852338,cgre132
7993,T44C:C169T:A333C:C431T:T594C,P56L:K111Q:Y198H,327.75,4,56.5901237094187,0.24,False,5,3,0.0042410227132982,590.2316837903338,cgre132
7996,T82C:T211G:G387C,M27T:V70G:G129R,605.5740000000001,4,113.72309109788632,41.88,False,3,3,0.3682629411115118,784.1462410922719,cgre132
7998,C20T:A70T:C202T,D23V:S67L,330.53,4,56.57741208360361,0.03,False,3,2,0.0005302469465317,590.1989912900177,cgre132
8000,A37C:A153G:T177C:A433T:T453A:C589T,K12T:T51A:W59R:H144L:Y151N:P196L,202.175,1,56.528491219661326,0.0,False,6,6,0.0,590.0732176769659,cgre132
8001,A283T:C644A,Q94L:D214E,436.327,4,70.98612724289002,26.05,False,2,2,0.3669731116738612,630.2681746113718,cgre132
8003,A601G,H200R,11272.155000000002,38,56.65296505160818,0.3,False,1,1,0.0052953980383323,590.3933719707552,cgre132
8006,T133A,I44N,1599.4350000000002,6,161.55523678669132,23.72,False,1,1,0.1468228481588534,1017.1002959153468,cgre132
8009,A123G:T166G:A183T:G289A:C383T:C548A:C641T,T41A:L55R:T61S:R96H,546.973,2,56.52911581534951,0.02,False,7,4,0.0003537999792059,590.0748230484783,cgre132
8010,A136G:C531A,K45R:Q177K,183.741,5,91.92851785893896,31.78,False,2,2,0.3457033871552817,699.1760627797614,cgre132
8012,C60A:A271G:G324A:G698A,L20M:D90G:V108M,420.652,7,105.14453985080634,175.33,False,4,3,1.667514073947944,749.099362266321,cgre132
8016,A37G:C282G:A608G,K12R:Q94E,547.519,2,56.62384017014884,0.1,False,3,2,0.0017660405881958,590.3184205498858,cgre132
8017,A132T:A433T:A556G:G582A,I44F:H144L:N185S:D194N,238.647,3,56.54857274023512,0.01,False,4,4,0.0001768391228181,590.1248380393505,cgre132
8020,T192A:T464C,S64T,12356.285999999996,40,305.6617285808229,34.83,False,2,1,0.1139494962673754,2086.5785190676743,cgre132
8040,A532G:A534G,Q177R:M178V,379.627,5,56.51050258577369,0.01,False,2,2,0.0001769582562961,590.0269871397626,cgre132
8042,G280A:T490A:A678G,S93N:I163N:K226E,293.143,2,56.50000000000172,0.0,False,3,3,0.0,590.0000000000042,cgre132
8044,C181T:G289A:T353C:T542A:G605A,A60V:R96H,529.25,4,56.55474452221683,0.04,False,5,2,0.0007072792979249,590.1407052151102,cgre132
8046,G41A:T190A:C221T:G421A,L63Q:R140H,392.605,2,65.38770411643132,17.2,False,4,2,0.2630463973681223,613.9846507663619,cgre132
8047,G669A,E223K,683.7410000000002,11,78.28564768732832,169.24,False,1,1,2.161826656604311,652.8577107447221,cgre132
8049,T91C:G207A:T342C:A399G:C432A:T594C:G642A:A686T,I30T:G69S:Y114H:N133D:H144N:Y198H:D214N,524.0219999999999,2,56.58335156826372,0.06,False,8,7,0.0010603825743269,590.2142662170554,cgre132
8050,A205G:T342A:T476A:G518A:C697A,Y68C:Y114N:N158K:T232K,422.78,2,56.50090805725434,0.0,False,5,4,0.0,590.0023331906757,cgre132
8051,T258A:C434G:C543T,S86T:H144Q:H181Y,1732.3649999999998,6,162.0167002357631,20.02,False,3,3,0.1235675086016894,1019.6538660315979,cgre132
8054,G77T:C196T:T389A:G560A:C569T:C644T,E25D:S65F,441.542,2,56.55179765382283,0.03,False,6,2,0.0005304871152574,590.133128905188,cgre132
8055,T427C:C524A:T610C,L142S:V203A,8289.345,20,291.2994669206516,47.62,False,3,2,0.1634743808610244,1956.2465678128522,cgre132
8067,G167A:A333G:A408T:C557T,K111E:I136F,338.811,1,56.54656668905802,0.0,False,4,2,0.0,590.1196808753509,cgre132
8068,T201C:A356G:C452A,S67P,403.34,6,57.00115381138262,1.63,False,3,1,0.0285959123808911,591.2913316011835,cgre132
8070,A306G:C600T:A608G,N102D:H200Y,585.924,2,77.93940998001572,25.03,False,3,2,0.321146901245697,651.7515851803469,cgre132
8071,T88A:T242C:C288A:T535A:T553C,F29Y:R96S:M178K:F184S,352.42499999999995,6,56.89074971689503,0.53,False,5,4,0.0093161015215555,591.0062232122214,cgre132
8074,T190A:C373T:A559C,L63Q:T124I:K186T,457.839,2,71.48934360139604,23.65,False,3,3,0.3308185361424715,631.7761849375721,cgre132
8075,C181A:C373T:G494C:C602T:A648T,A60D:T124I:E164D:T216S,428.16600000000005,7,56.56420035984311,0.04,False,5,4,0.0007071610620415,590.1650175971947,cgre132
8079,C22T:C420T:A485G:T658A,A7V:R140C:L219H,47.66,2,498.53105698415135,239.98,False,4,3,0.4813742226046092,4304.3462340775295,cgre132
8080,A17G:G151A:C263A:T292C:C545T:C674T:A675G,C50Y:I97T:I225V,288.8,2,157.52721512313514,271.32,False,7,3,1.7223690508837843,995.0566529314722,cgre132
8082,G77T:A493G,E25D:E164G,1922.135,9,197.04264823355985,73.5,False,2,2,0.3730156930944133,1230.228315413449,cgre132
8088,G382T:C538T,G127V:A179V,924.056,9,131.45405675205646,61.69,False,2,2,0.4692894348354519,863.1182002863513,cgre132
8093,G208A:T242C:C641T,G69D,433.669,3,56.52614334561341,0.06,False,3,1,0.0010614557521313,590.0671831386409,cgre132
8095,A93T:G212A:A279G:A475C:T594C:C634A,I31F:S93G:N158T:Y198H:P211H,66.955,2,56.92480395542511,0.51,False,6,5,0.0089591876398793,591.0941272797456,cgre132
8096,C8T:A615G,T205A,765.972,10,56.88985064771395,1.03,False,2,1,0.0181051626656254,591.0039029062281,cgre132
8100,T110C:A123G:C169T:T360C:G375A:T667C,T41A:P56L:Y120H:V125M:V222A,204.027,1,56.5821571154889,0.0,False,6,5,0.0,590.2111942890433,cgre132
8101,C448A:G461A:C590T,A149E,437.78399999999993,5,79.37176106201831,30.46,False,3,1,0.3837636911722246,656.349859012716,cgre132
8103,C101A:G111T:A417G,G37C:M139V,303.924,1,56.52631057543493,0.0,False,3,2,0.0,590.0676129497275,cgre132
8104,C197A:T211C:G243A:C441T,V70A:A81T:P147S,502.021,2,70.17593472490995,20.54,False,4,3,0.2926929307107473,627.8555933012922,cgre132
8106,G57A:A556T,E19K:N185I,562.406,2,77.63368895503255,26.42,False,2,2,0.3403161740169677,650.7777618108684,cgre132
8107,T214G:A405C,F71C:N135H,558.581,4,68.40283669485304,17.31,False,2,2,0.2530596805103331,622.6418345505265,cgre132
8109,A120T:C202T:C221T:T479C,T40S:S67L,478.002,2,56.65663820050466,0.08,False,4,2,0.0014120145942455,590.4028263897628,cgre132
8110,C20A:T133C:T216C,I44T:C72R,161.615,2,1018.7199485847126,220.38,False,3,2,0.2163303077613917,13789.26037130338,cgre132
8112,A64T:A205G:G313T:T344C,E21V:Y68C:G104V,534.634,3,56.50090167352586,0.0,False,4,3,0.0,590.0023167880405,cgre132
8113,G106A:A475G:G519T,G35D:N158S:G173C,354.75700000000006,2,79.22971746676072,64.23,False,3,3,0.8106806644482413,655.8912251179353,cgre132
8115,A147T:A265G:A266G:C275T,I49F:Q88R,372.298,2,56.526711115159344,0.01,False,4,2,0.0001769075150971,590.0686424130527,cgre132
8117,C288T:T318C:G437A,R96C:Y106H,725.16,8,56.54570584568352,0.04,False,3,2,0.0007073923545876,590.1174678518754,cgre132
8121,G72A:T182C:T224C:C439T:G518A:A529G:T594C,V24I:P146L:H176R:Y198H,366.92,1,56.6112859347925,0.0,False,7,4,0.0,590.2861204762986,cgre132
8122,T192C,S64P,9785.665,35,56.60035074383876,0.17,False,1,1,0.0030035149564599,590.2579896905985,cgre132
8123,C436T:T460C,S145L:L153S,513.083,4,56.62499030118301,0.31,False,2,2,0.0054746146242346,590.3213798857654,cgre132
8125,A147G:A532G,I49V:Q177R,335.35100000000006,4,56.68757144679267,0.38,False,2,2,0.0067034094123554,590.4824619147137,cgre132
8127,T479A:T542C:A601G:C702T,H200R:R234C,534.69,4,56.53248784950302,0.02,False,4,2,0.0003537788758429,590.0834902395588,cgre132
8129,T211C:C305G:C323A:A327G:T594A:T621A,V70A:D101E:D107E:K109E:Y198N:F207I,518.519,2,56.58527294819479,0.05,False,6,6,0.0008836221404423,590.2192077644409,cgre132
8130,T195C:C432T,S65P:H144Y,1258.7720000000002,4,141.6416888667883,13.82,False,2,2,0.0975701441473031,912.4444174878367,cgre132
8132,G67T:C80G:G203A:T241A,G22V:I80N,187.343,2,251.4536565342805,371.94,False,4,2,1.4791592420104405,1621.5815867047897,cgre132
8134,C444T,H148Y,4068.281,13,56.71649897211472,0.26,False,1,1,0.0045842039743643,590.5569590684173,cgre132
8135,A120T:A283T:G450C:C623A,T40S:Q94L:V150L:F207L,530.266,2,73.90499945734395,31.44,False,4,4,0.4254110037325195,639.116967687142,cgre132
8136,A16T:C130T:G207T:C314G:C397T:A556G:G611C,E5V:T43I:G69C:S132L:N185S,430.001,7,56.537154441044,0.03,False,7,5,0.0005306245122627,590.095485397747,cgre132
8138,C202T,S67L,598.6129999999999,7,56.52081564831184,0.02,False,1,1,0.0003538519352665,590.0534904130544,cgre132
8142,C193T:C260T:G414A:T459A:T594A:A648G,S64L:G138R:L153M:Y198N:T216A,231.072,6,56.526139763772846,0.03,False,6,5,0.0005307279096958,590.0671739326674,cgre132
8143,G26T:T214A:A226T:A598G,K8N:F71Y:K75I:H199R,89.03500000000001,4,1254.5790622899262,524.76,False,4,4,0.4182757514238914,19249.939027593184,cgre132
8145,C221T,wt,9934.292,30,2021.973010640668,53.75,False,1,0,0.0265829463188379,38392.77778296783,cgre132
8149,G207T:C251A:C654T:A660G:A678G:C704A,G69C:F83L:H218Y:T220A:K226E,358.20200000000006,5,232.8658576503564,517.47,False,6,5,2.2221806374765825,1479.244594870896,cgre132
8152,G19A:G669A,G6D:E223K,406.067,2,161.30688167965084,469.87,False,2,2,2.9128949435222697,1015.7283851156424,cgre132
8153,A81T:T91C:G245A:G321A:A408T:C432T:A501G:A577T:A583T:T612C,M27L:I30T:D107N:I136F:H144Y:K167E:E192V:D194V:W204R,245.395,3,322.29767791916566,390.64,False,10,9,1.2120472059310805,2243.857280021219,cgre132
8154,C46T:G72A:C288T:T621A,P15L:V24I:R96C:F207I,891.1769999999999,6,56.51484472110708,0.02,False,4,4,0.0003538893205616,590.0381455036621,cgre132
8157,G143A:A556T,N185I,896.9200000000001,4,108.87397548506836,39.65,False,2,1,0.3641825314391853,764.0810699907298,cgre132
8159,C154T:T453G:T527C:A556G:G666A,T51I:Y151D:N185S:V222I,513.314,3,56.64536728283837,0.14,False,5,4,0.0024715172081233,590.3738171119074,cgre132
8161,T342C:A406G:A601G,Y114H:N135S:H200R,236.465,4,85.39978017519768,104.96,False,3,3,1.2290429762778607,676.3464567435666,cgre132
8164,C181A:C512T,A60D,710.217,4,56.57509028907984,0.08,False,2,1,0.0014140498864646,590.1930204719066,cgre132
8166,C165A:C233T:A580T:A615G,L55M:E193V:T205A,244.165,3,56.591323559884216,0.05,False,4,3,0.0008835276656339,590.2347698788284,cgre132
8167,T148C:C189T:C434A:A493G,I49T:H144Q:E164G,2666.6979999999994,8,178.70584544463384,15.04,False,4,3,0.0841606493765177,1115.8797245059918,cgre132
8172,C175A,P58H,632.211,6,72.62725881765783,28.37,False,1,1,0.3906246836498036,635.213162944063,cgre132
8175,A34G:T190A,E11G:L63Q,520.354,2,65.19805012713567,17.52,False,2,2,0.2687196927797095,613.4489055272795,cgre132
8176,C196G:G235C:G245A:C603A:G684T,S65C:R78P:L201M:V228L,700.754,6,80.36540153044295,31.07,False,5,4,0.3866091552871851,659.5743446095221,cgre132
8179,T104C:T195C:A291T:A454G,S65P:I97F:Y151C,507.5940000000001,4,56.50608681221024,0.01,False,4,3,0.0001769720850292,590.0156401045921,cgre132
8181,C107T:T318C,Y106H,689.0809999999999,4,56.79560151536265,0.57,False,2,1,0.0100359884355801,590.7607965710805,cgre132
8183,A136T:A183G,K45M:T61A,519.0300000000001,5,87.19514850303399,32.45,False,2,2,0.3721537328291939,682.5031936967257,cgre132
8185,T195C:T360A,S65P:Y120N,2077.6830000000004,16,165.0481291046247,36.18,False,2,2,0.2192087859236825,1036.572452754142,cgre132
8193,C13A:C22A:A256G:G450C:G605A,P4H:A7E:K85R:V150L,302.64,1,56.53647615922488,0.0,False,5,4,0.0,590.0937418807657,cgre132
8194,T192C:T201A:T297C:T509C,S64P:S67T:S99P,413.179,1,56.56652812319314,0.0,False,4,3,0.0,590.1710030267304,cgre132
8195,A34G:A319G:G380T:G611A,E11G:Y106C:K126N,1126.3759999999995,13,56.55950973203313,0.07,False,4,3,0.0012376344903208,590.1529569613681,cgre132
8201,C293A:A532T:T699A,Q177L:Y233N,577.9910000000001,5,64.1714865742791,10.86,False,3,2,0.1692340411567285,610.5670996690399,cgre132
8203,C181A:G208A:G341A,A60D:G69D,333.809,7,56.511536297670894,0.01,False,3,2,0.0001769550193667,590.0296435095729,cgre132
8205,C269A:A363G,N121D,399.838,3,56.54594441926593,0.05,False,2,1,0.0008842367125265,590.1180811656241,cgre132
8206,T201C,S67P,467.093,13,56.53528694594667,0.11,False,1,1,0.0019456874801957,590.0906850516647,cgre132
8210,C383A:T676C,I225T,4291.277,14,221.84966955234336,56.44,False,2,1,0.2544065092090818,1399.0958431293561,cgre132
8217,C206T:C278T:C439T:G537A:C545A,P146L:A179T:H181Q,2650.791,12,187.16037257877048,19.14,False,5,3,0.10226523775456,1167.4870961317106,cgre132
8223,T148A:T150C:G173A:G447A,I49N:C50R:A149T,471.319,4,257.1721040135178,536.48,False,4,3,2.0860738455979693,1667.149237650132,cgre132
8227,A123T:A283G:G419A:C668T,T41S:Q94R:M139I,334.977,1,56.53470748543928,0.0,False,4,3,0.0,590.0891955846181,cgre132
8228,C113T:C139T:C432A:C439T:T483C:A648T:A696T,A46V:H144N:P146L:T216S:T232S,678.619,2,56.50279901080846,0.0,False,7,5,0.0,590.0071919429043,cgre132
8229,G191A:C288T:G560A:C591A,R96C:P197T,670.727,2,56.50307971852312,0.0,False,4,2,0.0,590.0079132223996,cgre132
8230,G210A:A329T:T460C:A493T,V70M:K109N:L153S:E164V,376.28100000000006,6,56.56738034333288,0.06,False,4,4,0.0010606819625698,590.1731943987528,cgre132
8233,G160A:G289T,G53D:R96L,766.875,7,56.52948075874384,0.03,False,2,2,0.0005306965427125,590.0757610520948,cgre132
8236,C170T:T214G:C275A:T566C,F71C,7751.835999999999,24,217.78256363420823,32.91,False,4,1,0.151114026076377,1370.3034297856184,cgre132
8248,A120G:T211C:T301C:T685C,T40A:V70A:F100S:V228A,509.866,4,56.5354537085907,0.03,False,4,4,0.0005306404748183,590.0911137064393,cgre132
8250,T424C:C434T:C468T:T517C,V141A:R156C:L172P,2717.141,21,192.9913515172064,26.93,False,4,3,0.1395399316512844,1204.1929197606444,cgre132
8260,C92T:T94G:C288T:T295C:A456G,I31S:R96C:I98T:I152V,522.576,5,288.04027818740445,694.51,False,5,4,2.411155843795355,1927.3799741923601,cgre132
8265,A136T:A445T,K45M:H148L,493.0200000000001,10,56.63634705008055,0.27,False,2,2,0.0047672566128117,590.3506033506093,cgre132
8271,C22A:A24C:G159A:C320T:T418C,A7E:K8Q:G53S:M139T,1279.45,12,141.01147193312178,46.88,False,5,4,0.3324552205386099,909.3098772095607,cgre132
8276,G179T:G537A,W59C:A179T,451.37200000000007,2,56.51474390597503,0.01,False,2,2,0.0001769449759276,590.0378864239957,cgre132
8278,C174T:T281A:C288A:A556G:T667C:C689A,P58S:S93R:R96S:N185S:V222A:D229E,590.305,6,56.55737568999715,0.04,False,6,6,0.000707246393808,590.1474700820354,cgre132
8280,G309A:T412C,D103N:L137P,466.054,2,56.62287929996286,0.01,False,2,2,0.0001766070557278,590.3159482197309,cgre132
8282,A328G:G522T:T685C,K109R:G174C:V228A,677.592,7,85.49982172521179,47.05,False,3,3,0.5502935450697684,676.6870986413871,cgre132
8285,G23A:G78A:T104C:C170T:T211A:G578T,G26S:V70E:E192D,586.254,8,56.63242863710025,0.21,False,6,3,0.0037081228026733,590.3405199696937,cgre132
8290,A606T:T676C,T202S:I225T,2952.636000000001,8,195.9504550684307,53.83,False,2,2,0.274712298990075,1223.1664995313315,cgre132
8294,T386A:A501G:T690C,K167E,660.4749999999999,2,56.59019232475684,0.05,False,3,1,0.000883545327308,590.2318602720331,cgre132
8295,T612C,W204R,2571.585,8,1218.752482060567,663.24,False,1,1,0.5441958147881251,18389.83484058361,cgre132
8296,G79A:A555G:A670T,G26D:N185D:E223V,691.1510000000001,6,56.557399786714655,0.04,False,3,3,0.0007072460924802,590.1475320368604,cgre132
8299,T190A:C244A:C564A,L63Q:A81E:L188I,904.73,2,82.59114652882253,29.78,False,3,3,0.3605713354470436,666.8999188014601,cgre132
8300,T104A:T116A:A225G:A346G:C422T:A501G,D38E:K75E:E115G:K167E,499.591,1,56.56159141900817,0.0,False,6,4,0.0,590.1583093573529,cgre132
8301,A136T:G299A:T325A:G503T:C644T,K45M:V108E:K167N,522.383,15,56.71045103522477,0.72,False,5,3,0.0126960725378957,590.5413817807931,cgre132
8305,G117A:T252C:G274T:A339G:A475G,A39T:F84L:G91V:T113A:N158S,224.406,1,56.55798884245208,0.0,False,5,5,0.0,590.1490465573295,cgre132
8306,C288T:A472T:G570A,R96C:K157M:A190T,684.1890000000001,2,56.56533762149526,0.03,False,3,3,0.0005303601332806,590.1679418435868,cgre132
8307,C189A:C206T:C234A:T300A:A445G:T479C:A501C,L63M:R78S:F100I:H148R:K167Q,684.1289999999999,10,56.5986357458741,0.21,False,7,5,0.0037103367816654,590.2535781732332,cgre132
8311,G140T:C500G:T612A,N166K:W204R,664.315,2,59.84115122905117,6.09,False,3,2,0.1017694324878475,598.7473047067083,cgre132
8312,C92T:G324A:T690A,V108M:L230M,1027.274,9,56.5770208275288,0.11,False,3,2,0.0019442522492537,590.1979851095062,cgre132
8316,A85G:G257A:C305A:A595G,K28R:D101E:Y198C,1521.773,6,139.36077288505118,21.73,False,4,3,0.1559262305320561,901.1516142286894,cgre132
8319,A319T:A417G:G541A,Y106F:M139V:R180H,730.1709999999999,2,56.55703370367628,0.03,False,3,3,0.0005304380027633,590.1465908063118,cgre132
8320,A35T:T495C,E11D:Y165H,5297.218000000001,27,237.37684097906163,56.94,False,2,2,0.2398717573506782,1512.9713270266748,cgre132
8334,A17T:C218T:C267A:T318C:C607T,E5D:P89T:Y106H:T202I,1047.338,13,246.36244633321925,454.03,False,5,4,1.842935101342104,1581.7139319863215,cgre132
8339,T491C:A670G,E223G,907.453,6,67.01230432857352,13.96,False,2,1,0.2083199516845679,618.6165889567698,cgre132
8342,G415T:A501G,G138V:K167E,735.3900000000001,5,56.52733575609054,0.03,False,2,2,0.0005307166806772,590.0702478684593,cgre132
8344,G59A:T195C:T453C:C571T:A628G:A650T,S65P:Y151H:A190V:K209R,656.5310000000001,2,56.500948705258615,0.0,False,6,4,0.0,590.0024376334894,cgre132
8345,C119T:T190A:T622C,L63Q:F207S,2231.788,12,149.70783474652026,19.7,False,3,2,0.1315896394691387,953.528042546258,cgre132
8351,C209T:A348G:T424C:A496G,N116D:V141A:Y165C,101.835,4,56.55908698545485,0.09,False,4,3,0.0015912562383325,590.1518700184159,cgre132
8357,A322C:C323T:T412C,D107A:L137P,576.868,8,56.71952450442284,0.72,False,3,2,0.012694041536682,590.5647521399884,cgre132
8361,G21A:T201G:C357T:A501G:C644T,A7T:S67A:K167E,686.434,2,56.50088582280161,0.0,False,5,3,0.0,590.0022760604913,cgre132
8362,C92T:G289A:C557A,R96H:N185K,564.462,5,56.71137951680125,0.3,False,3,2,0.0052899436154805,590.5437731426983,cgre132
8367,C155A:A322T:G324A:C441T,D107V:V108M:P147S,380.344,2,56.565226873900485,0.03,False,4,3,0.000530361171659,590.1676570761043,cgre132
8368,A310T:T409C:G413T:A502T:G605C:A637G,D103V:I136T:K167M:D212G,360.682,6,68.24867140747592,20.71,False,6,4,0.3034491305530592,622.1928081518142,cgre132
8371,T190A:A532G,L63Q:Q177R,605.857,3,56.56750365915868,0.02,False,2,2,0.000353559883436,590.173511490935,cgre132
8373,T460C,L153S,11457.85,22,145.354192968255,26.53,False,1,1,0.1825196745840974,931.1314094244115,cgre132
8375,T390A:A678G,F130I:K226E,624.632,9,56.5998779348221,0.1,False,2,2,0.0017667882626028,590.2567734676634,cgre132
8381,A310G:A615T,D103G:T205S,685.5260000000001,4,56.69540330983207,0.24,False,2,2,0.0042331474156455,590.5026289317748,cgre132
8383,T190A:G212A:C244T:C323T:A511T:A650G,L63Q:A81V:D170V,711.5469999999999,2,69.1830451980775,26.59,False,6,3,0.3843427233344579,624.9248297962804,cgre132
8384,C259T:C340G:C446T:A501G:C524T:T667C,S86F:T113R:K167E:V222A,612.0749999999999,6,56.56740200245943,0.15,False,6,4,0.0026517038911116,590.1732500926242,cgre132
8387,C288G:A346T,R96G:E115V,652.793,3,56.58876758718005,0.04,False,2,2,0.0007068540578901,590.2281958118048,cgre132
8389,G403A:G494C,G134D:E164D,646.74,2,56.57443188145312,0.04,False,2,2,0.0007070331715184,590.1913273135393,cgre132
8390,T204A,Y68N,4364.950000000001,10,56.69316073855147,0.27,False,1,1,0.0047624792211734,590.4968541368381,cgre132
8391,G203A:C362T:T424C:A679T,V141A:K226M,585.198,4,56.54185681903968,0.02,False,4,2,0.0003537202547841,590.1075731843155,cgre132
8393,T94C:T224C:T281C:C288T:A348G:A663G,I31T:R96C:N116D:I221V,920.684,4,56.58108782344912,0.25,False,6,4,0.0044184374959364,590.2084442882676,cgre132
8395,C198A:A319G:T459A:T691C,L66M:Y106C:L153M:L230S,837.202,4,56.50974898008075,0.02,False,4,4,0.0003539212323708,590.025050589418,cgre132
8397,T190A:A286T,L63Q:D95V,768.52,4,69.65299360540004,23.22,False,2,2,0.333366863333205,626.30845124952,cgre132
8399,T360A:A501G,Y120N:K167E,941.638,2,56.5883681019841,0.06,False,2,2,0.0010602885718822,590.2271683366308,cgre132
8400,T424C:T517C,V141A:L172P,1988.249,6,149.87171141187324,27.7,False,2,2,0.1848247393657608,954.38123253756,cgre132
8403,C131T:A279C:G289A:T292C:A363G,S93R:R96H:I97T:N121D,807.2310000000001,7,56.54470738898959,0.03,False,5,4,0.0005305536341999,590.1149010843415,cgre132
8407,T429C:G669A,Y143H:E223K,380.9309999999999,6,82.20105246868738,35.83,False,2,2,0.4358824969260415,665.6057431152605,cgre132
8413,T11C:G203C:A339G:C404T:G437A:T453C:A486G:A502T,T113A:Y151H:K162E:K167M,1362.5839999999998,4,103.150294913495,27.67,False,8,4,0.2682493542379585,741.2492216561272,cgre132
8415,A74T:A670T,E223V,906.009,6,56.57850299896965,0.06,False,2,1,0.0010604734452074,590.2017967851044,cgre132
8418,A17G:T292C:T337C:T691G,I97T:V112A:L230W,614.887,2,56.59854208976897,0.01,False,4,3,0.0001766829962534,590.2533372625667,cgre132
8423,A132T:C590G,I44F,703.737,6,61.66279508076149,10.76,False,2,1,0.1744974418676176,603.6532049755244,cgre132
8426,C181A:C288A:A363C:T409A,A60D:R96S:N121H:I136N,858.769,4,56.59258879961937,0.06,False,4,4,0.0010602094951415,590.2380241979363,cgre132
8428,T204G:T300C,Y68D:F100L,1141.033,7,56.534568681672646,0.05,False,2,2,0.000884414636318,590.0888387996565,cgre132
8431,T213C:C288T:G403T:G526A,F71L:R96C:G134V:G175D,759.76,2,56.55994954683236,0.02,False,4,4,0.0003536071046781,590.154087794725,cgre132
8432,T195C:A652G,S65P:D217G,885.7289999999999,4,56.5461547329933,0.02,False,2,2,0.0003536933695038,590.1186218316412,cgre132
8434,C288T:C320T,R96C,798.0040000000001,6,56.52220089318555,0.02,False,2,1,0.000353843263071,590.0570505541515,cgre132
8437,C119T:T325A:A511G:T667C:A686G,V108E:D170G:V222A,927.448,6,56.55836620620911,0.03,False,5,3,0.0005304255057619,590.1500168021247,cgre132
8440,G289A:A615T,R96H:T205S,772.911,2,58.42032923980162,4.27,False,2,2,0.073090995130696,594.9878216448361,cgre132
8444,A363G:G518A:G578A:C590A:T690A,N121D:L230M,289.85,4,56.54663307681341,0.06,False,5,2,0.0010610711325375,590.1198515433695,cgre132
8445,T213C:A240T:A405T,F71L:I80F:N135Y,705.848,6,62.22994660907413,12.64,False,3,3,0.2031176417264816,605.2002850827532,cgre132
8448,A132G:G345A:C543T,I44V:E115K:H181Y,666.7990000000001,4,56.652200133852176,0.11,False,3,3,0.0019416721634835,590.3914031773407,cgre132
8452,T91A:T110C:T192G:C368T:A487G:A511G:G671A:A678G,I30N:S64A:K162R:D170G:K226E,918.306,2,56.58281169333528,0.05,False,8,5,0.0008836605764836,590.2128777460343,cgre132
8453,A74T:A532G,Q177R,752.2930000000001,9,58.82167828523801,9.85,False,2,1,0.1674552696751594,596.0438375139087,cgre132
8458,A120G:C587T:T610G,T40A:V203G,839.278,6,56.64554080935597,0.25,False,3,2,0.0044134100659642,590.3742637093359,cgre132
8461,G299A:A650G:A670G,E223G,1086.2,5,65.07679133755244,9.75,False,3,1,0.1498229983317229,613.1069129907802,cgre132
8463,T133C:C234A:A359C:C439T:C531A:C702A,I44T:R78S:P146L:Q177K:R234S,850.971,6,56.68336307518008,0.37,False,6,5,0.0065274884891579,590.4716261120483,cgre132
8466,A16G:G75A:A120T:G180A:T211C:C287T:C439T:G684A,E5G:E25K:T40S:A60T:V70A:P146L:V228I,1201.637,17,56.5428444920216,0.1,False,8,7,0.0017685703805387,590.1101121476112,cgre132
8475,C181A:A405G:G537A,A60D:N135D:A179T,872.9019999999999,2,56.537259674649626,0.02,False,3,3,0.0003537490164024,590.0957559009329,cgre132
8476,A36G:C230T:T281C:G289C:A499T:C623A,K12E:R96P:N166I:F207L,770.8140000000001,8,56.55421919409012,0.08,False,6,4,0.0014145717355843,590.139354593783,cgre132
8480,A64T:T460C,E21V:L153S,3575.7229999999995,10,164.64860764796396,24.97,False,2,2,0.1516563082840547,1034.3284325536124,cgre132
8490,A310G,D103G,1038.418,2,65.26209869364425,24.31,False,1,1,0.3724979810121782,613.6297169887798,cgre132
8491,T199C:T292C,L66P:I97T,841.044,7,72.91379822974305,108.12,False,2,2,1.4828469044957202,636.0845166024081,cgre132
8495,T460C:G703C,L153S:R234P,1184.585,6,56.52805333986997,0.03,False,2,2,0.0005307099436031,590.0720922200926,cgre132
8498,G21A:G428A:T459A:C657G:G687T,A7T:L153M:L219V:D229Y,1004.621,6,56.62720801566485,0.26,False,5,4,0.0045914324423001,590.3270862678718,cgre132
8501,C68T:A81G:C209T:T211C:G303C,M27V:V70A:D101H,965.069,2,56.54194516977509,0.02,False,5,3,0.0003537197020715,590.1078003021322,cgre132
8502,G167A:T195A:G245A:T542A:C616T:C683A,S65T:T205I,507.662,6,69.40689679640569,27.08,False,6,2,0.3901629556992723,625.5830975377845,cgre132
8504,T10A:A120T:C288A:A629G,L3H:T40S:R96S,1066.506,2,63.89997129521152,10.4,False,4,3,0.1627543767109539,609.8100001461123,cgre132
8505,A156G:G208A,T52A:G69D,548.6519999999999,7,56.51850195379282,0.01,False,2,2,0.0001769332104409,590.0475442396254,cgre132
8507,A6G:C158T:C188T:A329G:A555G:A606G:C644T,T2A:N185D:T202A,884.197,11,56.59920143356751,0.09,False,7,3,0.0015901284421059,590.2550332914864,cgre132
8513,C68T:A132T,I44F,1045.986,12,75.82304787055983,21.56,False,2,1,0.2843462588948656,645.0653488268877,cgre132
8517,A135G:T424A:C434G:C538T,K45E:V141D:H144Q:A179V,1193.6600000000003,8,56.57332547627961,0.08,False,4,4,0.0014140939979486,590.1884821149486,cgre132
8521,T300C:C374A:G447A:G522A:C569T,F100L:A149T:G174S,350.63,2,56.563707021293226,0.02,False,5,3,0.000353583614887,590.16374908511,cgre132
8523,T10A:T412C:T453A,L3H:L137P:Y151N,565.517,6,56.53781238225312,0.03,False,3,3,0.0005306183372849,590.0971766421887,cgre132
8526,C7T:G102A:T190A:C410T,T2I:V34I:L63Q,963.349,2,67.66025442878146,19.95,False,4,3,0.2948555273465484,620.485284901379,cgre132
8527,A81G:A475G:G492A,M27V:N158S:E164K,1521.167,16,101.21679766218358,41.07,False,3,3,0.4057626890851981,733.7455340379413,cgre132
8534,T190A,L63Q,6781.521999999999,21,66.50013811262558,21.7,False,1,1,0.3263151117558368,617.148091890319,cgre132
8536,G207A:A291G:A501G,G69S:I97V:K167E,1121.5890000000002,6,56.54030595568826,0.04,False,3,3,0.0007074599141955,590.1035865120458,cgre132
8539,C209T:G324A:G671T,V108M:E223D,981.828,9,56.55654725813024,0.07,False,3,2,0.0012376993185335,590.1453401195853,cgre132
8544,T192C:C260T:G504A,S64P:A168T,1023.654,2,56.66309452628416,0.09,False,3,2,0.0015883354192428,590.419445456844,cgre132
8545,A393G:A501G,K131E:K167E,1255.765,4,56.524267628440754,0.05,False,2,2,0.0008845758131475,590.0623622598366,cgre132
8547,C121T:A123G:G289A:A472T:C539A:A686G,T40I:T41A:R96H:K157M,1194.928,2,56.52447630771753,0.01,False,6,4,0.0001769145094871,590.0628985922925,cgre132
8548,A445T:C644T,H148L,1068.238,4,65.11105152952638,14.9,False,2,1,0.2288397998493879,613.2034956339033,cgre132
8550,A64G:C233T:G317A:C554A:A556T,E21G:F184L:N185I,6881.789,26,186.69596013246843,30.04,False,5,3,0.1609033209860855,1164.602623009372,cgre132
8563,A556T:A601T,N185I:H200L,890.9069999999999,2,56.648630461819785,0.05,False,2,2,0.0008826338711524,590.3822155563823,cgre132
8564,T14C:A205G:A405G:T429C:A501G,Y68C:N135D:Y143H:K167E,1215.095,2,56.57379539691117,0.05,False,5,4,0.0008838014075104,590.189690544492,cgre132
8565,C101T:T318A,Y106N,737.602,6,56.600347634426456,0.07,False,2,1,0.0012367415206019,590.2579816921286,cgre132
8569,C444T:A454T:T542C:C599T,H148Y:Y151F,1023.754,11,56.56452109374521,0.04,False,4,2,0.000707157052275,590.1658422980154,cgre132
8574,G289T,R96L,1251.5479999999998,6,56.52307117520787,0.02,False,1,1,0.0003538378149694,590.0592872463491,cgre132
8577,A25T:T204C:A499T,K8M:Y68H:N166I,999.013,2,56.98773052923202,0.23,False,3,3,0.0040359564745611,591.2566482567088,cgre132
8578,A310G:A322T:C654A,D103G:D107V:H218N,923.038,3,56.58154778627505,0.03,False,3,3,0.0005302081893079,590.2096272146488,cgre132
8579,G69A:C124T:T204A,D23N:T41M:Y68N,1298.86,5,56.54168357124232,0.04,False,3,3,0.000707442677217,590.1071278274887,cgre132
8581,A17G:C113G:T133C:C288T,I44T:R96C,1032.712,4,56.54042856781967,0.03,False,4,2,0.0005305937850119,590.1039016980536,cgre132
8583,A240G:G284T,I80V:Q94H,1041.538,4,68.23728395771383,22.76,False,2,2,0.3335419975698947,622.1596679809246,cgre132
8585,A81T:T412C:A499T:A629G:A686T,M27L:L137P:N166I,1076.8559999999998,14,56.56809294485559,0.11,False,5,3,0.0019445591016694,590.1750267761032,cgre132
8592,G59A:C71A:C152T:G289T:A393G:T409A:C548T,D23E:R96L:K131E:I136N,1158.156,8,56.60572817315593,0.15,False,7,4,0.0026499084958531,590.271822695644,cgre132
8596,T150C:C538T:A646T,C50R:A179V:E215V,642.332,12,88.64420844635747,160.06,False,3,3,1.8056453185755437,687.5395033335918,cgre132
8602,T82C:G546T:A601T:A686G:A696G,M27T:A182S:H200L:T232A,4073.402999999999,8,191.61383304852333,53.34,False,5,4,0.2783723865410721,1195.4397699624665,cgre132
8606,A54G:G289T:C441T:G494A:A559T,T18A:R96L:P147S:K186M,848.835,6,56.80473710005735,1.57,False,5,4,0.0276385400258883,590.7843495864863,cgre132
8609,C288T,R96C,8148.852000000003,22,56.58565631712077,0.16,False,1,1,0.0028275716924324,590.2201937539427,cgre132
8610,G208A:T659C,G69D,1472.062,7,56.53945924136513,0.03,False,2,1,0.0005306028816429,590.1014099652526,cgre132
8613,C543T,H181Y,14467.004999999996,40,77.35453719953942,30.83,False,1,1,0.3985545142681503,649.8909165342246,cgre132
8614,C432G:C436G:C442A,H144D:S145W:P147H,999.761,8,56.557892231984674,0.03,False,3,3,0.0005304299509067,590.1487981615846,cgre132
8620,G66T:A136T:G375T:T453C,G22C:K45M:V125L:Y151H,1056.4439999999995,8,56.555044323709,0.03,False,4,4,0.000530456661448,590.1414760098983,cgre132
8623,C193T:C320T:T691C,S64L:L230S,1112.989,4,56.58025325566188,0.03,False,3,2,0.0005302203202315,590.2062979734816,cgre132
8625,C9A:T44A:A153T:A194G:T495C:T497C:C538T:A646T,L3I:T51S:Y165H:A179V:E215V,1295.034,9,56.580304506751496,0.07,False,8,5,0.0012371796265544,590.2064297788125,cgre132
8629,A70T:G321A:A384G:G437A:A532T:A606G:G662A,D23V:D107N:T128A:Q177L:T202A,1183.894,14,58.43935440145109,8.13,False,7,5,0.1391185799923575,595.0377741873306,cgre132
8636,A294C:T325A:T621A,I98L:V108E:F207I,1430.919,8,56.537659845082565,0.04,False,3,3,0.000707493025173,590.0967845427472,cgre132
8641,A35G:A40G:C223T:A319G:C563A:C704A,E13G:A74V:Y106C,1076.183,8,56.56290727426887,0.05,False,6,3,0.0008839715355781,590.1616927257716,cgre132
8645,T91C:G143A:C196T:C302T:G523A,I30T:S65F:G174D,1019.319,2,56.59680656067044,0.03,False,5,3,0.0005300652426005,590.2488730245881,cgre132
8646,T353C:T476C:C600T:C661T:C697T,H200Y:T220M:T232M,1394.601,4,63.35955937279447,9.58,False,5,3,0.1512005464500356,608.3094644206168,cgre132
8648,C161T:T215A:A529G,F71L:H176R,1755.539,9,88.16847895135548,32.77,False,3,2,0.3716747798051494,685.8794628596947,cgre132
8653,T211A,V70E,1266.257,2,56.576989433970304,0.04,False,1,1,0.0007070012102125,590.1979043759071,cgre132
8654,T14C:T52A:C600T,I17N:H200Y,941.773,19,71.07646429125742,24.46,False,3,2,0.3441364204579411,630.5383533662039,cgre132
8664,G39A:C60T:C600T,E13K:H200Y,1547.172,4,64.25799715746908,15.05,False,3,2,0.2342120929029088,610.8087767598532,cgre132
8666,C55T:T195A:C521T,T18I:S65T,2912.733,17,149.8374589527149,34.72,False,3,2,0.2317177576466829,954.2028433641269,cgre132
8674,C8A:T460C,L153S,2675.717,2,138.70946264579382,19.36,False,2,1,0.1395723091324877,897.953318772114,cgre132
8675,T110A:C444T,H148Y,1085.295,4,56.57977807183374,0.05,False,2,1,0.0008837079554557,590.2050759199508,cgre132
8680,T204C:C275T:A474G,Y68H:N158D,1449.416,4,56.55766460868099,0.04,False,3,2,0.0007072427809167,590.1482129190358,cgre132
8682,G33A:C320T:G324A:C543T,E11K:V108M:H181Y,1287.3300000000002,10,56.557766137349056,0.05,False,4,3,0.000884051889153,590.1484739593294,cgre132
8687,A51G:G126A:A205G:C314A,I17V:G42S:Y68C,1221.5590000000002,6,56.58113757854164,0.04,False,4,3,0.0007069493776874,590.2085722474668,cgre132
8690,C55T:G159T:C439A:C443A,T18I:G53C:P146Q,1637.889,14,56.56696261406171,0.21,False,4,3,0.0037124142838066,590.1721202602198,cgre132
8697,G284T:T308A,Q94H:N102K,1495.558,19,72.85191477704689,25.21,False,2,2,0.3460444392868971,635.8961313640135,cgre132
8707,G18A:A40T:T429C:C439A:C538T,G6S:E13V:Y143H:P146Q:A179V,1262.011,2,56.54572810914053,0.02,False,5,5,0.0003536960380348,590.1175250856538,cgre132
8708,A430T:A572T:A670T,Y143F:E223V,1553.6149999999998,13,56.613398548752585,0.27,False,3,2,0.0047691890421927,590.2915555785454,cgre132
8714,A16T:A283T:A334T,E5V:Q94L:K111I,1412.422,4,56.5834405483799,0.05,False,3,3,0.0008836507556879,590.2144950603416,cgre132
8716,C157G:C616T,T52S:T205I,1070.815,10,56.55333017987509,0.04,False,2,2,0.0007072969862742,590.1370689519586,cgre132
8720,T150A:C158A:G173A:G289A,C50S:R96H,1358.245,4,56.76518687994795,0.42,False,4,2,0.0073989010357396,590.6824002386096,cgre132
8722,A670G,E223G,7572.384999999999,25,64.39008842421184,12.15,False,1,1,0.1886936374423642,611.178207158755,cgre132
8724,A132G:G312T:A394T:T653C,I44V:G104C:K131M,1283.002,11,56.5956951164962,0.19,False,4,3,0.0033571457972007,590.2460141435064,cgre132
8729,C233A:A615G,T205A,1359.034,6,58.83393488200016,6.43,False,2,1,0.1092906672466541,596.0761603900411,cgre132
8732,T190A:T685C,L63Q:V228A,1269.521,2,64.3851213129023,14.98,False,2,2,0.2326624489406393,611.1643060825803,cgre132
8733,A64T:C444T:A471G:C563T,E21V:H148Y:K157E,1562.9209999999998,8,56.54479842364332,0.03,False,4,3,0.0005305527800317,590.1151351091056,cgre132
8737,T95C:A135C:T204A:C439T,K45Q:Y68N:P146L,1408.871,4,56.51430654799835,0.02,False,4,3,0.0003538926905705,590.0367624834643,cgre132
8739,T195A:A663T:T690A,S65T:I221F:L230M,1246.8460000000002,11,56.56424363852401,0.05,False,3,3,0.0008839506512192,590.1651288791868,cgre132
8744,C189A:T215C:T460C,L63M:L153S,1532.932,4,56.56322580034339,0.04,False,3,2,0.0007071732461156,590.162511737612,cgre132
8746,C193T:G289A:G336A:A485G:A532T:C547T,S64L:R96H:V112M:Q177L:A182V,1362.996,9,56.52666544498372,0.03,False,6,5,0.0005307229740837,590.068525031773,cgre132
8751,A129T:C288A:A430G:C524T,T43S:R96S:Y143C,1546.5909999999997,11,56.53733869627196,0.03,False,4,3,0.000530622782957,590.0959590263773,cgre132
8756,A294G:T424A,I98V:V141D,1006.183,9,59.87999304438405,13.88,False,2,2,0.2317969541130693,598.8509041485022,cgre132
8762,G285A:C448A:G551A:G671A,D95N:A149E,1517.605,12,72.01966780074258,24.63,False,4,2,0.3419899140349276,633.3733379908091,cgre132
8768,A153T:A319T:C439T:A502G,T51S:Y106F:P146L:K167R,1243.32,2,56.5484821277651,0.02,False,4,4,0.0003536788123651,590.1246050899397,cgre132
8769,C71T:A183G:C442A:G560A,T61A:P147H,1321.385,5,56.56421217559195,0.04,False,4,2,0.000707160914322,590.1650479788932,cgre132
8772,C175A:A183T:C626T:A695G,P58H:T61S,2793.696000000001,12,121.54718751678833,38.2,False,4,2,0.3142812333253186,817.9122842345971,cgre132
8778,A433C:C521A,H144P,6809.265,16,174.00526595298615,18.68,False,2,1,0.1073530728952023,1088.0166495098117,cgre132
8786,G324A:C355T:C439T,V108M:T118I:P146L,1606.831,6,56.55796888323535,0.03,False,3,3,0.0005304292320315,590.1489952400468,cgre132
8789,G235T:A310G:T386A:T705G,R78L:D103G,1059.0110000000002,7,56.88431725977431,2.89,False,4,2,0.0508048639628072,590.9896229292734,cgre132
8792,A363G:T690C,N121D,1669.1420000000005,13,56.67999101361809,0.25,False,2,1,0.0044107275870939,590.4629440301687,cgre132
8801,C288G,R96G,1382.24,4,56.59286911827972,0.08,False,1,1,0.001413605658211,590.2387452109834,cgre132
8803,C68A:A74G:A141G:A205G:G567T,K47E:Y68C:G189C,988.387,9,56.77145853781816,1.77,False,5,3,0.0311776382990216,590.698563769738,cgre132
8809,T195C:G289A:C431T:C448T:G645A,S65P:R96H:A149V:E215K,1570.092,4,56.89353047487096,0.63,False,5,4,0.0110733152740145,591.01339990508,cgre132
8811,A108G:A532T:C682T:T691C,T36A:Q177L:A227V:L230S,949.758,9,56.581868323907024,0.15,False,4,4,0.0026510259283294,590.2104515727832,cgre132
8817,T213C:G437A:T690A,F71L:L230M,1447.821,2,65.62161093048329,18.2,False,3,2,0.2773476563883855,614.6468387966341,cgre132
8818,T460C:C623T:G680A,L153S,3057.17,4,132.37823684964408,25.48,False,3,1,0.1924787684620722,867.474427003958,cgre132
8820,C149T:C193T,S64L,1528.4059999999995,10,56.57920548465142,0.12,False,2,1,0.0021209205568033,590.2036033781806,cgre132
8825,A70T:G162A:A205G:C468T:A601G,D23V:D54N:Y68C:R156C:H200R,1662.127,9,56.52353468325431,0.03,False,5,5,0.0005307523701076,590.0604785069305,cgre132
8830,A17G:C22T:A601G,A7V:H200R,1716.208,9,56.67931530245093,0.23,False,3,2,0.0040579177566397,590.4612043094537,cgre132
8834,C12A:A363G:A502G,P4T:N121D:K167R,1299.2880000000002,11,56.52961241427734,0.03,False,3,3,0.0005306953067384,590.0760994435166,cgre132
8839,C118T:C288T:C401T:C422A,A39V:R96C,1504.319,4,56.56491765693304,0.04,False,4,2,0.000707152094565,590.1668619822871,cgre132
8841,C282G:A322T:G341T:T429A,Q94E:D107V:Y143N,1778.3620000000003,13,56.59811111518115,0.17,False,4,3,0.0030036338077438,590.2522286742194,cgre132
8847,G480T:A556T:G669A,G160C:N185I:E223K,1126.493,11,56.549390505807615,0.07,False,3,3,0.0012378559587271,590.1269403878315,cgre132
8857,G114A:G167A:C189A:A454T:A629G,D38N:L63M:Y151F,1756.537,8,72.69559490360166,24.61,False,5,3,0.3385349556962042,635.4207550069299,cgre132
8861,C288T:G575T,R96C:W191C,1363.963,2,56.54010898011641,0.01,False,2,2,0.0001768655947146,590.103080168742,cgre132
8862,C444T:C633G:C668A,H148Y:P211A,1742.913,6,56.562475025809135,0.05,False,3,2,0.0008839782908577,590.1605813093782,cgre132
8865,T199C:T617C,L66P,1330.6909999999998,16,90.82710372104482,206.89,False,2,1,2.277844294533672,695.2394061230844,cgre132
8874,T204A:C516T,Y68N,1494.8829999999998,2,56.544727343798726,0.02,False,2,1,0.0003537022979772,590.1149523825826,cgre132
8875,C27T:T360C:C528T:A688G:T691C,Y120H:H176Y:D229G:L230S,2386.768,12,95.4063676730232,41.52,False,5,4,0.4351910780452033,711.8331576479369,cgre132
8881,G330T:A670T,A110S:E223V,1648.337,6,56.630934908870216,0.18,False,2,2,0.0031784748086828,590.336676227489,cgre132
8884,A34G:T190A:A322G,E11G:L63Q:D107G,1507.378,4,67.25407972052871,22.07,False,3,3,0.328158530927951,619.3124515420959,cgre132
8886,T204C:G421T:C683T,Y68H:R140L,1959.205,19,56.61305989246524,0.23,False,3,2,0.004062666819933,590.2906843119209,cgre132
8895,A90G:T192C:G203A,I30V:S64P,1780.7140000000002,8,56.72361598222346,0.3,False,3,2,0.0052888024644623,590.5752912647413,cgre132
8899,C101T:C288T:C323G,R96C:D107E,1706.678,6,56.64833218978762,0.27,False,3,2,0.0047662479999486,590.3814478807061,cgre132
8902,C71T:T199C:G375T,L66P:V125L,1898.243,10,56.54502575990857,0.03,False,3,2,0.0005305506469725,590.1157195284409,cgre132
8907,T104C:T195C:G645A:A678G:G693A,S65P:E215K:K226E:E231K,1931.185,4,56.592343304004594,0.21,False,5,4,0.0037107493300271,590.2373927557982,cgre132
8909,T104C:A266G:G317A:G375A:T535A,V125M:M178K,3576.77,15,131.5961227696494,43.91,False,5,2,0.3336724447183116,863.7863037040447,cgre132
8916,G289C:C641T:G669A,R96P:E223K,2015.953,10,56.57268737722273,0.13,False,3,2,0.0022979286653499,590.186841214633,cgre132
8921,G210A:T215A:A615G,V70M:F71L:T205A,1790.308,2,56.56026190247291,0.04,False,3,3,0.0007072103037459,590.1548909138635,cgre132
8922,C196T:C350A:A379G,S65F:N116K:K126R,2047.058,12,56.58411798507981,0.21,False,3,3,0.0037112887410452,590.2162373317632,cgre132
8927,A205G:G388C:C626T,Y68C:G129A,2045.925,10,56.63913487491696,0.31,False,3,2,0.0054732474407423,590.3577776241954,cgre132
8932,A306G:C446G:C448T,N102D:H148Q:A149V,2586.362,20,99.61043449195972,36.23,False,3,3,0.3637169156502814,727.5918763605671,cgre132
8942,T50C:T424G,V141G,2827.273,16,106.4756310087266,39.62,False,2,1,0.3721039229788907,754.4015488937263,cgre132
8951,C165A:T195C:G666A,L55M:S65P:V222I,1834.223,6,58.63787242114353,4.48,False,3,3,0.0764011348812957,595.5596321690849,cgre132
8954,G77A:T190A:A266T,L63Q:Q88H,1711.297,9,67.99197282888517,22.5,False,3,2,0.3309214171005974,621.4466650251059,cgre132
8959,A120T:C320T:A328G:A445G:G578T,T40S:K109R:H148R:E192D,1656.7039999999995,24,56.59613481148594,0.22,False,5,4,0.0038871912495931,590.2471451323005,cgre132
8971,A74G:T213A:A628G,F71I:K209R,1685.927,4,56.577741330776114,0.16,False,3,2,0.0028279672577343,590.1998380077089,cgre132
8973,T192C:C373G:G698A,S64P:T124S,2015.034,6,56.58934156407892,0.08,False,3,2,0.0014136937767585,590.2296720874493,cgre132
8976,C230T:C438A:A555G,P146T:N185D,2031.102,8,56.54851226739672,0.04,False,3,2,0.0007073572477177,590.1246825738338,cgre132
8980,A291G:C331A:G525T,I97V:A110D:G175C,1243.248,13,56.69861124325851,0.42,False,3,3,0.0074075888419566,590.5108898637463,cgre132
8989,A364C:G494A:A501G,N121T:K167E,1822.241,8,56.53494857804742,0.02,False,3,2,0.0003537634773363,590.0898152969227,cgre132
8993,G72A:T594C:G681T,V24I:Y198H:A227S,1910.062,10,56.53114075418602,0.05,False,3,3,0.0008844682653303,590.080027740081,cgre132
8999,G537A:T685A,A179T:V228E,1510.0099999999998,11,56.61021367389107,0.28,False,2,2,0.0049461039241605,590.2833619304105,cgre132
9003,T204C:T552G,Y68H:F184V,1776.8279999999995,4,56.585733687334304,0.04,False,2,2,0.0007068919565666,590.2203927435118,cgre132
9005,T133A:G210A:C374T,I44N:V70M,1862.803,7,56.65077086805847,0.65,False,3,2,0.0114738067998028,590.3877244888521,cgre132
9008,C189A:T192C:G245A:C512T:T566A,L63M:S64P,1798.571,2,56.56629982345122,0.03,False,5,2,0.0005303511117685,590.1704159875586,cgre132
9009,T192A:A322T:C340A:G488A,S64T:D107V:T113K,3438.665,12,121.49157587065147,32.85,False,4,3,0.2703891176370486,817.6662417051409,cgre132
9015,A85T:T204A,K28M:Y68N,2023.824,6,56.55090416855005,0.05,False,2,2,0.0008841591612925,590.13083183143,cgre132
9018,G289A:G326T:A335T:C411T:C548T:G578T,R96H:K111N:E192D,1918.859,2,56.57618472012226,0.04,False,6,3,0.0007070112662753,590.1958349342528,cgre132
9019,T204A:T490C,Y68N:I163T,1794.5359999999998,2,56.55512856646366,0.03,False,2,2,0.0005304558712963,590.1416925999393,cgre132
9020,T425C:C444T,H148Y,1718.0670000000002,8,56.55752721235629,0.17,False,2,1,0.0030057891209016,590.1478596599113,cgre132
9024,G207A:A643G,G69S:D214G,1846.243,9,56.56572992583372,0.04,False,2,2,0.0007071419400482,590.1689505863718,cgre132
9029,G257A:G289T:A304T:T622A,R96L:D101V:F207Y,2413.574,12,56.62024202560757,0.25,False,4,3,0.0044153820445863,590.3091626203781,cgre132
9035,C355T:C547T:C682A,T118I:A182V:A227D,1872.414,11,56.53620574074113,0.06,False,3,3,0.0010612668327114,590.0930467763555,cgre132
9041,T204C:T272C,Y68H,2373.208,6,56.645273164287445,0.2,False,2,1,0.0035307447352216,590.3735748835742,cgre132
9044,A445T:C683T,H148L,1680.761,11,60.43347625766876,12.45,False,2,1,0.2060116473677144,600.3319270131346,cgre132
9051,A81T:C482T:C600T:T677C,M27L:H200Y,1787.044,4,61.40002509020893,10.32,False,4,2,0.1680781072131136,602.9395849584203,cgre132
9059,C55G:A132T,T18S:I44F,1089.179,12,64.2325226035606,18.88,False,2,2,0.293932095996389,610.7375881777529,cgre132
9067,T150A:A163G:T190A,C50S:D54G:L63Q,2265.507,14,75.77135464116866,27.42,False,3,3,0.361878181139208,644.9036457194052,cgre132
9079,G125A:C202T,S67L,2342.94,18,56.55856016072983,0.06,False,2,1,0.0010608473735804,590.1505154826942,cgre132
9088,C12A:C282G,P4T:Q94E,2211.115,8,56.55677961072567,0.07,False,2,2,0.0012376942336852,590.1459375140748,cgre132
9092,T14C:A363G,N121D,2637.22,17,56.54870677198976,0.1,False,2,1,0.00176838703674,590.1251826128733,cgre132
9105,C68G:C539T:C600A:T622A:C704G,H200N:F207Y,2068.154,10,56.5353629974568,0.06,False,5,2,0.0010612826524647,590.090880538048,cgre132
9110,G289T:C683T,R96L,2016.38,4,56.56696740598045,0.04,False,2,1,0.0007071264703465,590.1721325820102,cgre132
9112,A205G:T508A,Y68C:F169Y,2060.194,8,56.52382584123568,0.06,False,2,2,0.0010614992723339,590.0612268143489,cgre132
9116,A379G:C441T:T691G,K126R:P147S:L230W,2082.3920000000003,9,56.55521706605199,0.05,False,3,3,0.0008840917353672,590.1419201346195,cgre132
9121,G125A:G289C,R96P,2265.796,9,56.58143003174083,0.05,False,2,1,0.0008836821545858,590.2093243744905,cgre132
9125,C53T:A54G:A84G:T215A:G289A,T18A:K28E:F71L:R96H,2257.374,6,56.73037496783827,0.32,False,5,4,0.0056407171675035,590.5927026173575,cgre132
9131,T460C:G546A:A640T,L153S:A182T:D213V,2356.943,8,56.55392720190135,0.03,False,3,3,0.0005304671396718,590.1386038838336,cgre132
9135,G207A:G212C:C218T:T396A:C468A,G69S:S132T:R156S,2508.081,12,56.55528726800891,0.04,False,5,3,0.0007072725103568,590.1421006257887,cgre132
9141,A153T:A335G:A471G:A475G:A595G,T51S:K157E:N158S:Y198C,3464.809,10,100.4853689290098,30.35,False,5,4,0.3020340207084422,730.9345157375324,cgre132
9146,T104C:A502G:T659A,K167R,1945.148,4,56.60362813953064,0.05,False,3,1,0.000883335603095,590.2664204275542,cgre132
9148,A25C:A430G:A670T,K8T:Y143C:E223V,2436.9279999999994,18,56.5443786234885,0.04,False,3,3,0.0007074089586578,590.1140559217282,cgre132
9166,T104C:T215C:A399G:A515G:A556G:A601T,N133D:N185S:H200L,2211.923,7,56.58207567394933,0.15,False,6,3,0.0026510162134094,590.2109848368622,cgre132
9169,T214C:C434G:T622A,F71S:H144Q:F207Y,1849.648,13,56.5695994758302,0.15,False,3,3,0.0026516008843953,590.1789007054282,cgre132
9176,G477C:T584A:A670G,G159R:D194E:E223G,2506.153,19,63.14677747515815,11.44,False,3,3,0.1811652226354777,607.7209672655888,cgre132
9185,T195C:A335G:C607T,S65P:T202I,2087.676,4,56.60517860676943,0.14,False,3,2,0.0024732719416462,590.2704089416068,cgre132
9187,A17G:T215A:C548A:C689A,F71L:D229E,2262.6179999999995,6,63.37063478356387,12.46,False,4,2,0.19662103815996,608.3401319675795,cgre132
9190,A555T,N185Y,2217.7900000000004,6,56.7332377686345,0.47,False,1,1,0.0082843852825167,590.6000776804916,cgre132
9199,C193T:C263A:C704A,S64L,2553.141000000001,22,56.544239441020665,0.05,False,3,1,0.0008842633749128,590.113698124131,cgre132
9210,C113T:C446A,H148Q,3786.019,8,112.79046685836748,28.8,False,2,1,0.2553407287174771,780.2358045065909,cgre132
9214,T460C:T593G,L153S,6098.7970000000005,13,148.73732469107208,25.78,False,2,1,0.1733256938266514,948.4903681038659,cgre132
9221,A74T:C288T:T453C:A555T,R96C:Y151H:N185Y,2232.78,6,56.5360985098847,0.06,False,4,3,0.0010612688455944,590.092771142528,cgre132
9224,T190A:T201G:C442G:G523A:C602A:T617A,L63Q:S67A:P147R:G174D:H200Q,2367.625,6,56.65866460553654,0.19,False,6,5,0.0033534147216987,590.4080423776453,cgre132
9227,C20T:T192A:G285A:T318C,S64T:D95N:Y106H,2838.4300000000003,21,56.54479775977338,0.04,False,4,3,0.0007074037150143,590.1151334024798,cgre132
9238,T133C:A555G,I44T:N185D,2654.762,8,56.55888834207294,0.05,False,2,2,0.0008840343483697,590.1513592791812,cgre132
9242,G289A:A640T,R96H:D213V,2811.336,13,56.57140154441119,0.05,False,2,2,0.0008838388060926,590.1835346739776,cgre132
9249,C32T:C121T:C158A:C275A:C288T:T685C,T40I:R96C:V228A,2308.523,12,56.54936127108726,0.04,False,6,3,0.0007073466278115,590.1268652295629,cgre132
9255,C196A:G289T:C420T:T435A,S65Y:R96L:R140C:S145T,2642.4270000000006,25,56.54597433283615,0.12,False,4,4,0.0021221669874086,590.118158066141,cgre132
9266,A129T:A205T:C407T,T43S:Y68F,2463.472,11,56.98361711691875,0.49,False,3,2,0.0085989627333522,591.2460209902408,cgre132
9271,A310G:C432A,D103G:H144N,3161.4619999999995,14,78.396417829108,28.33,False,2,2,0.3613685520906706,653.2123152725048,cgre132
9281,C181A:T427C:T691C,A60D:L142S:L230S,2308.4730000000004,6,56.56686839758789,0.03,False,3,3,0.0005303457810169,590.1718779950531,cgre132
9284,A40T:G75C:G289A:C444T:A511G:G684A,E13V:E25Q:R96H:H148Y:D170G:V228I,2956.675,8,56.60189929661622,0.38,False,6,6,0.0067135556354505,590.2619731318907,cgre132
9288,G207A:G636C,G69S:D212H,2469.955,5,56.57554382245222,0.05,False,2,2,0.0008837740942784,590.1941867838224,cgre132
9291,C181A:A394C,A60D:K131T,2141.33,11,56.67731675730909,0.28,False,2,2,0.0049402479866672,590.4560588302107,cgre132
9298,A363G:A595G,N121D:Y198C,2945.2580000000003,15,56.55157176760746,0.06,False,2,2,0.0010609784684069,590.1325481689677,cgre132
9306,C288A:T610C,R96S:V203A,3452.3540000000003,6,86.92798580947654,29.87,False,2,2,0.3436177627014992,681.5811972613265,cgre132
9309,T204C:C288T:C468A:T612C,Y68H:R96C:R156S:W204R,2737.396,11,56.67172691483949,0.28,False,4,4,0.0049407352703536,590.4416677698816,cgre132
9314,T195C:G317A:G582A,S65P:D194N,9594.361,18,176.0352139828644,33.77,False,3,2,0.1918366174354594,1099.9764006043224,cgre132
9323,C134T:A445T:A559T:C607T:T653C,H148L:K186M:T202I,2382.86,14,56.63569273858559,0.24,False,5,3,0.004237610390108,590.348919558226,cgre132
9330,T213A:C275T:T622C,F71I:F207S,2101.092,12,56.57136889359111,0.04,False,3,2,0.0007070714529683,590.1834507124728,cgre132
9336,G522A:C543T,G174S:H181Y,2483.9510000000005,16,56.937275533868615,1.22,False,2,2,0.0214270877656289,591.1263285642558,cgre132
9344,C446T:A601G:G666A,H200R:V222I,2767.385,12,56.60705873034418,0.09,False,3,2,0.00158990772562,590.2752455771504,cgre132
9354,G26A:A670G,E223G,2741.078,14,67.94268431069916,19.29,False,2,1,0.2839157768890555,621.3036166558875,cgre132
9361,A501G:G609T,K167E:V203L,3070.655,14,56.55003848056282,0.05,False,2,2,0.0008841726963136,590.1286062442836,cgre132
9367,A556T:C697T,N185I:T232M,3319.446,10,76.0887431817901,30.62,False,2,2,0.4024248360476024,645.8976912709691,cgre132
9372,C176A:C188T:T318C:C410T,Y106H,2583.6510000000003,14,56.777694585984136,0.46,False,4,1,0.0081017731233059,590.7146366622617,cgre132
9379,C68A:T389C:T424A:C482T:G537T,V141D:A179S,2612.5030000000006,23,56.564458991926166,0.06,False,5,2,0.0010607367429884,590.1656826158121,cgre132
9390,A399T:C444T,N133Y:H148Y,2841.827,18,56.64400049487043,0.39,False,2,2,0.0068851069238183,590.370299501577,cgre132
9399,A54G:A205G:T220A:G570A,T18A:Y68C:F73Y:A190T,2334.05,3,56.644919824809165,0.2,False,4,4,0.0035307667592885,590.3726655132602,cgre132
9401,A291C:T370C:A501G:A606G:C616A,I97L:V123A:K167E:T202A:T205N,2792.184,18,56.55015140798659,0.07,False,5,5,0.0012378393029397,590.1288965668416,cgre132
9410,T192C:T690A,S64P:L230M,2904.0260000000003,11,56.54113252502974,0.04,False,2,2,0.0007074495719075,590.1057112947004,cgre132
9415,A123T:A601T:T610C:C635T,T41S:H200L:V203A,2421.526,10,56.52639102681823,0.03,False,4,3,0.0005307255505798,590.0678197247195,cgre132
9420,C197A:A406T:G492A,N135I:E164K,2343.5440000000003,13,56.59120444632215,0.09,False,3,2,0.0015903531455204,590.2344635096151,cgre132
9433,C165A:A310G:C545T,L55M:D103G,5797.282000000001,16,127.77500873239607,33.37,False,3,2,0.2611621813299032,846.0116282696122,cgre132
9441,T460C:A601G,L153S:H200R,2811.691,8,56.53743212597352,0.05,False,2,2,0.0008843698434798,590.0961991880905,cgre132
9445,C193T:G437A,S64L,2664.101,20,56.548170424627976,0.05,False,2,1,0.0008842019047573,590.1238037554589,cgre132
9455,C288T:C404T,R96C,2720.641,8,56.51967648316258,0.05,False,2,1,0.000884647668054,590.05056274971,cgre132
9459,C202T:C407T:A608T,S67L,3010.077,15,56.56821997845953,0.08,False,3,1,0.0014142216253306,590.1753534307597,cgre132
9466,C185T:C206T:C269T:A501G,K167E,2370.485,8,56.60107491455986,0.1,False,4,1,0.0017667508991825,590.2598525125377,cgre132
9470,C282G:A291G,Q94E:I97V,2892.589,9,56.56921563431892,0.09,False,2,2,0.0015909713258495,590.1779136800249,cgre132
9474,A291G:A294G:A348T:C444T,I97V:I98V:N116Y:H148Y,2504.894,17,56.56528038392035,0.07,False,4,4,0.0012375082298699,590.167794667433,cgre132
9483,A544T:A678G,H181L:K226E,3086.631,8,56.56355034991177,0.13,False,2,2,0.0022982998626464,590.1633462404327,cgre132
9487,C197A:A319G:G582T,Y106C:D194Y,2586.1170000000006,9,56.5061008806518,0.05,False,3,2,0.0008848602048406,590.0156762547967,cgre132
9491,A35G:A310G:T594A,D103G:Y198N,3344.251,17,56.558474844996326,0.04,False,3,2,0.0007072326492116,590.1502961254728,cgre132
9499,A34G:A266G:T325A,E11G:V108E,2813.173,13,56.60062849212368,0.21,False,3,2,0.003710206151319,590.2587041551243,cgre132
9506,C288T:A700T,R96C:Y233F,2906.728,8,56.51583497974537,0.02,False,2,2,0.000353883119787,590.0406903345732,cgre132
9510,T318C:C404T:G636A,Y106H:D212N,2903.391,10,56.58010620632775,0.06,False,3,2,0.001060443396504,590.205919798802,cgre132
9523,A240G:T325A,I80V:V108E,2818.103,11,56.57218847608716,0.13,False,2,2,0.0022979489304174,590.1855582762712,cgre132
9529,G77T:C323A:T460C:C702T,E25D:D107E:L153S:R234C,3014.43,6,56.56490422739154,0.06,False,4,4,0.0010607283936838,590.1668274507864,cgre132
9532,C446G,H148Q,5125.515999999999,12,115.92118046765562,27.38,False,1,1,0.2361949722176921,793.459247960072,cgre132
9538,T150A:C549G,C50S:Q183E,2940.5109999999995,8,56.553624647739625,0.04,False,2,2,0.0007072933034646,590.137826021743,cgre132
9542,G210A:C218T:C263A:A361G:A501C,V70M:Y120C:K167Q,3020.0509999999995,12,60.82734560045294,8.87,False,5,3,0.1458225722730526,601.3912731397223,cgre132
9548,A42T:C288T,I14F:R96C,3354.32,8,56.55498312729534,0.14,False,2,2,0.0024754670987149,590.1413186726545,cgre132
9552,G203A:T211C:C374T:A394G:T535A,V70A:K131R:M178K,3155.298,12,56.50112271003505,0.0,False,5,3,0.0,590.0028847297463,cgre132
9558,C196T,S65F,9137.756,22,56.59319124909981,0.22,False,1,1,0.0038873934327479,590.2395737727219,cgre132
9562,C189A:C350G:G503A:T691C,L63M:N116K:L230S,2801.661,8,56.56117368164897,0.02,False,4,3,0.0003535994516763,590.1572352684688,cgre132
9566,C158T:C181A,A60D,3176.6540000000005,11,56.74016103489505,0.59,False,2,1,0.0103982785603507,590.617914181951,cgre132
9572,A25G:C314T:C540T:A556T,K8R:R180C:N185I,3654.201,17,56.545577425576695,0.05,False,4,3,0.0008842424514243,590.1171377161892,cgre132
9580,A16T:A81T:T204C:T272C:C521T:C561T,E5V:M27L:Y68H:P187S,2651.773,8,56.58864883255677,0.13,False,6,4,0.0022972805091117,590.2278903746511,cgre132
9584,C549G:G575T,Q183E:W191C,2712.785,10,56.57945658934575,0.04,False,2,2,0.0007069703813226,590.204249151417,cgre132
9590,T424A,V141D,2843.745,6,56.586106628924256,0.03,False,1,1,0.0005301654732447,590.2213519198164,cgre132
9593,G312A:A393G:A398C:C538T,G104S:K131E:A179V,3090.8170000000005,21,56.63667777850895,0.25,False,4,3,0.0044141007171657,590.3514544454129,cgre132
9604,T5C:T460C,L153S,6807.611000000001,13,134.06849264992036,27.77,False,2,1,0.2071329322133353,875.5028801257703,cgre132
9615,A183G:T190A:A356G,T61A:L63Q,3311.568,6,56.54985703531108,0.04,False,3,2,0.0007073404266083,590.1281397715702,cgre132
9623,C244A:A319G:A606T,A81E:Y106C:T202S,3621.021999999999,6,56.59370711636964,0.12,False,3,3,0.0021203770898635,590.2409006557258,cgre132
9630,T409A:A501G:C571T,I136N:K167E:A190V,2986.915,21,56.57389180543183,0.18,False,3,3,0.0031816796450746,590.1899384656737,cgre132
9638,T190A:C234T:C596T,L63Q:R78C,3589.635,8,71.57939945789367,24.25,False,3,2,0.3387846249571425,632.0468300970394,cgre132
9642,T204C,Y68H,3830.065,8,56.536065530351706,0.03,False,1,1,0.0005306347323354,590.0926863696558,cgre132
9646,T5C:T31A:T103G:A205G:C569T:C704T,F10Y:V34G:Y68C,3884.001,15,56.65287681812013,0.32,False,6,3,0.0056484333713067,590.3931448689864,cgre132
9653,T195C:C682G,S65P:A227G,3387.099,9,56.57302263571819,0.1,False,2,2,0.0017676269596537,590.1877033453969,cgre132
9657,T201G:A408T:C590A,S67A:I136F,3771.44,8,56.548729882236174,0.03,False,3,2,0.0005305158942115,590.1252420255561,cgre132
9661,A85T:C288T:C374T,K28M:R96C,4421.870999999999,20,56.541056420172936,0.05,False,3,2,0.0008843131551776,590.1055156584009,cgre132
9671,T5A:A226T:T476A:A501G:G624A,K75I:N158K:K167E:G208S,3328.1990000000005,8,56.55373158181423,0.04,False,5,4,0.0007072919660859,590.1381009472974,cgre132
9675,A34T:C444T:T552C,E11V:H148Y:F184L,3663.521,15,56.559826035515975,0.06,False,3,3,0.0010608236305805,590.153770227042,cgre132
9682,G21T:T116G:C263T:A501G:T509A:C562T,A7S:D38E:K167E:F169L:P187L,3524.3559999999998,17,56.85735394546548,0.35,False,6,5,0.0061557560405589,590.9200516458554,cgre132
9694,C600T:G611C,H200Y,3475.753,10,67.66475933425305,21.55,False,2,1,0.3184818835096488,620.4983196179321,cgre132
9699,C181A:G494A,A60D,3612.655,10,56.56925105512544,0.05,False,2,1,0.0008838724053687,590.1780047623226,cgre132
9704,T44A:C230T:A359G:A501G,K167E,4276.535,12,56.643842308444846,0.25,False,4,1,0.0044135424048154,590.3698923913188,cgre132
9710,C139T:A205G:A354G:C540T:C603T,A46V:Y68C:T118A:R180C,3374.6870000000004,6,56.57060115127251,0.03,False,5,4,0.0005303107866889,590.1814764739097,cgre132
9713,T464A:A501G,K167E,3612.876999999999,10,56.56009328278229,0.07,False,2,1,0.0012376217212023,590.15445736379,cgre132
9718,T91A:T192C:T389C:C682T,I30N:S64P:A227V,3621.444,8,56.56182886136318,0.04,False,4,3,0.000707190711567,590.1589198728719,cgre132
9722,G117A:C237T:G289A:G647T,A39T:H79Y:R96H:E215D,4178.819,22,56.68038423636044,0.35,False,4,4,0.006174975782459,590.463956447782,cgre132
9733,T192C:A486G:C524G,S64P:K162E,3431.416,13,56.55676645843282,0.05,False,3,2,0.0008840675153652,590.1459036985841,cgre132
9739,A34T:T192C:G341A:A430T,E11V:S64P:Y143F,3553.0959999999995,2,56.55434655255655,0.03,False,4,3,0.0005304632062563,590.1396820323198,cgre132
9740,T192C:T584A,S64P:D194E,4061.891000000001,14,56.55011708481896,0.05,False,2,2,0.0008841714673199,590.1288083261475,cgre132
9747,A310G:A471G,D103G:K157E,3859.392,17,66.40861668741654,17.27,False,2,2,0.2600566140579226,616.886478720285,cgre132
9755,T103A:C121A:T211C:T491C:T509C:C600T,V34D:T40N:V70A:H200Y,3779.261,8,56.760123548807215,0.39,False,6,4,0.0068710209847349,590.6693516842984,cgre132
9759,C287T:C374T:A445T,H148L,3804.575,21,65.74823158508764,15.54,False,3,1,0.2363561669318666,615.0059617939228,cgre132
9769,C68T:T192A:C448T:C540T,S64T:A149V:R180C,3688.250000000001,14,57.39611406742725,2.89,False,4,3,0.0503518408337699,592.3141863058028,cgre132
9776,C20T:T133A:A393C:T459A:T685C,I44N:K131Q:L153M:V228A,3547.446999999999,20,56.53653708579153,0.03,False,5,4,0.0005306303064596,590.0938984913795,cgre132
9787,A36G:C288T:C302T:A335C:A348G:C564T,K12E:R96C:K111N:N116D:L188F,3526.272,6,56.52906257968914,0.03,False,6,5,0.00053070046859,590.0746862187003,cgre132
9790,A493G:T699C,E164G:Y233H,3554.598,17,56.6066430026814,0.25,False,2,2,0.0044164427837234,590.2741761049685,cgre132
9798,C282G,Q94E,3810.136,10,56.70893495768143,0.26,False,1,1,0.0045848154297735,590.5374770829967,cgre132
9803,T192C:C563T,S64P,3935.569,10,56.53799199132769,0.03,False,2,1,0.0005306166516243,590.0976383312978,cgre132
9808,G33A:A35G:T190A:A283T:G299T:T429C,E11K:L63Q:Q94L:Y143H,4079.772,6,56.53712130121029,0.05,False,6,4,0.0008843747054898,590.0954002118074,cgre132
9811,A501G:T565A,K167E:L188H,3508.237,6,56.55855788079224,0.03,False,2,2,0.0005304237081721,590.1505096206921,cgre132
9814,G299A:A670T,E223V,3797.227,16,56.55649936462789,0.05,False,2,1,0.0008840716904637,590.1452169822952,cgre132
9822,C176T:C185T:T318C,Y106H,4427.311999999999,16,56.60229742284756,0.09,False,3,1,0.0015900414664736,590.262997268732,cgre132
9830,A319G:C557T:A577T:G611T,Y106C:E192V,4071.049,10,56.5748072930767,0.11,False,4,2,0.0019443283196735,590.1922927189918,cgre132
9835,C202T:T690G,S67L:L230V,4130.251,14,56.59531310492781,0.17,False,2,2,0.0030037823041074,590.2450315332815,cgre132
9842,A205G:T300C:A485G,Y68C:F100L,4135.858,21,56.56010356033615,0.17,False,3,2,0.0030056522053332,590.1544837891156,cgre132
9853,A97T:G162A:C237A:C288T,K32M:D54N:H79N:R96C,4322.983,17,56.541046257840776,0.06,False,4,4,0.0010611759769422,590.1054895349683,cgre132
9861,T5C:T204C:A686T,Y68H,4091.676,4,56.55275977513188,0.03,False,3,1,0.0005304780901814,590.1356024622936,cgre132
9863,T435A:C600T:A637G,S145T:H200Y:D212G,4627.340999999999,21,56.55191772024127,0.1,False,3,3,0.0017682866299016,590.1334375873913,cgre132
9872,A310G:C603T:A695G,D103G,7106.521999999998,27,108.7384731306188,33.14,False,3,1,0.3047679358178184,763.5298741678218,cgre132
9885,T148C:C600T,I49T:H200Y,4241.2480000000005,14,56.57260362263212,0.25,False,2,2,0.0044191001295896,590.1866258368311,cgre132
9892,T219C:C288T,F73L:R96C,4251.089,10,56.567450998736746,0.05,False,2,2,0.0008839005314401,590.1733760807824,cgre132
9897,T460C:A511G:A695G,L153S:D170G,12923.736,26,154.74987138424862,26.18,False,3,2,0.1691762310741717,980.1149321850022,cgre132
9910,G289T:C293T,R96L,5030.878999999999,14,56.58312085587703,0.14,False,2,1,0.002474236095188,590.2136728610628,cgre132
9917,G338T:C432G:T476A:G504A:G551T:A556T:A695T,H144D:N158K:A168T:Q183H:N185I:E231D,4399.635,6,56.577335373690985,0.06,False,7,6,0.0010604953309254,590.198794017281,cgre132
9920,T44C:T204A:G245T:T483C,Y68N,4200.719999999999,8,56.58006948314117,0.13,False,4,1,0.0022976288503628,590.2058253559068,cgre132
9924,A35T:C122T:C275T:A670G,E11D:E223G,5221.005,18,67.95315077016404,16.15,False,4,2,0.237663740635422,621.3339872254346,cgre132
9933,G419A:T424C:T459A:C538T,M139I:V141A:L153M:A179V,4529.857,15,56.56493607622809,0.07,False,4,4,0.0012375157625152,590.1669093439943,cgre132
9941,C47T:T192C:C206T,S64P,4639.644000000001,16,56.62273189655061,0.23,False,3,1,0.0040619728560643,590.3155689514175,cgre132
9949,C27T:A511G:A670T,D170G:E223V,4416.023,18,56.56127332303739,0.04,False,3,2,0.0007071976575129,590.1574914665619,cgre132
9959,G380A:C439A:C543T:A606T,P146Q:H181Y:T202S,4704.246999999999,12,56.58560140368176,0.12,False,4,3,0.0021206808273348,590.2200525213821,cgre132
9965,T213C:A225G:T412C:A496G:C545T,F71L:K75E:L137P:Y165C,4755.645,11,56.58146934138687,0.27,False,5,4,0.0047718803195255,590.2094254706752,cgre132
9970,T14A:A225G:C288T:A359G:C373A:A534G,K75E:R96C:T124N:M178V,5064.645,18,56.61591087180019,0.14,False,6,4,0.0024728031015347,590.2980191778732,cgre132
9979,G180A:T211C:C263A,A60T:V70A,4844.19,10,56.614021412866734,0.19,False,3,2,0.0033560590690845,590.2931580400636,cgre132
9984,A153C:G200A:T214C:C288T,T51P:F71S:R96C,5188.212,14,56.58023442660102,0.24,False,4,3,0.004241763973448,590.2062495497381,cgre132
9991,G210A:T459A:A678G,V70M:L153M:K226E,4907.859,13,56.54415098310457,0.03,False,3,3,0.000530558854955,590.1134707248794,cgre132
9998,T292C:T464C:A601G,I97T:H200R,4891.443,16,56.69049187322501,0.37,False,3,2,0.0065266676610853,590.4899817925875,cgre132
10006,G126A:A156T:A205G:G369A,G42S:T52S:Y68C:V123I,4483.847,17,56.56912906943472,0.1,False,4,4,0.0017677486227029,590.177691084215,cgre132
10015,A54T:G289T,T18S:R96L,4821.005999999999,6,56.560826900498846,0.03,False,2,2,0.0005304024294548,590.1563436264904,cgre132
10018,C331A:G367A:A556T,A110D:R122H:N185I,4983.726000000001,11,56.558016598454245,0.05,False,3,3,0.0008840479742241,590.1491179210012,cgre132
10024,G33A:T224C:C543T:C545T,E11K:H181Y,5451.120999999999,14,71.29706550407543,24.41,False,4,2,0.3423703321787443,631.1991141469633,cgre132
10031,A35T:A408T,E11D:I136F,5050.763,19,65.21629052371924,15.43,False,2,2,0.2365973267735626,613.5003867353121,cgre132
10040,C9A:C154G:G222A:C288T:G461A,L3I:T51S:A74T:R96C,4463.150000000001,14,56.56713494234144,0.05,False,5,4,0.0008839054700395,590.1725633802046,cgre132
10056,T213A:C323T:A449T:G613T,F71I:W204L,4594.731000000001,8,56.58825864304931,0.05,False,4,2,0.0008835755190028,590.2268868092674,cgre132
10060,T104A:T204C:A227T:C311T,Y68H:K75N,4815.067999999999,6,60.61157499560907,9.82,False,4,2,0.1620152586483918,600.8103809002065,cgre132
10064,A120G:C438T:C444G:G503A:A670G,T40A:P146S:H148D:E223G,4865.417,10,56.73949237755178,0.37,False,5,4,0.0065210311988336,590.6161914503789,cgre132
10069,T215A:C263G:A304T:C323T:T691C,F71L:D101V:L230S,5544.409,21,56.55353859650782,0.06,False,5,3,0.0010609415695113,590.1376047858382,cgre132
10079,A283T,Q94L,5068.307,12,66.2168054000033,19.56,False,1,1,0.2953932899940084,616.3389745126608,cgre132
10085,C60A:T360A:A408G:A501G,L20M:Y120N:I136V:K167E,4795.982,17,56.71113650780041,0.26,False,4,4,0.0045846374453144,590.5431472555139,cgre132
10093,T192C:C385T,S64P:T128I,5587.052,18,56.57720845663457,0.13,False,2,2,0.0022977450380861,590.1984676286133,cgre132
10102,T82C:G162A:T453G:T517C,M27T:D54N:Y151D:L172P,5370.734,20,56.54978386876503,0.04,False,4,4,0.0007073413417958,590.1279516699378,cgre132
10111,T150A:G289T,C50S:R96L,5826.280000000001,18,56.57009090294586,0.06,False,2,2,0.001060631139924,590.1801643870197,cgre132
10120,A283T:G520A,Q94L:G173D,5006.935,14,75.67300752434143,25.53,False,2,2,0.3373726092727036,644.5962155161171,cgre132
10126,T204C:A261G:T593C,Y68H:T87A,5406.2080000000005,11,56.6039411341325,0.22,False,3,2,0.0038866551620261,590.2672255878246,cgre132
10131,A319T:C563T:C600T,Y106F:H200Y,5009.085,2,56.57843782384872,0.03,False,3,2,0.000530237333406,590.2016291739867,cgre132
10132,G200C:T464A:T509C:A559G:T610G,K186R:V203G,5505.843,22,56.58476082072467,0.08,False,5,2,0.0014138082204404,590.2178906265246,cgre132
10142,T204C:A472T,Y68H:K157M,4856.742999999999,8,56.59431227291408,0.04,False,2,2,0.0007067848056375,590.2424572131539,cgre132
10146,G284T:A581T,Q94H:E193D,5455.079,16,65.78245127993134,19.72,False,2,2,0.2997759982534446,615.1030957962208,cgre132
10154,C154T:G289A:C668T,T51I:R96H,5684.454999999999,12,56.5439814668099,0.03,False,3,2,0.0005305604455464,590.1130349490452,cgre132
10160,C184T:T192C:G671A,T61I:S64P,6307.558000000001,28,56.56395678154988,0.13,False,3,2,0.0022982833485652,590.164391288049,cgre132
10174,T148A:G284T:T509C,I49N:Q94H,6004.704,20,56.617150349273246,0.29,False,3,2,0.005122122858727,590.301208121243,cgre132
10184,A595G:T667C,Y198C:V222A,6292.074,22,61.48106700375577,9.18,False,2,2,0.1493142596149024,603.1594614421099,cgre132
10195,C152T:T427C:T435A:G447A:G541A,L142S:S145T:A149T:R180H,7681.611999999999,9,94.69629147086935,35.09,False,5,4,0.3705530539260289,709.2210032035032,cgre132
10199,G137A:C202T:C506A,S67L,5417.704000000001,19,56.585729608422426,0.06,False,3,1,0.0010603380112831,590.2203822528951,cgre132
10209,G289A:A291T:A348G,R96H:I97F:N116D,11176.116999999998,22,111.5606056415228,32.04,False,3,3,0.287198154005671,775.1164222313,cgre132
10220,A163T:C260A:C431T:A501G:T594C,D54V:K167E:Y198H,6112.068000000001,20,56.64611679793728,0.24,False,5,3,0.0042368305819815,590.3757461116448,cgre132
10230,C401T:T517C:A606G:C689T,L172P:T202A,6905.183000000001,23,73.67016591134168,25.6,False,4,2,0.3474948058459418,638.3959658388143,cgre132
10241,G125A:T204C,Y68H,6359.012999999999,12,56.742802390971015,0.25,False,2,1,0.004405845137458,590.624719510109,cgre132
10247,A120G:T211C:G533T,T40A:V70A:Q177H,6152.486000000001,18,56.688747267258215,1.2,False,3,3,0.0211682222283484,590.4854895338833,cgre132
10265,A123T:T204A:C302T,T41S:Y68N,6735.245999999999,16,56.717973213419945,0.33,False,3,2,0.005818261501663,590.5607563397933,cgre132
10273,G203A:T252G:A265T:C288A:A675G,F84V:Q88L:R96S:I225V,6444.395,10,56.56686306054574,0.05,False,5,4,0.0008839097184244,590.1718642715648,cgre132
10285,A502G,K167R,6680.353000000001,22,56.58438929722571,0.15,False,1,1,0.0026509078186225,590.2169351119958,cgre132
10296,C20T:T204C:C641T,Y68H,7600.53,12,56.57495946394548,0.07,False,3,1,0.0012372965118005,590.1926840415193,cgre132
10302,C288T:G578T,R96C:E192D,7171.654,12,56.63705012224634,0.2,False,2,2,0.0035312573583602,590.3524126366473,cgre132
10308,A97T:T204C,K32M:Y68H,7306.304999999999,17,56.5387320051693,0.04,False,2,2,0.0007074796087811,590.0995405632007,cgre132
10326,G62A:A205T:T426C:T594A,Y68F:Y198N,7893.377000000001,20,56.60057901243143,0.16,False,4,2,0.0028268262055209,590.2585768761005,cgre132
10336,T396C:A502G,S132P:K167R,7902.849,18,56.565181496099896,0.05,False,2,2,0.0008839359952101,590.1675403953707,cgre132
10344,C60T:C80A:G138A:C287G:G289C,A46T:D95E:R96P,8261.894,33,56.56164351063997,0.05,False,5,3,0.0008839912862608,590.1584432960354,cgre132
10361,G15A:G72A:A310G,E5K:V24I:D103G,8607.376999999999,24,69.8732612975327,23.41,False,3,3,0.3350351703252562,626.9591591456727,cgre132
10373,G289A:A572G,R96H,7962.025999999999,16,56.63819688979177,0.39,False,2,1,0.0068858124272365,590.3553637593523,cgre132
10393,A90G:A120T:C244G:T610C,I30V:T40S:A81G:V203A,9354.0,28,73.06034814276215,29.01,False,4,4,0.397069008531325,636.5310832443867,cgre132
10407,C288A,R96S,20575.41,47,61.78644613423591,12.74,False,1,1,0.2061940894338112,603.9897051790974,cgre132
10417,C288T:T483A,R96C:L161I,8518.705000000002,16,56.6257773226408,0.23,False,2,2,0.00406175439658,590.3234049475262,cgre132
10425,G15A:T82C:A123T:T211G:C269T:C547T,E5K:M27T:T41S:V70G:A182V,7868.405000000002,11,57.96353288631526,4.34,False,6,5,0.074874663152643,593.7916176833297,cgre132
10447,T224C:C233T:G289A:C302T:T690A,R96H:L230M,9577.994,29,56.56251437418921,0.06,False,5,2,0.0010607732110894,590.1606824834515,cgre132
10462,T213C:A529G:C600T,F71L:H176R:H200Y,9320.212,26,56.66223300491925,0.18,False,3,3,0.0031767191382022,590.4172277659943,cgre132
10475,T116C:A319G,Y106C,10500.936000000002,27,56.60817204094543,0.19,False,2,1,0.003356405853603,590.278109627662,cgre132
10489,G447A:C482A:A502G,A149T:K167R,9824.410999999998,24,56.57851701846675,0.08,False,3,2,0.001413964243246,590.201832839117,cgre132
10500,A35G:T192C,S64P,10693.951999999996,24,56.565990817038255,0.09,False,2,1,0.0015910620268476,590.1696214254837,cgre132
10512,G289A:A695G,R96H,9727.937000000002,18,56.913244618072575,1.87,False,2,1,0.0328570267351474,591.0642854226255,cgre132
10521,C198A:C368T:A501G,L66M:K167E,11156.544999999998,22,56.60449315379848,0.23,False,3,2,0.0040632816793372,590.2686456330192,cgre132
10532,T104C:A449T:A670G,E223G,12281.831000000004,51,64.01743269597955,12.43,False,3,1,0.1941658619618564,610.1372699357366,cgre132
10569,T190A:T459A:T667C,L63Q:L153M:V222A,13483.774,20,65.02555307118388,14.63,False,3,3,0.2249884746690958,612.9625310513404,cgre132
10579,C92T:C288T:C441T:G579A,R96C:P147S:E193K,12478.318,30,56.61012381840339,0.18,False,4,3,0.0031796432839011,590.2831307657239,cgre132
10595,A319G:G380C,Y106C:K126N,14601.569999999996,25,56.55535750243735,0.04,False,2,2,0.000707271632016,590.1422812005867,cgre132
10622,T497C:C543T:T617A,H181Y,17661.407000000003,39,73.86115875999543,28.99,False,3,1,0.3924931653753247,638.9822443915393,cgre132
10640,T297A:C438T:A501G:A559T:T612C:C626T,S99T:P146S:K167E:K186M:W204R,17914.682,33,56.62339628334961,0.31,False,6,5,0.0054747687413295,590.3172784206505,cgre132
10656,C234T:C288T:A601T:C697T:A700T,R78C:R96C:H200L:T232M:Y233F,16847.822,38,56.61115751879364,0.21,False,5,5,0.0037095160954849,590.2857901058468,cgre132
10675,C209A:C557T:C607T:T685A,T202I:V228E,19836.462000000007,42,69.75830208432056,23.17,False,4,2,0.3321468457187102,626.6193754010468,cgre132
10695,A472G,K157R,17787.047000000006,57,1899.9065006186297,88.07,False,1,1,0.0463549127135064,35422.016961215006,cgre132
10712,G684A,V228I,10335.847,20,1968.4700800332569,42.56,False,1,1,0.0216208518644494,37102.23229608763,cgre132
10720,G59A:T110C,wt,11823.974,12,1947.6365601450036,49.82,False,2,0,0.0255797210934933,36594.59390776408,cgre132
10726,T429C:T491C,Y143H,5970.689,8,2017.1299029655024,55.03,False,2,1,0.027281336674994,38276.78576983023,cgre132
10730,C539T:G546A:T553C:A608T,A182T:F184S,2448.7270000000003,10,1912.750824085723,59.6,False,4,2,0.0311593121537345,35738.79393113697,cgre132
10735,T389C,wt,4115.957,12,2027.6320116460963,45.13,False,1,0,0.0222574903832584,38528.090492779906,cgre132
10741,T148A:G447A,I49N:A149T,3244.397,12,1852.0713649767652,89.76,False,2,2,0.0484646551409351,34235.14403434755,cgre132
10747,G69A:A356T:C682T:C704T,D23N:A227V,1810.762,8,1825.1725244720749,77.65,False,4,2,0.0425439233600451,33563.34804967173,cgre132
10751,G375A:G415T:T621G,V125M:G138V:F207V,2304.011,23,969.4169123345376,116.97,False,3,3,0.1206601602589275,12718.743895159603,cgre132
10763,C13T:C168G,P4L:P56A,3309.195,15,1704.612302002027,58.73,False,2,2,0.0344535821611887,30524.30787101005,cgre132
10770,T371C:C702T,R234C,4172.634,10,1844.6422806272788,48.83,False,2,1,0.0264712570631283,34049.894395394345,cgre132
10775,C20T:C113T:A156G,T52A,10161.340000000002,43,1838.814857400832,103.71,False,3,1,0.0564004579267943,33904.424642900034,cgre132
10815,T82C:A226T,M27T:K75I,3464.96,11,1666.9203774915666,43.18,False,2,2,0.0259040567162413,29568.18883678278,cgre132
10820,G138A:A153G,A46T:T51A,10144.963,32,1169.9417710974865,84.37,False,2,2,0.0721147001366188,17233.740972658976,cgre132
10835,G428C:C644T,L142F,2557.621,13,1944.8727678452185,63.29,False,2,1,0.0325419744912778,36527.05044752677,cgre132
10841,G523A,G174D,6497.614000000001,27,1936.5972617651184,58.19,False,1,1,0.0300475484236523,36324.53717944093,cgre132
10853,C122G:C516A,L172M,3739.302,10,1940.068197602205,58.85,False,2,1,0.0303339852035792,36409.524891537556,cgre132
10858,A153C:A475G,T51P:N158S,1796.0879999999995,5,1655.1406440056912,86.44,False,2,2,0.0522251690894388,29269.097381004314,cgre132
10861,T479C:G546A,A182T,4217.354,12,1995.4676456450168,52.66,False,2,1,0.0263898039714786,37755.90952476264,cgre132
10867,G369A,V123I,11045.108000000002,32,1843.552690593168,57.34,False,1,1,0.0311029895118162,34022.705468323395,cgre132
10881,G351A:A399G:C592T,G117S:N133D:P197L,6837.877,26,1857.6571735011416,66.85,False,3,3,0.0359861878464944,34374.27665319291,cgre132
10894,C8A,wt,8298.447,17,2003.3343945863155,52.53,False,1,0,0.0262212839463814,37945.45257830427,cgre132
10915,G78T:C233T:C362T,G26C,1697.326,6,1752.8202101127863,91.87,False,3,1,0.0524126772785718,31743.949146875395,cgre132
10918,G39A:C124T:C176T:A378G,E13K:T41M:K126E,2660.175,8,1408.5136074048146,62.83,False,4,3,0.0446073077815444,23035.121597037734,cgre132
10923,A372T,T124S,4443.487,12,2022.985985693648,46.58,False,1,1,0.0230253695919838,38417.01658704007,cgre132
10929,T566A,wt,5754.936,23,2012.814644840564,70.43,False,1,0,0.0349908026457045,38173.29130709558,cgre132
10935,T297A:A454T,S99T:Y151F,1751.875,4,1489.6152051905835,58.93,False,2,2,0.0395605521443777,25071.857630331808,cgre132
10937,A34G:C547T:T585C:C635A,E11G:A182V:Y195H,918.704,8,1490.6636938293984,105.45,False,4,3,0.0707403020792082,25098.317717763737,cgre132
10941,G59T:C113T,E19D,3827.349,14,1961.3614474463711,43.96,False,2,1,0.0224130029970939,36929.32410387152,cgre132
10955,A54T:C260A:T612C,T18S:W204R,2550.4390000000003,13,1368.405674789749,62.43,False,3,2,0.0456224357660546,22036.99635106697,cgre132
10962,T389A:C644T,wt,5643.6500000000015,14,1997.9219248926115,60.02,False,2,0,0.030041213949452,37815.08969474467,cgre132
10969,C209A,wt,5079.928999999999,14,2019.9014665348727,49.03,False,1,0,0.0242734612615092,38343.185583481965,cgre132
10972,C121G,T40S,6131.478000000001,14,1992.6103743201509,49.97,False,1,1,0.0250776572500025,37686.95963120082,cgre132
10981,A304T,D101V,1260.936,5,1760.982612694683,49.23,False,1,1,0.0279559830092061,31949.961433872435,cgre132
10988,A40G:C365T:C590A,E13G,3806.814,15,1905.7465409067584,59.78,False,3,1,0.0313682846678848,35566.1559062842,cgre132
10995,A322G:A474T,D107G:N158Y,2126.783,11,1815.917272412421,128.51,False,2,2,0.0707686423563096,33331.55549797227,cgre132
11000,G72T:C602T,V24L,3606.042,14,1890.527073185202,61.14,False,2,1,0.0323401874890847,35190.157558021,cgre132
11007,G29C:G270A,D90N,4823.197,14,1969.434039767542,35.94,False,2,1,0.0182488975382197,37125.654602770956,cgre132
11014,G41A:G513A:C548A,V171I,2699.985,10,1940.656950862548,65.75,False,3,1,0.0338802795469733,36423.93383218588,cgre132
11019,T594C,Y198H,10655.685,18,985.2535910410866,42.95,False,1,1,0.0435928378140861,13059.488420762027,cgre132
11034,C154T,T51I,8164.151,26,1935.5085218992656,50.19,False,1,1,0.0259311697324638,36297.86435187375,cgre132
11042,G303A:C441G:G469A,D101N:P147A:R156H,141.206,4,1248.7197133591103,80.87,False,3,3,0.0647623314782595,19108.64555155407,cgre132
11045,T219G:A322T:T621A,F73V:D107V:F207I,56.276,2,965.37925796579,113.33,False,3,3,0.1173942769796034,12632.35429664684,cgre132
11049,C134A:T201A,S67T,3563.26,18,2043.513333837962,61.69,False,2,1,0.0301882052729936,38906.53615145201,cgre132
11058,T455C:A534G:C635T,M178V,1971.121,2,1830.494200174512,7.2,False,3,1,0.0039333640059135,33696.482406436364,cgre132
11059,G69T:G143A,D23Y,5205.341,28,1919.9148624344764,50.31,False,2,1,0.0262042869631241,35915.09721311399,cgre132
11073,T685C,V228A,10133.865000000002,29,1422.3534936747603,128.68,False,1,1,0.090469774618084,23381.097093734043,cgre132
11078,T10C:G210A:A637G,L3P:V70M:D212G,1704.7389999999998,6,1095.759854976872,80.97,False,3,3,0.0738939281561004,15515.94296844907,cgre132
11081,A261T:A499G:C616G,T87S:N166S:T205S,2240.791,6,1644.4863526827628,68.09,False,3,3,0.0414050258847816,28998.51148614816,cgre132
11085,G19A:C53T:G330T,G6D:A110S,5528.0390000000025,18,1773.112864570239,72.03,False,3,2,0.0406234715450324,32255.802811423942,cgre132
11094,A225G:A328G,K75E:K109R,6986.523999999999,24,1886.5270357288207,42.39,False,2,2,0.0224698608592288,35091.14325962412,cgre132
11106,C9T,L3F,5884.165999999999,24,1972.4113671055468,42.09,False,1,1,0.0213393619109819,37197.96001383314,cgre132
11115,A240T:T617A,I80F,5462.543000000001,21,1852.704604609236,52.17,False,2,1,0.0281588332377483,34250.92361867171,cgre132
11126,A361G:C569T:C635T,Y120C,2908.4370000000004,10,1871.0609027006,70.89,False,3,1,0.0378875962282578,34707.58127865178,cgre132
11131,G69A:G235A,D23N:R78H,4063.302,14,1999.555820412973,51.5,False,2,2,0.0257557200825549,37854.46472090133,cgre132
11138,C165A:C287T,L55M,8102.554,21,1970.175828597883,42.22,False,2,1,0.0214295594267069,37143.6745383546,cgre132
11148,C206T:C237T:T527C,H79Y,3149.6649999999995,9,1835.8788420014716,60.41,False,3,1,0.0329052215309269,33831.08143053372,cgre132
11152,T11C:T103C:G235A:C296A:C332A:A663G,V34A:R78H:I221V,4235.263,8,1942.513633516056,30.58,False,6,3,0.0157424892532921,36469.36025800248,cgre132
11156,A359T:T371C:T429C,Y143H,1825.704,8,2095.6839362701817,63.62,False,3,1,0.0303576311765926,40135.50529911761,cgre132
11160,G245A:A555G,N185D,960.01,2,767.7622624836285,27.67,False,2,1,0.0360398021003149,8671.952465987646,cgre132
11161,T390C:A499T,F130L:N166I,822.261,2,1958.440482184579,2.46,False,2,2,0.0012561014860436,36858.18325040537,cgre132
11162,T10C:C656T,L3P,674.803,2,2013.6645005485173,39.44,False,2,1,0.019586182300605,38193.68440199351,cgre132
11163,G321T,D107Y,11003.950999999995,28,1906.4934726190097,82.29,False,1,1,0.0431630116661011,35584.578245349956,cgre132
11178,C121T:C263T,T40I,2634.5140000000006,12,1856.8013185656828,61.3,False,2,1,0.0330137637167083,34352.96752435496,cgre132
11190,C539T,wt,2107.6890000000003,8,1982.5945014237,44.12,False,1,0,0.0222536680941652,37444.8241589403,cgre132
11194,G437A:C512T,wt,6962.781,12,2000.6597821882144,49.5,False,2,0,0.0247418378880288,37881.05840561606,cgre132
11200,G625A:G698A,G208D,2627.6400000000003,8,2025.334686263556,34.11,False,2,1,0.0168416609024397,38473.18777738588,cgre132
11205,C27A:G375C,L9M:V125L,984.364,2,2040.9757534562052,31.72,False,2,2,0.0155415859038428,38846.196644420896,cgre132
11206,T30C:A93G:C206T,F10L:I31V,894.78,4,1840.9235314064183,65.23,False,3,2,0.0354333023002677,33957.079233649056,cgre132
11208,A499G:A696G,N166S:T232A,6106.228,32,1738.911835821593,88.45,False,2,2,0.05086514346382,31392.55156001788,cgre132
11224,T272C:A379G,K126R,2350.156,8,1992.5308132891648,43.83,False,2,1,0.0219971504117659,37685.038911779775,cgre132
11228,A35T,E11D,6255.716000000001,25,1972.5808979088065,80.71,False,1,1,0.0409159391564438,37202.07540520421,cgre132
11241,A120G:A496G:G662A,T40A:Y165C,8894.286999999998,14,1020.9149885921148,113.09,False,3,2,0.1107731801998087,13837.573619208195,cgre132
11248,G62T:A229G,Y76C,272.566,6,1241.1377663248209,66.72,False,2,1,0.0537571265739234,18926.169015900174,cgre132
11252,C13T:C80T,P4L,2504.2670000000003,10,1977.7372442324804,50.39,False,2,1,0.02547861205878,37327.15730644315,cgre132
11257,G212A,wt,2417.505,13,2091.297069340602,52.5,False,1,0,0.0251040374749597,40033.04688845389,cgre132
11259,A40G:A240G:T272C,E13G:I80V,4288.54,16,1785.197744030275,81.29,False,3,2,0.0455355717717182,32560.095022124955,cgre132
11267,A54T:C68T:C236T:G523T,T18S:G174V,89.46,4,1310.0192436923023,165.67,False,4,2,0.1264637911219208,20597.981031617368,cgre132
11271,A493G:G551A,E164G,2352.259,13,820.1907230665547,38.44,False,2,1,0.0468671479924563,9667.986790014314,cgre132
11278,T508A,F169Y,12129.75,28,1723.558235185449,67.67,False,1,1,0.0392618007436916,31004.162724504866,cgre132
11292,T11A:A472C,K157T,5030.904,14,1973.0503491668285,104.05,False,2,1,0.0527356030442597,37213.47044902297,cgre132
11299,G117T:G180C:A186T,A39S:A60P:I62F,70.795,2,1759.6984280910992,483.87,False,3,3,0.2749732523912615,31917.560654396653,cgre132
11301,G59C:C185T:C448T,E19D:A149V,4119.276,12,1998.25399619466,44.15,False,3,2,0.0220942883557727,37823.09374023893,cgre132
11307,A329G:T490A,I163N,198.118,7,1109.7654323768852,597.45,False,2,1,0.5383570100218271,15836.356624748454,cgre132
11310,A156T,T52S,4871.734,16,1930.407790677529,41.73,False,1,1,0.0216171941501301,36172.811557988185,cgre132
11316,A54G:G102A:A572G:C603T,T18A:V34I,2725.952,4,2104.682569390088,45.35,False,4,2,0.0215471922747675,40345.14525344443,cgre132
11318,T213C:G257A:A640G,F71L:D213G,2775.711,8,910.4516747474696,17.3,False,3,2,0.0190015576661973,11477.459044382958,cgre132
11322,A449T:A493G,E164G,510.786,5,799.1162472599774,36.01,False,2,1,0.0450622798916574,9262.528237026216,cgre132
11325,T182C,wt,3976.624,8,1975.9702789637013,36.6,False,1,0,0.0185225458042794,37284.31407118468,cgre132
11329,C45A:C176A:A186G:A678G,P15T:I62V:K226E,801.483,8,931.7290674100192,119.67,False,4,3,0.128438624688026,11920.253973727393,cgre132
11335,G137T:C697T,K45N:T232M,1169.045,6,1741.7898812411563,54.28,False,2,2,0.0311633455817996,31465.30141872952,cgre132
11338,T219A:C278T:A628C,F73I:K209T,72.541,1,797.0710773103111,0.0,False,3,2,0.0,9223.54023584233,cgre132
11339,A135G:A266G:A339G:C439T:C530T:A532T,K45E:T113A:P146L:Q177L,985.129,21,1117.733125008464,285.56,False,6,4,0.2554813788826717,16019.478100946108,cgre132
11352,A580G:T676G,E193G:I225S,647.635,19,696.6486704655805,85.85,False,2,2,0.1232328484063928,7391.353776339573,cgre132
11362,A145G:A261G:T459C,Y48C:T87A,100.674,2,1171.5692582456973,1.31,False,3,2,0.0011181583937782,17271.9763571697,cgre132
11364,G210A:T211C:C311T:A359G:G575T,V70T:W191C,1292.875,11,1206.3797717080831,92.4,False,5,2,0.0765927962047748,18095.000636331773,cgre132
11371,A64G:T514A,E21G:V171E,56.237,1,1390.4391688817418,0.0,False,2,2,0.0,22584.45196224637,cgre132
11373,C118T:A511C,A39V:D170A,51.656,2,846.5054887068179,266.54,False,2,2,0.3148709648737015,10183.559913929012,cgre132
11374,A226G:C267T:C373T,K75R:P89S:T124I,174.79600000000002,7,1039.5543872857738,270.64,False,3,3,0.260342319084072,14249.98709682582,cgre132
11378,C46T:A329C,P15L:K109N,457.707,4,1765.9846467802402,123.85,False,2,2,0.0701308475279241,32076.12551771935,cgre132
11379,C262T,T87I,434.063,13,1042.4114854435522,208.77,False,1,1,0.2002759974494785,14313.539559741288,cgre132
11383,C134T:G143A:C302T:A306T:T677C:T691C:C704T,N102Y:L230S,966.421,6,935.6177116762842,48.27,False,7,2,0.0515915842524163,12001.813784533882,cgre132
11387,A108G:A608T:T699C,T36A:Y233H,121.475,2,632.6355016409718,156.3,False,3,2,0.2470616960233479,6312.971128110682,cgre132
11388,A163G:G246A:C311G:C704A,D54G:D82N:D103E,63.78,3,1204.4605619449967,350.41,False,4,3,0.2909269187146718,18049.37260340595,cgre132
11389,T150G:G375A:C404A:T476C:T483C,C50G:V125M,71.162,3,1043.3974962185714,133.99,False,5,2,0.128417022741189,14335.492600807178,cgre132
11390,T426C:A583T,D194V,199.495,9,1955.107279202936,126.49,False,2,1,0.0646972170507021,36776.9375026639,cgre132
11394,A329T:A511T:G541A:C548A,K109N:D170V:R180H,124.699,3,756.6916967043727,91.8,False,4,3,0.1213175727972402,8467.137701206208,cgre132
11395,C545T:C644A,D214E,1661.273,8,2018.7925792015287,68.79,False,2,1,0.0340748230941129,38316.62614231615,cgre132
11400,C189A:A306T:T451C,L63M:N102Y:V150A,64.834,2,809.5608021147239,15.92,False,3,3,0.0196649837274902,9462.634111116877,cgre132
11402,T358A:C373A,L119Q:T124N,54.797,2,2267.6780777591225,362.81,False,2,2,0.1599918452087,44003.86484839871,cgre132
11404,A640G,D213G,8228.038999999999,39,1831.7134051436155,74.17,False,1,1,0.0404921423797653,33726.96852076527,cgre132
11420,C244T:A474T,A81V:N158Y,1142.489,26,1803.8683694879392,144.26,False,2,2,0.0799725758487304,33029.342211861294,cgre132
11434,A256T,K85M,95.114,5,720.8991337060215,215.18,False,1,1,0.298488359798403,7818.592966869383,cgre132
11435,T73C:C383T:G428A,V24A,856.629,8,1562.9199938262975,54.16,False,3,1,0.034653085387568,26927.205821754887,cgre132
11439,T214C:A379T,F71S:K126M,47.691,2,551.7124508827509,150.36,False,2,2,0.272533273011006,5058.38669662497,cgre132
11440,T177C:T376A:G414T:C467T:G525T,W59R:V125E:G138W:G175C,55.433,2,2487.6909902192124,495.31,False,5,4,0.1991043107634336,48423.618856272755,cgre132
11449,C588A,P196T,158.81099999999998,2,922.125128312583,1.73,False,1,1,0.0018761011351743,11719.65842458216,cgre132
11451,A74G:C332T:A555G:A556G,N185G,6395.840999999999,6,739.9646001149929,61.5,False,4,1,0.0831120839975894,8161.428162421159,cgre132
11454,A256T:G341A,K85M,211.248,3,980.3711262045472,263.77,False,2,1,0.2690511714896898,12954.115606323745,cgre132
11458,A286G:A440T,D95G,5013.406000000003,47,1785.9293024159113,100.08,False,2,1,0.0560380524943608,32578.50164981836,cgre132
11478,G79A:C168A:C206T:A266T,G26D:P56T:Q88H,67.743,2,700.6753921859378,249.72,False,4,3,0.3563989870129933,7461.60098705112,cgre132
11479,A40T:T116A:T192A:A356T:T517A,E13V:D38E:S64T:L172Q,74.54100000000001,3,633.6838124715251,64.71,False,5,4,0.1021171737804297,6330.036452199077,cgre132
11482,T166A:C623A,L55Q:F207L,161.382,4,712.2809277503802,108.76,False,2,2,0.1526925623903762,7665.61498892692,cgre132
11484,T148C:A555G,I49T:N185D,673.708,2,625.4344097407168,40.12,False,2,2,0.0641474139816393,6196.293838631543,cgre132
11485,T11A:C158A:C682T,A227V,3369.298,10,1767.7683614989046,60.59,False,3,1,0.0342748525879404,32121.09952334755,cgre132
11490,C197A:T594C:A637C,Y198H:D212A,1842.591,8,949.8584642860736,77.66,False,3,2,0.08175954936441,12302.140438272545,cgre132
11494,T249A,F83I,258.552,3,1393.483523125794,63.17,False,1,1,0.0453324341132503,22660.263808883617,cgre132
11497,C268T,P89L,1441.6350000000002,13,1617.8869993320934,351.55,False,1,1,0.2172895882995099,28322.83167887704,cgre132
11499,T50C:G303A:G377A,D101N,7729.516999999999,37,1568.410278974043,115.62,False,3,1,0.0737179560412161,27066.50199036717,cgre132
11519,A17T:A81G:G125T:A628T:G666A:C697T,E5D:M27V:K209I:V222I:T232M,1653.408,17,880.8473141543219,111.21,False,6,5,0.1262534359961916,10871.402578059524,cgre132
11526,A64G:A136T:A306T,E21G:K45M:N102Y,283.268,10,1016.8780986892592,289.71,False,3,3,0.2849014059536063,13748.762721528692,cgre132
11531,A70G:T224C:A454G,D23G:Y151C,349.864,9,590.1267335864097,76.53,False,3,2,0.1296840079331773,5638.271605760809,cgre132
11536,T604A,L201Q,80.58500000000001,4,1411.6511546468216,942.81,False,1,1,0.6678774688041678,23113.48986999356,cgre132
11551,A135G:T172C:C683G,K45E:V57A,53.80499999999999,3,786.8945247535884,30.6,False,3,2,0.0388870414488933,9030.498921964765,cgre132
11553,G567A:G613T,G189S:W204L,134.048,5,1260.0315240765815,525.45,False,2,2,0.4170133762209465,19381.632594950122,cgre132
11557,G367A:A408G:G541A,R122H:I136V:R180H,292.192,6,866.4208701435261,316.6,False,3,3,0.3654113271158322,10580.423408572007,cgre132
11564,T295A,I98N,98.112,5,869.4200814765711,262.49,False,1,1,0.3019138913311073,10640.677602352089,cgre132
11567,G79A:T87C:A393G,G26D:F29L:K131E,78.581,3,1694.8888539315817,762.18,False,3,3,0.4496932045024631,30277.819806699725,cgre132
11570,T31C,F10S,801.7860000000001,14,1421.8607252369134,134.42,False,1,1,0.0945380919622789,23368.766033136704,cgre132
11571,G125T:G143C:C397T:A499T:A663G,K47N:S132L:N166I:I221V,2724.4040000000005,18,936.1867642378736,56.39,False,5,4,0.0602337077964413,12013.765257029423,cgre132
11581,T148A:T418A:G680T,I49N:M139K:K226N,341.265,5,615.3026757785086,45.15,False,3,3,0.0733785204864812,6033.7633635178,cgre132
11584,G312A,G104S,2154.0579999999995,19,703.860622438997,123.6,False,1,1,0.1756029476002009,7517.36532652374,cgre132
11585,T673A,V224D,294.58700000000005,8,945.9377873152536,241.65,False,1,1,0.2554607747364099,12219.200571374806,cgre132
11589,G57A:A85G:A108T:A266T:C275T:G494A,E19K:K28R:T36S:Q88H,99.725,2,1075.985636385774,213.33,False,6,4,0.1982647284368716,15066.84795908549,cgre132
11590,C232T,P77L,191.336,10,1175.6294781064316,209.15,False,1,1,0.1779046918225244,17367.462100135628,cgre132
11598,A108G:A142T,T36A:K47M,120.341,3,698.7386593029466,153.74,False,2,2,0.2200250379066891,7427.779370591174,cgre132
11599,T11C:T301G:G494A,F100C,190.756,6,870.663229668201,222.95,False,3,1,0.2560691578590766,10665.689476725793,cgre132
11603,C168G:T220A:C410A:A581G,P56A:F73Y,145.76199999999997,4,1071.727203880065,294.39,False,4,2,0.2746874381224951,14970.65041773997,cgre132
11605,C244T:A400T:T622C,A81V:N133I:F207S,109.299,4,1035.9531905384415,144.22,False,3,3,0.1392147843331038,14170.009498566604,cgre132
11607,A307T:A343G,N102I:Y114C,93.298,3,895.2616313304866,163.33,False,2,2,0.182438288746127,11165.008231171649,cgre132
11609,T376C:T424C:A534T,V125A:V141A:M178L,58.282,3,811.0844054366524,56.87,False,3,3,0.0701160071859397,9491.963145933993,cgre132
11610,A84G:G504A:A615T,K28E:A168T:T205S,683.3790000000001,4,1669.4537713844047,241.78,False,3,3,0.1448258131757086,29632.499179543065,cgre132
11612,A120T:A384T:C442T,T40S:T128S:P147L,3355.704,20,919.1801001339018,43.93,False,3,3,0.047792592543725,11658.386509121987,cgre132
11622,G77A:G403A,G134D,526.2939999999999,11,678.4752757347521,51.06,False,2,1,0.0752569796219984,7077.808721276023,cgre132
11626,A474T:A558G,N158Y:K186E,92.54,2,1355.5698186865816,227.53,False,2,2,0.1678482339039201,21719.12063340756,cgre132
11627,T573C:C702T,W191R:R234C,100.964,1,962.54983311774,0.0,False,2,2,0.0,12571.93481384799,cgre132
11628,C168A:G575T,P56T:W191C,99.287,3,869.9049619363484,343.1,False,2,2,0.3944109012049812,10650.430716680374,cgre132
11630,G65A:A163G:A266C:A398G:T653C:C682T,D54G:Q88H:A227V,151.362,4,855.9128975805784,143.21,False,6,3,0.1673184273829893,10370.320658886574,cgre132
11648,G173A:G200A:T272C:A532T:G625T:G703A,Q177L:G208V:R234H,123.226,3,650.4731020282892,51.75,False,6,3,0.0795574787622031,6606.0887397287415,cgre132
11651,C234T:T476C:G537A,R78C:A179T,573.78,4,842.6728647459113,17.0,False,3,2,0.0201739022474943,10107.838449100369,cgre132
11653,A277T:T358A,Y92F:L119Q,177.26299999999998,4,814.8749901820639,100.72,False,2,2,0.1236017809032236,9565.083118726201,cgre132
11655,C332T:G481A,G160D,81.606,4,1042.9960073689058,384.76,False,2,1,0.3688988234677979,14326.55238332336,cgre132
11658,T215C:C232T,P77L,72.516,5,923.3694669736636,165.35,False,2,1,0.1790724145795435,11745.58117590622,cgre132
11660,wt_ctrl_cgre900x,wt_ctrl_cgre900x,5115.891,6,1709.0924166374175,143.46,False,0,0,0.0839392876613733,30637.831578176232,cgre132
11661,A38T:T166A:T425C,K12N:L55Q,84.63,4,728.4079189479226,155.4,False,3,2,0.2133419969190509,7952.894804530143,cgre132
11662,T48A:A399T,Y16N:N133Y,209.09099999999995,7,1281.141214925365,430.26,False,2,2,0.3358411976661491,19893.36558616333,cgre132
11667,C157T:A306G,T52I:N102D,883.48,11,1630.8760281288066,153.69,False,2,2,0.094237696397032,28652.791960163828,cgre132
11674,C383A:A678G:C702T,K226E:R234C,236.841,2,470.8251917273614,33.82,False,3,2,0.0718313305962268,3934.7761996658455,cgre132
11675,C231T:C682T,P77S:A227V,112.54,5,652.1032830839184,206.59,False,2,2,0.3168056431536385,6633.165509231544,cgre132
11678,C139T:C287T:C547T:T552A,A46V:A182V:F184I,1110.605,4,618.302103656783,38.67,False,4,3,0.062542242329917,6081.679696181993,cgre132
11683,T276C:C305T:T464A:G473A,Y92H,3048.853,14,647.8535634710008,24.28,False,4,1,0.037477605077782,6562.679815504559,cgre132
11690,T103A:C524T:T593A:G642A,V34D:D214N,1320.1,7,1893.507918218201,77.38,False,4,2,0.0408659500472619,35263.89198457206,cgre132
11694,A229G:T308C:T426C:C458T:A618T,Y76C:S206C,247.988,6,1061.897963517618,275.18,False,5,2,0.2591397756225516,14749.322017364553,cgre132
11699,A108T:T507G,T36S:F169V,1882.844,13,741.3954238180595,49.45,False,2,2,0.0666985503435413,8187.399762284088,cgre132
11706,A194G:A335G:T658A,L219H,398.385,8,755.9591384170282,80.99,False,3,1,0.1071354202683393,8453.654170594982,cgre132
11710,A129T:A580T:T690A,T43S:E193V:L230M,94.297,2,1026.672515340606,152.52,False,3,3,0.1485575952614261,13964.553996755205,cgre132
11711,G59A:C232T,P77L,59.915000000000006,4,1086.1126045632022,147.96,False,2,1,0.1362289686892129,15296.354406502634,cgre132
11714,C46T:T91A:A142G,P15L:I30N:K47R,160.113,5,948.9012298831047,42.78,False,3,3,0.0450837227866909,12281.872831248536,cgre132
11716,A115T:G270A:C441T,D38V:D90N:P147S,54.843,3,557.635403081975,251.01,False,3,3,0.4501328262386173,5145.90574219732,cgre132
11717,G66A:A327G:G437C,G22S:K109E,65.27000000000001,2,1460.9752765942117,854.12,False,3,2,0.5846231717152003,24350.223807849485,cgre132
11719,T276C,Y92H,3105.742,9,650.8362876163483,34.2,False,1,1,0.0525477768384052,6612.116972392642,cgre132
11723,T133C:A372G,I44T:T124A,5739.496999999999,12,932.4319555201348,56.04,False,2,2,0.0601009003050945,11934.981863828669,cgre132
11730,C55T:T566A:C702T,T18I:R234C,92.754,5,749.0769043202367,283.43,False,3,2,0.3783723651942034,8327.402929002776,cgre132
11732,T14G:T91C:C410A,I30T,1146.648,19,2018.910256306272,67.94,False,3,1,0.0336518177505822,38319.44510590327,cgre132
11740,A555G:A615T,N185D:T205S,198.112,2,253.45264168074132,13.04,False,2,2,0.0514494538842711,1637.4159157571967,cgre132
11741,C275T:C438T:G522C,P146S:G174R,4590.625,25,930.7703394660814,44.07,False,3,2,0.0473478774853095,11900.17562129176,cgre132
11753,C383T:A493G,E164G,2266.636,9,810.6816391487174,47.41,False,2,1,0.0584816501454065,9484.206568839809,cgre132
11758,T11C:C118T:C314G,A39V,803.0760000000002,19,1139.7093412938104,201.34,False,3,1,0.1766590767532331,16527.625118434167,cgre132
11768,T94C:C547A,I31T:A182D,178.567,5,1656.107734225119,433.49,False,2,2,0.2617522948788274,29293.655561987627,cgre132
11773,T215A:T224A:G421A,F71L:R140H,2383.619,6,960.5266501013506,33.32,False,3,2,0.0346893029948562,12528.792128912508,cgre132
11780,G15A:A90G:T360C:C538T,E5K:I30V:Y120H:A179V,3315.016,6,835.083033747348,16.46,False,4,4,0.0197106147949593,9958.516032606714,cgre132
11783,C305T:G395T,K131N,3163.317999999999,10,1981.3509753652052,53.43,False,2,1,0.0269664489857238,37414.714677156444,cgre132
11787,C80T:C184G:T241C,T61S:I80T,455.649,4,556.1930063410783,21.96,False,3,2,0.0394826971026912,5124.528331416735,cgre132
11789,A502C:A532T:C548G:T565A:T617C,K167T:Q177L:L188H,117.245,2,398.6705695883758,1.5,False,5,3,0.0037625049713319,3050.508266240733,cgre132
11790,A40G:G98A:C121T:C649T,E13G:T40I:T216I,89.867,4,1049.8847583109186,535.64,False,4,3,0.5101893286476044,14480.189044148412,cgre132
11791,C118T:C209A,A39V,167.225,6,1127.4528104194412,255.32,False,2,1,0.2264573715551025,16243.673572193877,cgre132
11796,A84G:A108T:A279G:T412G:A650T,K28E:T36S:S93G:L137R,50.886,2,771.1618314886974,114.19,False,5,4,0.1480752746535195,8735.239941155338,cgre132
11798,G18T:G388T:C432G,G6C:G129V:H144D,60.83200000000001,3,738.7655865237647,148.27,False,3,3,0.2006996572453777,8139.690166789796,cgre132
11801,T52C:T82C:G114A:A147T:C260T,I17T:M27T:D38N:I49F,318.942,12,1107.2339537507166,176.27,False,5,4,0.1591985139210114,15778.302226692178,cgre132
11806,G65A:G324C:G341A,V108L,718.108,2,669.7907265311187,38.2,False,3,1,0.0570327394615327,6930.017079979531,cgre132
11807,G428T:T553C:A678G,L142F:F184S:K226E,304.012,3,654.6694102585575,20.76,False,3,3,0.0317106614035944,6675.885260040102,cgre132
11809,A502C,K167T,3886.329,12,682.9164616849381,32.17,False,1,1,0.0471067865616066,7153.900769020046,cgre132
11816,G351T:G437C:C531G,G117C:Q177E,98.056,3,1045.765893007329,336.77,False,3,2,0.3220319215341247,14388.26661455649,cgre132
11817,G609A,V203M,512.903,8,1061.2843236787835,134.09,False,1,1,0.1263469147788757,14735.537769942905,cgre132
11822,G200A,wt,8286.903,19,1951.762155726572,80.16,False,1,0,0.0410705780746933,36695.33248352084,cgre132
11826,G126T:A471G,G42C:K157E,82.737,2,1709.8673523356993,202.4,False,2,2,0.1183717554016802,30657.464864183617,cgre132
11837,G65C:C302A:A379G:G510A,E21D:F100L:K126R:D170N,143.424,5,578.423266153881,163.97,False,4,4,0.2834775321025524,5458.5493073582065,cgre132
11838,A153G:A433G:C538T,T51A:H144R:A179V,348.99800000000005,2,528.7492858265413,13.45,False,3,3,0.0254373866036999,4725.721829036118,cgre132
11839,A335T:A555G,K111N:N185D,3937.0319999999992,13,631.5205270475398,34.76,False,2,2,0.0550417579655068,6294.842814245921,cgre132
11848,G200A:T211C:T342C:C591T,V70A:Y114H:P197S,5593.501000000001,8,901.906103967476,14.38,False,4,3,0.0159440100657291,11301.300670628374,cgre132
11852,G106C:C641T,G35A,187.222,5,1103.9799877341402,193.76,False,2,1,0.1755104278635358,15703.769480705332,cgre132
11855,G125A:T195C:C340A:T427C,S65P:T113K:L142S,2096.953,12,692.8565839653268,45.48,False,4,3,0.0656412900628162,7325.455332015969,cgre132
11861,T213C:G414A:A474C:G477T:G666A,F71L:G138R:N158H:G159C:V222I,2061.432,8,784.2643453403246,35.26,False,5,5,0.0449593306255676,8980.86770663168,cgre132
11868,wt_ctrl_cgre567,wt_ctrl_cgre567,2241.1000000000004,8,1550.6363192892504,76.41,False,0,0,0.0492765447639091,26615.680605976133,cgre132
11869,T214C:C368T,F71S,935.009,6,820.556730260969,35.12,False,2,1,0.0428002095465483,9675.087641220369,cgre132
11875,T91C:C119T:T228C,I30T:Y76H,388.24,12,1166.4094849613068,267.95,False,3,2,0.2297220688400769,17150.832195022704,cgre132
11882,A85C:C92T:T295C:C420A,K28T:I98T:R140S,87.238,3,1580.7995947546517,657.61,False,4,3,0.4159983353880253,27380.946030245865,cgre132
11885,A129T:C174T:G525A,T43S:P58S:G175S,78.927,4,957.4842886815418,699.97,False,3,3,0.731051160081029,12464.011389395979,cgre132
11888,G481A,G160D,84.81,5,855.989525018738,183.36,False,1,1,0.214208228770073,10371.847114819508,cgre132
11890,C169A:T429A:A679T,P56H:Y143N:K226M,65.753,3,988.8653134113486,584.45,False,3,3,0.5910309443293015,13137.61844443828,cgre132
11892,T103C:A225G:G692T,V34A:K75E:L230F,123.469,2,657.118699762058,63.99,False,3,3,0.0973796667530093,6716.7706084146475,cgre132
11897,T150A:C152A:C311T:A559T,C50R:K186M,263.68300000000005,5,842.7144024829745,231.51,False,4,2,0.2747194059077176,10108.657972048615,cgre132
11899,G79A:T187C:C521G,G26D:I62T,188.249,6,915.7260337597309,297.69,False,3,2,0.3250863129638927,11586.668759647775,cgre132
11902,T300A:A333G,F100I:K111E,85.626,2,677.6322378684323,203.52,False,2,2,0.3003399021277306,7063.403817406932,cgre132
11904,C512T:T658G,L219R,587.8539999999999,3,603.9028119358773,32.29,False,2,1,0.0534688684367784,5853.1917083002945,cgre132
11906,A34G:A595G,E11G:Y198C,399.001,7,464.4075996327903,15.9,False,2,2,0.0342371658271144,3851.503897890968,cgre132
11912,C170T:C223T:C649T,A74V:T216I,109.516,3,733.0644851016804,156.33,False,3,2,0.2132554545707068,8036.653936254972,cgre132
11913,G421A:T690A,R140H:L230M,152.263,4,441.3854602157715,59.31,False,2,2,0.1343723464996021,3560.115478448458,cgre132
11915,A595G:G662T,Y198C,401.03399999999993,13,473.64483835200855,51.46,False,2,1,0.1086468083956092,3971.642293326756,cgre132
11917,G326A:T612A:T673C,W204R:V224A,448.689,11,1074.4376523657295,171.35,False,3,2,0.1594787744293178,15031.857718922482,cgre132
11923,G537A,A179T,3285.0530000000003,2,797.9661119699008,11.22,False,1,1,0.0140607474824986,9240.594785654264,cgre132
11924,C169T:A399T:C561T,P56L:N133Y:P187S,54.782,2,1478.964493040288,382.63,False,3,3,0.258714797955313,24803.231313133867,cgre132
11926,T166A:G200A,L55Q,52.663,1,400.1525957167521,0.0,False,2,1,0.0,3067.5020288702635,cgre132
11927,C9A:T215A:C298T:A359G:A384T,L3I:F71L:S99L:T128S,1728.6940000000002,4,874.1849093121339,39.7,False,5,4,0.0454137329266397,10736.662271801752,cgre132
11930,T241C:A339G:C432T:T527A,I80T:T113A:H144Y,49.056,2,1337.47786824441,311.83,False,4,3,0.2331477831549556,21272.484707475014,cgre132
11931,T11C:T148G:G159T:A261T:T425A,I49S:G53C:T87S,103.559,2,586.0844208697871,147.54,False,5,3,0.2517384778476813,5575.897473651481,cgre132
11932,A123C:C154T:T215A:C362T,T41P:T51I:F71L,78.44200000000001,3,699.1595130961406,316.94,False,4,3,0.4533157227546984,7435.123357378625,cgre132
11934,A123G:C383A:T508G,T41A:F169C,112.233,4,626.1024381061472,147.11,False,3,2,0.2349615510921545,6207.077324301985,cgre132
11937,T426C:G703A,R234H,2436.987,13,1773.386100021967,82.64,False,2,1,0.0466001171425536,32262.687358440366,cgre132
11943,A335T:T435C:T527A,K111N:S145P,152.389,6,767.334185324599,143.5,False,3,2,0.1870110868829549,8663.99626601673,cgre132
11949,T31A:T133C:T479A,F10Y:I44T,305.327,4,644.3919861544284,60.75,False,3,2,0.0942749154323611,6505.5082967910885,cgre132
11952,T276C:A384T,Y92H:T128S,722.242,2,513.6221725185401,28.3,False,2,2,0.0550988674441979,4512.427507306914,cgre132
11955,G203A:T249C:A378C:A577G,F83L:K126Q:E192G,83.20400000000001,2,817.302158827137,177.45,False,4,3,0.2171167640798211,9612.016482337667,cgre132
11958,T87C:C260T:T479C:C571T:C592T,F29L:A190V:P197L,99.512,4,1044.1048354048162,473.98,False,5,3,0.4539582462677039,14351.247621107374,cgre132
11959,T104A:G403A,G134D,257.201,3,649.1048155229392,80.58,False,2,1,0.1241401975042847,6583.3990662620845,cgre132
11966,A81G:C118T:C206T:C446T:A487G,M27V:A39V:K162R,322.213,8,1299.3019360781875,184.56,False,5,3,0.1420455052634462,20335.889983611345,cgre132
11970,C446T:T622A,F207Y,764.4480000000001,2,716.7247381012403,23.31,False,2,1,0.0325229460639983,7744.338691429205,cgre132
11971,C155T:T300A:A378G:C683T,F100I:K126E,61.16,3,800.693120534736,200.44,False,4,2,0.2503331112251069,9292.632677509964,cgre132
11973,G59C:C80T:G167A:G447A:A544T:C587T,E19D:A149T:H181L,1500.801,4,476.73451900218953,111.15,False,6,3,0.233148630043904,4012.234168682742,cgre132
11975,T52A:A85T:C209T:C657T,I17N:K28M:L219F,54.785,2,1715.5692029605489,338.01,False,4,3,0.1970249870519346,30801.89338527748,cgre132
11977,C314T:G347T:C540T,E115D:R180C,220.166,6,1255.0554073356452,533.53,False,3,2,0.4251047379116351,19261.436116930032,cgre132
11984,G200C:C366T:A496G,R122C:Y165C,123.002,3,476.53480932856,95.59,False,3,2,0.2005939505965719,4009.60424645057,cgre132
11986,A49T:A183C:A349G,Y16F:T61P:N116S,401.584,9,728.5659238541234,123.73,False,3,3,0.1698267733213031,7955.730983722095,cgre132
11992,A85T:C113T:T253A:C314T:C564A,K28M:F84Y:L188I,53.40899999999999,2,1767.3451078985588,369.08,False,5,3,0.2088330107971104,32110.428508884957,cgre132
11994,A38G:G78A:C128T:G257A:A339G:C538T:C596T:G624A,G26S:T113A:A179V:G208S,84.362,4,633.6399919275723,139.39,False,8,4,0.2199829584240207,6329.322697675179,cgre132
11996,G19A:T593A:G647T:C657G,G6D:E215D:L219V,4528.937,21,1684.7136457845822,115.08,False,4,3,0.0683083444405808,30019.746766414577,cgre132
12009,C184T:T479C:G510A,T61I:D170N,1026.7590000000002,4,757.0948052166071,39.6,False,3,2,0.0523052063323434,8474.561041295141,cgre132
12011,T52G:A58T:A322G:G469A,I17S:E19V:D107G:R156H,228.102,6,1413.5690460413057,399.81,False,4,4,0.2828372629689835,23161.413292347817,cgre132
12015,C71A:A147G:A261T:T276C:A399G:G413A,D23E:I49V:T87S:Y92H:N133D,374.823,2,488.4959812023996,1.98,False,6,5,0.0040532575009652,4168.612459104595,cgre132
12017,A346G:C362T:C524T:A606G,E115G:T202A,202.808,5,673.5874467553741,204.19,False,4,2,0.3031380720997246,6994.464941634923,cgre132
12021,G98T:T192A:G375T,K32N:S64T:V125L,4982.628,12,883.1238512619163,55.02,False,3,3,0.0623015672392729,10917.58402411343,cgre132
12027,C232G,P77R,81.82900000000001,4,1164.9960091542562,97.78,False,1,1,0.0839316179898201,17117.685192185243,cgre132
12031,T14A:G65C:G324A:C446T,E21D:V108M,74.364,2,343.5952341237255,33.48,False,4,2,0.0974402339583795,2454.968423004654,cgre132
12032,A81C:G347T:T685C,M27L:E115D:V228A,2669.144,26,864.781772261231,98.55,False,3,3,0.1139593862418162,10547.547404146548,cgre132
12045,A343G:T685A,Y114C:V228E,1487.978,8,604.8447400384605,36.41,False,2,2,0.0601972664880656,5868.018664892012,cgre132
12049,A186T:T360C:T389C:C656T,I62F:Y120H,199.57199999999995,8,890.6183075064412,211.36,False,4,2,0.2373182745274651,11070.118293809692,cgre132
12052,C259T:C434T:A471G:T594A,S86F:K157E:Y198N,67.96600000000001,1,340.5994963756578,0.0,False,4,3,0.0,2424.6168105985917,cgre132
12053,A279G:A449T:G526C:A628T,S93G:G175A:K209I,166.098,6,886.8728000733831,365.46,False,4,3,0.4120771321093177,10993.789990528257,cgre132
12056,A76T:A186T,E25V:I62F,876.238,15,745.6333262646789,138.64,False,2,2,0.1859358951866197,8264.520891675184,cgre132
12063,A153G:T242C:G415A:A555G:G662T,T51A:G138E:N185D,243.054,6,486.850845012441,54.8,False,5,3,0.1125601414917943,4146.562718310575,cgre132
12067,G143A:T192A:T281G,S64T:S93R,133.76000000000002,2,414.12089587256537,0.29,False,3,2,0.0007002785971206,3230.1166725858393,cgre132
12068,G167A:T376C:G568T,V125A:G189V,49.058,3,1332.6067085868615,624.9,False,3,2,0.468930552407817,21152.523721169833,cgre132
12071,G703C,R234P,1126.958,6,772.2023657841297,60.59,False,1,1,0.0784638880748236,8754.647513829705,cgre132
12075,A74T:A266T:G428A:A606G,Q88H:T202A,200.856,3,532.3887488243278,107.92,False,4,2,0.2027090171201389,4777.736332328921,cgre132
12078,A261T:G481C:T667C,T87S:G160A:V222A,46.724,1,361.2828878955281,0.0,False,3,3,0.0,2638.5089137692303,cgre132
12080,C505A,A168D,70.727,2,244.4233716555725,40.86,False,1,1,0.1671689565659767,1566.7040382116352,cgre132
12083,C152T:T182C:A286T:A364G,D95V:N121S,236.863,4,605.5597087891249,119.22,False,4,2,0.1968757139380886,5879.2842586631705,cgre132
12085,T214A:C607T:C641T,F71Y:T202I,294.069,4,362.8179406023468,20.59,False,3,2,0.0567502256526143,2654.785507069467,cgre132
12087,T104C:A405G:C540T,N135D:R180C,66.143,2,253.20579704102911,37.97,False,3,2,0.1499570722460489,1635.455102529615,cgre132
12088,T82C:C107T:T676G,M27T:I225S,914.768,2,546.6203028085748,70.72,False,3,2,0.1293768263575932,4983.702598585887,cgre132
12089,T133C:C323G,I44T:D107E,3860.081,12,843.3967787576546,65.64,False,2,2,0.0778281369495973,10122.124568793739,cgre132
12095,T435C,S145P,265.25,8,533.4943291028553,129.12,False,1,1,0.2420269400372693,4793.59033010484,cgre132
12099,C47A:A81G:T213G:C248T:C290A:C431T,M27V:F71V,299.28000000000003,2,577.289600771429,57.36,False,6,2,0.0993608752406939,5441.28129492573,cgre132
12100,C218T:T252C,F84L,49.447,3,991.016396327165,446.73,False,2,1,0.4507796254992744,13184.224637322824,cgre132
12106,T211C:T295A,V70A:I98N,62.493,2,295.0371821626984,4.89,False,2,2,0.0165741821561439,1989.6753073199009,cgre132
12108,A558T:A559G:G568A,K186W:G189D,51.25000000000001,1,896.9063858802972,0.0,False,3,2,0.0,11198.690208518394,cgre132
12109,A135G:A399G:G402A:C420A,K45E:N133D:G134S:R140S,100.447,2,657.0516122414598,205.45,False,4,4,0.3126847209142822,6715.649296782552,cgre132
12111,T10C:T228C,L3P:Y76H,99.987,3,555.6596501402919,189.39,False,2,2,0.3408381370721864,5116.634042720376,cgre132
12113,A16G:C53A:T199A:T464G,E5G:L66Q,80.653,2,300.2125684415159,33.1,False,4,2,0.1102552107389474,2036.5315114437853,cgre132
12114,C119A:A501C,K167Q,6876.145,10,606.6475893216463,35.2,False,2,1,0.0580238026485206,5896.444295123879,cgre132
12119,T360A:T426A:A601T,Y120N:L142M:H200L,850.858,18,594.0237185187639,110.72,False,3,3,0.1863898638190532,5698.700553259175,cgre132
12127,T182C:T252C:C275T,F84L,53.221,1,314.3769349466999,0.0,False,3,1,0.0,2168.1331163510076,cgre132
12128,A136G:G403A,K45R:G134D,2530.949,6,686.8255442349092,44.4,False,2,2,0.0646452368766503,7221.161665693451,cgre132
12131,T453C:G503A:G636A,Y151H:D212N,586.87,2,491.0931758746546,31.9,False,3,2,0.0649571233466743,4203.538859586347,cgre132
12132,T213G,F71V,4643.544999999999,14,803.2962010192775,34.81,False,1,1,0.043333953224017,9342.411884010846,cgre132
12139,A393G:A487T:T622A,K131E:K162M:F207Y,1551.2969999999998,8,601.9657933954641,61.8,False,3,3,0.1026636408215312,5822.753844122215,cgre132
12143,T215C:G284A:G403A,G134D,552.528,2,634.5856539063595,8.5,False,3,1,0.0133945669078334,6344.733605079485,cgre132
12144,G83A:A141G:T308A,M27I:K47E:N102K,52.609,2,862.2693757294845,388.74,False,3,3,0.4508335920791851,10497.228938137005,cgre132
12147,T73C:A328G:T673C,V24A:K109R:V224A,106.68299999999998,4,1038.8593931446223,671.31,False,3,3,0.6461990953058121,14234.5412408813,cgre132
12151,A405T:T424C:A433G,N135Y:V141A:H144R,763.843,12,523.2920917055449,84.41,False,3,3,0.1613057054328604,4648.234199515602,cgre132
12157,G77T:A156T:C237T:A339T:T476C:A694T,E25D:T52S:H79Y:T113S:E231V,1116.806,8,638.756036483938,83.41,False,6,5,0.1305819361945042,6412.891882773824,cgre132
12161,C236G:C244T:T658A,A81V:L219H,148.095,2,383.5380149108848,132.52,False,3,2,0.3455198568277282,2879.8631828933185,cgre132
12162,C197A:C528A:A550T,H176N:Q183L,747.295,2,527.3446029826838,10.68,False,3,2,0.0202524116860084,4705.718438907398,cgre132
12163,G72A:A256G:C524T,V24I:K85R,78.81,4,809.7894765456166,394.42,False,3,2,0.4870648624411727,9467.0338049143,cgre132
12164,G567A:A595G,G189S:Y198C,164.537,2,340.9222190414935,3.39,False,2,2,0.0099436170793767,2427.8762278710756,cgre132
12166,G403A:C530T,G134D,1542.257,7,650.2321968295857,32.15,False,2,1,0.0494438758289078,6602.091459848919,cgre132
12169,T187A:A359G:T455C,I62N,52.015,2,475.091149140779,280.29,False,3,1,0.5899709992638581,3990.618386231793,cgre132
12171,C320T:C442T:T479C:T621A,P147L:F207I,437.355,4,416.3371599575403,47.28,False,4,2,0.1135618065051455,3256.322323264989,cgre132
12173,C248T:T389A:T453C,Y151H,1047.505,2,504.7703372850451,40.75,False,3,1,0.0807297834083867,4389.801507894365,cgre132
12174,C236T:T325C:C602T:C607T,V108A:T202I,1227.118,4,594.3157020620778,65.91,False,4,2,0.1109006539307546,5703.2399429169045,cgre132
12176,C452A:C587T:G605A:T622A,F207Y,6249.072999999999,16,737.2493144151737,43.31,False,4,1,0.0587453920311283,8112.234179585957,cgre132
12184,G117A:G159T:T371C,A39T:G53C,313.826,11,498.06106831092814,216.46,False,3,2,0.4346053401324453,4297.94203476082,cgre132
12188,C146T:C198T:T508C:A581G:C701T,F169S,63.665,2,284.9470911381195,8.75,False,5,1,0.030707455075436,1900.2275818822327,cgre132
12189,G160A:A627G,G53D:K209E,96.676,4,369.040932956473,161.18,False,2,2,0.4367537191843447,2721.334747089012,cgre132
12192,T214C:G377A,F71S,1833.625,8,777.9165924787412,25.74,False,2,1,0.0330883802310765,8861.5316491262,cgre132
12196,G59A:G160A:T460G,G53D:L153W,1167.8780000000002,4,499.20630048013896,32.43,False,3,2,0.0649631223981121,4313.555381355695,cgre132
12198,G171A:A486G,V57M:K162E,387.511,7,446.3632056843374,211.59,False,2,2,0.47403100727266,3622.138882854819,cgre132
12202,A54G:G200T:C431T:T622A,T18A:F207Y,2142.77,2,754.1647916093542,7.73,False,4,2,0.0102497492404869,8420.663860062468,cgre132
12203,A85G:A183T:T241C,K28R:T61S:I80T,369.967,3,475.35032630540405,93.71,False,3,3,0.1971388149206676,3994.0236003162327,cgre132
12208,T150C:A226G:G235A:A265T:A294G:T426C,C50R:K75R:R78H:Q88L:I98V,54.666,3,895.1059889262344,750.83,False,6,5,0.8388168655878313,11161.822816806238,cgre132
12213,G29A:C368T:T653A:T658A,D217E:L219H,1713.176,24,674.1731322676208,122.26,False,4,2,0.1813480753657022,7004.42942237882,cgre132
12225,A449G:G492A,E164K,279.898,2,342.306384689505,17.62,False,2,1,0.0514743539358242,2441.884113049561,cgre132
12226,A35G:T658A,L219H,1509.044,8,614.9720923383684,97.56,False,2,1,0.1586413452178587,6028.492550919563,cgre132
12230,T658A,L219H,1967.9800000000005,14,671.3717901472208,98.64,False,1,1,0.1469230632677757,6956.824020161198,cgre132
12238,G138A:C305G:A695C,A46T:D101E:E231D,3370.512,12,633.5096634104628,65.49,False,3,3,0.1033764815005951,6327.200099308788,cgre132
12246,C366T:T455C:A544T,R122C:H181L,441.7589999999999,6,420.1632432447038,76.04,False,3,2,0.1809772778141713,3301.8222040084593,cgre132
12249,C365G:A472G:C482T,N121K:K157R,380.54300000000006,12,581.5444499952989,285.63,False,3,2,0.491157640662393,5506.220191917324,cgre132
12255,C170A:T201A:G210T,S67T:V70L,251.093,2,252.1722547235861,8.65,False,3,2,0.0343019497108495,1627.2620075739057,cgre132
12259,A136G:T281C:T308A:A394G:G570A:T622A,K45R:N102K:K131R:A190T:F207Y,552.601,4,366.6826093420585,13.78,False,6,5,0.0375801841945151,2696.0080909724766,cgre132
12261,T658A:G666T,L219H:V222F,420.025,9,413.8383949881104,118.1,False,2,2,0.2853770975102323,3226.784245083669,cgre132
12265,A16G:C357T:A544T:T553A,E5G:H181L:F184Y,8472.372000000001,18,517.4106944777128,38.75,False,4,3,0.0748921512708878,4565.405442664429,cgre132
12274,C13T:A35G:T44C:C374A:T552C:T676G,P4L:F184L:I225S,1330.649,6,475.9429147152824,96.58,False,6,3,0.2029234956838802,4001.814744443017,cgre132
12277,G235A:C239T:T658A,R78H:L219H,2908.028,20,625.7212405605866,86.01,False,3,2,0.1374573762638187,6200.922921193047,cgre132
12287,T192A:G351A,S64T:G117S,387.58,2,298.573707172927,6.58,False,2,2,0.022038109324171,2021.622392998418,cgre132
12288,G180C:T691C,A60P:L230S,1724.023,15,590.9031845828446,132.8,False,2,2,0.2247407078940551,5650.288469312796,cgre132
12295,A35C:A64G:C122A:A615T:T622A,E11D:E21G:T205S:F207Y,437.503,8,316.86745231257987,30.56,False,5,4,0.0964441118106807,2191.7788965838517,cgre132
12299,T295C:T389A:T435A:A608T,I98T:S145T,530.452,11,501.2822873326968,121.73,False,4,2,0.2428372258028914,4341.927907390839,cgre132
12303,T479C:C521G:C549A:G605T,Q183K,776.7479999999999,13,429.6709508185176,155.19,False,4,1,0.3611833653272698,3416.3040886080043,cgre132
12310,G19A:T517A:T622A,G6D:L172Q:F207Y,1949.869,12,482.3837324589081,49.16,False,3,3,0.1019105676499729,4086.9788309219284,cgre132
12316,G18A:C32T:A394G:T435C:G647A,G6S:K131R:S145P,444.69,9,338.2024987359394,67.27,False,5,3,0.1989045032234455,2400.4855320807974,cgre132
12321,A555G:A556T:G651T,N185V:D217Y,2146.637,7,461.86198679104456,59.91,False,3,2,0.1297140741463628,3818.718563999031,cgre132
12324,T308C:G341A:C539A:T676A,I225N,1799.8189999999995,25,539.3552682839394,110.19,False,4,1,0.2042994784320737,4878.049242106698,cgre132
12336,C56A:T276C:T344C:A408G:C524T:G651A:C661T:A695G,Y92H:I136V:D217N:T220M,1441.9990000000005,12,403.8402386784151,53.47,False,8,4,0.1324038440918689,3110.00334213489,cgre132
12342,C438T:A688T,P146S:D229V,3189.365,23,504.2019115092495,91.79,False,2,2,0.1820500833192817,4381.982563514721,cgre132
12353,G382C:T453A:C539A:T621A:A637G:G642T,G127A:Y151N:F207I:D212G:D214Y,962.675,4,345.0205818570356,23.75,False,6,5,0.0688364730943534,2469.484483742125,cgre132
12355,A38G:T192A:A306G:A475G:C500T:T617C,S64T:N102D:N158S,1069.221,4,332.7430034580196,18.1,False,6,3,0.0543963353455862,2346.036100829523,cgre132
12357,T11C:C368T:T418C:G522A,M139T:G174S,1549.706,2,364.076445815258,15.78,False,4,2,0.0433425457246063,2668.170996368107,cgre132
12358,A474T:T594C:C689T,N158Y:Y198H,6035.784000000001,22,548.8882704826939,39.52,False,3,2,0.0720000811189607,5016.901812959298,cgre132
12369,A183G:C314T,T61A,1385.187,4,337.09158498573333,9.66,False,2,1,0.0286569004693749,2389.348185204256,cgre132
12371,A556G:C657T,N185S:L219F,3156.484,14,410.7930503703166,38.96,False,2,2,0.0948409423306427,3190.9749084070436,cgre132
12378,T297A:T409A:T509C,S99T:I136N,1201.791,4,329.496924078736,22.6,False,3,2,0.0685894111551692,2314.000724022366,cgre132
12380,G519A:T593A:C607T,G173S:T202I,5097.777000000001,10,535.8318555691158,103.4,False,3,2,0.1929709832017679,4827.19194042206,cgre132
12385,A183G,T61A,4655.229,10,321.68481846943297,15.05,False,1,1,0.046784924671321,2237.9439054187624,cgre132
12390,A132G:T685C:C701T,I44V:V228A,5275.642000000001,16,410.82093568225616,54.46,False,3,2,0.1325638380857039,3191.3018559905076,cgre132
12398,A34G:G191C:T429C:A581T,E11G:Y143H:E193D,6010.966999999999,14,1912.005103104968,55.43,False,4,3,0.0289905083987408,35720.42618454922,cgre132
12406,A163G,D54G,6586.938999999999,22,1954.008187588341,56.17,False,1,1,0.0287460412688063,36750.132481289154,cgre132
12412,C109T:G173T:T552C,T36I:F184L,4442.832,16,1908.7233219732436,45.77,False,3,2,0.0239793790294775,35639.55784667737,cgre132
12420,C233A:C392T,wt,6509.785999999999,22,2060.461579533828,50.69,False,2,0,0.0246012837625773,39308.235851494035,cgre132
12431,C107T:G494A:A695G,wt,5400.907999999999,21,1992.5155678977037,56.92,False,3,0,0.0285669035249024,37684.67086082801,cgre132
12441,C516A:C701T,L172M,7460.127999999998,13,1940.153539872077,44.5,False,2,1,0.0229363290510162,36411.61365452777,cgre132
12448,T659C:T690C,wt,1292.0380000000002,8,2052.6855205913403,111.52,False,2,0,0.0543288286887088,39124.21493963329,cgre132
12452,G347A:A361G,Y120C,584.18,4,1902.5916311052565,29.06,False,2,1,0.0152739029883771,35488.311020578105,cgre132
12454,G117T:A129G:G461A:C633G:A637G,A39S:T43A:P211A:D212G,886.1310000000001,12,1483.8443513489206,109.86,False,5,4,0.0740374149755865,24926.271755320944,cgre132
12460,G416A,wt,1484.937,8,2039.9065975114847,98.11,False,1,0,0.0480953393256759,38820.758911097415,cgre132
12464,A38T:T95G:T104C,K12N:I31M,888.6520000000002,13,1380.0380166511052,102.58,False,3,2,0.0743312856329332,22325.744710682167,cgre132
12471,C340T:T552A,T113M:F184I,3614.806,14,1957.3055810699352,42.18,False,2,2,0.021550033069922,36830.528118285314,cgre132
12478,C340A:G347A,T113K,2294.378,8,2001.0726400161248,35.83,False,2,1,0.0179053969773487,37891.00167861972,cgre132
12482,C20T,wt,9411.264,29,1977.680505903987,60.56,False,1,0,0.0306217307695604,37325.78190244797,cgre132
12497,A34T:A85G,E11V:K28R,4018.02,16,1897.3799959611845,57.31,False,2,2,0.0302048088005521,35359.6055134677,cgre132
12505,G380A:G423A:A472G:T476C,V141I:K157R,3118.464,6,1955.512244409199,45.61,False,4,2,0.0233238120243935,36786.81206014983,cgre132
12508,A84G:A694G,K28E:E231G,2993.389,10,1900.987001707909,43.31,False,2,2,0.0227829017037406,35448.6982676437,cgre132
12513,T224C:T491A:C516T:C599T,wt,4295.688,12,1983.9933203356368,63.4,False,4,0,0.0319557527488421,37478.68143007637,cgre132
12519,C236T:G671A:C683T,wt,1766.5620000000004,10,2009.5055946446716,63.22,False,3,0,0.0314604747398968,38093.83790010569,cgre132
12524,C101T,wt,4974.54,10,1972.4401633808,97.01,False,1,0,0.0491827340575559,37198.65906182064,cgre132
12529,C122A,wt,4343.816,13,2006.8491027988368,46.08,False,1,0,0.0229613676163967,38029.996245979244,cgre132
12536,C155G:C197T:T224A,wt,5335.83,12,2024.8679454659327,31.46,False,3,0,0.0155368156577543,38462.02853787115,cgre132
12542,T103C:A650G,V34A,2194.652,13,2023.2915403736383,54.57,False,2,1,0.026970903061218,38424.32650863964,cgre132
12549,A291G:G413T:C422T:A640T,I97V:D213V,3427.775,11,1798.3618961750722,65.2,False,4,2,0.0362552165605118,32891.064166913304,cgre132
12554,A440T:T490C:C512T:T527C,I163T,3143.883,12,1812.020236044508,64.23,False,4,1,0.0354466240069199,33233.864214852016,cgre132
12560,A120T,T40S,2353.736,12,2049.328360846624,66.43,False,1,1,0.0324154983013831,39044.61818477749,cgre132
12565,C314T:T509A:C590A,F169L,3060.428,18,1893.821036320548,71.05,False,3,1,0.0375167445272659,35271.63472601079,cgre132
12573,G533T,Q177H,5323.6050000000005,13,1922.0231468807297,160.78,False,1,1,0.0836514379449235,35966.92757379823,cgre132
12589,A499T:G533T:A581G,N166I:Q177H,2039.881,9,1712.7318480569727,88.92,False,3,2,0.0519170587625122,30730.029558594473,cgre132
12593,G191A:G203A,wt,3352.592,16,2014.8809750855053,55.41,False,2,0,0.027500383737381,38222.86576175559,cgre132
12601,C528A:A629T,H176N:K209N,1296.0279999999998,8,1528.802928684679,117.63,False,2,2,0.0769425527600239,26062.496297071157,cgre132
12605,G380A:T553C:T685C,F184S:V228A,7307.894,27,1562.3341238118771,92.96,False,3,2,0.0595007166413229,26912.343454080903,cgre132
12618,G330T,A110S,7565.016999999999,17,1839.82541454846,39.26,False,1,1,0.0213389812367796,33929.66095938754,cgre132
12626,C68T:T389A:T553A:C635A,F184Y,2597.1620000000003,6,1933.6334804718813,49.36,False,4,1,0.0255270714426987,36251.912006717335,cgre132
12635,A16G:G243A,E5G:A81T,10398.961,29,1966.9228570727396,70.89,False,2,2,0.0360410677750227,37064.62542541997,cgre132
12649,C233A:C528A,H176N,4052.156,18,1994.3395252696505,70.07,False,2,1,0.0351344388015004,37728.69313340824,cgre132
12670,T201A:C674T,S67T,7165.955,12,1949.992017163629,46.16,False,2,1,0.0236718917788916,36652.12195224498,cgre132
12676,G102C,V34L,8812.409000000001,23,1998.494327013574,56.63,False,1,1,0.0283363326252841,37828.886050458044,cgre132
12682,A34T:A627C,E11V:K209Q,1932.843,10,1888.7300153053416,45.9,False,2,2,0.0243020440338475,35145.68409846863,cgre132
12687,C287T:A307G:C422T,N102S,3291.3339999999994,10,1937.0579202187564,59.08,False,3,1,0.030499862385802,36335.820690651504,cgre132
12692,A36G,K12E,5392.269,15,1969.9748855783985,38.55,False,1,1,0.0195687773901145,37138.79347099347,cgre132
12698,C174T,P58S,2492.8500000000004,14,1613.7027622909775,103.27,False,1,1,0.0639956765354899,28216.54169178855,cgre132
12711,T31G:G62C,F10C,3093.2,18,1469.9099332975438,77.23,False,2,1,0.0525406341235785,24575.10198183008,cgre132
12720,A529G,H176R,2317.0620000000004,12,1845.4970673805929,25.75,False,1,1,0.0139528804760162,34071.22078785618,cgre132
12722,A3G,T1A,4669.628000000001,16,2011.5597075339324,64.97,False,1,1,0.0322983204309902,38143.168356938,cgre132
12730,G180A:A393G,A60T:K131E,1604.606,6,1688.871493154763,85.56,False,2,2,0.0506610481299417,30125.217142061134,cgre132
12733,A135G:A194G:A354G,K45E:T118A,1987.357,4,1832.69677042228,35.34,False,3,2,0.0192830590255567,33751.55330704522,cgre132
12759,G160A:G280A:C603T,G53D:S93N,1180.412,18,1196.1717818327825,150.25,False,3,2,0.1256090490362395,17852.64353741397,cgre132
12770,G86A:A359G,wt,1593.653,4,2039.480331789871,70.85,False,2,0,0.0347392416076016,38810.61458325827,cgre132
12772,C164T:A327G:T612C,K109E:W204R,612.7259999999999,4,1303.1566734829282,131.08,False,3,2,0.1005865239899853,20430.078690830105,cgre132
12774,C121G:T211C,T40S:V70A,1227.5549999999998,4,1282.806162582572,140.05,False,2,2,0.109174717182562,19933.849724130494,cgre132
12776,C27A:A379T:A394G:A472T:A688G,L9M:K126M:K131R:K157M:D229G,117.987,5,1687.5312310733448,102.94,False,5,5,0.061000352529491,30091.22148318321,cgre132
12778,A256G:G375T,K85R:V125L,134.09199999999998,1,1339.1572599289402,0.0,False,2,2,0.0,21313.87212665865,cgre132
12779,C169G:A472T,P56R:K157M,1468.994,16,1686.9206760330278,135.05,False,2,2,0.0800571134841884,30075.734090191716,cgre132
12787,T116C:C323T:A398G:C697T,T232M,2576.669,10,1866.8387597893443,44.19,False,4,1,0.023671031988315,34602.677959222994,cgre132
12792,A16G:C634A,E5G:P211H,6426.906000000002,17,1839.7874928289027,83.23,False,2,2,0.0452389204320676,33928.71402638147,cgre132
12800,A81G:G478A,M27V:G159D,255.928,9,1750.6047756066523,136.83,False,2,2,0.0781615598829742,31688.00548762609,cgre132
12803,T201A:A271G:A322G,S67T:D90G:D107G,231.408,5,1264.5418818732985,82.68,False,3,3,0.065383362295219,19490.72362215027,cgre132
12807,A550T:T553C:C587T,Q183L:F184S,238.564,4,1073.1281693963217,39.68,False,3,2,0.0369760119355748,15002.277604422385,cgre132
12809,A49T:C315A:G416A,Y16F:Q105K,3199.85,10,1772.2048379768082,49.88,False,3,2,0.0281457306351472,32232.922336007552,cgre132
12814,C168G:A433T:T593G,P56A:H144L,142.711,4,1445.0589151868285,69.7,False,3,2,0.0482333275602044,23950.229755223736,cgre132
12816,A58G,E19G,305.051,11,1501.5038156322082,268.82,False,1,1,0.179033844071061,25372.039326274826,cgre132
12818,G114A:A346G:A399T,D38N:E115G:N133Y,3579.416,40,1497.4294316333762,119.84,False,3,3,0.0800304825512078,25269.12524998689,cgre132
12838,A25T:G160T:A515G,K8M:G53V,98.922,2,1121.1777279329433,102.96,False,3,2,0.0918320061439518,16098.830920041946,cgre132
12839,G537C,A179P,54.759,2,1674.8982937175952,306.92,False,1,1,0.183246947681081,29770.689975614965,cgre132
12843,G67C:C470A:G537T:C548T:C564T,G22A:A179S:L188F,55.370000000000005,2,1146.9401370577843,200.87,False,5,3,0.1751355572186065,16695.780023884807,cgre132
12844,A85T:T182C:C657T,K28M:L219F,294.364,10,1338.71679242069,92.21,False,3,2,0.0688793929545504,21303.015668342035,cgre132
12848,T87C,F29L,1185.146,23,1444.302320558641,145.7,False,1,1,0.100879156618432,23931.236169702614,cgre132
12855,C275A:A499T:A529G:G609T,N166I:H176R:V203L,1978.8110000000004,15,1510.540022194824,122.94,False,4,3,0.0813881116644413,25600.41624178927,cgre132
12863,T31C:G321T:A399G:T552G,F10S:D107Y:N133D:F184V,730.9429999999999,4,1338.1487369858291,21.86,False,4,4,0.016336001668424,21289.015995720623,cgre132
12865,G245A:T325C:A384T:T673C,V108A:T128S:V224A,96.2,4,1558.0406741355705,165.88,False,4,3,0.1064670536229956,26803.43935869427,cgre132
12866,C302T:A334T:C596T:T621A:A675G,K111I:F207I:I225V,8703.485999999999,14,1055.3698672635326,25.82,False,5,3,0.0244653564602414,14602.883348477157,cgre132
12873,A76G:T104A:G117A:A266G:T491C,E25G:A39T,156.603,8,1381.6603651276168,305.28,False,5,2,0.2209515505439014,22366.065522250337,cgre132
12888,G345A:G687A,E115K:D229N,494.955,4,1357.3624504783909,52.59,False,2,2,0.0387442572773875,21763.466068002475,cgre132
12890,C616A:C702A,T205N:R234S,691.627,2,1038.5906754654127,54.69,False,2,2,0.0526578962164207,14228.570548720136,cgre132
12891,C60T:C209G:T219A:A291G:T427C,F73I:I97V:L142S,724.2489999999999,9,1444.466868099085,85.0,False,5,3,0.0588452403286063,23935.366816076858,cgre132
12897,C442T,P147L,1513.354,8,1184.608737260725,82.09,False,1,1,0.069297142100964,17579.116892728012,cgre132
12901,C431T:T664A:C689T,I221N,155.115,7,1240.057310206844,246.45,False,3,1,0.1987408146151661,18900.19853552156,cgre132
12906,T110C:C244T:T353A,A81V,1279.741,5,1985.7232475131811,46.45,False,3,1,0.0233919807597416,37520.534800400994,cgre132
12910,A327G:C355T:A433T,K109E:T118I:H144L,1066.987,8,1514.1500719806854,80.84,False,3,3,0.0533896880474019,25691.70391079359,cgre132
12914,C45T:T427C:A456G:C600A:A637T,P15S:L142S:I152V:H200N:D212V,111.32500000000002,2,1185.3892654989295,173.83,False,5,5,0.146643811496669,17597.54643223894,cgre132
12915,T5C:G138A,A46T,2910.956,11,1572.8741623171236,113.04,False,2,1,0.0718684321404784,27179.78004787313,cgre132
12921,G26T:G504A:T690A,K8N:A168T:L230M,2030.88,7,1466.8732089836494,41.74,False,3,3,0.0284550837416414,24498.64373280288,cgre132
12927,A141G:C548T,K47E,67.133,3,1459.484159347792,132.9,False,2,1,0.0910595700191701,24312.71678163398,cgre132
12928,C20T:A70G,D23G,637.217,10,1598.0747884652922,162.64,False,2,1,0.1017724584443203,27819.59329340206,cgre132
12934,T48A:A316G:G513A:C539A,Y16N:Q105R:V171I,140.619,4,1177.2397456647222,144.01,False,4,3,0.1223285235911615,17405.369497205375,cgre132
12937,G159A:C373T:T396A,G53S:T124I:S132T,154.69400000000002,4,1261.7955843546013,149.6,False,3,3,0.1185612010811713,19424.283236545543,cgre132
12939,C13A:A384T,P4H:T128S,2622.445,14,1910.170248146569,66.43,False,2,2,0.0347770048583139,35675.2194833369,cgre132
12947,A186G:G703A,I62V:R234H,376.328,11,1634.2501716345234,175.71,False,2,2,0.1075171984374097,28738.50348505951,cgre132
12952,A90G:G210A:C599T:C668T,I30V:V70M,1085.627,10,1283.467409482719,138.82,False,4,2,0.1081601285504781,19949.93319683439,cgre132
12957,C287T:A334G:G419T:G525T,K111R:M139I:G175C,1063.969,13,1132.6172130419388,108.09,False,4,3,0.0954338312674024,16363.152134862996,cgre132
12971,T199A:C275T:T376A:C616A,L66Q:V125E:T205N,49.074,1,2026.2756442498,0.0,False,4,3,0.0,38495.68006784322,cgre132
12972,T28C:C385A:T464A:A558G,L9P:T128N:K186E,47.107,3,1128.054346584592,102.47,False,4,3,0.0908378220519678,16257.577506673792,cgre132
12974,C236T:A601T,H200L,605.5730000000001,4,1287.8734859816886,59.3,False,2,1,0.0460448954384663,20057.172365641316,cgre132
12977,C323T,wt,7314.377999999997,32,1998.5926485167709,97.97,False,1,0,0.0490194938286734,37831.25562092734,cgre132
12989,C269A:C654T,H218Y,606.064,4,1433.7669975929082,54.59,False,2,1,0.0380745268175714,23666.959291383573,cgre132
12991,T215A:T358A:C635T,F71L:L119Q,127.748,6,1300.5449508425315,214.95,False,3,2,0.1652768709460976,20366.252722332007,cgre132
12994,A186T:A440G,I62F,894.2069999999999,6,1166.4371085416026,76.29,False,2,1,0.06540429778969,17151.480156896174,cgre132
12998,T664A,I221N,615.976,18,1232.1735620753518,136.76,False,1,1,0.1109908573023226,18710.9537930258,cgre132
13000,A378G:T429C:T457C,K126E:Y143H:I152T,100.853,3,1416.431192314177,151.52,False,3,3,0.1069730748815587,23232.958060720757,cgre132
13002,T150A:T292C:C311T:T527A:C596T,C50S:I97T,1603.2759999999998,4,1852.140713549133,14.95,False,5,2,0.0080717409269365,34236.87220185593,cgre132
13004,C632T,wt,4652.329,14,1988.751323987142,34.64,False,1,0,0.0174179645198435,37593.746756411354,cgre132
13011,A96G:A466G,K32E:D155G,415.25,8,1386.9815228513876,182.6,False,2,2,0.1316527992561911,22498.39698025509,cgre132
13016,A261T:C656G,T87S:H218Q,55.796,3,1210.586229065345,63.21,False,2,2,0.0522143722457527,18195.106405766415,cgre132
13018,G576A:T612C,E192K:W204R,3173.1450000000004,16,1629.7947244864786,97.94,False,2,2,0.0600934574940775,28625.323856146435,cgre132
13026,C92T:T172C,V57A,116.90099999999998,6,1324.592058048712,144.69,False,2,1,0.1092336309287149,20955.429393862192,cgre132
13028,G330A:C701T,A110T,1223.9160000000002,11,1161.9824210286354,52.64,False,2,1,0.0453018901554473,17047.071408123647,cgre132
13034,G210C,V70L,520.044,2,1107.8932786277212,84.48,False,1,1,0.0762528319556556,15793.416607779694,cgre132
13035,G203A:A261G,T87A,1598.0339999999997,5,1879.1133351493927,259.23,False,2,1,0.1379533608489829,34907.423932866965,cgre132
13038,C168T:T426A:C682G,P56S:L142M:A227G,101.324,3,1233.773585720444,34.25,False,3,3,0.0277603608931214,18749.325101974366,cgre132
13040,T87C:A449T:G636A,F29L:D212N,510.481,14,1428.5151898555805,94.69,False,3,2,0.0662856094722891,23535.363810320196,cgre132
13047,A334T,K111I,4816.815999999999,10,1859.515990030523,39.96,False,1,1,0.0214894629646847,34420.54661412897,cgre132
13052,G33A:A136T:T451C,E11K:K45M:V150A,965.326,7,1385.4764163489322,69.17,False,3,3,0.0499250648973728,22460.953827855814,cgre132
13056,T249C,F83L,1190.829,8,1634.252080840581,128.89,False,1,1,0.0788678818347932,28738.55198303708,cgre132
13061,C189G:A256T,L63V:K85M,65.025,3,1423.3427845101885,147.03,False,2,2,0.1032990798843984,23405.855900357095,cgre132
13064,A279G:C311T:G568A,S93G:G189D,144.743,2,1349.556742184397,111.32,False,3,2,0.0824863427526708,21570.48918764741,cgre132
13066,C218T:T358A:C432T,L119Q:H144Y,665.8670000000001,9,1469.5981587489157,172.79,False,3,2,0.1175763585244948,24567.25093693975,cgre132
13071,T386A:T664C,I221T,1288.576,2,1032.419367785483,4.86,False,2,1,0.0047073894113635,14091.665972011757,cgre132
13072,A34T:A225G:A329T:A433G:G645A:T677C,E11V:K75E:K109N:H144R:E215K,3275.043,29,1383.5725449924576,66.29,False,6,5,0.0479121967546424,22413.604836663348,cgre132
13087,A85G:A271T:T325C:A417C,K28R:D90V:V108A:M139L,577.29,6,1603.3696125006586,194.12,False,4,4,0.1210700255802186,27954.071420623142,cgre132
13090,C311T:C332T:A361G:A405T:T509A:G513A,Y120C:N135Y:F169L:V171I,494.839,8,1350.4413709365956,126.94,False,6,4,0.0939988974952396,21592.343997398453,cgre132
13096,G330A:C383T,A110T,3030.6,14,1093.9068493272798,76.2,False,2,1,0.069658582032703,15473.693849305753,cgre132
13103,T211C,V70A,12044.038,34,1252.2483371036146,104.05,False,1,1,0.0830905475511848,19193.70702195974,cgre132
13120,A70C:A156G,D23A:T52A,169.316,6,1233.4008525259665,237.5,False,2,2,0.1925570259770839,18740.384659326748,cgre132
13122,C154T:G203A:C251A:C269T:C448T:A456G:G480C,T51I:F83L:A149V:I152V:G160R,185.026,2,1346.2545758821095,230.92,False,7,5,0.1715277363857379,21488.944330405157,cgre132
13123,C80T:T295C:T396A,I98T:S132T,3435.736,16,1246.803647747735,151.53,False,3,2,0.1215347743598027,19062.49295618839,cgre132
13131,T48A:A499T,Y16N:N166I,615.8900000000001,6,1231.3707424377942,149.21,False,2,2,0.1211739038923427,18691.707822591325,cgre132
13134,T48A:A227G:C365T,Y16N,773.7450000000001,15,1403.7592128457013,157.53,False,3,1,0.1122201005403591,22916.44377233674,cgre132
13142,G171A:G222A,V57M:A74T,382.752,7,1150.8757466261525,109.12,False,2,2,0.0948147533040734,16787.499415526316,cgre132
13147,A58T:A333G:G380T:G421A,E19V:K111E:K126N:R140H,433.575,5,1424.4954950690678,268.56,False,4,4,0.1885299047484728,23434.709187949877,cgre132
13151,A54G:G125A:A534G:A581T:A615T,T18A:M178V:E193D:T205S,449.8500000000001,2,1050.5486583239144,39.33,False,5,4,0.0374375805331554,14495.022552586832,cgre132
13152,A70T:A147G:G402T,D23V:I49V:G134C,642.795,11,1324.760057000586,179.86,False,3,3,0.1357679823221907,20959.557147886197,cgre132
13158,T409A:A456G,I136N:I152V,2323.7140000000004,8,1083.5174955225716,101.38,False,2,2,0.0935656326906888,15237.44323603319,cgre132
13162,A40G:A74G,E13G,7583.13,20,1872.0911797841368,65.4,False,2,1,0.0349341958907904,34733.1671673272,cgre132
13172,G380A:T673C,V224A,3441.016,8,1843.0036865967684,33.1,False,2,1,0.017959812148353,34009.00414060049,cgre132
13176,G77A:G140A:A226T:G494T,K75I:E164D,1342.635,15,1531.6027370171705,130.98,False,4,2,0.0855182592942386,26133.39085805457,cgre132
13183,A329G:C420T:C591T:A608C:G619A,R140C:P197S:S206N,627.911,8,1334.9618926984983,85.18,False,5,3,0.0638070648052857,21210.50840990978,cgre132
13189,A58G:A136G:G423A:T593G,E19G:K45R:V141I,79.563,3,1233.7127058527358,157.82,False,4,3,0.127922813189247,18747.86475809114,cgre132
13193,C314T:C357T:G519T:A688T,G173C:D229V,131.113,3,1065.601357930001,114.23,False,4,2,0.1071976862171976,14832.595067572389,cgre132
13195,A25G:A81G:A322T:G369A,K8R:M27V:D107V:V123I,3565.982000000001,14,1515.3442057183402,123.19,False,4,4,0.0812950612376562,25721.90598651955,cgre132
13202,G551A:T685C,V228A,8991.840999999999,28,1354.9365211232644,108.17,False,2,1,0.0798339983561187,21703.458190066278,cgre132
13216,A70G:G102A:T425G:C697G,D23G:V34I:T232R,193.314,2,1262.3925458783044,83.63,False,4,3,0.0662472226036591,19438.72104880257,cgre132
13217,G29A:A141G:C189A:T453C:T455C:C468T:G624T,K47E:L63M:Y151H:R156C:G208C,72.78699999999999,2,1990.4341217450765,64.29,False,7,5,0.0322994864776709,37634.40612430664,cgre132
13219,T150C:G245A:C302T:T638C,C50R,96.126,2,1005.29323070972,56.59,False,4,1,0.0562920332807258,13494.922918946717,cgre132
13220,C46A:G246A,P15H:D82N,264.33700000000005,6,1443.437681812286,114.12,False,2,2,0.0790612587144866,23909.532582048945,cgre132
13224,C155A:C562A:T653A,P187H:D217E,182.858,3,1406.1261582329564,207.15,False,3,2,0.1473196404085962,22975.515335268363,cgre132
13226,T28C:C109T:A279G,L9P:T36I:S93G,688.559,8,1479.2351674474833,204.6,False,3,3,0.1383147213522854,24810.05441823781,cgre132
13233,A64G:C262A,E21G:T87N,45.362,2,991.7639272249704,40.83,False,2,2,0.0411690714686965,13200.433686086704,cgre132
13235,A85T:C169T,K28M:P56L,59.519000000000005,2,1238.1653004183777,219.62,False,2,2,0.1773753471574354,18854.741155384563,cgre132
13239,A36G:A115T:G171T,K12E:D38V:V57L,71.383,2,1389.5747397506727,21.66,False,3,3,0.0155875026944476,22562.932881306013,cgre132
13240,A399G:G480T:A515G:G520A:G536A,N133D:G160C:G173D:M178I,1921.817,6,1904.795526857836,32.35,False,5,4,0.016983450214924,35542.695851144046,cgre132
13243,A141G:A335T,K47E:K111N,606.784,13,1404.9963088645698,191.27,False,2,2,0.1361355889643386,22947.31497849814,cgre132
13251,G59T:A327G:A378G,E19D:K109E:K126E,245.403,5,1320.0867552232548,156.65,False,3,3,0.1186664432319883,20844.79244973356,cgre132
13254,G62A:A229G,Y76C,270.736,6,1083.3330354056,155.44,False,2,1,0.1434831163823996,15233.258406913672,cgre132
13257,A279G,S93G,2089.224,12,1907.6579898540488,99.17,False,1,1,0.0519852093653261,35613.294078342755,cgre132
13259,A81G:T281C:A393G:A474T:C571T:G619A,M27V:K131E:N158Y:A190V:S206N,489.031,6,1564.837046383848,68.86,False,6,5,0.0440045819206078,26975.840374581014,cgre132
13261,A147G:C155T:T391A,I49V:F130Y,134.47099999999998,4,1287.4007382817954,67.68,False,3,2,0.0525710433336614,20045.660357135144,cgre132
13263,A64G:T409C,E21G:I136T,164.46299999999997,4,1197.6323804533035,193.51,False,2,2,0.1615771276380791,17887.270586996492,cgre132
13266,A25T:A363C:T386C:C422T,K8M:N121H,790.453,4,1149.5859371314118,64.37,False,4,2,0.0559940739712108,16757.425340998918,cgre132
13268,T150A:A156C:C373T,C50S:T52P:T124I,321.281,8,1420.4944497118834,129.49,False,3,3,0.0911583991238151,23334.581069803044,cgre132
13273,T215A:T425C:G478A,F71L:G159D,4853.7300000000005,15,1474.8719983757185,91.08,False,3,2,0.0617545116459643,24700.092835064992,cgre132
13279,G140A:T593A,wt,1539.15,4,1932.3432077441464,80.69,False,2,0,0.0417575923762523,36220.27905330421,cgre132
13281,A90G:T219A:C233T:C244T,I30V:F73I:A81V,740.322,13,1331.355221321935,324.03,False,4,3,0.2433835799872123,21121.72428478402,cgre132
13288,C302A:C431T,F100L,2201.82,17,1151.9506640959355,124.3,False,2,1,0.1079039266820963,16812.574100275215,cgre132
13297,C230T:C441T,P147S,6176.013000000001,19,1763.9158864551684,114.17,False,2,1,0.0647253085459989,32023.953963124943,cgre132
13306,C20T:C223T:A291T,A74V:I97F,181.865,1,1042.1340382700346,0.0,False,3,2,0.0,14307.36422988273,cgre132
13307,T360A:T418C:C626T:A646T,Y120N:M139T:E215V,133.774,3,1341.514043441752,186.15,False,4,3,0.1387611265868068,21371.97855294681,cgre132
13309,T11C:T396A,S132T,1049.619,7,1915.2500791934792,40.76,False,2,1,0.0212818161151906,35800.33092811439,cgre132
13312,G29C:T31C:T353G:C590A,F10S,936.085,11,1410.4377405024964,124.43,False,4,1,0.0882208384155045,23083.177105736628,cgre132
13318,A96G:C267T:C668T,K32E:P89S,906.416,12,1525.3408665340826,107.31,False,3,2,0.0703514882177335,25974.85190087592,cgre132
13326,G117T:G347T:T664C,A39S:E115D:I221T,1086.076,4,973.0735337349092,48.4,False,3,3,0.0497393036826602,12797.15210325185,cgre132
13328,T187C:T242A:A306G:T426A:C547A:G684A,I62T:N102D:L142M:A182D:V228I,88.49199999999999,3,1338.9767814400102,126.71,False,6,5,0.0946319620745992,21309.423644272963,cgre132
13330,A81T:T182A:G533A:A577C:A655G,M27L:E192A:H218R,360.739,7,1246.7307782445291,153.29,False,5,3,0.1229535699887359,19060.738243452506,cgre132
13336,C169A:G414A,P56H:G138R,291.122,5,1455.9678345428565,180.42,False,2,2,0.1239175727097351,24224.295455630614,cgre132
13339,C130T:C158A:G160T:T566C,T43I:G53V,259.83,7,1214.888721513894,109.76,False,4,2,0.0903457230743126,18297.638283824323,cgre132
13343,C118A:C362T,A39D,173.468,5,1073.729889917455,83.69,False,2,1,0.0779432525683287,15015.867785105742,cgre132
13345,A141G:G636T,K47E:D212Y,1342.652,11,1529.4846253160972,111.26,False,2,2,0.0727434576055355,26079.75642415554,cgre132
13351,G415T:A581G,G138V,810.365,11,1233.9661020115743,112.92,False,2,1,0.0915098071299699,18753.943225647417,cgre132
13358,T43A:C516T:G525T,I14N:G175C,233.612,5,1124.6278538769873,187.16,False,3,2,0.1664194954400193,16178.4221334849,cgre132
13360,T14C:A135G:C158A:T281C:A393C:G421A,K45E:K131Q:R140H,1139.274,13,1351.0441690981022,84.02,False,6,3,0.0621889364698476,21607.238445084466,cgre132
13368,A42G:C118T:C206T,I14V:A39V,769.385,10,1516.0516804880983,144.88,False,3,2,0.0955640245412711,25739.800826631614,cgre132
13377,T103C:C109T,V34A:T36I,1921.089,8,1810.917905356507,132.6,False,2,2,0.0732225351617447,33206.22121160208,cgre132
13381,A147G:A343T:A686C,I49V:Y114F,2756.963,13,1972.968252376031,69.63,False,3,2,0.0352920022489693,37211.47780733726,cgre132
13388,T391A,F130Y,697.4920000000001,10,1337.070626836805,142.1,False,1,1,0.1062771084397951,21262.450791025458,cgre132
13391,G140A:A142T:G636A,K47M:D212N,522.298,7,1433.3236239298628,158.91,False,3,2,0.1108681928818721,23655.845790722717,cgre132
13396,T14G:G77A:T82A:G171A:A433T,M27K:V57M:H144L,80.955,2,1004.9840018861998,36.87,False,5,3,0.0366871511693725,13488.16832544174,cgre132
13397,C311G:T337C,D103E:V112A,49.731,2,1314.419123784956,189.11,False,2,2,0.1438734392843017,20705.77522010514,cgre132
13398,T144A:C661T,Y48N:T220M,82.79299999999999,1,960.9258249912496,0.0,False,2,2,0.0,12537.300207194208,cgre132
13399,A136C:C165T:T187C,K45T:I62T,538.1070000000002,13,1406.4686487895397,217.58,False,3,2,0.1546995023225421,22984.06471490474,cgre132
13406,A37T:A153T,K12I:T51S,672.5210000000001,2,1758.15842499569,5.33,False,2,2,0.003031581184166,31878.699937570967,cgre132
13408,A97T:C121T:G639A:C641T,K32M:T40I:D213N,536.878,10,1330.3410214784788,115.96,False,4,3,0.087165620038633,21096.770804029034,cgre132
13434,G83A:A123T:A430G:C467T:G522A:T553C,M27I:T41S:Y143C:G174S:F184S,173.065,1,1057.55348482948,0.0,False,6,5,0.0,14651.816519044829,cgre132
13435,C538T:C548T,A179V,2439.854,8,1276.9065019478433,157.57,False,2,1,0.1233997945500602,19790.475973314995,cgre132
13439,G79C:A333G:C452T,G26A:K111E,62.836,4,1044.170087974524,114.85,False,3,2,0.1099916587562716,14352.701305321718,cgre132
13440,T30A:C404T,F10I,2674.609,29,1513.7963364869145,111.55,False,2,1,0.0736889086803284,25682.75777719804,cgre132
13455,T216A:T622C,C72S:F207S,78.89799999999998,1,1072.090264040147,0.0,False,2,2,0.0,14978.84466995206,cgre132
13456,C616A:T653A,T205N:D217E,3811.391,23,1502.281968784473,111.53,False,2,2,0.0742403904975583,25391.69888570654,cgre132
13468,T103G:G114A:C467G,V34G:D38N:D155E,1374.311,9,1572.9763846908602,92.58,False,3,3,0.0588565733732836,27182.374329739443,cgre132
13473,T28C:T43C:A153G:C467T:C569T,L9P:I14T:T51A,889.701,9,1672.3765843506787,139.72,False,5,3,0.0835457762966993,29706.688205087354,cgre132
13477,G200A:C263A:T664A,I221N,258.641,3,1319.111777976122,108.81,False,3,1,0.0824873235283701,20820.86492021228,cgre132
13479,C189T:T249C:C323T,F83L,58.847,1,1326.5755764409923,0.0,False,3,1,0.0,21004.174671947614,cgre132
13480,A90C:A93G:G461C:T621C:T690C,I30L:I31V:L153F:F207L,12726.502,30,1907.230622986283,36.69,False,5,4,0.0192373169546491,35602.75646637995,cgre132
13498,C32T:G609A,V203M,345.688,3,1022.905649330543,26.36,False,2,1,0.0257697276549911,13881.435146157382,cgre132
13500,G375A:G478A:C524T:A529G,V125M:G159D:H176R,782.882,7,1346.84462891735,84.99,False,4,3,0.0631030470591982,21503.511195695562,cgre132
13506,C60T:T584C:A679T,K226M,1565.619,6,1283.2224611095246,122.34,False,3,1,0.0953381067646057,19943.97500772464,cgre132
13508,C155A:G171A:G480T,V57M:G160C,86.92399999999999,2,1005.6496479686512,68.64,False,3,2,0.0682543867425882,13502.709630088102,cgre132
13509,G162A:G465T:C603A:A695T,D54N:D155Y:L201M:E231D,664.2289999999998,14,1322.5302122883827,156.76,False,4,4,0.1185303734791488,20904.782422616783,cgre132
13517,A142G:A147T,K47R:I49F,2528.563000000001,16,1524.0267399389527,122.58,False,2,2,0.0804316596209526,25941.58963317217,cgre132
13525,A163T:G415T:C434T:C470A,D54V:G138V,848.938,10,1117.2952486918905,73.6,False,4,2,0.0658733670318293,16009.398790639045,cgre132
13532,C80T:C267G:G352A:C516T:C701T,P89A:G117D,83.014,3,1114.3262269067368,553.85,False,5,2,0.4970268011526882,15941.103707549293,cgre132
13534,C223T:C244T:A334G:C516T,A74V:A81V:K111R,965.469,10,1413.082030891826,113.36,False,4,3,0.0802218112762046,23149.24260472265,cgre132
13540,G26T:A361G:C431T:T612A,K8N:Y120C:W204R,443.673,3,1149.1292662186838,110.09,False,4,3,0.0958029729433846,16746.780806218263,cgre132
13542,A279G:A498G:A511G,S93G:N166D:D170G,576.3290000000001,5,995.0817904697687,39.05,False,3,3,0.0392430053227733,13272.455552718036,cgre132
13545,T342A:G402A,Y114N:G134S,125.104,5,1458.313865199037,209.23,False,2,2,0.1434739153161952,24283.28438485591,cgre132
13548,T52A:A333G:A675G,I17N:K111E:I225V,886.5079999999999,8,1076.5508338419124,74.99,False,3,3,0.0696576488937186,15079.629626304888,cgre132
13553,T376C:C682T,V125A:A227V,509.525,4,989.7036398476408,47.04,False,2,2,0.0475293796102856,13155.77546298428,cgre132
13555,G352A:A640G:C702A,G117D:D213G:R234S,700.4970000000001,8,1403.734140216238,84.45,False,3,3,0.0601609646588711,22915.81816017886,cgre132
13559,T88A:C320T,F29Y,495.428,7,1598.184790494476,153.18,False,2,1,0.0958462381265725,27822.387000496954,cgre132
13562,C524A:A601T,H200L,2984.966,12,1417.6643759305848,64.72,False,2,1,0.0456525543695886,23263.793591802456,cgre132
13567,G162A:T295C:T593A,D54N:I98T,1363.7669999999998,7,1365.9274712461272,116.79,False,3,2,0.085502343615253,21975.562261562998,cgre132
13571,T133C:A398T:G414A,I44T:G138R,793.3259999999999,6,1045.5592110859293,38.86,False,3,2,0.0371667138388457,14383.658801600746,cgre132
13574,G280A:A534G,S93N:M178V,3184.759,14,1750.121076839535,60.57,False,2,2,0.0346090340843049,31675.78969214548,cgre132
13581,T48C:G117T:A329G:A696G,Y16H:A39S:T232A,820.0659999999999,8,1230.854842599031,87.53,False,4,3,0.0711131783949232,18679.342653670035,cgre132
13587,C118T:C524T,A39V,163.827,2,1170.7089307207025,0.26,False,2,1,0.0002220876540507,17251.761464114046,cgre132
13589,T95A:A405T,N135Y,548.176,9,1643.9149487232005,133.09,False,2,1,0.0809591762051732,28983.998184912,cgre132
13593,T31C:T389C:C665T,F10S,322.89899999999994,8,1370.497008105549,86.57,False,3,1,0.0631668653692768,22088.86273339712,cgre132
13599,C170T:G415T,G138V,354.8040000000001,5,1163.9675378818663,155.92,False,2,1,0.1339556258448031,17093.57752748889,cgre132
13602,T391A:T566A,F130Y,267.85299999999995,4,1305.0307310868563,84.47,False,2,1,0.0647264451233663,20475.902494827973,cgre132
13604,G280C:A581G:C591T:A643G:G687A,S93T:P197S:D214G:D229N,3734.938000000001,23,1368.734495584543,120.91,False,5,4,0.0883370736910982,22045.149941144013,cgre132
13616,A85G:C170T:C374T:G551T,K28R:Q183H,7894.077999999999,16,1046.7241377849998,23.52,False,4,2,0.0224701037751659,14409.63593393564,cgre132
13624,G636T,D212Y,2090.7500000000005,8,1811.5318688979453,91.02,False,1,1,0.0502447688405131,33221.61801758006,cgre132
13629,A349G:A417G,N116S:M139V,2312.784000000001,12,1694.133725422043,69.7,False,2,2,0.0411419706449892,30258.671977957976,cgre132
13635,A307T,N102I,1309.275,26,1358.696355909036,204.76,False,1,1,0.1507032819433782,21796.47404886557,cgre132
13641,T172C,V57A,1448.6270000000002,18,1367.2670146231767,188.05,False,1,1,0.1375371437976416,22008.765589459625,cgre132
13650,C56A:G102A:A339G,V34I:T113A,1599.9069999999997,11,1913.684106010462,93.22,False,3,2,0.0487123238925465,35761.777260464434,cgre132
13655,A394C:T566C:T594A,K131T:Y198N,1905.45,8,1162.2089469392083,77.29,False,3,2,0.0665026716611938,17052.376612594486,cgre132
13659,G171A:C420A:G437T,V57M:R140S,69.088,1,1204.9846305966323,0.0,False,3,2,0.0,18061.829168229517,cgre132
13660,A36G:A70G:A163T:G299A:C355T,K12E:D23G:D54V:T118I,1050.622,15,1437.239399690052,158.53,False,5,4,0.110301735420131,23754.021629854407,cgre132
13669,T281C:T360C:T376C:A643T,Y120H:V125A:D214V,159.186,5,1460.341872738271,149.72,False,4,3,0.1025239382606085,24334.290568367265,cgre132
13671,A229G:C365T:C683T,Y76C,89.233,1,1472.5526369561826,0.0,False,3,1,0.0,24641.661150960594,cgre132
13672,T172C:C209T,V57A,659.8520000000001,9,1348.5082706863293,163.75,False,2,1,0.1214304751105892,21544.591803736766,cgre132
13676,A291G:G541T,I97V:R180L,606.2250000000001,4,1037.8339032459153,28.01,False,2,2,0.0269889044021363,14211.759897894906,cgre132
13678,C71T:A398G:C431T:A652G,D217G,2908.149,14,1552.3464465872696,107.66,False,4,1,0.0693530752988054,26659.039439958666,cgre132
13685,A186T:G245T:T426A,I62F:L142M,695.9269999999999,8,1129.5988947458409,134.19,False,3,2,0.11879437969014,16293.293532149995,cgre132
13690,G210C:C323T:C446T:A660T:C701T,V70L:T220S,76.108,2,866.9657796598481,57.65,False,5,2,0.0664962808827573,10591.361246855979,cgre132
13691,G66A:A696T,G22S:T232S,242.913,4,1197.3786248934657,247.85,False,2,2,0.2069938404170627,17881.253477919232,cgre132
13693,A49T:G522A:A696G,Y16F:G174S:T232A,948.76,4,1103.7661717500594,61.0,False,3,3,0.055265328437528,15698.875559033533,cgre132
13695,C223T:C239A:C374A,A74V:H79Q,248.836,4,1361.581058425671,141.45,False,3,2,0.1038865803285715,21867.8870262838,cgre132
13698,T10C:T391A,L3P:F130Y,409.1259999999999,4,1235.8025710875338,94.1,False,2,2,0.0761448488630266,18798.01034344767,cgre132
13700,A136T:C170T:T215A,K45M:F71L,159.92600000000002,10,1067.6958393314226,85.05,False,3,2,0.0796575174941743,14879.753820722523,cgre132
13701,G381T:C420T,G127C:R140C,354.331,9,990.605094213184,309.09,False,2,2,0.3120214117670205,13175.308991850143,cgre132
13708,G428T:T435A,L142F:S145T,7569.139999999999,26,1449.0593085349417,123.38,False,2,2,0.0851448931546785,24050.687275400207,cgre132
13721,C184T,T61I,4591.235999999999,14,952.7063570722374,33.09,False,1,1,0.0347326327302873,12362.506946905654,cgre132
13722,T30C:A64T:A81G:T116A:G243T:C269T:C431T:C505T:T566A,F10L:E21V:M27V:D38E:A81S:A168V,113.151,5,1012.9660403899388,289.99,False,9,6,0.2862781065082587,13662.873541385266,cgre132
13724,C350G:T370C:T673C,N116K:V123A:V224A,1338.764,24,1498.0585206841895,225.15,False,3,3,0.1502945291464114,25285.012769193974,cgre132
13736,C22T:A475G:G526A:C561T,A7V:N158S:G175D:P187S,505.8970000000001,10,1510.776079645756,87.25,False,4,4,0.0577517748496906,25606.384617936532,cgre132
13743,T14C:A466G,D155G,653.475,11,1495.964244111889,114.81,False,2,1,0.0767464867237915,25232.12584907452,cgre132
13749,A36G:C154T:A156G:C649T:C656T,K12E:T51I:T52A:T216I,264.979,6,1338.7006206582832,192.7,False,5,4,0.1439455521468594,21302.61709310029,cgre132
13755,T148A:A279G:C439A:C569T,I49N:S93G:P146Q,478.516,7,1022.6815356812988,114.9,False,4,3,0.1123516911092512,13876.494889544405,cgre132
13764,C118T:C161T:C311T,A39V,117.933,2,1048.6772624675953,29.59,False,3,1,0.0282164981153239,14453.222042432068,cgre132
13766,T195A:T272C:C562A,S65T:P187H,486.152,4,1028.5444891841184,71.45,False,3,2,0.0694670971954523,14005.91922607756,cgre132
13770,A70T:A440T:C538T,D23V:A179V,2041.226,7,1412.0507445526102,80.09,False,3,2,0.0567189248042041,23123.473452664184,cgre132
13784,C234T:C263A:A334G,R78C:K111R,7935.149,27,1994.6139049158423,55.79,False,3,2,0.027970325416113,37735.31346782107,cgre132
13798,G299A:T325C:T389A:C404T:T435G:A559G:A581T,V108A:S145A:K186R:E193D,1355.049,14,1364.968344761923,104.06,False,7,4,0.0762362002015146,21951.79363217141,cgre132
13809,T144C:C237T,Y48H:H79Y,725.991,10,1183.3263449935273,100.71,False,2,2,0.0851075448679805,17548.848335683015,cgre132
13832,A17G:G162A:G180A:C198T:A580T:A628T,D54N:A60T:E193V:K209I,208.45300000000003,2,927.593976339066,16.44,False,6,4,0.0177232716245999,11833.738706546344,cgre132
13833,A141G:T297A:T360C:A648T,K47E:S99T:Y120H:T216S,165.513,3,1088.3543151076683,180.25,False,4,4,0.1656170214955855,15347.29734593756,cgre132
13835,A153T:T617C:G639A:T690C,T51S:D213N,2007.1349999999995,14,1554.8721015221606,133.72,False,4,2,0.0860006426696402,26723.082393385743,cgre132
13843,G114A:A304G:C434T,D38N:D101G,983.47,13,1019.7811803821916,42.52,False,3,2,0.0416952193450603,13812.611528734848,cgre132
13850,G222A:A306T:A556G,A74T:N102Y:N185S,476.906,4,959.4849358740404,37.95,False,3,3,0.0395524708946363,12506.598120995102,cgre132
13852,A655T,H218L,305.13,7,1142.7271119043137,162.84,False,1,1,0.1425012133724849,16597.747701286407,cgre132
13857,A141G,K47E,910.102,15,1502.48007445571,191.08,False,1,1,0.1271763953802987,25396.70412254654,cgre132
13859,T14C:G69A:A322T:C596T:G681A,D23N:D107V:A227T,714.3589999999998,12,1222.163464299202,98.38,False,5,3,0.0804965971196102,18471.320754179767,cgre132
13866,A74T:C260T:C538T:G560A,A179V,1223.174,10,1194.911701507304,196.45,False,4,1,0.1644054533503948,17822.783892128988,cgre132
13871,C232T:C431T,P77L,46.417,2,925.9329020057052,147.67,False,2,1,0.1594823984331103,11799.047587640249,cgre132
13872,T94C,I31T,91.043,4,1198.1175506118211,180.04,False,1,1,0.1502690615858704,17898.776471614976,cgre132
13874,C323A:C547T:C564T:A648G,D107E:A182V:L188F:T216A,1134.46,16,1315.868328398107,174.08,False,4,4,0.1322928717434205,20741.30425496051,cgre132
13884,C233T:G270T:G395A:G437A:C446T,D90Y,5155.434,20,2028.853127567917,50.84,False,5,1,0.0250584920658817,38557.25728045077,cgre132
13894,G303T:C355T,D101Y:T118I,303.215,6,1205.1528787543118,114.15,False,2,2,0.0947182735172897,18065.82870506434,cgre132
13898,G78T:G98T:T116C:A291G:G299A,G26C:K32N:I97V,223.326,5,1389.0365105509738,141.57,False,5,3,0.1019195672141439,22549.535859086485,cgre132
13900,C340A:C539A:A679T,T113K:K226M,819.682,4,1025.9752903806743,34.6,False,3,2,0.0337240090715655,13949.157271097973,cgre132
13902,T30C:A38G:C432T:C702T,F10L:H144Y:R234C,258.222,5,1510.8179017560851,138.7,False,4,3,0.0918045780625072,25607.44204262217,cgre132
13905,T144A:C362T:G551A,Y48N,210.265,8,1085.7397547149587,189.74,False,3,1,0.1747564268288332,15287.886249990428,cgre132
13910,T30C:A142G:A487G,F10L:K47R:K162R,887.6570000000002,14,1364.1915223007447,227.46,False,3,3,0.166736118999173,21932.546023011193,cgre132
13917,C60A:A74G:G79A:A279G:T427C:C431T:A618G,L20M:G26D:S93G:L142S:S206G,98.95900000000002,5,1435.496279104988,211.38,False,7,5,0.1472522103169731,23710.3116872295,cgre132
13922,C411G:T653C:T667A,L137V:V222D,698.393,11,1351.1320231836653,143.49,False,3,2,0.1061998365355113,21609.40937230574,cgre132
13928,T103G:T144C:C314T:C410A,V34G:Y48H,283.645,6,1037.516002055832,186.1,False,4,2,0.1793707274213062,14204.700022153685,cgre132
13931,A17T:A64T:C442T,E5D:E21V:P147L,683.955,4,1023.632300625533,39.0,False,3,3,0.0380996183650783,13897.456966235814,cgre132
13933,T224A:G609A,V203M,745.528,9,1054.6606472943915,55.57,False,2,1,0.0526899340963923,14587.001113581753,cgre132
13938,T11A:A42T:G72A:G78A,I14F:V24I:G26S,208.073,8,1254.6182174602843,412.48,False,4,3,0.3287693373646213,19250.88402011743,cgre132
13944,G270T:A398G:G513T:G522T:A606T,D90Y:V171L:G174C:T202S,81.968,3,1142.358239659023,37.25,False,5,4,0.0326079846993694,16589.172001596802,cgre132
13946,T150A:C362T:G367A:C635A,C50S:R122H,377.711,9,1429.0560608290073,112.59,False,4,2,0.0787862723416781,23548.91192582645,cgre132
13958,C20T:A329T:A498G:G518A,K109N:N166D,3419.405,10,1067.723109649879,41.64,False,4,2,0.0389988749177249,14880.368131043171,cgre132
13963,C118T:C185T:A329G:A663G,A39V:I221V,1584.4059999999995,12,1238.477748761299,101.68,False,4,2,0.08210078873173,18862.246265058082,cgre132
13970,A34T:C56A:A398G:T573C,E11V:W191R,200.704,7,1447.8630917180951,283.93,False,4,2,0.1961027956469812,24020.642476091194,cgre132
13974,C92A:G336C:T376C,V112L:V125A,62.5,3,1408.5401198041427,443.48,False,3,2,0.3148508116770332,23035.7836476575,cgre132
13976,T104G:T201A:G647T:C702A,S67T:E215D:R234S,381.967,8,831.1972382747465,28.99,False,4,3,0.0348774017346019,9882.393264654784,cgre132
13978,C251T:A364G:T429A:T517G,N121S:Y143N:L172R,418.955,2,1148.6581858276502,200.57,False,4,3,0.1746124325536251,16735.802330000348,cgre132
13979,C55A:A394T,T18N:K131M,278.45000000000005,4,965.9472699155182,30.84,False,2,2,0.0319272086173992,12644.49543798511,cgre132
13981,A417G:C603G,M139V:L201V,199.79,6,993.2592862397488,164.31,False,2,2,0.1654250831341732,13232.877926916695,cgre132
13985,A679T,K226M,1125.2489999999998,4,1251.1211771142223,112.63,False,1,1,0.0900232543899441,19166.526162679187,cgre132
13987,A16G:G69T:G243A:T429A:C462T,E5G:D23Y:A81T:Y143N:P154S,413.968,9,1567.5523780977956,375.47,False,5,5,0.2395262864872356,27044.73371798881,cgre132
13993,A42G:G210A:G369A,I14V:V70M:V123I,324.871,4,898.5426803548037,30.56,False,3,3,0.0340106270610683,11232.235213880283,cgre132
13995,C134T:T673A,V224D,218.463,5,883.4039976617038,173.49,False,2,1,0.1963880630597252,10923.27196236232,cgre132
13999,A108T:C218T:A265T:C654T,T36S:Q88L:H218Y,1255.726,10,1328.6481349072678,77.32,False,4,3,0.0581944895481274,21055.131361333326,cgre132
14004,A74G:A97T:A156G:A328T:G413T:C431T:T491C:C704G,K32M:T52A:K109I,241.529,6,1037.7992938700888,251.74,False,8,3,0.2425709879424072,14210.991247499456,cgre132
14007,T451C:C616A,V150A:T205N,176.786,4,946.0467168761544,74.13,False,2,2,0.0783576526165401,12221.502307913335,cgre132
14009,A64G:A286G,E21G:D95G,189.588,6,1134.4241081555688,379.72,False,2,2,0.334724903385011,16405.01234714976,cgre132
14012,C55T:A329T:G341A,T18I:K109N,355.34000000000003,12,977.541197294461,59.83,False,3,2,0.0612045816233539,12893.170804411115,cgre132
14024,C146T:T150A:A291T:A583G,C50S:I97F:D194G,87.707,3,1196.1933215517108,142.74,False,4,3,0.119328537810959,17853.154065831972,cgre132
14026,A142T,K47M,187.225,5,1269.1960984521495,174.02,False,1,1,0.1371104120255541,19603.436614669034,cgre132
14028,G377A:C411A:C521A:C654G,L137M:H218D,180.356,5,1290.587800444695,483.33,False,4,2,0.3745037724930145,20123.29634514809,cgre132
14031,A306G:A454G,N102D:Y151C,405.121,8,788.8251070427439,18.66,False,2,2,0.0236554336739549,9066.997326352532,cgre132
14034,A384T:G388T,T128S:G129V,753.9939999999999,9,1428.631424860167,165.52,False,2,2,0.1158591342173513,23538.275256645662,cgre132
14040,A489T,I163F,3265.7240000000006,26,1260.129333582381,98.23,False,1,1,0.0779523159902524,19383.996838012765,cgre132
14053,A132G:T242G:T325C:C420T:G513A:C704A,I44V:I80M:V108A:R140C:V171I,77.847,1,932.045339351073,0.0,False,6,5,0.0,11926.880157416304,cgre132
14055,G78T:C198A:C702T,G26C:L66M:R234C,51.232,3,1374.142328040844,170.38,False,3,3,0.1239900674938933,22179.318137807608,cgre132
14057,C269T:C350T:G609A,V203M,1871.756,14,1037.0191776977313,93.55,False,3,1,0.0902104821317661,14193.66886872476,cgre132
14064,A34G:A601T,E11G:H200L,584.221,2,1394.8639681766203,71.33,False,2,2,0.0511376031121108,22694.6533779949,cgre132
14065,C184T:C401T:C410T,T61I,206.226,2,882.065074389702,28.05,False,3,1,0.0318003748412867,10896.096965349292,cgre132
14066,A64G:A84G:A306C,E21G:K28E:N102H,831.4889999999998,15,1503.9440266316876,171.69,False,3,3,0.1141598337170339,25433.69433141964,cgre132
14072,G388A:T566C:G574T,G129D:W191L,113.654,4,1067.3330773060277,263.59,False,3,2,0.2469613334436397,14871.582720551281,cgre132
14075,A40T:A76G:G171A:G624A,E13V:E25G:V57M:G208S,279.566,4,973.937664767582,97.5,False,4,4,0.1001090763065079,12815.705159166746,cgre132
14078,A25G:A132G,K8R:I44V,1184.255,2,1661.6435182413595,34.34,False,2,2,0.0206662858928638,29434.21942285205,cgre132
14079,T48C:A405T,Y16H:N135Y,400.357,12,1298.1129535761204,186.03,False,2,2,0.1433080222237312,20306.85580050651,cgre132
14085,C176A:A328T,K109I,6818.512000000002,34,1826.5917981639136,92.53,False,2,1,0.050657185745064,33598.86501628448,cgre132
14103,G351A:T396G:A608G,G117S:S132A,2840.255,10,1899.7479215091373,63.73,False,3,2,0.0335465559816871,35418.10059074934,cgre132
14108,A25T:A153G:C161T:T201A:G684A,K8M:T51A:S67T:V228I,940.9960000000002,4,1105.6560534083883,24.34,False,5,4,0.0220140792653985,15742.14736106308,cgre132
14110,A76G:G78A:C524T:C539A,E25G:G26S,4933.648,22,1762.623934359485,93.94,False,4,2,0.0532955431778682,31991.366891197136,cgre132
14121,G299A:A650T,wt,3570.2539999999995,11,1967.2586664168416,55.77,False,2,0,0.0283490935645891,37072.788920703264,cgre132
14126,A328T:A417G:C632T,K109I:M139V,853.6140000000001,11,1203.1448126248083,160.09,False,3,2,0.1330596270042871,18018.108060358794,cgre132
14132,T249C:A675G:T677A,F83L:I225V,48.85,2,760.0879779367586,67.27,False,3,2,0.0885029127583399,8529.762850616398,cgre132
14133,G59A:G212C:G330A:T353C:A430T:T459C,A110T:Y143F,5457.147999999997,30,1066.575981790337,51.73,False,6,2,0.0485009984128527,14854.533770176393,cgre132
14148,A271T:C420T:C439A,D90V:R140C:P146Q,3276.744,14,1032.668888576277,46.03,False,3,3,0.0445738227511247,14097.193258588744,cgre132
14155,C188A:A328G:C538T:C545T,K109R:A179V,2050.911,4,1096.2408408824328,108.07,False,4,2,0.0985823515870907,15526.915116324084,cgre132
14157,T14C:C56A:A349G:C448T:G609A,N116S:A149V:V203M,1614.387,4,994.300306261492,17.57,False,5,3,0.0176707176789094,13255.480026982945,cgre132
14159,A606G,T202A,4424.108,31,1261.3998271989842,116.56,False,1,1,0.0924052766511223,19414.712974656144,cgre132
14174,A85G:C302A,K28R:F100L,291.33,5,1089.3080354765366,82.68,False,2,2,0.0759013954797737,15368.985853043916,cgre132
14178,G160T:C452A:A581C,G53V:E193D,629.5709999999999,16,1242.5487712057102,246.34,False,3,2,0.1982537874637817,18960.09726710047,cgre132
14185,A35T:G461A:T664A,E11D:I221N,367.072,8,1251.9138022247066,204.2,False,3,2,0.1631102713598392,19185.63897520424,cgre132
14189,A58G:C158A:C323T,E19G,90.55,2,1226.310220496036,18.02,False,3,1,0.0146944873318522,18570.500753574866,cgre132
14193,T44A:C198T:G203C:C654T,H218Y,304.746,5,1008.179145749584,113.29,False,4,1,0.1123709020144119,13558.013917627883,cgre132
14195,G159A:C365T,G53S,7961.448999999998,28,1278.0122268997802,146.75,False,2,1,0.1148267574528517,19817.330352740664,cgre132
14210,A145G:T418G,Y48C:M139R,892.262,6,1070.924746706223,85.92,False,2,2,0.0802297269385723,14952.543795467434,cgre132
14213,C170T:T621A:A655G,F207I:H218R,1234.7430000000002,8,1130.1105220681625,119.41,False,3,2,0.1056622318509815,16305.129204278008,cgre132
14217,C269T:T409C:A640G,I136T:D213G,941.109,8,1086.8359465207964,61.43,False,3,2,0.0565218699258624,15312.78689399632,cgre132
14222,G18A:A135G:A153G:G469A:T552C,G6S:K45E:T51A:R156H:F184L,1473.573,14,1552.3042511957267,133.03,False,5,5,0.0856984060293129,26657.969564127936,cgre132
14230,A51G:T150A:C259A:G347T:A398G,I17V:C50S:S86Y:E115D,120.34,4,1022.6455703739036,142.2,False,5,4,0.1390511083405057,13875.7021393722,cgre132
14233,T594A,Y198N,3705.616000000001,8,1158.026099863897,88.53,False,1,1,0.0764490541365216,16954.486181445027,cgre132
14237,A129T:T295C:C661T,T43S:I98T:T220M,1590.538,6,1199.1384084350748,177.34,False,3,3,0.1478895169669663,17922.992354118112,cgre132
14241,T44A:T150C:C314G,C50R,188.206,4,961.8181085440392,52.89,False,3,1,0.0549896072138449,12556.325582593798,cgre132
14243,T612A,W204R,9148.221,40,1501.88400468722,127.74,False,1,1,0.0850531729490007,25381.644396452113,cgre132
14263,T195A:A700T,S65T:Y233F,933.6370000000002,4,1009.2521747270226,9.27,False,2,2,0.0091850186030139,13581.496487264094,cgre132
14265,A136G:A142C:T344C:T426A:G523A,K45R:K47T:L142M:G174D,167.422,6,1200.5351896076152,378.44,False,5,4,0.3152260785655853,17956.13888675956,cgre132
14269,T214A:G609T,F71Y:V203L,408.8399999999999,6,1054.7081841011714,161.16,False,2,2,0.1528005588933033,14588.065483990433,cgre132
14275,G126A,G42S,187.721,5,1088.6882937725254,256.04,False,1,1,0.2351821007579401,15354.89130847598,cgre132
14278,G536A:T664C,M178I:I221T,1640.969,6,979.3965559956904,46.01,False,2,2,0.0469779066695048,12933.116613857126,cgre132
14281,G388A:T664C,G129D:I221T,1355.524,4,985.4124000405304,40.17,False,2,2,0.0407646585311366,13062.920583120316,cgre132
14284,A42C,I14L,14489.012,35,1888.2424889299448,64.91,False,1,1,0.0343758814773753,35133.616087270486,cgre132
14293,C588T,P196S,109.98,4,1273.883380537845,306.02,False,1,1,0.2402260714562392,19717.094756219067,cgre132
14295,G143C:T182A:A328T,K47N:K109I,71.39399999999999,2,1120.8961867475969,109.67,False,3,2,0.0978413534604123,16092.340924691489,cgre132
14297,T476C:G523T:T653C:G703A,G174V:R234H,131.281,2,841.1852102741926,36.11,False,4,2,0.0429275260179973,10078.504149272238,cgre132
14298,C441T:G522A:T542A:T659A:G698A,P147S:G174S,1721.4599999999998,9,1050.4064811498408,76.37,False,5,2,0.0727051873446178,14491.845494529754,cgre132
14304,C113T:T133C:C350G,I44T:N116K,1874.074,6,1113.5763965205408,64.49,False,3,2,0.057912506229033,15923.868883100326,cgre132
14307,A108G:A322T:G338A:A346G:A408G:A515G,T36A:D107V:E115G:I136V,975.7439999999998,17,1511.3360478451182,269.24,False,6,4,0.17814701130426,25620.54308450756,cgre132
14317,A123C,T41P,92.914,1,1024.4051834060497,0.0,False,1,1,0.0,13914.504603315057,cgre132
14318,C420T:T491C:G613T,R140C:W204L,58.559,4,738.9049388889472,108.26,False,3,2,0.1465141106822007,8142.215396971604,cgre132
14320,C124T:A555G:T584A,T41M:N185D:D194E,158.374,2,720.5647793607492,10.94,False,3,3,0.0151825350244088,7812.634668302413,cgre132
14321,T30C:T412G,F10L:L137R,239.426,7,1234.9463429355935,276.89,False,2,2,0.2242121704994924,18777.46162776179,cgre132
14326,G257A:T594C,Y198H,1160.597,2,970.5155081977264,45.14,False,2,1,0.0465113639284612,12742.283814570104,cgre132
14327,G200C:A550T,Q183L,822.439,2,912.2408946750068,33.11,False,2,1,0.0362952375773459,11514.465024489346,cgre132
14328,A286G:A405T,D95G:N135Y,124.60899999999998,5,1250.0405664134164,241.04,False,2,2,0.1928257422009796,19140.47608232041,cgre132
14330,T14C:A24G:A81G:C373T:G533T,K8E:M27V:T124I:Q177H,62.967,2,940.2549302601976,214.14,False,5,4,0.2277467451733976,12099.326909390193,cgre132
14331,G217T:G243A:A349G,C72F:A81T:N116S,553.899,14,1315.2579647220891,295.65,False,3,3,0.2247848011036147,20726.338968543172,cgre132
14337,C109T:C259T:T483A:A534G:C590T,T36I:S86F:L161I:M178V,471.957,10,986.7865568030426,188.58,False,5,4,0.1911051571384951,13092.631199148875,cgre132
14347,T104A:C119G:C267T:A307G:G645A:A686T:G692A,P89S:N102S:E215K,173.16699999999997,6,1367.992568816312,104.44,False,7,3,0.0763454439598083,22026.753515597025,cgre132
14350,G246A:T376C,D82N:V125A,790.485,7,1426.7100287529806,111.73,False,2,2,0.0783130403153175,23490.15458158951,cgre132
14360,G19T:C181T:A343G:A384G:A581G,G6V:A60V:Y114C:T128A,176.511,4,948.7408096794804,204.08,False,5,4,0.2151061680048797,12278.477364795746,cgre132
14363,G86C:C538T,K28N:A179V,3596.0440000000003,8,1142.4052465944155,122.68,False,2,2,0.1073874619936463,16590.264771225113,cgre132
14367,T44C:A142G:C512T:C592T,K47R:P197L,245.479,9,1374.0848562945368,313.92,False,4,2,0.2284575065083978,22177.891545760853,cgre132
14376,G200A:T435A:A532T:G672A:G680A,S145T:Q177L:V224I,3187.442,6,1065.4403050554638,22.88,False,5,3,0.0214746897516787,14828.970729386961,cgre132
14379,A97T:C119A:C269T:C626A:T690A,K32M:L230M,2097.955,7,1583.7168726881853,58.65,False,5,2,0.0370331345276684,27455.00657052772,cgre132
14382,C168A:G423A,P56T:V141I,2105.429,15,1685.2893226510423,83.29,False,2,2,0.0494217811034254,30034.350912698017,cgre132
14389,G210A:G428C,V70M:L142F,367.345,2,950.2677877973008,36.15,False,2,2,0.0380419082538774,12310.810585833204,cgre132
14390,A64G:T103G:C198T:A372T:C431T,E21G:V34G:T124S,157.141,7,1253.8020825965057,325.75,False,5,3,0.2598097455105534,19231.189148904952,cgre132
14393,C269A:T673A,V224D,146.59799999999998,2,807.3524631288738,129.43,False,2,1,0.1603141204256656,9420.18645636436,cgre132
14394,G72A:A261T:A550T,V24I:T87S:Q183L,132.842,2,704.2936781014282,15.86,False,3,3,0.0225190151397552,7524.960313612889,cgre132
14395,T48C:T612A:C635T,Y16H:W204R,696.961,2,941.4887847556682,14.52,False,3,2,0.0154223823322209,12125.318958754156,cgre132
14396,G510T:A529G:C571T,D170Y:H176R:A190V,101.61,4,817.7020888225521,97.69,False,3,3,0.1194689378140985,9619.758280616847,cgre132
14406,C118T:C323T:A559G,A39V:K186R,347.898,8,1131.254407215809,267.23,False,3,2,0.2362244940620334,16331.599829067098,cgre132
14411,C9A:C71T:T82C:C420T:G523A:G526A:C632T:C656T,L3I:M27T:R140C:G174D:G175D,606.932,9,1173.0727373478992,168.22,False,8,5,0.1434011674163653,17307.318152916436,cgre132
14417,C20A:T103C:C113T:A277G:C311T,V34A:Y92C,166.17999999999998,3,865.5492552174367,112.6,False,5,2,0.1300908057181719,10562.936384454733,cgre132
14419,T464C:G537A:C569A:C704T,A179T,465.424,2,824.6739639558475,18.8,False,4,1,0.0227968880087095,9755.103086274363,cgre132
14420,A120G:A328G:A502C:G533A:T593A,T40A:K109R:K167T,105.978,2,673.7980074944365,5.64,False,5,3,0.0083704610836899,6998.046590685197,cgre132
14421,T464G:C596T:C607T,T202I,1972.443,4,998.4964197492023,15.48,False,3,1,0.0155033104714468,13346.712307486952,cgre132
14423,C56G:T148C:T300C,I49T:F100L,526.39,5,936.4094735660487,141.52,False,3,2,0.1511304658858921,12018.443815901559,cgre132
14425,G69A:G102A:C538T,D23N:V34I:A179V,3383.963,15,1205.22375927961,147.1,False,3,3,0.1220520246696141,18067.513718307495,cgre132
14433,G162A:A678G,D54N:K226E,2967.42,6,994.3738854653992,28.8,False,2,2,0.0289629488675888,13257.078021613725,cgre132
14436,C139T:A472G,A46V:K157R,2213.706,6,993.1793341345358,15.59,False,2,2,0.0156970644315563,13231.142572338968,cgre132
14439,T133C:A238T,I44T:H79L,430.8430000000001,5,880.8182307202891,69.4,False,2,2,0.0787903764698968,10870.81305907846,cgre132
14442,C60T:T103C:G324T:C350T,V34A:V108L,604.0900000000001,4,914.554936615397,21.31,False,4,2,0.023300951257083,11562.388555013198,cgre132
14444,G330A:T389C:A487G:G504A,A110T:K162R:A168T,1355.7709999999995,9,916.5373074542669,39.02,False,4,3,0.0425732806320565,11603.499379048746,cgre132
14449,T337C:A393G:T566C:A675G,V112A:K131E:I225V,1652.249,16,1020.5062207964272,105.74,False,4,3,0.103615242950188,13828.572464009605,cgre132
14459,A115G:T426G,D38G:L142V,242.231,9,1214.9011351228053,231.1,False,2,2,0.1902212396703702,18297.93431455095,cgre132
14462,C8T:C538T:A663G,A179V:I221V,3437.374,10,1075.878269689411,55.86,False,3,2,0.051920372010233,15064.420280823677,cgre132
14467,C118A:T308C:A400G,A39D:N133S,485.2399999999999,14,1285.449746206286,203.95,False,3,2,0.1586604226278874,19998.16603112803,cgre132
14475,A550T,Q183L,992.411,2,918.2526449807026,34.18,False,1,1,0.0372228712727729,11639.114116824667,cgre132
14476,T325C:T685C,V108A:V228A,789.8340000000001,3,882.6704707882652,16.74,False,2,2,0.0189651750613684,10908.38112654564,cgre132
14478,A648T:T691C,T216S:L230S,1438.287,2,1068.126448547482,49.61,False,2,2,0.0464458117926612,14889.45492364137,cgre132
14480,T216A:C302T:T479C:T612A,C72S:W204R,70.771,2,673.7820025938609,89.38,False,4,2,0.1326541814057269,6997.774319001531,cgre132
14481,G159T:C564T,G53C:L188F,131.418,2,959.8509706074844,58.4,False,2,2,0.0608427785024158,12514.395065322244,cgre132
14482,A486G:C543A:C590A,K162E:H181N,359.72400000000005,2,770.3693915150865,26.36,False,3,2,0.0342173511698819,8720.471221772514,cgre132
14483,A304T:C443T:A618T:C632G,D101V:S206C:D210E,256.285,6,1039.6445813332737,150.79,False,4,3,0.1450399518329831,14251.99199385863,cgre132
14487,T44C:T201A:C616A,S67T:T205N,1707.231,7,970.3192777410028,50.8,False,3,2,0.0523539016129487,12738.07805386949,cgre132
14490,T242A:A472T:C530T:A678G,K157M:K226E,1697.7910000000002,4,950.2240023644885,30.04,False,4,2,0.0316135983991669,12309.88303786362,cgre132
14495,A147G:C157T:C259A:C332T:G624A,I49V:T52I:S86Y:G208S,350.834,9,1004.830587897154,114.11,False,5,4,0.1135614315233,13484.817658216063,cgre132
14502,G79A:C113T:C139T,G26D:A46V,2241.1690000000003,8,1022.7720272948882,54.57,False,3,2,0.053354998517442,13878.489576850507,cgre132
14506,C13T:G114A:A145G:T459C,P4L:D38N:Y48C,1218.1049999999998,17,1137.4048544798468,126.93,False,4,3,0.1115961475811065,16474.1319679665,cgre132
14514,C68T:T535C:A618G,M178T:S206G,461.816,3,840.2405171656478,30.27,False,3,2,0.0360253991346533,10059.892939965399,cgre132
14516,A363C:T594C,N121H:Y198H,655.802,2,977.726221250968,17.37,False,2,2,0.0177657094823289,12897.152509115951,cgre132
14517,A38G:C139T,A46V,1928.578,2,1013.8495346778028,29.98,False,2,1,0.0295704628493295,13682.255490396195,cgre132
14518,A123T:G450A:A454G,T41S:V150I:Y151C,2721.699,4,917.302506536064,57.65,False,3,3,0.0628473154594323,11619.382069437,cgre132
14520,G312A:C350T:T464C:G503A:C603T,G104S,264.634,4,838.630111591195,129.99,False,5,1,0.1550027815640441,10028.1966415076,cgre132
14522,G77A:C139T,A46V,3860.821,17,1029.8679076826745,49.29,False,2,1,0.0478605068012152,14035.186371401776,cgre132
14530,A120T:T297A:A394G:C442T:A581G,T40S:S99T:K131R:P147L,2319.771,7,1065.4210983309183,45.45,False,5,4,0.0426591890016085,14828.538518716094,cgre132
14539,G317C:C548A:C571T:A606G,Q105H:A190V:T202A,785.8309999999999,2,879.7271515969536,42.45,False,4,3,0.0482535976330175,10848.70541385662,cgre132
14540,A81G:C443T:A489G:T690A,M27V:I163V:L230M,7046.828,12,1056.71897507347,58.71,False,4,3,0.0555587638576454,14633.109867467268,cgre132
14546,T144C:C209A:C263A:T459A:G536A:G611A,Y48H:L153M:M178I,581.158,4,878.1815891180158,81.89,False,6,3,0.0932495067247362,10817.417135327269,cgre132
14548,C68T:A310G:G403A,D103G:G134D,5452.951999999999,12,1148.2168336240668,114.33,False,3,2,0.0995717852691161,16725.51844489181,cgre132
14554,A316T:A606G,Q105L:T202A,2499.659000000001,4,993.1537030667212,26.33,False,2,2,0.026511505639758,13230.58626775711,cgre132
14556,T28G:A502T:G609A,L9R:K167M:V203M,687.757,4,906.9230144316988,64.17,False,3,3,0.070755730066251,11404.60119650764,cgre132
14559,A90G:T172C:A628C,I30V:V57A:K209T,71.568,4,997.4090530313716,343.33,False,3,3,0.3442218605862214,13323.050976134622,cgre132
14560,T150G,C50G,507.885,13,1107.8767760677274,140.84,False,1,1,0.1271260514187275,15793.03825174898,cgre132
14568,C189A:A277T,L63M:Y92F,2399.923,10,939.245963315474,35.95,False,2,2,0.0382753840890611,12078.086658739105,cgre132
14574,A544T,H181L,177.663,4,624.2712615295613,83.84,False,1,1,0.1343005920128038,6177.537769164969,cgre132
14576,A120G:C259T:A359G:C538T,T40A:S86F:A179V,2982.637,20,984.3069355892516,54.51,False,4,3,0.0553790672696701,13039.035623514092,cgre132
14587,G59C:A186T:T396C,E19D:I62F:S132P,3860.533,16,1019.4373169645175,46.56,False,3,3,0.0456722539239953,13805.043832469039,cgre132
14599,A25G:T133C:A147G:A349G,K8R:I44T:I49V:N116S,1891.097,2,971.8611086062084,10.86,False,4,4,0.0111744362479684,12771.136340328003,cgre132
14600,C113T:A487G:A678G,K162R:K226E,765.6990000000001,2,875.0657588959737,3.76,False,3,2,0.004296819938131,10754.4411838039,cgre132
14601,A393G:A678G,K131E:K226E,4805.949,10,964.402091272774,34.64,False,2,2,0.0359186280426701,12611.476798498446,cgre132
14606,A93G:C320T:T435C,I31V:S145P,149.47900000000004,3,636.6152506924968,3.25,False,3,2,0.0051051243218957,6377.864273941984,cgre132
14608,C234A:A550T,R78S:Q183L,2793.8520000000003,2,918.5715949903126,34.87,False,2,2,0.0379611128736979,11645.740582590604,cgre132
14609,T52A:C305T:A454G,I17N:Y151C,681.364,2,805.9325398903259,3.83,False,3,2,0.0047522587939198,9392.932444494127,cgre132
14610,G212A:C432T:A688T,H144Y:D229V,1344.091,10,939.3179632753012,49.94,False,3,2,0.0531662354522259,12079.601935608418,cgre132
14615,T95A:G519T:G533C,G173C:Q177H,494.4930000000001,13,810.4570347942915,104.01,False,3,2,0.1283349956070152,9479.88214518427,cgre132
14621,G114A:G246A:G377A:C439T:A675G,D38N:D82N:P146L:I225V,2425.26,6,879.6512514889528,15.98,False,5,4,0.0181662903030618,10847.16812431009,cgre132
14624,G79A:T213C:A532T:A643G,G26D:F71L:Q177L:D214G,2747.477,6,1065.7618158569471,37.09,False,4,4,0.0348013969426902,14836.20628476232,cgre132
14627,T148C:G520A:C540T:T566A,I49T:G173D:R180C,536.49,6,776.0609543993916,104.21,False,4,3,0.1342806894345691,8826.765627259012,cgre132
14631,A291G:A359T:A493G,I97V:E164G,903.469,6,778.3893628750319,78.14,False,3,2,0.1003867777835308,8870.39782616258,cgre132
14634,G222A:T453A,A74T:Y151N,389.567,2,722.5153865010966,8.37,False,2,2,0.0115845283801264,7847.421541350305,cgre132
14635,T104A:G210A:C702A,V70M:R234S,1155.233,4,880.2978271243327,26.68,False,3,2,0.0303079244068516,10860.26649342187,cgre132
14637,C174G:A334G:T621C,P58A:K111R:F207L,2370.143,6,920.668304715846,39.49,False,3,3,0.0428927549669347,11689.334739679558,cgre132
14640,A6G:G126A:A304G:A430G,T2A:G42S:D101G:Y143C,146.869,1,599.1025785367024,0.0,False,4,4,0.0,5777.892519719609,cgre132
14646,G143A:C355T:A550T,T118I:Q183L,1350.932,6,838.1936729723241,41.91,False,3,2,0.050000377420391,10019.613093097994,cgre132
14649,T28C:T213C,L9P:F71L,4756.002,11,1163.010788246152,126.6,False,2,2,0.1088553960801307,17071.15915898286,cgre132
14654,G69A:C236T:A454G:C547T,D23N:Y151C:A182V,790.723,2,754.6907509737156,13.85,False,4,3,0.0183518878191239,8430.328599957487,cgre132
14655,C287T:G680T:C682T,K226N:A227V,6457.387000000001,12,1005.0998351613664,38.18,False,3,2,0.037986276252717,13490.698383402068,cgre132
14661,A474C:A550T:C626G,N158H:Q183L,2094.237,8,845.2100819435411,40.09,False,3,2,0.0474319945495846,10157.942656655141,cgre132
14665,G62T:C68T:C189A:C362T:A606T,L63M:T202S,4382.936999999999,10,956.965387672104,48.41,False,5,2,0.0505869915710966,12452.97390687772,cgre132
14670,G173A:G395A:C407T:T594C:A695G,Y198H,4050.612,6,981.4791281229036,36.26,False,5,1,0.0369442395268739,12978.003443242289,cgre132
14673,T426C:T455C:A555G,N185D,1322.795,4,780.3005517086283,24.72,False,3,1,0.0316801006302898,8906.275402515139,cgre132
14675,G62A:A225C:A454G,K75Q:Y151C,664.898,2,734.7048606114438,23.41,False,3,2,0.0318631347838334,8066.245508503779,cgre132
14676,T300A:T455C,F100I,1352.25,12,845.0301488633497,42.95,False,2,1,0.0508265889184806,10154.386318585422,cgre132
14681,T110A:A384T:C540T,T128S:R180C,4789.413,12,940.5771764079376,38.04,False,3,2,0.0404432522435582,12106.113395482611,cgre132
14687,A660T:A678G,T220S:K226E,3104.626999999999,10,927.1246756576506,34.28,False,2,2,0.0369745309342388,11823.933856655112,cgre132
14692,C119T:C237A:C540T,H79N:R180C,1280.48,2,813.7219086810298,9.42,False,3,2,0.011576436494464,9542.817385776576,cgre132
14693,A356T:T594C,Y198H,3368.57,10,981.5244125601488,37.56,False,2,1,0.0382670054044104,12978.98005975769,cgre132
14698,A35G:C442A:G473A:C632T,P147H,1874.724,2,939.5444372703575,15.03,False,4,1,0.0159971145629539,12084.368629545428,cgre132
14699,A54G:A306G:G473A:A502C:A515G:G624A,T18A:N102D:K167T:G208S,7663.73,12,912.3824266944204,36.99,False,6,4,0.0405422100620849,11517.39410410744,cgre132
14705,C119A:G537A,A179T,1779.115,2,828.5837241248105,6.31,False,2,1,0.0076154042328853,9831.319578544413,cgre132
14706,A440T:A678G,K226E,6636.380999999999,14,948.6381434762164,38.12,False,2,1,0.0401839207733224,12276.304493480633,cgre132
14713,A454G:G523A,Y151C:G174D,1475.675,8,758.6903595605876,30.56,False,2,2,0.0402799371507758,8503.969236960387,cgre132
14717,T11C:T150C,C50R,2483.049999999999,25,907.6702420986414,93.88,False,2,1,0.1034296329721444,11420.015722025018,cgre132
14730,C101T:C128T:A333G:G416A:C607T,K111E:T202I,7342.311,14,988.9457154587816,37.47,False,5,2,0.0378888339514341,13139.35948469256,cgre132
14737,T133C:A147G:G611A,I44T:I49V,8425.624,23,1013.6486049333732,60.62,False,3,2,0.0598037620778697,13677.84674933636,cgre132
14748,C275T:A493G,E164G,2886.021,8,861.7623548428214,41.79,False,2,1,0.0484936476572153,10487.085113419593,cgre132
14752,A472T:A555G,K157M:N185D,1675.998,2,754.6755766127213,20.38,False,2,2,0.027004981519971,8430.04970162069,cgre132
14753,C155T:T258G:A359G:A555G,S86A:N185D,3518.669,4,827.2831081330087,44.57,False,4,2,0.0538751481346989,9805.94035521728,cgre132
14755,C161T:T424C:C439A:A675G,V141A:P146Q:I225V,1729.993,4,771.9122273836753,6.32,False,4,3,0.008187459371412,8749.234259963667,cgre132
14757,C374A:A493G,E164G,1755.252,8,805.7014877254084,44.17,False,2,1,0.0548217927767481,9388.500526992642,cgre132
14761,C184T:A515G,T61I,8753.526,30,955.5180600903226,42.52,False,2,1,0.0444994205509634,12422.205620639888,cgre132
14775,T44C:T133C:A372G,I44T:T124A,5770.551,8,937.4539897089512,29.27,False,3,2,0.031222865678013,12040.394908972246,cgre132
14779,T424C:G447T:G570A:T638C:G645A,V141A:A149S:A190T:E215K,3421.6660000000006,13,891.8646161827177,67.83,False,5,4,0.0760541440586802,11095.558804352877,cgre132
14785,C155A:G235A:T276C,R78H:Y92H,1271.565,6,659.1915397242583,31.46,False,3,2,0.0477251270748405,6751.456217748632,cgre132
14788,T43C:G551T,I14T:Q183H,2094.136,6,729.2049633448489,29.71,False,2,2,0.040743002987419,7967.205944302819,cgre132
14791,T453A:C521T:C602T,Y151N,2537.955,6,741.7037621728576,27.84,False,3,1,0.0375352012755623,8193.000966881262,cgre132
14794,T276C:C355T:G469T:G560A,Y92H:T118I:R156L,1227.1239999999998,6,627.8965247689812,33.68,False,4,3,0.0536394113861224,6236.078879895855,cgre132
14797,G352C:C543A,G117A:H181N,4576.219000000001,8,795.3101326117161,28.81,False,2,2,0.03622486225014,9190.022049090943,cgre132
14801,C130T:T182C:A408G:T491A:A534G,T43I:I136V:M178V,12634.165,16,957.7609807342234,31.98,False,5,3,0.0333903767675772,12469.898237305615,cgre132
14809,C230T:A502C:C524T:A695G,K167T,3428.615,4,694.7728595658514,35.8,False,4,1,0.0515276316670899,7358.725109123238,cgre132
14811,G212A:C506G:A555G:T677C,N185D,5362.152999999999,17,760.5715188113502,42.2,False,4,1,0.0554845914634717,8538.694098763843,cgre132
14819,A147T:C152T:C263A:T396C:G421A:T453A:A499T:C599T,I49F:S132P:R140H:Y151N:N166I,2543.708,14,656.4779556850359,38.52,False,8,5,0.0586767608362482,6706.064412090296,cgre132
14826,T459C:A502C,K167T,3357.491,6,696.8661942362203,21.1,False,2,1,0.0302784095060401,7395.141405487297,cgre132
14829,A226T:G494A:A555G,K75I:N185D,2508.955,8,655.5884744992128,20.82,False,3,2,0.0317577273088942,6691.214304939186,cgre132
14833,A454G:C632T,Y151C,11599.930000000002,24,810.6164066673084,17.81,False,2,1,0.0219709345302081,9482.950535592892,cgre132
14845,A37T:C260T:A454G:G488T,K12I:Y151C:K162N,2555.407,11,654.0819880866648,31.55,False,4,3,0.0482355432111664,6666.095633838519,cgre132
14851,C230T:A359G:T453A,Y151N,6836.593,6,756.4619669854945,13.54,False,3,1,0.0178991153434414,8462.908344932388,cgre132
14854,T258G:T370C:T453A,S86A:V123A:Y151N,6872.903000000001,12,725.723604846463,21.48,False,3,3,0.0295980451187672,7904.775076580569,cgre132
14860,T353A,wt,3030.697,10,2002.6044403213652,52.78,False,1,0,0.0263556791033231,37927.883130948714,cgre132
14865,T11A,wt,15807.808000000006,49,1977.6688371912471,70.2,False,1,0,0.0354963372430444,37325.49903646728,cgre132
14867,C113T:G173T:T479C:C500T,wt,3593.946999999999,10,1989.409957018874,59.94,False,4,0,0.0301295365434985,37609.66278506544,cgre132
14884,C164T,wt,3886.352,10,1961.6428672074817,55.76,False,1,0,0.0284251536975115,36936.175336875494,cgre132
14889,C155T,wt,3539.418,14,1970.8310415497165,37.47,False,1,0,0.0190122842648836,37159.58838250979,cgre132
14898,C263T:G414A:A650T,G138R,2878.239,10,1886.8100164233344,62.51,False,3,1,0.0331299916027024,35098.15055677136,cgre132
14908,C149G,I49M,3530.787,12,1921.6409518000748,53.46,False,1,1,0.0278199733149535,35957.5334575555,cgre132
14920,A115T:A398G:A643G,D38V:D214G,212.301,3,1684.2377847914072,107.72,False,3,2,0.0639577148622996,30007.674532278288,cgre132
14924,G560C,K186N,804.8779999999999,8,1837.780492612654,25.97,False,1,1,0.0141311762228361,33878.589565714596,cgre132
14928,G137T,K45N,2259.5930000000003,10,1947.936552251352,28.31,False,1,1,0.0145333275702847,36601.92256529473,cgre132
14933,C113T:G125A:C206T:G513A,V171I,1578.459,6,1955.128254208841,24.05,False,4,1,0.0123009832977591,36777.4489760821,cgre132
14936,T150A:C158T,C50S,3075.7900000000004,8,1925.83445813008,37.48,False,2,1,0.0194616935229167,36060.56280561752,cgre132
14943,A54G:G450A,T18A:V150I,4045.252,18,2018.810412490114,82.28,False,2,2,0.0407566750651494,38317.053346569955,cgre132
14952,C92A:C505T:T585C,A168V:Y195H,745.9179999999999,2,2009.4471163277728,1.48,False,3,2,0.0007365210002165,38092.433073480905,cgre132
14963,A294G:G447A,I98V:A149T,3674.972,19,1923.3117038067244,62.02,False,2,2,0.0322464631589599,35998.59353171088,cgre132
14979,C350G:C446T,N116K,2871.086,10,1970.6854767382092,43.32,False,2,1,0.0219821988396145,37156.053136105795,cgre132
14990,C198A:C323A,L66M:D107E,963.264,2,2075.177777446638,24.97,False,2,2,0.012032704027278,39655.14631771073,cgre132
14991,C158A,wt,913.096,4,1998.5270446679228,48.19,False,1,0,0.0241127585081078,37829.67456079745,cgre132
15006,A40T:C248T,E13V,3778.677,9,1971.108434907584,37.18,False,2,1,0.0188624833325028,37166.324892711185,cgre132
15012,T104C:G114T,D38Y,613.4480000000001,2,1930.1658903721889,27.52,False,2,1,0.0142578418452381,36166.87727713553,cgre132
15018,T371A,wt,6128.46,16,1989.4154648876156,46.57,False,1,0,0.023408886088372,37609.79587165362,cgre132
15026,C357T,wt,1220.547,4,1927.3520304391695,90.13,False,1,0,0.0467636418135107,36097.823481699575,cgre132
15028,T308A:G533A,N102K,10501.714999999997,31,1963.2646274652143,41.78,False,2,1,0.0212808805372011,36975.64779364103,cgre132
15043,C530T,wt,4043.356,23,1987.3217029848856,57.59,False,1,0,0.0289787002846604,37559.18950560192,cgre132
15045,A90T:G173A:G477A,I30F:G159S,1495.7910000000002,10,1949.7339266035283,53.31,False,3,2,0.0273421923230658,36645.820162734664,cgre132
15059,A335G:A339G:A349G:C468T:A475G,T113A:N116S:R156C:N158S,356.117,2,1792.3209529091832,35.61,False,5,4,0.0198680933468975,32739.25171537637,cgre132
15060,A291T,I97F,2608.706,6,1924.8117860119007,36.18,False,1,1,0.0187966430083862,36035.446035726214,cgre132
15063,C569T,wt,7082.307999999999,49,1954.7436612733484,108.42,False,1,0,0.0554650730671118,36768.070285876194,cgre132
15083,T10C:G222A:A502T:C528T:G666A,L3P:A74T:K167M:H176Y:V222I,5774.520999999999,16,2230.795025246842,85.65,False,5,5,0.0383943836303484,43200.89724452517,cgre132
15092,G222A,A74T,1332.461,12,1960.8172748830937,57.44,False,1,1,0.0292939075638369,36916.07468193563,cgre132
15101,A16G:G243A:C462T:G469A,E5G:A81T:P154S:R156H,139.281,6,1804.3501037842511,94.69,False,4,4,0.0524787289348155,33041.43470451765,cgre132
15104,C244T:A306G,A81V:N102D,7252.456999999998,16,2005.1776126718007,30.2,False,2,2,0.0150610099619853,37989.80071394635,cgre132
15112,C374T:G447T:A474T:C548T:C603A,A149S:N158Y:L201M,188.602,4,1712.8430634867314,92.57,False,5,3,0.0540446477399749,30732.84664812796,cgre132
15114,C323T:A327G,K109E,526.8609999999999,8,1902.82767966126,113.18,False,2,1,0.0594798999456158,35494.137120891006,cgre132
15118,T10C:G79A,L3P:G26D,1951.051,2,1850.724764619123,22.33,False,2,2,0.0120655434167681,34201.58270065298,cgre132
15119,T103C:C259G:C269T:G317A,V34A:S86C,621.153,2,1957.4338789070136,28.89,False,4,2,0.0147591192281455,36833.654864725715,cgre132
15120,G57A,E19K,10525.218,41,1927.2879121714575,58.23,False,1,1,0.0302134411948823,36096.24945972479,cgre132
15127,G72A:T103C:C374A:G447A:C668T,V24I:V34A:A149T,537.097,6,1895.1111380124412,85.73,False,5,3,0.0452374524535337,35303.53099325762,cgre132
15130,A70T:T182C,D23V,161.96800000000002,5,1893.1630457209856,53.76,False,2,1,0.0283969202343722,35255.3634567459,cgre132
15131,A394G,K131R,9047.893000000002,33,1916.915726414896,155.05,False,1,1,0.0808851416175616,35841.32396825644,cgre132
15136,C71T:C244T:T459C:C649G,A81V:T216R,619.045,8,1920.91524832782,78.9,False,4,2,0.0410741702783001,35939.69389758612,cgre132
15141,G303A:A306G:C701T,D101N:N102D,152.15699999999998,2,1740.407136026639,26.01,False,3,2,0.0149447789896914,31430.351279095292,cgre132
15142,A34T,E11V,3251.118,12,1976.682399563001,65.69,False,1,1,0.0332324505011642,37301.58317148849,cgre132
15145,A348T:A608G,N116Y,2992.655,14,1942.1611390063035,69.99,False,2,1,0.0360371745651393,36460.7375353244,cgre132
15161,A322G,D107G,2193.4950000000003,11,1868.3857046122475,57.14,False,1,1,0.030582550411805,34641.122743127264,cgre132
15164,A38G:G672A:A695G,V224I,2848.921,5,1895.393918680872,81.1,False,3,1,0.0427879393305444,35310.52129840258,cgre132
15171,A394G:C468T,K131R:R156C,734.111,3,1982.6182023739204,54.42,False,2,2,0.0274485525931514,37445.39792982899,cgre132
15172,A145T:G162A,Y48F:D54N,2300.789,12,1953.196375772519,33.04,False,2,2,0.0169158618200549,36730.328980595776,cgre132
15181,A108G:A627G,T36A:K209E,453.443,2,1793.2671141534238,17.98,False,2,2,0.0100263925313146,32763.03694288553,cgre132
15182,G415A,G138E,790.434,13,1841.8350842841116,49.77,False,1,1,0.0270219632716708,33979.835604785396,cgre132
15184,T667C:G684A,V222A:V228I,140.03,5,1859.9948838867813,104.74,False,2,2,0.056311982848645,34432.46487298069,cgre132
15186,C545T,wt,14379.14,37,2000.233566979864,48.08,False,1,0,0.0240371928527304,37870.79218193379,cgre132
15189,A356T,wt,1548.412,8,1985.4073015106555,42.83,False,1,0,0.0215723997627144,37512.892390279405,cgre132
15190,C119T:G684A,V228I,1118.5259999999998,2,1987.857845933936,17.48,False,2,1,0.0087933853196567,37572.15094219717,cgre132
15191,G102A:T150A:G437A:T566C,V34I:C50S,334.28,4,1899.9173315610856,26.76,False,4,2,0.0140848233528205,35422.284444351215,cgre132
15195,C155A:G377A:A577G,E192G,8125.094,24,1993.8698131150568,34.29,False,3,1,0.0171977125961038,37717.3585411583,cgre132
15207,G143A:T325C,V108A,1420.7759999999998,4,1892.601034727364,30.9,False,2,1,0.0163267373487678,35241.46392634107,cgre132
15209,C623A:A646T,F207L:E215V,3888.468,6,1963.8522811529745,20.19,False,2,2,0.0102808139867559,36989.9467661048,cgre132
15212,A70T:T389A,D23V,1285.111,8,1975.9429670480024,84.31,False,2,1,0.042668235574611,37283.65168441194,cgre132
15216,G117C,A39P,1171.207,24,1904.5556571960065,84.44,False,1,1,0.0443358006792604,35536.777889477424,cgre132
15222,C119T:T386A:T509C,wt,258.00699999999995,4,1994.9194346226964,88.26,False,3,0,0.0442423881727799,37742.68479247513,cgre132
15224,A306T:G437A,N102Y,1298.004,4,1943.590608426156,42.59,False,2,1,0.0219130509353961,36495.7006657208,cgre132
15230,G63A:A322C:C468T,E21K:D107A:R156C,208.816,2,1704.7063761855818,120.55,False,3,3,0.0707159905565323,30526.691975051763,cgre132
15233,T116A:G503A,D38E,102.685,3,1991.7251706407053,53.88,False,2,1,0.027051925031739,37665.58708231203,cgre132
15234,T464A,wt,5586.040999999999,16,2001.7384982906156,67.08,False,1,0,0.0335108707042817,37907.03570084426,cgre132
15237,G26A:A147T:G245T,I49F,121.172,4,1797.5385973718842,130.82,False,3,1,0.0727772967942202,32870.381049481526,cgre132
15239,T389A:C432T:G503A,H144Y,1961.704,4,1953.5932088165348,31.86,False,3,1,0.016308410500311,36740.009909891516,cgre132
15241,C47T:A183T:T297A,T61S:S99T,201.322,2,1869.0758381275143,24.27,False,3,2,0.0129850268806183,34658.2704902805,cgre132
15243,G21T:C68T:C298T:C633T,A7S:S99L:P211S,1906.405,9,1840.1018431189,38.66,False,4,3,0.0210097066880128,33936.56340822262,cgre132
15255,G57A:G395A,E19K,2663.65,15,1907.6845049914805,60.58,False,2,1,0.0317557750463935,35613.94783207203,cgre132
15262,C524T,wt,2033.615,12,2006.1757164994187,54.95,False,1,0,0.0273904222586655,38013.80522416392,cgre132
15264,C230T:T281A:A306G:C350T:G380T,S93R:N102D:K126N,717.232,2,1994.748725413466,39.02,False,5,3,0.0195613610390511,37738.5662771402,cgre132
15265,G26A:A307G:C554T,N102S,3415.5170000000003,12,1903.982186553767,55.78,False,3,1,0.0292964925795669,35522.62825207206,cgre132
15271,A85G:C404T:A646T,K28R:E215V,7072.875999999999,18,1957.529553468276,50.62,False,3,2,0.0258591242774922,36835.9864829767,cgre132
15280,A58T:G299A:G519A,E19V:G173S,964.408,15,1816.1247333578924,96.1,False,3,2,0.0529148677042229,33336.75464084153,cgre132
15286,T14A:A348T:A449G:A629G,N116Y,1680.149,5,1991.843508971333,39.69,False,4,1,0.0199262641975812,37668.4445788267,cgre132
15296,C154T:A487G:A532T,T51I:K162R:Q177L,2085.208,8,1966.873766876338,43.59,False,3,3,0.022162072998323,37063.43198690338,cgre132
15300,A348C,N116H,669.7189999999999,4,1897.4713120533245,70.74,False,1,1,0.0372811960584793,35361.86183259731,cgre132
15304,G299A:C563T:C697T,T232M,384.493,2,1853.5114584592616,16.18,False,3,1,0.0087293768409986,34271.02699543943,cgre132
15305,T110A:C198T,wt,2601.7520000000004,4,1912.9424502957493,33.92,False,2,0,0.0177318455109592,35743.51336736661,cgre132
15307,A394T:C516T,K131M,3554.2759999999985,14,1935.5025276465792,33.28,False,2,1,0.0171945009239878,36297.71748082456,cgre132
15314,C236T:T497C:C633T,P211S,2074.328,4,1995.722145036511,72.95,False,3,1,0.0365531846111099,37762.04821918436,cgre132
15316,G647A,wt,9660.517,43,2009.9664865569064,61.38,False,1,0,0.030537822600786,38104.90906484455,cgre132
15338,A156C,T52P,1364.459,11,1669.3781945258584,84.6,False,1,1,0.0506775518438039,29630.580733650106,cgre132
15339,A34G:G77T:G83A:C101A:T215C:C248T,E11G:E25D:M27I,1145.527,4,1903.8554574864395,59.5,False,6,3,0.0312523725296639,35519.50114732227,cgre132
15348,C221T:G347T:A474G,E115D:N158D,310.96200000000005,12,1907.5481457036087,78.76,False,3,2,0.0412886040005815,35610.58573600266,cgre132
15354,C46A:T94C:T133G:G203A:C206T,P15H:I31T:I44S,54.616,4,1697.0643070730632,257.14,False,5,3,0.1515204809436425,30332.978650915775,cgre132
15357,T396C,S132P,17579.086,39,1981.764690554799,55.61,False,1,1,0.0280608491336233,37424.73309959801,cgre132
15360,G77T:C482A,E25D,2659.951,8,1943.5474456677905,55.45,False,2,1,0.0285303042761313,36494.64513310229,cgre132
15364,G26T:A618G,K8N:S206G,2541.12,8,1862.4703116825144,30.14,False,2,2,0.0161828082901209,34494.054910199135,cgre132
15368,G546A,A182T,331.927,2,1963.9893351804903,14.03,False,1,1,0.0071436233123489,36993.28129392775,cgre132
15369,A343T,Y114F,6661.304,16,1976.4623532173312,79.5,False,1,1,0.0402233818775187,37296.24734773815,cgre132
15375,G57A:C315A:C385T,E19K:Q105K:T128I,950.946,15,1696.497842016606,172.57,False,3,3,0.1017213200783492,30318.616479871052,cgre132
15389,T11C:G243T,A81S,288.256,2,1974.6711737686005,64.56,False,2,1,0.032694050967883,37252.801911213115,cgre132
15390,C267T:A405G,P89S:N135D,84.363,1,1411.6204850604922,0.0,False,2,2,0.0,23112.723629546785,cgre132
15391,G69A,D23N,2901.874,14,2026.488091597918,70.25,False,1,1,0.0346658834519016,38500.757410693666,cgre132
15395,C290A,wt,3270.449,10,1992.2388796412813,53.12,False,1,0,0.0266634691968087,37677.9908361687,cgre132
15400,C107G:G270T,D90Y,644.451,2,1869.5626941254504,29.18,False,2,1,0.015607928042044,34670.36609695299,cgre132
15401,A36G:C68G:G387T:T617C,K12E:G129C,522.686,4,1867.653434643379,45.75,False,4,2,0.024495979367144,34622.925667240765,cgre132
15403,A328C,K109T,656.1650000000001,4,1909.1809117434168,63.01,False,1,1,0.0330036821615091,35650.83702371181,cgre132
15416,T91C:T390C,I30T:F130L,589.8050000000001,2,1956.1845819419823,2.25,False,2,2,0.001150198207659,36803.20391791099,cgre132
15417,T28C:C109T:C350T:C468A,L9P:T36I:R156S,842.039,8,1750.4824908553835,65.77,False,4,3,0.0375724980647256,31684.91724237423,cgre132
15420,C189G,L63V,1381.9530000000002,4,1896.6646895170124,23.01,False,1,1,0.0121318228399451,35341.92962226796,cgre132
15422,A226G:C674T,K75R,391.159,14,1886.7834335424632,81.22,False,2,1,0.0430468057733092,35097.49231597167,cgre132
15426,T116G:T292C:T435A,D38E:I97T:S145T,2198.9619999999995,14,2008.918307712284,59.21,False,3,3,0.0294735728041759,38079.728374259386,cgre132
15436,C155A:T337A:G387T:A529T:C569T:T676A,V112E:G129C:H176L:I225N,315.48299999999995,2,1947.389251446476,9.72,False,6,4,0.0049912979609907,36588.551872659824,cgre132
15437,G321A:A354T:C462T:A532T,D107N:T118S:P154S:Q177L,55.259,1,1396.9492012222308,0.0,False,4,4,0.0,22746.61596277639,cgre132
15438,T507C,F169L,1687.9830000000002,4,1920.0584516322335,24.12,False,1,1,0.0125621175644396,35918.62800754247,cgre132
15440,T44C:T182C:T427C:G605A,L142S,1217.9920000000002,4,2063.4866992395114,35.37,False,4,1,0.0171408907132938,39379.6934852997,cgre132
15442,A307G:C374T,N102S,550.875,12,1980.007820710186,61.09,False,2,1,0.0308534134870681,37382.18135670054,cgre132
15447,C109T,T36I,401.343,6,1887.7287991896949,37.22,False,1,1,0.019716815262858,35120.89917740425,cgre132
15450,A394G:A572G,K131R,6054.503999999999,19,2021.63037545841,82.08,False,2,1,0.0406008937125255,38384.57737610945,cgre132
15460,C22T:G125A:G450A:C626T,A7V:V150I,622.794,10,1893.3853544324504,36.33,False,4,2,0.0191878530775316,35260.8611103943,cgre132
15463,A74T:G387T,G129C,886.833,2,1950.0458421793555,25.41,False,2,1,0.0130304629000936,36653.436145217594,cgre132
15464,A64G:A663G,E21G:I221V,1842.192,7,1954.6721879246188,48.61,False,2,2,0.0248686200685199,36766.327235331555,cgre132
15468,G525T:C599T,G175C,1193.755,6,1908.9024101221664,79.45,False,2,1,0.0416207762003482,35643.97234078605,cgre132
15475,G162A:T479A,D54N,5386.336,10,2058.0948397314064,46.13,False,2,1,0.022413933075125,39252.27831822663,cgre132
15480,C12A:C244T,P4T:A81V,1198.962,8,2070.8628002572614,64.13,False,2,2,0.0309677685996547,39553.61321391732,cgre132
15484,G83A:A335T:G519T,M27I:K111N:G173C,231.472,2,1567.6514669230949,101.88,False,3,3,0.0649889354551268,27047.247946500203,cgre132
15485,C22T:G387T,A7V:G129C,160.812,6,1907.078150553532,44.07,False,2,2,0.0231086492114697,35598.99671125669,cgre132
15488,C165A:C545T,L55M,3888.356,6,1965.3705402144692,50.64,False,2,1,0.0257661336444342,37026.87941469847,cgre132
15494,C446T:C641T,wt,852.1659999999999,4,1998.366823267668,57.06,False,2,0,0.0285533163059108,37825.81308116743,cgre132
15500,T50C:A147T:C683T,I49F,498.72399999999993,2,1820.2260172175809,35.22,False,3,1,0.0193492454600982,33439.50445999229,cgre132
15501,A147G,I49V,1559.752,6,1957.1569246835857,37.59,False,1,1,0.0192064312911838,36826.90508618959,cgre132
15503,T491C:A502T:T621A,K167M:F207I,433.999,6,1993.9420463525,81.15,False,3,2,0.0406982741291036,37719.101695228965,cgre132
15509,C124A:C269T,T41K,2241.372,7,1991.383353699989,40.99,False,2,1,0.0205836811500109,37657.33274676631,cgre132
15513,A25G:A406G,K8R:N135S,1174.456,4,1894.6113421544703,33.81,False,2,2,0.0178453486727007,35291.17511319506,cgre132
15515,A474G:G526A,N158D:G175D,1035.303,4,1879.6007714298069,35.7,False,2,2,0.0189933950563571,34919.51120150064,cgre132
15519,G473A:G480A,G160S,2050.235,7,1857.349211843008,73.32,False,2,1,0.0394756137039227,34366.609370475286,cgre132
15523,C121T,T40I,11156.986000000004,39,1867.8898959687904,72.11,False,1,1,0.0386050591930633,34628.80205084715,cgre132
15525,C197A:A372T:C644T,T124S,2448.5380000000005,8,1993.2916586485292,54.94,False,3,1,0.0275624491587196,37703.40505336337,cgre132
15529,A76G:C248T:T509C,E25G,619.637,10,1951.6703076284907,37.91,False,3,1,0.0194243873321335,36693.090864719474,cgre132
15533,T110A:T507C:A695G,F169L,879.678,4,1977.0373169722216,103.85,False,3,1,0.0525280929745137,37310.188765904226,cgre132
15535,A629T,K209N,3373.945,10,1857.983340252758,94.68,False,1,1,0.0509584762945828,34382.396736929695,cgre132
15536,A81G:C165T:A361G:A378G:T542A:A660G,M27V:Y120C:K126E:T220A,248.862,4,1426.24884698933,85.06,False,6,4,0.0596389614474032,23478.60646033302,cgre132
15538,A42T:T426C,I14F,448.651,4,1750.768057839212,116.14,False,2,1,0.0663365998025685,31692.129050624,cgre132
15548,C46A:C239T:C591T:C704T,P15H:P197S,59.934,1,1816.553998877346,0.0,False,4,2,0.0,33347.51190186006,cgre132
15555,C602T,wt,3275.457,13,2039.035017377157,40.52,False,1,0,0.0198721452327589,38800.015434066045,cgre132
15557,C56A:C231G:A650T,P77A,234.799,2,1682.7943200426828,26.03,False,3,1,0.0154683193839992,29971.053381219088,cgre132
15558,C189T,wt,896.6540000000001,7,2010.285356257792,46.45,False,1,0,0.0231061723925941,38112.56779793274,cgre132
15559,A329C,K109N,1393.196,4,1898.9232174622784,21.61,False,1,1,0.011380133646941,35397.73110005418,cgre132
15561,C164T:C221A,F73L,715.908,8,1619.7360466336854,102.76,False,2,1,0.0634424357064641,28369.802784776482,cgre132
15575,C146T:A405T,N135Y,1313.416,10,1750.6351033865217,95.64,False,2,1,0.0546316018769353,31688.77139634326,cgre132
15580,A147G:G167A,I49V,1325.937,4,2022.0590214702024,51.48,False,2,1,0.0254591975077808,38394.8361737549,cgre132
15586,G212T:A648T,T216S,3523.312,16,1952.4295733443917,51.9,False,2,1,0.0265822648399545,36711.619746008226,cgre132
15603,C149A,wt,6151.115000000001,24,2028.0367758236048,63.96,False,1,0,0.0315378896292574,38537.75966967378,cgre132
15610,T14C:A339G:C548A:A580G,T113A:E193G,293.177,6,1913.45626821854,36.38,False,4,2,0.0190127156832648,35756.16687869814,cgre132
15612,C7T:G480A:C590G:T638G,T2I:G160S:D212E,528.367,5,1634.6848318137315,77.31,False,4,3,0.0472935201302518,28749.544778977535,cgre132
15619,C397T:G477T:C512T,S132L:G159C,994.363,21,1922.857200098548,82.41,False,3,2,0.0428580967925108,35987.42527091777,cgre132
15628,A38G:T50C:G341A,wt,4018.837,14,1955.3225053792328,48.84,False,3,0,0.0249779767100504,36782.18564279072,cgre132
15635,C539T:T553A,F184Y,3879.976000000001,11,1949.650184401204,37.5,False,2,1,0.0192342197077356,36643.7753452425,cgre132
15640,C362T:G684A,V228I,1747.2099999999998,10,1919.2637250290584,87.18,False,2,1,0.0454236689117229,35899.084612638006,cgre132
15649,A81T:C122T,M27L,5226.969,16,1950.695855578198,50.39,False,2,1,0.0258318075859468,36669.30550258958,cgre132
15657,C119A:G415A,G138E,2798.2469999999994,13,1877.3228888645467,81.3,False,2,1,0.0433063488876824,34863.01544505469,cgre132
15663,A25G:G395T:G423A:C521T:A532T:T617C,K8R:K131N:V141I:Q177L,1612.085,10,1802.7227192760224,53.42,False,6,4,0.0296329543244751,33000.58099344079,cgre132
15670,C92T:G488T,K162N,1368.4,6,1960.583949907194,30.88,False,2,1,0.0157504094642117,36910.39315692368,cgre132
15673,C462T,P154S,2893.4300000000003,20,1880.7448184808893,86.66,False,1,1,0.0460774896989995,34947.87643130562,cgre132
15674,C467T:T542A:G546A:C602T:T621C:C683T,A182T:F207L,2626.4550000000004,6,1986.5158005369883,29.62,False,6,2,0.0149105282686365,37539.70289259153,cgre132
15677,T148G,I49S,2039.214,6,1946.9366842788077,56.45,False,1,1,0.0289942659439438,36577.494186444776,cgre132
15680,G428A:T479A:C500T,wt,4278.672,33,2035.8890964451227,96.0,False,3,0,0.0471538455447431,38725.09434335974,cgre132
15708,C168T:C644T,P56S,436.15,4,1742.0480064835958,73.41,False,2,1,0.042140055685481,31471.825306628758,cgre132
15710,C12A:T50C,P4T,840.8800000000001,13,1980.2354886249968,49.36,False,2,1,0.0249263283501063,37387.696673187434,cgre132
15712,A40G:A511T:A646G,E13G:D170V:E215G,535.601,4,1639.2226008386433,91.8,False,3,3,0.0560021561153647,28864.81126437498,cgre132
15720,C149T:T553A:C682T,F184Y:A227V,343.111,2,1680.5103892749096,9.95,False,3,2,0.0059208202838264,29913.10472326658,cgre132
15721,A54G:G421A,T18A:R140H,1482.369,4,1947.0874596922745,24.38,False,2,2,0.0125212659958547,36581.178256228035,cgre132
15723,G23A:T622C,F207S,292.719,4,1910.218691259241,103.15,False,2,1,0.0539990528163046,35676.413243279385,cgre132
15733,A322C:G387T:T690G,D107A:G129C:L230V,1925.052,12,1890.446208732648,82.01,False,3,3,0.043381292533565,35188.156673125166,cgre132
15739,C218T:C260T:C528A:G546T,H176N:A182S,2172.751,10,1945.4046781712668,46.64,False,4,2,0.0239744463058672,36540.05318926727,cgre132
15752,A40G,E13G,5433.424,20,1898.7683045781368,56.4,False,1,1,0.0297034661174896,35393.90449530034,cgre132
15754,A349T:A615T,N116I:T205S,442.936,5,1496.7435388138622,62.06,False,2,2,0.0414633491915263,25251.804224535827,cgre132
15756,G428A:C587T,wt,657.2049999999999,17,2017.4315169217984,61.08,False,2,0,0.0302761206453223,38284.01442268683,cgre132
15763,T10A:A186G:C230T:C644T,L3H:I62V,55.653000000000006,2,1715.0922244719343,204.1,False,4,2,0.1190023469804027,30789.813536976788,cgre132
15764,T50C:A339G:C661A,T113A:T220K,6904.291000000001,26,1885.6977471335756,56.81,False,3,2,0.0301267793772125,35070.6057890471,cgre132
15779,G321A:T617C,D107N,3218.143000000001,14,1990.2027405692663,60.66,False,2,1,0.0304793068381812,37628.81668738499,cgre132
15786,T5C:T281C:A456G,I152V,1458.798,4,1978.0737140642275,33.59,False,3,1,0.0169811669611567,37335.313297090834,cgre132
15788,T308C:A511G,D170G,3156.2760000000003,6,1953.9922437486991,41.17,False,2,1,0.0210696844533098,36749.74358292653,cgre132
15791,C432G,H144D,5413.337,21,1950.839323956725,69.1,False,1,1,0.0354206515890043,36672.80777887998,cgre132
15801,A356T:A384T,T128S,1367.7530000000002,2,1937.6881821058932,9.9,False,2,1,0.005109181183755,36351.256521133146,cgre132
15802,C32A:A136G:G377A:G642A,F10L:K45R:D214N,795.2649999999999,2,1896.9559576553247,10.91,False,4,3,0.0057513196107541,35349.1274435718,cgre132
15803,C232A:C269T,P77H,373.08,3,1665.4728565886912,102.61,False,2,1,0.0616101304768011,29531.441126526555,cgre132
15806,A51G:A572G:G624T:A646C,I17V:G208C:E215A,1527.421,4,1918.276916793948,13.01,False,4,3,0.0067821282141808,35874.812851465416,cgre132
15808,A108T,T36S,8128.484,26,2022.0465788859888,57.22,False,1,1,0.0282980622689336,38394.53840416328,cgre132
15814,G162C:T425C,D54H,2784.436,10,1986.802167600392,73.16,False,2,1,0.0368229918373608,37546.62771128716,cgre132
15819,C315A:C633T,Q105K:P211S,1020.288,8,1978.7443054088744,70.44,False,2,2,0.0355983336540517,37351.56613338087,cgre132
15823,G137T:G173A:C233A:C462G,K45N:P154A,687.96,2,1853.85579475286,16.45,False,4,2,0.0088733978373938,34279.605551364126,cgre132
15825,A266T:G321A,Q88H:D107N,623.707,2,1840.2176948867052,18.65,False,2,2,0.0101346705076369,33939.45614716319,cgre132
15826,C236T,wt,9169.806,24,2031.7431474898349,47.37,False,1,0,0.0233149549727899,38626.241685056804,cgre132
15833,A49T:G167A:C314G:A359G:C434G,Y16F:H144Q,996.927,4,1855.5389730827496,36.5,False,5,2,0.0196708344742335,34321.53179021704,cgre132
15835,G317A,wt,12560.777,37,1998.724877843963,43.32,False,1,0,0.021673818383013,37834.442271534885,cgre132
15841,A38G:G321A,D107N,4710.688000000001,12,1998.2536019356123,45.78,False,2,1,0.0229100049941884,37823.084237712195,cgre132
15847,T30C,F10L,1936.041,6,1866.4751839259256,46.24,False,1,1,0.0247739698862425,34593.64077637087,cgre132
15850,T509C,wt,3577.89,12,1997.3360793649156,36.87,False,1,0,0.0184595874379455,37800.96696147335,cgre132
15861,A487T:C668T,K162M,745.543,4,1969.4287173946616,49.71,False,2,1,0.0252408221536247,37125.52529604022,cgre132
15863,T301A:T396C,F100Y:S132P,667.4489999999998,18,1955.433456854185,74.75,False,2,2,0.0382268185797815,36784.891005711404,cgre132
15867,T517C,L172P,6375.372000000001,29,1913.275412299818,54.23,False,1,1,0.0283440636153964,35751.713201263956,cgre132
15868,G167A,wt,5908.433999999999,18,1972.234424633276,39.31,False,1,0,0.0199317076656896,37193.664504412474,cgre132
15872,G72A,V24I,1809.383,26,1940.7784963508811,74.86,False,1,1,0.038572150372005,36426.90823997414,cgre132
15880,G26A:A493T:C530T,E164V,66.037,2,1949.6730634067344,4.25,False,3,1,0.0021798526531283,36644.33400912064,cgre132
15881,C230T:T250A:T479C:A559T:G698A,F83Y:K186M,220.49800000000005,2,1544.3470391988749,39.75,False,5,2,0.0257390333850221,26456.256270103797,cgre132
15883,C269A:G341A:G387T,G129C,1433.175,8,1833.55998529911,99.61,False,3,1,0.0543260110378938,33773.131164117294,cgre132
15889,G381T:A399G:T509C,G127C:N133D,2758.106,10,1853.21925207138,54.46,False,3,2,0.0293867009740639,34263.746771327686,cgre132
15894,G235A:G469A,R78H:R156H,2757.8970000000004,8,2027.9618522415265,45.88,False,2,2,0.0226236997255586,38535.969956359746,cgre132
15898,C302T:A343T,Y114F,1564.297,4,1899.2433290432373,75.28,False,2,1,0.0396368379179317,35405.637997758284,cgre132
15900,A142G,K47R,804.522,12,1818.329229023759,54.15,False,1,1,0.0297800855508837,33391.99160450736,cgre132
15904,T11C:C401T:T566A:A640T,D213V,972.592,6,1800.9773713927211,62.66,False,4,1,0.034792219488879,32956.75617173143,cgre132
15907,G235C:A329G,R78P,6135.292,14,2022.429631633458,46.13,False,2,1,0.0228091990339076,38403.704902392834,cgre132
15914,G159T,G53C,1972.682,12,1308.6579738989874,154.65,False,1,1,0.1181744986730483,20564.65362409478,cgre132
15917,A93G:C184G:A378G,I31V:T61S:K126E,2163.613,8,1945.0827380324956,40.61,False,3,3,0.0208782892398079,36532.18344691253,cgre132
15926,A372G:C383T:G578T,T124A:E192D,1590.6149999999998,4,1983.7756072936195,50.98,False,3,2,0.0256984710430782,37473.412722085945,cgre132
15928,A58T:A238G,E19V:H79R,2849.643,10,1868.0906788776504,41.53,False,2,2,0.022231254868715,34633.79157869453,cgre132
15933,A271G:T370C,D90G:V123A,1923.108,4,1934.1818272479009,33.09,False,2,2,0.0171080089440623,36265.35264524894,cgre132
15935,G625A:T677A,G208D,572.935,2,2008.6524523292323,4.16,False,2,1,0.0020710402116483,38073.34040673573,cgre132
15943,G98C:C121T:T653C,K32N:T40I,138.644,7,1808.2646745422,54.37,False,3,2,0.030067501049737,33139.669237028895,cgre132
15944,A141G:C548A,K47E,653.8409999999999,6,1541.6621395088478,91.39,False,2,1,0.0592801740782942,26388.2154528241,cgre132
15947,A38G:A70T:T215C:C411A:C516T,D23V:L137M,1438.68,6,1844.350925856037,45.14,False,5,2,0.0244747349146956,34042.624591952124,cgre132
15951,A25G:A329G,K8R,3391.2500000000005,12,1960.911370043765,69.31,False,2,1,0.0353458096366961,36918.36582765609,cgre132
15957,A35G:A572T,wt,1212.674,4,2002.283065263272,18.0,False,2,0,0.0089897379208135,37920.14668745337,cgre132
15959,C71T:A84G:T292C:C323A:G536C:T593C,K28E:I97T:D107E:M178I,904.152,4,1821.434548703461,28.47,False,6,4,0.0156305369414814,33469.770266004176,cgre132
15970,C46A:C260T,P15H,1492.33,4,1935.8616485531547,25.44,False,2,1,0.0131414349878844,36306.51628637453,cgre132
15972,A559G,K186R,4074.223,18,1961.0120530335432,77.65,False,1,1,0.0395969009368815,36920.81732063538,cgre132
15973,T491C:G546A:T617C,A182T,2728.717,8,1983.5887257117,26.36,False,3,1,0.0132890450819346,37468.88989012844,cgre132
15977,G662A,wt,4174.955,10,1963.1156269439875,39.43,False,1,0,0.020085419044512,36972.021920495295,cgre132
15982,T44C:G285A:G541A,D95N:R180H,237.021,2,1727.2604249718358,20.26,False,3,2,0.0117295572266297,31097.856734524463,cgre132
15983,C305A:A456G,D101E:I152V,2646.42,6,1903.676013347652,28.13,False,2,2,0.0147766740783442,35515.07312832422,cgre132
15986,G162T,D54Y,3529.3740000000003,10,1969.823090356498,65.73,False,1,1,0.0333684787846121,37135.10607101749,cgre132
15991,G114A:T353G:T396C,D38N:S132P,3841.496,7,2008.4310541051843,36.48,False,3,2,0.0181634315628787,38068.020269386165,cgre132
15995,T5A:G33A,E11K,1865.101,6,1926.3465960056187,38.71,False,2,1,0.0200950338221933,36073.13868045288,cgre132
16002,T28A:G200T,L9Q,1125.898,6,1926.8793877558176,40.28,False,2,1,0.0209042663780388,36086.22016079021,cgre132
16010,A35G:C130T:C230T,T43I,1787.692,6,1917.2878461020225,47.7,False,3,1,0.024878893431144,35850.48010012709,cgre132
16013,A163G:C236T:A606T,D54G:T202S,3573.73,20,1957.585291679072,73.99,False,3,2,0.0377965651430374,36837.344814033626,cgre132
16023,G200A:G481T:A637T:T690G,G160V:D212V:L230V,205.922,2,1662.7449969397703,49.24,False,4,3,0.0296136810458757,29462.185566560227,cgre132
16024,A64C:A335T:T427C,E21A:K111N:L142S,505.12,2,1839.4192292527032,28.99,False,3,3,0.0157604093395162,33919.517916533034,cgre132
16025,A694T,E231V,9682.558999999994,76,1959.598250694774,57.41,False,1,1,0.0292968214171682,36886.38736555074,cgre132
16032,A328G:C540A,K109R:R180S,138.337,4,1577.899265907929,46.98,False,2,2,0.0297737637725355,27307.32256025624,cgre132
16034,A225G:C545T:G582A,K75E:D194N,151.198,2,1878.6562591133977,72.68,False,3,2,0.0386872263871732,34896.08850351865,cgre132
16035,A34T:C122A:T281C:T659A,E11V,937.0649999999998,11,1992.0611994331105,62.47,False,4,1,0.0313594783221405,37673.70086517825,cgre132
16040,T110A:G117A:T342C:T509C,A39T:Y114H,372.912,3,1430.0794738907246,41.8,False,4,2,0.0292291447875113,23574.549992871187,cgre132
16045,C259G,S86C,3396.707,10,2044.372007109151,35.62,False,1,1,0.0174234434222999,38926.94264554399,cgre132
16055,T10C,L3P,7672.883,23,2011.3963070270725,43.16,False,1,1,0.0214577305572327,38139.24532952662,cgre132
16065,G77T:T281A:A493G:A502T,E25D:S93R:E164G:K167M,326.188,2,1636.570006257606,69.73,False,4,4,0.0426074043477392,28797.43177301681,cgre132
16066,G23A:G222A,A74T,3270.04,6,1943.14603583706,17.64,False,2,1,0.0090780619030525,36484.82824368084,cgre132
16069,T219C,F73L,454.292,7,1390.454274483935,182.88,False,1,1,0.1315253607083739,22584.828029675227,cgre132
16071,C32A:T104C:C244T:C524T,F10L:A81V,559.467,3,1731.6335020521374,60.91,False,4,2,0.0351748796311784,31208.495449218583,cgre132
16073,A359G:A475T:G513A,N158I:V171I,327.538,2,1759.0443182292677,83.11,False,3,2,0.047247246211319,31901.055454013407,cgre132
16074,A37G:A81T,K12R:M27L,4208.548000000001,12,1914.5553572608517,38.73,False,2,2,0.0202292400964633,35783.228770154536,cgre132
16080,A38T:G102C:A532T:C620A,K12N:V34L:Q177L:S206R,655.044,4,1713.3457493654398,17.9,False,4,4,0.0104473951078639,30745.579438747885,cgre132
16082,A37C:A294G:C383T,K12T:I98V,589.881,4,1855.701081935352,27.2,False,3,2,0.0146575330826624,34325.56911286243,cgre132
16084,A35T:C512T,E11D,3031.806,12,1988.1526944801287,47.76,False,2,1,0.0240222997622868,37579.278177216795,cgre132
16090,T353C:A472T:C545T,K157M,3479.396,9,1968.079807055732,63.93,False,3,1,0.0324834388172703,37092.74774577694,cgre132
16094,C107T:A141C:A306G,K47Q:N102D,733.3,6,1613.0859267250837,149.45,False,3,2,0.0926485052804447,28200.872793301525,cgre132
16103,T358A,L119Q,400.126,2,1712.9182072363496,61.88,False,1,1,0.036125484415183,30734.750029580988,cgre132
16104,G235A:C407T,R78H,3365.654,14,1980.6921428487483,54.04,False,2,1,0.0272833919168662,37398.75821022621,cgre132
16111,C128T:A129G:T667C,T43A:V222A,862.8509999999999,2,1802.313876088317,32.3,False,3,2,0.0179214067141861,32990.3160466525,cgre132
16112,G243A:T308C:C314A:G413T,A81T,614.351,2,2013.7606662393769,14.03,False,4,1,0.0069670642769085,38195.99165996932,cgre132
16113,A163T:G245A:A304T,D54V:D101V,1318.4140000000002,6,1772.3396494485205,27.85,False,3,2,0.0157136923549985,32236.3194624372,cgre132
16144,T491A,wt,937.421,4,1921.7864077674,62.11,False,1,0,0.0323188881703847,35961.1087695999,cgre132
16149,G347A:G477A,G159S,251.215,6,1891.3262155120267,35.95,False,2,1,0.0190078262042529,35209.92954487528,cgre132
16151,C458T:A486G:C644T,K162E,871.84,4,1891.3390047360592,8.6,False,3,1,0.004547043115203,35210.245943813185,cgre132
16153,T281C:A408G,I136V,4529.703,10,1976.6066305135143,58.27,False,2,1,0.0294798161153904,37299.745911189624,cgre132
16165,G26A:G477T,G159C,1341.829,9,1906.7218734138849,49.09,False,2,1,0.0257457580386944,35590.21094302685,cgre132
16169,C169A:C209T:C236T:C590T,P56H,103.068,4,1668.911816790045,167.5,False,4,1,0.1003647995747112,29618.742077149116,cgre132
16171,C146T:G317T:C444A,Q105H:H148N,135.375,2,1546.4558004258922,10.23,False,3,2,0.0066151260172988,26509.704075464106,cgre132
16172,A37G:C101T,K12R,5482.321,12,1975.7028125488189,76.31,False,2,1,0.0386242300791958,37277.827087558464,cgre132
16178,G62T:C431T,wt,2644.444,8,1994.8627565348245,37.69,False,2,0,0.0188935303326176,37741.317404188776,cgre132
16182,C230T:C269T:G570T:T621A,A190S:F207I,660.8649999999999,4,1778.335415211499,42.99,False,4,2,0.0241742922242186,32387.35600140518,cgre132
16184,G235T:C314T:C357T:G522A,R78L:G174S,1591.288,4,1779.320294234638,34.13,False,4,2,0.0191814818897913,32412.15588234311,cgre132
16186,T426A,L142M,3173.612,21,1873.71714368282,59.59,False,1,1,0.031803092692462,34773.5363743656,cgre132
16190,C134T:A433G,H144R,1765.5700000000002,4,1915.255142264231,17.0,False,2,1,0.0088761020006464,35800.455557520094,cgre132
16192,T31A,F10Y,54.896,2,1639.3636257759838,36.41,False,1,1,0.0222098376635418,28868.393436253205,cgre132
16203,G69A:C254T:T552C,D23N:F184L,3082.2650000000003,12,1994.752833956167,51.13,False,3,2,0.0256322483315361,37738.66540183714,cgre132
16209,C232A:T297A,P77H:S99T,793.732,2,1633.3368954756925,9.41,False,2,2,0.0057612119251487,28715.304211897226,cgre132
16210,C184G,T61S,6917.322,27,1938.4926600032056,62.45,False,1,1,0.0322157526249785,36370.95573585737,cgre132
16212,A327G:G582A:G680A,K109E:D194N,118.33599999999998,3,1822.5974907211048,75.11,False,3,2,0.0412104155648118,33498.889297238624,cgre132
16213,C68T,wt,424.514,2,1972.4790347942017,19.03,False,1,0,0.0096477578034108,37199.60268171219,cgre132
16214,A136T:C368T:G619T,K45M:S206I,666.5269999999999,6,1748.1603691036948,81.83,False,3,2,0.0468092066644637,31626.266495800628,cgre132
16217,A277T,Y92F,3522.7319999999995,17,1538.114811183941,106.06,False,1,1,0.0689545404730625,26298.335931974107,cgre132
16218,A147G:T150A:T258A:A306T,I49V:C50S:S86T:N102Y,137.66899999999998,3,1562.6793967629164,60.78,False,4,4,0.0388947343427612,26921.10230097997,cgre132
16220,G39A:T390A,E13K:F130I,47.009,2,1446.5415943556402,109.5,False,2,2,0.0756977887309051,23987.45651539488,cgre132
16226,A394T:C434G:T593C,K131M:H144Q,5121.327000000001,18,2011.2966624497476,54.54,False,3,2,0.0271168351333962,38136.85290229197,cgre132
16235,C368T:A663G,I221V,2846.409,6,1960.544526566684,28.26,False,2,1,0.0144143627533362,36909.43315450488,cgre132
16238,G72A:C267T,V24I:P89S,818.305,6,1841.8993896244851,50.65,False,2,2,0.0274987875479594,33981.440822253775,cgre132
16241,C397T:C563T:A581T,S132L:E193D,2441.617,9,1995.450991682392,35.67,False,3,2,0.0178756582590515,37755.507804531866,cgre132
16246,A81T:G299A,M27L,1278.092,6,2001.5909770207356,33.49,False,2,1,0.0167316901327403,37903.48362246812,cgre132
16252,C441T,P147S,7004.599000000003,39,1830.456769181676,45.2,False,1,1,0.0246932900907608,33695.54635732596,cgre132
16260,A38G:C302T:C305A:C355T:G477A:G647A,D101E:T118I:G159S,561.923,2,1779.8657682327382,30.01,False,6,3,0.0168608220550235,32425.89006199761,cgre132
16261,C254T,wt,1858.346,6,1960.65818500822,55.94,False,1,0,0.0285312352901357,36912.20083824983,cgre132
16264,G280A:A471G:A487G,S93N:K157E:K162R,1819.182,10,1867.3665011296653,76.56,False,3,3,0.0409989147570575,34615.794641655586,cgre132
16273,A120T:A493C:G546A:A650G,T40S:E164A:A182T,1158.243,2,1819.288281727319,15.18,False,4,3,0.0083439222648031,33416.016652027574,cgre132
16281,A279T:A580G,S93C:E193G,1467.2800000000002,8,1962.774934932028,71.63,False,2,2,0.0364942504233072,36963.73077961342,cgre132
16286,G245T,wt,3331.34,9,1968.1759892810203,95.42,False,1,0,0.0484814368835264,37095.08529029097,cgre132
16287,C60A,L20M,1967.769,6,1913.3190133389144,68.12,False,1,1,0.0356030539210105,35752.786917150166,cgre132
16290,C170T:C206T:C221T:C320T,wt,3724.54,14,2034.577620775017,47.11,False,4,0,0.023154683074738,38693.838738242346,cgre132
16297,G77A:G98T:C422A,K32N,187.193,4,1972.6307858684024,58.06,False,3,1,0.0294327759740607,37203.28640913904,cgre132
16298,A35G:T91A:C644A,I30N:D214E,1055.325,4,1969.8631735704605,13.58,False,3,2,0.0068938798299303,37136.07978431605,cgre132
16300,C20T:T664A,I221N,118.357,2,1892.1458520574704,77.46,False,2,1,0.0409376475475038,35230.205294806336,cgre132
16301,G171A:A372T:A534T:C591T,V57M:T124S:M178L:P197S,53.74099999999999,2,1312.8824179808291,42.27,False,4,4,0.0321963333662506,20668.114190256278,cgre132
16302,A225G:G461A,K75E,138.478,3,1864.184913750524,33.08,False,2,1,0.0177450207626918,34536.699278366366,cgre132
16303,C206T:T272C:T429C:A534G,Y143H:M178V,996.505,2,1897.9448920763969,12.34,False,4,2,0.0065017693883091,35373.5627886294,cgre132
16307,T292A,I97N,1645.367,4,1843.1338627321184,60.37,False,1,1,0.0327539964517347,34012.25301830402,cgre132
16309,A64G,E21G,436.061,4,1936.968876563801,71.64,False,1,1,0.0369856226740668,36333.63972389023,cgre132
16319,A38G:C170T:A186G,I62V,92.287,2,1927.284197938069,20.93,False,3,1,0.0108598410252064,36096.158279306204,cgre132
16320,A333G,K111E,4087.059,19,1906.9988502371616,33.37,False,1,1,0.0174986995906421,35597.04122897663,cgre132
16326,A343T:C665A,Y114F,2462.291,6,1979.2504948934547,35.45,False,2,1,0.0179108203289388,37363.832469201676,cgre132
16329,A319T:G414A:A511G:A646G,Y106F:G138R:D170G:E215G,349.30000000000007,2,1711.8100137110098,5.16,False,4,4,0.0030143532043101,30706.678690247994,cgre132
16332,G478A,G159D,11461.300999999998,34,1869.886925435508,71.27,False,1,1,0.0381146041669876,34678.42080396853,cgre132
16341,A405G,N135D,8666.027999999997,26,1939.1582739748603,56.1,False,1,1,0.0289300779378915,36387.25173749414,cgre132
16342,T30C:C165T:G662A:G703C,F10L:R234P,89.95700000000001,4,1852.5225336127935,94.79,False,4,2,0.0511680685552257,34246.38679860544,cgre132
16346,C107T:A153T,T51S,3101.794,12,1901.28547278818,73.78,False,2,1,0.0388053246374432,35456.06749222906,cgre132
16352,G285A:T344C,D95N,3381.9410000000003,6,1987.143840769034,15.74,False,2,1,0.0079209162804784,37554.88919778195,cgre132
16355,A74G:G513A,V171I,2004.812,8,1977.7379745940837,48.83,False,2,1,0.0246898227304463,37327.175011131825,cgre132
16363,G533A,wt,8521.131000000001,22,1997.7895628643096,48.29,False,1,0,0.0241717150282659,37811.899107022706,cgre132
16368,C189T:G519A,G173S,280.56000000000006,4,1873.1588316149948,152.83,False,2,1,0.0815894506224191,34759.67605810327,cgre132
16378,G200T,wt,2046.054,4,1963.1371311323692,50.5,False,1,0,0.0257241326645738,36972.54522568698,cgre132
16388,G395A,wt,3689.972,11,1995.10913114074,34.49,False,1,0,0.0172872748972281,37747.26115836406,cgre132
16396,G525A:C657A,G175S:L219I,907.471,2,1796.8446023017705,14.92,False,2,2,0.008303444817035,32852.94463506574,cgre132
16397,A334T:G576A,K111I:E192K,4709.740000000001,22,1953.384443287908,75.03,False,2,2,0.0384102577748139,36734.917096483674,cgre132
16407,A648G:C702T,T216A:R234C,95.301,2,1617.196604224267,95.38,False,2,2,0.0589786051682637,28305.29375730573,cgre132
16408,A339G:G428A:G551A,T113A,2845.2410000000004,9,1919.869924957804,29.15,False,3,1,0.0151833202974106,35913.992197284024,cgre132
16412,T344C:A384G,T128A,1260.228,2,1926.469810032402,18.67,False,2,1,0.0096913016247506,36076.16406033102,cgre132
16413,C71T,wt,34324.30600000001,76,1982.5198514124388,50.32,False,1,0,0.0253818391599709,37443.016949417004,cgre132
16426,A361G,Y120C,15865.013999999996,55,1849.3336176971384,75.88,False,1,1,0.0410309958537868,34166.90311239562,cgre132
16430,C188A:A279G,S93G,6885.933999999999,24,2006.8217803650512,74.03,False,2,1,0.0368891750748955,38029.33936318977,cgre132
16442,C131T:C157T:C563T,T52I,69.40100000000001,3,1746.7149333660163,121.82,False,3,1,0.0697423475765711,31589.75226113296,cgre132
16443,T667A,V222D,956.1199999999998,16,1843.2553562988887,57.86,False,1,1,0.031390116297385,34015.28513811462,cgre132
16444,C564T,L188F,6616.371,38,1860.424625819512,68.11,False,1,1,0.0366099217644991,34443.15902919983,cgre132
16446,T44C:A346G,E115G,1010.742,4,1827.587551163394,30.81,False,2,1,0.0168582894868085,33623.778962411736,cgre132
16448,C152T:C158A:C161T:G235A:A379G:C689G,R78H:K126R:D229E,1008.649,8,1797.594660123702,117.71,False,6,3,0.0654819479670126,32871.789541327635,cgre132
16461,C683A,wt,2528.155,18,1960.434720644486,48.11,False,1,0,0.024540475382003,36906.75920630448,cgre132
16467,C320T,wt,5796.967,21,1987.0518696630552,55.16,False,1,0,0.027759718224846,37552.66545983808,cgre132
16469,C357T:T425G:A686T,wt,3104.746,10,1953.6303033381555,73.29,False,3,0,0.0375147743535559,36740.914798978454,cgre132
16474,A266G:T593C,wt,5837.405000000002,14,1973.501384818872,49.73,False,2,0,0.0251988675470649,37224.417142535356,cgre132
16481,G78A:C383T:C432G:A472G,G26S:H144D:K157R,1883.479,8,1900.31172300081,47.53,False,4,3,0.0250116859380021,35432.02400497305,cgre132
16485,A85G:G270A,K28R:D90N,4002.007,10,1979.4806192337412,38.65,False,2,2,0.019525323776578,37369.4084432947,cgre132
16490,G560A,wt,344.189,5,1931.0917269347372,103.1,False,1,0,0.0533894887342574,36189.58802973788,cgre132
16492,A394T:T621C,K131M:F207L,956.283,2,1979.738669401939,24.54,False,2,2,0.0123955754258279,37375.66065162305,cgre132
16494,C259T:G437C,S86F,2448.194,10,1902.3631956597155,36.44,False,2,1,0.0191551224724798,35482.67255085248,cgre132
16504,A226G:G299A,K75R,972.667,2,1868.031778459647,27.57,False,2,1,0.0147588495645046,34632.32790096162,cgre132
16517,C649A,T216K,927.063,2,1929.7767087895272,24.59,False,1,1,0.0127424068743291,36157.32920419147,cgre132
16518,C383T:T426A:C545T:T566C,L142M,685.582,2,1872.1100012479608,68.8,False,4,1,0.0367499772738447,34733.63453389194,cgre132
16519,A25T:G57A:A64T:C176A:C530T:C548T,K8M:E19K:E21V,1092.923,4,1870.3486017184368,22.98,False,6,3,0.0122864796321319,34689.88915491661,cgre132
16521,C164T:C302T:A334T,K111I,3868.062,10,1919.8358162057816,54.82,False,3,1,0.0285545250991004,35913.153453172956,cgre132
16526,C101T:G280C,S93T,246.737,2,1998.8079963246423,6.17,False,2,1,0.0030868397621708,37836.445316726684,cgre132
16527,C55T:C410T:C411T:G578T,T18I:E192D,205.63100000000003,2,1781.1355394118275,32.49,False,4,2,0.0182411721517436,32457.85756698305,cgre132
16528,C56A:G351A:C603G,G117S:L201V,553.98,5,1945.6949686609507,65.74,False,3,2,0.0337874132681974,36547.14873362675,cgre132
16531,A379G,K126R,6824.694000000001,15,1997.729079019863,40.82,False,1,1,0.0204332010925261,37810.4411029762,cgre132
16538,A580T:C634T,E193V:P211L,2069.689,8,1908.537444824831,85.92,False,2,2,0.0450187656694814,35634.97582539986,cgre132
16542,A34G:T281C:C373G,E11G:T124S,1336.606,4,2008.628128502882,45.52,False,3,2,0.0226622336678756,38072.755929123115,cgre132
16548,A266T,Q88H,4042.516,12,1907.5320628012992,87.22,False,1,1,0.045724002076229,35610.18918697276,cgre132
16553,G191A:A393G,K131E,1989.621,6,1978.2151208236191,79.32,False,2,1,0.040096751442773,37338.74075870659,cgre132
16561,C53T:G666C,V222L,2722.804,8,2030.7594820642616,40.77,False,2,1,0.0200762327395647,38602.768798337864,cgre132
16565,C218T:T667C,V222A,1398.719,6,1886.8980975309216,59.63,False,2,1,0.0316021305432594,35100.331581600985,cgre132
16568,G159A:A286T:A349C:C633T,G53S:D95V:N116T:P211S,1440.6950000000002,6,2038.505358143128,62.23,False,4,4,0.0305272683004793,38787.406760979655,cgre132
16571,A493T:A511G:C626T:C632T,E164V:D170G,736.8019999999999,6,1833.383971118676,91.99,False,4,2,0.0501749777728614,33768.73155744238,cgre132
16574,C269T:G317A:C562A,P187H,1680.4830000000002,7,1845.6790149899196,38.68,False,3,1,0.0209570568261628,34075.75987871046,cgre132
16577,T425C,wt,5161.512000000001,14,2026.9916976336551,37.29,False,1,0,0.0183967206395235,38512.79189360207,cgre132
16591,T48C:T91C:G469T,Y16H:I30T:R156L,205.986,2,1648.3181441968525,20.75,False,3,3,0.0125885892071584,29095.83321258119,cgre132
16592,T517A,L172Q,5392.410999999999,14,2047.622700162157,37.19,False,1,1,0.0181625257412192,39004.14356744364,cgre132
16599,A17G:C547T,A182V,2646.3450000000003,10,1983.2288490983008,53.21,False,2,1,0.0268299848624088,37460.17964566284,cgre132
16608,T281C:T344C:A694G,E231G,1797.384,10,1879.721657339185,56.36,False,3,1,0.0299831625495977,34922.50871205882,cgre132
16613,A225G:C530T,K75E,2238.6570000000006,16,1895.5740357899317,62.69,False,2,1,0.0330717760511398,35314.97356216957,cgre132
16627,G114A:A129G:A163T:T308A,D38N:T43A:D54V:N102K,636.441,6,1802.640067072227,31.54,False,4,4,0.0174965599490007,32998.505864834064,cgre132
16630,C101A:C287G,D95E,6638.596000000001,14,2044.6604634171968,39.67,False,2,1,0.0194017543302521,38933.79655962494,cgre132
16637,A322C:T425A,D107A,4588.268000000001,34,2012.89281217038,57.14,False,2,1,0.0283870058328587,38175.167224473786,cgre132
16654,A38T:G222T:C548A:C602T,K12N:A74S,2350.808,13,1922.7358606250705,53.19,False,4,2,0.0276637062267659,35984.44347108468,cgre132
16672,C9T:T116C,L3F,1746.5330000000004,4,1936.7918944573485,30.9,False,2,1,0.015954217945887,36329.30472350219,cgre132
16674,G513T,V171L,802.603,4,2060.912772621255,88.49,False,1,1,0.0429372854472877,39318.89839601887,cgre132
16687,T653C:A695G,wt,8287.177000000001,14,2000.3072374548924,65.69,False,2,0,0.0328399551678777,37872.56676967325,cgre132
16694,T11C:T429A:G693A,Y143N:E231K,314.621,5,1744.6063703030366,83.91,False,3,2,0.0480968093595949,31536.477746981258,cgre132
16697,G317A:T464A,wt,991.263,19,1985.4168458701636,65.16,False,2,0,0.0328193044878904,37513.123268379284,cgre132
16712,A475T:C539A,N158I,3689.456,12,1922.5429725467284,65.47,False,2,1,0.0340538551984999,35979.7032655212,cgre132
16718,T459A:C592T,L153M:P197L,160.64300000000003,5,1863.3955257242656,50.79,False,2,2,0.0272566931168619,34517.06780225753,cgre132
16721,T44C:C124T:T281A,T41M:S93R,710.129,4,1874.2075605693556,49.42,False,3,2,0.0263684775580496,34785.709973218705,cgre132
16723,G29A:C121T:C446T:G624A,T40I:G208S,1759.155,8,1765.974881012998,55.71,False,4,2,0.0315463150687871,32075.879263635157,cgre132
16728,C311T,wt,2668.215,10,2030.5110251059089,39.65,False,1,0,0.0195271040195075,38596.83879359913,cgre132
16733,C60T:G212C,wt,267.655,4,1949.871059155245,81.07,False,2,0,0.0415771081986941,36649.16857437309,cgre132
16734,G200C,wt,6107.45,13,1993.514686100259,42.01,False,1,0,0.0210733335916278,37708.78798857379,cgre132
16740,A399G,N133D,16276.751,52,2029.800137576667,60.11,False,1,1,0.0296137530425847,38579.869230299686,cgre132
16744,T44C,wt,7133.431000000001,14,1985.1351479752325,39.48,False,1,0,0.0198878147113904,37506.30873768735,cgre132
16754,T116A,D38E,1386.661,6,2038.0180720894289,22.68,False,1,1,0.0111284587269375,38775.804883952995,cgre132
16757,T5A:G575T,W191C,1761.3079999999998,13,1756.38657413214,80.7,False,2,1,0.0459466049151936,31833.981425984395,cgre132
16764,C169A:C260A,P56H,1235.8630000000005,12,1760.8868736000202,97.85,False,2,1,0.0555685895936926,31947.546020974878,cgre132
16770,C373T,T124I,5066.926,16,1939.1144058771345,55.98,False,1,1,0.028868848496166,36386.177809492896,cgre132
16784,A356G:G380A:T527A,wt,368.479,2,2036.9213416632315,17.54,False,3,0,0.008611034526094,38749.68596298286,cgre132
16785,G102A:A328T,V34I:K109I,584.8870000000001,2,1900.817278042903,19.79,False,2,2,0.0104113110863427,35444.5076008703,cgre132
16786,T11C:A306C:T386C:A663G,N102H:I221V,2440.769,6,1987.558014262935,45.99,False,4,2,0.0231389472256762,37564.90264975334,cgre132
16789,C128T:T150A,C50S,1008.852,8,1897.489748636532,47.0,False,2,1,0.0247695672842356,35362.31737493449,cgre132
16793,T479C,wt,6389.065000000001,19,2000.9215887400712,59.3,False,1,0,0.0296363437396563,37887.36389628997,cgre132
16794,A34T:G605T,E11V,3408.1860000000006,16,2024.911981798574,84.12,False,2,1,0.041542546419861,38463.081465651594,cgre132
16804,G388A:C452A,G129D,1193.1429999999998,7,1965.796792220557,84.41,False,2,1,0.0429393314375341,37037.24564896582,cgre132
16807,T116C:A123G:G423T:C548A:C599T:A695G,T41A:V141F,104.474,2,1761.4502442607386,218.43,False,6,2,0.1240057734878981,31961.759030320485,cgre132
16817,T242C:A474T,N158Y,390.576,2,1916.3319013297053,49.5,False,2,1,0.0258305985334027,35826.957234609676,cgre132
16818,G117T:C701T,A39S,1794.3539999999998,6,2040.089959767103,86.32,False,2,1,0.0423118596249815,38825.12215840628,cgre132
16822,A266T:A515G,Q88H,1729.488,4,1907.979144206506,16.76,False,2,1,0.0087841631030878,35621.21216824056,cgre132
16826,A74G:A475G:G570T,N158S:A190S,3878.475,20,1940.0197213245408,71.42,False,3,2,0.0368140587515462,36408.338409383,cgre132
16836,G33A:T353C:G582A:C633G,E11K:D194N:P211A,258.94100000000003,2,1931.6292684068264,51.93,False,4,3,0.0268840407677353,36202.77166837495,cgre132
16837,T82C,M27T,4670.429,16,1920.4109893845823,48.48,False,1,1,0.0252445962181959,35927.296272748965,cgre132
16839,C185T:C206T:C296T,wt,4769.169000000001,18,2005.208128392196,77.49,False,3,0,0.0386443675859884,37990.53472513286,cgre132
16848,T148G:G341A:A384T,I49S:T128S,1674.601,6,1905.301711765376,46.45,False,3,2,0.0243793409270394,35555.18324327419,cgre132
16851,G26A:C68T:T673C,V224A,642.052,4,1697.8798581094236,62.31,False,3,1,0.0366987096892601,30353.655389774012,cgre132
16853,A471G:A515T,K157E,2856.9360000000006,10,1938.130154102997,59.08,False,2,1,0.030482988913272,36362.07953738803,cgre132
16864,G143A:T308G,N102K,3262.347,12,1986.854158263157,62.36,False,2,1,0.0313862996640443,37547.88487031346,cgre132
16870,C434G:T459A,H144Q:L153M,1458.225,2,1958.8457979067728,11.0,False,2,2,0.0056155517763341,36868.057996452946,cgre132
16871,C275A:C374T:A399G,N133D,2721.837,7,1918.111793848596,28.71,False,3,1,0.0149678449880102,35870.75092926761,cgre132
16874,G117T:G662A,A39S,7378.141,25,1956.4517515144823,60.86,False,2,1,0.0311073349766425,36809.71684460733,cgre132
16886,C278T:C468T,R156C,3842.345,19,1976.0031853314767,47.86,False,2,1,0.0242206087294193,37285.112131856644,cgre132
16898,G413A:T479C:G625A:A686G,G208D,3286.971,6,1979.9337294245352,53.41,False,4,1,0.0269756503494303,37380.38640141972,cgre132
16901,A294G:G624A,I98V:G208S,2062.988,4,1872.7120368736437,29.3,False,2,2,0.015645758356375,34748.58316376002,cgre132
16903,T82C:C263A:T552A,M27T:F184I,1956.895,2,1881.32814051526,18.68,False,3,2,0.009929155684071,34962.33677746613,cgre132
16904,G203T,wt,3885.325,10,1973.1924391972009,48.31,False,1,0,0.0244831669939172,37216.919134830394,cgre132
16907,C189T:G423A,V141I,2087.544,8,2002.516241711212,65.9,False,2,1,0.0329085970077757,37925.76000313084,cgre132
16911,G630T,D210Y,267.683,2,1598.5399561440065,33.54,False,1,1,0.0209816463273805,27831.407135514874,cgre132
16912,G21A:C149G:T292C,A7T:I49M:I97T,1222.267,5,1928.748758515416,75.49,False,3,3,0.0391393641430549,36132.10562248094,cgre132
16914,G200A:C239T,wt,331.041,2,1961.4102071358536,26.39,False,2,0,0.0134546052141412,36930.51120601791,cgre132
16916,C9T:G212A,L3F,2734.556,10,1979.5576716900052,50.19,False,2,1,0.0253541489181021,37371.275366693626,cgre132
16921,T426C:G478T,G159V,1187.38,4,1949.7393534649964,30.38,False,2,1,0.0155815698883083,36645.9526743995,cgre132
16923,C239T:G525A:C623T,G175S,185.011,2,1924.24831086911,33.82,False,3,1,0.0175756942640759,36021.60461907837,cgre132
16924,A405G:G639T,N135D:D213Y,435.127,2,1536.5213171672033,46.76,False,2,2,0.0304323796081194,26257.967681041093,cgre132
16930,A499C,N166T,892.964,2,1964.7659836705773,16.46,False,1,1,0.0083775880368456,37012.17492790452,cgre132
16931,T396A:A408G:T476C:T621C,S132T:I136V:F207L,2390.649,6,1911.111752151368,54.77,False,4,3,0.0286587113172971,35698.4182685141,cgre132
16934,T14G:G79C:C170T,G26A,749.753,8,1754.847571577491,111.38,False,3,1,0.0634699000665207,31795.133343320394,cgre132
16938,G143C:A356G,K47N,1021.627,9,1590.8626644845097,128.86,False,2,1,0.0810000780562379,27636.44185378711,cgre132
16943,T308A:C561T:T617C,N102K:P187S,139.628,4,1667.1569801353971,171.97,False,3,2,0.1031516540128294,29574.195228804514,cgre132
16947,C119T:A660T,T220S,2342.114,8,1951.781541597741,73.17,False,2,1,0.0374888267157719,36695.80560306499,cgre132
16951,T483A,L161I,1042.753,2,1976.2847438924011,8.88,False,1,1,0.0044932796386973,37291.94033259536,cgre132
16952,T455C,wt,2964.1849999999995,7,2005.872132839285,75.32,False,1,0,0.0375497514357435,38006.504750448454,cgre132
16956,A76T:T509C,E25V,1468.52,8,1879.9414177605256,47.45,False,2,1,0.0252401482044715,34927.9577564329,cgre132
16966,A93G:C269A:G317C:G336T,I31V:Q105H:V112L,267.505,5,1558.5022025463868,121.28,False,4,3,0.0778183051662323,26815.145047509435,cgre132
16969,T491C:T638A,D212E,3856.777000000001,20,2004.4201306770808,60.28,False,2,1,0.0300735355215364,37971.57847604533,cgre132
16985,A70T:A153T:T638C,D23V:T51S,1015.86,2,1812.571043017616,47.95,False,3,2,0.0264541355135915,33247.675141122185,cgre132
16986,C383T:A502T:T673A,K167M:V224D,604.4479999999999,2,1796.970109687824,23.59,False,3,2,0.013127652971422,32856.09808456688,cgre132
16988,C168T:G437T:C641T,P56S,425.322,2,1687.0881243941587,84.08,False,3,1,0.0498373492079398,30079.981643584295,cgre132
16989,G167T:A393G:C432A,K131E:H144N,7107.945999999999,21,1994.0916652798012,55.04,False,3,2,0.0276015395672781,37722.71222980805,cgre132
16999,A120T:G143A:A261G,T40S:T87A,2600.956,9,1955.5816830783665,138.02,False,3,2,0.0705774661290224,36788.50513167929,cgre132
17004,A487T:C569T:G692A:C704A,K162M,1750.6910000000005,7,1990.717184278701,32.53,False,4,1,0.0163408445242243,37641.24352354028,cgre132
17007,G62T:C262G,T87S,1888.442,6,2018.371777306482,56.61,False,2,1,0.0280473600733488,38306.54497152697,cgre132
17010,T5C:G79C:G173T,G26A,1615.7259999999997,12,1869.0681615644503,42.3,False,3,1,0.0226315983921067,34658.07976263617,cgre132
17015,T215C,wt,20821.732,73,1956.5584045179955,68.41,False,1,0,0.0349644558741669,36812.316655266855,cgre132
17030,C56G:A359C:T425A:G519A,G173S,2492.126,4,1921.6693797462376,42.97,False,4,1,0.0223607663487224,35958.23222652597,cgre132
17032,G525T:A595T,G175C:Y198F,112.084,5,1543.0088686378242,115.81,False,2,2,0.0750546561033298,26422.34294943902,cgre132
17034,C234A:T242C:A394C:C434A:G513T,R78S:K131T:H144Q:V171L,739.458,4,2046.9209619546325,81.01,False,5,4,0.0395765159015433,38987.48495841163,cgre132
17036,T258G,S86A,2910.3140000000003,8,2006.146088784791,48.27,False,1,1,0.0240610592966533,38013.09277605042,cgre132
17047,A650G,wt,5212.656999999999,18,2001.0293893283556,55.72,False,1,0,0.0278456679832685,37889.960084498714,cgre132
17053,C101T:A227T:G375A,K75N:V125M,4202.616,12,1914.3866778666932,45.28,False,3,2,0.0236524838599785,35779.07595050655,cgre132
17059,A25G,K8R,4117.530000000001,10,1963.2490885287853,35.41,False,1,1,0.0180364275765615,36975.2696658457,cgre132
17061,A499G,N166S,8481.354,22,1922.4431215849183,62.29,False,1,1,0.0324014787749071,35977.249356878885,cgre132
17073,C56T:C169A:C512T:A581T,P56H:E193D,527.838,4,1663.4302725601824,125.07,False,4,2,0.0751880028054948,29479.584027194764,cgre132
17075,C432A:C635T:C697T,H144N:T232M,2585.798,4,1856.5116728525152,19.65,False,3,2,0.0105843665231621,34345.75518952989,cgre132
17077,A16G,E5G,5137.128,16,1989.2177390082304,56.35,False,1,1,0.0283277184266889,37605.01809382293,cgre132
17079,C128A:T514C:G662A,V171A,5480.463000000002,22,1834.8201308255736,72.81,False,3,1,0.0396823638332544,33804.62591960486,cgre132
17097,G78A,G26S,294.34,4,1881.186885104795,138.1,False,1,1,0.0734111007755122,34958.83525510444,cgre132
17098,C287T:C620G,S206R,893.176,4,1988.3358987777829,79.3,False,2,1,0.0398825973261083,37583.70639215645,cgre132
17100,T242C:C539T,wt,3529.527,12,2025.1150374642364,78.67,False,2,0,0.0388471758614302,38467.936427642475,cgre132
17106,A558G,K186E,9342.551,31,1884.6946635849552,53.65,False,1,1,0.0284661494705726,35045.75979037237,cgre132
17115,A24G:G243A,K8E:A81T,1720.614,6,1900.66800110792,42.13,False,2,2,0.0221658911369276,35440.82166423755,cgre132
17118,T104A:A346G:G437A:A628G,E115G:K209R,1186.397,2,1729.068818536075,11.61,False,4,2,0.0067145968254922,31143.613570823938,cgre132
17123,T95A:G375C:A515G,V125L,1690.103,6,2045.104685137184,26.69,False,3,1,0.0130506766690085,38944.35029158651,cgre132
17126,A76T,E25V,763.9670000000001,5,1914.349016847633,152.63,False,1,1,0.0797294530186227,35778.148730219255,cgre132
17131,T44A:T150A:G257A:C290T:G416A,C50S,5048.204,23,1881.598414502212,78.02,False,5,1,0.0414647458239066,34969.036222431,cgre132
17142,T14C:T353C,wt,1617.837,12,2015.9849297675853,64.06,False,2,0,0.0317760311865948,38249.33864149195,cgre132
17148,G143A:A354G:T552C,T118A:F184L,7497.883,28,1978.1618787291968,58.43,False,3,2,0.0295375219936683,37337.45027547958,cgre132
17162,T10A,L3H,6478.6900000000005,17,1933.965974488226,44.7,False,1,1,0.0231131263888076,36260.062041306825,cgre132
17166,C22T:A475G,A7V:N158S,4135.217,8,1988.391145115102,37.22,False,2,2,0.0187186510518509,37585.041701926886,cgre132
17170,A120G:A147G:T214A:T344C:C448T,T40A:I49V:F71Y:A149V,129.504,3,1769.220964692071,10.55,False,5,4,0.0059630765238169,32157.718718601816,cgre132
17171,A194G:G671A,wt,2302.034,12,2000.1699585256072,46.01,False,2,0,0.0230030452181751,37869.25993945183,cgre132
17177,T14C:A471G,K157E,1818.564,6,1920.667248758893,49.89,False,2,1,0.0259753479069517,35933.596797392216,cgre132
17180,T43A,I14N,2315.133,15,1830.5441278310573,77.39,False,1,1,0.0422770469301368,33697.73095534797,cgre132
17187,A85G:C244T:A379G,K28R:A81V:K126R,3492.4930000000004,10,1913.2975777067052,40.83,False,3,3,0.0213401200501906,35752.25904617187,cgre132
17200,C155T:A449T:C557T:A631G,D210G,1092.7040000000002,15,1750.053674879095,91.93,False,4,1,0.0525298174105152,31674.087414438214,cgre132
17207,A695G,wt,6086.871000000001,23,2028.9513612164767,64.98,False,1,0,0.032026396118752,38559.60313904496,cgre132
17210,A142G:C410T,K47R,398.512,2,1819.565708173604,9.05,False,2,1,0.0049737143095997,33422.96578788485,cgre132
17211,T308C:T638C,wt,4772.426,12,1982.015352792416,65.93,False,2,0,0.0332641217471462,37430.80251957332,cgre132
17217,T104A:C269T:C468A,R156S,2567.2409999999995,26,1969.341105455764,36.46,False,3,1,0.018513806419311,37123.39674310013,cgre132
17231,T11A:C20A:C269T,wt,1072.217,2,1953.264826801137,30.55,False,3,0,0.0156404802773373,36731.998944499945,cgre132
17232,T542C,wt,7837.975999999999,27,2023.5271362223607,52.48,False,1,0,0.0259349128858102,38429.962300856474,cgre132
17244,A58T:A163G:G191A:C355T:C368T:G437A,E19V:D54G:T118I,459.668,9,1764.6650308671392,157.15,False,6,3,0.0890537281870305,32042.84774371076,cgre132
17248,A348G:T457C:T604G,N116D:I152T:L201R,135.006,5,1848.42219407426,202.94,False,3,3,0.1097909344794671,34144.178042686384,cgre132
17258,A440T,wt,2941.755,6,1965.7340741820587,31.47,False,1,0,0.0160092865120093,37035.720450193796,cgre132
17259,A398G:T497C:G636T:G703A,D212Y:R234H,72.991,1,1441.3836958064153,0.0,False,4,2,0.0,23857.98487435085,cgre132
17260,C130T:G270T,T43I:D90Y,208.181,6,1832.8568076164408,154.49,False,2,2,0.0842891814341504,33755.55398914889,cgre132
17270,T14C:G171A,V57M,101.561,2,1656.792614680513,125.33,False,2,1,0.0756461604726358,29311.047004118827,cgre132
17271,G78T:A628G,G26C:K209R,215.632,2,1695.2367441869806,56.57,False,2,2,0.0333699704150351,30286.641024122655,cgre132
17272,C152T,wt,7147.765000000001,22,2053.144859313753,46.3,False,1,0,0.0225507712180987,39135.098689190316,cgre132
17296,A136G,K45R,5712.086999999999,16,1981.900512648762,60.92,False,1,1,0.0307381725829324,37428.021885085196,cgre132
17305,C165T:A194G:T509G,F169L,3490.409,10,1956.6581776395649,34.03,False,3,1,0.017391898282945,36814.74869590754,cgre132
17310,A135G:A329G:G520A,K45E:G173D,887.5329999999999,6,1791.953275330082,69.21,False,3,2,0.0386226588342552,32730.008037057116,cgre132
17321,T553C,F184S,4794.781999999998,14,1933.299197665567,68.75,False,1,1,0.0355609727056291,36243.71748451738,cgre132
17322,T116C:A417G:T527G,M139V,522.506,4,1730.13171162108,64.74,False,3,1,0.0374191164552094,31170.504428490676,cgre132
17324,T182C:A240C,I80L,3993.525,8,1984.854002333692,36.02,False,2,1,0.0181474304697723,37499.50703563306,cgre132
17329,C661G:C682T,T220R:A227V,523.496,9,1718.2536762551042,59.32,False,2,2,0.034523423880743,30869.872470786166,cgre132
17333,C56A:C121T:C209T:C287T:G666A,T40I:V222I,1138.5449999999998,5,1804.3626439656264,46.61,False,5,2,0.0258318360535111,33041.74947773442,cgre132
17335,A49G,Y16C,3907.215,14,1838.8606560045237,56.16,False,1,1,0.0305406501665136,33905.56844490716,cgre132
17337,G21C:A51T,A7P:I17F,2775.432,6,1931.121088150248,45.31,False,2,2,0.023463054843133,36190.30817984651,cgre132
17340,C8T:A487G,K162R,5402.7880000000005,22,2068.0593469620017,65.3,False,2,1,0.0315754961751587,39487.56391877491,cgre132
17353,G143A:C355T:A400G:C530T,T118I:N133S,4961.281999999998,14,1907.557114179021,56.57,False,4,2,0.0296557306617509,35610.80686715416,cgre132
17360,G321T:C446T:T455C:C632G,D107Y:D210E,687.347,4,1799.9311769699066,68.49,False,4,2,0.0380514548980141,32930.4819408112,cgre132
17362,A655G,H218R,917.032,9,1618.260772011028,71.7,False,1,1,0.0443068269589812,28332.326549201713,cgre132
17363,G173A,wt,4528.233,8,2021.344514030143,41.49,False,1,0,0.0205259418728564,38377.73509152554,cgre132
17367,C251T:C420T,R140C,3951.791,12,1863.6170971376696,64.39,False,2,1,0.0345510889006634,34522.5783939013,cgre132
17373,G79A:A359G:C626T,G26D,524.367,7,1879.6524355125864,101.92,False,3,1,0.0542227903810345,34920.79228265455,cgre132
17376,G65T:A433G:T508A:C548G,E21D:H144R:F169Y,309.058,4,1699.8361450474674,80.97,False,4,3,0.0476340029807631,30403.249571411277,cgre132
17378,G26A:C366G:T677C,R122G,250.389,5,1444.6290250708475,143.67,False,3,1,0.0994511376323441,23939.437540290546,cgre132
17380,A135G:A186C:G377T:A394T:C701T,K45E:I62L:K131M,1019.341,4,1745.8130748245069,67.99,False,5,3,0.0389446046546733,31566.96732139715,cgre132
17382,G625A,G208D,5112.031000000001,16,1969.3446995210236,58.1,False,1,1,0.0295021993936007,37123.48406274118,cgre132
17386,C56T:A84G,K28E,5381.442000000002,27,1894.547581864561,83.2,False,2,1,0.0439154977137691,35289.59875026556,cgre132
17399,C452T,wt,995.222,4,2007.001460330741,57.79,False,1,0,0.0287941992779998,38033.65911074439,cgre132
17404,T148A:C632T:C704G,I49N,565.6990000000001,3,1811.6533167640364,32.78,False,3,1,0.0180939695783249,33224.66349777344,cgre132
17405,G321A:G684C,D107N:V228L,1324.066,12,1819.8979301956945,87.27,False,2,2,0.0479532387789549,33431.28710665402,cgre132
17411,A595T,Y198F,1274.646,4,1856.5737246408048,28.83,False,1,1,0.015528604987436,34347.300343116134,cgre132
17413,A34G:C267T:G341A,E11G:P89S,115.332,4,1441.113482243866,136.01,False,3,2,0.0943784106358005,23851.20454242708,cgre132
17416,G469A,R156H,12028.015,50,1985.6850776469064,102.1,False,1,1,0.0514180224998172,37519.61154605693,cgre132
17425,A70G,D23G,65.689,1,1432.593630965635,0.0,False,1,1,0.0,23637.54947669433,cgre132
17427,T166G:C263A:A339T:G447A,L55R:T113S:A149T,82.24099999999999,3,1441.4336310275978,81.37,False,4,3,0.0564507433769193,23859.237900689863,cgre132
17428,C161T:A384G:A515T:G570C,T128A:A190P,868.5250000000001,4,1935.2287704473529,49.07,False,4,2,0.025356175326319,36291.009666326136,cgre132
17430,C368T:T464A,wt,7046.678,20,1994.2104844877151,38.57,False,2,0,0.0193409874735003,37725.57941018276,cgre132
17464,T389C:C623A,F207L,1494.8370000000002,4,2004.9026065522976,18.37,False,2,1,0.0091625398360819,37983.18554501981,cgre132
17466,G447T,A149S,4518.031000000001,14,1984.8416465172584,38.31,False,1,1,0.0193012878721188,37499.208101599295,cgre132
17467,G21A:T514C:A577T,A7T:V171A:E192V,135.545,2,1531.0036085836298,47.27,False,3,3,0.0308751721648328,26118.21904859057,cgre132
17468,C206T:A379T:C420T:T427C:C482T,K126M:R140C:L142S,1684.0990000000002,4,1836.1179901864484,92.53,False,5,3,0.0503943649016826,33837.05675384799,cgre132
17473,A16T:A156G:C314G:G582T,E5V:T52A:D194Y,1031.321,4,1715.6596364444713,63.11,False,4,3,0.0367846854116058,30804.183639486757,cgre132
17481,T396A,S132T,4050.930000000001,22,1900.9386210649916,63.62,False,1,1,0.0334676771227664,35447.50371065753,cgre132
17483,G65T:A291G:A615T:G625A,E21D:I97V:T205S:G208D,219.189,7,1762.1377898135777,84.79,False,4,4,0.0481176900524732,31979.103690621712,cgre132
17495,C434G:G525T,H144Q:G175C,916.343,6,1885.7376617593895,41.59,False,2,2,0.0220550296276082,35071.59435809869,cgre132
17498,T50C:A58T,E19V,4522.947999999999,14,1934.530196629265,43.95,False,2,1,0.0227186942217695,36273.89069756087,cgre132
17505,T566C:T667C,V222A,1873.633,8,1826.3707607294032,87.65,False,2,1,0.0479913508717118,33593.334107193004,cgre132
17509,G235A:G280T,R78H:S93I,2034.123,6,1943.704588597761,78.05,False,2,2,0.0401552789749327,36498.487964266606,cgre132
17512,A17G:T95A:T308C:A339G,T113A,2722.302,10,1981.6216131493093,72.29,False,4,1,0.0364802238330013,37421.268501945895,cgre132
17521,A399G:A493T:G651A,N133D:E164V:D217N,1790.726,7,1855.7267009041373,92.16,False,3,3,0.0496624852975916,34326.2071431956,cgre132
17527,A81G:G461A,M27V,1455.6080000000004,6,1895.665239303714,28.49,False,2,1,0.0150290248559204,35317.22793355878,cgre132
17530,A406G,N135S,1568.039,4,1936.493157231451,50.85,False,1,1,0.0262588069625295,36321.98703987057,cgre132
17541,C20A,wt,1108.3,4,1986.7384182737903,81.39,False,1,0,0.0409666412303623,37545.086197292716,cgre132
17543,T88A:T224A,F29Y,815.2149999999999,6,1729.4706648408203,44.6,False,2,1,0.0257882373530197,31153.78041511255,cgre132
17546,T272C:A378G:C441T:C470T:C665T,K126E:P147S,331.134,3,1694.5517999496103,69.9,False,5,2,0.0412498455356033,30269.273205428777,cgre132
17547,A194G,wt,2766.493,14,2014.9507167343704,86.07,False,1,0,0.0427156849471205,38224.53843160818,cgre132
17551,C592A,P197H,2955.657,8,1906.541798490994,37.34,False,1,1,0.0195851987244938,35585.77005488132,cgre132
17555,C4A:G77C:A372T,T1N:E25D:T124S,1433.9920000000002,5,1978.05078224314,49.91,False,3,3,0.0252319103473174,37334.75745598431,cgre132
17564,A334C:G692A,K111T,933.973,6,1969.8492034613405,64.3,False,2,1,0.0326420925454672,37135.74041946207,cgre132
17567,G21A:G625A,A7T:G208D,523.192,2,2006.6388233533617,28.96,False,2,2,0.0144320939388603,38024.94059509576,cgre132
17568,G582A,D194N,781.0419999999999,6,1957.0219710975985,119.04,False,1,1,0.0608271147478412,36823.61589831978,cgre132
17571,C107T,wt,3880.075,17,1981.575805304438,73.37,False,1,0,0.0370260879263853,37420.159243188915,cgre132
17575,G246A:A334G:C362T:T527C:T617A,D82N:K111R,1782.8470000000002,4,1920.102512651141,25.35,False,5,2,0.0132024200963096,35919.711425639696,cgre132
17577,C397T:A515T,S132L,3328.0690000000004,10,2011.0936181978643,62.63,False,2,1,0.0311422598298146,38131.97766830167,cgre132
17589,G62T:A327G:G347A:A534T:A615T,K109E:M178L:T205S,363.135,2,1694.9273453762785,45.28,False,5,3,0.0267150094212137,30278.795816024398,cgre132
17594,A405T,N135Y,1460.813,10,1785.9388173578393,77.68,False,1,1,0.0434953309962329,32578.74104321627,cgre132
17599,G79A:C374T:T622C,G26D:F207S,1218.088,5,1722.0180509578995,107.08,False,3,2,0.0621828557142215,30965.176644947835,cgre132
17602,C68T:T103A,V34D,612.923,12,1924.959767065268,40.75,False,2,1,0.0211692736114304,36039.080804263955,cgre132
17608,A485G:C524T,wt,2965.175,14,1926.313853944502,60.84,False,2,0,0.031583638292077,36072.334722147745,cgre132
17615,A394G:T517C,K131R:L172P,1718.772,2,1948.0498322575856,3.57,False,2,2,0.0018326019904032,36604.689798495165,cgre132
17616,A226G,K75R,6843.874,18,1834.5200649475955,53.8,False,1,1,0.0293264712814884,33797.12695051947,cgre132
17618,A135G:T360A:T621C,K45E:Y120N:F207L,84.938,2,1461.63017395423,58.32,False,3,3,0.0399006541047409,24366.69899396714,cgre132
17619,A329T:A356G:G469A:C591T:G636A,K109N:R156H:P197S:D212N,1485.039,4,1707.8163471937926,59.64,False,5,4,0.034921787754285,30605.499817943182,cgre132
17621,T95C:A348T:A399T:A606T:C644T,N116Y:N133Y:T202S,286.507,2,1664.5811532331916,50.94,False,5,3,0.0306022928957575,29508.802957521435,cgre132
17623,C149A:T425C,wt,3934.138,16,1998.7440768839765,70.01,False,2,0,0.0350269956067336,37834.904947218914,cgre132
17631,T253A,F84Y,629.9000000000001,9,1912.1279479164168,49.08,False,1,1,0.0256677384238229,35723.452162407266,cgre132
17635,A24C:C188A,K8Q,2332.4060000000004,10,1981.9835720086896,40.34,False,2,1,0.020353347308079,37430.03301744281,cgre132
17640,A629C,K209N,382.903,2,1718.6871994431815,75.32,False,1,1,0.043824146723384,30880.84943232912,cgre132
17641,A42G:C420T:G624A,I14V:R140C:G208S,324.18,2,1734.506999218269,2.25,False,3,3,0.0012971985705529,31281.174126429898,cgre132
17642,C146T:C267T,P89S,693.6500000000001,2,1852.451980840247,52.61,False,2,1,0.0284001963582002,34244.62873647721,cgre132
17643,A74T:A145G:T182C,Y48C,115.732,2,1386.624783868441,79.48,False,3,1,0.05731903895318,22489.521333166365,cgre132
17644,C521T,wt,1295.4920000000002,9,1945.6259919668023,51.27,False,1,0,0.026351416054106,36545.462788090896,cgre132
17647,T250A:A679G,F83Y:K226R,1275.465,9,1887.8363775832545,95.77,False,2,2,0.0507300320818065,35123.562496620725,cgre132
17651,A64G:G375A:C521A,E21G:V125M,176.93,6,1633.158027617105,147.85,False,3,2,0.0905301247643032,28710.76054784855,cgre132
17654,A147G:T219G:T483C,I49V:F73V,54.96,2,1382.8756888396588,49.45,False,3,2,0.0357588179466025,22396.27817367275,cgre132
17659,A226T:A379T:T386A,K75I:K126M,644.409,4,1750.9580075583665,65.97,False,3,2,0.0376765174922682,31696.926000813328,cgre132
17662,A34G:G341A,E11G,2316.168,3,1952.352863453716,7.95,False,2,1,0.0040720098035641,36709.74790161677,cgre132
17663,A40T:A372G:T509C,E13V:T124A,1393.2759999999998,4,1903.6666237988256,47.85,False,3,2,0.0251357035952617,35514.84142430973,cgre132
17666,C134T:A145T:C314A,Y48F,7886.541999999999,8,1837.5165984741143,66.88,False,3,1,0.0363969501312464,33871.9976650362,cgre132
17672,C548A,wt,2109.8100000000004,5,1965.7365446960291,60.63,False,1,0,0.030843400741362,37035.780529472424,cgre132
17675,G180T:T455C,A60S,4967.042,11,1858.267569551627,25.52,False,2,1,0.0137332214252426,34389.47238985167,cgre132
17680,A163T:T370C:A650G,D54V:V123A,4353.622,12,1950.378756641193,40.98,False,3,2,0.0210113035021838,36661.564203231144,cgre132
17686,A17G:A38G:C599T,wt,2567.228,8,2043.8433305153133,46.61,False,3,0,0.0228050747844005,38914.37925064373,cgre132
17690,T110C:C275A:T325C,V108A,1630.5279999999998,10,1916.234720062748,69.11,False,3,1,0.0360655191540089,35824.56562384249,cgre132
17695,C32T:A76G:A240T:A306G:A581T:C704T,E25G:I80F:N102D:E193D,375.4740000000001,4,1456.7945639569366,82.24,False,6,4,0.0564527092801748,24245.08090801849,cgre132
17697,A38T:G65T:G78A:C620G:C641T,K12N:E21D:G26S:S206R,347.06700000000006,4,1509.611344337941,75.32,False,5,4,0.0498936367181531,25576.937089588962,cgre132
17699,A90G:G698A,I30V,6246.509000000001,13,1996.1623796762888,41.94,False,2,1,0.0210103148055526,37772.66591486587,cgre132
17706,C554T:C564T:G625A,L188F:G208D,59.672,2,1492.3162383953488,70.22,False,3,2,0.0470543697061863,25140.02753278413,cgre132
17708,T281C:A384T,T128S,1553.285,6,2007.9478970512043,100.86,False,2,1,0.0502303870275315,38056.40892517828,cgre132
17711,C47A:A58T:C234A:C350A,E19V:R78S:N116K,2189.938,6,1972.948043033574,25.11,False,4,3,0.0127271471180717,37210.98728233474,cgre132
17714,A38T:T95C:A163G:A238G:C383T,K12N:D54G:H79R,607.0060000000001,2,1773.176682394003,10.31,False,5,3,0.0058144234031321,32257.410808723977,cgre132
17715,C661T,T220M,6127.9000000000015,20,1999.6399299548552,47.95,False,1,1,0.0239793171168984,37856.491161873186,cgre132
17724,G125A:C244T:T297A:G519T:C704T,A81V:S99T:G173C,1721.039,6,1903.20302423898,42.17,False,5,3,0.0221573838749348,35503.400701544226,cgre132
17727,A261G,T87A,6531.965000000001,25,2046.5782233926689,92.85,False,1,1,0.045368410031296,38979.34725844892,cgre132
17743,A37G:A238G:C269T:C350A:G414A,K12R:H79R:N116K:G138R,102.876,2,1559.9915644222845,203.33,False,5,4,0.1303404483955012,26852.921312687376,cgre132
17744,T144C,Y48H,1340.1240000000005,22,1434.4126746893469,137.91,False,1,1,0.0961438799541195,23683.144925755027,cgre132
17745,C287T:A398G:A663T,I221F,201.044,2,1522.5311165777682,30.8,False,3,1,0.020229471611214,25903.737353868735,cgre132
17746,T386C,wt,8410.110999999999,26,2013.8675921255165,54.84,False,1,0,0.027231184519991,38198.557003595044,cgre132
17755,A349G:G352A,N116S:G117D,193.54700000000005,2,1914.3216690684512,3.74,False,2,2,0.0019536946483084,35777.47541874516,cgre132
17760,A81T:T396A,M27L:S132T,836.367,2,1749.4936841337544,63.45,False,2,2,0.0362676359311446,31659.94409520249,cgre132
17761,C231A:C434G,P77T:H144Q,229.526,4,1403.899974360536,33.36,False,2,2,0.0237623766715966,22919.9561009179,cgre132
17763,C32T:G574A:G575T:A581T,W191Y:E193D,3130.272,12,1931.927030412556,44.26,False,4,2,0.0229097679691082,36210.07381140589,cgre132
17788,A335G,wt,10475.72,26,1984.6686787748995,70.28,False,1,0,0.0354114521741647,37495.02324884714,cgre132
17792,C22A:T104A:T360C,A7E:Y120H,2358.8279999999995,6,1867.0721575926264,45.19,False,3,2,0.0242036708737959,34608.479071429494,cgre132
17802,C80T:C230T:T281C:C411A,L137M,3949.59,13,1905.0780889388348,42.27,False,4,1,0.0221880668542806,35549.66671684724,cgre132
17816,C468T:G636A,R156C:D212N,6230.237999999999,18,1971.12297085724,48.55,False,2,2,0.024630629705911,37166.67788522412,cgre132
17834,A93G:T272A,I31V:D90E,3013.217000000001,4,2020.3823120000604,55.42,False,2,2,0.0274304519846728,38354.69971166335,cgre132
17836,G243A,A81T,4941.514999999999,22,1961.629636091206,44.9,False,1,1,0.0228891321653708,36935.85323323618,cgre132
17843,T52A:T281C,I17N,986.827,4,1842.773150823307,30.09,False,2,1,0.0163286511888652,34003.250362851766,cgre132
17845,G69T:C443T,D23Y,603.421,2,1890.6912321235,0.14,False,2,1,7.404699277245881e-05,35194.2193562064,cgre132
17846,T14C:T565A,L188H,1169.428,10,1792.8486734349624,74.25,False,2,1,0.0414145382709532,32752.518249389,cgre132
17851,T182C:C411A:A499T,L137M:N166I,1329.271,8,1843.8769108375889,64.62,False,3,2,0.0350457232910661,34030.796358354375,cgre132
17855,T344C:T389C,wt,841.4590000000001,6,1905.25661956276,81.13,False,2,0,0.0425821903291004,35554.07088981456,cgre132
17859,C152T:G380A:A511T,D170V,448.973,4,1881.5431113269203,55.43,False,3,1,0.0294598617838254,34967.66541757411,cgre132
17861,G245T:G428A,wt,2931.6610000000005,10,2028.4256671478013,56.1,False,2,0,0.0276569168437328,38547.048510680164,cgre132
17866,G519T,G173C,2784.968,22,1855.0544785000257,67.13,False,1,1,0.0361876164705849,34309.464774203196,cgre132
17873,A581G:T622C,F207S,651.973,2,1815.3145985006036,3.25,False,2,1,0.0017903232875912,33316.451121617225,cgre132
17874,G102A:T584A,V34I:D194E,1753.6500000000003,11,2004.5037012852567,90.61,False,2,2,0.0452032091244841,37973.58907747434,cgre132
17879,T10A:A129T:C165A:T552A,L3H:T43S:L55M:F184I,1687.767,8,1872.074443681585,49.93,False,4,4,0.0266709479254514,34732.75158219307,cgre132
17883,A646G,E215G,2464.9710000000005,10,1943.9549634325465,67.74,False,1,1,0.0348464862994499,36504.61041976084,cgre132
17884,A54T:T215C,T18S,466.398,2,2004.5975462906736,10.17,False,2,1,0.0050733375478876,37975.84680884224,cgre132
17885,C259T:T325C,S86F:V108A,921.789,11,1668.96378398329,114.54,False,2,2,0.0686294101161555,29620.061235209887,cgre132
17891,G513A,V171I,4559.344000000001,16,2028.635675403158,83.01,False,1,1,0.040919126586642,38552.06417811618,cgre132
17906,A240G:A279T:A475T:C571T,I80V:S93C:N158I:A190V,357.918,6,1561.4951999919908,163.14,False,4,4,0.104476786096324,26891.06229688759,cgre132
17909,G140T:C366T:T429C:C439A:A487T:C524T:A643T,R122C:Y143H:P146Q:K162M:D214V,128.565,2,1234.3048906533063,145.17,False,7,5,0.11761275605346,18762.070815474057,cgre132
17910,A97T:A156T:T292A:T617C,K32M:T52S:I97N,568.9319999999999,4,1758.3465022571663,52.41,False,4,3,0.0298064118378954,31883.446231349622,cgre132
17912,G102A:A361G:A372G:A384G,V34I:Y120C:T124A:T128A,777.181,4,1642.3424817271757,42.46,False,4,4,0.0258533165112716,28944.05790146325,cgre132
17923,G29C:A226G:T638C,K75R,1516.5139999999997,2,1731.1509233682214,79.31,False,3,1,0.0458134521545297,31196.28807141639,cgre132
17924,A17T:A643G,E5D:D214G,1838.364,7,1910.3638079909845,39.7,False,2,2,0.0207813819723428,35679.989209265135,cgre132
17928,A85T:A120T,K28M:T40S,4915.021000000001,23,1953.6324413508453,49.32,False,2,2,0.0252452810242532,36740.966953710165,cgre132
17940,A359T:C704T,wt,7270.945,28,2033.769763282945,77.43,False,2,0,0.0380721561495787,38674.57902685516,cgre132
17963,T11G:G525T,G175C,1594.667,12,1866.5151897626165,64.39,False,2,1,0.0344974422673673,34594.63520615474,cgre132
17969,A136T:A449G,K45M,1105.476,6,1913.1263057468104,52.48,False,2,1,0.0274315395916914,35748.04123738066,cgre132
17972,C657G,L219V,322.183,2,1825.065539780526,38.6,False,1,1,0.0211499253909762,33560.670478953536,cgre132
17973,G317A:C434G,H144Q,3037.722,4,2006.6475500609663,16.18,False,2,1,0.0080631997380448,38025.15041352045,cgre132
17975,A25T:C278T:G421A,K8M:R140H,4134.225,18,1882.3687502256969,57.49,False,3,2,0.0305413059970884,34988.12908108804,cgre132
17984,A334G:C564T,K111R:L188F,1437.306,10,1884.416637093588,52.91,False,2,2,0.0280776548871937,35038.87231641298,cgre132
17989,A16G:C521T,E5G,2168.562,10,1969.422474797572,58.4,False,2,1,0.0296533632307627,37125.373632285686,cgre132
18026,G23A:T82C:C293T:G611T,M27T,2099.96,6,1895.3482196284533,61.26,False,4,1,0.0323212375254236,35309.39165045876,cgre132
18029,A37T:A123T,K12I:T41S,366.411,6,1815.4667376343316,96.55,False,2,2,0.0531819162524623,33320.26419563348,cgre132
18032,C7T:A339G:A474G:C641T,T2I:T113A:N158D,877.23,6,1793.0615038713715,79.13,False,4,3,0.0441312246284645,32757.868414366945,cgre132
18036,T10C:A499G,L3P:N166S,2968.924,6,1925.38828993039,51.99,False,2,2,0.0270023455901872,36049.605659674395,cgre132
18043,A147T,I49F,6429.989,22,1832.4436564564548,69.68,False,1,1,0.0380257257867048,33745.225647062936,cgre132
18046,A70T:T103C,D23V:V34A,489.67,4,1780.4405504192346,128.08,False,2,2,0.0719372516930382,32440.36124375794,cgre132
18048,C314A:C401T:G666A,V222I,5161.539999999999,15,1967.505379493171,47.89,False,3,1,0.0243404671210283,37078.78603540612,cgre132
18062,A70T:G72A:G235A,D23V:V24I:R78H,2448.4769999999994,10,1895.110443807598,77.58,False,3,3,0.0409369281107061,35303.5138320991,cgre132
18076,A286T:T301A:G341A,D95V:F100Y,336.851,4,1574.730600411919,71.79,False,3,2,0.0455887502162091,27226.89576148942,cgre132
18082,G167A:C482T,wt,4146.885,12,2017.6507831359831,33.46,False,2,0,0.016583642858153,38289.26906497232,cgre132
18088,A346G:A627C,E115G:K209Q,142.282,8,1567.3845606092852,144.72,False,2,2,0.0923321587037602,27040.475627528176,cgre132
18092,A37G:C113T:T116C:G447T:G477A,K12R:A149S:G159S,5712.445,17,1901.947326288977,64.12,False,5,3,0.0337128158670456,35472.40695881365,cgre132
18101,C385T:G461A,T128I,656.712,4,2002.1651190627235,65.56,False,2,1,0.0327445520730531,37917.30719314964,cgre132
18103,C411A,L137M,7283.381,26,1873.6172990394653,94.41,False,1,1,0.0503891590072319,34771.057797984126,cgre132
18124,C56T:G416A,wt,878.5920000000001,4,2008.7851067546017,48.06,False,2,0,0.0239249085620939,38076.527887626806,cgre132
18148,C130T:A354G,T43I:T118A,1861.527,6,1868.3056319545565,59.29,False,2,2,0.0317346364459506,34639.13303772166,cgre132
18151,G102A:G117A:G245A:G510T,V34I:A39T:D170Y,73.309,2,1479.218232048805,150.11,False,4,3,0.1014792792217607,24809.627508383455,cgre132
18171,G395C,K131N,1545.526,8,1966.4831782140604,54.85,False,1,1,0.0278924328505134,37053.93578539121,cgre132
18175,C101T:T187C:A334G:G375T,I62T:K111R:V125L,2003.389,10,1915.073561149776,66.54,False,4,3,0.0347454016126934,35795.98578285925,cgre132
18201,A327G:G546A,K109E:A182T,892.452,4,1840.621328951319,63.59,False,2,2,0.0345481164429567,33949.53419078243,cgre132
18203,G65A,wt,3662.103000000001,10,2004.7491705142827,38.74,False,1,0,0.0193241132455797,37979.494466104145,cgre132
18211,G29A:G62T:G102A:C545T,V34I,2200.483,9,1952.245303863864,57.91,False,4,1,0.029663280472687,36707.12321462186,cgre132
18216,T14C:A120T:C320T:G522T:G698A,T40S:G174C,1022.708,6,1769.540350403218,69.33,False,5,2,0.0391796660552001,32165.769466384038,cgre132
18228,A17T:A631T,E5D:D210V,1408.8100000000004,7,1767.2884357486653,75.62,False,2,2,0.0427887143209679,32108.999661811402,cgre132
18232,C320T:C446T,wt,10122.411,30,2009.1560952034804,51.77,False,2,0,0.025767037276791,38085.441498835404,cgre132
18255,C323T:C401T:A629G:A631T,D210V,1226.094,8,1751.6052065879608,89.88,False,4,1,0.0513129326528331,31713.26958926788,cgre132
18259,C45A:A306G:T325C:A356C:C443A:T553C,P15T:N102D:V108A:F184S,189.352,5,1514.9387933348148,94.74,False,6,4,0.0625371799948762,25711.651956473215,cgre132
18262,G575T,W191C,892.353,6,1770.5870993389342,68.07,False,1,1,0.0384448751633933,32192.152905176237,cgre132
18272,A266T:A348G,Q88H:N116D,397.112,2,1820.7973133253215,92.96,False,2,2,0.0510545568799347,33453.81235486242,cgre132
18282,C209T:T249C,F83L,128.55400000000003,3,1392.272681963004,324.99,False,2,1,0.233424101621952,22630.10612391232,cgre132
18284,G83A:G257A,M27I,2013.43,6,1880.1094089582048,55.12,False,2,1,0.0293174427708134,34932.12300809601,cgre132
18299,A227T:T242A:T527C:A572T,K75N,1097.946,4,1855.1206858878388,57.84,False,4,1,0.0311785645214335,34311.113821388186,cgre132
18301,G203A:A433T:G605A,H144L,3186.218,21,1955.518551121332,42.44,False,3,1,0.0217026834011183,36786.96583325687,cgre132
18323,T308C:C420G,R140G,1008.891,4,1877.6398448501984,17.39,False,2,1,0.0092616270621309,34870.87801498046,cgre132
18338,A225G:A240G:C704T,K75E:I80V,811.22,2,1716.6589303202134,27.88,False,3,2,0.0162408498901989,30829.490117074325,cgre132
18339,A493T:C563T,E164V,1447.5220000000002,4,1932.2039466550325,36.78,False,2,1,0.0190352576722929,36216.86428981118,cgre132
18343,C154T:C267G:C554T:T621A,T51I:P89A:F207I,89.726,4,1423.5820700570223,183.55,False,4,3,0.1289353131517369,23411.84500643851,cgre132
18344,C221T:C269T,wt,1546.775,6,1986.66870181478,37.74,False,2,0,0.0189966248350947,37543.40036150776,cgre132
18347,A97T,K32M,8376.974,26,1919.4454753068576,49.49,False,1,1,0.0257834883234118,35903.554402062095,cgre132
18362,T14G,wt,3176.368,8,1971.0336514329967,41.95,False,1,0,0.0212832490046535,37164.50882150064,cgre132
18366,T705G,wt,2218.213,6,1949.651036123205,32.4,False,1,0,0.016618358567606,36643.796142807936,cgre132
18369,G367A:G513A:G546A:C634A,R122H:V171I:A182T:P211H,120.51,2,1661.9614887837577,161.27,False,4,4,0.0970359428232114,29442.29266735899,cgre132
18370,A25C,K8T,5343.338000000002,17,1980.206643601132,54.88,False,1,1,0.0277142793037989,37386.99791369872,cgre132
18399,A90T:C109A:A472G,I30F:T36N:K157R,4298.126,14,1889.281381515513,35.75,False,3,3,0.0189225386698738,35159.33096386693,cgre132
18406,A64G:C121G:C383T:A399T:A502T,E21G:T40S:N133Y:K167M,1636.725,12,1946.387636384928,63.9,False,5,4,0.0328300482419231,36564.07751303844,cgre132
18412,G693A,E231K,5901.666999999999,16,1978.1743039475973,56.77,False,1,1,0.0286981788645778,37337.75143990516,cgre132
18423,A646T,E215V,4807.5470000000005,19,1991.8573198527129,62.1,False,1,1,0.0311769318921859,37668.7780617077,cgre132
18426,G65T:A108G:G200T:A577G,E21D:T36A:E192G,3460.9580000000005,6,1933.1312339022368,43.29,False,4,3,0.0223937202197154,36239.5998218677,cgre132
18429,T116C:C149A,wt,1785.3770000000002,10,1911.329121318978,109.42,False,2,0,0.0572481205772091,35703.77360273746,cgre132
18434,T116C:T187C:T527C:A559T,I62T:K186M,250.938,6,1548.7112729757405,186.24,False,4,2,0.1202548229936706,26566.877462639477,cgre132
18437,G23A:A329C:C623T:A648G,K109N:T216A,684.838,2,1853.2270651038723,12.17,False,4,2,0.0065669233032261,34263.94143514365,cgre132
18438,A64G:A356T:C524A:A529G,E21G:H176R,48.88,1,1683.5697536273028,0.0,False,4,2,0.0,29990.72665934584,cgre132
18439,A123G,T41A,6483.408000000002,35,1884.0570826087933,77.16,False,1,1,0.0409541731576195,35029.96461736606,cgre132
18445,C374T,wt,10429.029,44,2054.372953325176,64.01,False,1,0,0.0311579257779822,39164.18935731264,cgre132
18465,A688G,D229G,2816.367,14,1874.3458181904548,65.83,False,1,1,0.0351215871484986,34789.14173472776,cgre132
18472,G375A:A398G:G578T:T690C,V125M:E192D,3349.14,12,1939.6280715541095,52.17,False,4,2,0.0268969091369147,36398.7520713297,cgre132
18478,C32A:C154T,F10L:T51I,423.934,2,1828.0293440967728,27.45,False,2,2,0.0150161703304401,33634.83151320246,cgre132
18479,C157T:A399T,T52I:N133Y,56.529,3,1518.9924725716066,271.76,False,2,2,0.1789080623552524,25814.195806790776,cgre132
18480,T426A:C548T,L142M,2405.255,21,1924.1357517459608,100.22,False,2,1,0.0520857220749941,36018.83946184046,cgre132
18490,G117A:T308C,A39T,1695.9,10,1780.8189262028327,111.72,False,2,1,0.0627351823120029,32449.88701512877,cgre132
18495,C8A:T44C:C374T:G416A,wt,7374.624999999999,20,1964.093742873834,49.53,False,4,0,0.0252177372794479,36995.82145602445,cgre132
18505,C101T:C109T:C155A:A329C,T36I:K109N,2976.534,6,1839.7924836206864,40.17,False,4,2,0.0218339841898614,33928.83865042315,cgre132
18514,C9T:C188T:T215C:T376C,L3F:V125A,780.139,4,1697.1818355261432,74.89,False,4,2,0.0441260909304885,30335.958416235786,cgre132
18516,T490C,I163T,731.9970000000001,2,1847.365922973224,32.3,False,1,1,0.017484354127316,34117.8370726783,cgre132
18517,A583G,D194G,4073.427,8,1998.1475823999872,35.72,False,1,1,0.0178765574248006,37820.52889005353,cgre132
18523,C635A,wt,6115.038000000001,22,1955.0341721542209,42.43,False,1,0,0.0217029454545273,36775.15477344843,cgre132
18537,A322G:C420T,D107G:R140C,62.85600000000001,1,1421.1715934708586,0.0,False,2,2,0.0,23351.522698370085,cgre132
18538,A36G:C432A:A572T,K12E:H144N,1498.882,4,2000.6084019556515,28.18,False,3,2,0.0140857151116896,37879.82087997303,cgre132
18540,C149A:G402T:A529T:T612A:C623T,G134C:H176L:W204R,498.315,2,1772.9667845817464,64.14,False,5,3,0.0361766506613551,32252.122038210935,cgre132
18541,G162C:T517C,D54H:L172P,5600.6950000000015,26,1922.8029191313983,49.75,False,2,2,0.0258736865359419,35986.09137891859,cgre132
18554,C596T,wt,7708.866999999999,24,1985.8428433932957,50.84,False,1,0,0.0256012202421453,37523.42752721268,cgre132
18558,G39A:C71T:T104A,E13K,2490.9790000000003,6,1893.40365458586,36.6,False,3,1,0.0193302679602176,35261.31365881525,cgre132
18561,T44A:T258A:C569T:C590T:G639A:A695T,S86T:D213N:E231D,1923.853,6,1921.6441070771227,41.27,False,6,3,0.0214764013003286,35957.61101560173,cgre132
18564,A156C:A695G,T52P,686.503,2,1697.4392817211178,112.17,False,2,1,0.0660818924175392,30342.485529565653,cgre132
18584,G21A:G125A:C170A:G200T:T253A:G280T,A7T:F84Y:S93I,2089.8609999999994,13,1669.6633913455623,85.48,False,6,3,0.0511959479036745,29637.82015549813,cgre132
18591,A225G:G416A,K75E,2573.441,16,1941.092455022338,58.72,False,2,1,0.030251006255817,36434.59089620223,cgre132
18603,C251A:A400G:C505T,F83L:N133S:A168V,1743.1270000000002,12,1866.1438334437855,77.62,False,3,3,0.0415937928304057,34585.40408146859,cgre132
18610,T110A:C634T,P211L,3918.607,8,1942.0359762289463,34.57,False,2,1,0.0178009060713325,36457.675626021686,cgre132
18614,T104G:A652G,D217G,996.808,9,1660.1530841706224,95.1,False,2,1,0.0572838739431731,29396.37650021665,cgre132
18619,G173C:C355T:G377A:A475G:C482T,T118I:N158S,2355.685,6,1880.735667927645,44.58,False,5,2,0.0237034904799365,34947.64957939992,cgre132
18622,G525T,G175C,5935.011,28,1969.2459427828403,75.83,False,1,1,0.0385071251653009,37121.084687477625,cgre132
18635,G23A,wt,5539.323,14,2007.3136116298856,46.93,False,1,0,0.0233795056876509,38041.16310065143,cgre132
18641,A361G:A372G:G387T,Y120C:T124A:G129C,415.098,4,1592.2749566738034,90.14,False,3,3,0.0566108256756727,27672.304615980152,cgre132
18643,A356T:G570A,A190T,2537.534,4,1984.791620815056,45.81,False,2,1,0.0230805085630037,37497.99777978197,cgre132
18645,C121G:A333G:G437A:A471G,T40S:K111E:K157E,1218.389,6,1826.653399208494,72.18,False,4,3,0.0395148855449404,33600.40639563788,cgre132
18648,C128T:C130A:T509A:A650G,T43N:F169L,564.312,2,1873.1620205687288,3.16,False,4,2,0.001686987011962,34759.755229231756,cgre132
18649,A304T:C365T,D101V,2345.984,10,1819.832306347913,36.91,False,2,1,0.0202820885590672,33429.64342757265,cgre132
18666,T116C:C528A,H176N,791.429,14,1903.2842028772625,74.19,False,2,1,0.0389799904227883,35505.404110793694,cgre132
18679,G387T:C443T:C547T:C668T:C702T,G129C:A182V:R234C,922.592,4,1690.2835385425085,82.12,False,5,3,0.0485835649034422,30161.03123939451,cgre132
18685,A35T:C592A,E11D:P197H,2339.795,10,1866.709260039166,87.03,False,2,2,0.046622150467167,34599.45913147157,cgre132
18690,G98T:T301C:T376C:C561T:A663T:G703A,K32N:F100S:V125A:P187S:I221F:R234H,56.038,1,2787.568315072124,0.0,False,6,6,0.0,53158.10181185309,cgre132
18691,C7T:C60G:T344C,T2I:L20V,363.637,2,1789.4217691856284,53.72,False,3,2,0.0300208709456173,32666.352756290536,cgre132
18692,A240G:G338A,I80V,890.113,4,1892.3523472893803,140.58,False,2,1,0.0742884908306679,35235.312940931406,cgre132
18694,A406T:A511G,N135I:D170G,3212.822,6,1829.6722406893616,28.18,False,2,2,0.0154016655952449,33675.92616102639,cgre132
18697,C22T,A7V,614.0550000000001,4,1978.89614636796,49.71,False,1,1,0.0251200650884267,37355.245826581726,cgre132
18699,C275T:C554G,F184L,1212.485,2,1988.648690587456,13.48,False,2,1,0.0067784722680293,37591.26633026999,cgre132
18700,A84G:T201A,K28E:S67T,1298.185,6,1913.4335810957373,74.54,False,2,2,0.0389561470732181,35755.608205346485,cgre132
18703,G381T,G127C,2060.184,9,1911.2221307479567,107.14,False,1,1,0.0560583713825408,35701.13770260534,cgre132
18708,G29A:A225G,K75E,1876.9,8,1898.0497553439288,73.13,False,2,1,0.0385290215886615,35376.15353856918,cgre132
18712,A349G,N116S,10211.836,31,1988.547498762681,55.16,False,1,1,0.0277388395471175,37588.82067399093,cgre132
18718,A40C:T44C:A354G,E13A:T118A,4814.792,10,1957.3636265017965,35.62,False,3,2,0.0181979472376627,36831.94275606714,cgre132
18723,T281A:G605A,S93R,3642.3020000000006,14,2005.0007376932947,47.36,False,2,1,0.0236209389401455,37985.54611420206,cgre132
18730,A37G:T104C:G461A:G576A,K12R:E192K,7690.816000000001,21,1981.6427315802105,106.78,False,4,2,0.053884586912824,37421.77989010198,cgre132
18741,G159A:C165A,G53S:L55M,128.22199999999998,2,1474.3139678850864,51.37,False,2,2,0.0348433245014225,24686.032998515326,cgre132
18753,C470T:A581T,E193D,9671.434,30,1951.0082664772044,57.43,False,2,1,0.0294360618490342,36676.931756572885,cgre132
18768,A333G:T396C:C571T,K111E:S132P:A190V,957.043,11,1889.8869579110797,92.43,False,3,3,0.0489076871042934,35174.31785902256,cgre132
18773,C158A:A240G:T621A,I80V:F207I,622.963,2,1841.109383943276,27.4,False,3,2,0.0148823314024476,33961.71920302501,cgre132
18774,A36G:A580T,K12E:E193V,1423.219,10,1981.2501115773407,59.11,False,2,2,0.0298346986352674,37412.27201281728,cgre132
18786,A153G,T51A,2984.53,10,1905.8243587459108,60.78,False,1,1,0.0318917111753126,35568.075343472025,cgre132
18791,G536A:A631T,M178I:D210V,585.084,3,1754.9559055649045,34.11,False,2,2,0.0194363857757556,31797.868139778468,cgre132
18793,A84G,K28E,4932.161,16,1909.3929959596128,51.6,False,1,1,0.0270242952127658,35656.06433310616,cgre132
18798,T509A,F169L,16782.416999999998,53,1883.1351680847008,82.11,False,1,1,0.0436028179981963,35007.122008378996,cgre132
18801,T11C:A349G:A379T:C468T,N116S:K126M:R156C,1956.042,11,1872.3699787815608,68.44,False,4,3,0.0365526048674082,34740.090018061535,cgre132
18807,A16T:C22T:A64G:G137T:C482T:G518T,E5V:A7V:E21G:K45N,86.275,2,1379.8864644615714,63.04,False,6,4,0.0456849180157717,22321.978737907826,cgre132
18809,A238T:C254T,H79L,4776.236000000001,16,1920.208069875008,54.89,False,2,1,0.0285854438699306,35922.3069328542,cgre132
18817,C60T:A194G:T459C:A487T:A652T,K162M:D217V,1302.3430000000003,6,1735.464933047685,125.47,False,5,2,0.0722976290737604,31305.399173905036,cgre132
18820,A346T,E115V,3889.323,16,1920.4051920446773,59.81,False,1,1,0.0311444690150621,35927.15373218707,cgre132
18828,T11G,wt,2181.029,10,1933.3326306829767,86.81,False,1,0,0.0449017404570123,36244.53708176465,cgre132
18833,G280C,S93T,4993.994000000001,17,1932.127667662972,66.32,False,1,1,0.0343248539472643,36214.99383716196,cgre132
18842,C633A,P211T,5170.191,20,1978.500361920307,71.33,False,1,1,0.0360525584795789,37345.65412182812,cgre132
18854,A70T:C441T,D23V:P147S,1083.86,4,1687.9150495665504,62.23,False,2,2,0.0368679691646688,30100.95723220068,cgre132
18856,C302T:G341A:A454T,Y151F,236.549,6,1574.140867504824,99.86,False,3,1,0.0634377787029241,27211.92820971545,cgre132
18859,T360A:A399G,Y120N:N133D,3493.525,12,1864.147938951415,50.62,False,2,2,0.0271544972060928,34535.77980540448,cgre132
18865,C158T:A399T:T552A,N133Y:F184I,1373.0089999999998,7,1949.5813729238223,62.93,False,3,2,0.0322787244861817,36642.09507450579,cgre132
18870,T150A:G388A,C50S:G129D,429.239,4,1591.869404200675,97.69,False,2,2,0.0613680995075428,27662.006176526524,cgre132
18877,G159T:T242C:G447T:A456G,G53C:A149S:I152V,198.57,4,1470.484263925934,46.25,False,4,3,0.0314522236888959,24589.56539056214,cgre132
18879,C185T:C603A,L201M,2821.849,6,1859.4913641888547,86.63,False,2,1,0.0465880087793737,34419.933722252834,cgre132
18882,G280C:T508A:T584A,S93T:F169Y:D194E,268.515,1,1640.004932081102,0.0,False,3,3,0.0,28884.68317409928,cgre132
18883,A286T:T370C,D95V:V123A,198.956,2,1820.1038920672424,9.59,False,2,2,0.0052689299999835,33436.445727350816,cgre132
18909,T14C:C404G:C592T,P197L,3503.992,20,1959.815285481035,103.3,False,3,1,0.0527090490442037,36891.673567472746,cgre132
18931,A51C:G423A,I17L:V141I,1135.5010000000002,6,1999.3405020293949,49.33,False,2,2,0.0246731359415409,37849.27685634106,cgre132
18934,C80G:C287T,wt,2262.991,6,1868.694580657544,57.78,False,2,0,0.0309199805030037,34648.797653776215,cgre132
18937,G125A:C704T,wt,7941.601999999999,18,1998.275107805824,34.12,False,2,0,0.0170747260308241,37823.602575808356,cgre132
18952,A85G:A580T,K28R:E193V,4817.066999999999,18,1960.4398645953,52.88,False,2,2,0.0269735384160412,36906.88447134054,cgre132
18961,A147G:C311T,I49V,3904.225,10,2012.1898075417755,40.69,False,2,1,0.020221750377371,38158.294413683354,cgre132
18966,G29A:G83T:C263T,M27I,4303.375999999999,14,1969.802681603092,62.7,False,3,1,0.0318305993720003,37134.61029157234,cgre132
18973,G62T:C462T,P154S,619.575,11,1907.553072348757,65.72,False,2,1,0.0344525145604884,35610.70720984686,cgre132
18977,A398G:A475G,N158S,4878.620999999998,15,1963.9799340174532,46.82,False,2,1,0.0238393474337726,36993.05256719219,cgre132
18984,T201A:T292C:A333G,S67T:I97T:K111E,1366.553,4,1822.3841939646368,17.58,False,3,3,0.0096467035097326,33493.54890939773,cgre132
18986,C439A,P146Q,1133.722,6,1789.1271824975051,24.77,False,1,1,0.0138447396262923,32658.944024219818,cgre132
18989,T82C:A316G:T517A:G546A:A646T,M27T:Q105R:L172Q:A182T:E215V,900.3240000000001,5,1949.5421255741107,44.58,False,5,5,0.0228669077806522,36641.13670159484,cgre132
18991,T253A:A349G:G624A:T653C,F84Y:N116S:G208S,820.15,10,1748.78451966342,99.55,False,4,3,0.0569252522999002,31642.03214458422,cgre132
18997,A42G:C157T:C305T,I14V:T52I,406.114,2,1619.3350837672897,58.79,False,3,2,0.0363050245680026,28359.617150183614,cgre132
18998,C230T:G285T:A316T,D95Y:Q105L,182.548,4,1672.9919653432537,100.77,False,3,2,0.0602334034397616,29722.30730445866,cgre132
19000,T14A,wt,2736.6799999999994,10,1938.8928420968637,56.83,False,1,0,0.0293105419578215,36380.75356931448,cgre132
19005,A35T:G62T:G567A,E11D:G189S,717.216,2,1898.466159671147,9.08,False,3,2,0.0047828084549965,35386.44066337487,cgre132
19010,G21A,A7T,5016.46,17,1990.7167927505784,67.34,False,1,1,0.0338270115795608,37641.234066522586,cgre132
19017,C170A:C298T:T342C,S99L:Y114H,1253.1,4,1828.1273813824912,76.73,False,3,2,0.0419719111378191,33637.28405989249,cgre132
19019,T91C:C107T:A378G:T509A,I30T:K126E:F169L,1288.461,2,1829.4797788766696,64.9,False,4,3,0.0354745653651606,33671.11254283973,cgre132
19020,A660G,T220A,1043.695,5,1865.2198650408484,61.88,False,1,1,0.0331757135766108,34562.43351114372,cgre132
19022,A147T:A322T,I49F:D107V,1313.718,8,1758.1611979913707,48.93,False,2,2,0.0278302126425612,31878.76991717668,cgre132
19026,A74C:C169T,P56L,346.71400000000006,4,1637.3154040570255,91.28,False,2,1,0.055749796144238,28816.366065500253,cgre132
19028,A90G:A608G,I30V,6769.816999999999,16,1952.492205589005,52.22,False,2,1,0.0267453052311913,36713.148046625836,cgre132
19036,C401T:C434T:G477A,G159S,3225.432,10,1937.68785119881,67.02,False,3,1,0.0345876142839704,36351.24841744931,cgre132
19041,T82C:G611T,M27T,3296.157,6,1954.617014543967,35.72,False,2,1,0.0182746797629477,36764.98167748293,cgre132
19044,T91A:A346T,I30N:E115V,739.136,2,1926.2241670146343,13.68,False,2,2,0.0071019771396607,36070.132491767676,cgre132
19045,T325C:A398G,V108A,1614.882,7,1893.9517848470043,57.31,False,2,1,0.0302594820303884,35274.86771219459,cgre132
19049,A115G:G576A,D38G:E192K,265.424,7,1400.7206212257618,115.85,False,2,2,0.0827074280512986,22840.64367928056,cgre132
19058,T28G,L9R,622.0340000000001,7,1808.8562415910096,75.29,False,1,1,0.0416229870947496,33154.50983264503,cgre132
19061,T565A,L188H,2430.044,15,1789.111531274455,98.13,False,1,1,0.0548484531481936,32658.550395051712,cgre132
19062,T110A:C275T,wt,10924.516999999998,27,1984.414522730956,43.92,False,2,0,0.0221324725741057,37488.873729215156,cgre132
19076,A81G:A153G:G200T:A359T:T552C,M27V:T51A:F184L,1442.9640000000002,8,1809.296577998924,45.7,False,5,3,0.0252584349938604,33165.55573726233,cgre132
19086,T281G,S93R,1391.4489999999998,4,1987.4393647094007,34.57,False,1,1,0.0173942413609457,37562.0341837623,cgre132
19088,C56A:A120T:T507C:A511G,T40S:F169L:D170G,4586.334,10,1919.5095820569188,56.58,False,4,3,0.0294762790083963,35905.130937824004,cgre132
19093,C124T:C269T,T41M,1306.623,4,1878.8388741390515,28.16,False,2,1,0.0149879802827179,34900.61745230172,cgre132
19095,A17G:T44A:C603A,L201M,1178.705,6,1798.9490052190345,43.39,False,3,1,0.0241196386746476,32905.81232610286,cgre132
19118,C267T,P89S,4434.801,28,1894.1690887410589,131.85,False,1,1,0.0696083579780265,35280.24074167475,cgre132
19129,C260T:T281C:C441T:T509A:C521T:G662A,P147S:F169L,733.147,4,1663.937976479574,6.94,False,6,2,0.0041708285393444,29492.473899369354,cgre132
19135,C355T:C539T,T118I,3521.5650000000005,12,1945.2436411861504,52.43,False,2,1,0.0269529219322006,36536.11675967705,cgre132
19141,C185A:C278T:C548A:C697T,T232M,185.535,2,1862.838484136553,57.78,False,4,1,0.0310171818394559,34503.21293594136,cgre132
19151,A433T,H144L,7452.555999999999,35,1958.4213481233517,63.22,False,1,1,0.0322811023585809,36857.717060183844,cgre132
19159,C128T:C165T,wt,6596.606,14,1910.2647423852611,63.12,False,2,0,0.0330425404392822,35677.548047094555,cgre132
19166,C22T:T337C,A7V:V112A,218.748,2,1615.0813872594492,3.44,False,2,2,0.002129923623129,28251.561874847506,cgre132
19167,C20T:C296A,wt,6178.133999999999,16,1992.9100070697575,41.4,False,2,0,0.0207736424891918,37694.192813995585,cgre132
19174,G63A:T297A:G347T:A384G:C554T:C571A,E21K:S99T:E115D:T128A:A190E,1454.294,10,1759.597375219221,88.16,False,6,5,0.0501023707136506,31915.010850430746,cgre132
19179,G537T:A694G,A179S:E231G,976.427,6,1790.1488492448093,49.26,False,2,2,0.0275172648468761,32684.63737366004,cgre132
19182,A136C:C267T:C443T,K45T:P89S,188.804,3,1573.159685964694,463.57,False,3,2,0.2946744721059447,27187.02632218448,cgre132
19184,T5A:A493T:G525A:C591A,E164V:G175S:P197T,889.1419999999999,6,1675.8876000924472,58.17,False,4,3,0.0347099650339266,29795.797256635546,cgre132
19187,A225G:A405G,K75E:N135D,1809.127,8,1788.9335434286877,55.37,False,2,2,0.030951401299054,32654.073937568024,cgre132
19191,G578T,E192D,605.8960000000001,4,1992.207761134594,71.47,False,1,1,0.0358747723978831,37677.23951602616,cgre132
19201,G65A:A115T:A123G:C521T,D38V:T41A,586.9060000000001,4,1669.1820165084507,69.99,False,4,2,0.0419307177454518,29625.600920872108,cgre132
19203,G388C,G129A,6231.308,23,1948.730354044428,66.82,False,1,1,0.0342889922463211,36621.312133072664,cgre132
19209,T371C:A629C,K209N,2652.899,6,1895.9724095839424,13.19,False,2,1,0.0069568522903212,35324.82026955167,cgre132
19212,A142T:C278T:C296T,K47M,225.823,7,1403.002797365407,193.59,False,3,1,0.137982618682962,22897.570829973083,cgre132
19216,C554A,F184L,3090.5950000000007,10,1987.9705853627904,52.91,False,1,1,0.0266150819280579,37574.87620872916,cgre132
19224,C350A,N116K,7138.571,14,1923.0485545598935,42.72,False,1,1,0.0222147277034182,35992.12745501986,cgre132
19231,T258A,S86T,1168.856,8,2067.161465606972,101.47,False,1,1,0.049086634831501,39466.39612486719,cgre132
19237,G117A,A39T,3276.643,12,1822.201554746606,54.73,False,1,1,0.0300350967528456,33488.97597215656,cgre132
19242,A120G:C206T:C385T:G560A,T40A:T128I,1061.951,8,1917.8778329385216,70.35,False,4,2,0.036681168524802,35864.995380692606,cgre132
19246,A322C,D107A,4504.481,8,2003.4807739513967,21.84,False,1,1,0.0109010279928595,37948.97536715316,cgre132
19257,A64T:A378G:A408G:C592A,E21V:K126E:I136V:P197H,970.632,6,1790.6426784876226,58.74,False,4,4,0.0328038646155869,32697.055267020434,cgre132
19260,T110A:T386C:A430T:G504A:C540A:A618T:G642A,Y143F:A168T:R180S:S206C:D214N,242.198,6,1567.136144407173,68.59,False,7,5,0.043767735333516,27034.172532881952,cgre132
19263,C209T:A532T:T593A,Q177L,2226.257,4,1911.2735371064573,39.66,False,3,1,0.0207505619839442,35702.404195920426,cgre132
19265,G413A,wt,5063.138000000001,14,1979.450479615293,42.43,False,1,0,0.0214352419709162,37368.67817220735,cgre132
19272,A356G:C470T:G567A,G189S,704.216,4,1861.940908161016,47.51,False,3,1,0.0255163844307627,34480.885324972034,cgre132
19274,G29A:C218T:C267T,P89S,669.002,2,1678.1579317930448,24.49,False,3,1,0.0145933821460018,29853.411666582633,cgre132
19280,A90G:A163T:G574T,I30V:D54V:W191L,461.552,10,1785.2199786622596,61.56,False,3,3,0.0344831453466757,32560.654487917975,cgre132
19284,A38G:A640T,D213V,4663.3460000000005,10,1882.9564282537024,112.44,False,2,1,0.059714605347655,35002.6928330588,cgre132
19289,A54G:A129G:C434A,T18A:T43A:H144Q,4180.822999999999,8,1923.0509841464889,55.85,False,3,3,0.0290423917308609,35992.18715633627,cgre132
19293,G143A:A652G,D217G,636.8050000000001,9,1550.853497705515,73.1,False,2,1,0.0471353355479104,26621.186762020072,cgre132
19298,G336T,V112L,4126.808,23,1811.115259518387,71.75,False,1,1,0.0396164736743921,33211.1705470201,cgre132
19302,T11C:A64G:C158A,E21G,750.904,4,1797.457645722768,148.02,False,3,1,0.0823496455408718,32868.347243858996,cgre132
19304,C130A:A334G:G375A,T43N:K111R:V125M,542.028,2,1870.169603020103,25.02,False,3,3,0.0133784657603223,34685.44282193546,cgre132
19305,G78A:T527A:T621C:A637T,G26S:F207L:D212V,1186.932,10,1790.5958475034213,74.29,False,4,3,0.041488982621947,32695.87768145852,cgre132
19310,A84G:C130T:A335G:T483A,K28E:T43I:L161I,739.858,4,1717.6422673584943,50.74,False,4,3,0.0295404933636335,30854.390821076795,cgre132
19312,T104G:A663G,I221V,1059.844,3,1826.6716778106493,122.32,False,2,1,0.0669633199473515,33600.863759484215,cgre132
19314,T459A:A652T,L153M:D217V,739.26,8,1694.6454004449708,141.8,False,2,2,0.0836753222607909,30271.64662688207,cgre132
19318,T459A,L153M,4057.317000000001,12,1886.2472774564544,47.37,False,1,1,0.0251133563272133,35084.2153736527,cgre132
19325,T10A:G78A:C432A,L3H:G26S:H144N,443.503,2,1747.2624408516235,48.22,False,3,3,0.027597456954719,31603.58382097639,cgre132
19326,A156T:T258A:C468A:T508A,T52S:S86T:R156S:F169Y,405.523,2,1634.9337738060983,60.42,False,4,4,0.0369556253396999,28755.868418908125,cgre132
19332,C564A,L188I,7435.106000000001,21,1973.885308988156,43.18,False,1,1,0.0218756377603999,37233.733990973175,cgre132
19340,A261G:T483A:A534T:C569T,T87A:L161I:M178L,8839.882000000001,33,1979.1290144194509,52.11,False,4,3,0.0263297640630495,37360.888823966234,cgre132
19356,G69A:T95C:A400T,D23N:N133I,2673.26,15,1869.05114080647,59.01,False,3,2,0.0315721698094028,34657.65687333105,cgre132
19364,A42G:A108T:A238T:G257A:T552A,I14V:T36S:H79L:F184I,315.482,4,1773.8782582775498,168.41,False,5,4,0.0949388714891446,32275.087446973885,cgre132
19366,T103C:T584C,V34A,2431.464,6,1909.7731271336208,28.61,False,2,1,0.0149808370394973,35665.43295418596,cgre132
19369,G102A:T104A:A466T,V34I:D155V,222.562,2,1615.5779462503665,65.9,False,3,2,0.0407903562641152,28264.175673452246,cgre132
19371,T10A:T148A:C683T,L3H:I49N,897.0249999999999,4,1751.751675183501,50.39,False,3,2,0.0287654926858976,31716.968194037538,cgre132
19382,C56T:T308G:A475C,N102K:N158T,2305.457,6,1931.5523783176336,40.47,False,3,2,0.0209520593147202,36200.88597800387,cgre132
19391,A85G:C275T:C290T,K28R,5502.8240000000005,16,2009.026711398656,58.33,False,3,1,0.0290339594138056,38082.332950686825,cgre132
19416,C206T,wt,4215.204000000001,16,1980.8676099156223,44.48,False,1,0,0.022454807064009,37403.00818223488,cgre132
19430,A17G:C118A:T425C,A39D,111.032,2,1457.2578472256532,180.78,False,3,1,0.1240549161180853,24256.729605618668,cgre132
19441,T91A:G375A:T426A,I30N:V125M:L142M,1008.602,7,1795.785796722629,83.6,False,3,3,0.0465534364691896,32826.33949083203,cgre132
19444,T50C:T479C:A628G,K209R,1901.515,12,1829.676341260729,88.09,False,3,1,0.048145127098983,33676.02871793565,cgre132
19450,A471G:C539T:A580G,K157E:E193G,908.793,4,1953.088027736594,71.11,False,3,2,0.0364090092152212,36727.68561171642,cgre132
19459,C275T:G326A:A499G:A577G:G611A,N166S:E192G,1061.661,2,1937.0217938381084,0.02,False,5,2,1.0325129053076392e-05,36334.93584444361,cgre132
19460,T88A:A406G,F29Y:N135S,162.04500000000002,4,1467.8999374900238,137.53,False,2,2,0.093691672359605,24524.491580514292,cgre132
19462,A261T:G347T,T87S:E115D,3869.114,14,1906.3987576296504,48.35,False,2,2,0.0253619552606699,35582.24235485418,cgre132
19469,T148A:C176A:C234T:G447A:C571T:A646T,I49N:R78C:A149T:A190V:E215V,1736.286,9,1804.737644231564,117.82,False,6,5,0.0652837271813911,33051.162179322666,cgre132
19474,G72A:C158A:C623T:G681T,V24I:A227S,577.445,2,1724.2887554207157,39.2,False,4,2,0.022734011270888,31022.65256780055,cgre132
19475,A227T:C656T:A695G,K75N,2887.052,12,1975.8829107931008,68.47,False,3,1,0.0346528630952715,37282.195142958575,cgre132
19481,G102T,V34F,3160.876,12,1951.203273827331,89.42,False,1,1,0.0458281313892019,36681.691775156716,cgre132
19487,G83A:T281C:A393G:G395A:C548T,M27I:K131E,4240.548999999999,16,1863.6725006903744,102.61,False,5,2,0.0550579567826371,34523.956273763855,cgre132
19511,A153G:A378C:G380A:C410T,T51A:K126Q,2480.528,10,1930.281854589585,56.13,False,4,2,0.0290786549469659,36169.72214450871,cgre132
19516,A16G:A406T:C468G:A572G,E5G:N135I:R156G,255.069,4,1536.7990903847356,89.97,False,4,3,0.0585437618768216,26265.004261246446,cgre132
19518,C109T:G167T,T36I,1309.005,8,1954.1150715502592,40.5,False,2,1,0.0207254939023985,36752.73952933838,cgre132
19522,G65A:A120G:G140A:C244A:G680A,T40A:A81E,4373.315,8,1946.507429550364,40.41,False,5,2,0.0207602598307752,36567.00496327811,cgre132
19526,C357A:A471G,L119I:K157E,10037.569000000003,34,1945.224236487616,53.42,False,2,2,0.0274621295570826,36535.6424157718,cgre132
19543,T427C:T612C,L142S:W204R,675.244,4,1546.2014193123428,131.2,False,2,2,0.0848531105723275,26503.256291369205,cgre132
19545,T224A:C236T,wt,2482.458,8,2014.8871885086503,68.6,False,2,0,0.0340465711386925,38223.01478469549,cgre132
19549,C22T:A76G:A306G:T429A,A7V:E25G:N102D:Y143N,286.287,3,1660.5638943262545,152.92,False,4,4,0.0920891996522932,29406.80734225157,cgre132
19567,G23A:T292C:C410T:A430C,I97T:Y143S,590.713,4,1824.0040950924565,56.63,False,4,2,0.0310470794184974,33534.10274696529,cgre132
19573,G522T,G174C,3346.8949999999995,18,1805.7281799685868,86.14,False,1,1,0.0477037468626637,33076.022868087624,cgre132
19577,T14C:T52A,I17N,2994.882,11,1871.550563276844,56.21,False,2,1,0.0300339200569518,34719.74211224637,cgre132
19582,G299A:C355T,T118I,2591.019,19,1782.7262139981292,92.73,False,2,1,0.0520158391523474,32497.897427531283,cgre132
19592,A145T:T220A:G416A,Y48F:F73Y,827.6260000000001,6,1664.0306511510848,83.34,False,3,2,0.050083212074459,29494.826755434093,cgre132
19595,T148A:A348G:T566A,I49N:N116D,1695.2420000000002,10,1853.3266576586657,87.07,False,3,2,0.0469803850498739,34266.42278778207,cgre132
19602,G257A:A294G:C311T:C521G:C538T,I98V:A179V,662.2270000000001,4,1775.5567413869603,93.31,False,5,2,0.0525525306091382,32317.372294499954,cgre132
19605,T104C:T464C:C516T:C547T,A182V,3602.8,12,1949.086493297476,56.17,False,4,1,0.0288186287233314,36630.0100297161,cgre132
19611,A346G,E115G,3322.37,16,1825.439584029972,80.06,False,1,1,0.0438579291806819,33570.03172439358,cgre132
19613,C146T:A306C,N102H,302.991,2,1978.3172151428007,79.06,False,2,1,0.0399632573557184,37341.21527120159,cgre132
19619,C4T:G171T,T1I:V57L,1783.0230000000004,10,1730.1516106482254,75.35,False,2,2,0.0435510966416226,31171.007846399567,cgre132
19624,A58T:C223T:C524T:G576A,E19V:A74V:E192K,483.028,4,1466.269811735635,99.43,False,4,3,0.0678115304592569,24483.454667648723,cgre132
19626,A120G:A398T:T425G:A694G,T40A:E231G,2821.311,6,1915.0189413432304,16.82,False,4,2,0.0087832029422132,35794.64123464977,cgre132
19629,A156G:C290T:C644A,T52A:D214E,1027.591,3,1835.1464946678727,18.33,False,3,2,0.0099883034151545,33812.78170276278,cgre132
19630,A356G:C452T:C657A,L219I,3139.841,10,1829.0790783634989,60.04,False,3,1,0.0328252620185883,33661.090260887184,cgre132
19635,A261G:C470A,T87A,3585.6059999999998,13,1995.0808398725983,75.69,False,2,1,0.0379383123166244,37746.57865659729,cgre132
19641,C275G:T673C,V224A,2010.73,6,1880.6500570007884,103.5,False,2,1,0.0550341620519551,34945.52717451299,cgre132
19644,C22T:A688G,A7V:D229G,2464.269,11,1894.2113920467616,50.87,False,2,2,0.026855503146897,35281.28670047722,cgre132
19654,A129T:T182C,T43S,3702.279000000001,9,1942.4975511132204,54.73,False,2,1,0.0281750676950068,36468.966866176,cgre132
19658,C124A:C152T:A339G:T389A:T429A,T41K:T113A:Y143N,308.882,8,1700.802573690935,141.28,False,5,3,0.0830666663993848,30427.747698136674,cgre132
19660,G62A:G414A:T517A,G138R:L172Q,3306.735,14,1929.265840723087,55.29,False,3,2,0.0286585699248566,36144.79440292682,cgre132
19667,G245A:G375A:A640C,V125M:D213A,236.533,4,1806.61216427058,84.69,False,3,2,0.0468777979440837,33098.20650873115,cgre132
19669,G212A:T242C:T507C:G687A,F169L:D229N,427.737,2,1809.7174665100465,37.45,False,4,2,0.0206938379570489,33176.1131646869,cgre132
19670,A16G:C385T:A511G:C697T,E5G:T128I:D170G:T232M,888.0590000000001,4,1796.120979364983,47.16,False,4,4,0.0262565832378804,32834.762182918814,cgre132
19672,T491A:T509A,F169L,4147.31,16,1928.9076947352744,96.34,False,2,1,0.0499453655884875,36136.00595042611,cgre132
19680,C206T:C263T:A398G:A696G,T232A,1016.169,2,1837.327591025684,8.33,False,4,1,0.0045337587269071,33867.27621445916,cgre132
19681,G140A:C197T:C462T,P154S,4610.05,10,1871.9413100553645,47.04,False,3,1,0.0251289929589773,34729.44560787219,cgre132
19686,A84G:A136T:A580G,K28E:K45M:E193G,957.926,4,1798.422800664854,84.7,False,3,3,0.0470968228209114,32892.59413758448,cgre132
19688,G338A:A440G:T459A,L153M,957.956,8,1895.9310398804787,59.83,False,3,1,0.0315570549463506,35323.797761258225,cgre132
19692,C157T,T52I,1406.894,17,1620.1562821232378,124.29,False,1,1,0.0767148215091424,28380.478014544256,cgre132
19695,C71T:A135G,K45E,1264.668,4,1864.158708189418,103.11,False,2,1,0.0553118141427703,34536.047610684844,cgre132
19697,C46A:A194T:T342C:A493T,P15H:Y114H:E164V,156.303,2,1337.2697275373882,167.3,False,4,3,0.125105651129998,21267.356271607074,cgre132
19698,T479C:G619T:A640C,S206I:D213A,609.975,7,1540.8869725841598,94.31,False,3,2,0.0612050083348011,26368.573185228634,cgre132
19701,A266G:A354G:A399G:G402A:A502T:A629T:T667C,T118A:N133D:G134S:K167M:K209N:V222A,115.103,2,1605.3356009488034,28.38,False,7,6,0.01767854645672,28004.00655975454,cgre132
19702,T88A:C623T,F29Y,894.8310000000001,8,1652.343730123336,103.84,False,2,1,0.0628440669498283,29198.069884384582,cgre132
19706,G235C,R78P,782.8209999999999,4,1859.9778608849376,52.22,False,1,1,0.0280756029940887,34432.04123778087,cgre132
19708,A34C,E11A,2062.208,4,1966.4140614471391,25.62,False,1,1,0.0130287921055372,37052.25528028076,cgre132
19710,G19A:G416A:T552C,G6D:F184L,1081.3919999999998,8,1873.7794763173013,98.84,False,3,2,0.0527490034175519,34775.08371681033,cgre132
19721,G380T:A643G,K126N:D214G,1629.569,6,1933.1188364481563,45.12,False,2,2,0.0233405205873953,36239.295889571265,cgre132
19724,C665A,wt,3832.641,10,1957.956715683684,64.48,False,1,0,0.032932290833347,36846.395864300444,cgre132
19727,C446T,wt,6828.653,19,1952.786855297944,63.68,False,1,0,0.0326098057385193,36720.337525620555,cgre132
19730,C302T:C641T,wt,2832.4200000000005,20,1993.2923439545984,113.59,False,2,0,0.0569861216517005,37703.42159426338,cgre132
19740,C56A:G171A,V57M,911.072,6,1625.7645520297772,84.41,False,2,1,0.0519201872710372,28522.945421823442,cgre132
19743,C355G,T118R,7159.691000000002,14,1983.813359006904,42.88,False,1,1,0.0216149366094932,37474.326345341135,cgre132
19750,G171C,V57L,2182.5240000000003,10,1766.4687195554095,54.99,False,1,1,0.0311299030609724,32088.33160592805,cgre132
19769,G78T:G428A,G26C,2273.731,20,1735.3558874915311,85.79,False,2,1,0.0494365453325024,31302.641632395713,cgre132
19779,G520A,G173D,4700.204000000001,22,1948.0296269860748,56.08,False,1,1,0.0287880631911974,36604.1962245733,cgre132
19789,C169T:C209T:A399G:C538T,P56L:N133D:A179V,165.983,2,1503.62708170859,40.18,False,4,3,0.0267220512910308,25425.68556161184,cgre132
19790,C149G:A646G,I49M:E215G,365.179,2,1904.381871918091,33.69,False,2,2,0.0176907796155754,35532.49014609457,cgre132
19791,A145G:C332T,Y48C,474.648,4,1437.7836885136562,81.66,False,2,1,0.0567957479642977,23767.67221114569,cgre132
19793,T48C:C407T:G560C,Y16H:K186N,45.287,2,1435.4520309689085,196.2,False,3,2,0.1366816833771644,23709.202273087416,cgre132
19794,G159A:T224C:C275T:C314T,G53S,203.51,2,1518.9593628142402,36.75,False,4,1,0.0241941956445179,25813.358114508872,cgre132
19795,A34T:C563A:T621C,E11V:F207L,5094.134,18,1900.0033422848549,62.22,False,3,2,0.0327473108153468,35424.40856115724,cgre132
19804,A64G:C569T:A694T,E21G:E231V,1140.261,12,1753.524164922796,115.7,False,3,2,0.0659814117845898,31761.7228084351,cgre132
19810,G321A,D107N,5871.113,16,1973.7578344898477,58.72,False,1,1,0.0297503568948098,37230.64062019577,cgre132
19827,G125T:C174T:G447A,P58S:A149T,657.6859999999999,2,1602.2917411999406,96.23,False,3,2,0.0600577270203828,27926.69464260723,cgre132
19828,C92A:G235A:T297A:G523A,R78H:S99T:G174D,1673.9020000000005,7,1910.7872648767093,57.03,False,4,3,0.0298463366635844,35690.42339166338,cgre132
19832,G26A:C181T:G642A,A60V:D214N,347.507,2,1660.3993533807377,47.6,False,3,2,0.02866780205803,29402.62951223692,cgre132
19833,A581T:T593A:A608G,E193D,1269.654,8,1989.3501274239732,79.44,False,3,1,0.0399326387571943,37608.21710977502,cgre132
19837,C60A:G79A:C128T:C263A:T272C,L20M:G26D,2357.3,12,1857.743820271777,45.11,False,5,2,0.0242821424072349,34376.433812773364,cgre132
19843,T5C:G469A,R156H,3690.903,12,2013.83620610962,68.35,False,2,1,0.0339401982110751,38197.804005414204,cgre132
19849,C7T:C68T:C92A:A580T,T2I:E193V,1585.3439999999998,7,2043.3292373631105,69.15,False,4,2,0.0338418296648254,38902.16032361237,cgre132
19852,T11A:C154T:C237T:C448T:A608T,T51I:H79Y:A149V,2747.586999999999,10,1908.776666953417,69.66,False,5,3,0.0364945785465744,35640.87280961708,cgre132
19857,A356G:A379G:T396A:C620G,K126R:S132T:S206R,3694.313,12,1927.7054163648384,79.36,False,4,3,0.0411681158989804,36106.49824111084,cgre132
19873,A85G:A398G,K28R,2085.475,4,1966.3498284814784,42.76,False,2,1,0.0217458762325224,37050.693492670856,cgre132
19877,G98T:A472T:G478A,K32N:K157M:G159D,1263.8729999999998,4,1764.8061963120504,54.96,False,3,3,0.0311422297331293,32046.407839854506,cgre132
19879,T224A:A227G:T479C,wt,1325.5859999999998,6,1965.3050370636531,42.66,False,3,0,0.0217065540440164,37025.28630885076,cgre132
19889,C170A:A291G:C452A:C683A,I97V,5310.601000000001,18,1977.675008789113,46.93,False,4,1,0.0237298847340616,37325.64864477646,cgre132
19899,C206T:T573A,W191R,776.608,5,1748.0703809905394,62.7,False,2,1,0.0358681210332453,31623.993378723768,cgre132
19902,A97G:A356G:C547A:A695T,K32R:A182D:E231D,7062.003,24,1932.5932927659617,40.69,False,4,3,0.0210546109997948,36226.41100562284,cgre132
19914,T116C:A394G,K131R,3910.899,12,1968.5194882117205,60.64,False,2,1,0.0308048766411186,37103.432961416336,cgre132
19920,A475T,N158I,6126.682999999999,22,1951.220026068412,39.39,False,1,1,0.020187369683453,36682.10067705956,cgre132
19941,C113A,wt,3045.356,10,1989.5056780468813,58.24,False,1,0,0.0292736033089258,37611.9756621806,cgre132
19946,A64T:C124T:A304T:G423A:T426A,E21V:T41M:D101V:V141I:L142M,469.5609999999999,2,1517.102717123504,60.92,False,5,5,0.040155488031494,25766.387561071075,cgre132
19947,T110C,wt,3921.8400000000006,12,1951.3238729639056,63.49,False,1,0,0.032536884768167,36684.635415854595,cgre132
19965,C161T:C269T:A348G:G388A:G568A,N116D:G129D:G189D,246.634,4,1500.4729358445256,133.9,False,5,3,0.0892385306001109,25345.996909973164,cgre132
19967,C644T,wt,6118.201999999999,16,2008.992326803992,62.34,False,1,0,0.0310304818830113,38081.50681348625,cgre132
19974,A156G:G380A:C431T:C443G,T52A,857.1750000000001,5,1875.9567771984107,116.64,False,4,1,0.0621762726187073,34829.12158769049,cgre132
19977,G299A,wt,2887.874,13,2012.3286054968944,46.07,False,1,0,0.0228938752220461,38161.62598536612,cgre132
19988,A16T:A136T:T425G:C470T:G624T,E5V:K45M:G208C,1096.482,4,1726.682882835948,53.84,False,5,3,0.0311811743402307,31083.242161701484,cgre132
19990,A349T,N116I,1771.2290000000005,17,1739.3726116734226,112.05,False,1,1,0.0644197794354129,31404.20003202526,cgre132
19993,C139A:C154T:G203A:T301A:T370G,A46E:T51I:F100Y:V123G,344.405,2,1725.3338179655052,96.19,False,5,4,0.0557515299349004,31049.101909409095,cgre132
19994,G469T:A559C:A648G,R156L:K186T:T216A,90.485,1,1524.3511433237995,0.0,False,3,3,0.0,25949.800411429223,cgre132
20010,C548T:T690C,wt,5735.217,21,1977.3327911554825,71.18,False,2,0,0.0359979869440211,37317.352424936136,cgre132
20020,C314A:A648T,T216S,1917.319,6,1979.3477309279465,47.93,False,2,1,0.0242150478418108,37366.188566887366,cgre132
20023,T258A:A581G:G680T,S86T:K226N,1752.084,12,1712.6143720839823,100.47,False,3,2,0.0586646951220804,30727.05386722073,cgre132
20029,G525A,G175S,7690.950000000002,34,1941.0905468056824,84.06,False,1,1,0.0433055532305443,36434.54420336203,cgre132
20045,C119A:C169T:A334T,P56L:K111I,208.136,4,1401.1797574641023,112.95,False,3,2,0.0806106421380368,22852.094753896967,cgre132
20047,T653A,D217E,17696.291,48,1924.2926583344547,54.16,False,1,1,0.028145406970932,36022.694051254046,cgre132
20051,G235A,R78H,4664.481,12,1977.508662225698,41.19,False,1,1,0.0208292387218372,37321.61607998219,cgre132
20063,A35T:C411T:A417G,E11D:M139V,1231.81,11,1667.625813910982,75.02,False,3,2,0.0449861110173511,29586.096905095885,cgre132
20068,T242C:T295C:C524T,I98T,56.50999999999999,2,1411.877807624016,224.81,False,3,1,0.1592276603442916,23119.152620266555,cgre132
20069,G203A:C634T:C665A,P211L,1374.855,4,1876.7317780119015,82.6,False,3,1,0.0440126825621834,34848.35078872471,cgre132
20071,A135G:T242C:G402A,K45E:G134S,476.825,5,1486.456224809682,84.89,False,3,2,0.0571089807981858,24992.153006309913,cgre132
20074,A90C:G235A:T371C,I30L:R78H,4175.059,12,1897.682025424344,59.52,False,3,2,0.0313645801575691,35367.06816407365,cgre132
20080,G461C,L153F,2645.577,6,1919.157633437428,29.08,False,1,1,0.0151524812205834,35896.47541553312,cgre132
20083,G636C,D212H,1688.583,13,1961.8797673538556,57.47,False,1,1,0.0292933343603998,36941.94234383173,cgre132
20089,T621A,F207I,893.0880000000001,7,1816.8220285215427,43.23,False,1,1,0.0237942953802573,33354.22830761056,cgre132
20093,A319T,Y106F,7080.844,19,1960.9076414505664,53.78,False,1,1,0.0274260749783282,36918.27504029709,cgre132
20110,A81G:C548A:G647T,M27V:E215D,4660.059,10,1926.4696159484904,25.36,False,3,2,0.0131639761094877,36076.15929488905,cgre132
20122,C320T:A329G:A346G,E115G,1894.0779999999995,7,1853.2697778520376,44.72,False,3,1,0.0241303238926342,34265.00563021178,cgre132
20125,T95C,wt,5040.811999999999,12,1991.767985381444,33.63,False,1,0,0.0168844967118795,37666.62093397406,cgre132
20131,T150A:C392T:G469A,C50S:R156H,4973.036999999999,18,1884.9037933410384,59.08,False,3,2,0.0313437747903723,35050.94025773355,cgre132
20149,A394T:C441T,K131M:P147S,1024.65,4,1651.5144205522042,66.81,False,2,2,0.04045377937279,29177.00879890352,cgre132
20151,T281A:A346G,S93R:E115G,486.621,7,1708.4404292162462,82.73,False,2,2,0.0484242813417572,30621.312497600236,cgre132
20155,C22T:C545T:T653C:G693C,A7V:E231Q,2332.946,12,1906.870732540132,70.16,False,4,2,0.0367932649039823,35593.88187933931,cgre132
20161,A316G:A339G:A408G:T426C:G578A:C656T,Q105R:T113A:I136V,3868.781,10,1882.104409025705,42.32,False,6,3,0.0224854688172732,34981.57767491321,cgre132
20166,A186G:G450A:A655G:A686T,I62V:V150I:H218R,263.896,5,1225.5967304149142,202.52,False,4,3,0.1652419551832834,18553.426770728736,cgre132
20174,G63A:C113A:A120G:C320T:A660T,E21K:T40A:T220S,2226.253,6,1908.191880050787,49.67,False,5,3,0.0260298770366206,35626.456890343,cgre132
20177,A227G:G525A:T677C:A694G,G175S:E231G,4371.318,21,1934.8822305282888,70.09,False,4,2,0.0362244269414077,36282.51785088035,cgre132
20187,A384G:A581T:A660T,T128A:E193D:T220S,2454.255,10,1796.5811231533453,45.85,False,3,3,0.0255206956196469,32846.32439653888,cgre132
20193,A384G:T690C,T128A,2671.763,6,1936.366868571141,44.83,False,2,1,0.0231516045474793,36318.89339455726,cgre132
20208,T95A:T272A:C682T,D90E:A227V,606.6509999999998,10,1714.0576723351107,78.84,False,3,2,0.0459961186093545,30763.61138612789,cgre132
20211,A650T:C656G,H218Q,1278.292,4,1789.1954826603146,39.82,False,2,1,0.0222558129538716,32660.661768484464,cgre132
20213,A286T:C323T:T509C:A618G,D95V:S206G,3170.695,18,1755.2702756836193,93.02,False,4,2,0.0529946876493261,31805.80397591363,cgre132
20222,A42G:T358A:G395A:A515T,I14V:L119Q,158.55300000000005,2,1454.3510023455483,116.02,False,4,2,0.0797744147134256,24183.651591299244,cgre132
20223,C60T:C305G:A343G:C401T:T566A,D101E:Y114C,1163.033,2,1875.0984468123768,11.84,False,5,2,0.0063143351327114,34807.82154540763,cgre132
20228,C158A:C404T:G560T,K186N,2345.493,10,1813.1486142246144,73.79,False,3,1,0.040697160409852,33262.15601194379,cgre132
20233,A226T:T272G:C682T,K75I:D90E:A227V,49.847,1,1254.2861896179656,0.0,False,3,3,0.0,19242.871010601128,cgre132
20234,T182C:C411A,L137M,8765.642,17,1951.668944796352,45.76,False,2,1,0.0234465994460832,36693.057603435605,cgre132
20242,T116G:A496T,D38E:Y165F,2077.413,6,1871.7715357651136,40.79,False,2,2,0.0217921894956728,34725.22965411886,cgre132
20246,A85T:C185T,K28M,515.357,4,1924.279637488146,29.38,False,2,1,0.0152680511853002,36022.37418452985,cgre132
20248,G469T:T621A,R156L:F207I,474.92,2,1688.741443318145,112.86,False,2,2,0.0668308345522957,30121.918530599673,cgre132
20249,C296A:A356G:T429A,Y143N,1192.714,9,1700.34392079933,127.75,False,3,1,0.0751318591711404,30416.12141068122,cgre132
20254,A58G:G173A,E19G,70.411,2,1324.1765249954044,36.4,False,2,1,0.0274887821320698,20945.220372811153,cgre132
20257,A186G:T566A,I62V,3456.0850000000005,10,1998.4079379834563,31.55,False,2,1,0.0157875673931901,37826.80399977434,cgre132
20264,G59T:G102A:G415A,E19D:V34I:G138E,676.931,4,1628.1120830038244,79.37,False,3,3,0.0487497149788142,28582.579869398425,cgre132
20266,T43C:A378G:A686G,I14T:K126E,4844.97,16,1875.4266452902868,62.6,False,3,2,0.0333790714540639,34815.96641647317,cgre132
20285,G245T:C287T,wt,2328.631,10,1910.4465040177136,51.78,False,2,0,0.027103611585619,35682.02695435028,cgre132
20290,A90G:C189G:A559G,I30V:L63V:K186R,646.3599999999999,3,1890.0433142725835,46.84,False,3,3,0.0247825008275152,35178.18709555686,cgre132
20291,C411T:A572T,wt,2989.722,10,1973.375607231904,45.6,False,2,0,0.0231076130833319,37221.36463701228,cgre132
20296,T308G:A354G:G428A,N102K:T118A,2564.27,4,1912.5049649358016,19.21,False,3,2,0.0100444183686837,35732.73853891807,cgre132
20298,G299T,wt,2404.277,6,1975.3475398813616,56.9,False,1,0,0.0288050577689318,37269.20977648681,cgre132
20305,G173A:T490C,I163T,444.473,2,1752.4939936396186,42.78,False,2,1,0.0244109253185818,31735.71233342404,cgre132
20314,A643G,D214G,4691.048,14,2008.742554319513,54.84,False,1,1,0.0273006612430619,38075.50543205822,cgre132
20329,A40C:C209T,E13A,2029.216,6,1910.4503359948692,43.63,False,2,1,0.0228375473457569,35682.121378713455,cgre132
20332,A384T:A631T:A679G,T128S:D210V:K226R,251.991,2,1690.7765539968086,52.43,False,3,3,0.0310094198290491,30173.53515155226,cgre132
20333,C468T,R156C,2060.943,8,2059.389564334941,39.79,False,1,1,0.019321259410601,39282.89549036792,cgre132
20336,C101T:G647A,wt,3387.916,10,2007.673577761692,47.83,False,2,0,0.0238235938998233,38049.81567806019,cgre132
20346,A399G:A559C,N133D:K186T,4488.933,10,1927.210853802669,17.65,False,2,2,0.0091583128878575,36094.357744066976,cgre132
20351,C185A:C392T,wt,5330.27,8,2017.546497152213,34.45,False,2,0,0.0170751950691726,38286.76992970963,cgre132
20361,G159T:A307G:C704A,G53C:N102S,94.586,5,1346.5615263938637,121.41,False,3,2,0.0901629800200366,21496.521911160813,cgre132
20362,C420T,R140C,1828.9349999999995,15,1799.4614827776438,71.19,False,1,1,0.0395618359611183,32918.684829445076,cgre132
20368,A398T,wt,2786.648,6,1930.230375291805,24.65,False,1,0,0.0127704963695193,36168.45924908408,cgre132
20371,T187C,I62T,1369.7109999999998,6,1659.4950700956367,83.2,False,1,1,0.0501357319459859,29379.6686915591,cgre132
20381,C168T:G235A,P56S:R78H,445.029,6,1696.497462038374,186.4,False,2,2,0.1098734328644599,30318.606845746915,cgre132
20386,A379T:A408G:A627G,K126M:I136V:K209E,2435.54,10,1729.510815318645,114.26,False,3,3,0.0660649236697307,31154.79621811035,cgre132
20391,C119T,wt,6975.972999999999,18,1998.441150640645,52.21,False,1,0,0.0261253627524948,37827.60445981254,cgre132
20420,C251A:C623T,F83L,110.367,2,1318.313697817749,163.52,False,2,1,0.124037245665186,20801.282742608593,cgre132
20421,G525T:C554T:C704T,G175C,1631.9550000000002,9,1917.776763717375,69.2,False,3,1,0.0360834489755023,35862.508937800245,cgre132
20426,C231T:T297A:A334G:A449G,P77S:S99T:K111R,697.027,2,1500.0036485105088,4.41,False,4,3,0.0029399928489367,25334.142430042553,cgre132
20427,A42G:C697T,I14V:T232M,1627.49,16,1851.0922553820528,139.92,False,2,2,0.0755878047640156,34210.74243613028,cgre132
20434,G57A:A135G,E19K:K45E,728.1039999999999,6,1582.751127493161,103.5,False,2,2,0.0653924664479174,27430.488598221524,cgre132
20437,A343G:G510A:T653A,Y114C:D170N:D217E,691.6179999999999,2,1804.2262123046085,26.2,False,3,3,0.0145214606801071,33038.32485519593,cgre132
20439,C149T:C174T:A356C:C467T,P58S,254.781,2,1573.8161228106464,33.11,False,4,1,0.0210380358417408,27203.68625505011,cgre132
20440,G180A:C298T:C602T,A60T:S99L,722.9689999999999,7,1548.476744290615,114.77,False,3,2,0.0741180004305316,26560.93212035735,cgre132
20443,A93G:G428A:T464A:C564G:G625T,I31V:L188V:G208V,95.78,2,1218.8643984601083,62.46,False,5,3,0.0512444206910226,18392.507056311264,cgre132
20450,C432A:A487T:C521A,H144N:K162M,4225.974,16,1980.601620566099,32.25,False,3,2,0.0162829312392374,37396.56559838781,cgre132
20458,A346T:A572T,E115V,833.171,4,1907.8911291617649,54.8,False,2,1,0.0287228129332916,35619.04220337595,cgre132
20460,G421A,R140H,9663.103000000005,36,1887.569306029492,62.99,False,1,1,0.0333709601013271,35116.950499518956,cgre132
20495,A417G:C599T,M139V,2365.8700000000003,8,1796.8009673455888,20.78,False,2,1,0.0115649982260963,32851.84826837101,cgre132
20499,T553A,F184Y,6145.793000000001,18,1969.718495229445,44.49,False,1,1,0.0225869839308268,37132.56516661802,cgre132
20507,A54G,T18A,14191.276,40,2106.327660928573,62.89,False,1,1,0.0298576528080512,40383.3929359243,cgre132
20525,A286T,D95V,2977.487,15,1964.1297844493288,87.69,False,1,1,0.0446457259058291,36996.698304955775,cgre132
20532,A108G:A120G:G341T:G624A,T36A:T40A:G208S,3667.638,12,1801.0390340924723,65.41,False,4,3,0.036317924687823,32958.30466283745,cgre132
20538,A76G:T82C:A322G:A359T:A408G:G447A,E25G:M27T:D107G:I136V:A149T,1057.608,2,1689.2128019714182,16.78,False,6,5,0.0099336211402238,30133.87407386137,cgre132
20539,A84G:A433G,K28E:H144R,1233.996,4,1811.0307383911868,28.72,False,2,2,0.0158583724677766,33209.05090517824,cgre132
20541,T95A:A471G,K157E,2044.938,8,1927.1703996086865,71.87,False,2,1,0.0372930177915732,36093.36461554334,cgre132
20545,T272C:A359G:A433T,H144L,5299.048,14,1965.0660752313504,77.71,False,3,1,0.0395457440233153,37019.47427392808,cgre132
20572,A93G:G222A,I31V:A74T,854.184,6,1839.5808134723536,91.21,False,2,2,0.0495819478720447,33923.55299075096,cgre132
20575,A559G:A696G,K186R:T232A,4109.244,16,1839.0811037624453,58.56,False,2,2,0.0318419888498643,33911.07392327684,cgre132
20583,A36G:C233T,K12E,14285.828000000003,38,1997.2796417125028,67.23,False,2,1,0.0336607846973074,37799.60631679606,cgre132
20602,C47T:G245A:A294G,I98V,2198.727,12,1871.666920874824,47.18,False,3,1,0.0252074765407233,34722.631718025026,cgre132
20608,T110A:G380T,K126N,2281.6510000000003,9,1913.9347405982203,46.41,False,2,1,0.0242484756745123,35767.94867822384,cgre132
20612,A136T:A277T,K45M:Y92F,173.559,6,1446.262557125629,121.03,False,2,2,0.0836846666628366,23980.449958263853,cgre132
20619,A49G:A129G,Y16C:T43A,260.433,4,1605.4340131778667,154.05,False,2,2,0.0959553608155259,28006.50621852106,cgre132
20626,G138A:A348T,A46T:N116Y,343.16,2,1443.5669513274336,64.55,False,2,2,0.0447156260682214,23912.77726029951,cgre132
20643,G171A:G173A:C189A:C275T:C340T,V57I:L63M:T113M,2189.927,8,1767.533278691412,75.63,False,5,3,0.0427884447278935,32115.172705293153,cgre132
20648,A265T,Q88L,7120.074999999999,25,1970.1980529270163,63.53,False,1,1,0.0322454891809566,37144.21436921494,cgre132
20667,C392T,wt,4139.778,8,2024.1134236488604,60.27,False,1,0,0.0297759993564745,38443.985351991265,cgre132
20671,A35G:G79A:G570T,G26D:A190S,2765.958,16,1924.769889182667,66.88,False,3,2,0.0347470107340466,36034.41692717994,cgre132
20679,G173C:T297G:A328G,S99A:K109R,1658.0179999999996,8,1922.3413801535016,53.36,False,3,2,0.0277578168742011,35974.748931735594,cgre132
20686,T104A:G167C:C185T:C269T:G369A,V123I,2221.8340000000003,8,1791.6800693417697,49.21,False,5,1,0.0274658410516777,32723.139169193768,cgre132
20690,A36G:G200A:C547A:T552A,K12E:A182D:F184I,1023.69,2,1919.759091664575,5.48,False,4,3,0.0028545248327218,35911.26675107035,cgre132
20709,T281C:T514A,V171E,422.018,4,1490.2960041483382,101.28,False,2,1,0.0679596534635269,25089.038239383313,cgre132
20711,T14C:A49G:A333C,Y16C:K111Q,537.905,2,1783.6951443118005,9.98,False,3,2,0.0055951265168973,32522.28332477681,cgre132
20712,T228C:A502T,Y76H:K167M,1667.3780000000002,6,1909.351524860076,57.53,False,2,2,0.0301306486788576,35655.04220003535,cgre132
20721,T390A,F130I,476.469,4,1537.129692201743,117.0,False,1,1,0.0761158935342745,26273.37926416321,cgre132
20723,A286T:A359T:C373T,D95V:T124I,1592.6139999999996,10,1906.6361652446503,84.7,False,3,2,0.0444237875814821,35588.09728631762,cgre132
20728,T483A:G624T,L161I:G208C,5553.17,16,1797.646408652032,104.62,False,2,2,0.0581983194784392,32873.08963583906,cgre132
20742,A378C,K126Q,5750.316,12,2004.748327201013,60.85,False,1,1,0.0303529371614228,37979.47417878122,cgre132
20748,C149A:A466G,D155G,402.855,2,1391.1807945061937,60.46,False,2,1,0.0434594843738197,22602.91656164078,cgre132
20749,G518A,wt,6373.858,24,1999.335723595608,58.2,False,1,0,0.0291096684329398,37849.16172145731,cgre132
20759,T44C:A49T,Y16F,1415.5200000000002,6,1731.4249972663183,74.27,False,2,1,0.0428953030695884,31203.221140013862,cgre132
20777,C56A:A606T,T202S,900.3979999999999,2,1874.0083526480323,3.67,False,2,1,0.0019583690728027,34780.765177618596,cgre132
20778,A227G,wt,3474.146,10,1962.854203042031,56.0,False,1,0,0.0285298826133959,36965.65992755988,cgre132
20783,A34G:A64T,E11G:E21V,2804.319,10,1933.642516176163,104.43,False,2,2,0.0540068803444152,36252.13349671406,cgre132
20788,C4A:C122A:A306G:T621A,T1N:N102D:F207I,2824.822,8,1826.124744679441,47.58,False,4,3,0.026055175112559,33587.17795474438,cgre132
20792,T425C:A440G:A532T,Q177L,2227.579,10,1990.6618837653589,52.39,False,3,1,0.0263178797098901,37639.90777789964,cgre132
20797,T457C,I152T,1040.632,6,1657.0574174201597,95.12,False,1,1,0.0574029596078152,29317.77116943919,cgre132
20800,G367A,R122H,2303.043,6,1837.1791468367649,44.21,False,1,1,0.0240640658675667,33863.56794439643,cgre132
20803,G99A,G33S,890.006,12,1469.2508772196636,97.26,False,1,1,0.0661969997826715,24558.5060908878,cgre132
20804,T95C:T224C:A348C:T389A:A456G,N116H:I152V,5519.572,14,1962.2327272239488,42.08,False,5,2,0.0214449588044188,36950.53401094907,cgre132
20811,A25G:G235A:C562A,K8R:R78H:P187H,384.112,4,1710.773244875752,98.91,False,3,3,0.0578159614643631,30680.41477653053,cgre132
20813,A70T,D23V,3341.852,16,1933.2248260373735,69.95,False,1,1,0.0361830652378802,36241.89427032367,cgre132
20822,C623G:G698T,F207L,1542.926,8,1897.7050575425053,94.68,False,2,1,0.049891841529162,35367.63723075356,cgre132
20826,A129G:A493T,T43A:E164V,2083.3,14,1686.1963838366771,121.86,False,2,2,0.0722691622210258,30057.361066340265,cgre132
20833,A74T:A408G:A679G,I136V:K226R,2657.2280000000005,8,2000.3131219571453,56.39,False,3,2,0.0281905864541981,37872.708514992366,cgre132
20837,C368T:T451C:C545T,V150A,5151.527,17,1899.247375772884,62.85,False,3,1,0.0330920557278241,35405.73795041867,cgre132
20845,A17T:T82C:A136G:C154T:A333G:A485G:C623T,E5D:M27T:K45R:T51I:K111E,1697.2669999999998,6,1609.3740787909185,84.96,False,7,5,0.0527907098291456,28106.58597936484,cgre132
20848,A16G:G167T:A226T:G605T:A646G:C683T,E5G:K75I:E215G,535.509,2,1698.646920259774,70.68,False,6,3,0.041609588877476,30373.101953335266,cgre132
20849,C4A:C268A,T1N:P89H,77.25999999999999,2,1313.5113106355668,35.11,False,2,2,0.0267298802193118,20683.525216779777,cgre132
20854,T110A:G117T:C121T:T427C,A39S:T40I:L142S,773.1289999999999,3,1743.0453854002756,20.94,False,4,3,0.0120134565487468,31497.031803896713,cgre132
20856,A316T,Q105L,3285.068,12,1947.6364978869103,45.11,False,1,1,0.0231614061704748,36594.59238677373,cgre132
20860,A129G:G243A:C468T,T43A:A81T:R156C,585.34,2,1752.2706453119083,27.79,False,3,3,0.015859422215598,31730.072746065576,cgre132
20871,C268G,P89R,1053.463,10,1599.6805729071707,84.26,False,1,1,0.0526730157426807,27860.37575789719,cgre132
20876,C571T,A190V,19325.724,45,1917.445439832264,73.42,False,1,1,0.0382905288853604,35854.3575202526,cgre132
20881,G117A:T148C,A39T:I49T,1945.333,14,1698.987132786622,121.08,False,2,2,0.0712659899909946,30381.726762569524,cgre132
20894,G23A:A650G,wt,5795.466999999999,28,1998.8140492427492,59.97,False,2,0,0.0300027909163034,37836.59118214932,cgre132
20909,A156T:C373G:G477A:T584A,T52S:T124S:G159S:D194E,4569.089,16,1867.0976977162409,40.2,False,4,4,0.0215307426328954,34609.11385734754,cgre132
20917,A359T:A472T,K157M,4146.8730000000005,15,2008.8839276167928,40.05,False,2,1,0.0199364430415413,38078.902318501605,cgre132
20925,A618G,S206G,11433.393999999998,33,1887.4074636043492,57.14,False,1,1,0.0302743319086387,35112.943531999896,cgre132
20927,A70T:C154T,D23V:T51I,3319.666,18,1887.6085455131204,79.96,False,2,2,0.0423604778597057,35117.92198898018,cgre132
20936,A339T,T113S,4813.809,10,1910.0141230589684,36.97,False,1,1,0.0193558778197885,35671.37208423972,cgre132
20940,G375A:C434T,V125M,5785.744999999999,18,1952.8248195741417,51.06,False,2,1,0.0261467385544264,36721.263818764346,cgre132
20949,A96C,K32Q,1298.553,6,1954.4902372234733,67.62,False,1,1,0.0345972564672721,36761.88978561136,cgre132
20964,T476A:A618G,N158K:S206G,475.844,2,1855.4999343654551,43.38,False,2,2,0.0233791439151061,34320.55951366921,cgre132
20965,G159T:G423A,G53C:V141I,66.701,3,1344.0107622162411,197.77,False,2,2,0.1471491193075582,21433.56689141188,cgre132
20966,A499C:T527C,N166T,6474.014000000001,16,1927.3316857266277,37.69,False,2,1,0.019555533839413,36097.324047375136,cgre132
20982,A316G:C320T:G624T,Q105R:G208C,2403.7490000000003,6,1818.247219442452,45.18,False,3,2,0.0248481061963917,33389.93704369914,cgre132
20985,C9T:C591T:T659A,L3F:P197S,1532.797,4,1868.2656333277173,47.94,False,3,2,0.0256601626368356,34638.13911096731,cgre132
20987,A49G:A581G,Y16C,2287.708,4,1814.655733696651,36.62,False,2,1,0.0201801362759872,33299.936997170735,cgre132
20989,A129G:C315G,T43A:Q105E,3062.693,14,1844.501482185788,76.46,False,2,2,0.0414529349737321,34046.38127514904,cgre132
21000,G388A:A688T,G129D:D229V,137.264,6,1365.736867755064,62.07,False,2,2,0.0454479932888008,21970.838461998424,cgre132
21004,G568A,G189D,7107.5830000000005,32,1837.898638202336,85.66,False,1,1,0.0466075757495444,33881.5406746367,cgre132
21020,A394C:T479A,K131T,3209.132,4,2006.0332332792289,28.36,False,2,1,0.0141373530256228,38010.37891896609,cgre132
21022,G140A:A405G:G560A:A572G,N135D,1197.233,6,1939.2546810621584,79.89,False,4,1,0.0411962393491519,36389.61182464184,cgre132
21025,C9T:G167T:T690A,L3F:L230M,1010.975,2,1699.8926311763264,15.44,False,3,2,0.0090829266018498,30404.681482057502,cgre132
21026,T50C:T73C,V24A,766.087,2,1549.8741555198992,98.68,False,2,1,0.0636696854699781,26596.357867543495,cgre132
21027,A334T:A348G:C420T,K111I:N116D:R140C,1626.9740000000002,6,1537.949708467263,66.65,False,3,3,0.0433369177373323,26294.153167504384,cgre132
21031,C263A,wt,989.744,2,2006.72663216853,27.59,False,1,0,0.0137487585791321,38027.05177982636,cgre132
21032,C124G:C152T,T41R,1367.184,6,1865.0462558282268,60.28,False,2,1,0.0323209141926782,34558.11702422673,cgre132
21035,C197A:G382T:A679G,G127V:K226R,1203.571,16,1523.9669665946649,159.14,False,3,2,0.1044248356351198,25940.076767467548,cgre132
21044,A334G:G568T,K111R:G189V,2282.578,12,1782.1914579796544,70.16,False,2,2,0.0393672630882966,32484.4375794222,cgre132
21050,T249C:T427C,F83L:L142S,134.26299999999998,3,1384.2524418241985,66.74,False,2,2,0.0482137491569446,22430.51191434288,cgre132
21053,G245A:C599T:A606T,T202S,5134.017999999999,14,1893.7445730840125,35.33,False,3,1,0.0186561590734827,35269.743998929385,cgre132
21068,C500T:T553C:C591T,F184S:P197S,1161.6650000000002,6,1899.0014296441973,49.2,False,3,2,0.0259083533229452,35399.66302389735,cgre132
21071,T14A:C234T:T253A:T342C:A695T,R78C:F84Y:Y114H:E231D,3727.281,18,1749.0352138980552,106.17,False,5,4,0.0607020368465767,31648.36426868795,cgre132
21080,A186G:C530T:C557T,I62V,2616.625,14,1974.565161226575,52.1,False,3,1,0.0263855561837402,37250.22989832837,cgre132
21087,T104C:C130A:T459C,T43N,5089.725,16,1880.940160849858,69.44,False,3,1,0.0369177082000445,34952.71908021791,cgre132
21095,A64G:A291G:A440T:A629T,E21G:I97V:K209N,245.616,4,1500.667123018186,139.99,False,4,3,0.0932851782069084,25350.90234271548,cgre132
21103,C314T:C634A,P211H,2206.264,11,1905.4906507221303,71.47,False,2,1,0.0375073999827366,35559.843953530726,cgre132
21108,T390A:C590G,F130I,690.548,6,1633.472116968116,124.52,False,2,1,0.0762302574415052,28718.739152007485,cgre132
21111,A145T,Y48F,772.4830000000001,2,1929.033546674353,29.45,False,1,1,0.015266712209734,36139.094281715865,cgre132
21112,T187C:A559T,I62T:K186M,73.705,3,1352.8934301285187,55.56,False,2,2,0.0410675362616862,21652.94304055287,cgre132
21115,G26C:A42G:G171A:A577G,K8N:I14V:V57M:E192G,253.143,2,1462.177599661096,11.17,False,4,4,0.0076392908786107,24380.471520456405,cgre132
21116,A322T,D107V,7411.213000000002,27,1985.041082599726,42.74,False,1,1,0.0215310405284031,37504.03309129391,cgre132
21121,A108G:C154T:C665T,T36A:T51I,1702.6180000000002,9,1856.0480530847235,32.83,False,3,2,0.0176881196289271,34334.210052664,cgre132
21125,A34G:G624T,E11G:G208C,3893.4429999999993,19,1902.5764086784864,112.47,False,2,2,0.0591145772054015,35487.93529397331,cgre132
21135,C350T:A534G,M178V,3461.688,9,1867.5856279305972,45.32,False,2,1,0.0242666249526761,34621.240532056545,cgre132
21139,T14C:A307G,N102S,8570.009999999998,25,1967.9000536438643,90.77,False,2,1,0.0461253099881397,37088.37898795033,cgre132
21159,A38G:C314T:G321A:A346T,D107N:E115V,1882.922,7,1896.4840356261825,53.38,False,4,2,0.0281468227505405,35337.46508545181,cgre132
21162,C233A:A372G,T124A,4596.344000000001,11,2014.6380041211896,54.87,False,2,1,0.0272356621327288,38217.03811854848,cgre132
21168,C374G:A643G,D214G,3398.552,14,1962.3268362262847,38.59,False,2,1,0.0196654294726008,36952.82465824673,cgre132
21175,T52A:C293T:C548T:C569T:C571T,I17N:A190V,1791.254,16,1862.1324509194176,75.96,False,5,2,0.0407919425723423,34485.65033762403,cgre132
21182,G26T:G191A:A637G,K8N:D212G,2405.28,10,1908.8567481996724,39.3,False,3,2,0.0205882395507497,35642.84679784969,cgre132
21187,G388A:T667C,G129D:V222A,3252.519,16,1709.7005622133167,93.3,False,2,2,0.054570959419477,30653.239254549047,cgre132
21195,A17T:C154T:G651A,E5D:T51I:D217N,801.807,11,1832.4649086830257,159.48,False,3,3,0.0870303159663868,33745.75694638871,cgre132
21201,A123T:G303C:T426C,T41S:D101H,2962.4460000000004,14,1674.5545059140777,84.37,False,3,2,0.0503835495960434,29761.96488075592,cgre132
21204,C462T:G570A,P154S:A190T,2043.297,9,1903.0446334524077,90.48,False,2,2,0.0475448649020153,35499.49167372683,cgre132
21208,T10A:C209T:A238G:G536A,L3H:H79R:M178I,2490.3320000000003,12,1864.3684564214464,64.07,False,4,3,0.0343655245717785,34541.26344606702,cgre132
21214,C47T:G191A:G212T:T325C,V108A,1002.375,4,1862.6020637788183,79.77,False,4,1,0.0428271832997778,34497.33221814752,cgre132
21220,A265T:C315A,Q88L:Q105K,5093.397,14,1932.3980935394363,61.46,False,2,2,0.0318050406929496,36221.62485464108,cgre132
21227,T396C:T514A,S132P:V171E,1262.28,2,1756.1474442500758,87.91,False,2,2,0.0500584391634268,31827.945599762803,cgre132
21228,C113T:G143A:A304T:A471G,D101V:K157E,1488.7869999999998,4,1789.2426410253145,48.22,False,4,2,0.0269499501601235,32661.847789676223,cgre132
21230,A194G:T391A:G437A,F130Y,128.065,2,1345.392733085237,1.41,False,3,1,0.0010480211207671,21467.670918652686,cgre132
21231,A38G:G117A:G578T:C596T,A39T:E192D,2065.358,10,1850.6742410848144,98.02,False,4,2,0.0529644806330385,34200.32335318488,cgre132
21236,T110A,wt,2133.536,8,1974.9825395904404,70.22,False,1,0,0.0355547447090655,37260.35565910643,cgre132
21240,A316T:T517C,Q105L:L172P,691.719,4,1711.0572327561172,56.22,False,2,2,0.0328568787318952,30687.609063596265,cgre132
21251,A294G:C404T:T483C:C661T,I98V:T220M,1557.998,6,1824.7770917422656,61.16,False,4,2,0.0335164225136153,33553.45110212758,cgre132
21262,A400T:A417T:G450A:T617C,N133I:M139L:V150I,1832.957,15,1743.2884409025012,89.36,False,4,3,0.051259446172739,31503.174149666294,cgre132
21272,A226T,K75I,4430.530000000001,10,1852.4619657187377,59.09,False,1,1,0.0318980908075344,34244.87754494562,cgre132
21289,G23T:T182C:G280T:G522A:A608G,S93I:G174S,1616.925,4,1811.1653690141216,20.1,False,5,2,0.0110978270366008,33212.427193689095,cgre132
21291,A294G:C632A,I98V:D210E,576.871,2,1608.4523428657444,84.65,False,2,2,0.0526282300967531,28083.17297465499,cgre132
21292,T224A:C237A,H79N,2167.538,7,1950.2462677541864,35.81,False,2,1,0.0183617836332214,36658.329586856664,cgre132
21295,T376C:G473T,V125A:K157N,1021.492,8,1677.4988322781812,127.74,False,2,2,0.0761490843045885,29836.6861633556,cgre132
21299,A25C:G102A,K8T:V34I,247.77000000000004,6,1906.3556654856477,58.84,False,2,2,0.0308651743561243,35581.17958743108,cgre132
21302,G29A:A266T:A399C:A577T,Q88H:N133H:E192V,901.164,4,1706.9906683919437,84.85,False,4,3,0.0497073601930889,30584.578248875474,cgre132
21315,C155A:A327C:A393G,K109Q:K131E,3558.651999999999,17,1927.0619962818591,66.23,False,3,2,0.034368380533572,36090.70332721609,cgre132
21323,C314G:C365T,wt,3244.407,9,1965.057094981584,52.23,False,2,0,0.0265793803820695,37019.25584904018,cgre132
21327,A129G:C206T,T43A,3476.257,16,1923.1462074394365,63.68,False,2,1,0.0331124070305535,35994.527016617365,cgre132
21341,A36G:T116C:A147T:A399T,K12E:I49F:N133Y,775.477,4,1617.3668458197967,117.09,False,4,3,0.0723954496177708,28309.618353417027,cgre132
21343,T376C:A433T,V125A:H144L,275.765,2,1505.6680087134644,165.3,False,2,2,0.1097851578458139,25477.260941107394,cgre132
21344,C68A:G421T,R140L,3435.3870000000006,12,1779.273896661205,51.66,False,2,1,0.0290343156817731,32410.987624568683,cgre132
21350,T514A:C539A,V171E,205.74800000000005,6,1550.343598648947,70.56,False,2,1,0.0455124915931473,26608.259318821507,cgre132
21355,T28C:C71G:T297A:A400G:C468A,L9P:D23E:S99T:N133S:R156S,2608.383,12,1907.0097723099443,56.18,False,5,5,0.0294597336708713,35597.31056050608,cgre132
21362,A261G:A334G,T87A:K111R,1506.5849999999998,5,1958.0319411623173,67.07,False,2,2,0.0342537823771078,36848.22889306412,cgre132
21364,G79A:G375A:A648G,G26D:V125M:T216A,103.893,2,1459.467066809526,84.47,False,3,3,0.05787729091048,24312.28688139384,cgre132
21365,T219C:C275T,F73L,451.34100000000007,6,1399.2702798739265,160.76,False,2,1,0.1148884545839738,22804.47723753856,cgre132
21368,T28G:T396A:T535C,L9R:S132T:M178T,71.947,2,1299.216395453249,137.61,False,3,3,0.1059176904490902,20333.800851685402,cgre132
21370,C278T:T308C:G317T:C397T:A694C,Q105H:S132L:E231A,7714.464,23,1966.7506926843075,60.8,False,5,3,0.0309139334365849,37060.439845807254,cgre132
21381,A194G:C251T:C290T:A343C,Y114S,7823.050000000001,25,1944.2388286196292,52.36,False,4,1,0.0269308478100782,36511.551369384695,cgre132
21394,C260T:C331G:T412G,A110G:L137R,6164.481,23,1871.6743241762276,46.66,False,3,2,0.0249295507222049,34722.81556830781,cgre132
21405,A136C:G541A,K45T:R180H,1181.676,4,1626.362505365684,57.9,False,2,2,0.0356009191118073,28538.13528637335,cgre132
21407,A108T:A115T:C254T:G624A:C632T,T36S:D38V:G208S,808.56,3,1726.169661079838,51.01,False,5,3,0.0295509770274201,31070.25466772588,cgre132
21422,C269T:C298T:G541A,S99L:R180H,451.4210000000001,4,1537.0093624339684,76.76,False,3,2,0.0499411401622465,26270.330978052967,cgre132
21424,C8T:A339G,T113A,2935.614,6,1919.3795646215344,31.25,False,2,1,0.016281302862658,35901.93347977039,cgre132
21427,C158T:T425C:A572G:T573C,W191R,287.354,1,1615.9225212112362,0.0,False,4,1,0.0,28272.928733388315,cgre132
21428,A329T:C350T:C587T,K109N,3647.629,4,1918.235224185898,19.86,False,3,1,0.0103532662468069,35873.78725319121,cgre132
21430,C197A,wt,4626.080000000001,11,1994.5288937600124,42.85,False,1,0,0.0214837699940364,37733.2623423628,cgre132
21442,G173T:A474G:C600A,N158D:H200N,257.773,2,1400.4874633341194,126.23,False,3,2,0.0901329025105916,22834.82894626075,cgre132
21443,C109T:A279G:C314A,T36I:S93G,2356.44,15,1844.6800452663024,77.4,False,3,2,0.0419584958370525,34050.83666273047,cgre132
21450,T48C:A58T:C340A,Y16H:E19V:T113K,355.97799999999995,4,1386.972933568628,94.72,False,3,3,0.0682926088227901,22498.183272761078,cgre132
21452,C121T:C236T,T40I,1012.821,11,1878.8687149491675,93.97,False,2,1,0.0500141384293273,34901.357505099324,cgre132
21457,T44C:C154A:C320T:C702T,T51N:R234C,941.759,2,1668.9736578656605,49.17,False,4,2,0.029461219934939,29620.311877922697,cgre132
21458,C161T:C323T:A356G,wt,6730.590000000002,22,2000.2971439721332,74.1,False,3,0,0.0370444962256229,37872.32363827643,cgre132
21484,T297A,S99T,11467.863000000005,25,1993.768976558636,95.17,False,1,1,0.0477337149483934,37714.925063283496,cgre132
21493,A96G:C158A,K32E,1567.7340000000002,6,1899.9655698056968,57.31,False,2,1,0.0301637044958982,35423.47573845174,cgre132
21496,C385T:C563T,T128I,1027.058,2,1897.752804681233,18.66,False,2,1,0.009832682082709,35368.81693587732,cgre132
21497,T241C:T371A:C563A:C590A,I80T,942.297,6,1642.4381645910894,124.82,False,4,1,0.0759967727802257,28946.488247888403,cgre132
21500,C547T:A695G,A182V,1645.457,4,1879.2343886781723,64.45,False,2,1,0.0342958815506421,34910.42587968775,cgre132
21502,A123T,T41S,8832.769000000002,21,1991.6882254127768,62.13,False,1,1,0.0311946414138807,37664.694952273836,cgre132
21514,C234A:T376C:A629T,R78S:V125A:K209N,801.0070000000001,4,1513.7123273593718,127.34,False,3,3,0.0841243066455969,25680.633185318657,cgre132
21516,C107T:G477A:T553A:C702T,G159S:F184Y:R234C,1036.1950000000002,8,1578.5464214430085,131.47,False,4,3,0.0832854822728737,27323.749686281997,cgre132
21520,C13T:G78A:C571T,P4L:G26S:A190V,885.314,4,1795.9074987950607,80.41,False,3,3,0.0447740209637467,32829.397742837944,cgre132
21522,C158T:T426C:C467T:C468T:T491C:C548T,R156C,3785.421,12,1987.0091288619528,70.41,False,6,1,0.035435166843107,37551.632025193496,cgre132
21528,A81G:G672A,M27V:V224I,2283.246,27,1903.2194400864128,77.79,False,2,2,0.0408728485856933,35503.80583133132,cgre132
21540,C540T,R180C,54.47200000000001,4,1248.6279694419718,209.29,False,1,1,0.1676159793965967,19106.43511553631,cgre132
21542,G114A:C233T:T459A:T527A:T542C:A581T,D38N:L153M:E193D,1683.5579999999998,8,1853.1949785567213,61.96,False,6,3,0.0334341505977178,34263.14198849202,cgre132
21553,A25G:C603A,K8R:L201M,2509.1730000000007,5,1944.1036247502948,43.71,False,2,2,0.0224833694271899,36508.24548221423,cgre132
21565,G79A:T509C:G546A:G611A,G26D:A182T,1825.382,6,1904.061713542991,66.82,False,4,2,0.0350934003476517,35524.590578671196,cgre132
21569,C168A:G421A,P56T:R140H,500.438,7,1472.4456898510098,137.96,False,2,2,0.0936944574261068,24638.96719559273,cgre132
21573,G257A:A511G,D170G,4366.756,4,1982.065335830875,20.14,False,2,1,0.0101611181205373,37432.01273587684,cgre132
21575,A163G:C385T:A499C,D54G:T128I:N166T,3814.595,19,1746.331907776819,73.34,False,3,3,0.0419965985122301,31580.075564553634,cgre132
21584,C298T:G525A,S99L:G175S,798.664,2,1863.4627425026383,19.91,False,2,2,0.0106844100211312,34518.739540165654,cgre132
21585,T104C:A279G:A346G,S93G:E115G,203.877,3,1427.0862332356094,44.22,False,3,2,0.0309862144067781,23499.575425656443,cgre132
21587,T527C:G624T,G208C,2567.0330000000004,12,1917.77759013856,95.61,False,2,1,0.0498545819346508,35862.529269132676,cgre132
21603,C169T,P56L,1159.7039999999995,11,1701.096562458055,117.91,False,1,1,0.0693141133796791,30435.19979467254,cgre132
21608,C401G:T426A:A475G:C591A,N133K:L142M:N158S:P197T,308.002,4,1789.3581066720667,40.67,False,4,4,0.022728820937716,32664.75169325406,cgre132
21610,T195A:T325C:A335T,S65T:V108A:K111N,701.7499999999999,4,1599.4125242291948,37.69,False,3,3,0.0235649023807437,27853.567982619672,cgre132
21612,G59A,wt,11551.793,37,1982.4419554768847,60.39,False,1,0,0.0304624303542208,37441.13111941462,cgre132
21622,T325C,V108A,2923.351,12,1895.6590300470248,54.61,False,1,1,0.0288079233313626,35317.074454283706,cgre132
21627,G18A:C146T:G167A,G6S,5300.761,18,1993.7541857619103,93.99,False,3,1,0.0471422207768716,37714.56811268642,cgre132
21636,C46T:G125T:G245A,P15L,3699.245,18,1814.101365567427,104.21,False,3,1,0.0574444195776262,33286.040839632384,cgre132
21653,A108T:T451C,T36S:V150A,1960.954,10,1803.7007816491075,98.71,False,2,2,0.0547263720259356,33025.13524061443,cgre132
21658,G488A:G533T,Q177H,359.909,4,1702.4063267626582,312.1,False,2,1,0.183328735974271,30468.398499175626,cgre132
21660,T116A:G167A,D38E,2472.609,6,1957.1437957895776,24.71,False,2,1,0.0126255413900393,36826.58510409597,cgre132
21663,C263T:C420T:T542G,R140C,3525.645,12,1856.6604506114963,47.56,False,3,1,0.0256158846838882,34349.45988144131,cgre132
21669,T376C:C431T,V125A,2092.166,14,1684.2529506530875,96.77,False,2,1,0.0574557402214889,30008.059282655027,cgre132
21676,C275T:A534T,M178L,8388.39,29,1954.580897289384,54.74,False,2,1,0.0280060037811244,36764.10084666326,cgre132
21690,A42C:A240G:A398G:C545T:G578A,I14L:I80V,6653.293999999998,21,1975.6555790605455,70.78,False,5,2,0.0358260826179312,37276.681463882785,cgre132
21713,A256C:T483A,K85T:L161I,1854.215,14,1828.2959127187107,78.72,False,2,2,0.0430564874385907,33641.50003360522,cgre132
21720,G33A:G203C:G243T:A400G,E11K:A81S:N133S,2964.702,10,1881.226331823183,60.36,False,4,3,0.0320854535038866,34959.81309320371,cgre132
21725,A34G:A291G:G321A:A398G,E11G:I97V:D107N,1901.286,5,1933.8161056249976,46.3,False,4,3,0.0239422972356702,36256.38856097547,cgre132
21728,A85G:A115G,K28R:D38G,89.97500000000001,2,1301.426546032438,99.57,False,2,2,0.0765083517802457,20387.79280964634,cgre132
21730,A354G:C404T:C569T:A618T:T673C,T118A:S206C:V224A,675.1239999999999,2,1842.2001907337155,20.62,False,5,3,0.0111931374796934,33988.94932611307,cgre132
21731,T325C:T464C:T497C,V108A,1374.873,4,1847.3778304144316,59.58,False,3,1,0.0322511177838667,34118.134042695936,cgre132
21736,A35G:G171A,V57M,1051.368,8,1634.2331656106303,55.81,False,2,1,0.0341505735989311,28738.071495112563,cgre132
21740,C46A:G77A:T95C,P15H,3960.7670000000007,18,1922.859211936713,60.64,False,3,1,0.0315363702259423,35987.47470919984,cgre132
21761,G235A:C237T:G419T,R78H:H79Y:M139I,262.04,4,1479.2282081980347,68.98,False,3,3,0.0466324260298078,24809.878988429075,cgre132
21763,G703T,R234L,3286.073,17,1846.025021974288,50.23,False,1,1,0.027209815361159,34084.391422098284,cgre132
21772,C118A:T148C:A440G,A39D:I49T,64.503,1,1483.6169457001606,0.0,False,3,2,0.0,24920.53656804816,cgre132
21773,A306T:T593A,N102Y,3898.0030000000006,8,1896.530553696315,45.65,False,2,1,0.0240702686866967,35338.61471189896,cgre132
21777,A498T,N166Y,1178.767,6,1717.5889107298965,59.16,False,1,1,0.0344436317854775,30853.039732586007,cgre132
21780,G26A:A306G:T358A,N102D:L119Q,1112.269,10,1713.0172981273265,126.12,False,3,2,0.0736244754433446,30737.259974773366,cgre132
21785,G59A:A700T,Y233F,3802.324,16,1960.0065885283605,52.81,False,2,1,0.0269437869796404,36896.33279130363,cgre132
21793,A17G:C56A:C68T:A135C,K45Q,3915.001000000001,12,1965.77817786247,36.63,False,4,1,0.0186338420135635,37036.792981227765,cgre132
21804,C170T:C209T:T621C:G666A:G681A,F207L:V222I:A227T,1491.811,16,1693.9243167853283,86.76,False,5,3,0.0512183449639888,30253.361861610778,cgre132
21817,C366A:A489G,R122S:I163V,738.7139999999999,4,1664.4023218157988,97.94,False,2,2,0.0588439457913944,29504.262792414847,cgre132
21819,C314T:A322G:A559C:C697A,D107G:K186T:T232K,47.43899999999999,1,1179.8797656275626,0.0,False,4,3,0.0,17467.564907028398,cgre132
21835,C8T:A34G:T479C,E11G,7763.863,26,1978.9046402545027,47.3,False,3,1,0.0239021118238,37355.45166178642,cgre132
21854,A35G:G321A,D107N,5445.634000000001,18,1840.5871841970088,81.0,False,2,1,0.0440076953134593,33948.68168076293,cgre132
21863,A707G,wt,597.328,2,1754.360170920139,46.5,False,1,0,0.0265053896974937,31782.828988924066,cgre132
21864,G171A:C248T:G437A:T479C,V57M,1078.2430000000002,2,1652.8105289363984,15.06,False,4,1,0.009111752216203,29209.924514880076,cgre132
21865,A291G:A487C:A572G:C600A,I97V:K162T:H200N,789.532,4,1602.4063485382587,33.03,False,4,3,0.020612749088351,27929.605524451075,cgre132
21867,C620G,S206R,5525.188999999999,18,1890.3760101680016,106.82,False,1,1,0.056507276555264,35186.41967540024,cgre132
21876,A225G:C239T,K75E,1155.668,4,1860.8651965948204,66.42,False,2,1,0.0356930744481337,34454.1218198221,cgre132
21878,G473T,K157N,4774.264,19,1926.045651068348,80.68,False,1,1,0.0418889344368592,36065.74896236023,cgre132
21895,G345A:C397T,E115K:S132L,7582.428000000001,44,1883.686693570168,86.29,False,2,2,0.0458091041862454,35020.78784708927,cgre132
21916,T103C:C176A:T517A,V34A:L172Q,7193.202,12,1985.365437224189,59.96,False,3,2,0.0302009891356989,37511.87968577396,cgre132
21922,C268A,P89H,54.078,2,1305.5733945512573,113.76,False,1,1,0.0871341285559061,20489.17540642678,cgre132
21924,A42G:C60A:G72A:G419A,I14V:L20M:V24I:M139I,164.24000000000004,7,1399.2108145354184,150.92,False,4,4,0.1078608015548465,22802.994567103622,cgre132
21927,C45T:G203T,P15S,8788.638,40,1910.8151305388935,76.65,False,2,1,0.0401137707018171,35691.10998156369,cgre132
21947,A306T:A356G:A405C:C516T,N102Y:N135H,1985.511,11,1819.7341845269127,75.58,False,4,2,0.0415335386028641,33427.185743244045,cgre132
21953,C305T:C368T,wt,3805.281,6,2043.382385127848,32.8,False,2,0,0.0160518169475889,38903.423631130434,cgre132
21957,T73C,V24A,225.564,4,1447.0194896111002,134.16,False,1,1,0.0927147152911235,23999.45694584565,cgre132
21959,C237T:A472G,H79Y:K157R,1464.686,2,1871.6314492368176,8.66,False,2,2,0.0046269793145072,34721.75082770009,cgre132
21960,C548T,wt,7974.400000000001,20,1987.9752177346804,47.89,False,1,0,0.0240898375255256,37574.98818588714,cgre132
21970,G39A:T418C:T429C:C626T,E13K:M139T:Y143H,1743.276,5,1802.310459796188,37.46,False,4,3,0.0207844324469137,32990.230270461805,cgre132
21974,A38G:G127C:T418G,G42A:M139R,2722.2540000000004,16,1610.7451605720216,86.51,False,3,2,0.0537080614100854,28141.41323895646,cgre132
21982,C46T,P15L,3794.671,20,1881.926753058763,81.83,False,1,1,0.0434820323729384,34977.1744787055,cgre132
21988,T224G:C260T:A328G,K109R,1983.407,15,2001.9537460484732,69.95,False,3,1,0.0349408672093797,37912.21825168359,cgre132
21995,C8T:C590A:G703T,R234L,4377.047999999999,14,1808.07304392706,54.53,False,3,1,0.030159179787097,33134.861557953765,cgre132
22002,A25T:G117T,K8M:A39S,2536.1380000000004,10,1960.070000229541,49.94,False,2,2,0.0254786818808264,36897.87714550961,cgre132
22012,T308A:G375A,N102K:V125M,1905.5180000000005,5,1822.3734074361607,38.9,False,2,2,0.0213457899688775,33493.27883873773,cgre132
22022,A120G,T40A,4836.044000000001,16,1975.1258049807743,59.88,False,1,1,0.0303170561839643,37263.83107114877,cgre132
22033,C654T,H218Y,428.76499999999993,19,1508.1203581261548,134.81,False,1,1,0.0893894172793356,25539.245308513804,cgre132
22042,T104A:T241C,I80T,854.496,4,1685.4903708003696,28.86,False,2,1,0.0171226133948754,30039.45114467709,cgre132
22044,G375A:C592A,V125M:P197H,4361.031999999999,12,1862.9222039153976,60.91,False,2,2,0.0326959439701681,34505.29532149953,cgre132
22050,A304T:A417T,D101V:M139L,766.599,4,1757.6028147680431,53.02,False,2,2,0.0301660873290062,31864.67811445174,cgre132
22052,C46A,P15H,5912.050000000002,34,1895.8418242567432,57.71,False,1,1,0.0304403032265758,35321.59264676852,cgre132
22062,T28C:A120G,L9P:T40A,5336.224,19,1966.117435886219,60.44,False,2,2,0.0307407883663657,37045.04278120652,cgre132
22071,A132C:A316T,I44L:Q105L,398.689,2,1651.0845736618728,31.96,False,2,2,0.0193569732949035,29166.092299972894,cgre132
22072,A286G:A379G,D95G:K126R,3134.187,8,1815.163345240183,44.88,False,2,2,0.0247250475378354,33312.660168767245,cgre132
22076,A6G:T565A,T2A:L188H,3348.2970000000005,13,1849.4800122161992,83.05,False,2,2,0.0449045134045448,34170.55293064929,cgre132
22082,G303A,D101N,456.233,8,1481.9943364630813,118.74,False,1,1,0.0801217636791947,24879.618174333333,cgre132
22086,A16C:A346G,E5A:E115G,1774.9550000000002,11,1880.1438901773545,84.44,False,2,2,0.0449114562141489,34932.9779348288,cgre132
22091,G79A:G546A,G26D:A182T,1198.338,5,1858.449399205674,90.8,False,2,2,0.0488579350284216,34393.99870407452,cgre132
22093,A115T,D38V,3096.106999999999,19,1823.6679738823077,93.57,False,1,1,0.0513086819202093,33525.68883176908,cgre132
22099,G235C:G285T:A474C:T638C,R78P:D95Y:N158H,2720.201,8,1836.8795258977457,25.74,False,4,3,0.0140128950413446,33856.082876662826,cgre132
22105,A16T:C287T:G375A,E5V:V125M,3909.43,13,1920.6338431895265,54.26,False,3,2,0.0282510902285739,35932.77549140922,cgre132
22112,C620A,S206R,5784.996,18,1914.8607323450224,32.4,False,1,1,0.0169202905739894,35790.74659257888,cgre132
22121,C232A,P77H,4831.411000000001,28,1593.4417066047984,90.56,False,1,1,0.056832954493804,27701.933141245463,cgre132
22124,C407G,N135K,2097.222,10,1790.549770998518,88.08,False,1,1,0.0491915954678441,32694.719060984902,cgre132
22131,T28C:T52C,L9P:I17T,1407.493,11,1722.8386253848564,45.51,False,2,2,0.0264157068047123,30985.948065378987,cgre132
22136,C223G:C448T:A449T:T553C:C697T:C702T,A74G:A149V:F184S:T232M:R234C,303.619,2,1515.3904545988228,4.29,False,6,5,0.0028309535585241,25723.075773126762,cgre132
22137,T52C,I17T,4359.688,20,1813.8555559868464,86.43,False,1,1,0.0476498802314922,33279.87886692508,cgre132
22139,G65A:C121T:G167A:A279G:A348G:G513C:T659A,T40I:S93G:N116D:V171L,542.8820000000001,4,1644.612548031331,59.55,False,7,4,0.0362091363532911,29001.716752077195,cgre132
22141,T43C:G541A,I14T:R180H,843.3990000000001,2,1657.2038300538886,16.13,False,2,2,0.0097332625640115,29321.489023254344,cgre132
22142,A70T:C154T:C188A:G235A:C411A,D23V:T51I:R78H:L137M,1573.65,13,1770.9395443773549,92.01,False,5,4,0.0519554720499224,32201.03565653131,cgre132
22157,C420G:C634A,R140G:P211H,447.338,4,1606.736030146579,50.03,False,2,2,0.0311376598652834,28039.577601986675,cgre132
22159,T396C:C588G,S132P:P196A,4160.956,14,1895.2902662400195,71.53,False,2,2,0.0377409208890758,35307.95906893816,cgre132
22171,C244G:G671A,A81G,5155.031,10,1970.026732283707,35.01,False,2,1,0.0177713324526391,37140.05289396475,cgre132
22176,A147G:C392A:C547T:A650G:G662T,I49V:F130L:A182V,6285.668999999999,17,1847.7929714515524,67.82,False,5,3,0.0367032460063549,34128.48723750463,cgre132
22185,C569T:C704T,wt,4007.303,7,1968.8825713482331,45.39,False,2,0,0.0230536857101224,37112.25574454484,cgre132
22188,T44C:A145G:C557T,Y48C,370.894,2,1391.0554240829292,71.13,False,3,1,0.0511338360560962,22599.794988271147,cgre132
22189,C68T:T376C,V125A,1982.36,8,1709.4634389256591,78.19,False,2,1,0.0457394982656896,30647.231685640032,cgre132
22201,C196G,S65C,2225.754,8,1802.389931455491,74.02,False,1,1,0.0410676950132684,32992.22563319596,cgre132
22205,A38G:C314T:T426A:A472T:A629G:A695G:C702A,L142M:K157M:R234S,2320.333,10,1762.775019821593,76.57,False,7,3,0.0434371937082189,31995.17796166956,cgre132
22210,G504A:G582A,A168T:D194N,4729.5,15,1996.1526633713052,58.21,False,2,2,0.0291610962769195,37772.43158890434,cgre132
22218,C218T:T272A:A502T:C635T:A655G,D90E:K167M:H218R,4670.012000000001,12,2027.349502406448,64.27,False,5,3,0.0317014900113236,38521.34106512482,cgre132
22224,T103A:T150A,V34D:C50S,406.88400000000007,7,1456.66308086555,121.35,False,2,2,0.0833068412277558,24241.775046156556,cgre132
22260,A34G:T50C:C146T:C230T:C500T:A558C,E11G:K186Q,1465.573,4,1906.678940263032,17.48,False,6,2,0.0091677731530346,35589.152169635134,cgre132
22264,T10C:C591A,L3P:P197T,2233.642,12,1970.591511780279,90.96,False,2,2,0.0461587292222854,37153.770992307866,cgre132
22270,C134A:A333G:C468A,K111E:R156S,4231.932000000002,20,1792.7322017433753,86.38,False,3,2,0.0481834375017072,32749.59030553451,cgre132
22280,A339G:G546A:G611A:C661T,T113A:A182T:T220M,2749.227,11,1904.955242982269,73.5,False,4,3,0.0385835836672642,35546.63613258035,cgre132
22286,G257A:G285A:T622C,D95N:F207S,4123.14,14,1776.6270560905025,51.81,False,3,2,0.0291620010076896,32344.331846700064,cgre132
22293,C170A:A379G:A486G,K126R:K162E,1896.708,8,1733.3295407499738,117.44,False,3,2,0.0677539944015413,31251.394974659124,cgre132
22297,G338T:A511T,D170V,3454.948,22,1865.0080161008748,55.56,False,2,1,0.0297907566725412,34557.16624269916,cgre132
22308,C248T:G280A:G380A,S93N,1215.602,4,1911.1143487510467,15.65,False,3,1,0.0081889396153755,35698.48224254807,cgre132
22310,A399T:T566C,N133Y,1359.425,5,1826.2363330093424,25.12,False,2,1,0.0137550652924565,33589.970299807406,cgre132
22312,T104C:C131T:C623T,wt,7081.285999999998,18,1946.0578316380088,47.44,False,3,0,0.0243774872610386,36556.01745245726,cgre132
22321,C206T:T353C,wt,3760.206,12,1984.1209041190868,85.35,False,2,0,0.0430165318165899,37481.76884101094,cgre132
22327,T10C:A35T:G428A:A618G,L3P:E11D:S206G,2854.135,8,1906.95698787176,48.3,False,4,3,0.0253283111822593,35596.00892324426,cgre132
22331,A333G:A398G:G578T:A581T,K111E:E192D:E193D,3613.807999999999,14,1795.5777430751718,72.54,False,4,3,0.0403992532652834,32821.11120021304,cgre132
22377,A394T:A556G,K131M:N185S,334.227,6,1514.3515652332435,146.17,False,2,2,0.0965231610385575,25696.79988231312,cgre132
22380,G519A,G173S,3740.9520000000007,16,1882.2706515914745,63.71,False,1,1,0.0338474171852664,34985.69785335356,cgre132
22388,A74G:A115T:C259G:C702A,D38V:S86C:R234S,1624.0630000000003,8,1699.902783753451,74.48,False,4,3,0.0438142702699417,30404.93884712486,cgre132
22392,T148G:T514C,I49S:V171A,1036.5800000000002,6,1613.5458663551829,134.2,False,2,2,0.0831708616397391,28212.556203549597,cgre132
22395,A354G,T118A,11330.026000000002,30,1980.2044970384627,48.27,False,1,1,0.0243762702651121,37386.94591383243,cgre132
22407,C362T:G681A,A227T,1393.701,8,1655.2452263694463,69.32,False,2,1,0.0418789910375056,29271.753160191704,cgre132
22411,G703A,R234H,3348.191,19,1763.0664929432896,112.83,False,1,1,0.0639964518931103,32002.530088527146,cgre132
22419,A81G:C206T:G395A:A454T:A471G:C641T,M27V:Y151F:K157E,71.647,2,1093.9654711005423,0.8,False,6,3,0.0007312845068091,15475.029926818168,cgre132
22420,G102A:C239A:C275T:A306T,V34I:H79Q:N102Y,2491.284,14,1726.4007373970985,117.51,False,4,3,0.0680664676830307,31076.102303876727,cgre132
22427,G18T:A558G,G6C:K186E,7202.861999999999,17,1819.269264897806,42.62,False,2,2,0.0234269884191079,33415.54029740593,cgre132
22436,C119T:G630T,D210Y,530.404,4,1685.260791399619,84.44,False,2,1,0.0501050047748823,30033.62712214831,cgre132
22440,C71T:C101T:A359G:T476C,wt,3401.975,6,1980.3983693872544,50.48,False,4,0,0.0254898210280887,37391.64229296953,cgre132
22447,C441T:C668A,P147S,1112.32,2,1783.893500413036,12.22,False,2,1,0.0068501847207642,32527.27517945338,cgre132
22448,T426C,wt,1522.604,7,1928.6781593960295,67.66,False,1,0,0.0350810215122609,36130.37305950427,cgre132
22451,A42G:T507C,I14V:F169L,2722.505,6,1950.0382479475848,24.83,False,2,2,0.0127330835824033,36653.25072532207,cgre132
22454,C32T:G200A,wt,2720.978,10,1899.8525433946052,86.21,False,2,0,0.0453772058782847,35420.68441378472,cgre132
22459,A433G,H144R,2234.812,12,1826.5995637673257,70.18,False,1,1,0.0384211194353157,33599.05932774969,cgre132
22466,A226G:A354G:T429C:G437T,K75R:T118A:Y143H,6346.466,15,1939.124499437614,46.79,False,4,3,0.0241294460533968,36386.424909357534,cgre132
22475,A306G:G546A,N102D:A182T,8276.212000000001,23,1992.356990768469,49.22,False,2,2,0.024704408009237,37680.84243163107,cgre132
22486,T360C:G525A:C569T,Y120H:G175S,3568.554,8,1879.8673162340103,31.52,False,3,2,0.0167671408124403,34926.1204061645,cgre132
22490,G243A:C314T:T390A,A81T:F130I,111.393,2,1308.6828935039662,19.49,False,3,2,0.0148928362223915,20565.263623053692,cgre132
22491,A120C:A194T:G428A,T40P,1305.846,4,1834.9072434119664,24.59,False,3,1,0.0134012223714782,33806.802890827865,cgre132
22495,A449T:G687A:C702A,D229N:R234S,227.69800000000004,2,1495.3538472275943,130.05,False,3,2,0.0869693820236022,25216.71340961654,cgre132
22496,C231T:G513A,P77S:V171I,507.286,4,1491.0635636241434,83.1,False,2,2,0.055732030496419,25108.409714381916,cgre132
22498,A511T,D170V,4141.52,21,1922.542769892628,63.19,False,1,1,0.0328679293847538,35979.69828520808,cgre132
22508,A142G:C311T:C683T:A686T,K47R,3389.2379999999994,17,1843.2796904472405,65.11,False,4,1,0.0353229085837766,34015.89243920369,cgre132
22517,G59C:T104A,E19D,3995.937,17,1913.7143709315023,50.39,False,2,1,0.0263309931541521,35762.52249667666,cgre132
22533,C209T:C218T:A361T:T542A,Y120F,9419.934,26,1979.491403101435,61.02,False,4,1,0.0308261000297323,37369.66973070538,cgre132
22558,T44A:A183T:T242A:A384T,T61S:T128S,1376.873,4,1925.0278500872655,74.11,False,4,2,0.0384981443238031,36040.75304496891,cgre132
22560,T28A:C60A:G341A:C448T:G478A:G546A,L9Q:L20M:A149V:G159D:A182T,2653.5670000000005,10,1740.13929370272,59.39,False,6,5,0.0341294517139649,31423.5808420244,cgre132
22565,G57A:C209A:T429C:G611A,E19K:Y143H,2521.831,10,1963.002864166308,75.05,False,4,2,0.038232241720072,36969.27778658455,cgre132
22572,C443A,wt,6168.993,10,1964.566059258732,49.24,False,1,0,0.0250640591941098,37007.31170405932,cgre132
22576,A25G:A85T:C314A:G525T:A577G,K8R:K28M:G175C:E192G,1511.649,9,1647.9422013439423,84.52,False,5,4,0.051288206546972,29086.285106585787,cgre132
22580,G478A:C524T:T653A,G159D:D217E,991.214,4,1644.083789279602,49.59,False,3,2,0.0301626962830946,28988.286641544306,cgre132
22582,A38T:A81T:G347T,K12N:M27L:E115D,1867.013,21,1817.0746954380309,108.34,False,3,3,0.0596233056747747,33360.55951170458,cgre132
22589,A328G:A356G:A400G:G546A,K109R:N133S:A182T,5038.628,14,1968.1913272794056,66.12,False,4,3,0.0335942949669412,37095.45804864522,cgre132
22596,G235A:C278T:A294G:A648T,R78H:I98V:T216S,5582.793000000001,12,1803.9588995152392,35.77,False,4,3,0.0198286113999671,33031.61475552237,cgre132
22602,T14A:A49G:C149A,Y16C,4568.494000000001,14,1864.496519265928,64.81,False,3,1,0.0347600541649261,34544.44790417595,cgre132
22609,G59A:A529G,H176R,1705.898,6,1803.883013698589,72.15,False,2,1,0.0399970505027747,33029.709822224104,cgre132
22612,C47A:C287T:C420T:C521T:G546A,R140C:A182T,2868.5820000000003,16,1857.3134662222276,63.37,False,5,2,0.0341191732857536,34365.719389604885,cgre132
22620,T104A:T242A:A586G,Y195C,776.0630000000001,10,1533.3550471447645,125.43,False,3,1,0.0818010155140267,26177.76836813264,cgre132
22625,C101T:C169A:C561T,P56H:P187S,150.782,5,1176.5478501703244,156.61,False,3,2,0.133109758330125,17389.078904475493,cgre132
22628,G72A:A97T,V24I:K32M,3091.651,11,1837.3165452732512,69.84,False,2,2,0.0380119583528886,33867.00028458223,cgre132
22633,T451C,V150A,6017.279,4,1636.6509811079277,92.81,False,1,1,0.056707264451198,28799.488669689843,cgre132
22635,C218T:C373G:A486G,T124S:K162E,2311.225,10,1970.894682463064,56.58,False,3,2,0.0287077744455076,37161.1339488035,cgre132
22640,C357T:T612A,W204R,623.846,8,1575.4608481423058,140.38,False,2,1,0.0891040866966184,27245.430052258816,cgre132
22656,A34G:A81T:C188T:G203A,E11G:M27L,9921.702,31,1932.4910522456523,69.84,False,4,2,0.0361398827274477,36223.904165514614,cgre132
22671,A629T:T653A,K209N:D217E,3305.549000000001,18,1756.3243083288728,65.41,False,2,2,0.0372425523519839,31832.409801685786,cgre132
22680,G388A:A486G:T617A,G129D:K162E,1151.0780000000002,10,1622.1255430277306,82.96,False,3,2,0.051142773971214,28430.503240663587,cgre132
22685,G245A:A327G:T553A:A629G,K109E:F184Y,1705.492,8,1821.3126445067355,90.67,False,4,2,0.0497827763253442,33466.71760588596,cgre132
22689,G450C:A694G,V150L:E231G,787.693,5,1897.9515062620344,17.44,False,2,2,0.0091888543740232,35373.72620023077,cgre132
22691,T342A:A405C:A499G,Y114N:N135H:N166S,643.4110000000001,6,1485.2887473554142,158.39,False,3,3,0.1066391974503385,24962.70266706811,cgre132
22695,A129G:A356T:C591T,T43A:P197S,5799.208999999999,8,1770.9711219128635,13.65,False,3,2,0.0077076355628297,32201.831495706258,cgre132
22699,G33A:C68T:T281A:C452T:C602T,E11K:S93R,4090.649,20,1949.0140672336825,55.19,False,5,2,0.0283168813031367,36628.24124876395,cgre132
22709,T215C:A333G,K111E,3409.269,16,1869.0322225779864,73.18,False,2,1,0.0391539531079146,34657.18683886795,cgre132
22744,C124T:A135G:T215C,T41M:K45E,1314.2420000000002,4,1637.6042014148786,71.98,False,3,2,0.0439544548907543,28823.701942528845,cgre132
22746,G243C:G285A:A532T:A648G,A81P:D95N:Q177L:T216A,3949.401,17,1805.4413332956008,58.57,False,4,4,0.0324408214877234,33068.82386564573,cgre132
22765,C302T:C600A,H200N,4120.917,18,1862.5027927124756,42.24,False,2,1,0.0226791606247652,34494.86287668985,cgre132
22774,T48C:C146T,Y16H,1499.308,8,1575.8892980861735,99.09,False,2,1,0.0628787822344748,27256.30469062573,cgre132
22778,C260T,wt,1101.686,6,1940.3310098009756,37.86,False,1,0,0.0195121346866911,36415.95711678309,cgre132
22779,C314T:C355T:T491A:C634A,T118I:P211H,853.5519999999999,4,1808.0749251184568,95.44,False,4,2,0.0527854231448661,33134.908754386815,cgre132
22781,G102A:A408G:A696G,V34I:I136V:T232A,3572.7680000000005,16,1803.8685975158228,58.63,False,3,3,0.0325023674566659,33029.347936000035,cgre132
22789,G72A:C314T,V24I,1119.121,3,1955.294878349922,48.0,False,2,1,0.0245487269114658,36781.511992906795,cgre132
22806,A405G:G636T,N135D:D212Y,1639.0279999999998,14,1788.8730175155945,90.38,False,2,2,0.0505234296202425,32652.5516672568,cgre132
22812,T88A:T653C,F29Y,521.9559999999999,6,1603.3068798036493,148.2,False,2,1,0.0924339575079659,27952.47806474059,cgre132
22815,A405G:G522T,N135D:G174C,783.162,6,1435.4565743068315,62.6,False,2,2,0.0436098180331431,23709.316185893716,cgre132
22818,C392T:A406G,N135S,5862.682,19,1893.9488655790235,51.36,False,2,1,0.0271179443824625,35274.79552911936,cgre132
22839,C107T:C121T:C298T:C320T:G414A:T491C,T40I:S99L:G138R,216.896,2,1406.3092540290402,53.52,False,6,3,0.0380570630867048,22980.08578316193,cgre132
22842,C263A:A498T,N166Y,3704.849,18,1703.5642857143189,104.77,False,2,1,0.0615004675072,30497.747302620177,cgre132
22851,A84G:G570A,K28E:A190T,8024.741,20,1878.8172981149385,43.57,False,2,2,0.0231901207444251,34900.082363766625,cgre132
22861,T535C,M178T,1549.0839999999998,8,1568.504912802192,121.6,False,1,1,0.0775260561873262,27068.90326444958,cgre132
22863,G203A:A316T,Q105L,9775.285,31,1958.2697291001232,79.36,False,2,1,0.0405255715393548,36854.02287085735,cgre132
22878,A34C:A322G,E11A:D107G,7068.074000000001,28,1920.7526371325637,57.0,False,2,2,0.0296758671044146,35935.696119440174,cgre132
22891,A25G:G367A:G525A,K8R:R122H:G175S,1198.069,6,1700.613621209791,50.27,False,3,3,0.0295599184747436,30422.95802104742,cgre132
22894,A559C,K186T,4415.655,14,1942.593065404253,58.34,False,1,1,0.0300320231956863,36471.30321981312,cgre132
22907,T429A:A532T,Y143N:Q177L,119.997,2,1329.188749786406,113.73,False,2,2,0.0855634687084703,21068.427003776706,cgre132
22908,A85G:G125T:G377T,K28R,5112.922999999999,23,1962.4957663830403,74.1,False,3,1,0.0377580432372444,36956.93633995084,cgre132
22919,C113T:C128T:A186C:C439G:C467T:C656T:T667C,I62L:P146R:V222A,284.945,2,1416.2507552475336,118.53,False,7,3,0.0836928062073889,23228.446756168338,cgre132
22920,C168T:T621C,P56S:F207L,674.9630000000001,7,1612.480071967719,109.7,False,2,2,0.0680318485214719,28185.48290575765,cgre132
22923,C189A:C237A,L63M:H79N,1076.106,2,1717.238961943256,40.09,False,2,2,0.0233456151930267,30844.178259772543,cgre132
22924,C275T:A328C:C661G:G684A,K109T:T220R:V228I,1099.832,9,1727.809837673381,148.02,False,4,3,0.0856691499102236,31111.758904860595,cgre132
22929,C45T:A399T,P15S:N133Y,4287.513999999999,16,1785.9779808762307,66.3,False,2,2,0.037122518144077,32579.726384012938,cgre132
22937,A135C:C221T:G639T,K45Q:D213Y,1170.509,10,1609.2313118202476,149.88,False,3,2,0.0931376359005011,28102.959541446216,cgre132
22942,A147G:C649T,I49V:T216I,2068.647,6,1866.200791814475,58.1,False,2,2,0.0311327699864012,34586.81998517426,cgre132
22954,C278T:T542C,wt,1792.6739999999998,7,1978.6647883175128,82.31,False,2,0,0.0415987591662705,37349.63906634663,cgre132
22957,T30G,F10V,178.76700000000002,4,1453.6059853026954,208.6,False,1,1,0.1435051878632445,24164.92615264681,cgre132
22959,A378G:A558G,K126E:K186E,2548.651,10,1715.0372090270446,86.87,False,2,2,0.0506519622680851,30788.420203592792,cgre132
22964,A96G:C124T:C373A:G662A,K32E:T41M:T124N,3869.988,18,1777.480209730984,78.98,False,4,3,0.044433687400634,32365.819126734972,cgre132
22973,C169A:G317A:C365T,P56H,1373.6710000000005,6,1723.5190069025653,64.2,False,3,1,0.0372493716303004,31003.169808492443,cgre132
22976,G285T:G513A,D95Y:V171I,1087.879,7,1869.0011501914437,94.02,False,2,2,0.0503049449650522,34656.41482369635,cgre132
22979,G605A,wt,6065.171,16,1986.105391293745,48.15,False,1,0,0.0242434264621955,37529.777570460836,cgre132
22987,T214A:C661T,F71Y:T220M,3887.604,18,1759.7660643411325,128.09,False,2,2,0.0727880839365758,31919.267263250422,cgre132
22996,C8A:A38C:A97G:G380C,K12N:K32R:K126N,5537.801,19,1920.8603832057815,77.35,False,4,3,0.0402684134028045,35938.34506096495,cgre132
23005,T150A:C641T:A696T,C50S:T232S,3473.2300000000005,14,1871.7729325873925,80.63,False,3,2,0.043076806270803,34725.26434152671,cgre132
23012,T103C:C323T:A328C,V34A:K109T,4068.961,14,1887.5480398540797,58.85,False,3,2,0.031178014417344,35116.42398930524,cgre132
23020,A408G:A456G:G523A,I136V:I152V:G174D,2852.9079999999994,9,1890.17803683735,28.64,False,3,3,0.0151520118432444,35181.52087943604,cgre132
23024,A339G:C683T:T690A,T113A:L230M,1040.817,4,1532.7881146665866,45.53,False,3,2,0.0297040403460485,26163.41014885194,cgre132
23026,C168T:C516T:G645A,P56S:E215K,1123.68,13,1699.093460582796,106.35,False,3,2,0.0625922013516087,30384.422270981406,cgre132
23042,C634T,P211L,2117.211,8,1791.922488502398,79.22,False,1,1,0.0442095015316249,32729.234014957445,cgre132
23046,T88A,F29Y,799.1819999999999,6,1602.5492977930592,122.6,False,1,1,0.0765031067492512,27933.23626264148,cgre132
23048,A17G:G402A,G134S,1930.621,8,1885.078899194157,33.74,False,2,1,0.0178984550802745,35055.277737367505,cgre132
23052,T242C:G703A,R234H,2500.3360000000007,17,1762.24963574838,87.18,False,2,1,0.0494708571541154,31981.92510513295,cgre132
23061,A135G:G203A:T479C,K45E,4202.701999999999,10,1836.2196811490487,47.57,False,3,1,0.0259064862926598,33839.597521834316,cgre132
23073,A64T:A183T:A334T:G352C:G437A:C467T,E21V:T61S:K111I:G117A,2575.068,6,1694.4740551875182,119.34,False,6,4,0.070428933175252,30267.30182801274,cgre132
23076,G672T,V224F,1121.888,4,1732.0601491088755,88.11,False,1,1,0.0508700578587478,31219.2875851795,cgre132
23078,T376C:A493T,V125A:E164V,151.081,2,1257.7749534025816,36.73,False,2,2,0.0292023623945099,19327.10496834083,cgre132
23079,A328T:G341A:G469A:T479A,K109I:R156H,5706.157000000001,25,1842.655699429717,60.14,False,4,2,0.0326376761641432,34000.318894322074,cgre132
23091,G523A:T552C,G174D:F184L,2912.71,10,1919.514289424527,33.96,False,2,2,0.0176919756144046,35905.24670217597,cgre132
23096,A38G:A266G,wt,5540.020000000001,12,1971.8402685417236,69.6,False,2,0,0.0352969766924745,37184.09512287121,cgre132
23102,C22T:A183G:C528T:G645A,A7V:T61A:H176Y:E215K,132.541,2,1032.6518902438513,33.48,False,4,4,0.0324213806378585,14096.816696479445,cgre132
23103,G117A:A356G:C547A,A39T:A182D,668.511,7,1432.6714796890817,74.85,False,3,2,0.0522450548232061,23639.500562400994,cgre132
23107,G59A:A348G,N116D,3683.135,12,1961.761337877516,32.41,False,2,1,0.0165208679436333,36939.059385778426,cgre132
23113,A16G:A84G:G299T:C602T:A652C,E5G:K28E:D217A,366.035,8,1393.1883583248446,226.68,False,5,3,0.1627059246120587,22652.911738162602,cgre132
23117,C296A:A348G:G380T:G437A:A534G:A700T,N116D:K126N:M178V:Y233F,1825.751,8,1705.077332301167,63.35,False,6,4,0.0371537400679082,30536.09291556831,cgre132
23123,A123G:C124T:G125A:C154T:C244T,T41V:T51I:A81V,1959.8350000000005,16,1708.6376299593535,121.56,False,5,3,0.0711444005847464,30626.308945145982,cgre132
23131,A17T:A42T:C287T,E5D:I14F,2045.51,13,1690.2424294717357,93.19,False,3,2,0.0551341028808071,30159.98861308521,cgre132
23138,T48C:T224C,Y16H,1419.584,4,1678.5631773452487,71.36,False,2,1,0.0425125494012446,29863.69508059256,cgre132
23148,G525T:C599T:T621G,G175C:F207V,1571.306,6,1707.714853675619,105.82,False,3,2,0.0619658485561785,30602.928168284016,cgre132
23155,C149T:A316T:T507C,Q105L:F169L,2159.603,6,1769.561494367285,64.36,False,3,2,0.0363705924913404,32166.302432042612,cgre132
23158,G138A:C262G:C263T,A46T:T87S,534.232,4,1476.3250291462268,80.58,False,3,2,0.0545814765780948,24736.70666152293,cgre132
23160,A433T:A629G,H144L,10733.509000000004,24,1925.913669649828,51.39,False,2,1,0.0266834390397902,36062.507991631916,cgre132
23173,A356G:G523T:T584A,G174V:D194E,1006.689,6,1672.9560366555645,72.14,False,3,2,0.0431212766022329,29721.395401175814,cgre132
23176,C45A:C47A:A339G:A343G,P15T:T113A:Y114C,417.329,6,1560.585362261735,138.37,False,4,3,0.0886654478159799,26867.983177354545,cgre132
23179,T148C:G243A:T464C,I49T:A81T,1645.649,4,1908.7406387280284,40.71,False,3,2,0.0213281989045556,35639.984709312535,cgre132
23184,G245A:G681A,A227T,2482.106,15,1665.882983013531,71.58,False,2,1,0.0429682040874887,29541.853029645037,cgre132
23201,T460G,L153W,365.274,4,1690.9112589321617,228.52,False,1,1,0.1351460632796981,30176.951500629315,cgre132
23203,A90T:G672A,I30F:V224I,13172.393000000004,34,1909.725066002797,61.66,False,2,2,0.0322873701024719,35664.24849351205,cgre132
23220,A163G:T451C:G469A,D54G:V150A:R156H,1705.3660000000004,12,1756.36110029883,116.96,False,3,3,0.0665922286596419,31833.33845309103,cgre132
23226,G114A:A581T,D38N:E193D,4080.325,16,1941.8735988965616,71.72,False,2,2,0.0369334028954066,36453.70318357969,cgre132
23234,T5C:T52A:C528T,I17N:H176Y,1445.1370000000002,8,1734.462058377653,132.44,False,3,2,0.0763579689508337,31280.037577762752,cgre132
23238,C231T:G416A,P77S,1594.628,8,1594.3452939289728,48.54,False,2,1,0.0304450988031469,27724.879432041213,cgre132
23242,T44A:C168T,P56S,1030.376,5,1746.2181338032135,61.37,False,2,1,0.0351445210721399,31577.20113302179,cgre132
23245,C431T:A485G:G578A:A629G,wt,4719.054,17,1937.612145247524,65.65,False,4,0,0.0338819098347535,36349.3944146946,cgre132
23253,A70T:T104A:T667C,D23V:V222A,3540.334,14,1770.6746598861714,77.68,False,3,2,0.0438702838865913,32194.359744891975,cgre132
23260,A346G:C602T,E115G,6836.8240000000005,36,1857.4614531726857,64.98,False,2,1,0.0349832293364738,34369.403876404496,cgre132
23278,A486G:T535A,K162E:M178K,774.237,3,1511.1002239968911,41.33,False,2,2,0.0273509323495971,25614.580336931125,cgre132
23281,C107T:T673C,V224A,3906.8760000000007,17,1810.8309457565413,69.31,False,2,1,0.0382752460479093,33204.04035716087,cgre132
23289,A306T:A361G:C438T,N102Y:Y120C:P146S,129.304,2,1328.6989416153951,138.16,False,3,3,0.1039814179666832,21056.38081069642,cgre132
23291,A35G:A408G,I136V,6133.223999999999,18,1886.1538745699136,92.17,False,2,1,0.0488666387417712,35081.90227563265,cgre132
23300,A142G:T664C,K47R:I221T,73.578,2,983.7833915440776,87.15,False,2,2,0.0885865737814657,13027.728859929402,cgre132
23301,G574T:T621A,W191L:F207I,1505.4589999999996,10,1678.5671312650002,121.53,False,2,2,0.0724010364175382,29863.7954134956,cgre132
23306,G21A:T172C:C524T,A7T:V57A,352.513,4,1338.8873666722577,40.29,False,3,2,0.0300921503950992,21307.219788930794,cgre132
23308,A601T:C668T,H200L,524.778,4,1590.8967689267674,76.16,False,2,1,0.0478723707832898,27637.307863891096,cgre132
23318,T44C:T91C,I30T,6552.996,12,1913.326161876694,97.93,False,2,1,0.0511831186711757,35752.9629555251,cgre132
23324,C368T:T565A,L188H,2813.494,19,1784.805921618701,81.66,False,2,1,0.0457528737499592,32550.235779459086,cgre132
23333,T48A:A74G:C113T:C320T:C524A:C644T,Y16N,437.25200000000007,6,1414.8637642555182,52.24,False,6,1,0.0369222827806944,23193.77328327431,cgre132
23337,T28C:A328C,L9P:K109T,2839.599,13,1811.505647369289,86.84,False,2,2,0.0479380233377196,33220.96046823035,cgre132
23343,T10C:T87A:A471G:A572G,L3P:F29I:K157E,545.3969999999999,6,1503.8727411454563,119.11,False,4,3,0.0792021803050152,25431.89302396446,cgre132
23346,T483A:G636A,L161I:D212N,8334.957999999999,18,1907.057546895059,45.74,False,2,2,0.0239845934772502,35598.48864472255,cgre132
23355,T11G:A40G:T91C:C165T:A398G,E13G:I30T,5947.571,16,1902.4134494724087,74.96,False,5,2,0.039402580979854,35483.91298834968,cgre132
23371,A54T:A163G:C189G:A648T,T18S:D54G:L63V:T216S,1214.283,10,1798.893859749774,65.47,False,4,4,0.0363945875100751,32904.42712139942,cgre132
23376,A307G:C401T:C564T:A695G,N102S:L188F,174.18699999999998,3,1290.0467458660323,43.67,False,4,2,0.0338514864984086,20110.111946242818,cgre132
23378,C188T,wt,4246.895,18,2012.258860487648,52.15,False,1,0,0.0259161487739018,38159.95191108651,cgre132
23387,C55T:T497C,T18I,498.655,11,1584.5166633795016,171.99,False,2,1,0.1085441409200297,27475.31188334534,cgre132
23392,G72C,V24L,1778.8970000000002,8,1798.2933551137353,56.1,False,1,1,0.0311962449510646,32889.34234494211,cgre132
23396,A266T:G341A,Q88H,3633.12,14,1895.9742060258648,44.65,False,2,1,0.0235498984417042,35324.86467085277,cgre132
23403,G63A:G317A:C512T:G619A,E21K:S206N,2163.47,8,1961.9857741248663,31.47,False,4,2,0.0160398716519935,36944.52281821839,cgre132
23412,A81G:G173A:T370C,M27V:V123A,1633.981,9,1707.2138040729672,108.49,False,3,2,0.0635479866324716,30590.23230518443,cgre132
23416,A123T:A618G,T41S:S206G,7686.453,29,1892.0563754183531,53.83,False,2,2,0.0284505264744543,35227.99202998718,cgre132
23430,G78A:C290T:A629C,G26S:K209N,1699.645,8,1695.1502078204894,111.2,False,3,2,0.0655989065080984,30284.446795049498,cgre132
23434,G522A,G174S,4514.722,7,1879.4945592490744,44.57,False,1,1,0.0237138223043366,34916.87748630729,cgre132
23437,T14A:T621A,F207I,1878.339,4,1825.6520124620208,43.93,False,2,1,0.024062636088439,33575.3479604549,cgre132
23439,A40T:A334G:C470A:T566C:G630A,E13V:K111R:D210N,449.245,3,1525.231508228014,65.73,False,5,3,0.0430950971347057,25972.083777245523,cgre132
23441,G77T:A153T:C368T:C633T:T677A,E25D:T51S:P211S,6266.410999999999,18,1785.6125099011606,55.29,False,5,3,0.0309641647857073,32570.53107939181,cgre132
23450,A90G:T95C:C149T:C174T:T215C:C623T,I30V:P58S,991.303,4,1634.9749862217154,47.5,False,6,2,0.029052432239204,28756.915298048407,cgre132
23452,A34G:G347T:G447A:C569T,E11G:E115D:A149T,5233.078,18,1926.661757705643,59.82,False,4,3,0.0310485220152168,36080.87694650637,cgre132
23461,A581T:T621A:C633T,E193D:F207I:P211S,1701.743,9,1653.9598746065417,81.01,False,3,3,0.0489794228044808,29239.11232470607,cgre132
23466,G200A:A394T:C411A:G513T:C603A,K131M:L137M:V171L:L201M,796.6299999999999,4,1626.8366194513117,55.8,False,5,4,0.0342996950848204,28550.179240312857,cgre132
23468,A120T:T667C,T40S:V222A,2785.7870000000003,8,1767.3125176904082,64.92,False,2,2,0.0367337408354012,32109.606829022196,cgre132
23477,T30C:T386A:C411T,F10L,4417.8460000000005,13,1893.8904823060875,42.63,False,3,1,0.0225092213083471,35273.35191023694,cgre132
23483,A226G:C561T:A694G,K75R:P187S:E231G,72.744,2,1176.513946233507,75.91,False,3,3,0.064521122119307,17388.280742812727,cgre132
23485,T272G:G681A,D90E:A227T,649.7570000000002,4,1539.169378814002,83.63,False,2,2,0.0543345009010253,26325.053706007828,cgre132
23487,G140A:A449C:C633T,P211S,4238.63,16,1923.9372630969767,55.79,False,3,1,0.0289978270446274,36013.96316498982,cgre132
23495,A58T:G369A,E19V:V123I,1805.955,8,1669.1433934247934,88.61,False,2,2,0.0530871106395404,29624.620502808993,cgre132
23499,C355G:T690A,T118R:L230M,2064.533,6,1754.037046281438,63.23,False,2,2,0.0360482694102999,31774.671440110265,cgre132
23502,G59T:T91C:C385G,E19D:I30T:T128S,8660.867,20,1913.243341317709,34.29,False,3,3,0.0179224457545392,35750.923417166305,cgre132
23512,A361G:C702A,Y120C:R234S,406.61800000000005,3,1696.7808431524425,130.14,False,2,2,0.0766981785097322,30325.79175285048,cgre132
23513,A108G:A406G,T36A:N135S,4642.768999999999,20,1824.2939630570688,66.84,False,2,2,0.036638831982973,33541.358496109686,cgre132
23523,T584C:A643G:C704T,D214G,3124.548,10,1942.3360542204243,101.93,False,3,1,0.0524780455876934,36465.01640412921,cgre132
23540,T44A:A136T:A356G:T459C,K45M,2349.509,8,1858.0994318792325,54.98,False,4,1,0.0295893745279253,34385.28678424023,cgre132
23551,A225G,K75E,5886.194,12,1836.7976755283576,57.22,False,1,1,0.0311520429072519,33854.038046067726,cgre132
23556,C157T:C198T:A472T,T52I:K157M,586.827,5,1539.9108929158665,164.85,False,3,2,0.1070516487404356,26343.841231113533,cgre132
23558,G522A:C547G,G174S:A182G,1032.922,9,1542.4494503630426,120.87,False,2,2,0.0783623735426474,26408.16638249242,cgre132
23563,C20T:C635G:C697T,T232M,3370.208,12,1888.41303078488,66.74,False,3,1,0.0353418446663974,35137.83773734465,cgre132
23570,C385G:A398G:G510A:T585C,T128S:D170N:Y195H,686.1020000000001,6,1406.5933589586614,68.89,False,4,3,0.0489764860336047,22987.17789547352,cgre132
23574,T412A:T476C,L137Q,526.129,2,1540.1752497300515,31.57,False,2,1,0.0204976673956637,26350.539370486895,cgre132
23583,A348T,N116Y,7460.49,26,1910.2146352739733,56.1,False,1,1,0.0293684274866598,35676.31329409598,cgre132
23596,C198A:C411T:C431T:C587T:T621C:T685C,L66M:F207L:V228A,151.691,2,1134.1834063536053,88.79,False,6,3,0.0782853985542421,16399.434307723623,cgre132
23597,C9T:G41T,L3F:E13D,810.405,5,1894.7205241973184,21.83,False,2,2,0.0115214881145851,35293.87440296666,cgre132
23616,T187C:G377A:C438T,I62T:P146S,391.478,2,1409.5179174045625,130.54,False,3,2,0.0926132249814687,23060.202545729684,cgre132
23617,A123G:A430G:C623T,T41A:Y143C,5292.346999999999,20,1798.9699054715054,79.24,False,3,2,0.0440474294533745,32906.33731910797,cgre132
23627,G203C:G461A:G609C:C635A:T653C,V203L,4694.388,13,1865.3466863389624,30.67,False,5,1,0.0164419838009816,34565.586613711595,cgre132
23633,G619A,S206N,3762.193,8,1936.434444345189,43.58,False,1,1,0.0225052803244969,36320.548784125844,cgre132
23637,A123G:G280A:C432T:C596T,T41A:S93N:H144Y,669.5519999999999,9,1486.6985228195103,136.82,False,4,3,0.092029418136854,24998.265560959793,cgre132
23646,A38G:C443A:G520A:C689G,G173D:D229E,2025.801,10,1765.7204511566297,111.09,False,4,2,0.0629148288604976,32069.46345884519,cgre132
23651,C134T:A433G:T542C:A629G,H144R,8496.267999999998,28,1912.9021251289628,67.01,False,4,1,0.0350305429220443,35742.52024165677,cgre132
23665,A85T:G465T,K28M:D155Y,125.61,2,1159.0660646264946,224.28,False,2,2,0.1935006181656034,16978.81019115585,cgre132
23666,A34G:T353C:C656A,E11G:H218Q,1021.6450000000002,10,1553.430568401055,110.42,False,3,2,0.0710813873797109,26686.528458650748,cgre132
23672,C121T:G180A:T464A:G671A,T40I:A60T,439.667,2,1541.3344336094262,39.86,False,4,2,0.025860708183011,26379.911467951955,cgre132
23673,C561T:G575T:G662A,P187S:W191C,74.018,3,1112.875649411367,199.2,False,3,2,0.1789957396456313,15907.767057779865,cgre132
23674,A356G:T391A,F130Y,402.8310000000001,7,1368.6940556717375,86.19,False,2,1,0.0629724368589436,22044.14714697676,cgre132
23678,A120G:G437A:C539A:A581C,T40A:E193D,5729.439,12,1934.623074728598,19.98,False,4,2,0.0103275931425572,36276.16689329005,cgre132
23684,C22T:A58T:A97T:C248T:C626T,A7V:E19V:K32M,2522.302,11,1757.7423605048298,98.54,False,5,3,0.0560605480155231,31868.199874188005,cgre132
23689,A85G:C635T,K28R,8422.252,29,1913.6259414315805,42.61,False,2,1,0.0222666295839005,35760.34501587769,cgre132
23715,T116A:A398G:A640G,D38E:D213G,1190.679,15,1481.1832786928824,107.32,False,3,2,0.0724555843586811,24859.167803608692,cgre132
23724,G62T:C139G:T220A:G605A,A46G:F73Y,370.706,3,1349.3554299635252,42.85,False,4,2,0.0317559028914704,21565.516313601798,cgre132
23726,A135G:C357G,K45E:L119V,2911.301,5,1854.4757524855136,62.87,False,2,2,0.0339017643750459,34295.04947205146,cgre132
23729,G29T:T617C:T622C,F207S,1514.8529999999998,4,1731.996715051422,25.35,False,3,1,0.0146362864200047,31217.683029108026,cgre132
23731,C149T:C260T:C366A:G461A,R122S,2737.582000000001,14,1747.668116534859,86.5,False,4,1,0.0494945231200449,31613.83187313394,cgre132
23738,T50C:G519T,G173C,1727.626,6,1739.8570033928102,91.21,False,2,1,0.0524238485244108,31416.44502568495,cgre132
23741,C169A:T677A,P56H,1103.408,7,1696.1217548882914,85.16,False,2,1,0.0502086596994381,30309.080917478022,cgre132
23744,A580T:A640G,E193V:D213G,2134.4039999999995,12,1680.1077980554498,97.04,False,2,2,0.0577581986776763,29902.889470385697,cgre132
23750,A74G:T241C:A359G,I80T,3735.537,22,1674.3456037320548,66.32,False,3,1,0.0396095046638968,29756.663034774552,cgre132
23761,C107T:A307T,N102I,99.601,3,1176.794895094469,264.15,False,2,1,0.2244656236198194,17394.895089562873,cgre132
23763,C134A:A307G:C323T:A532T,N102S:Q177L,3660.706,14,1874.251112760456,68.45,False,4,2,0.0365212534937139,34786.79101350816,cgre132
23770,T103A:A399C:G465A,V34D:N133H:D155N,802.736,8,1449.2436168907743,78.87,False,3,3,0.0544214920671575,24055.31687386149,cgre132
23775,T148A:A334G:C374A:A660G,I49N:K111R:T220A,879.401,6,1620.16052184688,109.78,False,4,3,0.0677587180527382,28380.585716187183,cgre132
23778,A334T:G347A,K111I,2312.417,8,1835.227994050464,86.07,False,2,1,0.0468988050961657,33814.81829486708,cgre132
23782,C89T:T103C:C157T:C234T:C263A:T593A,V34A:T52I:R78C,715.654,15,1457.6653045424123,112.74,False,6,3,0.0773428575467062,24266.975177216507,cgre132
23791,A16G:C118T,E5G:A39V,536.646,8,1430.7902852756858,141.16,False,2,2,0.098658763239227,23592.359131849484,cgre132
23799,G280A:T483A,S93N:L161I,2447.853,9,1810.8701274542127,72.58,False,2,2,0.0400801796327799,33205.02299578796,cgre132
23804,T110A:C197T:C263T:C373T:C401A:A529G,T124I:N133K:H176R,330.15899999999993,3,1565.6515144918228,104.78,False,6,3,0.0669242159127661,26996.50420811129,cgre132
23805,G171A,V57M,866.5720000000001,4,1504.1977694678546,122.0,False,1,1,0.0811063561430225,25440.10623160812,cgre132
23807,G522T:C548T:A558G,G174C:K186E,181.057,1,1243.3284206759297,0.0,False,3,2,0.0,18978.850350096618,cgre132
23815,T104C:A433T,H144L,2859.008,12,1947.733534977404,100.47,False,2,1,0.0515830313519583,36596.96301376494,cgre132
23821,A74G:G352A,G117D,4108.386,14,1892.0598380976328,45.24,False,2,1,0.0239104488605849,35228.07768242864,cgre132
23833,T88C,F29S,60.263000000000005,2,1096.156984643712,152.1,False,1,1,0.138757497448632,15525.002042297587,cgre132
23834,C221T:A394G:C431T,K131R,1892.467,4,1758.099184342747,101.87,False,3,1,0.0579432610555947,31877.20492975204,cgre132
23836,T82A:C563T,M27K,2139.034,4,1908.5574809815917,32.38,False,2,1,0.016965692845335,35635.46974157117,cgre132
23838,C165T:C230T:T337C:C350T:C524T,V112A,933.527,4,1583.4524971011335,76.48,False,5,1,0.0482995228085552,27448.294633244604,cgre132
23840,C154T:A356C:C599T:C616G,T51I:T205S,3939.884,16,1759.3321479443991,114.22,False,4,2,0.064922362803098,31908.31841407672,cgre132
23848,C209G:G280A:A361G:G519A,S93N:Y120C:G173S,52.372,2,1033.1418459502786,6.64,False,4,3,0.0064269974408911,14107.671902205982,cgre132
23855,A354G:A615T,T118A:T205S,4542.657999999999,16,1817.7433812704635,41.48,False,2,2,0.0228195027017557,33377.314008847854,cgre132
23863,T360A:G413A:C599T,Y120N,3587.633,10,1798.9874995828268,60.52,False,3,1,0.033641145374292,32906.77926412205,cgre132
23868,G395C:T412G:A440G,K131N:L137R,5823.647,20,1815.7776661997475,87.19,False,3,2,0.0480179934047104,33328.05676444797,cgre132
23878,A40C:C373T:G625A,E13A:T124I:G208D,3911.35,17,1896.490279082956,93.73,False,3,3,0.0494228739444543,35337.619384041944,cgre132
23886,T148A:A316T,I49N:Q105L,565.4659999999999,4,1626.558658429925,84.12,False,2,2,0.0517165486556745,28543.11817792282,cgre132
23888,T11A:G39A:T301A,E13K:F100Y,2490.5060000000003,19,1809.414338622937,55.58,False,3,2,0.0307171214539503,33168.509667079816,cgre132
23897,C176A:G303A,D101N,1479.302,7,1672.5174842686024,56.92,False,2,1,0.0340325291277246,29710.264442251406,cgre132
23901,A384G:T490C:G513A,T128A:I163T:V171I,1062.998,7,1619.9480954368923,59.46,False,3,3,0.0367048797226826,28375.18945258199,cgre132
23904,C168T:C311T,P56S,618.34,3,1594.274520771692,83.98,False,2,1,0.0526759970794429,27723.082155470427,cgre132
23906,T30C:C443A:C634A,F10L:P211H,1082.577,10,1580.224567323541,89.19,False,3,2,0.0564413450115276,27366.34867983583,cgre132
23911,A129T:A319T,T43S:Y106F,11515.732,29,1865.2545348544727,64.88,False,2,2,0.0347834565136505,34563.295498743915,cgre132
23926,A306T:T308C:C410T:A440G:A529G,N102Y:H176R,608.4179999999999,2,1571.8208208668284,104.87,False,5,2,0.0667188006468614,27153.04808162216,cgre132
23927,G143C,K47N,1491.2089999999998,15,1715.0378098523968,209.94,False,1,1,0.1224112954209845,30788.435420256832,cgre132
23943,G415A:A449C:A707G,G138E,1396.768,6,1697.8614641103743,101.47,False,3,1,0.0597634154169151,30353.189055076044,cgre132
23946,A328G:G469A:A472G:A498G,K109R:R156H:K157R:N166D,872.6790000000001,2,1528.2073633433336,27.7,False,4,4,0.0181258124155346,26047.41763302951,cgre132
23947,C56A:A84G:G102A:C121T:T659A,K28E:V34I:T40I,1752.4480000000003,8,1689.0141367312397,81.26,False,5,3,0.0481109057839285,30128.835160377304,cgre132
23951,C290T:G533T,Q177H,1032.9009999999998,6,1604.0431218137428,94.26,False,2,1,0.0587640062278482,27971.178065275082,cgre132
23954,C185A:C233A:C278T:A394G:T412A:A580G,K131R:L137Q:E193G,852.147,11,1602.3200354824933,73.25,False,6,3,0.0457149622908777,27927.41328120414,cgre132
23959,A261T:C401T:A433G,T87S:H144R,5075.536,18,1898.5939372785344,64.14,False,3,2,0.0337828951945032,35389.59718772932,cgre132
23968,T337C,V112A,384.5460000000001,6,1460.5391557980302,121.88,False,1,1,0.0834486357426038,24339.253082294592,cgre132
23971,C188A:A394T:G578A,K131M,5094.710999999999,21,1866.6480195217655,103.59,False,3,1,0.0554951972287414,34597.93691936494,cgre132
23981,A115G:G551A,D38G,552.9929999999999,7,1457.1793041104231,60.74,False,2,1,0.0416832711174692,24254.754687063047,cgre132
23999,T91C:A129G:G245A:A334T:A356T:T396A:G560A,I30T:T43A:K111I:S132T,1356.995,4,1621.6613021154938,91.27,False,7,4,0.0562817894716586,28418.71008922317,cgre132
24001,T427C:A449T:A475C:G536A:G579A,L142S:N158T:M178I:E193K,5445.026999999998,30,1905.445035164073,54.35,False,5,4,0.0285235202259823,35558.71873470913,cgre132
24017,A487T,K162M,5381.630000000001,26,2010.774601688759,68.82,False,1,1,0.0342256163083625,38124.31726074062,cgre132
24026,G347A:A354G:T424C:C557T:A572G:T638C,T118A:V141A,1386.874,4,1511.340128431201,35.01,False,6,2,0.0231648715874043,25620.646262142036,cgre132
24039,G19C:A97G:A194G:A627G,G6A:K32R:K209E,2885.5140000000006,10,1759.3041267862438,69.08,False,4,3,0.0392655249017063,31907.611350453233,cgre132
24046,C60T:A529G:A556G:G624T,H176R:N185S:G208C,84.523,2,926.73661356487,36.65,False,4,3,0.0395473745868513,11815.82843607481,cgre132
24047,G138A:G270A:G437A:C632T,A46T:D90N,348.869,2,1402.7617650782224,41.22,False,4,2,0.0293848898837796,22891.55744806876,cgre132
24048,A226T:C248T:G423A:G624T,K75I:V141I:G208C,2093.9970000000003,8,1637.6201667044245,54.6,False,4,3,0.0333410647414522,28824.10748372359,cgre132
24052,C323T:A640G,D213G,1439.198,11,1822.5367286076448,63.0,False,2,1,0.0345672046061479,33497.36799137144,cgre132
24061,T622C:A628G,F207S:K209R,438.094,2,1584.1716475303476,28.62,False,2,2,0.0180662241017993,27466.552464902055,cgre132
24062,A238T:C263A:A393G,H79L:K131E,1630.477,12,1656.4589565662725,95.35,False,3,2,0.0575625490882394,29302.574326000133,cgre132
24069,C365T:C420T,R140C,6829.997999999999,31,1782.525059857413,60.75,False,2,1,0.034080867286578,32492.83446185798,cgre132
24083,A515T:G681A,A227T,2293.289,8,1675.8701954617004,113.01,False,2,1,0.0674336236219451,29795.355558326824,cgre132
24087,T52A,I17N,3497.301,10,1841.4406377702524,54.23,False,1,1,0.0294497682345413,33969.988895901595,cgre132
24090,C524T:C540T,R180C,215.284,6,1230.6555018673723,148.4,False,2,1,0.1205861427302935,18674.565344317634,cgre132
24092,G79C:T216A,G26A:C72S,167.18,6,1333.318319733728,221.88,False,2,2,0.1664118738309324,21170.0404478269,cgre132
24096,A84G:C189A:C269T:C548A:A580G,K28E:L63M:E193G,2406.893,10,1644.0730055967222,57.71,False,5,3,0.035101847547855,28988.012742286675,cgre132
24105,C20T:C32A:T104C,F10L,1120.751,6,1794.4324368364369,83.32,False,3,1,0.0464325088476956,32792.32772595407,cgre132
24108,G525A:T622C,G175S:F207S,2247.9280000000003,20,1663.200968435091,106.04,False,2,2,0.0637565766329328,29473.762263389173,cgre132
24127,T353C:A472T:C538T,K157M:A179V,205.072,2,1413.1669555488384,247.07,False,3,2,0.174834260757282,23151.36483623015,cgre132
24128,T5A,wt,6323.743,16,1973.2955250999205,51.36,False,1,0,0.0260275257034292,37219.42106434387,cgre132
24136,A294G:G447A:G481T:A485G,I98V:A149T:G160V,2837.4460000000004,12,1771.212833109272,83.82,False,4,3,0.0473235053592392,32207.923180434424,cgre132
24142,C121T:T426C,T40I,6679.863,20,1840.6657762797772,49.11,False,2,1,0.0266805634313784,33950.64392355479,cgre132
24152,G77T:G203A:A354T:G428A,E25D:T118S,9986.097,24,1931.143579127056,56.92,False,4,2,0.0294747633553636,36190.85981851069,cgre132
24164,T5C:T150A:A291T:G698A,C50S:I97F,1630.909,20,1522.2773417757187,106.22,False,4,2,0.0697770354225305,25897.31506139705,cgre132
24175,T5A:A663T,I221F,1068.5259999999998,6,1583.0626579719865,88.04,False,2,1,0.0556137178504263,27438.397538248282,cgre132
24178,C233G:G387C:G522T,G129R:G174C,1005.188,8,1427.0374378508795,102.56,False,3,2,0.0718691726507578,23498.35347126198,cgre132
24182,C512A:C600A,D170E:H200N,12433.727999999996,26,1799.6336232372796,60.97,False,2,2,0.0338791180675563,32923.00849249868,cgre132
24195,C68T:T292C:A307G:A349G:T566C:C602T:T690C,I97T:N102S:N116S,3277.51,6,1882.4120582402572,29.58,False,7,3,0.0157138814907785,34989.202390673425,cgre132
24198,A194G:T376C,V125A,4069.595,21,1724.1520833263328,78.05,False,2,1,0.0452686284201921,31019.193402069937,cgre132
24208,T14C:C154T:A393G:T622C:G684A,T51I:K131E:F207S:V228I,875.908,8,1457.3350947048805,96.39,False,5,4,0.0661412741312728,24258.67196485587,cgre132
24212,C184T:C188T:C635A,T61I,112.569,3,1273.3916488012117,497.4,False,3,1,0.3906103832770217,19705.164401334434,cgre132
24214,G21C:C107T:G203A:A581G:T690A,A7P:L230M,2490.659,6,1730.027742326669,49.39,False,5,2,0.0285486751406521,31167.874136223116,cgre132
24217,A76G:A346G,E25G:E115G,428.241,2,1568.3157931509256,46.98,False,2,2,0.0299557016547106,27064.10448106452,cgre132
24218,A186G:A529C,I62V:H176P,3793.465,21,1729.350895944562,73.44,False,2,2,0.0424668007934199,31150.750255490544,cgre132
24229,A378G:A440T:C524T,K126E,2861.6640000000007,14,1932.717954281523,83.22,False,3,1,0.0430585330961736,36229.46750607632,cgre132
24242,T535C:G541A,M178T:R180H,99.951,2,1147.0236196822543,40.55,False,2,2,0.0353523670342839,16697.7241648648,cgre132
24244,C124T:A493T,T41M:E164V,2512.6870000000004,21,1775.8346249024517,104.05,False,2,2,0.0585921676156728,32324.37205617762,cgre132
24254,G86C:A356T:A474T,K28N:N158Y,774.05,7,1874.967269104096,65.07,False,3,2,0.0347046058201815,34804.56597984876,cgre132
24257,T103A:G299A:G341A:A384G:G413T,V34D:T128A,5302.891999999999,20,1807.7076240711235,74.29,False,5,2,0.0410962475406792,33125.693460985065,cgre132
24267,C107T:T426C:G672A,V224I,7240.050000000002,18,1960.797161418858,35.61,False,3,1,0.0181609810033752,36915.58492716461,cgre132
24275,G21T:G102A:T325C:A398T:G537A:C623A,A7S:V34I:V108A:A179T:F207L,402.881,2,1349.060840417506,104.6,False,6,5,0.0775354208396031,21558.23964845056,cgre132
24276,T10A:A36G:A304T:G503A,L3H:K12E:D101V,1321.641,9,1614.184167380056,82.06,False,4,3,0.0508368262174133,28228.77042744715,cgre132
24286,G72A:G143A:C365T:G519T,V24I:G173C,1935.526,11,1865.980516617772,91.17,False,4,2,0.0488590310499342,34581.34417764031,cgre132
24291,C124G:A343T,T41R:Y114F,8038.384,23,1810.8654447959996,54.14,False,2,2,0.029897306923375,33204.905559583654,cgre132
24302,G423C:A577G,V141L:E192G,2867.193,11,1898.1303232548785,86.94,False,2,2,0.0458029667061621,35378.144009849835,cgre132
24320,C293T:G551A,wt,4213.511,8,1978.216684469622,41.08,False,2,0,0.0207661781050107,37338.77865811587,cgre132
24324,C505G:C633T,A168G:P211S,2283.407,12,1605.6692020722965,93.51,False,2,2,0.0582374002561143,28012.48000168261,cgre132
24330,C158T:C366T,R122C,1062.372,11,1595.115114950564,149.93,False,2,1,0.0939932162856137,27744.42912993663,cgre132
24335,A304G:T593C,D101G,73.69999999999999,1,1041.2721714175616,0.0,False,2,1,0.0,14288.186386635974,cgre132
24336,A84G:C236A,K28E,1500.384,5,1913.2384067425887,17.09,False,2,1,0.0089324989189908,35750.80189719909,cgre132
24349,A123G:A627G,T41A:K209E,883.5449999999998,9,1559.924205071546,119.61,False,2,2,0.0766768023799682,26851.212748508984,cgre132
24358,C197T:C355T,T118I,6904.551999999999,18,1930.274926256856,76.1,False,2,1,0.0394244358484059,36169.5521788162,cgre132
24367,A36G:T566C:C634A,K12E:P211H,6504.734,20,1844.380327282087,82.89,False,3,2,0.0449419237311798,34043.35822395108,cgre132
24379,T386C:C411A:A631G,L137M:D210G,1212.698,2,1519.5540164765853,62.38,False,3,2,0.0410515186190231,25828.40345466963,cgre132
24380,C27T:A145G:A194T:C233A:C269T,Y48C,1023.3610000000002,10,1438.0213085095504,66.86,False,5,1,0.046494443166004,23773.631962830565,cgre132
24385,C7G:C591A,T2S:P197T,4358.359999999999,16,1972.007920212883,57.52,False,2,2,0.0291682398485451,37188.165518415546,cgre132
24393,T82C:C154T:T677A,M27T:T51I,1505.259,6,1892.523538138306,69.73,False,3,2,0.0368449842735346,35239.54717427672,cgre132
24396,A120T:G140T:G180A,T40S:A60T,2055.9570000000003,10,1734.5605737675485,58.26,False,3,2,0.03358775754568,31282.529015176322,cgre132
24401,C185T:T216G,C72G,473.852,5,1480.398705626454,48.81,False,2,1,0.0329708475253937,24839.386892223483,cgre132
24404,A6G:C206T:T412A,T2A:L137Q,1905.176,4,1632.907065078115,28.54,False,3,2,0.0174780308141019,28704.385500387412,cgre132
24406,A430T:T552C:C557T:A615T,Y143F:F184L:T205S,8398.472000000002,22,1894.2666018193536,53.04,False,4,3,0.0280002825098946,35282.65176107969,cgre132
24418,C47A:A97T:A123T:A194G:T621A,K32M:T41S:F207I,806.5219999999999,5,1739.358368207906,124.18,False,5,3,0.071394142960858,31403.83996221333,cgre132
24420,G29A,wt,18134.228,44,1976.5033765709195,54.12,False,1,0,0.0273816886130971,37297.24213216157,cgre132
24440,G321T:C516T,D107Y,4606.5560000000005,16,1907.679568693108,55.44,False,2,1,0.0290614843864896,35613.8261236315,cgre132
24448,G173A:T418C:G473T:G624A,M139T:K157N:G208S,6084.222,14,1827.868907723993,55.8,False,4,3,0.0305273533371058,33630.817883127376,cgre132
24455,T48C,Y16H,3083.355,12,1628.2921634710733,74.17,False,1,1,0.0455507934410799,28587.15444861518,cgre132
24456,T358A:T476A,L119Q:N158K,1063.592,14,1561.901274456627,115.74,False,2,2,0.0741019947245161,26901.363171787303,cgre132
24465,G447T:A456C:C590T:C704T,A149S:I152L,8818.562,26,1905.399118370064,62.04,False,4,2,0.0325601074346412,35557.5860741813,cgre132
24478,A226G:C315A,K75R:Q105K,2553.904,4,1810.7035188220648,37.56,False,2,2,0.020743318610456,33200.84457753415,cgre132
24480,A417G,M139V,2857.7539999999995,10,1813.235726419454,66.58,False,1,1,0.0367188882448691,33264.33998809316,cgre132
24485,T459C:C530A,H176Q,6547.951,18,1869.0872195973088,59.71,False,2,1,0.0319460747331333,34658.55326749657,cgre132
24494,C431T:C432T,H144Y,5021.474,18,1917.492949306364,70.75,False,2,1,0.0368971369754413,35855.526411967105,cgre132
24503,G395T:G642T,K131N:D214Y,6839.895999999999,18,1882.002285784456,44.23,False,2,2,0.0235015655050408,34979.04657285099,cgre132
24512,T48A:C131T:C320T,Y16N,304.565,4,1334.0102229730967,123.2,False,3,1,0.0923531153497649,21187.074676576878,cgre132
24514,C146T:G173A:T514C:C548T,V171A,3144.508,11,1861.8165238357988,60.07,False,4,1,0.0322641888880871,34477.790927013586,cgre132
24519,A49G:T425G:A534T:C569G:G703A,Y16C:M178L:R234H,1585.2230000000002,10,1576.5097394044085,105.82,False,5,3,0.0671229598873127,27272.052620509054,cgre132
24525,C158A:A186G:A454T,I62V:Y151F,1115.005,6,1550.7223571587558,64.86,False,3,2,0.0418256689861858,26617.86192893245,cgre132
24544,C56T:A147T:G513A:T566C,I49F:V171I,2669.453,6,1745.7013644982414,138.39,False,4,2,0.0792747275189171,31564.14489561397,cgre132
24547,T48A:G86A:C596T,Y16N,758.0419999999999,5,1687.1794695597266,299.1,False,3,1,0.1772781173528924,30082.298723004904,cgre132
24550,G687T,D229Y,14248.759999999998,73,1630.0129328145392,225.05,False,1,1,0.1380663892104259,28630.86696211231,cgre132
24553,T459A:A679G,L153M:K226R,3138.69,10,1932.0643762494856,50.5,False,2,2,0.0261378454159122,36213.44183027846,cgre132
24558,C121A:G200C:G243A:A384G,T40N:A81T:T128A,6378.735000000001,22,1825.241749102988,71.1,False,4,3,0.0389537440916755,33565.080553675776,cgre132
24569,T195G:C704T,S65A,555.583,2,1556.4675348422038,6.87,False,2,1,0.0044138408583616,26763.541994010655,cgre132
24587,G65A:G180A,A60T,4222.854,12,1701.1770864186428,84.18,False,2,1,0.0494833845765097,30437.24091343824,cgre132
24593,T50C:G63A:G317T:G321C:G518T,E21K:Q105H:D107H,5012.6810000000005,8,1770.7302599291245,43.03,False,5,3,0.0243007085685215,32195.761054472674,cgre132
24597,G79A:C259T:C602T,G26D:S86F,3974.067,18,1817.2045267793285,77.79,False,3,2,0.0428075094760351,33363.81267296137,cgre132
24606,C401T:C422A:T638C:A688T,D229V,1726.087,10,1600.536072810674,81.96,False,4,1,0.0512078430422823,27882.10356160052,cgre132
24611,C231G:T621A,P77A:F207I,760.151,2,1459.2056762144089,31.41,False,2,2,0.0215254096882945,24305.712669086763,cgre132
24612,A64T:C146T:A306T,E21V:N102Y,2771.089,12,1891.7809260847864,96.25,False,3,2,0.0508779841644762,35221.178355319484,cgre132
24618,C32A:C109T:A132G,F10L:T36I:I44V,947.75,6,1469.2955022529866,60.59,False,3,3,0.0412374501297339,24559.629767993934,cgre132
24621,G26T:C154T:T308C:G570C,K8N:T51I:A190P,2831.72,6,1777.7056365198862,92.73,False,4,3,0.0521627417357646,32371.49631434649,cgre132
24624,A147G:G180A:C320T,I49V:A60T,469.83900000000006,3,1737.557795515899,78.67,False,3,2,0.0452761917923093,31358.318634208645,cgre132
24625,A147T:A430G:C683T:C701T,I49F:Y143C,2498.6310000000008,8,1649.5400154145889,77.44,False,4,2,0.0469464209878755,29126.865558688256,cgre132
24629,T617C:C633T:G639T,P211S:D213Y,4329.347,16,1729.5574335531885,72.09,False,3,2,0.041681183059587,31155.975650731536,cgre132
24638,T103C:G303T:C368T,V34A:D101Y,348.59,9,1305.171253977982,185.71,False,3,2,0.142287841104362,20479.339352444975,cgre132
24643,A42G:G75A:G321T,I14V:E25K:D107Y,1016.082,7,1731.8510381494175,79.14,False,3,3,0.0456967708288385,31213.998120652723,cgre132
24646,C443T:G533C,Q177H,951.696,2,1694.225498182955,17.53,False,2,1,0.0103469107381519,30260.99910390851,cgre132
24647,G428A:T497C:G578T,E192D,9970.234,24,1936.7129891920304,75.55,False,3,1,0.0390093939688597,36327.3719589596,cgre132
24659,A84C:A97T:G167A:A471G:G578A,K28Q:K32M:K157E,1327.696,6,1755.9916876041796,103.01,False,5,3,0.0586620088962628,31824.01410407781,cgre132
24662,C439T:G533A,P146L,872.2800000000001,9,1554.6853317714438,157.68,False,2,1,0.1014224530055454,26718.34619401677,cgre132
24668,A417G:A650G,M139V,2170.197,11,1771.1860403174223,40.68,False,2,1,0.0229676606940226,32207.24794758734,cgre132
24673,A333G:C649T,K111E:T216I,486.858,5,1651.3973101984022,72.66,False,2,2,0.0439991027908786,29174.034644395415,cgre132
24675,A85G:T459A:A529G:C590T,K28R:L153M:H176R,3822.394,11,1745.178197840634,86.29,False,4,3,0.0494448074739699,31550.926413540274,cgre132
24680,T451C:T517C,V150A:L172P,605.274,7,1456.5631540288748,119.91,False,2,2,0.0823239278491476,24239.262634978084,cgre132
24684,C113A:A440G:G568A,G189D,2385.291,8,1873.0837221291,75.38,False,3,1,0.0402437964248159,34757.81132544978,cgre132
24688,G117A:C121T:C155A,A39T:T40I,125.419,5,1098.0303867161513,111.57,False,3,2,0.101609209863189,15567.757766939696,cgre132
24692,A319T:G414A,Y106F:G138R,5623.335999999999,14,1708.601721950677,74.13,False,2,2,0.0433863544953982,30625.399153516788,cgre132
24699,G167A:C231T,P77S,1861.706,9,1627.9213568793202,67.94,False,2,1,0.0417342027690078,28577.73485619769,cgre132
24703,A618G:C649T,S206G:T216I,3169.678,22,1581.4733381722797,114.84,False,2,2,0.0726158305853714,27398.04967205109,cgre132
24713,G102A:A145G:T459C:C524T:G647T,V34I:Y48C:E215D,146.583,2,1258.9248957146362,180.44,False,5,3,0.1433286454292987,19354.887781258232,cgre132
24714,T272A:G347T:A356G:A433T,D90E:E115D:H144L,2665.56,9,1852.1168641097424,64.67,False,4,3,0.0349168031743423,34236.27787575236,cgre132
24718,A129G:A618C,T43A:S206R,2725.552,10,1710.4824541899834,51.92,False,2,2,0.0303540091117668,30673.04801884116,cgre132
24723,G98C:C154T:T301A,K32N:T51I:F100Y,2198.2300000000005,19,1608.2158353963289,123.46,False,3,3,0.076768302663538,28077.165490086834,cgre132
24733,C107T:T386A:C538T,A179V,452.615,2,1442.552757472154,87.66,False,3,1,0.0607672749200592,23887.322397876153,cgre132
24734,T87C:C165A:T552C:G684A,F29L:L55M:F184L:V228I,857.8650000000001,10,1472.1376092188837,171.02,False,4,4,0.1161712050076237,24631.20694631381,cgre132
24740,A515T:T622C,F207S,2434.273,17,1817.753942245964,68.45,False,2,1,0.0376563617380607,33377.57861025463,cgre132
24748,T52C:A398G,I17T,3844.080000000001,22,1849.208561721604,58.52,False,2,1,0.0316459707203162,34163.78522255378,cgre132
24758,T418C,M139T,5654.6050000000005,20,1797.723514660391,60.12,False,1,1,0.033442294941198,32875.02677825238,cgre132
24767,A70G:A335G:A398T,D23G,518.2470000000001,9,1629.4602765742734,147.79,False,3,1,0.0906987437034728,28616.827927700393,cgre132
24771,A40G:A266T:C539G:T677C,E13G:Q88H,575.3699999999999,3,1400.175456353859,160.85,False,4,2,0.1148784598887792,22827.048146443547,cgre132
24773,A49T:C545T,Y16F,4637.214,14,1739.535593112882,59.61,False,2,1,0.0342677667740781,31408.320114688908,cgre132
24780,A327G:G523A:C591T:C596T:T621A,K109E:G174D:P197S:F207I,294.249,7,1246.7147981397943,91.89,False,5,4,0.0737057105098197,19060.353444197663,cgre132
24791,T48C:A183T:A266G:C311T:C374A,Y16H:T61S,378.792,4,1427.5638519586407,118.98,False,5,2,0.0833447833781708,23511.536613018863,cgre132
24793,C462A,P154T,951.764,7,1790.9583178473204,77.88,False,1,1,0.0434850991359807,32704.99197948777,cgre132
24796,C545G:A675G,H181Q:I225V,159.001,2,1160.6372751266706,41.95,False,2,2,0.0361439365243733,17015.577368448627,cgre132
24797,C206T:C236A:T566C,wt,1154.569,5,2046.906399575828,33.42,False,3,0,0.016327077782807,38987.13922014668,cgre132
24799,C323T:A384G:T677A:T690C,T128A,5217.262000000001,15,1915.088967713809,45.01,False,4,1,0.0235028245469618,35796.36503555293,cgre132
24806,C260T:A618G:C702A,S206G:R234S,3601.364,18,1739.639986489076,67.32,False,3,2,0.0386976618857011,31410.95909285487,cgre132
24815,A266T:G450C:C641T,Q88H:V150L,4891.334,22,1734.4359212769564,63.89,False,3,2,0.0368361835777489,31279.37657160033,cgre132
24826,T44C:C68T:C263A:G303A:C448T:A471G:T553A:C702T,D101N:A149V:K157E:F184Y:R234C,2277.232,6,1625.8655414354096,54.57,False,8,5,0.0335636610834512,28525.51086603595,cgre132
24829,T593C:C649G:C682T,T216R:A227V,1900.545,6,1662.1541427531618,36.61,False,3,2,0.0220256347220359,29447.184100359544,cgre132
24832,G114T:A132G,D38Y:I44V,441.707,2,1474.4725181336576,119.94,False,2,2,0.0813443441806676,24690.02765742102,cgre132
24833,C155A:C189A:C458T,L63M,10273.258000000002,24,1841.07750524782,50.51,False,3,1,0.0274350209896248,33960.92333370761,cgre132
24845,G303A:C446T:A675G,D101N:I225V,162.46800000000002,1,1148.1033094209108,0.0,False,3,2,0.0,16722.873512008275,cgre132
24846,A135G:C244G:A472G,K45E:A81G:K157R,4807.590999999999,20,1768.9693424866257,76.18,False,3,3,0.0430646242251515,32151.37589005238,cgre132
24860,G59A:G79A:C221T:A499T:C505T:C540T:G578T,G26D:N166I:A168V:R180C:E192D,2202.181,25,1566.6925112289823,150.77,False,7,5,0.0962345826761688,27022.91633671066,cgre132
24872,A183T:A449T:A499G,T61S:N166S,4028.281,18,1711.511898631211,57.02,False,3,2,0.0333155732341691,30699.12687800229,cgre132
24881,A40T:A85G:C603T,E13V:K28R,6578.914,11,1849.709586154208,67.59,False,3,2,0.0365408713378236,34176.2763463072,cgre132
24886,A238G:G369A,H79R:V123I,2887.0709999999995,31,1499.966463765251,111.96,False,2,2,0.0746416688003513,25333.20314273199,cgre132
24902,A34T:G77A:G125A:C198T:C521A:T612A,E11V:W204R,954.154,7,1632.0979761043066,88.36,False,6,2,0.0541389066671772,28683.832640605113,cgre132
24905,T455C:T612C:C634T,W204R:P211L,938.967,6,1485.4366601994625,86.39,False,3,2,0.0581579829788229,24966.433665950983,cgre132
24908,T622C,F207S,9117.128000000002,28,1793.435153832082,40.57,False,1,1,0.0226213921999426,32767.260941654687,cgre132
24922,T219C:T370C,F73L:V123A,70.621,2,936.9891386090244,214.48,False,2,2,0.2289034004368493,12030.624081698388,cgre132
24923,T91C:A226T:C311T:A384T:G624T,I30T:K75I:T128S:G208C,793.935,4,1385.70702201025,103.32,False,5,4,0.0745612155808471,22466.690049499874,cgre132
24925,C198T:A466G:A475G:C596T,D155G:N158S,253.866,7,1275.250198852732,168.55,False,4,2,0.1321701421035923,19750.26464915238,cgre132
24930,T30A,F10I,648.304,6,1503.228061481317,129.18,False,1,1,0.0859350642195323,25415.603179653677,cgre132
24933,G114T:T297A:A646T:C682T,D38Y:S99T:E215V:A227V,1862.212,15,1582.2629438310366,108.84,False,4,4,0.0687875554593172,27418.095048360217,cgre132
24941,G402T,G134C,1107.3770000000002,8,1470.5875573665414,69.34,False,1,1,0.0471512217362771,24592.166736568655,cgre132
24949,G191C:A678C,K226Q,2293.641,4,1662.014189783577,56.9,False,2,1,0.0342355681135366,29443.63073431716,cgre132
24951,G624C,G208R,4713.633000000001,19,1753.0402017488077,79.9,False,1,1,0.045577962171257,31749.503689149926,cgre132
24960,A17T:A147G:C189A:A648G,E5D:I49V:L63M:T216A,3615.969,14,1636.6584165209,65.56,False,4,4,0.040057228397947,28799.67754154255,cgre132
24967,C209A:C236T:C275T:G450A:G578T:T685C,V150I:E192D:V228A,426.343,2,1351.035918765396,157.29,False,6,3,0.1164217751839897,21607.034576419457,cgre132
24968,T297A:T507C:A631G:G647T,S99T:F169L:D210G:E215D,1197.0280000000002,6,1510.9034623956804,104.5,False,4,4,0.0691639158959271,25609.605357945307,cgre132
24971,A64T:G98T:C152T:T612C,E21V:K32N:W204R,991.017,6,1476.6134824546666,72.71,False,4,3,0.0492410511375865,24743.975870414095,cgre132
24974,A271T:G421A,D90V:R140H,1189.567,8,1741.0374033343287,120.91,False,2,2,0.0694471007736195,31446.2823725953,cgre132
24977,G217C:G469A:C554T,C72S:R156H,1530.3859999999995,10,1641.5297904547454,114.58,False,3,2,0.0698007435906834,28923.415405280874,cgre132
24982,G173A:A534G:C591T:A660G,M178V:P197S:T220A,1195.466,6,1593.5626490455988,107.22,False,4,3,0.0672832034964017,27705.004406475986,cgre132
24985,A156G:C411T,T52A,6939.342,25,1849.389641099645,41.47,False,2,1,0.0224236142986839,34168.29986406477,cgre132
24997,A334G:G341A:A430G:A440G:G630T,K111R:Y143C:D210Y,2875.8250000000003,12,1514.9389078882796,84.16,False,5,3,0.0555533952965227,25711.654853808497,cgre132
25003,T28C:G171A:C397T,L9P:V57M:S132L,323.938,5,1223.426978838984,116.97,False,3,3,0.0956084850368454,18501.527305825137,cgre132
25007,G171A:G523A,V57M:G174D,277.567,7,1176.4940873969742,140.59,False,2,2,0.1194991130903677,17387.813233345292,cgre132
25011,T110C:A601T,H200L,459.446,2,1384.6944058269776,52.56,False,2,1,0.0379578337132153,22441.5033926011,cgre132
25012,G421A:C441G,R140H:P147A,8242.306,27,1823.713098537324,78.14,False,2,2,0.0428466517363234,33526.81843382769,cgre132
25025,A577G:A675G,E192G:I225V,853.8459999999999,4,1503.5022621964065,53.04,False,2,2,0.0352776323212949,25422.531602939536,cgre132
25027,G613T,W204L,3288.9310000000005,12,1629.4516172315928,42.38,False,1,1,0.026008750153627,28616.6079556099,cgre132
25033,C154T:A572G:G630T,T51I:D210Y,657.4190000000001,7,1417.8512122001653,133.7,False,3,2,0.0942976236501781,23268.465908351507,cgre132
25042,A294G:T376C,I98V:V125A,1079.513,8,1501.018120653978,88.82,False,2,2,0.0591731697158339,25359.769240875463,cgre132
25046,A70T:C197T:C206T,D23V,472.5,7,1322.486113854178,125.34,False,3,1,0.0947760423999585,20903.69945277515,cgre132
25050,C268A:T690G,P89H:L230V,2233.4050000000007,25,1623.4512642552647,142.18,False,2,2,0.0875788532310657,28464.180686885124,cgre132
25062,T514A,V171E,2218.4210000000003,6,1617.0450898745307,64.16,False,1,1,0.0396773104236557,28301.44488691278,cgre132
25065,A393G:A696G,K131E:T232A,7294.833,31,1831.8682705302008,63.43,False,2,2,0.0346258522080527,33730.840506463406,cgre132
25080,C262G:T386C:T396A:G519A:A534G:T659C,T87S:S132T:G173S:M178V,325.961,9,1316.441020202719,177.56,False,6,4,0.1348788113368402,20755.34781889051,cgre132
25085,A81G:A529G,M27V:H176R,1331.058,7,1505.8858925262357,88.26,False,2,2,0.0586100184868172,25482.7675325977,cgre132
25089,A84G:C444A,K28E:H148N,452.899,2,1357.2311303461486,107.87,False,2,2,0.0794779883751184,21760.21697916196,cgre132
25090,A123T:C239G:T301A:C674T,T41S:H79Q:F100Y,880.5110000000001,5,1789.153007525813,89.67,False,4,3,0.050118687235142,32659.593523537984,cgre132
25092,C682T,A227V,5525.6900000000005,14,1812.8296968855125,46.04,False,1,1,0.0253967595958395,33254.16025805488,cgre132
25099,G191A:C221T:A334G:G413A:A652G,K111R:D217G,2178.1110000000003,14,1576.9728876131817,84.47,False,5,2,0.0535646495025346,27283.8083871142,cgre132
25106,A286C:A394T:G625A,D95A:K131M:G208D,1492.2859999999996,19,1497.008790495027,130.56,False,3,3,0.087213916731128,25258.502560862802,cgre132
25119,C113T:C119T:T224C:C452A:C540A,R180S,3555.3450000000007,12,1622.6054314701305,65.07,False,5,1,0.0401021707052,28442.693895886696,cgre132
25125,A132G:T552C,I44V:F184L,917.292,4,1537.873139491217,127.82,False,2,2,0.0831147880262005,26292.213359641675,cgre132
25127,G171A:C323T:T690C:A695G,V57M,2039.27,6,1590.769128599137,50.93,False,4,1,0.0320159595030926,27634.066711703777,cgre132
25130,C439T:G624A,P146L:G208S,788.043,2,1479.7884286488193,45.5,False,2,2,0.0307476387293726,24824.00152663022,cgre132
25131,C174T:T292C,P58S:I97T,478.519,2,1419.0991761922703,128.21,False,2,2,0.0903460463869856,23299.677850435342,cgre132
25132,C9A:G200A:T690A,L3I:L230M,4051.865,12,1703.2038127170997,63.57,False,3,2,0.0373237774160378,30488.61122153436,cgre132
25151,C71G:A361G:G423A,D23E:Y120C:V141I,10217.643,34,1848.5357370054303,79.13,False,3,3,0.0428068543203758,34147.00926555689,cgre132
25168,C302G,F100L,233.985,4,1191.3755402544457,200.43,False,1,1,0.1682341069023404,17739.056577000283,cgre132
25170,C311T:C463A,P154H,863.733,6,1466.8458672515862,92.95,False,2,1,0.0633672576479759,24497.955447841014,cgre132
25173,C169A:T429C:A496T,P56H:Y143H:Y165F,1240.62,14,1512.3332600895503,143.83,False,3,3,0.0951046993382155,25645.758634398502,cgre132
25180,A16G:A132G:C170A:T292C:C434T,E5G:I44V:I97T,4038.437,16,1727.375606477308,54.58,False,5,3,0.0315970653952366,31100.771300031338,cgre132
25188,A16G:A38G:C269T:T325C:C569T,E5G:V108A,864.6930000000001,5,1858.2975551639329,53.08,False,5,2,0.0285637786330281,34390.218836333275,cgre132
25190,C68T:G159T:T527C,G53C,929.982,7,1524.3720434911747,116.96,False,3,1,0.076726676075831,25950.32940964502,cgre132
25193,A85G:G504A:T612C,K28R:A168T:W204R,415.149,4,1366.402364197724,127.76,False,3,3,0.0935010091811526,21987.332473928036,cgre132
25195,A316G:C385T:T412G:G619A,Q105R:T128I:L137R:S206N,548.36,5,1501.7981872239866,136.28,False,4,4,0.0907445495402468,25379.476281231797,cgre132
25198,A226G:C446T,K75R,2152.663,6,1863.2830448840275,72.02,False,2,1,0.0386522059532198,34514.27026405294,cgre132
25201,G162T:C540A:C626T,D54Y:R180S,1867.657,10,1576.140405884164,81.28,False,3,2,0.0515690097763876,27262.67822227831,cgre132
25206,A327G:T490C:G605T,K109E:I163T,578.056,6,1383.028319569382,133.17,False,3,2,0.096288700755935,22400.073005097947,cgre132
25209,C107T:G138A:C161T:T308A:A449T:T553C:C569T,A46T:N102K:F184S,368.567,6,1264.0988608214873,179.81,False,7,3,0.1422436215812651,19480.00232216085,cgre132
25212,A417G:G473T,M139V:K157N,2922.414,10,1760.4564108095578,67.51,False,2,2,0.0383480099737062,31936.685536832472,cgre132
25217,C234A:C298T:T376C,R78S:S99L:V125A,2285.985,19,1645.6520426815644,104.13,False,3,3,0.0632758306733674,29028.118891523714,cgre132
25231,T52C:C462T:C505T:C587T,I17T:P154S:A168V,4957.993,18,1833.4570439301976,52.32,False,4,3,0.0285362562342049,33770.55808189904,cgre132
25240,G630A,D210N,3673.445,22,1824.0266799747824,88.26,False,1,1,0.0483874501228349,33534.66808537037,cgre132
25250,T110A:G171A:G351T,V57M:G117C,143.273,3,1039.9572688242697,130.37,False,3,2,0.1253609200187529,14258.943316451694,cgre132
25252,A156G:G403C,T52A:G134A,481.799,8,1402.1330497941112,182.96,False,2,2,0.1304869035266416,22875.873101641526,cgre132
25258,T292C:G317C,I97T:Q105H,8300.335000000001,30,2018.308769947066,53.61,False,2,2,0.0265618426666233,38305.03538953764,cgre132
25272,G245C:A379T:A471G:T690A,K126M:K157E:L230M,2457.415,6,1682.538734373511,90.38,False,4,3,0.0537164453653144,29964.568854562192,cgre132
25275,C68T:A123T:G510A:C634A:A650T,T41S:D170N:P211H,498.009,3,1808.596903215104,45.86,False,5,3,0.0253566728542306,33148.00397908412,cgre132
25281,G369A:T527C,V123I,2768.2560000000003,10,1796.9133174025935,61.16,False,2,1,0.0340361437625748,32854.6711500842,cgre132
25286,C357T:T535C,M178T,3514.446,14,1655.8785910207937,59.24,False,2,1,0.0357755697315227,29287.836774742223,cgre132
25293,C113G:C188A:A294G:T621C,I98V:F207L,8821.726,26,1841.925188100508,64.49,False,4,2,0.0350122797693567,33982.08481016536,cgre132
25306,G257A:G336T:A472G:G536A,V112L:K157R:M178I,2225.274,13,1527.7278615988143,91.81,False,4,3,0.0600957816557184,26035.27795364462,cgre132
25313,G423A:G518A:A655C:A694G,V141I:H218P:E231G,170.351,2,1107.529866644721,36.32,False,4,3,0.0327936980246248,15785.085225626337,cgre132
25321,C431T:G630T,D210Y,1193.264,6,1560.1204581750635,104.72,False,2,1,0.067123022104649,26856.190706779085,cgre132
25324,A294G:G303T:G611A,I98V:D101Y,473.661,9,1403.2682676140903,181.68,False,3,2,0.1294691857522737,22904.19417735115,cgre132
25329,T11C:A132G:C165A:G203T:A655G,I44V:L55M:H218R,206.379,2,1091.3906330886937,32.34,False,5,3,0.0296319200655736,15416.377501329203,cgre132
25330,A334T:G546A,K111I:A182T,2925.061,7,1862.2608917756013,49.9,False,2,2,0.026795386307244,34488.84547221783,cgre132
25333,A49T:A339T:G367A,Y16F:T113S:R122H,1946.355,8,1553.3977724848369,95.33,False,3,3,0.0613686987895629,26685.696861856333,cgre132
25337,T30C:T215G,F10L:F71L,522.06,6,1473.8210524081296,217.35,False,2,2,0.147473806026087,24673.614485721235,cgre132
25340,T509A:G537A,F169L:A179T,1987.613,12,1579.26712803671,104.14,False,2,2,0.0659419791314615,27342.044218640425,cgre132
25346,G270A:A322G:A558G,D90N:D107G:K186E,430.082,8,1304.9043759268136,208.49,False,3,3,0.1597741595830875,20472.812246382862,cgre132
25351,C230T:A329T:C404G:G625T,K109N:G208V,2492.148,18,1628.6326065208436,95.95,False,4,2,0.0589144535212104,28595.802707148338,cgre132
25360,T14A:T509A:T690A,F169L:L230M,1246.753,8,1564.4709014875846,148.93,False,3,2,0.0951951230658168,26966.551166374098,cgre132
25364,T116C,wt,5694.865000000001,18,1994.3294546028544,44.5,False,1,0,0.0223132641887704,37728.45013474695,cgre132
25372,G143A:A354G:A534C,T118A:M178L,11751.115000000003,32,1887.3892630714931,63.07,False,3,2,0.033416530036502,35112.49290700601,cgre132
25388,C168T,P56S,1791.614,11,1635.6250273882997,126.04,False,1,1,0.0770592268334604,28773.427618890768,cgre132
25393,A85G:T308C:A556G,K28R:N185S,1451.1930000000002,6,1554.6308835240518,73.89,False,3,2,0.0475289670256038,26716.965476994803,cgre132
25396,C46T:C181T,P15L:A60V,464.0539999999999,6,1330.0506615297284,158.41,False,2,2,0.1191007264473732,21089.627790056402,cgre132
25399,C119A:G494A:G614T,W204C,3063.2090000000007,12,1711.9740360080896,87.02,False,3,1,0.0508302101373626,30710.83361988917,cgre132
25405,A145G:C448T,Y48C:A149V,875.9009999999998,10,1426.5554181270145,114.37,False,2,2,0.0801721395094214,23486.283000945336,cgre132
25410,C55T,T18I,1076.033,2,1533.821941383438,46.77,False,1,1,0.0304924572651605,26189.593410651578,cgre132
25411,A64T:C443A:A489C:G513T,E21V:I163L:V171L,2192.036,6,1734.404445927272,67.97,False,4,3,0.0391892445615018,31278.58055948922,cgre132
25414,T409C,I136T,4610.638999999999,16,1689.1119045566545,50.63,False,1,1,0.0299743314006711,30131.314933876936,cgre132
25422,T91A:A129G:A226T:A348G,I30N:T43A:K75I:N116D,378.60100000000006,4,1257.6893562581151,105.96,False,4,4,0.0842497389937789,19325.03728558131,cgre132
25424,C244T:A291T:T396G:C702T,A81V:I97F:S132A:R234C,1661.606,10,1501.9140862427882,87.49,False,4,4,0.0582523333400956,25382.404388833827,cgre132
25429,T48C:A225G,Y16H:K75E,352.163,5,1230.6436368260515,122.06,False,2,2,0.0991838712259582,18674.281001291183,cgre132
25432,A136G:C154T:A406T,K45R:T51I:N135I,3246.472,18,1712.363325904529,94.43,False,3,3,0.0551460070251848,30720.694738052774,cgre132
25441,T483G:A640G:G671A,L161V:D213G,6443.346,19,1798.16601955975,53.99,False,3,2,0.030025036294045,32886.14350446196,cgre132
25451,A129G:G541A,T43A:R180H,492.443,4,1289.5836700807456,62.86,False,2,2,0.048744413765773,20098.82917500915,cgre132
25454,A291T:T386A:A529G,I97F:H176R,554.371,4,1449.0741868410923,78.77,False,3,2,0.0543588456100474,24051.060995992542,cgre132
25456,A76G:T360A:A472G:A496T,E25G:Y120N:K157R:Y165F,1168.3239999999998,6,1477.8617556389004,112.59,False,4,4,0.0761843924645886,24775.435780451935,cgre132
25459,A108G:T612C:C635T,T36A:W204R,520.759,2,1355.8614889083276,80.84,False,3,2,0.05962260943416,21726.334769487814,cgre132
25460,T386C:A400T:T491C:C633T:A675G,N133I:P211S:I225V,294.63,2,1197.0688696638504,25.6,False,5,3,0.0213855699106006,17873.909184165244,cgre132
25462,T10C:A25T:C438T:T566C,L3P:K8M:P146S,1748.203,8,1590.008958210841,69.85,False,4,3,0.0439305701010633,27614.764026388002,cgre132
25466,T82A:A108G:T182C,M27K:T36A,1384.39,2,1785.2403737469222,50.01,False,3,2,0.0280130343988565,32561.16766588638,cgre132
25467,G111T:G437A:A493G:G625A,G37C:E164G:G208D,120.462,1,1019.042341184875,0.0,False,4,3,0.0,13796.352902393064,cgre132
25468,T50C:G125A:A417G,M139V,3861.999,15,1715.9809803620408,70.84,False,3,1,0.0412825088452053,30812.321654714484,cgre132
25475,C68A:G469A:G551C,R156H:Q183H,304.949,4,1045.173703586162,25.66,False,3,2,0.0245509429791013,14375.065438598735,cgre132
25477,C32T:G41A:A316G:C467T:C689A,Q105R:D229E,832.0189999999999,5,1691.6364051092892,87.74,False,5,2,0.0518669376793954,30195.342067840986,cgre132
25479,G212C:G510T:G613T,D170Y:W204L,308.97,6,1261.483087929519,197.55,False,3,2,0.1566013860116351,19416.72631111217,cgre132
25482,A38G:A49C,Y16S,3021.1710000000007,18,1584.4718673126602,114.92,False,2,1,0.0725288989793866,27474.174575575915,cgre132
25491,C55T:A581G:G625A,T18I:G208D,545.981,9,1283.246962053242,117.25,False,3,2,0.091369785760019,19944.57095806637,cgre132
25497,G560A:A688T,D229V,2330.302,18,1659.0131704904898,118.95,False,2,1,0.0716992499612479,29367.432470753938,cgre132
25506,C164T:C689T,wt,3720.211,10,1807.7357335912416,126.05,False,2,0,0.0697281121669202,33126.39872294016,cgre132
25511,T31C:A487G:C516A,F10S:K162R:L172M,2336.605,22,1676.4265919191362,112.95,False,3,3,0.0673754523725952,29809.475757548465,cgre132
25521,G117A:C121T,A39T:T40I,717.1840000000001,10,1320.054033596448,131.06,False,2,2,0.0992838146503222,20843.98932052936,cgre132
25531,T552C:A640T,F184L:D213V,4253.378000000001,23,1791.7837656729446,66.65,False,2,2,0.0371975688567354,32725.74630048413,cgre132
25542,A84G:C462A:T491A,K28E:P154T,1646.963,16,1395.9584177214274,85.13,False,3,2,0.0609831918481888,22721.924014950928,cgre132
25550,A123G:C170A:C197A:T621A,T41A:F207I,1871.749,4,1598.803459448406,131.48,False,4,2,0.0822364995665953,27838.099362502722,cgre132
25552,A364G:A559T,N121S:K186M,265.974,3,1176.1799305583538,63.76,False,2,2,0.0542093929197822,17380.417904456543,cgre132
25554,T52A:C60T:G171T,I17N:V57L,231.997,4,1030.564352484015,183.6,False,3,2,0.1781548134839525,14050.595884118185,cgre132
25556,A49T:A343G,Y16F:Y114C,3538.443,13,1676.3855136859074,63.78,False,2,2,0.0380461412242613,29808.43328662168,cgre132
25563,T10C:G210A:A328G:A581G,L3P:V70M:K109R,411.241,2,1249.8976173605754,27.06,False,4,3,0.0216497732487425,19137.030643610855,cgre132
25572,A129G,T43A,6265.133000000001,27,1895.568473516672,58.61,False,1,1,0.030919484481226,35314.83607236218,cgre132
25580,A49G:C244A:A348C:A449T:T552C,Y16C:A81E:N116H:F184L,2503.712,9,1649.9483048312848,61.41,False,5,4,0.0372193479154363,29137.23489059725,cgre132
25584,C462T:T612A:A695G,P154S:W204R,487.01900000000006,3,1265.8337714012944,46.83,False,3,2,0.0369953789020485,19521.9953865238,cgre132
25586,T14C:T507A,F169I,1273.932,6,1500.6513755224382,78.2,False,2,1,0.0521107042418665,25350.50453627989,cgre132
25589,T677A:A678C,K226Q,2838.207,11,1647.1200732509506,75.5,False,2,1,0.0458375811369867,29065.40467841081,cgre132
25594,T10A:A108T:C540T:C557T,L3H:T36S:R180C,120.991,2,969.3762846474036,47.35,False,4,3,0.0488458411350787,12717.873635802307,cgre132
25595,T104G:A529G:T653A,H176R:D217E,2046.8890000000004,8,1644.2514951998562,58.95,False,3,2,0.0358521796526234,28992.546268560298,cgre132
25599,C263A:T455C:G480A,G160S,2387.855,12,1876.352152559359,78.17,False,3,1,0.0416606231902553,34838.931932183026,cgre132
25607,G513T:C632T:A646T:T690A,V171L:E215V:L230M,2173.366,10,1587.9886078932311,82.89,False,4,3,0.052198107459958,27563.463925699318,cgre132
25612,G203A:T241C,I80T,614.971,5,1767.5533594779624,75.93,False,2,1,0.0429576847526829,32115.67898018058,cgre132
25614,A474G:A498G:C505T,N158D:N166D:A168V,2393.741,2,1662.062516400233,0.47,False,3,3,0.0002827811802277,29444.857734914818,cgre132
25616,C298T:C702T,S99L:R234C,4638.016000000001,35,1716.8273425831585,106.66,False,2,2,0.0621262239681703,30833.754881152287,cgre132
25648,G541A:T653A,R180H:D217E,705.574,2,1431.6648384152352,76.76,False,2,2,0.0536159008312089,23614.273254756816,cgre132
25649,C55A,T18N,493.185,4,1267.268795560691,112.57,False,1,1,0.0888288265238902,19556.744924498315,cgre132
25651,A348T:C462T:A606T,N116Y:P154S:T202S,2660.9370000000004,19,1528.4270510229314,97.81,False,3,3,0.0639938948571596,26052.979664251983,cgre132
25661,A24G:T31A:A123T:C206T:C218T:A226G:G321A:G546T,K8E:F10Y:T41S:K75R:D107N:A182S,293.693,4,1271.2255604438024,75.54,False,8,6,0.0594229713046581,19652.629734469952,cgre132
25663,C107G:C237T:C411A,H79Y:L137M,2664.494,11,1700.6226644366252,65.71,False,3,2,0.0386387888237207,30423.18725516441,cgre132
25668,T14C:A153G:C441T,T51A:P147S,3440.14,14,1692.2971680037178,106.88,False,3,2,0.0631567564023514,30212.099224028945,cgre132
25675,C68A:G303A,D101N,3051.124999999998,12,1611.2869877574424,60.7,False,2,1,0.0376717496393867,28155.176484988075,cgre132
25683,G347A:T612A,W204R,1950.122,8,1590.1863848167832,92.47,False,2,1,0.0581504161291471,27619.269312746117,cgre132
25687,C149A:T390A,F130I,2961.4490000000005,11,1619.7050144460925,53.91,False,2,1,0.0332838384268608,28369.014475578217,cgre132
25693,C22T:C230T:G341A:T418C,A7V:M139T,1373.2590000000002,9,1699.1269767767214,146.13,False,4,2,0.0860029897690233,30385.27193436847,cgre132
25697,G138A:C545T,A46T,3331.753,10,1601.5707154842055,57.71,False,2,1,0.0360333761363465,27908.381621988512,cgre132
25702,T483C:T565A:T621C,L188H:F207L,1119.3290000000002,4,1585.207462328363,140.18,False,3,2,0.0884300656736139,27492.850461874972,cgre132
25704,C155T:A328T:T360A,K109I:Y120N,922.307,12,1362.9221136466697,135.11,False,3,2,0.0991325906646977,21901.099705688284,cgre132
25710,G159T:C209T:T297A,G53C:S99T,449.721,2,1267.948417834165,91.1,False,3,2,0.0718483486541287,19573.206948929317,cgre132
25711,G102C:A142G,V34L:K47R,960.763,12,1469.496909097016,154.01,False,2,2,0.10480457566572,24564.701348277766,cgre132
25716,A132G:A322T,I44V:D107V,5347.371000000001,20,1706.462310046393,67.17,False,2,2,0.039362135105213,30571.18982085879,cgre132
25727,C27T:A433G:T435G,H144R:S145A,5047.689,20,1762.972081157723,66.1,False,3,2,0.0374935035593943,32000.148666790024,cgre132
25736,C161T:A277T:A306T,Y92F:N102Y,1771.477,11,1508.8301229570582,81.9,False,3,2,0.0542804645492426,25557.1874029336,cgre132
25741,C121T:C431T:G624T,T40I:G208C,4623.165999999999,26,1632.2080731435271,91.8,False,3,2,0.0562428292755586,28686.62938347798,cgre132
25754,C221T:A398T:G613T,W204L,3158.5689999999995,6,1694.643423085687,35.66,False,3,1,0.0210427748482147,30271.59648723468,cgre132
25757,T424C,V141A,1399.381,6,1431.3242914468117,80.08,False,1,1,0.0559481876179531,23605.73967028917,cgre132
25760,G245A:C302A,F100L,614.453,2,1230.4805376719455,59.07,False,2,1,0.0480056353526401,18670.37247136429,cgre132
25761,C185T:C239T:T308C:A700G,Y233C,701.7330000000001,2,1323.39792543453,26.49,False,4,1,0.0200166552258287,20926.093946765384,cgre132
25762,T116C:C373T:C411A:A629G:A640G,T124I:L137M:D213G,2902.713,24,1537.2514105140438,109.12,False,5,3,0.0709838346894157,26276.46274975567,cgre132
25774,A123G:C155T:G173A:C181T:T297A,T41A:A60V:S99T,1944.427,17,1456.479058167637,81.47,False,5,3,0.0559362659855168,24237.148278297773,cgre132
25783,G171A:C602T,V57M,1616.239,10,1572.1420373721587,122.21,False,2,1,0.0777347065944973,27161.19988227867,cgre132
25788,C432A:T622C,H144N:F207S,5618.635000000001,16,1831.65462406548,58.91,False,2,2,0.032162176878764,33725.49883634056,cgre132
25796,A132G:G692A,I44V,1512.938,6,1495.9467346278152,134.01,False,2,1,0.0895820665923249,25231.683724570797,cgre132
25799,A678G,K226E,327.133,2,988.2177027642142,82.56,False,1,1,0.0835443442968746,13123.597751839323,cgre132
25800,A35T:C657A,E11D:L219I,4291.092000000001,15,1658.8315837816515,81.91,False,2,2,0.0493781290402423,29362.821647386114,cgre132
25807,A349G:G419A:A474T:T491C,N116S:M139I:N158Y,1661.582,21,1419.7779985407294,115.22,False,4,3,0.0811535325370761,23316.657888271944,cgre132
25817,T11C:C168A:G200A:A339T,P56T:T113S,2602.066,15,1588.6774118403578,120.66,False,4,2,0.0759499688865248,27580.953519215826,cgre132
25824,A49T:C131T:A399T,Y16F:N133Y,1032.068,7,1628.3826477916732,102.87,False,3,2,0.0631731123759559,28589.453018403387,cgre132
25835,C463A,P154H,2161.6869999999994,23,1477.1184515637592,109.83,False,1,1,0.0743542265576114,24756.70196549927,cgre132
25848,C596T:G613T,W204L,2707.5869999999995,9,1616.9879300281114,47.97,False,2,1,0.0296662696790606,28299.99287445861,cgre132
25852,T427C:A700G,L142S:Y233C,280.48,2,1059.7261464895416,16.05,False,2,2,0.0151454222896805,14700.554001560224,cgre132
25853,T297A:T344C:C439T:G576A,S99T:P146L:E192K,1519.9600000000005,4,1497.36423354647,80.44,False,4,3,0.053721064119102,25267.478738428967,cgre132
25855,A398G:T412A,L137Q,2288.153,10,1582.433717808737,94.97,False,2,1,0.0600151519341416,27422.430477301237,cgre132
25860,A156G:A343T:A627C:G698A,T52A:Y114F:K209Q,448.126,7,1653.8284089501997,92.48,False,4,3,0.055918739513432,29235.773770783348,cgre132
25863,G65A:T691C,L230S,595.644,2,1363.4464892962783,106.37,False,2,1,0.0780155296412851,21914.088810708796,cgre132
25864,A356G:A556G:C569T,N185S,2111.5510000000004,4,1532.6269670211932,28.58,False,3,1,0.0186477209490499,26159.328998149314,cgre132
25866,T219A:G257A,F73I,1702.882,7,1414.5493461376775,66.86,False,2,1,0.0472659368035171,23185.914163700443,cgre132
25870,A49G:C230T:T242A:A648G,Y16C:T216A,3324.479000000001,18,1620.952273871443,148.42,False,4,2,0.0915634608078356,28400.698603730903,cgre132
25883,G388A:T418A:C441T:T517C,G129D:M139K:P147S:L172P,310.83000000000004,2,1061.397748073961,27.47,False,4,4,0.0258809669135324,14738.085335848413,cgre132
25890,G59A:G191A:G352A:T552C:T612A,G117D:F184L:W204R,1193.096,13,1343.76546532397,77.98,False,5,3,0.0580309600241138,21427.514536472983,cgre132
25897,T10G:T48A:A328G:C516T,L3R:Y16N:K109R,630.037,10,1291.0063356854955,154.82,False,4,3,0.1199219521396027,20133.496441889354,cgre132
25903,A226C:A277T,K75T:Y92F,414.533,3,1142.8145197332576,75.51,False,2,2,0.0660737142345939,16599.779974292254,cgre132
25905,T195A,S65T,222.892,2,1776.5209216020137,94.33,False,1,1,0.0530981644251822,32341.65862972308,cgre132
25906,G180A:C401G:T509C:A695G,A60T:N133K,2498.229,15,1466.7901439762018,110.24,False,4,2,0.0751573089393411,24496.552709072945,cgre132
25914,A40T:C540A,E13V:R180S,1266.95,8,1451.071669082423,148.97,False,2,2,0.1026620553443789,24101.241247031794,cgre132
25918,T52C:C443A:T509C:T622C,I17T:F207S,2489.497,17,1414.5969750573393,61.95,False,4,2,0.0437933921055422,23187.104659982426,cgre132
25927,T5A:T50C:A81G:T429C:T491A:T612C:T659A,M27V:Y143H:W204R,651.854,2,1314.1602354220483,45.46,False,7,3,0.0345924330798217,20699.42952403513,cgre132
25928,T10A:A35G:C164T:G173T:A226T:C548A:C641G,L3H:K75I:D213E,1353.8830000000005,6,1362.8696115785692,74.3,False,7,3,0.0545173209298728,21899.79927086019,cgre132
25931,T73C:A81T:T91A:G162T:T621A,V24A:M27L:I30N:D54Y:F207I,790.4170000000001,6,1272.0933417762458,68.78,False,5,5,0.0540683594051056,19673.672562335312,cgre132
25934,A76G:C357G:A615T,E25G:L119V:T205S,10112.491999999998,27,1729.9619701765716,66.68,False,3,3,0.0385441999012233,31166.210172631072,cgre132
25947,C174T:A475G,P58S:N158S,2245.456,4,1513.6263319571262,67.26,False,2,2,0.0444363305394089,25678.45837552162,cgre132
25949,T325C:G413T:G614T,V108A:W204C,1508.3679999999997,12,1388.0875866959257,138.27,False,3,2,0.0996118698310133,22525.919351336193,cgre132
25955,A58T:C168T:C305G:G546A,E19V:P56S:D101E:A182T,1581.805,15,1345.9753054067182,101.34,False,4,4,0.0752911287398231,21482.050499739544,cgre132
25963,A398C:A652G:A675G,D217G:I225V,505.128,6,1166.8905645894754,80.33,False,3,2,0.068841074251261,17162.117729764195,cgre132
25966,A226T:A456G,K75I:I152V,6561.101000000001,12,1755.7028384446344,77.73,False,2,2,0.0442728679922056,31816.7230268576,cgre132
25972,C113A:T308C:A322T:A449G:G533C,D107V:Q177H,2150.744,18,1424.7052198651618,76.89,False,5,2,0.0539690589519122,23439.959301809424,cgre132
25982,C521T:T553C:T691C,F184S:L230S,1279.85,8,1429.306214099227,89.15,False,3,2,0.062372918497513,23555.178299176885,cgre132
25986,T110A:A316T:G525A:C547T:A595T:G647T,Q105L:G175S:A182V:Y198F:E215D,633.3230000000001,5,1227.5599076169042,63.31,False,6,5,0.0515738577051652,18600.41511971533,cgre132
25999,C373G:C439T,T124S:P146L,1543.4989999999998,4,1453.3736401454487,93.33,False,2,2,0.0642161089357997,24159.086692608915,cgre132
26001,G330A:C355T,A110T:T118I,279.418,3,1040.97077460018,74.89,False,2,2,0.0719424616207539,14281.481748926359,cgre132
26003,A279G:A558G,S93G:K186E,5852.896,21,1618.7563990930262,115.81,False,2,2,0.0715425743273584,28344.91688498215,cgre132
26014,T215G,F71L,1133.469,3,1651.8173108228957,35.9,False,1,1,0.0217336383174937,29184.70101935626,cgre132
26015,G65A:A153G:A304T,T51A:D101V,3453.958,20,1620.9280832055097,82.24,False,3,2,0.0507363656982017,28400.08408732429,cgre132
26025,C158A:A186G:A327G:T691C,I62V:K109E:L230S,727.46,7,1255.5796065998195,110.51,False,4,3,0.0880151281679919,19274.090016648068,cgre132
26029,A74G:T553C:C668A:C683T,F184S,6355.841,27,1791.4592753207849,129.49,False,4,1,0.072281855236041,32717.587858349852,cgre132
26040,C134T:A142C:A147G:T272C:C467T:C516G:A640T,K47T:I49V:L172V:D213V,580.8929999999999,4,1263.2523519673296,214.02,False,7,4,0.1694198310153117,19459.520096633965,cgre132
26042,C155A:T211C,V70A,1319.765,8,1382.923153153631,100.77,False,2,1,0.0728673894642686,22397.458259513827,cgre132
26046,C20T:T418C:G513A:A628G,M139T:V171I:K209R,571.302,2,1243.843889893128,106.17,False,4,3,0.0853563705724536,18991.251408934702,cgre132
26047,A123G:C131G:C158T:T195A,T41A:S65T,1034.31,4,1362.0378248558236,117.85,False,4,2,0.0865247630053701,21879.198356738343,cgre132
26049,T116C:G377A:G413A:T424C,V141A,2118.2450000000003,6,1488.814332927557,61.58,False,4,1,0.0413617726791433,25051.64834042132,cgre132
26062,A266G:T612C,W204R,1523.1229999999998,4,1463.9511782563688,92.09,False,2,1,0.062905103235535,24425.098653654626,cgre132
26064,T517C:G522T,L172P:G174C,2665.331,10,1492.622988518598,91.62,False,2,2,0.0613818765386504,25147.770568229756,cgre132
26069,A16T:A38G:C121T:C275T:A406T,E5V:T40I:N135I,1482.1069999999995,9,1477.5519261353434,115.54,False,5,3,0.0781969133918726,24767.626830188616,cgre132
26073,C439A:C569A:G662T,P146Q,9218.535,11,1748.423622524359,69.95,False,3,1,0.0400074667825677,31632.916220669977,cgre132
26078,A38G:T50C:G125A:A135G:G680T,K45E:K226N,2099.051,12,1478.6085455911314,94.91,False,5,2,0.0641887268154912,24794.258963460787,cgre132
26084,C32T:A153T:T621A,T51S:F207I,1240.853,2,1699.673236486024,53.03,False,3,2,0.0312001147406641,30399.11985091985,cgre132
26085,C32T:C439T:G533A,P146L,1969.634,8,1559.3022648166643,74.15,False,3,1,0.047553320272204,26835.437543399497,cgre132
26088,A136T:C590T:C623T:A707G,K45M,6048.304000000001,20,1741.4238600074136,63.25,False,4,1,0.0363208529827601,31456.050305009456,cgre132
26104,T82A:T241C:C368T:C641T,M27K:I80T,2257.083,6,1492.3133434551307,86.36,False,4,2,0.0578698839481338,25139.95445933901,cgre132
26107,A394G:A487G:C540G,K131R:K162R:R180G,3308.986,12,1571.531172626878,91.96,False,3,3,0.0585161793808296,27145.69750319332,cgre132
26116,G79A:T424C:G546A:T566C,G26D:V141A:A182T,623.3109999999999,2,1168.7685427029965,49.42,False,4,3,0.042283821128268,17206.191582078718,cgre132
26117,C174T:G245T:A307C:G428A,P58S:N102T,354.186,3,1047.7885780750669,45.5,False,4,2,0.0434247909855916,14433.385014399408,cgre132
26119,G19A:A25T:C174T,G6D:K8M:P58S,434.675,1,1094.3475432756486,0.0,False,3,3,0.0,15483.738749917648,cgre132
26120,T110G:T116C:A339T:C657T,T113S:L219F,949.663,6,1277.1260221340146,116.81,False,4,2,0.0914631743270067,19795.806761318534,cgre132
26123,A364G,N121S,2313.981,16,1435.5319873193891,123.84,False,1,1,0.0862676701696143,23711.20698865789,cgre132
26131,T116C:T258A:A279T:A456G:T542C:T612A,S86T:S93C:I152V:W204R,2311.834,12,1445.786232494986,105.52,False,6,4,0.0729845101774863,23968.490157117096,cgre132
26137,G257A:C293T:A316T:T337C,Q105L:V112A,3316.7140000000004,21,1384.7513282289567,76.8,False,4,2,0.0554612214008303,22442.91909449905,cgre132
26148,A115T:C221T:C236T:T690A,D38V:L230M,1342.537,12,1296.699303452452,119.05,False,4,2,0.0918100284954501,20272.34652634336,cgre132
26154,G180A:A316G:A394G,A60T:Q105R:K131R,4555.552,19,1595.5894746871602,91.64,False,3,3,0.057433319443253,27756.475712216783,cgre132
26163,T133C:A581G,I44T,739.812,2,1146.0545079183894,4.03,False,2,1,0.00351641215331,16675.15932517582,cgre132
26164,T14C:A304G,D101G,718.5759999999999,2,1197.7784428289044,86.18,False,2,1,0.0719498672863578,17890.73428242781,cgre132
26165,G102A:T103A:G210A:G525A,V34N:V70M:G175S,435.718,2,987.7839479451648,82.44,False,4,3,0.0834595461603679,13114.209783272057,cgre132
26166,G79A:T201A:T308A,G26D:S67T:N102K,455.42,10,1414.8395870141508,126.52,False,3,3,0.0894235651597827,23193.168941120286,cgre132
26171,C169T:A277T,P56L:Y92F,436.962,3,1066.7889230505332,45.89,False,2,2,0.0430169445974142,14859.328370992558,cgre132
26173,G102A:T300C:C557T,V34I:F100L,449.312,4,1082.74809269331,107.98,False,3,2,0.0997277212757792,15219.99012923992,cgre132
26179,C657T,L219F,2826.027,10,1481.0600279960972,87.07,False,1,1,0.0587889743522464,24856.060258483016,cgre132
26184,C431T:T685C,V228A,941.565,2,1258.3181207074172,95.29,False,2,1,0.0757280678326627,19340.226867939004,cgre132
26185,T103A:T201A:T301A,V34D:S67T:F100Y,1061.037,6,1195.9749173778175,57.06,False,3,3,0.0477100306794931,17847.977681925808,cgre132
26188,A70C:C441T,D23A:P147S,345.893,2,1032.0700162315954,90.0,False,2,2,0.0872033859956688,14083.928423875754,cgre132
26189,C122T:A277G:C287T:C512A,Y92C:D170E,496.204,4,1035.3157702310316,6.97,False,4,2,0.0067322455625732,14155.868015685344,cgre132
26191,C20T:T412A,L137Q,3011.907,10,1510.531143597682,71.15,False,2,1,0.0471026369112388,25600.191761409955,cgre132
26196,T295C:C569T,I98T,1662.2029999999995,10,1347.1408794088948,104.08,False,2,1,0.0772599225447517,21510.825521711537,cgre132
26201,G140A:A316G:T337C,Q105R:V112A,6531.367999999999,32,1545.0575365087188,83.93,False,3,2,0.0543216016341061,26474.263518832497,cgre132
26217,T10C:G117C:A265T:C603A,L3P:A39P:Q88L:L201M,953.14,6,1125.0110907000058,67.47,False,4,4,0.0599727420980523,16187.2698844317,cgre132
26220,C357T:C540T:T542G:T553C,R180W:F184S,839.1179999999999,10,1211.6799559629103,134.97,False,4,2,0.111390800298203,18221.157377233536,cgre132
26225,G217C:A511T:C674A,C72S:D170V,4331.504000000001,23,1530.196464719415,134.64,False,3,2,0.0879887015192446,26097.7806190546,cgre132
26237,C128T:T612A:A675G:C689T,W204R:I225V,541.532,2,1059.8336302259718,16.84,False,4,2,0.0158892863179001,14702.966380148133,cgre132
26238,T424C:A449G,V141A,2694.2,6,1424.0681260697036,92.77,False,2,1,0.0651443553167899,23424.011216104238,cgre132
26241,T300C,F100L,930.303,6,1165.7623230829856,89.17,False,1,1,0.076490720479094,17135.653681095035,cgre132
26244,A90T:G138A:C275T:A618G:G642A,I30F:A46T:S206G:D214N,1420.832,6,1309.609034042876,91.77,False,5,4,0.0700743486143327,20587.93689708312,cgre132
26247,T14G:A40T:G167A:C323T:G473T:C540A,E13V:K157N:R180S,2371.456,14,1359.2773087109342,127.54,False,6,3,0.0938292717627664,21810.852685706508,cgre132
26254,G77A:T213C:A608T,F71L,2978.8350000000005,9,1735.5222150096083,50.1,False,3,1,0.0288673919392743,31306.84770897843,cgre132
26257,G191C:A615T:C682T,T205S:A227V,2137.682,10,1426.1659467343034,133.66,False,3,2,0.093719808908676,23476.530697462305,cgre132
26262,G171A:T215C:G611A:G651A,V57M:D217N,1543.4060000000002,15,1320.2409305483868,140.85,False,4,2,0.1066850729597478,20848.576655512225,cgre132
26269,A85G:G235C:A329G:G388C:T517A:T612A,K28R:R78P:G129A:L172Q:W204R,2618.9340000000007,12,1405.2843864572671,110.86,False,6,5,0.0788879468585564,22954.504728337095,cgre132
26275,A475G:T509A:G522T,N158S:F169L:G174C,2764.5390000000007,16,1393.981936746403,60.23,False,3,3,0.0432071595852803,22672.679321390122,cgre132
26283,T664C,I221T,2623.6740000000004,6,1035.995558194213,31.6,False,1,1,0.0305020612782165,14170.949603288662,cgre132
26284,T215A:C564T,F71L:L188F,836.8950000000002,9,1564.3539333158224,113.33,False,2,2,0.0724452424649097,26963.583679277337,cgre132
26288,T215A,F71L,5626.108,11,1695.6088004660476,72.59,False,1,1,0.0428105822404603,30296.07482592188,cgre132
26292,C410T:C436T,S145L,814.612,6,1079.3929877065973,66.3,False,2,1,0.0614234118204423,15143.952764521504,cgre132
26295,A194T:T295C:G520A,I98T:G173D,1332.312,9,1254.3301521794488,136.53,False,3,2,0.108846940945152,19243.931939640133,cgre132
26300,A142G:T459A,K47R:L153M,1706.033,8,1270.8941863099333,100.9,False,2,2,0.0793929196363429,19644.595545977172,cgre132
26304,T308C:G692T,L230F,1369.89,2,1282.003691278227,135.41,False,2,1,0.1056237208373315,19914.33498325666,cgre132
26305,C101A:G180A:T483A,A60T:L161I,3081.7520000000004,12,1453.750121176813,134.57,False,3,2,0.0925674901344567,24168.548761627455,cgre132
26311,T104A:C320T:A472T:A498G:G619A,K157M:N166D:S206N,5355.753,15,1518.842011724845,73.87,False,5,3,0.0486357365873168,25810.38909454495,cgre132
26319,A700G,Y233C,1479.116,2,1249.2266538490176,25.61,False,1,1,0.0205006832996178,19120.860602268414,cgre132
26320,C174T:A384G,P58S:T128A,1262.4029999999998,6,1243.605014508258,116.74,False,2,2,0.0938722493380753,18985.504357474656,cgre132
26323,A356G:C657T,L219F,4702.987,20,1481.8212237804814,82.57,False,2,1,0.0557219715002759,24875.253088141875,cgre132
26332,A97T:G138A:C155T,K32M:A46T,2673.959,12,1395.4368066302295,111.66,False,3,2,0.0800179552878801,22708.92628324016,cgre132
26338,T664G,I221S,5481.439000000001,16,1530.2542832698596,68.0,False,1,1,0.0444370590845183,26099.244657878626,cgre132
26346,C444A:C562A,H148N:P187H,2734.539,14,1308.7546251851018,63.3,False,2,2,0.0483665912478034,20567.019540018064,cgre132
26353,C56T:G159A,G53S,1566.861,4,1298.1504438143186,114.41,False,2,1,0.0881330823751308,20307.771157260446,cgre132
26355,A393G:T535C,K131E:M178T,1280.1,6,1202.2747001565683,79.01,False,2,2,0.0657170944291772,17997.440077901316,cgre132
26358,C107G:T201A:C407T:A417T,S67T:M139L,2483.233,9,1392.269097360425,111.31,False,4,2,0.0799486250258879,22630.01685375516,cgre132
26363,A38G:A364G,N121S,4414.455,16,1485.6552011369786,98.73,False,2,1,0.0664555274497349,24971.94631265736,cgre132
26371,A132G:A356T:G520A:A652G,I44V:G173D:D217G,625.397,4,1040.0785426919874,18.54,False,4,3,0.0178255768569302,14261.6396286843,cgre132
26373,A498G:G692A,N166D,10796.929999999998,32,1605.567587292595,62.9,False,2,1,0.0391761770091944,28009.898990316826,cgre132
26389,G125A:G210C:C431T,V70L,1103.297,2,1113.1909488124818,52.34,False,3,1,0.047017989192092,15915.011456707234,cgre132
26406,G138A:C305T:A316G:T566C,A46T:Q105R,3564.387,10,1440.5308815672151,98.62,False,4,2,0.0684608717952003,23836.58648426544,cgre132
26411,A449T:T691C,L230S,2279.472,4,1351.5913877888684,89.43,False,2,1,0.0661664470549066,21620.76118487939,cgre132
26413,T215C:C438T:C462T,P146S:P154S,6619.213,15,1562.1161523732312,69.46,False,3,2,0.0444653234616859,26906.814048587956,cgre132
26419,G171A:C434G,V57M:H144Q,2689.1159999999995,12,1355.861777160524,127.42,False,2,2,0.0939771311105515,21726.341899292693,cgre132
26425,T699C,Y233H,941.087,4,1065.5997398431862,31.69,False,1,1,0.0297391213746575,14832.55865276462,cgre132
26427,T211C:C305T:T358A,V70A:L119Q,2735.634,8,1309.627356827317,71.26,False,3,2,0.0544124247470161,20588.38551624389,cgre132
26431,C439T:T553C,P146L:F184S,6482.051000000001,18,1565.786158409491,97.94,False,2,2,0.0625500484047492,26999.92032251672,cgre132
26440,C373T:C665A:G692T,T124I:L230F,2233.618,6,1318.7052984711006,135.0,False,3,2,0.1023731383778606,20810.8908414758,cgre132
26443,A394C:C467A:A675G,K131T:D155E:I225V,3849.584,15,1323.5481510236004,72.33,False,3,3,0.0546485595889063,20929.783999546005,cgre132
26451,C234A:G375A:G381A,R78S:V125M:G127S,3899.8,22,1361.9398336253414,135.58,False,3,3,0.0995491846648616,21876.77162340978,cgre132
26462,T104A:C563G:C607G,T202R,2184.4600000000005,6,1246.162451688714,76.73,False,3,1,0.061573031586709,19047.05410056413,cgre132
26465,C22T:G65A:C599T:T612C,A7V:W204R,8243.609999999999,27,1524.2012414998262,86.44,False,4,2,0.0567116714292545,25946.00631256575,cgre132
26479,A90T:C269T:T300C:T426C,I30F:F100L,2231.459,8,1190.362359106095,89.43,False,4,2,0.0751283836521491,17715.085518386913,cgre132
26483,C368T:A496G,Y165C,2746.262,6,1025.9048140825334,142.55,False,2,1,0.1389505127992624,13947.601253013447,cgre132
26486,C113T:C397T:C657T,S132L:L219F,6555.8240000000005,21,1458.1344600821883,73.57,False,3,2,0.0504548805436318,24278.772795230463,cgre132
26496,T483A:T690A,L161I:L230M,6282.524999999998,18,1450.2196487805356,92.05,False,2,2,0.0634731435871822,24079.83542771245,cgre132
26505,C332A:C540T,R180C,2230.5959999999995,6,1172.9339544360926,69.11,False,2,1,0.0589206235684649,17304.05503331028,cgre132
26508,C107T:A675G,I225V,6378.999000000001,14,1437.858206387175,93.43,False,2,1,0.0649785907852181,23769.541174335154,cgre132
26515,G210A:A646C,V70M:E215A,2808.7020000000007,8,1175.0705294832142,56.75,False,2,2,0.0482949734301975,17354.30890847553,cgre132
26519,G210A:C293A,V70M,2426.896,8,1168.0456702791305,129.32,False,2,1,0.1107148489913893,17189.22310983021,cgre132
26523,C13A:C155T:G285A:A498G,P4H:D95N:N166D,8461.666000000001,28,1451.976076449669,93.25,False,4,3,0.0642228212382205,24123.96577174075,cgre132
26543,A304G,D101G,6578.191000000002,26,1176.9976953635553,80.18,False,1,1,0.0681224783326646,17399.67000076793,cgre132
26558,C122T:T337C:C547T:C668T,V112A:A182V,7396.731000000002,25,1412.0488233088472,102.69,False,4,2,0.0727241142833624,23123.42544970528,cgre132
26570,A398G:T685C,V228A,7770.409999999999,20,1413.7171960565915,88.97,False,2,1,0.0629333789305046,23165.115799866515,cgre132
26580,A405G:T690A,N135D:L230M,5737.411999999999,14,1294.3104707678635,128.53,False,2,2,0.099303840077681,20214.059275240586,cgre132
26591,T216A,C72S,140.632,2,2012.1856470883488,33.68,False,1,1,0.0167380182085759,38158.19454804372,cgre132
26593,T253A:T418A,F84Y:M139K,52.243,2,1997.2043149987364,56.19,False,2,2,0.0281343273585084,37797.7902448968,cgre132
26594,A17T:A97G:T509C:T552C,E5D:K32R:F184L,87.344,2,2216.627006334518,102.14,False,4,3,0.0460790199289784,42888.32193075016,cgre132
26598,C505T,A168V,3461.766,14,2121.98219453832,81.66,False,1,1,0.0384828865247697,40746.12893556583,cgre132
26601,A261G:C275T:A343T,T87A:Y114F,83.292,2,1930.547946053812,1.62,False,3,2,0.0008391399982121,36176.24968717902,cgre132
26602,C198T:C234A,R78S,363.632,2,2070.69423265463,16.29,False,2,1,0.0078669268224677,39549.64360488646,cgre132
26605,G125A:C209T:C320T:A511G,D170G,232.916,2,2037.92992141968,7.45,False,4,1,0.0036556703553427,38773.70589440942,cgre132
26608,A327G,K109E,184.753,4,1766.396243242699,92.93,False,1,1,0.0526099397887089,32086.504126194617,cgre132
26609,C259G:A398G,S86C,100.094,2,2011.5252805137063,61.17,False,2,1,0.0304097594957286,38142.341826256525,cgre132
26614,T182A:C704T,wt,75.236,4,1919.4825187049912,49.32,False,2,0,0.0256944252002224,35904.4653890993,cgre132
26615,A70T:C547T,D23V:A182V,46.618,2,1868.2844736879797,76.58,False,2,2,0.0409894751460582,34638.60727639664,cgre132
26616,C311T:C506A:G611A,wt,299.669,4,2009.1832572269775,30.55,False,3,0,0.0152051834446223,38086.09407270005,cgre132
26618,T566A:T653C,wt,48.093,2,1947.915871413588,8.07,False,2,0,0.0041428893919035,36601.41736011987,cgre132
26620,C323A,D107E,162.433,4,1960.3893449655131,44.55,False,1,1,0.0227250776048181,36905.65421461215,cgre132
26623,C269T:C689T,wt,132.279,4,1944.4641714666504,90.57,False,2,0,0.0465783845899746,36517.061014553015,cgre132
26626,G317A:G687A,D229N,77.52199999999999,2,1743.179351140105,102.1,False,2,1,0.0585711389555083,31500.417317979904,cgre132
26627,C275T:A646T,E215V,107.228,2,1973.3297418273803,17.86,False,2,1,0.0090506921481155,37220.251500578495,cgre132
26629,G79A:A120T:G380A,G26D:T40S,64.105,2,1891.206091290856,30.84,False,3,2,0.0163070540762429,35206.95769272198,cgre132
26632,T10C:A37T:T242C,L3P:K12I,82.718,2,2030.7445429334136,21.8,False,3,2,0.0107349789887948,38602.41225432033,cgre132
26639,C374G:T610A:T622C:G624C,V203E:F207S:G208R,49.15,1,1952.4632311987573,0.0,False,4,3,0.0,36712.44104031603,cgre132
26640,T552C,F184L,262.125,4,1964.9675112469529,89.27,False,1,1,0.0454307765848759,37017.07689311918,cgre132
26642,G77T:C350T:T371C,E25D,90.734,2,1956.710746043665,43.29,False,3,1,0.0221238627566846,36816.030063315084,cgre132
26644,C234T:A329G:C383T:C446T,R78C,249.393,2,2082.1192151715304,17.88,False,4,1,0.0085874045394307,39818.15292107635,cgre132
26645,C56A,wt,106.16400000000002,2,1982.434032104563,114.58,False,1,0,0.0577976357066273,37440.93929541861,cgre132
26649,C470T,wt,357.445,4,1991.868962145606,36.6,False,1,0,0.018374702701615,37669.05918000009,cgre132
26654,A108T:A356T,T36S,267.824,4,1962.2484535761575,35.64,False,2,1,0.0181628376034884,36950.91679994727,cgre132
26655,A16G:A54G:C68T,E5G:T18A,615.523,16,2222.352638179585,46.45,False,3,2,0.0209012733631909,43014.91013798544,cgre132
26663,A271T:T425C,D90V,101.735,4,1951.4813452658168,59.28,False,2,1,0.0303769237373495,36688.47894103859,cgre132
26665,C305T:C357T,wt,466.249,8,1989.2268899736675,38.66,False,2,0,0.0194346860053313,37605.239220353214,cgre132
26667,T292C:C462T:A489G:A629G:C644T,I97T:P154S:I163V,51.426,2,1852.2121682056493,19.04,False,5,3,0.0102795998897065,34238.652831694,cgre132
26669,A74T,wt,1216.069,7,1970.435034739972,50.71,False,1,0,0.0257354336001704,37149.97048017702,cgre132
26671,T148A,I49N,111.964,2,1917.1976892399264,85.46,False,1,1,0.0445754762169991,35848.261828994335,cgre132
26675,C233T:G488A:G533A,wt,140.77800000000002,2,1952.5784410967024,28.9,False,3,0,0.0148009418683163,36715.25225551725,cgre132
26676,G203A:C350T,wt,124.142,2,2036.3853598056503,59.89,False,2,0,0.0294099541187606,38736.918056852475,cgre132
26679,T148C:C230T,I49T,55.109,2,1848.1511857421183,47.2,False,2,1,0.0255390361806612,34137.420161410075,cgre132
26680,G162A:G167A:C176A:C431T:G672A,D54N:V224I,449.588,2,2171.646458692191,27.85,False,5,2,0.0128243710611955,41881.56480532271,cgre132
26685,G77A:C209T,wt,187.657,2,1987.0448534707764,23.31,False,2,0,0.0117309883364154,37552.49581537994,cgre132
26687,A186G,I62V,710.214,12,1991.4430900072591,109.29,False,1,1,0.0548798007577518,37658.77534112196,cgre132
26691,C290T,wt,900.1129999999999,6,2042.117751169344,69.95,False,1,0,0.0342536565092515,38873.35767235567,cgre132
26697,G546A:C571T,A182T:A190V,225.361,3,1985.307449285646,2.88,False,2,2,0.0014506569252214,37510.47692783106,cgre132
26699,C113T:T464A,wt,60.69500000000001,2,1910.511861362304,141.83,False,2,0,0.074236649804868,35683.63742445158,cgre132
26700,G347A:T427C:C448T:A466G,L142S:A149V:D155G,129.059,2,2165.184559472647,58.98,False,4,3,0.0272401720869306,41735.20324195076,cgre132
26701,C374A:G520A,G173D,262.29900000000004,6,2008.3186705546357,17.04,False,2,1,0.0084847092495007,38065.319590145824,cgre132
26703,A16G:C165A:T425C:T527G,E5G:L55M,109.656,2,1922.489197206856,35.71,False,4,2,0.0185748768065289,35978.38170503881,cgre132
26705,G461A,wt,888.3449999999999,4,2018.191429390445,34.57,False,1,0,0.0171291977047198,38302.223970734995,cgre132
26706,G59A:A85T:T389C,K28M,218.931,2,2020.49875760416,71.74,False,3,1,0.0355060846882513,38357.48781427351,cgre132
26707,A291G:T358A:C365T,I97V:L119Q,127.347,2,1837.913229940851,122.73,False,3,2,0.0667768194932411,33881.90515167963,cgre132
26708,T427C:C431T:T464C,L142S,111.534,2,2176.5946988709284,50.16,False,3,1,0.0230451723630585,41993.35509624252,cgre132
26709,C332T:T386C,wt,570.712,4,2069.7095050518533,60.71,False,2,0,0.0293326188297516,39526.44948281219,cgre132
26710,T61A:G217A:C269T:A322G,L20Q:C72Y:D107G,45.895,1,2212.4765064352814,0.0,False,4,3,0.0,42796.33248203807,cgre132
26711,C410T:T584C:C644A,D214E,320.15500000000003,2,2133.953563222908,113.62,False,3,1,0.0532438952553399,41021.99489971567,cgre132
26713,G395A:A449T:A694G,E231G,388.99,2,2047.5206586079407,51.03,False,3,1,0.0249228254598876,39001.72143701663,cgre132
26717,G77A,wt,960.018,8,2006.532239976912,84.04,False,1,0,0.0418832044288344,38022.377940498576,cgre132
26719,A608G,wt,136.2,2,1951.533301090756,6.79,False,1,0,0.0034793154675889,36689.74702632809,cgre132
26720,C22T:A379G:T585C,A7V:K126R:Y195H,86.19399999999999,2,1787.7384261230518,43.0,False,3,3,0.0240527357759217,32624.013804747163,cgre132
26727,A493T,E164V,157.29500000000002,2,1908.72600763767,94.77,False,1,1,0.0496509187912684,35639.62404912743,cgre132
26728,A646T:A694G,E215V:E231G,554.236,6,1928.8640033506465,31.67,False,2,2,0.0164189906312657,36134.93376900407,cgre132
26730,T242C,wt,605.2829999999999,18,2033.872629340856,66.15,False,1,0,0.0325241605819918,38677.031679451175,cgre132
26732,C158A:C320T,wt,165.332,2,1990.112241350844,25.72,False,2,0,0.0129238941731958,37626.63041357245,cgre132
26733,A359T,wt,2943.327,10,2061.046184399644,56.72,False,1,0,0.0275200043692964,39322.0508517306,cgre132
26736,A34G:A279T,E11G:S93C,110.346,2,1877.433186626746,225.91,False,2,2,0.1203291822096214,34865.75160059984,cgre132
26737,C46A:T103C,P15H:V34A,110.492,2,1873.567425907866,50.09,False,2,2,0.0267350933344329,34769.81971358992,cgre132
26738,C260A,wt,586.2909999999999,2,2051.667097121108,20.05,False,1,0,0.009772540597904,39100.07802847654,cgre132
26741,A34C:A335T,E11A:K111N,376.518,2,2069.76442035134,84.38,False,2,2,0.040767924682789,39527.74316090097,cgre132
26743,G387T:C626T,G129C,409.708,4,1900.2029303173288,47.87,False,2,1,0.0251920461947744,35429.33743169647,cgre132
26745,A627C,K209Q,198.573,2,1814.066842480859,17.86,False,1,1,0.0098452822033697,33285.17542522294,cgre132
26748,A399G:C587T:C641T,N133D,343.228,5,1982.937418488954,47.45,False,3,1,0.0239291465063774,37453.12539504334,cgre132
26751,A38G,wt,701.651,6,2003.433053394217,47.93,False,1,0,0.0239239339287115,37947.826933304685,cgre132
26754,C626T:A686T,wt,220.902,2,1950.5962390087427,9.09,False,2,0,0.0046601135684642,36666.87364062192,cgre132
26755,G112T:C152T:C230T:G387A:C505T,G37V:G129S:A168V,48.316,2,637.0974350046059,764.75,False,5,3,1.2003658435612303,6385.746458050051,cgre132
26757,A93G:C154T:C320T:T476C:C548T,I31V:T51I,392.256,2,2121.100139124026,27.03,False,5,2,0.0127433870289419,40725.75017514882,cgre132
26759,C27T,wt,79.139,2,1936.8843177630947,0.13,False,1,0,6.711810241209286e-05,36331.56856301927,cgre132
26763,C12A:A115G:A472G,P4T:D38G:K157R,63.531000000000006,2,1686.9198996634796,17.64,False,3,3,0.0104569280399851,30075.714396455292,cgre132
26764,C206T:C239T:G447T:C506A:C548A,A149S,399.265,2,1997.4777046108625,10.09,False,5,1,0.0050513705242911,37804.38128042134,cgre132
26765,T148C:G321T:G513A:A650G,I49T:D107Y:V171I,217.458,2,2031.7981063479356,47.36,False,4,3,0.0233094025691004,38627.55293427584,cgre132
26768,C254T:T386C:A532T:C599T,Q177L,385.05,2,1944.1805668663608,50.82,False,4,1,0.0261395473579452,36510.12681710718,cgre132
26772,C234T:C591T,R78C:P197S,146.802,5,1968.2405362152151,121.95,False,2,2,0.0619588905706113,37096.65395998182,cgre132
26775,G63A:C269T,E21K,382.423,2,2056.634357344921,67.66,False,2,1,0.0328984098502311,39217.72514115681,cgre132
26776,T104A:C701T,wt,535.186,9,1945.6197716062488,55.71,False,2,0,0.0286335494802293,36545.31074709156,cgre132
26780,A6G:G69A:A271T,T2A:D23N:D90V,310.774,2,2112.819720782103,118.56,False,3,3,0.0561145841426132,40534.093071245385,cgre132
26781,C47T:G246A:C287G:C314T,D82N:D95E,195.945,2,1993.014085624854,95.65,False,4,2,0.0479926362236479,37696.70514309063,cgre132
26782,G18A:G72A:G684A,G6S:V24I:V228I,855.085,12,1959.1258023582132,48.32,False,3,3,0.0246640618697568,36874.87917509499,cgre132
26785,T82C:C383T:T425A:T566C:C590A,M27T,234.978,5,1918.5781910186968,58.35,False,5,1,0.0304131467110121,35882.223626650295,cgre132
26791,G26T:C644G,K8N:D214E,555.027,2,1993.202349842624,1.79,False,2,2,0.0008980523227565,37701.24942248633,cgre132
26792,G624A,G208S,154.458,2,1852.4732173026964,57.8,False,1,1,0.03120153072127,34245.157917341916,cgre132
26793,A42G:T292C:C644G,I14V:I97T:D214E,525.885,2,2101.3972717487145,16.13,False,3,3,0.0076758451230771,40268.69122031687,cgre132
26796,A335C:C603T,K111N,229.287,3,1882.552157677281,45.35,False,2,1,0.0240896380028872,34992.67443617604,cgre132
26799,C206T:A322T:A487G,D107V:K162R,497.349,2,2122.9113539201185,18.48,False,3,2,0.0087050266917058,40767.588186652145,cgre132
26805,C164T:G270A,D90N,321.584,2,1982.702983788425,41.23,False,2,1,0.0207948443801805,37447.45035307954,cgre132
26809,G21A:A108G:G413A:C668T:T677C,A7T:T36A,259.44100000000003,8,1894.330004675999,94.94,False,5,2,0.0501179835433363,35284.219376653076,cgre132
26817,G437A:C571T,A190V,240.808,4,2057.414292939855,42.4,False,2,1,0.0206083918759086,39236.179573788526,cgre132
26818,C121T:G203A:C635A:A648G:A660G,T40I:T216A:T220A,45.78,2,1408.8697562896248,167.15,False,5,3,0.1186412010434544,23044.015353433115,cgre132
26819,A372G:C383T,T124A,133.376,2,2093.8323532976992,73.32,False,2,1,0.0350171301367676,40092.28073635578,cgre132
26820,C314G:A354G,T118A,249.427,2,1958.1998792304323,35.63,False,2,1,0.0181952825030315,36852.32093450762,cgre132
26822,G191A:A408G:A572T:T638C,I136V,143.638,2,2064.6348496085684,58.38,False,4,1,0.0282761864700037,39406.79489581339,cgre132
26823,C161T:A319T:T396A:G575T,Y106F:S132T:W191C,133.32,2,1762.7381619599898,10.56,False,4,3,0.0059906798569892,31994.24824224645,cgre132
26827,A405T:A445C,N135Y:H148P,54.058,2,1848.84160797782,8.93,False,2,2,0.0048300514016272,34154.63597112278,cgre132
26830,C170A:T297A:C547T,S99T:A182V,240.354,2,1999.35194079476,33.02,False,3,2,0.0165153514627716,37849.55246920677,cgre132
26831,C702A,R234S,810.8930000000001,4,1884.3695718407416,5.18,False,1,1,0.0027489299749941,35037.70634479967,cgre132
26832,A35T:A54G:T553C,E11D:T18A:F184S,711.693,4,2113.350188712785,69.25,False,3,3,0.0327678774534661,40546.389970545686,cgre132
26837,C422T:G611A,wt,309.9200000000001,2,1960.021956943339,7.72,False,2,0,0.0039387313864786,36896.70708219985,cgre132
26838,C260T:C431T:G611A,wt,558.427,2,2107.0933417444057,35.01,False,3,0,0.0166153056945337,40401.186424672786,cgre132
26839,A163G:G428A,D54G,336.84900000000005,6,2013.2774053479145,106.21,False,2,1,0.0527547767227069,38184.39633276295,cgre132
26842,C260T:T455C,wt,225.669,2,1857.6200770187963,7.27,False,2,0,0.0039136097256589,34373.35308852902,cgre132
26843,T11C:T353A:A399T:A511G,N133Y:D170G,75.721,2,1840.4226975847855,59.84,False,4,2,0.0325142697264758,33944.57479138483,cgre132
26850,C263A:T344C:T426C,wt,219.83,4,1984.8724123623333,77.54,False,3,0,0.0390654832608179,37499.95244210966,cgre132
26852,C206T:A618T,S206C,328.241,2,2061.857293592432,0.34,False,2,1,0.0001648998701591,39341.2138569338,cgre132
26853,C641G,D213E,832.978,4,1940.315857334347,30.75,False,1,1,0.0158479352131075,36415.5862771434,cgre132
26854,C146T:A378G:G428A:A449T:T553C,K126E:F184S,264.146,4,1870.86798342052,53.53,False,5,2,0.028612387658765,34702.789781419975,cgre132
26857,C152T:A238G,H79R,404.438,2,1928.7165204828405,20.72,False,2,1,0.0107428954851347,36131.314476996005,cgre132
26862,C290T:A643G,D214G,380.308,2,2020.9698512780365,39.63,False,2,1,0.0196093969313488,38368.766374389386,cgre132
26865,T14C:C632T,wt,146.175,3,1964.2613966202591,26.07,False,2,0,0.0132721643080989,36999.90020378538,cgre132
26867,C260T:G693A,E231K,326.154,2,1943.500076817089,29.88,False,2,1,0.0153743240643113,36493.48672899745,cgre132
26868,T242A:T308C,wt,482.452,7,2058.0386612906227,61.74,False,2,0,0.029999436434922,39250.949524733194,cgre132
26871,T281A,S93R,1752.5060000000003,6,2048.403125399952,38.63,False,1,1,0.0188585925890234,39022.665580455294,cgre132
26878,G582T,D194Y,176.074,2,1949.0184485267791,15.52,False,1,1,0.0079629826037466,36628.348249097326,cgre132
26881,T14C:G416A,wt,141.76799999999997,2,1954.1296945949184,139.54,False,2,0,0.0714077475952413,36753.096200227395,cgre132
26883,T479A:G503A,wt,770.6769999999999,2,2081.027296218324,38.69,False,2,0,0.0185917791997769,39792.53828446669,cgre132
26885,T242A:G447A:G494T,A149T:E164D,232.332,2,2109.9386427893774,28.84,False,3,2,0.0136686439193667,40467.26157377689,cgre132
26886,C233A:G687A,D229N,69.39099999999999,3,1791.5715372217526,68.67,False,2,1,0.0383294769833689,32720.410420718137,cgre132
26887,C161T:C176A:A694G,E231G,311.135,2,1972.5774967187303,0.95,False,3,1,0.0004816033852055,37201.992842520136,cgre132
26890,T426C:T667C,V222A,97.432,2,1736.7361703748832,22.55,False,2,1,0.0129841252716769,31337.5443718625,cgre132
26891,C259T:G377A:T389C,S86F,380.983,2,1920.505389964948,51.3,False,3,1,0.0267117188361217,35929.617296009135,cgre132
26892,T389A,wt,770.234,2,2020.5047864741368,38.82,False,1,0,0.0192130205579678,38357.63216314411,cgre132
26893,T10C:G125A,L3P,312.29900000000004,4,1995.6172892427933,68.16,False,2,1,0.0341548454041818,37759.51908193725,cgre132
26895,C236T:G375C:T509C,V125L,960.795,4,2057.853488065193,39.94,False,3,1,0.0194085731718208,39246.56942630683,cgre132
26897,C302T,wt,373.181,8,1967.2845615616293,81.85,False,1,0,0.0416055722691319,37073.418399511334,cgre132
26900,C239T:A261G,T87A,819.779,2,2110.775516654209,5.21,False,2,1,0.0024682871100657,40486.682027415234,cgre132
26901,A487G:A646T:A650G,K162R:E215V,359.311,2,2004.6826486762848,36.74,False,3,2,0.0183270903373458,37977.89415565185,cgre132
26903,T14C:G100A:T177C:T201C:T677A,G33D:W59R:S67P,46.620000000000005,2,1696.611401579354,168.5,False,5,3,0.0993156121921292,30321.49570694657,cgre132
26905,T224A:C340G:T427C:A580G,T113R:L142S:E193G,886.71,2,2083.759072713154,42.98,False,4,3,0.0206261849379918,39856.602229161705,cgre132
26906,C101G,wt,914.297,6,1982.9845953546228,22.55,False,1,0,0.0113717474421264,37454.26737747225,cgre132
26909,T95C:A643T,D214V,386.924,4,2061.058151218143,85.0,False,2,1,0.0412409518624026,39322.33361479315,cgre132
26911,T95C:C197A:C314T,wt,321.953,2,2014.019795747871,43.04,False,3,0,0.0213701971007776,38202.20849839962,cgre132
26912,G191A:C443T:A489G,I163V,322.38300000000004,2,2050.3736932036463,21.43,False,3,1,0.0104517532930869,39069.41212898753,cgre132
26913,A136T:C158T:G447A:T459C:C569A,K45M:A149T,367.7250000000001,7,1931.067524124252,62.14,False,5,2,0.0321790922501173,36188.994397462055,cgre132
26919,G280A:T451C,S93N:V150A,61.07900000000001,3,1542.794643074513,322.74,False,2,2,0.209191807509026,26416.914070114177,cgre132
26922,A279G:A384T,S93G:T128S,378.008,2,1971.492443588311,52.19,False,2,2,0.0264723307308289,37175.64974176975,cgre132
26930,C223T:A306G:A572T,A74V:N102D,284.82500000000005,3,1883.8845905580213,63.75,False,3,2,0.0338396525559544,35025.69103138348,cgre132
26932,C113T:C332A,wt,350.87,2,1951.3119438318388,52.85,False,2,0,0.0270843419818448,36684.34424790489,cgre132
26934,T435A,S145T,6482.318,18,2061.258274714977,63.55,False,1,1,0.0308306827822376,39327.06214562311,cgre132
26937,C410T:C635T,wt,336.744,4,2009.7791086023728,34.85,False,2,0,0.0173402140816535,38100.408210088775,cgre132
26939,A135C:C176T:C197T,K45Q,155.247,2,1885.9469223073509,1.04,False,3,1,0.0005514471206472,35076.77700571356,cgre132
26940,C269T,wt,981.5739999999998,6,2049.652782164144,62.0,False,1,0,0.0302490258542896,39052.313967907045,cgre132
26941,G21A:A394T,A7T:K131M,189.267,6,1963.59835894526,30.36,False,2,2,0.0154614103549708,36983.76851922072,cgre132
26950,G245T:C458T,wt,713.68,2,2075.039273546969,4.75,False,2,0,0.0022891133004343,39651.8896833475,cgre132
26951,T104A:C539A,wt,467.091,2,2035.658304219403,53.51,False,2,0,0.0262863369009854,38719.594965248914,cgre132
26952,A34T:T386C,E11V,492.138,2,2067.312254010499,61.2,False,2,1,0.0296036556070688,39469.95146611294,cgre132
26953,C119A:A640G,D213G,142.696,2,1873.123729314508,35.39,False,2,1,0.0188935730438647,34758.804581470635,cgre132
26957,T10A:A261G,L3H:T87A,218.409,2,1961.3389468692412,73.6,False,2,2,0.0375253854605206,36928.77630037414,cgre132
26958,C197T,wt,508.303,7,2020.232343569865,56.05,False,1,0,0.0277443335556921,38351.10881180498,cgre132
26960,T103A:A581T,V34D:E193D,113.624,2,1787.496417990436,136.35,False,2,2,0.076279873138593,32617.92617646874,cgre132
26961,C602T:C701T,wt,643.001,2,2085.2555628787245,13.03,False,2,0,0.0062486345712042,39891.66999482974,cgre132
26963,A238G:C434T,H79R,245.579,2,2023.6646028080904,4.41,False,2,1,0.0021792148728008,38433.250509359736,cgre132
26964,A333G:A532T,K111E:Q177L,135.111,2,1724.8431594683143,49.49,False,2,2,0.0286924638500206,31036.684156829637,cgre132
26965,A108T:T542A,T36S,485.605,2,2070.791194786958,17.14,False,2,1,0.0082770295929152,39551.92700103138,cgre132
26967,C233T:C411T,wt,408.283,4,2038.81193416981,203.2,False,2,0,0.0996658870759168,38794.70514498741,cgre132
26970,T31C:C448T,F10S:A149V,214.82100000000003,2,1915.85329431278,83.39,False,2,2,0.0435262972627098,35815.178320062,cgre132
26971,A194G:A271T:C512T:C632T,D90V,379.768,2,1997.220377512696,53.99,False,4,1,0.027032570169967,37798.17750364474,cgre132
26974,C340T:T491C:T542A,T113M,356.435,6,2055.0085500747587,99.2,False,3,1,0.0482723052399909,39179.240420327274,cgre132
26977,G33A:A572C,E11K,174.674,2,1988.905638380545,22.89,False,2,1,0.0115088416254066,37597.47606545245,cgre132
26978,T292C:C516T,I97T,777.6179999999999,2,2017.4932482526208,20.33,False,2,1,0.0100768614802592,38285.49382916058,cgre132
26979,G619A:C668T,S206N,309.714,2,2048.631015873926,47.24,False,2,1,0.0230593013744097,39028.073252284805,cgre132
26980,A34T:C124A:C539A:A608C,E11V:T41K,166.057,2,1851.577796180876,41.24,False,4,2,0.022272896167292,34222.84370401432,cgre132
26981,C198A:A399G,L66M:N133D,1095.021,2,2112.8540776981627,36.34,False,2,2,0.0171994840455761,40534.88958426708,cgre132
26983,T10C:C32T:C122A:T150A:G270A,L3P:C50S:D90N,295.947,6,1888.9766847582705,67.71,False,5,3,0.035844804515766,35151.78959925385,cgre132
26985,C122T:C635T,wt,421.80099999999993,5,1961.0325767296613,75.05,False,2,0,0.0382706543943079,36921.317036754204,cgre132
26989,A108T:C505T:C554T,T36S:A168V,761.726,4,2132.9953715185907,46.04,False,3,2,0.0215846694347122,40999.96408377109,cgre132
26991,A54G:G672A,T18A:V224I,1462.664,6,2100.533573679317,53.54,False,2,2,0.0254887618416966,40248.57569018453,cgre132
26994,C233T:C340G:G513A,T113R:V171I,262.608,2,1992.900030687654,1.61,False,3,2,0.0008078679187156,37693.95199242679,cgre132
26995,T182A:A304T:C320T:C374A,D101V,170.152,2,1915.5877645230448,21.75,False,4,1,0.0113542174380172,35808.642876495695,cgre132
26996,C158A:T483G:C505T:C701T,L161V:A168V,953.146,2,2105.828948914275,31.48,False,4,2,0.0149489824499898,40371.80065057419,cgre132
26997,G345A,E115K,196.89400000000003,3,1907.6320041232625,58.09,False,1,1,0.0304513658160698,35612.65337399908,cgre132
27001,C188T:T517G:C571T,L172R:A190V,507.453,2,1999.6642013094377,16.49,False,3,2,0.0082463845625689,37857.07591949054,cgre132
27002,G203A,wt,3427.4560000000006,21,1988.673987582516,75.81,False,1,0,0.0381208787731751,37591.87771027197,cgre132
27003,A34G:T148A:C641T,E11G:I49N,160.808,2,1850.452941025112,17.73,False,3,2,0.0095814379317195,34194.807110684815,cgre132
27004,T5C:G79A:T95A:C107A:C407G,G26D:N135K,77.88999999999999,2,1623.1458724411946,78.21,False,5,2,0.0481842090276045,28456.42278068789,cgre132
27005,T182A,wt,509.75299999999993,2,1961.5886458465875,45.25,False,1,0,0.0230680372746911,36934.85534319248,cgre132
27006,C22T:C340G:T509G,A7V:T113R:F169L,267.003,2,2013.1428191681007,86.57,False,3,3,0.0430024135276073,38181.16678080242,cgre132
27007,T91C:A328T:G520A,I30T:K109I:G173D,394.536,3,1854.678119266812,22.9,False,3,3,0.0123471559631343,34300.09032504754,cgre132
27010,A663C,I221L,216.517,3,2006.00043432192,74.75,False,1,1,0.0372632023009842,38009.5901794553,cgre132
27012,C146T:T148C:G666A,I49T:V222I,333.353,4,1983.639952940807,86.53,False,3,2,0.0436218275759754,37470.12969388927,cgre132
27014,C158T:G200C,wt,606.1659999999999,2,2060.377132886292,13.42,False,2,0,0.0065133706765617,39306.240034311806,cgre132
27015,C296T:C441T:A580G,P147S:E193G,129.485,2,1693.2996258481523,20.0,False,3,2,0.0118112587369067,30237.52081381474,cgre132
27017,T276A,Y92N,442.283,4,1940.8618580432549,13.61,False,1,1,0.0070123486344985,36428.94818042052,cgre132
27019,T553A:G680A,F184Y,106.265,2,1913.25948603422,92.3,False,2,1,0.0482422800847146,35751.32099970603,cgre132
27020,T44C:T690C,wt,423.089,2,2085.5605911523216,5.57,False,2,0,0.0026707447501788,39898.815473898096,cgre132
27024,C155T:A399T,N133Y,414.519,4,1920.133228738764,33.86,False,2,1,0.0176341930305747,35920.46669838807,cgre132
27027,A96C:C206T:T281A:C545T:C602T:C626T,K32Q:S93R,417.272,2,1945.360159492036,21.82,False,6,2,0.0112164320285543,36538.96497867649,cgre132
27031,G79A:C244T:C516T,G26D:A81V,173.35299999999998,2,1866.6619470288056,45.23,False,3,2,0.0242304184065,34598.28310701481,cgre132
27032,A186T:G526A,I62F:G175D,45.869,2,1314.5228585920515,67.07,False,2,2,0.0510223154824685,20708.318005641133,cgre132
27033,G21A:C633T:T673C,A7T:P211S:V224A,78.561,2,1568.7318578322058,95.33,False,3,3,0.0607688302650615,27074.66189002356,cgre132
27034,A532T:C632T,Q177L,316.923,6,1937.4491907261845,111.61,False,2,1,0.0576066719758296,36345.40362264961,cgre132
27037,T426G:G671A,L142V,636.646,6,2094.779168185458,39.93,False,2,1,0.0190616751428687,40114.387548362625,cgre132
27040,T360C,Y120H,199.60800000000003,2,1860.7345310270132,46.88,False,1,1,0.025194351595187,34450.870537345756,cgre132
27041,T11A:C164T,wt,283.52600000000007,2,1964.035077130272,3.96,False,2,0,0.0020162572685749,36994.3941702722,cgre132
27042,C668A,wt,383.325,2,1879.200944804821,35.22,False,1,0,0.0187420084570349,34909.59652849445,cgre132
27043,T396A:A406C:A485G,S132T:N135T,165.961,2,1895.8670179468663,80.57,False,3,2,0.0424977064516125,35322.21535535066,cgre132
27045,T224C:A378G,K126E,216.62,2,1961.6368874071543,13.76,False,2,1,0.0070145499854397,36936.0297623368,cgre132
27046,T116A:G285A:A502T:G578T,D38E:D95N:K167M:E192D,522.82,3,2125.0252000367723,135.24,False,4,4,0.0636415982255926,40816.378341086325,cgre132
27047,C410T:A515T,wt,664.362,2,2031.967529143776,42.55,False,2,0,0.0209402952506478,38631.59500502642,cgre132
27048,C656T,wt,323.556,2,1940.3984313350056,2.82,False,1,0,0.0014533097710555,36417.6071669101,cgre132
27050,C275T:A399T:T566A,N133Y,197.064,2,1948.69978693882,2.83,False,3,1,0.0014522503768759,36620.56556490773,cgre132
27051,T148C:A485G,I49T,623.65,6,2013.502168266587,92.6,False,2,1,0.0459895208753208,38189.789488371825,cgre132
27057,T44C:C154T:G403C:T617G,T51I:G134A,113.472,2,1670.013069413744,35.15,False,4,2,0.0210477394720865,29646.696272082358,cgre132
27058,T95C:G125A:A147G:A487T,I49V:K162M,560.7829999999999,10,1974.042433652786,51.55,False,4,2,0.0261139269962963,37237.54672468724,cgre132
27063,A123T:C683T,T41S,655.571,2,2056.192263524724,43.03,False,2,1,0.0209270313692543,39207.26237388143,cgre132
27067,A16G:T95C:C164T:A474T:G570T,E5G:N158Y:A190S,352.681,2,2024.223806215147,44.33,False,5,3,0.0218997523217985,38446.62523949664,cgre132
27068,G245T:C275A:T308C,wt,559.8340000000001,2,2087.5178991955354,11.93,False,3,0,0.00571492105749,39944.647634835404,cgre132
27072,C239T:C287T,wt,203.041,2,1865.752282835032,18.48,False,2,0,0.0099048518766486,34575.670298025696,cgre132
27073,G98T:C161T,K32N,510.4939999999999,6,1993.532465865841,92.71,False,2,1,0.046505387590833,37709.21710188768,cgre132
27077,C27T:C314T,wt,699.428,2,2093.793321974572,18.94,False,2,0,0.0090457829821228,40091.36924113123,cgre132
27078,A606T,T202S,588.684,2,1921.1216341606448,59.93,False,1,1,0.0311953178467973,35944.76766026865,cgre132
27079,C221T:A306G:G317C:A354G,N102D:Q105H:T118A,639.335,2,2029.6759625870616,38.88,False,4,3,0.0191557670863101,38576.904663767185,cgre132
27087,T426A:G518A:C548A,L142M,60.441,1,1564.427659156887,0.0,False,3,1,0.0,26965.454104983746,cgre132
27088,G26A:C146T,wt,417.236,2,1973.9338526134288,0.59,False,2,0,0.0002988955274356,37234.91195122241,cgre132
27089,A186G:C275G,I62V,901.9459999999998,6,2068.7935436459275,69.61,False,2,1,0.0336476301435682,39504.86785989998,cgre132
27092,G423A,V141I,1579.769,8,2058.1221001541776,46.26,False,1,1,0.022476800572976,39252.92310217915,cgre132
27094,T110C:G488T:T527A,K162N,546.5630000000001,2,1976.7193150026571,55.22,False,3,1,0.0279351750048163,37302.47828947595,cgre132
27096,C320T:A364G:G413A:T542A:C644T,N121S,119.667,2,1591.7947897769957,89.86,False,5,1,0.0564520003313926,27660.111457987023,cgre132
27097,G413A:G518T,wt,616.5810000000001,6,2042.7550049121276,88.03,False,2,0,0.0430937629761366,38888.50957583418,cgre132
27100,A35G:A261G:T396A,T87A:S132T,415.619,3,1950.3127504972904,29.12,False,3,2,0.014930938636675,36659.95272625131,cgre132
27104,A348G:C420T:A583G,N116D:R140C:D194G,61.72,2,1488.474740932396,95.44,False,3,3,0.064119327910271,25043.079528685303,cgre132
27105,A608G:G647C,E215D,406.038,2,2028.670116010388,40.6,False,2,1,0.0200131108944634,38552.886698100316,cgre132
27106,A81T:C131T:C152T:C302T,M27L,250.827,2,1985.7572267729088,29.45,False,4,1,0.0148306145398547,37521.35668393812,cgre132
27108,A85T:C641T,K28M,187.786,2,1770.3767587800205,10.46,False,2,1,0.005908346880473,32186.851483695926,cgre132
27111,G321T:A328G,D107Y:K109R,570.114,7,1929.7116749908616,70.48,False,2,2,0.0365235910179865,36155.7335990875,cgre132
27114,G642A,D214N,2641.703,10,2018.0929431169693,58.97,False,1,1,0.0292206561650823,38299.864212924265,cgre132
27116,G380A:C665T,wt,591.1220000000001,2,2011.0990952789537,9.65,False,2,0,0.0047983712103761,38132.109180727624,cgre132
27119,C124A:T342C:C603G,T41K:Y114H:L201V,155.634,3,1826.102580473331,101.06,False,3,3,0.0553419074484878,33586.62332028854,cgre132
27121,G246A:T281A:T386C:C500T:G605C,D82N:S93R,156.27599999999998,4,1754.6410735745153,100.98,False,5,2,0.0575502315093341,31789.92040344866,cgre132
27122,A679G,K226R,538.7719999999999,2,2069.569278371079,56.27,False,1,1,0.0271892323625373,39523.14595159207,cgre132
27123,C446T:T509C:G578A,wt,646.009,2,2037.3685600422184,28.43,False,3,0,0.0139542744290757,38760.33770091692,cgre132
27124,T281G:C401T:C704T,S93R,556.2610000000001,2,2047.9681536555483,1.6,False,3,1,0.0007812621486052,39012.342887136045,cgre132
27125,C158A:A291G:C521A,I97V,293.405,2,1918.132517593984,33.53,False,3,1,0.0174805440669232,35871.26072874775,cgre132
27126,A695C,E231D,1865.057,5,1999.9800323992888,29.06,False,1,1,0.0145301450660674,37864.68470515284,cgre132
27127,G666A,V222I,1872.17,10,1970.7888329581424,52.76,False,1,1,0.0267710061665041,37158.563301486676,cgre132
27129,G611A,wt,388.162,2,2029.0404284255053,27.7,False,1,0,0.0136517733269093,38561.73003665885,cgre132
27130,T11C:C101A,wt,628.1890000000001,2,1988.8067610435887,41.9,False,2,0,0.0210679090702677,37595.086519851546,cgre132
27131,C176T:G191A,wt,327.336,4,1997.1269372600764,131.37,False,2,0,0.0657794943070723,37795.92468332357,cgre132
27133,A37G,K12R,2468.552,8,1963.5135125128356,31.71,False,1,1,0.0161496214810453,36981.70400804441,cgre132
27134,C296T,wt,2781.793,9,2011.206863114097,61.64,False,1,0,0.030648264547267,38134.69679424104,cgre132
27136,C27A:C234T,L9M:R78C,940.887,4,1980.4523756803,21.84,False,2,2,0.0110277834843151,37392.95050137435,cgre132
27138,G523A:C561T:A580G:C701T,G174D:P187S:E193G,75.188,3,1656.638683083448,272.18,False,4,3,0.1642965377902441,29307.138182401835,cgre132
27140,G57A:A356C,E19K,372.056,2,1855.3327061438297,26.35,False,2,1,0.0142023044776516,34316.39454657209,cgre132
27141,T425C:G437A:C654T,H218Y,55.352,2,1482.4359208160708,63.7,False,3,1,0.0429698168437078,24890.75320925056,cgre132
27142,A38T,K12N,6595.412,20,1989.6971588104884,43.8,False,1,1,0.0220134002835814,37616.60216494399,cgre132
27143,G69T:A472C,D23Y:K157T,284.154,4,1953.6492340166756,35.87,False,2,2,0.0183605118950917,36741.376593420966,cgre132
27147,C401A:C547T:G611A,N133K:A182V,202.426,4,1775.9841496378406,108.0,False,3,2,0.0608113535371491,32328.138427410435,cgre132
27149,C22G:G488A,A7G,446.446,2,1929.187776503252,2.72,False,2,1,0.0014099197771873,36142.8788670382,cgre132
27150,T455C:T517A,L172Q,378.457,2,1915.7024320749688,1.83,False,2,1,0.0009552631814628,35811.465218058525,cgre132
27151,A291G:G367A:A679G:C683T,I97V:R122H:K226R,345.729,2,1904.3555702829904,8.22,False,4,3,0.0043164208030638,35531.84120134147,cgre132
27152,A51G:T215C:C244T:A329G:T509C:T517A,I17V:A81V:L172Q,696.37,4,2020.0631195756348,9.06,False,6,3,0.0044850083703836,38347.05665073515,cgre132
27154,A406T,N135I,354.259,4,1799.615310722889,37.39,False,1,1,0.0207766625329392,32922.54854048417,cgre132
27155,C233A:G546A:C665T,A182T,918.963,11,2052.555798782282,112.56,False,3,1,0.0548389476509132,39121.14095645665,cgre132
27163,A74T:C128T,wt,755.1179999999999,2,1997.1607184652316,8.5,False,2,0,0.004256042050803,37796.73914642856,cgre132
27164,C170T:G341A:T507C,F169L,374.814,2,1944.349140243875,14.21,False,3,1,0.0073083582088645,36514.248532507365,cgre132
27165,C152T:T552A:G666A,F184I:V222I,577.324,2,1995.894689354055,44.04,False,3,2,0.0220652924399798,37766.209848338025,cgre132
27166,A84G:C234T:A580G:T659G,K28E:R78C:E193G,189.874,2,1904.103956431494,19.46,False,4,3,0.0102200302322097,35525.632907575586,cgre132
27169,C599T,wt,4202.714,14,2006.5219495006424,62.32,False,1,0,0.0310587183038338,38022.13051549879,cgre132
27172,A279T:T389C,S93C,351.625,2,2022.7248076991723,4.28,False,2,1,0.0021159576348245,38410.76776012137,cgre132
27173,G99A:G140A,G33S,99.634,2,1444.3266902077894,29.3,False,2,1,0.0202862691651739,23931.84791670232,cgre132
27174,T10A:A335G:A629C,L3H:K209N,418.237,4,1903.7214203744256,82.77,False,3,2,0.0434780000446287,35516.19362195882,cgre132
27182,A85G:A417G:A529T,K28R:M139V:H176L,75.228,1,1580.3839314359334,0.0,False,3,3,0.0,27370.394188322774,cgre132
27186,C46T:G257A,P15L,158.68400000000003,2,1814.049611673011,135.47,False,2,1,0.0746782222097346,33284.74348691067,cgre132
27192,C591T,P197S,624.502,8,2017.0245044249168,34.44,False,1,1,0.0170746562198159,38274.25957133002,cgre132
27196,A306G:A440G,N102D,1051.699,2,2028.7093472689016,18.18,False,2,1,0.0089613625650586,38553.82361886064,cgre132
27208,C603A,L201M,721.863,2,1988.8612313839017,79.76,False,1,1,0.0401033509736126,37596.402900093395,cgre132
27209,A559T,K186M,837.9710000000001,4,1939.854997767118,44.6,False,1,1,0.0229914091781793,36404.30661140049,cgre132
27210,C165T:C218T:A643T,D214V,861.074,2,2008.9836629139693,26.0,False,3,1,0.01294186731329,38081.29865027283,cgre132
27213,G78T:T224C:C305T:A629T,G26C:K209N,54.312000000000005,2,1415.7584934963645,3.04,False,4,2,0.0021472588820515,23216.139821291956,cgre132
27214,C401T:T490C,I163T,274.547,3,1946.5904841386616,11.4,False,2,1,0.0058563935727058,36569.03456260732,cgre132
27220,T43C:A85T:T552A:A646T:C656T:C704T,I14T:K28M:F184I:E215V,127.736,2,1734.5041871318224,45.96,False,6,4,0.0264974857604693,31281.103009210077,cgre132
27222,A266G:C683T,wt,286.791,2,1987.2998445886792,59.94,False,2,0,0.0301615280468187,37558.6610303157,cgre132
27225,C237A:G477T,H79N:G159C,590.266,4,2022.2318781307567,73.79,False,2,2,0.0364893862063966,38398.97277290157,cgre132
27227,A76G:T110C,E25G,311.30999999999995,2,1943.9171987168888,5.13,False,2,1,0.0026390012925376,36503.68697704425,cgre132
27231,T110G:C323T,wt,202.665,2,1864.5221397263847,92.17,False,2,0,0.0494335776637791,34545.08498323764,cgre132
27235,T5C:T389A,wt,836.8439999999999,6,2030.5481296643609,46.83,False,2,0,0.0230627382409008,38597.72441004114,cgre132
27238,G526T:A695T,G175V:E231D,425.91,2,1967.7702987086489,43.88,False,2,2,0.0222993507061247,37085.22527338934,cgre132
27239,C237G:G317A:G525A,H79D:G175S,1453.187,3,2078.408409852189,30.37,False,3,2,0.0146121425683414,39731.06226784282,cgre132
27244,C521G,wt,834.169,2,1987.818040455625,20.57,False,1,0,0.0103480296392144,37571.188698082195,cgre132
27245,A328G:C548T:T617A,K109R,569.299,2,2069.6385673643526,36.12,False,3,1,0.0174523226275195,39524.778317164375,cgre132
27248,C146T:C641T,wt,771.5640000000001,2,2068.121406309446,0.13,False,2,0,6.285897897647337e-05,39489.026738935565,cgre132
27249,G29C:C644G,D214E,1078.729,4,2053.9172826502404,38.81,False,2,1,0.0188956002891811,39153.39699267379,cgre132
27251,C374A:A393G,K131E,468.009,2,1940.6119270807867,23.17,False,2,1,0.0119395329260157,36422.83200791788,cgre132
27252,A147T:C189T:G235C:A502T,I49F:R78P:K167M,1281.3919999999998,4,2129.968685830452,55.34,False,4,3,0.0259816026254975,40930.31734145403,cgre132
27254,C340T:C641T:T659A,T113M,459.323,2,1940.081244194836,42.95,False,3,1,0.0221382481421931,36409.84421133354,cgre132
27255,T103C:T224C:A238T:C269T,V34A:H79L,178.663,2,1717.920260612258,44.38,False,4,2,0.025833562254038,30861.430044123783,cgre132
27256,C8T:T429C:C702A,Y143H:R234S,450.253,6,1933.3524245749768,52.04,False,3,2,0.0269169755800939,36245.02231819969,cgre132
27259,T386A:A472T,K157M,729.697,4,2049.870335360408,59.77,False,2,1,0.0291579418312286,39057.47420515781,cgre132
27264,C55G:C269T,T18S,969.17,4,2048.7699166659663,60.14,False,2,1,0.0293541990785709,39031.3690640332,cgre132
27266,G102A:A430T:C443A,V34I:Y143F,487.068,4,1982.103860879845,80.83,False,3,2,0.0407799013943295,37432.94551381287,cgre132
27268,A348T:C407T,N116Y,295.03600000000006,2,1854.115397789809,53.41,False,2,1,0.0288061897677281,34286.07278692424,cgre132
27271,C27A,L9M,549.3299999999999,2,1998.0546228462667,41.57,False,1,1,0.0208052370163848,37818.288257770066,cgre132
27272,G79A:G326A:C603G,G26D:L201V,529.576,4,2036.527150246078,44.12,False,3,2,0.0216643318478071,38740.29593586181,cgre132
27274,C101G:G257A:C448T,A149V,1926.465,4,2099.3414745510395,57.3,False,3,1,0.0272942733207583,40220.800851373686,cgre132
27279,C165A:G671A,L55M,1137.255,2,1995.6761531425143,32.47,False,2,1,0.016270174872246,37760.93889724897,cgre132
27281,A328G:A471C,K109R:K157Q,830.0989999999999,6,2021.2760185878024,22.49,False,2,2,0.0111266347560552,38376.095517664224,cgre132
27285,C56T:A227T,K75N,631.394,4,2019.0426997975069,36.21,False,2,1,0.0179342418085717,38322.61767781635,cgre132
27290,C244A,A81E,292.705,2,1890.49550411048,7.98,False,1,1,0.0042211155660773,35189.376426494346,cgre132
27291,A17G:A38C,K12N,653.3209999999999,2,1988.8263474168225,28.48,False,2,1,0.0143200033713305,37595.559864440955,cgre132
27292,A74T:C234A:G299C:G377A:T427C:C641T,R78S:L142S,789.146,2,2062.695935912296,24.46,False,6,2,0.0118582674131181,39361.02172284911,cgre132
27293,G423A:T593A,V141I,1038.989,6,2053.955836601513,47.54,False,2,1,0.0231455804223424,39154.31019073992,cgre132
27298,C357A,L119I,522.568,2,2042.239963915198,31.54,False,1,1,0.0154438266595931,38876.26375435597,cgre132
27302,A356G:A399G:C468T:T621C,N133D:R156C:F207L,708.934,2,2002.5329255092931,21.53,False,4,3,0.0107513837728907,37926.16162177116,cgre132
27303,C315A:G666A,Q105K:V222I,567.5749999999999,4,1921.7961087262108,96.25,False,2,2,0.0500833566906302,35961.34721529574,cgre132
27305,C46T:C278T:C357A:A449G,P15L:L119I,483.678,8,1963.9102424689383,69.08,False,4,2,0.0351747236233952,36991.356980807934,cgre132
27313,A36G:C302T:T617C,K12E,605.654,2,2001.6037261578945,7.75,False,3,1,0.0038718952701373,37903.790607513154,cgre132
27314,A108G:C221T:A316T,T36A:Q105L,160.704,2,1718.7497454614802,47.38,False,3,2,0.0275665495370174,30882.433092553467,cgre132
27315,A147G:C233T,I49V,1030.327,4,2073.143994333575,87.19,False,2,1,0.0420568953426835,39607.309959562015,cgre132
27317,C9A:C260A,L3I,566.3810000000001,2,2040.2030555456836,24.45,False,2,1,0.0119841012557745,38827.81323071442,cgre132
27318,A136T,K45M,1153.879,9,1910.5106856156965,97.53,False,1,1,0.0510491779681249,35683.60845308433,cgre132
27321,T50C:C462T,P154S,249.659,2,1829.4760903728215,59.13,False,2,1,0.0323207284922483,33671.02028913604,cgre132
27322,A64T:T281C,E21V,735.636,2,1916.4301559279545,11.46,False,2,1,0.0059798683320399,35829.3752076914,cgre132
27324,G167T,wt,1007.809,4,1986.6922511669936,46.78,False,1,0,0.0235466766292168,37543.96981951848,cgre132
27326,A85G:G173A:A356G:A606T,K28R:T202S,463.3059999999999,2,1990.738550543166,31.15,False,4,2,0.0156474590756786,37641.75960529602,cgre132
27328,T44C:G78A:C209G:C468A,G26S:R156S,384.0,2,1910.5569316226845,8.52,False,4,2,0.0044594326706421,35684.74798733544,cgre132
27330,A96G:G173A,K32E,479.641,2,1926.0886871110429,22.76,False,2,1,0.0118166936716387,36066.80574571079,cgre132
27331,C234A,R78S,504.81,8,1940.919144646748,121.66,False,1,1,0.0626816425277429,36430.350014754586,cgre132
27337,C9T:G235T:C661T,L3F:R78L:T220M,204.108,2,1783.7565367921827,74.23,False,3,3,0.0416144235319756,32523.828348163224,cgre132
27339,T483C,wt,1423.365,6,2064.413896733027,103.69,False,1,0,0.0502273309456458,39401.580271617284,cgre132
27342,C185A:G570A,A190T,432.577,3,1883.0822450387896,32.34,False,2,1,0.0171739710706761,35005.81059064097,cgre132
27344,A279T:C320T,S93C,377.366,2,1949.695313842488,16.49,False,2,1,0.0084577317711767,36644.877321425316,cgre132
27345,G167C:T281C:T509C,wt,527.623,2,2006.7155569907063,8.86,False,3,0,0.004415174820933,38026.7855026768,cgre132
27346,C124T:C623A,T41M:F207L,376.766,2,1861.424424342047,2.21,False,2,2,0.0011872628139502,34468.0359398546,cgre132
27347,T116C:A329G:C420T:T584A,R140C:D194E,433.347,4,1973.1145413422885,121.55,False,4,2,0.0616031139871438,37215.02848197026,cgre132
27349,C113T:C320T:C539A:A559C,K186T,370.402,2,1880.010501672388,27.27,False,4,1,0.0145052381227347,34929.67067123167,cgre132
27350,A34G:A97C:A265T:G570A,E11G:K32T:Q88L:A190T,251.042,2,1816.6746263113496,23.58,False,4,4,0.0129797596435184,33350.53466944496,cgre132
27353,C71T:T110A:C189T:A474T:G523T,N158Y:G174V,79.72800000000001,2,1273.8387103070895,237.52,False,5,2,0.1864600267507493,19716.01090574125,cgre132
27357,A81G:T116A:A335G:C411T,M27V:D38E,398.046,2,1956.0234763452152,10.04,False,4,2,0.005132862729623,36799.27635301925,cgre132
27358,C71A:C602T:G624A,D23E:G208S,643.672,4,1948.5742591814185,73.05,False,3,2,0.0374889484738897,36617.499627455036,cgre132
27360,C128T:G200T:A532T,Q177L,456.504,2,1900.5353521019792,21.98,False,3,1,0.0115651624031567,35437.54620726386,cgre132
27361,A108G:G203A:A515T,T36A,235.802,2,1781.6540103252587,77.82,False,3,1,0.0436785142059053,32470.9091360674,cgre132
27362,C164T:C239A,H79Q,622.088,4,1949.7396445045451,49.52,False,2,1,0.0253982628601593,36645.95978092102,cgre132
27364,A316G:C661A,Q105R:T220K,553.692,20,1965.0829392886224,64.84,False,2,2,0.0329960627633725,37019.88445376874,cgre132
27377,G26A:A90G:C233T:C516T:C661A,I30V:T220K,385.948,2,1962.1334977922293,2.0,False,5,2,0.001019298637045,36948.118670260716,cgre132
27378,C53T:C206T:G488T,K162N,456.469,2,2045.4726434299507,59.97,False,3,1,0.0293184072603578,38953.091003035304,cgre132
27379,G284A:A346G:C500T,E115G,267.832,2,1880.808659188414,16.33,False,3,1,0.0086824355684573,34949.45909894104,cgre132
27380,T215C:A618G,S206G,466.151,2,1949.5220842615,12.68,False,2,1,0.0065041581741318,36640.647313336034,cgre132
27381,A108T:T292C,T36S:I97T,1027.046,4,1980.3778475235572,58.56,False,2,2,0.0295701146491962,37391.145181493375,cgre132
27386,A147G:A271G:T426A,I49V:D90G:L142M,425.2720000000001,2,1939.7858716678536,46.99,False,3,3,0.0242243232546061,36402.61462340786,cgre132
27387,T187C:G423A:T617C,I62T:V141I,76.124,3,1663.6184563640318,181.94,False,3,2,0.1093640187171547,29484.361765380345,cgre132
27388,T14C:C434T,wt,831.314,4,1991.8767289932784,56.45,False,2,0,0.0283401071855137,37669.24672011587,cgre132
27390,A17G:C366T:G546A,R122C:A182T,207.928,2,1665.5912110110703,96.99,False,3,2,0.0582315752861854,29534.4458103856,cgre132
27394,G114T:G285A:C410T:C641T,D38Y:D95N,519.808,5,1933.3961136370167,51.21,False,4,2,0.0264870709311947,36246.09332368705,cgre132
27397,G568C:A646T,G189A:E215V,765.889,9,1894.958120586808,56.5,False,2,2,0.0298159623614815,35299.748252378115,cgre132
27406,G299A:A499T,N166I,1010.971,4,2050.789950914346,85.3,False,2,1,0.0415937282908807,39079.28281984341,cgre132
27410,G416A:T459C:A581T,E193D,346.38300000000004,2,1953.864264422262,28.32,False,3,1,0.0144943538380205,36746.62188503136,cgre132
27411,G651A,D217N,694.8980000000001,4,2008.8639082692723,19.35,False,1,1,0.0096323100436758,38078.42130671483,cgre132
27419,T104A:A147T,I49F,397.115,2,1942.779002456665,10.51,False,2,1,0.005409776401078,36475.851229427666,cgre132
27420,C188T:T565A,L188H,240.885,4,1712.9410275661082,79.2,False,2,1,0.0462362677555421,30735.32806373555,cgre132
27422,G341C:A356G:C452A:A581G:C603G,L201V,1900.5590000000004,12,2139.438155147794,107.53,False,5,1,0.0502608592546914,41147.92914383658,cgre132
27429,A511G:A655G:C668T,D170G:H218R,82.437,2,1498.5823633269483,136.18,False,3,2,0.0908725495058354,25298.243018714325,cgre132
27434,G69T:C107T:A136C,D23Y:K45T,282.08,4,1813.293604245692,120.62,False,3,2,0.0665198397642705,33265.7910192325,cgre132
27436,C302T:G341A:A502T:T517A,K167M:L172Q,15026.404,20,2319.938046304314,102.64,False,4,2,0.0442425607716148,45113.51604009825,cgre132
27446,G510A,D170N,522.188,2,1914.7318886808036,25.42,False,1,1,0.0132760101559251,35787.574739074465,cgre132
27447,T10C:C244T:G326A:C467T:T677A,L3P:A81V,684.4300000000001,3,2022.256068834632,9.82,False,5,2,0.0048559626801659,38399.55165830158,cgre132
27450,C60T:T677C,wt,593.191,3,1947.973020591732,52.53,False,2,0,0.0269664925770086,36602.81343174726,cgre132
27452,G86A:C599T,wt,3133.8450000000003,12,2071.130953812029,58.73,False,2,0,0.0283564879815562,39559.92749256478,cgre132
27458,G477A,G159S,2197.513,10,1905.9692886160124,49.09,False,1,1,0.0257559239244856,35571.6500662881,cgre132
27459,G317A:G525A,G175S,633.367,5,1995.884289006248,48.08,False,2,1,0.0240895728599271,37765.959006199846,cgre132
27464,A54T,T18S,3521.863,8,2018.4036539194676,60.3,False,1,1,0.0298750945495493,38307.30868648203,cgre132
27467,A64T:A440T:A449G:A695G,E21V,859.9769999999999,2,2040.2287889109623,5.31,False,4,1,0.0026026492856393,38828.425532830646,cgre132
27468,A348G:C404T,N116D,453.937,4,1941.1384032844908,69.88,False,2,1,0.0359994938443132,36435.71521428995,cgre132
27470,C92T,wt,415.32499999999993,2,1926.299885529728,70.26,False,1,0,0.0364740716270554,36071.99173570525,cgre132
27473,A97G:T566C,K32R,592.1410000000001,2,1945.5620028632768,26.44,False,2,1,0.0135899035656989,36543.89872506611,cgre132
27474,G613C,W204S,314.419,2,1770.1651683218,68.92,False,1,1,0.0389342199436335,32181.51843840978,cgre132
27479,A294G:A440G:T455C,I98V,506.333,2,1941.3832699440995,14.25,False,3,1,0.007340127125135,36441.706700366594,cgre132
27480,C47A:A449T,wt,417.892,4,1888.732985583451,139.55,False,2,0,0.0738855100563044,35145.75761983224,cgre132
27482,A163T:G624T:C668A,D54V:G208C,285.932,2,1835.856952409935,53.09,False,3,2,0.0289183751110393,33830.53448899281,cgre132
27483,A186G:C311T:G375A:C401T,I62V:V125M,925.797,4,1961.0277907973737,25.05,False,4,2,0.0127739138208818,36921.200507906084,cgre132
27487,A34G,E11G,1544.1049999999998,6,1982.5759195608057,46.5,False,1,1,0.0234543351108092,37444.37431224969,cgre132
27488,C101T:T308C:C432G,H144D,785.1120000000001,4,1978.414627026449,62.23,False,3,1,0.0314544783231468,37343.576229131526,cgre132
27490,C641T,wt,6030.558999999999,16,2025.137797516405,33.74,False,1,0,0.0166605946723122,38468.480590246836,cgre132
27491,T242C:A328G,K109R,1013.676,8,2008.8616945985304,58.22,False,2,1,0.028981587013453,38078.368117906335,cgre132
27497,C149T:A400G,N133S,1084.628,2,2028.676738319688,1.67,False,2,1,0.0008231967017984,38553.04485287664,cgre132
27498,C119T:G203A:T566A,wt,644.75,2,2027.375895149676,20.66,False,3,0,0.0101905127950999,38521.97163943387,cgre132
27499,C131A:A372T:C446T:A572G,T124S,804.1199999999999,2,1966.0236470003035,4.93,False,4,1,0.0025075995436382,37042.762172695126,cgre132
27500,G79A:T308C,G26D,383.702,2,1927.6775750954896,8.83,False,2,1,0.0045806415523418,36105.81483166154,cgre132
27501,A6T,T2S,758.206,4,2024.8909666074603,52.11,False,1,1,0.0257347189845515,38462.57898513461,cgre132
27503,C22T:A74G:G437A:T566A:C635T,A7V,912.434,2,1995.3891508225447,8.29,False,5,1,0.0041545780664301,37754.01608727517,cgre132
27504,C53T:G62T:A648G,T216A,356.37800000000004,2,1914.9160448643715,24.63,False,3,1,0.0128621826873587,35792.10824015153,cgre132
27509,A153T:C401T,T51S,409.374,2,1870.7391082440788,31.46,False,2,1,0.0168168826221466,34699.588839561446,cgre132
27512,C122A:C392T,wt,1291.963,4,2029.4229593585355,27.58,False,2,0,0.0135900699619154,38570.864078943654,cgre132
27514,T95C:A354T:T491C,T118S,525.922,2,1959.6912707017775,3.11,False,3,1,0.001586984667685,36888.65304081931,cgre132
27516,A42G:G488A:G513C:A558G,I14V:V171L:K186E,254.271,2,1872.5375801927291,37.28,False,4,3,0.0199088127225532,34744.25155180985,cgre132
27517,C468T:C516T:G647A:C674T,R156C,737.73,2,2026.482288844732,49.85,False,4,1,0.0245992774150613,38500.618733438794,cgre132
27518,A81T,M27L,4981.545,16,1977.3738669061397,94.5,False,1,1,0.0477906589045083,37318.348245500965,cgre132
27520,T148C:C623A,I49T:F207L,455.86,2,1851.743896455632,4.15,False,2,2,0.0022411306487594,34226.98323850121,cgre132
27521,C45T,P15S,479.438,3,1878.4812767368649,24.42,False,1,1,0.0129998634015774,34891.74870043615,cgre132
27522,G29A:G77T,E25D,1135.809,4,1989.237992402985,47.39,False,2,1,0.0238231926903594,37605.50750184854,cgre132
27524,A51G,I17V,631.744,2,1976.987672949409,47.2,False,1,1,0.0238747062745129,37308.98510927665,cgre132
27528,C185T:C234T:A238G:A328G:T389C,R78C:H79R:K109R,1066.876,6,1952.4104346994848,72.03,False,5,3,0.0368928575261824,36711.15273573138,cgre132
27531,T11C:A51G,I17V,675.482,4,1973.2685874777824,39.92,False,2,1,0.0202303934970279,37218.76728585415,cgre132
27533,T425A:T483C:C530T:G703A,R234H,273.716,4,1833.5696352095604,52.3,False,4,1,0.0285235962658285,33773.37236739236,cgre132
27535,A129G:G162C:T491C,T43A:D54H,413.203,3,1939.551136730096,136.76,False,3,2,0.0705111597266596,36396.868846320634,cgre132
27537,T14A:T52C:C668T,I17T,376.182,4,1830.2221387238008,53.38,False,3,1,0.0291658585428441,33689.67875416887,cgre132
27542,A466C:A559T,D155A:K186M,277.719,2,1811.599646771067,7.69,False,2,2,0.004244867244099,33223.31765172363,cgre132
27543,G413T,wt,1580.4460000000004,10,2022.3964697702952,69.33,False,1,0,0.0342811120550831,38402.91137795921,cgre132
27548,T52C:A471G,I17T:K157E,338.353,4,1799.8081777745756,81.13,False,2,2,0.0450770259863556,32927.39269138207,cgre132
27550,C569A:A648T:A694T,T216S:E231V,418.209,2,1956.375797122915,0.37,False,3,2,0.0001891252184494,36807.8653111396,cgre132
27551,A37T:G423A,K12I:V141I,528.601,6,1919.2695551479264,84.48,False,2,2,0.04401674573194,35899.22799572034,cgre132
27556,C197A:A306T:G387T,N102Y:G129C,207.912,2,1710.3474866374395,73.73,False,3,2,0.0431081991092663,30669.628766689657,cgre132
27558,G167T:C278T,wt,908.331,4,2032.0591949147315,55.14,False,2,0,0.02713503629126,38633.781866381,cgre132
27560,G380A,wt,3913.399000000001,8,2049.778590037939,64.07,False,1,0,0.0312570344482006,39055.29810429435,cgre132
27561,G536A,M178I,754.273,6,1923.7194608148063,25.6,False,1,1,0.0133075536851703,36008.61213494372,cgre132
27562,A120T:T281A,T40S:S93R,1453.9499999999998,10,2091.725372405862,48.57,False,2,2,0.0232200654257665,40043.05759835142,cgre132
27567,C9A:C432T,L3I:H144Y,577.762,2,1932.453907877552,67.59,False,2,2,0.0349762546596701,36222.99340617484,cgre132
27569,A123T:G167A,T41S,532.299,2,1937.716566150051,40.7,False,2,1,0.0210041038565638,36351.9516242165,cgre132
27570,A238G:G582T,H79R:D194Y,177.593,2,1620.3205221426997,21.59,False,2,2,0.0133245241944165,28384.650202506153,cgre132
27571,A291G:G345A:C548T,I97V:E115K,986.244,10,1969.001662564957,64.45,False,3,2,0.0327323238092358,37115.14943221551,cgre132
27588,T28C,L9P,2400.198,6,2011.898446240496,48.77,False,1,1,0.0242407861545563,38151.300407283044,cgre132
27590,C365T:G423A,V141I,1005.597,2,2013.7461011007135,51.29,False,2,1,0.0254699437888246,38195.64220978349,cgre132
27595,T479C:T553A:C599T,F184Y,595.402,2,1980.8788092181,28.26,False,3,1,0.0142663952325053,37403.279432601084,cgre132
27596,T110C:C320T:G639A,D213N,629.815,2,1926.47445520272,14.68,False,3,1,0.0076201373760002,36076.2781155209,cgre132
27597,A85G:G125T,K28R,968.151,4,1983.917725467605,69.75,False,2,1,0.0351577079556361,37476.85205200372,cgre132
27599,A35T:A618G,E11D:S206G,774.5029999999999,4,1948.0282558566316,35.1,False,2,2,0.0180182191374657,36604.16273056481,cgre132
27607,A17G:A156T,T52S,513.02,2,1893.313571294932,0.83,False,2,1,0.0004383848574181,35259.085953601556,cgre132
27608,A135C:A400G:A581G,K45Q:N133S,600.0319999999999,2,1931.7354718527815,33.89,False,3,2,0.0175438099542144,36205.37619835701,cgre132
27609,G526A:A637T,G175D:D212V,849.586,4,1971.4634203835544,43.23,False,2,2,0.0219278732504148,37174.94500708374,cgre132
27612,G639A:G645A,D213N:E215K,215.105,3,1791.4593909883347,42.15,False,2,2,0.02352830335537,32717.59076655945,cgre132
27614,G86A:C434T,wt,1851.492,4,2072.9784190537653,40.23,False,2,0,0.0194068590537297,39603.413962501516,cgre132
27616,C45A,P15T,827.6759999999999,4,2034.4012845734608,90.27,False,1,1,0.0443717769372753,38689.63522275743,cgre132
27618,T30C:C92T:T110C:C470T:T659C,F10L,659.3629999999999,6,1929.1574293322824,103.86,False,5,1,0.0538369748475882,36142.1342003601,cgre132
27624,A306G:C657A,N102D:L219I,345.77700000000004,2,1815.4708660184544,5.82,False,2,2,0.003205779893766,33320.367664473786,cgre132
27625,G162C:A271G,D54H:D90G,962.674,4,1971.7299226804007,64.56,False,2,2,0.0327428210412489,37181.41594933008,cgre132
27627,C357G:C528T:G579A:T667C,L119V:H176Y:E193K:V222A,1500.098,2,1986.8829038820256,23.63,False,4,4,0.0118930008174266,37548.57994526702,cgre132
27628,A35G:G173A,wt,1667.035,4,2068.532974215608,16.85,False,2,0,0.0081458696622371,39498.727129438324,cgre132
27631,C46T:C383T:T386A:T659A:C661T,P15L:T220M,330.182,2,1869.37841776758,37.71,False,5,2,0.0201724806714273,34665.78800304012,cgre132
27633,G235T,R78L,770.072,2,1973.230272951139,32.88,False,1,1,0.0166630324147749,37217.8373807665,cgre132
27637,A74T:T91A:G526A,I30N:G175D,1390.6760000000002,2,2007.729759226096,12.79,False,3,2,0.006370379251105,38051.166039768534,cgre132
27640,C603G:T638C:G666A,L201V:V222I,2926.437,10,2049.5970927256344,55.41,False,3,2,0.0270345816729831,39050.992986131445,cgre132
27646,T342A:C539A,Y114N,718.261,4,1916.985557379531,79.86,False,2,1,0.0416591557993616,35843.04224043416,cgre132
27648,C443A:C590A,wt,1535.1639999999998,6,2070.3080170515886,74.95,False,2,0,0.0362023425416375,39540.547700427196,cgre132
27654,T425A:T553C:G624A,F184S:G208S,756.1320000000001,4,2058.438224284243,59.05,False,3,2,0.028686797254036,39260.39986915933,cgre132
27662,G167A:A271T:C275T:A279T,D90V:S93C,620.6990000000001,2,1987.333554359913,23.59,False,4,2,0.0118701764725136,37559.47603757236,cgre132
27663,C275A:G480C,G160R,263.103,2,1842.5814439800456,131.68,False,2,1,0.0714649550120108,33998.46552414839,cgre132
27664,T10C:T301A:C314T:C524A:G576A:G642A,L3P:F100Y:E192K:D214N,1170.745,4,2014.2274566295416,67.22,False,6,4,0.0333725964159385,38207.190189408255,cgre132
27666,G222T:C263A,A74S,531.8729999999999,2,1826.8250246143773,6.03,False,2,1,0.0033008087357862,33604.7007256605,cgre132
27668,G437A:T542G:C562A:T659C,P187H,398.134,3,1819.990346550508,41.55,False,4,1,0.0228297914210101,33433.60183049795,cgre132
27670,C22T:T224C,A7V,1798.6760000000002,6,2083.085463172868,67.89,False,2,1,0.0325910776107058,39840.8110590084,cgre132
27673,T14C:G86C:T150A,K28N:C50S,98.244,2,1492.725504097577,156.86,False,3,2,0.1050829503277156,25150.35833407428,cgre132
27674,G200A:A306C,N102H,1249.035,4,1997.564242232983,49.82,False,2,1,0.024940374355274,37806.467471617936,cgre132
27676,C22T:C56T:C206T,A7V,1181.2050000000002,4,1989.2091869226736,28.57,False,3,1,0.014362491480445,37604.81143828268,cgre132
27678,A153T,T51S,759.319,5,1967.675691787153,20.96,False,1,1,0.0106521618819018,37082.92576916397,cgre132
27679,G341A:A475G:T517A,N158S:L172Q,1103.2710000000002,4,2015.590711923517,35.66,False,3,2,0.01769208390823,38239.88629856975,cgre132
27682,A90G:C161T:C374T:C434T,I30V,956.21,4,2020.2470675099687,28.17,False,4,1,0.0139438390744556,38351.46137463302,cgre132
27691,G245T:C314A,wt,1687.2289999999998,5,2008.937833952284,45.78,False,2,0,0.0227881615977806,38080.19753041928,cgre132
27694,T104C,wt,4274.558999999999,18,2005.876239730936,68.25,False,1,0,0.0340250303823105,38006.60351590734,cgre132
27697,T52C:C176A,I17T,332.919,2,1824.613341589439,70.82,False,2,1,0.0388137028189808,33549.35256880325,cgre132
27708,A36G:G162T:A502T,K12E:D54Y:K167M,6463.192999999999,18,2219.755836571041,83.25,False,3,3,0.0375041248359099,42957.54231282253,cgre132
27718,C269T:A306G:G375T:T386C:T677C,N102D:V125L,2939.133,15,2131.307235840427,54.39,False,5,2,0.0255195492631791,40961.12922576211,cgre132
27725,T553C:G636A,F184S:D212N,443.439,2,1890.5757759610804,69.73,False,2,2,0.0368829437500607,35191.362628757066,cgre132
27728,G203A:G387T:T427C,G129C:L142S,493.207,2,1907.3590518968504,10.32,False,3,2,0.0054106226039281,35605.923247248356,cgre132
27732,T342A,Y114N,721.9189999999999,4,1904.1651425431344,61.1,False,1,1,0.0320875530356558,35527.14263760066,cgre132
27734,C236A,wt,2213.715,10,2076.5264148019714,45.9,False,1,0,0.0221042215850537,39686.848337445226,cgre132
27748,A17G,wt,1113.119,2,2061.137972383825,26.3,False,1,0,0.0127599415237508,39324.21967341853,cgre132
27749,G351A:T617C:T621C,G117S:F207L,673.2699999999999,4,1937.6390961112377,62.31,False,3,2,0.0321576913497738,36350.05443236236,cgre132
27751,G428A,wt,4885.909,14,2016.6796003014215,66.16,False,1,0,0.0328064011705733,38265.992321793405,cgre132
27755,A35T:C233T:A393G,E11D:K131E,822.962,2,1982.9662435924645,5.38,False,3,2,0.0027131072036068,37453.82314900548,cgre132
27760,G246A,D82N,746.751,4,1931.976581746594,93.05,False,1,1,0.0481631096769706,36211.2889304179,cgre132
27762,G77T:G212A,E25D,601.14,2,1940.1578356000812,18.27,False,2,1,0.0094167596392224,36411.71879189031,cgre132
27763,G570C,A190P,789.502,2,1942.88785680477,28.59,False,1,1,0.0147152085488961,36478.51370550711,cgre132
27768,A74T:T272C:T566A,wt,1117.893,6,1955.098120804848,38.85,False,3,0,0.0198711254369201,36776.714175194946,cgre132
27771,T44C:A64G:T91A,E21G:I30N,684.46,2,1992.2443776026869,27.66,False,3,2,0.0138838389059899,37678.123577362174,cgre132
27772,G341C,wt,989.367,4,1978.5976019676216,33.85,False,1,0,0.0171080769360772,37348.01079775524,cgre132
27774,T224C:T360A,Y120N,313.848,2,1735.214998692301,34.15,False,2,1,0.0196805583318126,31299.078803286375,cgre132
27781,G29A:A145G:C263T,Y48C,103.546,2,1398.7804838762645,58.67,False,3,1,0.0419436792808369,22792.265420395204,cgre132
27785,G62A:C234A:T584A,R78S:D194E,1442.543,4,2020.1246686219583,25.04,False,3,2,0.0123952746030675,38348.5305006924,cgre132
27787,A339T:A558G:G680A,T113S:K186E,390.893,2,1825.676271408556,4.38,False,3,2,0.0023991109862104,33575.95505434236,cgre132
27791,A25G:A306G,K8R:N102D,1316.2959999999998,6,2047.4045764542764,108.6,False,2,2,0.053042765093392,38998.965929377795,cgre132
27794,A108G,T36A,4282.228999999999,16,1962.148582161676,59.59,False,1,1,0.0303697694159075,36948.48584244261,cgre132
27797,T150A:A322G:C635T,C50S:D107G,152.738,2,1512.135331466738,27.59,False,3,2,0.0182457214151846,25640.753638221555,cgre132
27798,A359G:T509A,F169L,1283.336,5,1922.04532596167,46.49,False,2,1,0.0241877750602678,35967.47269692859,cgre132
27801,A123G:A686G,T41A,354.275,2,1797.3206362191006,20.17,False,2,1,0.0112222602876414,32864.905008945694,cgre132
27802,C158T:C365T,wt,536.48,6,1951.6327712989944,77.53,False,2,0,0.0397257112814295,36692.174748854595,cgre132
27811,C383T,wt,1147.77,4,2039.8265893925625,20.51,False,1,0,0.010054776276893,38818.854974332964,cgre132
27814,A25G:G257A,K8R,741.473,4,2000.777671076396,51.74,False,2,1,0.0258599447344714,37883.89776478289,cgre132
27816,G23A:G523A,G174D,867.625,4,1943.495763140235,33.0,False,2,1,0.0169797128585861,36493.381237472,cgre132
27818,T10C:T148C:C434T:G546T,L3P:I49T:A182S,745.533,2,1973.3662833620197,9.42,False,4,3,0.0047735689412667,37221.1383512384,cgre132
27822,T371C,wt,607.71,4,1963.7824120393875,59.34,False,1,0,0.0302171969950456,36988.24680322477,cgre132
27824,G299C:T342A:C355G:A577T,Y114N:T118R:E192V,160.733,2,1619.2983960455117,69.47,False,4,3,0.0429012961228471,28358.685174975155,cgre132
27826,C234T:A511T,R78C:D170V,544.0709999999999,4,1921.906182776661,43.0,False,2,2,0.0223736207237108,35964.052755048695,cgre132
27834,C198T:T297G,S99A,591.125,2,1958.3353651293487,16.58,False,2,1,0.0084663741947513,36855.622106699164,cgre132
27835,A34G:G59A,E11G,977.23,6,1950.1878402433508,45.78,False,2,1,0.0234746618019561,36656.90308938301,cgre132
27840,C239T,wt,349.95,2,1806.456207404288,39.06,False,1,0,0.0216224450058081,33094.29295374388,cgre132
27846,C198A,L66M,3758.405,18,2064.893557210045,81.29,False,1,1,0.0393676466838484,39412.90004684156,cgre132
27849,A474G:A577G,N158D:E192G,767.462,2,1988.6430092338885,14.0,False,2,2,0.0070399764739038,37591.12902222096,cgre132
27853,G77T,E25D,753.3119999999999,2,1950.435355736432,16.89,False,1,1,0.0086596051237098,36662.945995060516,cgre132
27855,A35G:A583G,D194G,511.263,2,1957.321602528749,25.3,False,2,1,0.0129258267866219,36830.91858281018,cgre132
27856,A34T:A42G:C109T,E11V:I14V:T36I,428.637,3,1855.12986918892,64.86,False,3,3,0.0349625118312376,34311.34255112519,cgre132
27857,G72A:C92T:A356G,V24I,729.657,3,1972.3690324960687,70.69,False,3,1,0.0358401489961239,37196.93230438262,cgre132
27859,G243C,A81P,811.6239999999999,2,1926.8470614462965,38.02,False,1,1,0.01973171652319,36085.426507837554,cgre132
27873,C244G:C634T,A81G:P211L,523.167,2,1897.2523793901769,0.41,False,2,2,0.0002161019822422,35356.45217890942,cgre132
27874,T28G:C236T:G447T,L9R:A149S,449.231,8,1733.568824949492,65.75,False,3,2,0.0379275394514063,31257.44695029911,cgre132
27878,G162A:C230T:C563A:T653A,D54N:D217E,1003.891,2,2009.37259306156,46.98,False,4,2,0.0233804323609388,38090.64276299388,cgre132
27889,A93G:C311T:C443T:C603T,I31V,1774.75,8,2058.5638009588333,79.3,False,4,1,0.038522002554919,39263.36970501005,cgre132
27893,T281A:C383A,S93R,1484.592,10,2032.6991137330976,54.93,False,2,1,0.0270231829339069,38649.04657167834,cgre132
27898,T104A:A156G:C165T,T52A,540.6199999999999,2,1728.5599394138872,37.34,False,3,1,0.0216017964714958,31130.738308953085,cgre132
27899,C168T:C269T:G642A:C702A,P56S:D214N:R234S,170.622,2,1588.812631278156,157.22,False,4,3,0.0989543995968365,27584.386946677514,cgre132
27900,C154T:C401T:G423A,T51I:V141I,1026.949,4,1984.3525633533084,31.41,False,3,2,0.0158288403885854,37487.37450427664,cgre132
27902,A16G:C71T:T297A,E5G:S99T,988.636,5,2027.2698286433288,67.58,False,3,2,0.0333354736726019,38519.43747126916,cgre132
27907,C80T:A572G,wt,2082.485,4,2043.148273740455,22.59,False,2,0,0.0110564662831071,38897.85870384042,cgre132
27909,A558C,K186Q,450.43000000000006,2,1811.0112080014635,40.07,False,1,1,0.0221257603613724,33208.5611136786,cgre132
27911,T10A:C169A,L3H:P56H,247.457,2,1642.1140242423064,123.06,False,2,2,0.0749399847899,28938.255064801855,cgre132
27912,A307G:C701T,N102S,581.9590000000001,2,1922.410638371972,28.82,False,2,1,0.0149915941083257,35976.45104682182,cgre132
27913,G21C:G29A,A7P,1689.027,4,1976.8822639880348,27.76,False,2,1,0.014042313245301,37306.42933622906,cgre132
27915,G257A:C548T:C644T,wt,1028.181,4,1937.352462511692,24.21,False,3,0,0.0124964354542966,36343.03465427093,cgre132
27917,C355T:C505T:T553C,T118I:A168V:F184S,3653.894,9,2097.903117539473,44.32,False,3,3,0.0211258563989269,40187.271719565135,cgre132
27922,G377A,wt,1197.569,2,2038.573813193556,25.54,False,1,0,0.0125283665642648,38789.03647254039,cgre132
27923,G114T,D38Y,847.708,2,1945.353713719593,39.91,False,1,1,0.0205155492898463,36538.80741781397,cgre132
27925,C198T:C267T:A334G,P89S:K111R,313.962,2,1719.048145767321,47.96,False,3,2,0.0278991604267095,30889.98846982115,cgre132
27933,G137A:A156G:G560A,T52A,346.554,2,1748.668720683802,78.82,False,3,1,0.0450742894109629,31639.107203596985,cgre132
27934,C259T,S86F,396.152,2,1852.0182088388644,7.91,False,1,1,0.0042710163227602,34233.81936876412,cgre132
27938,C119T:A123T,T41S,720.185,2,1968.3725771844756,57.47,False,2,1,0.0291967083194199,37099.86283908111,cgre132
27939,C20T:A35T:A343G:C407T,E11D:Y114C,703.926,4,1976.1327292793087,82.76,False,4,2,0.0418797779996196,37288.25382364333,cgre132
27941,G23T,wt,4040.399,8,2005.7426083078,32.35,False,1,0,0.0161286896264785,38003.38979075966,cgre132
27942,T5A:A74T:G235A:A346T:C587T:T653A,R78H:E115V:D217E,468.172,3,1765.6045417373114,11.43,False,6,3,0.0064737033292592,32066.54058416208,cgre132
27947,A627G,K209E,408.61800000000005,2,1755.2805513740157,16.16,False,1,1,0.0092065054713618,31806.063367353676,cgre132
27948,A24G:T148C:C176A:A608G,K8E:I49T,880.067,2,1943.1208966564457,43.49,False,4,2,0.0223815204060816,36484.21340741248,cgre132
27949,C234T:A379G:G428A,R78C:K126R,1630.6270000000002,8,2043.218885594002,56.23,False,3,2,0.0275203016164628,38899.53722261015,cgre132
27953,C47T:C407T,wt,1050.8629999999998,2,1984.364060700392,35.75,False,2,0,0.0180158473477804,37487.65270639027,cgre132
27957,A356T:A559G:G703A,K186R:R234H,280.168,2,1682.5353192950802,18.32,False,3,2,0.0108883301229452,29964.482209289188,cgre132
27958,C152T:A306G:T389C,N102D,2347.059,6,2046.006629579767,42.42,False,3,1,0.0207330706492934,38965.77375798292,cgre132
27964,C230T:C278T:C422T,wt,1085.218,4,1993.7752993627416,16.72,False,3,0,0.0083861004825087,37715.07765289443,cgre132
27968,G102A:T182A:A306G,V34I:N102D,1893.4690000000005,6,2064.6473010724285,53.18,False,3,2,0.0257574259644138,39407.088746148314,cgre132
27974,T104A:C113T:G243A:G624T,A81T:G208C,407.307,2,1804.2648605116844,3.25,False,4,2,0.0018012876441423,33039.29498473443,cgre132
27975,C350T,wt,944.179,6,1979.10682386625,56.27,False,1,0,0.0284320175755216,37360.35110467782,cgre132
27981,A153T:C468T,T51S:R156C,683.065,4,1864.9308938345664,51.0,False,2,2,0.0273468578211692,34555.248677045995,cgre132
27986,G173A:T527C,wt,1456.674,4,2019.5692463424075,43.31,False,2,0,0.0214451671208787,38335.22938149507,cgre132
27988,C368A,wt,1252.1760000000002,12,2019.23434970473,95.79,False,1,0,0.0474387730250365,38327.20826143216,cgre132
27994,C131T:T281G:C302T:G537T,S93R:A179S,698.9490000000001,3,1922.5575953134105,24.64,False,4,2,0.012816261036894,35980.062625805775,cgre132
27996,A76T:C355T:A583T,E25V:T118I:D194V,435.007,3,1859.5027780031892,46.22,False,3,3,0.0248561069909413,34420.217791414776,cgre132
27997,A120G:C134T,T40A,1344.1800000000003,4,1957.7626641117013,31.22,False,2,1,0.0159467746383678,36841.667222984375,cgre132
27999,C323T:A515G,wt,938.476,2,1908.023625373691,39.01,False,2,0,0.0204452395039709,35622.30881259179,cgre132
28000,C121T:C548G,T40I,631.631,2,1823.8268606320837,22.49,False,2,1,0.0123312143742666,33529.666198165316,cgre132
28002,A489G,I163V,2474.094,13,1955.4118169976368,50.22,False,1,1,0.0256825695556593,36784.36336058178,cgre132
28005,A81G:T353A:G469A,M27V:R156H,528.807,2,1816.8922285173803,27.52,False,3,2,0.0151467431959114,33355.9873677464,cgre132
28006,G29A:C124T:T667C:G692A,T41M:V222A,237.786,2,1597.29131713496,65.07,False,4,2,0.0407377159707567,27799.69574554015,cgre132
28007,G62A:C357A,L119I,2170.196,5,2042.9070789994184,47.73,False,2,1,0.0233637645542729,38892.124955816915,cgre132
28011,C315A,Q105K,1291.8940000000002,10,2030.5751007572787,64.17,False,1,1,0.0316018845971609,38598.36815307865,cgre132
28016,A120T:A335G,T40S,2378.1910000000003,10,2053.280272978828,71.52,False,2,1,0.0348320689295091,39138.3069119979,cgre132
28024,A37T:T103C:C287T:C512A,K12I:V34A:D170E,467.822,2,1878.2437580845508,2.78,False,4,3,0.0014801060767719,34885.857680307876,cgre132
28030,T14C:A34T:G513A,E11V:V171I,1799.325,4,1992.4655822526624,7.79,False,3,2,0.0039097287648967,37683.4641070066,cgre132
28032,C448T:C462T,A149V:P154S,771.673,2,1972.885250911761,11.8,False,2,2,0.0059810878481384,37209.46316312121,cgre132
28035,A38G:C244T:A384G:C411T:T464A,A81V:T128A,960.904,4,1986.6316482950008,37.94,False,5,2,0.0190976520647707,37542.50434527625,cgre132
28043,T44A:T182C:T353C:A577G,E192G,940.692,2,1941.2309368049164,29.04,False,4,1,0.0149595802588006,36437.97939950981,cgre132
28044,A120T:A261T:A559T,T40S:T87S:K186M,949.028,6,1928.5976387338355,29.7,False,3,3,0.0153997907098437,36128.396978913515,cgre132
28047,A322G:T459C:A581T:G625A,D107G:E193D:G208D,396.946,4,1747.3539529488044,42.3,False,4,3,0.024208031766326,31605.89560388715,cgre132
28049,T11C:G280C,S93T,896.636,2,1942.9374541354575,0.37,False,2,1,0.0001904333045886,36479.72678679299,cgre132
28051,T11C:A38G:A129G:C410T,T43A,1003.747,2,2000.0543144647827,2.68,False,4,1,0.0013399636102968,37866.47415645352,cgre132
28052,T659C,wt,1634.011,4,2011.6175777850844,32.64,False,1,0,0.0162257480549253,38144.557698093195,cgre132
28063,C462G,P154A,594.352,2,1882.7247501146253,20.66,False,1,1,0.0109734574842882,34996.95161707718,cgre132
28064,C119A:C165G:C239T:A348G,L55V:N116D,867.3240000000001,4,1917.120047795456,42.55,False,4,2,0.0221947499056875,35846.35145888969,cgre132
28069,C320T:G651T,D217Y,182.521,2,1543.4802035306252,132.52,False,2,1,0.0858579201060485,26434.287706692772,cgre132
28070,T10C:T659C,L3P,1931.586,7,2005.7902444849128,48.85,False,2,1,0.0243544907720621,38004.53541593065,cgre132
28074,C244G:C278T:C482T,A81G,1059.9150000000002,5,1990.281595831197,46.18,False,3,1,0.0232027468357883,37630.72162187699,cgre132
28077,A74G:G235A:C244T:T308A:G413A,R78H:A81V:N102K,497.713,5,1960.0759077731288,87.28,False,5,3,0.0445288877098439,36898.02101893601,cgre132
28079,G98A:A266G:A343G:A487G,Y114C:K162R,1676.8410000000003,6,2004.533910197831,57.05,False,4,2,0.0284604813666482,37974.31585293757,cgre132
28082,A475G,N158S,660.239,2,1878.6121045440484,16.11,False,1,1,0.0085754797177302,34894.99342326192,cgre132
28090,G21C,A7P,1503.0,6,1971.431255888223,58.39,False,1,1,0.0296180756116157,37174.16398996037,cgre132
28093,A97T:A156T,K32M:T52S,1111.804,6,1920.8996377633,42.67,False,2,2,0.0222135499227253,35939.310119921975,cgre132
28099,A238G:G245T:C383A:G570A,H79R:A190T,1081.1989999999998,8,1962.278212198796,46.73,False,4,2,0.0238141562748319,36951.64113870733,cgre132
28106,T242A:A261G:A449T,T87A,1120.05,4,2015.2598998699293,67.95,False,3,1,0.0337177353672276,38231.953392921445,cgre132
28108,A430G,Y143C,621.901,4,1913.8318164958016,79.6,False,1,1,0.0415919514525296,35765.414401606366,cgre132
28114,T44C:C234T:C311T:G518C,R78C,1171.177,6,1955.8186454469917,55.37,False,4,1,0.0283103958175761,36794.28258554656,cgre132
28117,T464C:G684A,V228I,1465.728,2,1990.124083434994,55.24,False,2,1,0.0277570632202262,37626.91649698449,cgre132
28118,G413T:G469A,R156H,976.731,2,1922.7742158332471,14.93,False,2,1,0.0077648222433282,35985.386021946346,cgre132
28128,C55G:T353C:T483C:C505T:G522A,T18S:A168V:G174S,1110.518,10,1971.193205077952,69.01,False,5,3,0.0350092521738735,37168.3834411431,cgre132
28134,A96G:A194T:C198A,K32E:L66M,1375.889,6,2009.0422899191265,46.51,False,3,2,0.0231503339841951,38082.7072432934,cgre132
28137,C32T:A163G,D54G,1339.255,4,1988.0648208541056,51.21,False,2,1,0.0257587174536891,37577.15411095317,cgre132
28146,C401T:C554T,wt,852.44,4,1958.7932582535825,34.47,False,2,0,0.0175975692456347,36866.77802544055,cgre132
28148,A35G:T389C,wt,1602.033,10,2056.830398619355,75.48,False,2,0,0.036697240594395,39222.364228810635,cgre132
28153,G102A,V34I,1539.984,8,2024.4615732399357,79.85,False,1,1,0.0394425861451193,38452.31132057031,cgre132
28163,A145T:T215A,Y48F:F71L,1280.313,8,2016.3615599192676,94.63,False,2,2,0.0469310672654307,38258.36821899806,cgre132
28169,A406G:C632T,N135S,858.1510000000001,6,1954.7961928955108,131.48,False,2,1,0.0672602087510961,36769.35137657312,cgre132
28173,A58T:C516T,E19V,1437.436,4,1938.254287829148,29.89,False,2,1,0.0154210931907582,36365.11912076243,cgre132
28175,T91C:G341C:T429C,I30T:Y143H,3245.7560000000003,5,2052.6653707067094,26.63,False,3,2,0.0129733761674128,39123.7374619731,cgre132
28177,C278T:A349G:C482A,N116S,929.41,4,1979.5356282097507,30.78,False,3,1,0.015549101294952,37370.74127365505,cgre132
28180,T91C:G173T:C644A,I30T:D214E,1619.581,6,2028.4967395376189,60.27,False,3,2,0.0297116573200596,38548.74598330416,cgre132
28183,C134T,wt,2528.112,9,2014.576312951026,59.82,False,1,0,0.0296935884808322,38215.55839151735,cgre132
28191,A225C,K75Q,1194.792,4,1945.9324271852809,69.33,False,1,1,0.0356281641805431,36552.95253652316,cgre132
28193,G191A,wt,1383.8100000000002,8,1977.0746046085096,36.83,False,1,0,0.0186285332451037,37311.09282202724,cgre132
28197,T116C:A694T,E231V,1756.982,4,1992.0915383929105,38.88,False,2,1,0.019517175416229,37674.43339456371,cgre132
28200,T566A:A608G,wt,2005.44,10,1969.959231226106,54.81,False,2,0,0.0278229108152081,37138.41320330148,cgre132
28205,G26A:T44A:C124T,T41M,440.072,3,1761.631164455426,38.9,False,3,1,0.0220818073526901,31966.323207794718,cgre132
28210,G78T:A487G:G636A,G26C:K162R:D212N,681.1300000000001,4,1828.8144268652316,105.33,False,3,3,0.0575946900093882,33654.47048807603,cgre132
28215,G504A,A168T,1818.239,8,1994.916862319844,39.36,False,1,1,0.0197301455230716,37742.6227348133,cgre132
28219,A359G:C411G,L137V,692.03,5,1910.5643265552155,56.34,False,2,1,0.0294886695082296,35684.93020263626,cgre132
28248,T509C:A686G,wt,2043.739,4,2014.7351875496684,25.35,False,2,0,0.012582298734173,38219.36910836337,cgre132
28250,C599T:T638C,wt,3040.38,12,2016.772402818344,59.53,False,2,0,0.0295174606300689,38268.21685597626,cgre132
28258,T28C:G494A,L9P,1137.347,6,1947.525394449637,39.0,False,2,1,0.0200254128193389,36591.87804783177,cgre132
28261,G140T,wt,1975.241,6,2027.4591769629935,42.86,False,1,0,0.0211397597973842,38523.9613707785,cgre132
28264,T91A:A129T,I30N:T43S,953.841,4,1899.7191599997943,24.7,False,2,2,0.0130019218209088,35417.39026443279,cgre132
28266,C8T:T182A:G280C,S93T,1485.796,5,2008.6589501585104,32.32,False,3,1,0.0160903372857047,38073.496542463785,cgre132
28268,G518T,wt,980.563,5,1983.707911363732,81.39,False,1,0,0.0410292258924587,37471.77439971307,cgre132
28271,C443G,wt,1925.032,6,2020.9905628227648,55.22,False,1,0,0.0273232349600252,38369.262196612224,cgre132
28274,C260A:T509C:A515G:T566A,wt,1346.129,4,2017.235889868256,12.06,False,4,0,0.0059784778074653,38279.325988406315,cgre132
28278,T292C,I97T,2471.826,9,2048.289821839259,62.99,False,1,1,0.0307524840129499,39019.97681860775,cgre132
28283,C431T:A580T,E193V,1556.317,6,1959.1145864966309,36.39,False,2,1,0.0185747175029073,36874.605955266125,cgre132
28286,A487G,K162R,7700.222,30,2047.7734756541731,57.56,False,1,1,0.0281085777720663,39007.72233102856,cgre132
28301,A485G,wt,5080.506,24,1994.7179431649556,71.48,False,1,0,0.0358346403033729,37737.823605961035,cgre132
28304,G72C:C197A:C221T:C236T,V24L,940.7070000000002,6,1855.591836728096,42.57,False,4,1,0.0229414675993952,34322.84837227352,cgre132
28307,A485G:A648T,T216S,1233.696,4,1992.9280198555305,41.33,False,2,1,0.0207383305308718,37694.62762593902,cgre132
28309,G317A:G351A,G117S,912.051,6,1896.066331488568,73.77,False,2,1,0.0389068666928358,35327.14164462162,cgre132
28312,C46A:T389C,P15H,1291.288,6,1913.11856197002,46.09,False,2,1,0.0240915544473831,35747.85053244777,cgre132
28315,A58T:A279T,E19V:S93C,614.505,2,1861.442611125028,75.62,False,2,2,0.040624405795834,34468.48842122973,cgre132
28316,G29C:A54G:G62T,T18A,2703.125,4,2114.2265871607187,21.08,False,3,1,0.0099705491019811,40566.700358110844,cgre132
28318,A40T:C357A,E13V:L119I,642.376,2,1825.1571415495189,41.02,False,2,2,0.0224747771390111,33562.96305457778,cgre132
28319,C92G:C230T,I30M,1736.994,8,2012.243437874992,124.02,False,2,1,0.0616327019214782,38159.58172073315,cgre132
28323,A472T:T491C:G624T,K157M:G208C,765.9269999999999,5,1926.7297090781224,49.19,False,3,2,0.0255303064919966,36082.545305122294,cgre132
28325,C561T,P187S,2722.282,10,1946.1676978051237,65.0,False,1,1,0.0333989717706786,36558.70253150564,cgre132
28339,A580T,E193V,700.607,4,1834.8388898146416,74.64,False,1,1,0.0406793209007796,33805.09471521551,cgre132
28345,C20T:C269T:G473C:C603T,K157N,1227.912,4,1982.549525863184,50.56,False,4,1,0.0255025154935217,37443.735345582456,cgre132
28349,A6T:A136G:G684A:A696T,T2S:K45R:V228I:T232S,1258.4500000000005,8,1920.6048388032716,26.59,False,4,4,0.0138445970054767,35932.06238748548,cgre132
28353,A40G:A240G,E13G:I80V,535.207,2,1799.8310867958928,38.23,False,2,2,0.0212408821474786,32927.96807841179,cgre132
28356,A238G:C320T,H79R,1430.744,10,1962.1104292346884,50.11,False,2,1,0.0255388276079573,36947.557150315355,cgre132
28365,C152T:G367A:A372G:A700T,R122H:T124A:Y233F,558.672,2,1807.5232754152917,25.49,False,4,3,0.0141021697184748,33121.06812512754,cgre132
28370,G419A:T483C,M139I,627.514,4,1803.04782031544,70.95,False,2,1,0.0393500378639915,33008.74300535711,cgre132
28378,C71T:C170T:A271G:C626T,D90G,1731.775,8,2025.3058672215573,70.46,False,4,1,0.0347898068831753,38472.498794034225,cgre132
28382,G341A:A384T,T128S,1896.643,6,1976.111011348277,70.5,False,2,1,0.0356761333726381,37287.72712938652,cgre132
28385,C468G,R156G,1582.7050000000002,6,2011.120407801736,31.42,False,1,1,0.0156231321994011,38132.62092234375,cgre132
28389,C512G:G560T,D170E:K186N,1392.289,4,1981.3682279637264,70.77,False,2,2,0.0357177424171836,37415.13248443665,cgre132
28391,A534G,M178V,841.885,6,1911.6862449585035,25.5,False,1,1,0.0133390089860449,35712.57152665414,cgre132
28394,C47T,wt,2217.269,11,2031.8385350471008,53.89,False,1,0,0.0265227768203297,38628.51749757115,cgre132
28400,C92A:T593G,wt,1428.4640000000002,6,1980.5586010957077,22.14,False,2,0,0.0111786644372711,37395.52357072189,cgre132
28408,T182G:T297A:A322T:A408G:C563A,S99T:D107V:I136V,2066.393,8,2015.0054199631577,41.95,False,5,3,0.0208188025622119,38225.85039825681,cgre132
28419,T14C:C198A:G578T,L66M:E192D,2591.981,8,2077.765920147851,49.05,False,3,2,0.0236070865944849,39715.971537587,cgre132
28426,C248T,wt,2657.916,6,1956.2121534063049,55.13,False,1,0,0.0281820148719572,36803.87606171966,cgre132
28434,C56A:C152T:C259T:C665T:T677C,S86F,920.179,8,1915.176035862344,125.64,False,5,1,0.0656023246152556,35798.50830760683,cgre132
28441,T258A:A335T,S86T:K111N,874.361,2,1925.3062273110436,25.46,False,2,2,0.0132238703842756,36047.5902173665,cgre132
28451,C564A:A707G,L188I,1000.231,4,1919.6266434264096,21.64,False,2,1,0.0112730254469556,35908.00969400551,cgre132
28455,G423A:G504A:A534T,V141I:A168T:M178L,1680.9029999999998,8,2048.6014341921987,91.63,False,3,3,0.0447280756864896,39027.37132406724,cgre132
28461,C45T:C155A:C548T,P15S,1366.511,4,1889.069531354521,57.91,False,3,1,0.0306553035972565,35154.08763747616,cgre132
28463,G39A:C368T,E13K,1141.9199999999998,6,1870.405029215726,20.49,False,2,1,0.0109548465064765,34691.29078523115,cgre132
28466,T5C:T14G:A74T,wt,1490.3490000000002,9,1962.1099591901216,59.29,False,3,0,0.0302174705970467,36947.54570875901,cgre132
28470,A147G:G162A:C704T,I49V:D54N,3268.4459999999995,6,2036.2638542111856,46.06,False,3,2,0.0226198583767735,38734.02330192734,cgre132
28473,G387T:A406G:C431T,G129C:N135S,512.481,2,1752.4385586322812,10.13,False,3,2,0.005780516498054,31734.31260014177,cgre132
28478,A136G:G257A:A306T,K45R:N102Y,1144.43,6,1903.7009118668184,71.0,False,3,2,0.0372957745396967,35515.68754187343,cgre132
28481,C47A:G437A,wt,2936.217,11,2039.003016391597,63.63,False,2,0,0.0312064275964659,38799.25370382383,cgre132
28486,G270T:A580T,D90Y:E193V,1410.799,5,1980.8202547863505,38.71,False,2,2,0.0195424092148003,37401.861218026235,cgre132
28488,G338A,wt,2191.547,7,1999.1731284369373,33.2,False,1,0,0.0166068658725708,37845.24394653519,cgre132
28492,G326T,wt,1835.657,11,2034.9280501522,58.08,False,1,0,0.0285415496610093,38702.19159559694,cgre132
28496,T342C:T566C:C635T,Y114H,1051.506,4,1886.2316303790176,28.44,False,3,1,0.0150776816282554,35083.8278808418,cgre132
28498,T258A:A261T:G519T:A629G,S86T:T87S:G173C,397.602,2,1714.1762041816496,58.53,False,4,3,0.0341446811927612,30766.613538964375,cgre132
28502,C237A,H79N,1100.143,4,1933.4906801430936,15.91,False,1,1,0.0082286406463684,36248.41151502376,cgre132
28507,C53T:T242A:G375C:G421A:C528T:A580G,V125L:R140H:H176Y:E193G,1851.473,4,2002.30906270408,58.65,False,6,4,0.0292911824115675,37920.77254936147,cgre132
28509,T14C:G21A:C665A,A7T,1148.467,4,1910.074948470284,42.89,False,3,1,0.0224546162622305,35672.8710235917,cgre132
28511,C287T:C596T,wt,1488.908,6,1961.4179684944404,52.83,False,2,0,0.026934595710139,36930.70016247954,cgre132
28518,C155A:T552A,F184I,3014.245,16,2011.606375138088,53.54,False,2,1,0.026615545000112,38144.288748343184,cgre132
28527,A354G:C422T,T118A,1979.701,13,2037.5272063466416,76.58,False,2,1,0.0375847742113395,38764.115930751126,cgre132
28533,T104C:C161T:T427C:C632A,L142S:D210E,1290.204,10,1912.466520473457,44.77,False,4,2,0.0234095601260076,35731.791641063544,cgre132
28538,A120G:C263T:T425G:T429A:A707G,T40A:Y143N,235.7,2,1538.6046782039343,120.74,False,5,2,0.0784736987417352,26310.746634066567,cgre132
28552,T28C:C320T:T418A:A487C:A648T,L9P:M139K:K162T:T216S,1429.966,4,1960.682283668972,47.95,False,5,4,0.024455772564167,36912.78765160749,cgre132
28555,T103A:C198A,V34D:L66M,1775.3450000000005,10,2008.4048941214648,66.44,False,2,2,0.0330809789372988,38067.391629167796,cgre132
28563,G140A:T360C:T566A,Y120H,1632.595,8,1967.8623553963985,34.3,False,3,1,0.017430080872242,37087.462737070055,cgre132
28567,C80A:T281C,wt,611.7579999999999,2,1858.7028692540173,31.15,False,2,0,0.0167589992544111,34400.308133616476,cgre132
28570,G245T:G533A,wt,1738.329,6,2006.233310678905,56.32,False,2,0,0.0280725076690813,38015.19015501695,cgre132
28573,A54G:C263A:T376C,T18A:V125A,731.8870000000001,6,1828.6665553400032,72.97,False,3,2,0.0399033928776767,33650.771636471436,cgre132
28582,G26A:C124T,T41M,656.8190000000001,4,1753.8268338674045,53.83,False,2,1,0.0306928819656033,31769.364318400338,cgre132
28584,A306T:A499T,N102Y:N166I,1167.1350000000002,4,1907.780833568768,45.08,False,2,2,0.0236295486393327,35616.32286557523,cgre132
28591,T215C:A430T:G662A:A694T,Y143F:E231V,1449.6039999999998,4,1990.709334947212,48.68,False,4,2,0.0244535950806152,37641.05392963745,cgre132
28593,T82C:C189T:A580T,M27T:E193V,940.154,6,1911.4272516093108,42.14,False,3,2,0.0220463530403893,35706.191160610455,cgre132
28596,C119G:G326T:C431T,wt,2036.627,13,2040.4727744946108,62.81,False,3,0,0.0307820818709805,38834.23069426948,cgre132
28604,T148C,I49T,1391.61,5,2015.5935407198256,40.08,False,1,1,0.0198849615214019,38239.95412995157,cgre132
28607,T552C:A580T,F184L:E193V,749.7099999999999,3,1855.37268023215,46.6,False,2,2,0.0251162478010451,34317.390147609905,cgre132
28609,C68T:A339G,T113A,1562.019,8,1981.951687333631,67.18,False,2,1,0.0338958817358353,37429.260993060256,cgre132
28613,C152T:A608C,wt,2322.546,6,2010.500035052764,17.49,False,2,0,0.008699328373571,38117.723623428996,cgre132
28630,T11C:A238G:G706A,H79R,1892.285,14,1982.564468182882,76.05,False,3,1,0.0383594083423191,37444.09708569929,cgre132
28637,C311G,D103E,2670.033,10,1996.635653100156,44.84,False,1,1,0.0224577778776901,37784.0789539084,cgre132
28642,C590G:T667A,V222D,705.1869999999999,2,1837.351289434501,5.63,False,2,1,0.0030641935662356,33867.86821405787,cgre132
28643,C275A:T297A:T491A,S99T,1768.814,4,1996.0129588774216,38.91,False,3,1,0.0194938614135468,37769.062294604635,cgre132
28645,G65T:A628C:A652T,E21D:K209T:D217V,276.562,4,1418.7560118265608,71.64,False,3,3,0.0504949402172174,23291.0946169774,cgre132
28656,C603T,wt,2961.422,13,2026.1141894300135,46.91,False,1,0,0.0231526930933723,38491.82118509637,cgre132
28662,G62C,wt,5240.697000000001,12,1993.901720503512,46.6,False,1,0,0.0233712622446768,37718.12854421259,cgre132
28665,G63A:C198T,E21K,1539.428,8,1958.586536667476,53.78,False,2,1,0.0274585773940355,36861.74170757309,cgre132
28669,A42G,I14V,2944.973,10,1909.613212170264,86.99,False,1,1,0.0455537275536213,35661.49182205775,cgre132
28671,A34G:A356G:G666A,E11G:V222I,1219.244,2,1905.5652183814536,22.4,False,3,2,0.0117550424325156,35561.683322999466,cgre132
28672,A322T:T593C,D107V,1001.296,6,1908.0780916767565,47.29,False,2,1,0.0247841009266256,35623.65161753352,cgre132
28675,G18A:G33A:A471G,G6S:E11K:K157E,1155.56,2,1934.3083241719248,1.52,False,3,3,0.0007858106078567,36268.45299102984,cgre132
28676,C89T:G387T:A534G:A608T:T617A,G129C:M178V,432.259,7,1746.917525917419,111.84,False,5,2,0.0640213394969894,31594.87039148687,cgre132
28679,G29A:A279G:G375T:T425G,S93G:V125L,2260.7380000000003,10,2015.8716058342864,48.49,False,4,2,0.0240541113132708,38246.621537185216,cgre132
28684,T242A:T342A:A489G,Y114N:I163V,1021.971,2,1855.8806819842769,10.12,False,3,2,0.0054529367637901,34330.04192184898,cgre132
28692,T464C,wt,1783.014,4,1938.6672760981912,22.56,False,1,0,0.011636860165817,36375.23105332262,cgre132
28694,A84G:C146T:T224C,K28E,924.736,4,1890.6834543047453,38.66,False,3,1,0.0204476322633374,35194.02691200625,cgre132
28696,T182C:C206T,wt,1704.5199999999998,4,1975.6057400711277,13.15,False,2,0,0.0066561863702251,37275.472629328215,cgre132
28700,T344C:A449G:A694T,E231V,2514.6210000000005,14,1993.9166914886052,81.39,False,3,1,0.0408191577649296,37718.48982816143,cgre132
28707,G79C,G26A,690.645,6,1818.9237274068748,108.65,False,1,1,0.0597331258935719,33406.88466304893,cgre132
28710,G57A:C275A:C431T,E19K,1255.9930000000002,7,1885.94646524991,70.83,False,3,1,0.0375567394436162,35076.76568624078,cgre132
28713,C410T:C524T,wt,2063.7380000000003,8,1960.1880085861744,26.26,False,2,0,0.0133966741378754,36900.75110189222,cgre132
28721,A266G:T426A:C482A,L142M,1065.206,4,1890.7255488059568,87.3,False,3,1,0.0461727510135631,35195.06843984806,cgre132
28724,T360A,Y120N,794.286,2,1841.308294508063,3.88,False,1,1,0.0021071973724186,33966.68502302696,cgre132
28725,A16T:A400G:C432T,E5V:N133S:H144Y,905.172,3,1865.5105074630667,16.09,False,3,3,0.008624984922696,34569.65952005517,cgre132
28726,A356G:C368A:A700T,Y233F,1352.581,4,1923.8738100840164,87.07,False,3,1,0.0452576460803308,36012.40426012461,cgre132
28728,C152T:C260T:T389C,wt,1866.675,10,1991.5261717417245,66.26,False,3,0,0.0332709662268968,37660.78167239896,cgre132
28733,G29C:A329G:C432T:C506T:C512T:C641T,H144Y,1830.762,4,1993.150884721236,25.17,False,6,1,0.0126282461568484,37700.007193089834,cgre132
28751,T201A:T308C,S67T,2526.189,8,1989.2332784795992,46.84,False,2,1,0.0235467607076232,37605.39359368986,cgre132
28758,G18T:A120G:C634T,G6C:T40A:P211L,1176.698,4,1898.19409747822,40.17,False,3,3,0.0211622194239074,35379.71956108348,cgre132
28760,A81T:G413A:A577G:C701T,M27L:E192G,1353.2,4,1924.7625806061687,71.51,False,4,2,0.0371526341588993,36034.23740618108,cgre132
28762,C124T,T41M,1023.877,10,1880.0456598304504,51.06,False,1,1,0.027158914855613,34930.54239846235,cgre132
28771,C155T:C462T,P154S,1230.243,2,1908.8231764038735,4.17,False,2,1,0.002184592083514,35642.01926328783,cgre132
28772,A532T:A629G,Q177L,1971.802,8,1899.5692924508176,60.48,False,2,1,0.031838796426304,35413.68889972,cgre132
28776,C170T:T553G,F184C,2351.494,2,1986.0930092567824,14.63,False,2,1,0.0073662209835151,37529.478106115246,cgre132
28777,C230T:C374T:C432T,H144Y,839.237,6,1860.296771942437,88.47,False,3,1,0.0475569281924967,34439.97746176775,cgre132
28780,A291T:C422T,I97F,714.036,2,1837.0684440463533,36.35,False,2,1,0.0197869600981958,33860.80243178649,cgre132
28781,G380T,K126N,1493.472,4,1920.2334205014447,69.75,False,1,1,0.0363237090112647,35922.93026082368,cgre132
28783,C134T:G437T,wt,2344.3920000000003,6,1989.9053489364533,28.52,False,2,0,0.014332339985539,37621.63211179989,cgre132
28786,C302T:T389C:A472C,K157T,1111.2310000000002,4,1946.4888611563456,29.85,False,3,1,0.0153353048125161,36566.551203041876,cgre132
28788,A379G:G513A,K126R:V171I,1716.175,6,1903.3524243210595,88.41,False,2,2,0.0464496216624393,35507.08772273791,cgre132
28791,A515G,wt,1871.063,4,2014.3268871397595,43.28,False,1,0,0.0214860856379946,38209.575371876475,cgre132
28794,T82A,M27K,6546.514999999999,16,1964.7069541884007,42.57,False,1,1,0.0216673534489448,37010.7390436104,cgre132
28797,T104C:A123T:A580T,T41S:E193V,1366.277,4,1915.2630280880376,52.02,False,3,2,0.0271607602909404,35800.64966978593,cgre132
28799,C185A,wt,2675.719,10,2010.864161691749,44.24,False,1,0,0.0220004915512446,38126.467900813,cgre132
28804,G191C:C230T:G317C,Q105H,1086.314,2,1897.8039060912756,25.02,False,3,1,0.0131836592388152,35370.079503301284,cgre132
28807,T585C,Y195H,658.0970000000001,4,1761.4753060022335,59.3,False,1,1,0.0336649624311706,31962.3912822294,cgre132
28812,G533A:T673C,V224A,1128.5449999999998,6,1848.4116122289915,36.83,False,2,1,0.0199252156588579,34143.91417885136,cgre132
28815,T476C,wt,2076.798,6,1980.7869230733909,47.7,False,1,0,0.0240813383026522,37401.053898850114,cgre132
28831,A37G:C176A:C323T:C596T,K12R,2482.2050000000004,4,2033.005857876768,14.02,False,4,1,0.006896192623194,38656.362583454356,cgre132
28833,A629T:A650T,K209N,1413.756,6,1885.8883344417372,97.32,False,2,1,0.051604327903544,35075.32601186074,cgre132
28836,C158A:A398G:C524G:A695G,wt,3359.3230000000003,10,2033.633208331616,39.64,False,4,0,0.0194922072660883,38671.32299989154,cgre132
28841,C260A:C411T:T542C,wt,3081.234,8,2059.7181660224064,36.81,False,3,0,0.0178713770685846,39290.663986406515,cgre132
28845,G98T,K32N,2177.0930000000003,8,1994.5224806169151,31.86,False,1,1,0.0159737482578514,37733.10760581644,cgre132
28850,A240G,I80V,3007.758,16,2001.310506823506,72.85,False,1,1,0.0364011480235658,37896.72992360792,cgre132
28858,T103C:G437A,V34A,1614.8290000000002,6,1952.6938944156163,50.28,False,2,1,0.0257490434848967,36718.069329101294,cgre132
28861,T10A:C251T:T425A:T464C,L3H,1856.211,6,1978.19457580177,41.63,False,4,1,0.0210444414868174,37338.242790159355,cgre132
28864,T104C:C385T,T128I,1144.541,4,1893.758752846138,34.16,False,2,1,0.0180382004564524,35270.094627946666,cgre132
28866,C56T:T272C:T297A,S99T,4120.252,20,2035.331916515051,63.75,False,3,1,0.0313216726386104,38711.81701739713,cgre132
28879,A379T:A487G,K126M:K162R,2925.0219999999995,8,2022.7221343860424,49.99,False,2,2,0.0247142200849913,38410.70379702361,cgre132
28883,C332T:C500T:A586T:C599T,Y195F,3081.713,7,2017.89654224984,46.82,False,4,1,0.0232023788235438,38295.1581828861,cgre132
28890,A36G:T242C:T297G:C516T,K12E:S99A,1936.942,9,1989.8717029115437,53.72,False,4,2,0.0269967153768747,37620.81923193185,cgre132
28898,C107T:G341T:G609T,V203L,1204.755,6,1902.7685106227052,50.15,False,3,1,0.0263563327435914,35492.67675034885,cgre132
28902,T10C:G270A,L3P:D90N,1772.169,4,1982.048725592831,66.86,False,2,2,0.0337327731335172,37431.61056167239,cgre132
28921,A64T:A615T,E21V:T205S,607.8539999999999,2,1754.7078949159527,73.96,False,2,2,0.0421494655687649,31791.607286467977,cgre132
28940,C176T,wt,6159.699000000001,17,2004.5344180842767,73.79,False,1,0,0.0368115405424271,37974.32807177332,cgre132
28944,T44C:G243T:T426C,A81S,1259.5929999999998,7,1987.289579169576,69.1,False,3,1,0.0347709768743791,37558.41283989152,cgre132
28947,T14C,wt,1184.625,4,1912.1351428584508,66.02,False,1,0,0.0345268482965627,35723.62938949111,cgre132
28949,C206T:G245A,wt,2438.224,6,2031.6677813422275,38.6,False,2,0,0.0189991692315457,38624.443506376345,cgre132
28952,C410T,wt,2589.809,8,2021.2694103423185,32.6,False,1,0,0.0161284783874896,38375.93733440904,cgre132
28956,A25G:A700T,K8R:Y233F,1069.919,4,1888.9203575329768,55.55,False,2,2,0.0294083335903854,35150.3954281994,cgre132
28958,C434G,H144Q,3562.7940000000003,8,2025.082232262096,36.25,False,1,1,0.0179005076546977,38467.152092057564,cgre132
28962,A279T:C704T,S93C,2206.14,13,1985.3623345254937,47.4,False,2,1,0.0238747351935276,37511.80463047451,cgre132
28973,C149T:A606T:C674T,T202S,2064.214,10,1927.2667661323253,36.33,False,3,1,0.0188505300036422,36095.73034626182,cgre132
28978,T14C:A696T,T232S,1377.3719999999998,2,1946.19980345101,14.05,False,2,1,0.0072191971117695,36559.48716521735,cgre132
28979,A38T:A405G:T483C,K12N:N135D,1604.925,8,1965.5889404456975,43.08,False,3,2,0.0219170952346891,37032.190942454974,cgre132
28991,A70T:C596T,D23V,1608.976,6,1966.5900873462567,44.35,False,2,1,0.0225517255910948,37056.53511421733,cgre132
28994,A586T,Y195F,1734.662,4,1942.6035163836525,53.81,False,1,1,0.02769993956367,36471.55885559749,cgre132
29002,G419A,M139I,758.8999999999999,7,1798.3783151078817,133.17,False,1,1,0.0740500476908894,32891.47662513745,cgre132
29006,A240T:A346G,I80F:E115G,177.747,3,1540.4083766554556,172.56,False,2,2,0.1120222420334167,26356.446313160694,cgre132
29011,T344C:C564T,L188F,676.218,5,1804.5519291763048,43.2,False,2,1,0.0239394607057491,33046.500693854105,cgre132
29017,T426C:T476A,N158K,2177.657,10,1980.3970208186047,54.99,False,2,1,0.0277671595250479,37391.60962599517,cgre132
29022,C101T:G560A,wt,3756.432,8,2021.5876200076057,30.81,False,2,0,0.0152404969713279,38383.55403416766,cgre132
29026,A356G:T426C,wt,1699.2820000000002,10,1988.230610144505,66.99,False,2,0,0.0336932746423872,37581.16149763545,cgre132
29031,A153G:A306G,T51A:N102D,1092.896,6,1886.32425378795,101.93,False,2,2,0.0540363088664704,35086.12164039182,cgre132
29034,A51T:C434T,I17F,1497.397,4,1939.543495480632,8.2,False,2,1,0.0042277989738858,36396.681800492806,cgre132
29047,A40T:C263A,E13V,2020.053,8,1988.535754408292,49.58,False,2,1,0.0249329185507921,37588.536825876785,cgre132
29054,G69A:C262A,D23N:T87N,752.4789999999999,6,1749.6240682904615,95.39,False,2,2,0.0545202833733331,31663.23718778578,cgre132
29057,C119G,wt,1555.7839999999997,4,1969.866031356731,37.56,False,1,0,0.0190672865068548,37136.14920611179,cgre132
29064,T242A:A577G,E192G,1760.546,6,1995.1962667686269,51.74,False,2,1,0.0259322858917518,37749.36319347393,cgre132
29067,A35G,wt,6614.390999999999,20,1983.254401878385,90.05,False,1,0,0.0454051683509244,37460.7981388253,cgre132
29073,G159T:G162A:G173A,G53C:D54N,1155.3669999999995,7,1816.288098598585,82.22,False,3,2,0.0452681488489846,33340.84860078879,cgre132
29080,T52A:C107T:G257A,I17N,538.129,2,1663.9894798392709,57.71,False,3,1,0.0346817096497355,29493.781484959844,cgre132
29081,T110A:C528T,H176Y,4842.12,14,2086.044115806332,49.98,False,2,1,0.0239592248415517,39910.14070771844,cgre132
29092,C278T,wt,2769.334,11,1997.5720479852016,51.28,False,1,0,0.0256711641773933,37806.65564492358,cgre132
29097,A38G:A120T:C154T:A306G:A354G,T40S:T51I:N102D:T118A,1383.854,6,1918.3408040814857,34.08,False,5,4,0.0177653521874168,35876.38439918393,cgre132
29100,A90G:A240G:C269T:G321T,I30V:I80V:D107Y,1120.164,6,1803.1015762649463,50.6,False,4,3,0.0280627562340752,33010.092572546375,cgre132
29103,T215C:C357T:C554T,wt,1012.483,4,1858.445722849801,77.4,False,3,0,0.0416477054176822,34393.90718939453,cgre132
29105,T464A:A629G,wt,2972.269,12,1979.265478875721,55.84,False,2,0,0.0282124861954944,37364.195545726354,cgre132
29111,C188T:A271G:G437A,D90G,2137.289,4,1967.3499049669683,10.05,False,3,1,0.0051083947876413,37075.00679752572,cgre132
29119,C149A:C446T,wt,3094.003,8,1988.2484288940627,51.48,False,2,0,0.025892136642419,37581.592193637836,cgre132
29126,A577G,E192G,3800.615,12,2033.974684355132,53.76,False,1,1,0.0264310074326438,38679.46491456618,cgre132
29132,G114A:T517C,D38N:L172P,1034.605,6,1793.03322495578,48.36,False,2,2,0.026971056267623,32757.15754273033,cgre132
29135,C122T:T150A,C50S,1335.251,6,1888.960438378405,23.05,False,2,1,0.0122024789570434,35151.387482122045,cgre132
29138,A34G:C254T,E11G,3511.685,10,2055.7808678395804,56.2,False,2,1,0.0273375440345743,39197.524710979356,cgre132
29143,A394T,K131M,1736.443,6,1937.783211746364,53.58,False,1,1,0.0276501518204984,36353.58370438551,cgre132
29150,T110C:C701T,wt,2425.058,8,1975.0450486740667,39.44,False,2,0,0.0199691647673949,37261.87205591363,cgre132
29160,T353C:C431T,wt,2592.921,8,1991.950579055888,58.7,False,2,0,0.0294686025934547,37671.029900355614,cgre132
29192,A36G:C401T:G421A,K12E:R140H,1356.994,4,1905.7378794433612,34.17,False,3,2,0.0179300628741139,35565.9422626301,cgre132
29194,G477T,G159C,2114.614,6,1952.555802736701,47.57,False,1,1,0.0243629400672318,36714.699867519004,cgre132
29216,T10A:A136T:T459C,L3H:K45M,1321.2689999999998,6,1856.6440343004235,33.43,False,3,2,0.0180056054808569,34349.05110611896,cgre132
29237,C47A:A70T:C236T,D23V,2148.8949999999995,8,1963.8303847112588,83.32,False,3,1,0.0424272893670756,36989.414014155875,cgre132
29241,A108G:A637G,T36A:D212G,1753.2139999999995,8,1897.782739287012,61.08,False,2,2,0.0321849275660223,35369.55653465589,cgre132
29251,T427C:A686G,L142S,3035.4790000000003,12,2020.031223507085,58.6,False,2,1,0.0290094525857186,38346.29285832763,cgre132
29263,T28A:C275T,L9Q,1765.813,5,1935.9506431258108,65.62,False,2,1,0.0338954922394349,36308.69662298882,cgre132
29268,C158A:A384G,T128A,1361.5359999999998,4,1906.8578095073167,30.71,False,2,1,0.0161050288316645,35593.56319586572,cgre132
29278,A136G:A694T,K45R:E231V,1467.0200000000002,6,1875.3567377130712,44.71,False,2,2,0.0238407973805145,34814.23156878682,cgre132
29281,A34T:C290T:T427C,E11V:L142S,3670.185,14,2012.5945682834565,69.76,False,3,2,0.0346617252671502,38168.00951009752,cgre132
29288,T215C:G299A,wt,2373.8540000000003,8,1967.8627632441712,55.63,False,2,0,0.0282692477539895,37087.472649804404,cgre132
29293,C374A,wt,2735.291,7,1985.3916316045977,27.34,False,1,0,0.01377058287382,37512.51333385412,cgre132
29296,C287T:C446T:A489G,I163V,2583.586,8,1992.103784115535,53.87,False,3,1,0.0270417638024403,37674.729063816325,cgre132
29300,A471G,K157E,2830.801,10,1994.639446146621,54.9,False,1,1,0.0275237713292292,37735.929709792705,cgre132
29312,A378G:T464C:T527C,K126E,1741.7949999999998,8,1898.343428954295,45.08,False,3,1,0.0237470203296314,35383.40873531873,cgre132
29316,G257A:C599T,wt,3689.49,8,2022.289762125884,40.98,False,2,0,0.0202641583651794,38400.3579341309,cgre132
29320,C119A:T301A,F100Y,2507.3820000000005,6,1971.550317190718,77.92,False,2,1,0.0395221969840612,37177.05499884522,cgre132
29323,G72A:A361T,V24I:Y120F,2229.944,8,1953.7001309413529,46.33,False,2,2,0.0237139770153348,36742.61816069466,cgre132
29327,C60T:A76C:C89T,E25A,2365.1380000000004,10,1935.603250648617,122.22,False,3,1,0.0631431053647199,36300.18536602094,cgre132
29339,C71T:A637G,D212G,2024.216,8,1939.5909290734385,45.43,False,2,1,0.0234224646645993,36397.84289507513,cgre132
29343,C431T:A511G:A515T:C626T,D170G,1815.77,6,1942.8781669879977,85.21,False,4,1,0.0438576136413634,36478.2767044501,cgre132
29346,C68T:A306G:A329G,N102D,1922.909,8,1964.008466610171,100.82,False,3,1,0.0513337909250527,36993.74675264089,cgre132
29350,A123T:C641T:C644G,T41S:D214E,2377.3189999999995,8,1984.7805463811333,42.73,False,3,2,0.0215288285034383,37497.72984266445,cgre132
29354,C109T:T459A,T36I:L153M,1824.248,6,1870.6359800101247,46.52,False,2,2,0.0248685476474948,34697.027333480575,cgre132
29357,T103C:A394G,V34A:K131R,2055.168,6,1958.5454907567084,78.98,False,2,2,0.0403258440371916,36860.74168240315,cgre132
29360,C704T,wt,4936.450000000001,14,1942.2971301242133,38.22,False,1,0,0.0196777307690074,36464.0642378784,cgre132
29373,A346G:C512T,E115G,1278.341,6,1849.8466259907707,31.0,False,2,1,0.0167581460886772,34179.69272612641,cgre132
29384,C60T:T527A,wt,2909.604,8,1978.1947820502007,26.08,False,2,0,0.0131837371307645,37338.24778920562,cgre132
29388,C530T:T565A:G582A,L188H:D194N,1005.537,4,1792.2531219660098,46.13,False,3,2,0.025738551901306,32737.54642853148,cgre132
29399,C124T:A334G:G437A,T41M:K111R,1547.284,6,1907.5795719141236,45.17,False,3,2,0.0236792219129685,35611.36059428416,cgre132
29402,A335G:G510A:T653C,D170N,1976.001,9,1948.8253362555108,40.2,False,3,1,0.0206278106365553,36623.63193385075,cgre132
29407,G551A,wt,2853.319,7,1930.653439383964,36.67,False,1,0,0.0189935693542704,36178.83745345038,cgre132
29411,C587T:C590T:T653C,wt,2540.3740000000003,8,1933.1910080769865,26.11,False,3,0,0.013506166690674,36241.06521536621,cgre132
29415,G212A:A581G,wt,5455.414,26,2040.7829124160828,60.62,False,2,0,0.0297042863457887,38841.60915670301,cgre132
29433,G26A:T451C,V150A,1955.522,10,1894.020385026159,87.63,False,2,1,0.0462666614851612,35276.563937414954,cgre132
29443,A279T:A394T:C599T,S93C:K131M,1486.3659999999998,4,1860.4432557952075,40.5,False,3,2,0.0217690057860373,34443.62261903518,cgre132
29452,C53T:C230T:C263T,wt,2903.7200000000003,8,1971.0301879297388,54.95,False,3,0,0.0278788221187603,37164.424711556145,cgre132
29456,C113T:C410T,wt,3254.1180000000004,10,1972.2547728956963,43.08,False,2,0,0.0218430197721105,37194.158495346805,cgre132
29461,C209T:C401T,wt,3540.2630000000004,13,2006.244137450995,73.5,False,2,0,0.0366356210732081,38015.45049693601,cgre132
29476,C635T:C665G:C704A,I221M,4092.085,10,2035.2089824756383,42.49,False,3,1,0.0208774628875286,38708.88723959183,cgre132
29488,A286T:C569T,D95V,2668.915,13,1968.0859850483685,58.93,False,2,1,0.029942797442639,37092.89789310113,cgre132
29495,G125A:C155T,wt,1585.3860000000002,4,1900.5457561077649,19.12,False,2,0,0.0100602681827334,35437.80311312237,cgre132
29497,T14C:T116C:T617C:T667C,V222A,1388.6799999999998,2,1916.4360747287656,57.55,False,4,1,0.0300296997947844,35829.52086333236,cgre132
29498,T479G:G624A,G208S,1904.832,8,1951.161523773408,46.82,False,2,1,0.0239959631376153,36680.672699513205,cgre132
29514,T10C:G79A:A156T,L3P:G26D:T52S,1586.313,6,1849.506636167201,56.23,False,3,3,0.0304027024831483,34171.21669300105,cgre132
29517,C221T:G480T,G160C,2887.67,10,1941.180577643573,61.07,False,2,1,0.0314602364681258,36436.747176968114,cgre132
29522,A629G,wt,7522.814,14,1986.3417916669107,95.68,False,1,0,0.0481689507824867,37535.4948068993,cgre132
29545,A108T:A471G,T36S:K157E,1993.256,6,1928.913280532062,63.4,False,2,2,0.0328682479611069,36136.143024440426,cgre132
29548,G15A:C113A:C547T,E5K:A182V,1753.688,2,1933.6253057261567,18.53,False,3,2,0.0095830355266483,36251.71162078132,cgre132
29562,A356T:G465A,D155N,1967.026,6,1906.6609822398416,35.95,False,2,1,0.0188549513179673,35588.70930438943,cgre132
29565,T14A:C56A:A64G,E21G,1598.5269999999998,8,1843.5201535976923,42.67,False,3,1,0.0231459362767084,34021.89348654537,cgre132
29569,T201A:G525A,S67T:G175S,2072.3189999999995,8,1913.5308522165444,47.19,False,2,2,0.0246612172180748,35758.00349984757,cgre132
29573,A74T:G86A:C230T,wt,3406.4,10,2025.23394696058,57.27,False,3,0,0.0282782145173644,38470.77935308715,cgre132
29590,A433G:C512T,H144R,2474.693,8,1940.944180280374,47.89,False,2,1,0.0246735586146955,36430.96264425386,cgre132
29597,A38T:C146T:T182C:T215C:A339T:A493T,K12N:T113S:E164V,1052.104,7,1807.962186161735,67.61,False,6,3,0.037395693625393,33132.08027195857,cgre132
29608,G351A,G117S,2838.508,14,1946.3879879137032,52.46,False,1,1,0.0269524885715262,36564.086103662616,cgre132
29615,G167A:T308C,wt,2004.824,6,1941.7632630092887,103.22,False,2,0,0.0531578704604971,36451.00380809759,cgre132
29618,A70T:T103C:C524T,D23V:V34A,1966.24,8,1929.032837467548,53.53,False,3,2,0.0277496572169682,36139.07687845662,cgre132
29631,G692A,wt,2639.735,8,1982.8557656920125,80.62,False,1,0,0.0406585296797237,37451.14883910251,cgre132
29644,C554T,wt,5301.089,22,2039.138232861953,67.52,False,1,0,0.0331120268905139,38802.472253214684,cgre132
29655,C119A:G341A:C569T,wt,4205.779000000001,13,1983.4129902208324,85.05,False,3,0,0.0428806307205493,37464.636598453704,cgre132
29675,G77A:C260A:C350T,wt,4345.763999999999,23,2041.1517579486103,77.58,False,3,0,0.0380079529598373,38850.38335671043,cgre132
29694,T258A:A379C:C411A:G518T,S86T:K126T:L137M,2214.728,10,1894.048446799383,55.0,False,4,3,0.0290383279756864,35277.257793048484,cgre132
29699,A316G:A572G,Q105R,3135.4,19,1981.9741129168935,49.11,False,2,1,0.0247783256501389,37429.80398493745,cgre132
29708,T389C:C443G,wt,4520.195,18,1988.4970504145167,64.66,False,2,0,0.0325170208256135,37587.60138635122,cgre132
29725,C206T:C410T:C701T,wt,1688.9489999999998,8,1898.206919422967,99.76,False,3,0,0.0525548605788065,35380.03632654587,cgre132
29729,A696G,T232A,2783.345,7,1930.933488752109,61.06,False,1,1,0.0316220109888201,36185.70679633232,cgre132
29739,C22A,A7E,3343.668,9,1932.6635521944831,62.32,False,1,1,0.0322456538952356,36228.133665101064,cgre132
29751,C305T:T308C:A399G:T429A:C432T:A472G,N133D:Y143N:H144Y:K157R,3040.079,13,1956.617814818625,51.98,False,6,4,0.0265662510104552,36813.76483091359,cgre132
29762,T464A:T479C:A511T,D170V,2786.005,8,1897.369788800045,35.29,False,3,1,0.0185994318072907,35359.353303230455,cgre132
29770,G321A:C571T,D107N:A190V,3232.080999999999,13,1979.301247583124,41.01,False,2,2,0.0207194332091066,37365.06225044943,cgre132
29783,T10G:A37T,L3R:K12I,1727.914,8,1861.4145661600312,67.08,False,2,2,0.0360371092068874,34467.79067081233,cgre132
29797,G352A:G413A:G473T:A532T:A646G,G117D:K157N:Q177L:E215G,969.93,8,1684.3827374430105,48.54,False,5,4,0.0288176783821036,30011.351898515757,cgre132
29803,T386G:G437T,wt,3407.255,11,1992.353154765348,59.12,False,2,0,0.0296734541557532,37680.74981925662,cgre132
29808,T542A:A628G,K209R,1851.974,5,1857.6493454588735,40.29,False,2,1,0.0216887003451384,34374.08176450471,cgre132
29810,G167A:C470T:A511G,D170G,2691.443,10,1941.5335445065048,47.33,False,3,1,0.0243776370147806,36445.38349771023,cgre132
29832,G83A:A695G,M27I,2708.131,7,1954.284273023052,50.81,False,2,1,0.0259992881800163,36756.86644463084,cgre132
29843,G83A,M27I,2269.207,6,1919.4986009376305,52.15,False,1,1,0.0271685532745509,35904.860887874594,cgre132
29846,A17G:G98T:C644G,K32N:D214E,4153.796000000001,23,1997.2334619114256,84.37,False,3,2,0.0422434340346244,37798.49296028144,cgre132
29857,C269T:C468T,R156C,3756.554,12,1974.6100781063103,34.86,False,2,1,0.0176541183429142,37251.31965373642,cgre132
29863,G203A:G481T:C516A,G160V:L172M,1324.717,6,1806.7166190071705,54.42,False,3,2,0.0301209384069898,33100.827631935375,cgre132
29887,T617A,wt,4411.201,10,1984.5715095254725,69.2,False,1,0,0.034868987924021,37492.67220807712,cgre132
29892,C107A,wt,5705.834000000001,16,2002.391412431057,88.39,False,1,0,0.0441422188745245,37922.7550038034,cgre132
29905,C80T:C263T:A449T,wt,2205.341,4,1889.2886821575732,88.19,False,3,0,0.0466789436854545,35159.51165201929,cgre132
29910,A163T:G245T,D54V,4336.787,14,2012.9524952625504,86.32,False,2,1,0.0428822837116885,38176.59951372638,cgre132
29917,T224C:C314T:C411A,L137M,2838.082,8,1943.2223840037464,31.33,False,3,1,0.0161227043584423,36486.695490076076,cgre132
29921,C263A:A343T:C545T,Y114F,3371.683,8,1965.4283792141373,62.05,False,3,1,0.0315707255762788,37028.28609766799,cgre132
29925,G611C:A707C,wt,3088.358,20,1987.6591270655515,60.73,False,2,0,0.0305535286071197,37567.34707303712,cgre132
29958,C244T:C668A,A81V,2668.633,5,1933.445077419188,20.34,False,2,1,0.0105200816084987,36247.29362205198,cgre132
29963,C20A:G447A,A149T,4671.129,10,2010.473902398228,40.6,False,2,1,0.0201942437310773,38117.096027166575,cgre132
29968,T5C:A266G:C458T:T479C:T509C,wt,3684.864,10,2001.659334898351,65.28,False,5,0,0.0326129421035148,37905.129590808276,cgre132
29973,A279T:C320T:C644G,S93C:D214E,5315.126,26,2006.1344085872151,61.67,False,3,2,0.030740711956299,38012.811904387454,cgre132
29997,G72T:A354T,V24L:T118S,2217.9680000000003,12,1876.565006222332,69.15,False,2,2,0.0368492430428531,34844.21311055384,cgre132
30010,G243A:A572G,A81T,2258.126,6,1893.9569221119284,106.47,False,2,1,0.0562156397312757,35274.99473831206,cgre132
30026,C7T:C152T:C305T:A398G,T2I,3626.398000000001,12,1959.6691780164936,54.02,False,4,1,0.0275658772439729,36888.11493726735,cgre132
30035,T28C:A489G,L9P:I163V,3821.216,12,1941.9578033785344,61.52,False,2,2,0.0316793701145154,36455.76320396608,cgre132
30049,C107G,wt,5689.198,21,2012.2241713061912,54.01,False,1,0,0.0268409458400157,38159.119261145504,cgre132
30067,A286T:C635G,D95V,3617.733,14,1961.146785310614,55.1,False,2,1,0.0280958061949825,36924.097767847576,cgre132
30074,A38T:T455C:A577G,K12N:E192G,5125.255999999999,16,1985.058938339824,63.63,False,3,2,0.0320544638605119,37504.46506511744,cgre132
30105,C516A,L172M,3536.733,10,1942.612273513493,56.51,False,1,1,0.0290896957516867,36471.773058541265,cgre132
30110,A286G:C314T:C404T:A695G,D95G,3193.642,12,1895.8052212796613,43.23,False,4,1,0.0228029754928198,35320.68793087547,cgre132
30116,C146T:C209T,wt,8783.076000000001,24,2045.6924501843305,49.8,False,2,0,0.0243438352600424,38958.31192436361,cgre132
30129,A85G:C218T,K28R,3349.688,8,1917.5875310950903,71.44,False,2,1,0.037255144206743,35857.85340317133,cgre132
30137,A348G:A493T,N116D:E164V,3415.646,12,1895.1439726089943,61.86,False,2,2,0.0326413195483185,35304.34268133109,cgre132
30143,G270T:A343T,D90Y:Y114F,4768.236000000001,16,1970.9003019932384,49.63,False,2,2,0.0251813853546054,37161.27042196439,cgre132
30151,C71T:T527A,wt,5823.875,14,1996.873995583188,46.15,False,2,0,0.0231111227358749,37789.826021265486,cgre132
30185,C20T:A629G,wt,4200.8820000000005,10,1989.4669805327223,47.86,False,2,0,0.024056694817415,37611.04063380018,cgre132
30190,A35G:G473A,wt,4883.484,10,1978.4739868948725,41.68,False,2,0,0.0210667414765533,37345.014895157845,cgre132
30200,G59A:A194G,wt,8962.024000000001,28,2023.38578558076,43.15,False,2,0,0.021325641559558,38426.581039239216,cgre132
30219,G21A:T91C:C109T:A120G:A186G:T308C:G469A,A7T:I30T:T36I:T40A:I62V:R156H,4883.878,16,1936.2162991652067,85.65,False,7,6,0.0442357602489596,36315.20483208794,cgre132
30227,A76G,E25G,3367.433,8,1911.8762190894856,68.03,False,1,1,0.0355828475299508,35717.251359050584,cgre132
30242,T28C:A346T,L9P:E115V,2348.6810000000005,8,1825.653624847088,66.41,False,2,2,0.0363760130049654,33575.38831137352,cgre132
30246,A194T:G684A,V228I,4208.024,8,1977.126393873544,31.74,False,2,1,0.0160536018831935,37312.34846176749,cgre132
30264,A343G,Y114C,4734.91,13,1973.1962894360936,60.99,False,1,1,0.0309092411771308,37217.01258266222,cgre132
30275,T342C,Y114H,4269.085999999999,8,1922.3627196683865,29.83,False,1,1,0.0155173629278171,35975.273382224106,cgre132
30284,C165A:A261G,L55M:T87A,3097.221,8,1940.697803767688,70.33,False,2,2,0.0362395422221124,36424.933576229974,cgre132
30288,G200A:A343T,Y114F,6161.527999999999,20,1984.2747485895063,50.84,False,2,1,0.0256214518862062,37485.49159171644,cgre132
30298,C355T:T617A,T118I,4168.289000000001,18,1928.8862728233128,49.31,False,2,1,0.0255639747634394,36135.48026058604,cgre132
30307,A572T,wt,6508.476000000002,16,1976.0005042044668,58.82,False,1,0,0.0297671988822091,37285.04710817131,cgre132
30340,T476A:T527C,N158K,6674.678999999999,14,1977.072858623728,67.43,False,2,1,0.0341059762698574,37311.05049001588,cgre132
30347,A38G:C260T:C275T:T464A,wt,5030.886,16,1967.647028655384,51.3,False,4,0,0.0260717492786582,37082.22907531895,cgre132
30366,C122T:G191C:T292C:T308C:C311T,I97T,4205.910000000001,8,1900.385811711968,90.97,False,5,1,0.0478692271008114,35433.85354866823,cgre132
30370,A608T:G611A:G624T,G208C,5492.999999999999,12,1890.3069381889984,49.78,False,3,1,0.026334347610072,35184.710530179094,cgre132
30376,A74T:A306G:C350A:C539G,N102D:N116K,8718.115,22,1974.5133703091783,32.07,False,4,2,0.0162419766218034,37248.97335145115,cgre132
30387,G62T:A74G:A359G,wt,7891.938999999999,20,1969.7479173858585,49.48,False,3,0,0.0251199656378706,37133.27991912941,cgre132
30409,A96G:G645A:C656T,K32E:E215K,5480.455999999998,12,1932.6874030254503,43.65,False,3,2,0.0225851319420149,36228.718446513725,cgre132
30423,T31C:C107T:C505T,F10S:A168V,5615.003000000001,20,1883.4252742080312,46.71,False,3,2,0.0248005591937494,35014.310514414814,cgre132
30446,C32T:T94A:C165A:G222A:T376A:T409C:T451A:T459C,I31N:L55M:A74T:V125E:I136T:V150D,52.358,1,2013.7064362844003,0.0,False,8,6,0.0,38194.690554520406,cgre132
30450,A153G:T241C:T358C:A405G:A417G,T51A:I80T:L119P:N135D:M139V,61.574000000000005,1,2070.5592788808763,0.0,False,5,5,0.0,39546.46540002733,cgre132
30455,C154G,T51S,50.527,2,2027.047064618926,20.48,False,1,1,0.0101033667927439,38514.11486167945,cgre132
31361,C446T:G619T,S206I,238.2,3,1994.7395057570443,83.42,False,2,1,0.0418199969265362,37738.343838807676,cgre132
31369,C198T,wt,289.47,7,1967.0693734439335,37.13,False,1,0,0.0188757958927462,37068.187313764094,cgre132
31471,G72A:C401G:C468T,V24I:N133K:R156C,462.27,6,1891.3001177766107,28.73,False,3,3,0.0151906086876231,35209.283897572874,cgre132
31696,A346T:C432A:T617C,E115V:H144N,96.24,7,1851.723119211452,38.59,False,3,2,0.020840048709028,34226.465436478786,cgre132
31808,T215G:G352A:G662A:T667C,F71L:G117D:V222A,165.59,1,335.5079412481103,0.0,False,4,3,0.0,2373.5225717889834,cgre132
31927,A16G:A663G,E5G:I221V,115.75,2,1976.2502083336487,8.75,False,2,2,0.0044275770158566,37291.10282345163,cgre132
31955,T50C:A384G:T491A:T527A,T128A,159.91,7,1902.762973223012,54.4,False,4,1,0.0285900034663035,35492.54007903406,cgre132
32088,T272G:A471G:A534G:C661T,D90E:K157E:M178V:T220M,158.21999999999997,4,1734.9375587153345,18.52,False,4,4,0.010674735760354,31292.062716065404,cgre132
32259,T11C:C233T:C441T:C547A,P147S:A182D,342.93,9,1737.578533622192,38.95,False,4,2,0.0224162529901909,31358.842965490003,cgre132
32349,A279T:T344C:C569T,S93C,759.16,8,1944.0511763020572,43.03,False,3,1,0.0221341909742576,36506.96302920257,cgre132
32502,G200T:G212T:C462T:C561T,P154S:P187S,57.85,1,1036.9627941834287,0.0,False,4,2,0.0,14192.417137259763,cgre132
32699,G83A:A279C:A306G:T553A,M27I:S93R:N102D:F184Y,391.5799999999999,8,1888.6551572910955,62.99,False,4,4,0.0333517740159335,35143.83117236792,cgre132
33023,A129T:C320T,T43S,163.66000000000005,2,1886.8603313000813,27.92,False,2,1,0.0147970676667745,35099.39643579305,cgre132
33207,C131T:C189A,L63M,633.27,12,1816.290950166495,55.65,False,2,1,0.030639364246625,33340.920060705925,cgre132
33318,A304G:T425C,D101G,153.06,4,1286.7250340865137,79.9,False,2,1,0.0620956287344821,20029.208527779898,cgre132
33608,A648G:G651T,T216A:D217Y,50.65,2,1233.8949485156627,414.02,False,2,2,0.3355390995789821,18752.23634842793,cgre132
33623,G280A:T622C:A643T:T677A,S93N:F207S:D214V,49.98,4,1238.500840196228,301.34,False,4,3,0.2433102911357377,18862.800956520074,cgre132
33715,A306T:A378G:A679C,N102Y:K126E:K226T,59.28000000000001,1,1163.2941605866613,0.0,False,3,3,0.0,17077.79826690515,cgre132
33743,A261T:T459A:G469T:G525C,T87S:L153M:R156L:G175R,106.02,1,785.8654717663671,0.0,False,4,4,0.0,9011.067961678536,cgre132
33814,G79A:A135G:G582A:T673C,G26D:K45E:D194N:V224A,46.26,3,1162.3817156797732,324.34,False,4,4,0.2790305418821239,17056.423127906975,cgre132
33866,C296A:G481A:T593C,G160D,85.33,1,629.2229683027729,0.0,False,3,1,0.0,6257.5592679233205,cgre132
33917,G324A:C448T,V108M:A149V,94.22,1,436.1135575484717,0.0,False,2,2,0.0,3495.02071667132,cgre132
33930,A70G:G125A:G200A:G523A,D23G:G174D,51.22,3,1161.376540677576,745.46,False,4,2,0.6418762338397848,17032.883943022203,cgre132
33974,G235C:G537T:A652G,R78P:A179S:D217G,139.41,1,419.5865956150699,0.0,False,3,3,0.0,3294.9437081414953,cgre132
34094,C521A:A583G,D194G,63.96999999999999,3,1924.235928214564,23.13,False,2,1,0.0120203555400098,36021.3004269657,cgre132
34183,C89T:G98A,wt,65.31,2,2046.2654841085052,95.67,False,2,0,0.04675346417314,38971.92103165604,cgre132
34236,T10C:A24G:C68T:T552C,L3P:K8E:F184L,64.53,2,1963.0167235483448,50.3,False,4,3,0.025623826530157,36969.61506531999,cgre132
34254,C107T:T344C:T497C,wt,60.68000000000001,3,1995.867356349957,49.72,False,3,0,0.0249114751247437,37765.55061213288,cgre132
34261,G576A,E192K,63.1,4,2014.6549633346135,41.48,False,1,1,0.0205891335017204,38217.444898122536,cgre132
34345,T110A:C149A:C397T,S132L,60.92,4,1977.9121105489007,99.21,False,3,1,0.0501589527011226,37331.39613907344,cgre132
34363,A35G:C385T:G642A,T128I:D214N,72.79,1,1910.42302783365,0.0,False,3,2,0.0,35681.44847223078,cgre132
34410,T103A:G125A:C422T:C633T:T677C,V34D:P211S,48.76,1,1864.5104162640623,0.0,False,5,2,0.0,34544.79346767087,cgre132
34456,C161T:A316T:T426C:A694G,Q105L:E231G,60.96,1,1923.641953824217,0.0,False,4,2,0.0,36006.70785683811,cgre132
34464,G69A:G72A,D23N:V24I,95.08,3,1927.5630932582287,5.67,False,2,2,0.0029415379552716,36103.004641941734,cgre132
34474,T370C,V123A,112.41,2,1945.886213627184,1.85,False,1,1,0.0009507236276429,36551.82304197833,cgre132
34480,A38G:A153G:C263T:G447A:C561T,T51A:A149T:P187S,48.14,2,1872.6351332099584,83.27,False,5,3,0.044466750902651,34746.67372810952,cgre132
34495,A322G:C340T:G423A:C482T,D107G:T113M:V141I,71.72,2,1939.3483932743704,67.12,False,4,3,0.034609562795819,36391.90588790682,cgre132
34532,A707T,wt,61.870000000000005,2,1926.745425274082,85.43,False,1,0,0.0443390179519162,36082.93116928845,cgre132
34576,G388A:T429C:G680A,G129D:Y143H,160.26,4,1978.5465839046,42.44,False,3,2,0.0214500888405902,37346.774349511645,cgre132
34583,G63A:G138T,E21K:A46S,94.42,4,1907.5028066727732,49.06,False,2,2,0.0257194903348921,35609.46782801976,cgre132
34609,C113A:T215C:A379G,K126R,63.81,2,1901.157065970105,64.53,False,3,1,0.0339424875277583,35452.89719546121,cgre132
34617,A85G:A90G:G203T:C434A:T552C:C596T,K28R:I30V:H144Q:F184L,117.16,2,1933.5057607134056,6.59,False,6,4,0.0034083167135579,36248.78119345832,cgre132
34630,T28A,L9Q,99.31,2,1915.4508490529424,1.11,False,1,1,0.0005794980333475,35805.272847977125,cgre132
34635,C516G:A580T,L172V:E193V,68.31,2,1928.9755993464164,23.49,False,2,2,0.0121774479718452,36137.67230010484,cgre132
34643,G29A:G317C:G347T,Q105H:E115D,101.85,1,1895.720886822129,0.0,False,3,2,0.0,35318.60341008908,cgre132
34655,T344C:A408G,I136V,88.02,4,1975.232921208585,52.2,False,2,1,0.0264272630531392,37266.429469089366,cgre132
34680,T297A:A534G,S99T:M178V,84.39,2,1923.432124115664,94.31,False,2,2,0.049032143540475,36001.55235896339,cgre132
34691,C287T:A577G,E192G,71.9,4,1935.0452239694823,49.36,False,2,1,0.0255084477554197,36286.51202327406,cgre132
34706,A120T:G636A,T40S:D212N,68.94,1,1908.2232278751967,0.0,False,2,2,0.0,35627.2297094789,cgre132
34728,C68T:G102C:T110C:C278T:A694G,V34L:E231G,73.58000000000001,4,1875.6422153759413,32.72,False,5,2,0.0174446916004403,34821.31592549408,cgre132
34734,C422A:A652T,D217V,52.75,1,1812.0486376384988,0.0,False,2,1,0.0,33234.5763819553,cgre132
34790,A398G:C401G:T426A:C547T,N133K:L142M:A182V,69.45,4,1853.09915634428,12.75,False,4,3,0.0068803657679887,34260.7545211316,cgre132
34820,C9A:T342A,L3I:Y114N,103.91,1,1990.0474181767763,0.0,False,2,2,0.0,37625.064385605336,cgre132
34821,C12T:C20T,P4S,224.68,3,2045.5146573074544,34.78,False,2,1,0.0170030558694609,38954.08895953591,cgre132
34861,C237T:C350T:T517A:A648T,H79Y:L172Q:T216S,80.72,2,2011.9255429804748,15.83,False,4,3,0.0078680844105937,38151.95087902505,cgre132
34866,T11A:T455C:C470T:C564T:T617A,L188F,90.39,1,1859.162190282616,0.0,False,5,1,0.0,34411.74093492309,cgre132
34897,C101T:C505T:A627G,A168V:K209E,97.64,1,1897.661798373875,0.0,False,3,2,0.0,35366.56840145482,cgre132
34902,A629T:A700T,K209N:Y233F,77.67,1,1874.2183416689168,0.0,False,2,2,0.0,34785.97757947365,cgre132
34912,C8A:G469A:A694G,R156H:E231G,165.83,3,1956.787416257361,46.82,False,3,2,0.0239269731658178,36817.898887462754,cgre132
34932,T11A:C189T:A346T:A394G,E115V:K131R,64.2,1,1763.46956399661,0.0,False,4,2,0.0,32012.69680337119,cgre132
34961,T344C,wt,164.41,5,1962.6520730812863,37.83,False,1,0,0.0192749395162069,36960.74061267235,cgre132
34988,T14G:G173A,wt,234.09,5,1954.614194369055,57.88,False,2,0,0.0296119818257451,36764.91289909455,cgre132
34996,A70T:C512T,D23V,123.48,2,1931.288500334102,96.78,False,2,1,0.0501116223615775,36194.41424767821,cgre132
35003,G480T:A580G,G160C:E193G,89.7,2,1916.7033875691116,51.75,False,2,2,0.0269994827241541,35836.098960761825,cgre132
35019,A266G:A405G:A643T,N135D:D214V,249.61,6,1976.6464800932556,36.1,False,3,2,0.018263255652218,37300.71219500308,cgre132
35141,G625A:G647A,G208D,318.4200000000001,5,1986.4531857981256,40.34,False,2,1,0.0203075513122611,37538.18869334334,cgre132
35157,A136T:G243A,K45M:A81T,137.22,3,1857.832097267241,2.32,False,2,2,0.001248767315094,34378.63152493453,cgre132
35229,C422T:A558G,K186E,139.54000000000002,7,1881.510274916658,42.86,False,2,1,0.0227795726504329,34966.85149155,cgre132
35274,G72A:C165A,V24I:L55M,227.09000000000003,4,1908.614270888885,45.1,False,2,2,0.0236297090972687,35636.869671848974,cgre132
35304,G380A:A558G,K186E,189.27,1,1913.3005749635915,0.0,False,2,1,0.0,35752.332856362904,cgre132
35319,G191T,wt,237.9,8,1939.985850360368,58.15,False,1,0,0.0299744454265984,36407.509391698084,cgre132
35333,T201G,S67A,94.44,4,1827.4150157055112,27.17,False,1,1,0.0148679964685036,33619.46235761052,cgre132
35389,A84G:G137A:A475T,K28E:N158I,218.97,4,1874.0880283649524,17.44,False,3,2,0.0093058595626457,34782.74293301782,cgre132
35467,T427G,L142W,120.99,1,1763.0457501155608,0.0,False,1,1,0.0,32002.00687805838,cgre132
35468,C654A,H218N,158.77,1,1902.0829575250689,0.0,False,1,1,0.0,35475.75506731541,cgre132
35484,T104G:A601T,H200L,64.72,1,1635.3253721175004,0.0,False,2,1,0.0,28765.81579811371,cgre132
35522,A40G:T353C:A707G,E13G,125.65,5,1836.3615315825623,82.51,False,3,1,0.0449312396175569,33843.14161371746,cgre132
35563,A49G:C320T:A359T,Y16C,138.66,4,1824.7030214533413,40.44,False,3,1,0.0221625105699613,33551.59719533941,cgre132
35591,T308C:G367A:A696G,R122H:T232A,64.94,2,1636.244455394242,55.12,False,3,2,0.0336868979560387,28789.162221175655,cgre132
35634,G125A:C189A,L63M,155.73000000000002,6,1825.6608685720853,34.46,False,2,1,0.0188753566411008,33575.56958988456,cgre132
35804,C101T:T281A:A474T:A606T,S93R:N158Y:T202S,181.67,3,1883.425096417392,37.74,False,4,3,0.0200379617282302,35014.30610908532,cgre132
35836,A38G:C600A:T621A,H200N:F207I,67.3,2,1610.9113120182144,31.83,False,3,2,0.0197590021018116,28145.633734300627,cgre132
35864,C107T:C197T:T479C:A628T:G692A,K209I,119.33,7,1772.88282376955,50.81,False,5,1,0.0286595365011018,32250.006453349702,cgre132
36117,C121T:A329T,T40I:K109N,200.92,3,1748.2985984706877,54.48,False,2,2,0.0311617249179608,31629.758159870238,cgre132
36381,C146T:G402T,G134C,162.19,6,1621.00080162447,62.7,False,2,1,0.0386798081390001,28401.93135618899,cgre132
36482,G125A:T460G,L153W,247.77,1,1681.1135390664017,0.0,False,2,1,0.0,29928.408582759643,cgre132
36729,A54G:A108T:G377A:T453C,T18A:T36S:Y151H,134.47,5,198.9165527502416,31.31,False,4,3,0.157402687544624,1242.418147732707,cgre132
36745,G388C:T429C:A534G,G129A:Y143H:M178V,135.2,8,1745.2339774561208,49.8,False,3,3,0.0285348558664834,31552.335787031014,cgre132
37623,T44G:A394G,I14M:K131R,48.14000000000001,1,1922.945143733043,0.0,False,2,2,0.0,35989.586349315534,cgre132
37985,T182G:A559T:C704A,K186M,1514.16,22,1928.1021492332527,44.04,False,3,1,0.022841113484321,36116.23622222658,cgre132
38111,A54G:A499T:A511T,T18A:N166I:D170V,67.25,3,1800.1642234740782,26.78,False,3,3,0.0148764205236332,32936.33500431054,cgre132
38114,C185T:A406T:C661T:G684A,N135I:T220M:V228I,319.84,4,1753.2627394760832,45.38,False,4,3,0.0258831714027987,31755.122399373413,cgre132
38782,A493G:A534G,E164G:M178V,460.37,5,475.41264865323006,5.84,False,2,2,0.0122840652568748,3994.8426399537493,cgre132
38907,C185T:T685A,V228E,219.57,3,556.0960073371357,63.14,False,2,1,0.113541545285221,5123.092213877263,cgre132
39240,T552C:G609C:G687A,F184L:V203L:D229N,51.33,2,891.1463026731511,393.35,False,3,3,0.4413977803869881,11080.893511788976,cgre132
39264,C275A:C323T:A328C:A628G,K109T:K209R,53.07,1,1912.457170448573,0.0,False,4,2,0.0,35731.561346139366,cgre132
39967,T213C:T483C,F71L,335.77,1,1822.9691343293125,0.0,False,2,1,0.0,33508.19387123716,cgre132
40132,T110A:T150C:C275A:C350T:T464G:G645A,C50R:E215K,214.33,8,923.8791443949032,194.79,False,6,2,0.2108392652672965,11756.204880754727,cgre132
40527,C263A:T527C:A675T,I225F,223.47,5,1559.6933710924136,67.53,False,3,1,0.043296971861015,26845.35770541787,cgre132
40568,C269A,wt,110.69,7,1960.3114275782048,57.6,False,1,0,0.0293830863758009,36903.75673495445,cgre132
40658,T14C:A142G:G519A,K47R:G173S,121.39,3,1159.8869172377383,70.51,False,3,2,0.0607904089201376,16998.015930261397,cgre132
41133,G382T,G127V,58.32,2,1679.514204476633,48.01,False,1,1,0.0285856468924362,29887.827462067224,cgre132
41317,A35T:A38G:A120T:G159T:G317T:C654A,E11D:T40S:G53C:Q105H:H218N,129.82,3,579.9884929079559,140.68,False,6,5,0.2425565364144662,5482.431910795337,cgre132
41387,C230T:C374T,wt,445.87,9,1919.1134682457928,54.37,False,2,0,0.028330789658674,35895.38920673139,cgre132
41781,A70T:G270T:T281C:A417C,D23V:D90Y:M139L,164.70999999999998,1,1872.2070251822183,0.0,False,4,3,0.0,34736.04376495279,cgre132
41795,G75C:G513A:T514A:G639T,E25Q:V171K:D213Y,47.04,1,381.6528042576521,0.0,False,4,3,0.0,2858.9727550166635,cgre132
41797,A141G:C185A:G299A:G341A:T509A:A532T:G536A,K47E:F169L:Q177L:M178I,78.22000000000001,2,618.9279062707664,107.57,False,7,4,0.1738005330025314,6091.698210862512,cgre132
41858,T50C:A581C:G671T,E193D:E223D,105.32,3,211.9575181924945,18.32,False,3,2,0.0864324141753832,1329.819261979596,cgre132
42104,C56A:A147T:C332T:T517A:G576A:T705G,I49F:L172Q:E192K,594.25,8,1805.8017225211736,50.73,False,6,3,0.0280927852528422,33077.86852375958,cgre132
42196,G200T:G203A,wt,134.26,2,2003.682155236692,13.39,False,2,0,0.0066826966367918,37953.82159397406,cgre132
42218,A24C,K8Q,49.52,3,2008.7181789424676,99.95,False,1,1,0.049758099990224,38074.919731426286,cgre132
42358,C197A:A261T,T87S,66.28,3,1993.770534808684,43.6,False,2,1,0.0218681133253801,37714.96266889737,cgre132
42957,G143C:C411A:C443A:T464C:T621A:G642A,K47N:L137M:F207I:D214N,136.82999999999998,6,1412.2263640408155,109.75,False,6,4,0.0777141701886738,23127.861429469976,cgre132
43491,A25G:A64G:C174T:C189T:A227T,K8R:E21G:P58S:K75N,91.57,3,199.3833892619124,14.48,False,5,4,0.0726239033933709,1245.469415768524,cgre132
43606,T325C:A393G:C462G:C701T,V108A:K131E:P154A,56.510000000000005,1,732.633921760244,0.0,False,4,3,0.0,8028.894163273699,cgre132
44632,G117T:C323T,A39S,581.49,9,1972.676820473679,52.56,False,2,1,0.0266439993893066,37204.40386062679,cgre132
46455,C181A:C616A,A60D:T205N,59.39999999999999,1,56.505922067383175,0.0,False,2,2,0.0,590.0152167774485,cgre132
46491,G312T:C540T:A678G,G104C:R180C:K226E,46.28,2,56.502691987579645,0.0,False,3,3,0.0,590.0069169469325,cgre132
46493,T214G:A291T:T427C,F71C:I97F:L142S,64.07000000000001,2,56.50494269749623,0.0,False,3,3,0.0,590.0127002118281,cgre132
46503,A307G:C543T:A688G,N102S:H181Y:D229G,54.93,3,56.50216825525687,0.0,False,3,3,0.0,590.0055712225914,cgre132
46509,T204A:G312A:T360C,Y68N:G104S:Y120H,64.81,1,56.5,0.0,False,3,3,0.0,589.9999999999998,cgre132
46530,T133C:A408T,I44T:I136F,78.37,2,56.50122250137597,0.0,False,2,2,0.0,590.0031411388239,cgre132
46550,C443A:A555G:C607G:G636T,N185D:T202R:D212Y,75.56,1,56.503888318934514,0.0,False,4,3,0.0,590.0099909369318,cgre132
46566,G77A:G102A:G178T,V34I:W59L,59.99,2,56.5147931990848,0.01,False,3,2,0.0001769448215934,590.0380130998076,cgre132
46576,A36G:A472C:C528T:C600T,K12E:K157T:H176Y:H200Y,569.49,11,118.94378367028526,8.96,False,4,4,0.0753297038610888,806.4867099374035,cgre132
46607,C113A:T192C:C545T,S64P,87.62,1,56.51086849624792,0.0,False,3,1,0.0,590.0279274306313,cgre132
46690,T110C:A364G:T593C:A700G,N121S:Y233C,57.61,3,310.1810178822134,496.39,False,4,2,1.6003235897191384,2128.6373022655143,cgre132
46727,C591A:T610G,P197T:V203G,46.68,1,56.51806812433153,0.0,False,2,2,0.0,590.0464293193004,cgre132
46730,A17T:C331A:A408G:A650G,E5D:A110D:I136V,117.43,3,56.50752075175803,0.0,False,4,3,0.0,590.0193247789142,cgre132
46759,G207A,G69S,123.79,1,56.505267949998206,0.0,False,1,1,0.0,590.0135359698397,cgre132
46816,G324A:G351A:A400C:T483A:A601T:C701T,V108M:G117S:N133T:L161I:H200L,51.6,1,56.50551777243034,0.0,False,6,5,0.0,590.0141779073452,cgre132
46817,T95C:T213C:C298T:T318A,F71L:S99L:Y106N,82.10000000000001,1,56.50707331250991,0.0,False,4,3,0.0,590.0181750253348,cgre132
46921,A194G:G299A:A363G:G421A,N121D:R140H,56.26,2,56.49999999999999,0.0,False,4,2,0.0,589.9999999999998,cgre132
46966,T479G:A670T,E223V,170.09,1,56.50481965328603,0.0,False,2,1,0.0,590.0123840423213,cgre132
46976,A84C:T182C:T424C:T491C:T535A:C607T,K28Q:V141A:M178K:T202I,168.52,3,56.796207579713744,0.39,False,6,4,0.0068666556557078,590.7623590277494,cgre132
47000,A132G:G207A:A329T:A335T:A694G,I44V:G69S:K109N:K111N:E231G,157.48000000000002,4,56.50612144252042,0.01,False,5,5,0.0001769719765702,590.015729090493,cgre132
47005,C232T:G414T:C512G:A629G,P77L:G138W:D170E,177.63,1,56.50430864618588,0.0,False,4,3,0.0,590.0110709835285,cgre132
47022,T192C:G270T,S64P:D90Y,161.65,6,56.72559984141547,0.33,False,2,2,0.0058174792496256,590.5804016084201,cgre132
47083,A319G:G351A:A372G,Y106C:G117S:T124A,220.87,4,56.50284738100793,0.0,False,3,3,0.0,590.0073162301443,cgre132
47269,C368T:A601G:T653C,H200R,315.03000000000003,6,56.65550974741864,0.22,False,3,1,0.0038831174757901,590.3999217914928,cgre132
47429,T249A:T464A:C524T:A550G,F83I:Q183R,359.50000000000006,1,56.50524060359024,0.0,False,4,2,0.0,590.0134657013007,cgre132
48498,T43C:A129G:T213C:C521T:G614T,I14T:T43A:F71L:W204C,74.67,1,110.8829053993366,0.0,False,5,4,0.0,772.3136149879001,cgre132
48553,C118T:A532T,A39V:Q177L,55.88,2,434.4711141404295,208.12,False,2,2,0.4790191872979882,3474.8658972497797,cgre132
48769,T215A:T386A:T459A:G488A:A556G:G582A,F71L:L153M:N185S:D194N,81.18,2,109.65208057971752,23.46,False,6,4,0.2139494287383309,767.2562495779692,cgre132
48804,G210A:A255G:A558C,V70M:K85E:K186Q,61.400000000000006,2,1672.922522305796,160.53,False,3,3,0.0959578210344976,29720.544774962815,cgre132
48974,T219C:G280C:G450C,F73L:S93T:V150L,98.99,1,1740.3950009257146,0.0,False,3,3,0.0,31430.04453504395,cgre132
49034,T272C:C355T:A529G,T118I:H176R,173.68,8,1766.364352624126,35.93,False,3,2,0.0203412166615693,32085.700004462153,cgre132
51333,T250A,F83Y,332.78000000000003,5,1837.8921376332137,59.25,False,1,1,0.0322380181006163,33881.378301100216,cgre132
51466,A487G:G692A,K162R,190.55,2,2161.561846693281,109.41,False,2,1,0.0506161783746199,41652.965042963,cgre132
51514,T44A:A123T:C263T:A449T,T41S,82.91,2,2150.704677080227,116.49,False,4,1,0.0541636428475831,41405.717819069854,cgre132
51539,A156G:A322T,T52A:D107V,194.21,4,1767.4910387411558,62.4,False,2,2,0.0353042808321351,32114.107752161803,cgre132
51625,A306G:G326T:A556G,N102D:N185S,417.13,10,1632.545781045599,73.34,False,3,2,0.0449237018964502,28695.208005636785,cgre132
52445,G18T:T342C:G546A,G6C:Y114H:A182T,620.4200000000001,10,1909.6270208791195,31.51,False,3,3,0.0165006043879155,35661.83214544674,cgre132
52713,T242C:C540T,R180C,55.5,3,1265.5482674139218,184.51,False,2,1,0.1457945182739146,19515.083455804437,cgre132
52781,T28A:C189G,L9Q:L63V,132.83,2,1883.6341686880128,48.44,False,2,2,0.0257162461826329,35019.486435379,cgre132
52798,A120G:A348T:C539A:T622A,T40A:N116Y:F207Y,217.66,5,712.9931165797435,66.47,False,4,3,0.0932267064776996,7678.2091963613775,cgre132
53241,C596T:C682T,A227V,350.27,7,1754.6314204557889,54.08,False,2,1,0.0308212878041087,31789.676712712102,cgre132
53335,G235A:G560T,R78H:K186N,119.01,1,1815.1740536165032,0.0,False,2,2,0.0,33312.92856201641,cgre132
53399,C107T:C528G,H176D,74.98,5,1704.7098229701253,68.98,False,2,1,0.0404643647091889,30526.779326001528,cgre132
53408,A328T,K109I,252.93,5,1869.969377856064,60.04,False,1,1,0.0321074776469529,34680.469049298634,cgre132
53422,T48C:C244T:A322T,Y16H:A81V:D107V,50.83,2,1639.4844188211246,0.24,False,3,3,0.0001463874845316,28871.461693717254,cgre132
53431,C357T:G541A,R180H,55.56,1,1651.4097009214493,0.0,False,2,1,0.0,29174.349321639864,cgre132
53496,T103A:T148C:A378G:T677C,V34D:I49T:K126E,315.38,10,1826.0962716051677,42.97,False,4,3,0.0235310704414443,33586.46544758526,cgre132
53539,A108T:C401T,T36S,331.41,8,1918.388640369528,90.41,False,2,1,0.0471280939104106,35877.561097689584,cgre132
53630,T91A:C181T:C524T,I30N:A60V,110.33,4,1637.554914645215,27.21,False,3,2,0.0166162366566468,28822.449987665113,cgre132
53678,A90G:C113A:C385A:T479C,I30V:T128N,217.17,6,1870.105442613489,59.23,False,4,2,0.0316720109199968,34683.84903985091,cgre132
53705,A38G:C169A:C524G,P56H,62.71,2,1623.5567474082968,1.3,False,3,1,0.0008007111559698,28466.860288811047,cgre132
53707,T104C:G687A,D229N,183.86,2,1911.729355692666,2.63,False,2,1,0.0013757177459081,35713.63353559469,cgre132
53926,C169A:T292C,P56H:I97T,156.48,3,1714.1362124015277,29.85,False,2,2,0.0174140186666844,30765.600637131145,cgre132
53940,A84G:C109A,K28E:T36N,238.7,8,1801.85173797558,87.39,False,2,2,0.048500105840109,32978.712341894294,cgre132
54080,G143C:T242A,K47N,440.56,13,1704.0385449280811,101.65,False,2,1,0.0596524065154231,30509.766969084445,cgre132
54576,G21A:A76G:T272G:G437A:A643T:T664C,A7T:E25G:D90E:D214V:I221T,173.63,5,928.6247292648708,14.07,False,6,5,0.0151514379884523,11855.283684016096,cgre132
57819,C92A:A555T,N185Y,47.18000000000001,1,56.50000000000056,0.0,False,2,1,0.0,590.0000000000013,cgre132
57831,T201G:T658A,S67A:L219H,77.02000000000001,5,112.08955225841414,12.13,False,2,2,0.1082170439224807,777.3129904233,cgre132
57839,G200A:C436T:T622A,S145L:F207Y,92.35,1,98.86268836876012,0.0,False,3,2,0.0,724.7523403549412,cgre132
57899,G102A:T150C:A601G,V34I:C50R:H200R,73.96000000000001,2,485.4941099766041,452.61,False,3,3,0.9322667169367128,4128.421448987051,cgre132
57916,C441T:T483C:A501G,P147S:K167E,50.09,1,56.50005517933923,0.0,False,3,2,0.0,590.0001417788322,cgre132
57938,G338C:A348G:C410G:G687C,N116D:I136M:D229H,59.86,1,56.50000039740787,0.0,False,4,3,0.0,590.0000010211068,cgre132
57994,G137A:C282G:A327G:C439A:C446T:T535A,Q94E:K109E:P146Q:M178K,51.0,1,56.50685416935063,0.0,False,6,4,0.0,590.0176119104968,cgre132
58021,A183G:T276C:G461A:A628T:C704T,T61A:Y92H:K209I,49.50000000000001,1,56.50275415621469,0.0,False,5,3,0.0,590.0070766890749,cgre132
58375,A84G:C169A:A646T,K28E:P56H:E215V,73.15,1,1470.8215372648494,0.0,False,3,3,0.0,24598.059407912377,cgre132
58855,A16G:C198A:C236T:C263T,E5G:L66M,50.33,2,2114.7407367959872,97.31,False,4,2,0.0460150969368627,40578.61243461687,cgre132
58945,T593A,wt,77.78,2,2046.254471220027,3.41,False,1,0,0.0016664594008031,38971.65950844192,cgre132
58970,C47A:G639A,D213N,208.34,8,1890.432829207255,78.32,False,2,1,0.0414296656246935,35187.82561118368,cgre132
59037,G419A:C633T,M139I:P211S,110.66,5,1663.6183542540916,62.13,False,2,2,0.0373463059247485,29484.3591729509,cgre132
59088,G285A,D95N,234.2,4,1958.292981554508,21.78,False,1,1,0.0111219312968741,36854.58942492504,cgre132
59319,A408G:C500G,I136V:N166K,50.790000000000006,2,717.7553650829146,123.8,False,2,2,0.1724821659615163,7762.644249815164,cgre132
59342,G352A,G117D,151.55,3,1938.943426483634,48.13,False,1,1,0.0248227974795974,36381.99198233434,cgre132
59569,G666T,V222F,187.16,5,1896.612365168676,26.2,False,1,1,0.0138141037573958,35340.63653687176,cgre132
59606,T10C:C170A:C332T:C355T:C569T,L3P:T118I,149.57,3,1951.865610542765,3.71,False,5,2,0.0019007456148419,36697.85731109357,cgre132
59640,G367T:A640C,R122L:D213A,63.57,2,1300.6625332326091,199.0,False,2,2,0.1529989485477176,20369.125352677856,cgre132
59646,T418C:G437A,M139T,418.47,10,1781.5416240977588,49.79,False,2,1,0.0279477051372378,32468.080082447334,cgre132
60748,A271T,D90V,339.22,6,1973.486229531523,35.92,False,1,1,0.0182012924450589,37224.04934319284,cgre132
60792,C122A:A405T:T426C:G461A,N135Y,102.39,3,1808.227913489535,31.51,False,4,1,0.0174259006649176,33138.7469758483,cgre132
60912,C275T:C462A:C505T,P154T:A168V,296.65,6,1981.0584982318285,97.09,False,3,2,0.0490091534836839,37407.63143908695,cgre132
