source,target,model,training_size,fold,target_peak,n,mse,rmse,r2,spearman,pearson
natural,artificial,aubin_1_10_1,500,0,cgre132,427,0.657024520426322,0.8105704907201606,-1.191522724407843,0.27617985741393253,0.146255220294287
natural,artificial,aubin_1_10_1,500,0,cgre1338,1024,2.07814981229293,1.441578930302788,-9.504389866699606,0.2749152305124469,0.25901332812500527
natural,artificial,aubin_1_10_1,500,0,cgre4111,822,1.9510979248478557,1.3968170692140958,-2.194274000954505,0.34598733646202745,0.3756197604045172
natural,artificial,aubin_1_10_1,500,0,cgre9708,418,0.38872754430099504,0.623480187576955,-1.1433247894231142,0.22135158846372638,0.2167681493841179
natural,artificial,aubin_1_10_1,500,1,cgre132,427,0.5982531143202009,0.7734682374346091,-1.0458947994232717,0.27410092090844357,0.21586429191724793
natural,artificial,aubin_1_10_1,500,1,cgre1338,1024,1.9342689189211413,1.3907799678314112,-8.626189302908033,0.24109062722103217,0.23714921054800298
natural,artificial,aubin_1_10_1,500,1,cgre4111,822,1.9151283218800532,1.3838816141130184,-2.2659232251453933,0.36100678172906775,0.37707413263470646
natural,artificial,aubin_1_10_1,500,1,cgre9708,418,0.43735834668888174,0.6613307392590199,-0.9172693871142283,0.23450390885586528,0.14940810320505646
natural,artificial,aubin_1_10_1,500,2,cgre132,427,0.6079684970242432,0.7797233464660676,-1.0807426335608805,0.28005958074995213,0.18238078345720815
natural,artificial,aubin_1_10_1,500,2,cgre1338,1024,1.9316494794111794,1.3898379327861143,-8.208585884317056,0.24277948052830997,0.24232081531983954
natural,artificial,aubin_1_10_1,500,2,cgre4111,821,1.9355932815110952,1.3912560086163492,-2.257000092838501,0.3540710736914801,0.40017838535041267
natural,artificial,aubin_1_10_1,500,2,cgre9708,418,0.4312636986067337,0.6567067066862754,-0.9865491239353945,0.21152188868522126,0.10882996413956382
natural,artificial,aubin_1_10_1,500,3,cgre132,427,0.7071419511170128,0.8409173271594615,-1.195089772188977,0.2688096939633644,0.2663745689794949
natural,artificial,aubin_1_10_1,500,3,cgre1338,1024,2.040673354722945,1.4285213875623093,-9.346420418473457,0.24449544334757828,0.23404009478266802
natural,artificial,aubin_1_10_1,500,3,cgre4111,821,1.927349911619694,1.3882902836293618,-2.07484439244215,0.38040369091709675,0.4291208088349408
natural,artificial,aubin_1_10_1,500,3,cgre9708,418,0.43910669810528485,0.6626512643202945,-1.0744759501108008,0.253646798271784,0.19198949740656773
natural,artificial,aubin_1_10_1,500,4,cgre132,427,0.6942988903807906,0.8332459963184885,-1.1834714998472147,0.13853949445134778,0.040419963160869606
natural,artificial,aubin_1_10_1,500,4,cgre1338,1024,2.0724381205339153,1.4395965131014716,-9.36054300026447,0.2762269698369317,0.25783019175989885
natural,artificial,aubin_1_10_1,500,4,cgre4111,821,1.9120783698342423,1.3827792194830824,-2.153046955521346,0.3620193162653173,0.38356621409200375
natural,artificial,aubin_1_10_1,500,4,cgre9708,418,0.3928391519129368,0.6267688185550848,-1.2342173438357844,0.25104240279496426,0.20507291862277455
natural,artificial,aubin_1_10_1,500,5,cgre132,427,0.757894856157886,0.8705715686592838,-1.4309422081296121,0.3412012373002004,0.2568094807107794
natural,artificial,aubin_1_10_1,500,5,cgre1338,1024,2.1566898871230844,1.4685672906350205,-10.11501957651486,0.2032609754922362,0.21202941108953383
natural,artificial,aubin_1_10_1,500,5,cgre4111,821,1.9572506878592224,1.3990177582358354,-2.1846834418036893,0.36701682180570405,0.3696899568381564
natural,artificial,aubin_1_10_1,500,5,cgre9708,418,0.5343897223426651,0.7310196456612265,-1.2569636588023436,0.36141677509197156,0.31095171770640395
natural,artificial,aubin_1_10_1,500,6,cgre132,427,0.6431175654616523,0.8019461113202385,-1.0813133568120832,0.2973697957920566,0.3069410220288802
natural,artificial,aubin_1_10_1,500,6,cgre1338,1024,1.9807506110867343,1.4073914207095104,-9.251136317798604,0.21951236917472086,0.23237636079974117
natural,artificial,aubin_1_10_1,500,6,cgre4111,821,1.9059729577535989,1.3805697945969986,-2.1704787262415635,0.354368714414481,0.3712421877591421
natural,artificial,aubin_1_10_1,500,6,cgre9708,418,0.4378140043402027,0.6616751501607134,-0.984536736328536,0.21751392355190116,0.16194808359317958
natural,artificial,aubin_1_10_1,500,7,cgre132,426,0.7619157095856033,0.8728778319934601,-1.2285566198834421,0.16044975157776145,0.08842693165281468
natural,artificial,aubin_1_10_1,500,7,cgre1338,1025,2.064873180953074,1.4369666596525732,-9.36222840907813,0.24699793692966807,0.24090710125573028
natural,artificial,aubin_1_10_1,500,7,cgre4111,821,1.9402731190052576,1.3929368682769716,-2.1823369656345655,0.3773032282757868,0.40456421628382355
natural,artificial,aubin_1_10_1,500,7,cgre9708,418,0.44847967377916326,0.6696862502539255,-1.1524001512446356,0.18724694447957274,0.11894083153741244
natural,artificial,aubin_1_10_1,500,8,cgre132,426,0.5386336318162971,0.7339166381928516,-1.0802324061730304,0.3104623820134042,0.23832321317074834
natural,artificial,aubin_1_10_1,500,8,cgre1338,1024,1.981124065531675,1.4075240905688524,-8.701656273889753,0.274565379412852,0.26414727888080247
natural,artificial,aubin_1_10_1,500,8,cgre4111,822,1.8324159819555892,1.3536676039396043,-1.8960995519732,0.36630363156583884,0.3825810627950331
natural,artificial,aubin_1_10_1,500,8,cgre9708,418,0.364922008419758,0.6040877489402993,-1.060362111152803,0.18737215141998367,0.11831596450368762
natural,artificial,aubin_1_10_1,500,9,cgre132,426,0.7287648089770153,0.853677227631741,-1.387934439991393,0.21701942630876261,0.16705180301092362
natural,artificial,aubin_1_10_1,500,9,cgre1338,1024,2.159134206953487,1.4693992673720397,-9.978143264200593,0.25132895351648926,0.24677110693602158
natural,artificial,aubin_1_10_1,500,9,cgre4111,822,2.0967949892118902,1.4480314185858987,-2.5370398807775385,0.3288904232365376,0.363514407412283
natural,artificial,aubin_1_10_1,500,9,cgre9708,418,0.45836422157531603,0.6770260124805516,-1.3892135267649373,0.2400983900908778,0.12882208994885408
natural,artificial,aubin_1_10_1,1000,0,cgre132,427,0.8267202023746753,0.9092415533699916,-1.7575471750362515,0.35737252052742374,0.20833434934140493
natural,artificial,aubin_1_10_1,1000,0,cgre1338,1024,2.4460978639582285,1.5640005958944607,-11.364250865421491,0.32573007390277237,0.30769096047216693
natural,artificial,aubin_1_10_1,1000,0,cgre4111,822,2.2670185445152313,1.5056621614808654,-2.7114889540930696,0.39260242202079165,0.4188349360169517
natural,artificial,aubin_1_10_1,1000,0,cgre9708,418,0.5225933966406842,0.7229062156605683,-1.8814201572027303,0.292949698918339,0.29453474012918923
natural,artificial,aubin_1_10_1,1000,1,cgre132,427,0.7975420775888084,0.8930521135906955,-1.7274194647766636,0.33683352726059745,0.2728265922458308
natural,artificial,aubin_1_10_1,1000,1,cgre1338,1024,2.373460644047414,1.5406039867686356,-10.811895046809619,0.28180944917632555,0.2707363227318407
natural,artificial,aubin_1_10_1,1000,1,cgre4111,822,2.305198714320013,1.5182880867345345,-2.9311214468815927,0.4154377133180709,0.4281200479591447
natural,artificial,aubin_1_10_1,1000,1,cgre9708,418,0.607405783598099,0.7793624212124286,-1.6627147355602752,0.2912994686322923,0.24318751977119213
natural,artificial,aubin_1_10_1,1000,2,cgre132,427,0.8002837360428294,0.8945857902084234,-1.7389321925068382,0.35884886961092755,0.2666748309443001
natural,artificial,aubin_1_10_1,1000,2,cgre1338,1024,2.3505232142190176,1.533141615839521,-10.205446496335764,0.3004457619674863,0.2940309931672601
natural,artificial,aubin_1_10_1,1000,2,cgre4111,821,2.3083287200538947,1.519318505137713,-2.884197639727247,0.3949199143917368,0.45219689827884046
natural,artificial,aubin_1_10_1,1000,2,cgre9708,418,0.594807230228911,0.7712374668212839,-1.7398869553339962,0.2666365492433285,0.18291323489151595
natural,artificial,aubin_1_10_1,1000,3,cgre132,427,0.8744566824446979,0.9351238861480856,-1.7144633645685565,0.28040059286355745,0.27505884942749625
natural,artificial,aubin_1_10_1,1000,3,cgre1338,1024,2.3895007596350033,1.5458010090677918,-11.115010661665622,0.26091170313308804,0.24606950920189055
natural,artificial,aubin_1_10_1,1000,3,cgre4111,821,2.2250659475380186,1.4916654945188008,-2.549812885741979,0.4051233696457033,0.44760390974263525
natural,artificial,aubin_1_10_1,1000,3,cgre9708,418,0.571604136145907,0.7560450622455694,-1.7004348568015444,0.26654900116526004,0.2003037585500499
natural,artificial,aubin_1_10_1,1000,4,cgre132,427,0.868629926988137,0.9320031797092416,-1.7317178750678281,0.1957278322854545,0.08605510034024907
natural,artificial,aubin_1_10_1,1000,4,cgre1338,1024,2.4410809602449977,1.562395903810874,-11.203464125254348,0.3016475165140771,0.28956517254661096
natural,artificial,aubin_1_10_1,1000,4,cgre4111,821,2.2249878548303315,1.4916393179419518,-2.6690395605243515,0.3724734733129081,0.39964429633958554
natural,artificial,aubin_1_10_1,1000,4,cgre9708,418,0.5294743186541756,0.7276498599286443,-2.011310609170056,0.26077832498762893,0.23350545169058035
natural,artificial,aubin_1_10_1,1000,5,cgre132,427,0.896805102227436,0.9469979420397048,-1.8764958064532733,0.37483644864599497,0.2917863005085639
natural,artificial,aubin_1_10_1,1000,5,cgre1338,1024,2.438689994090678,1.561630556210616,-11.568374891174987,0.22270986519386488,0.22879452892143579
natural,artificial,aubin_1_10_1,1000,5,cgre4111,821,2.192790982301516,1.480807543977784,-2.5679359705885423,0.3964170607093479,0.3975784912413418
natural,artificial,aubin_1_10_1,1000,5,cgre9708,418,0.6500980479051973,0.8062865792664524,-1.7456509873510195,0.38761329868550404,0.3445897103825599
natural,artificial,aubin_1_10_1,1000,6,cgre132,427,0.8306360359207875,0.9113923611270766,-1.6881770442242128,0.4040597993198393,0.40827796841837716
natural,artificial,aubin_1_10_1,1000,6,cgre1338,1024,2.3866925851537206,1.5448924186342947,-11.352040131728929,0.2668927380847264,0.27749123788042857
natural,artificial,aubin_1_10_1,1000,6,cgre4111,821,2.2560517038894243,1.5020158800390309,-2.7528150141819325,0.4178755783310729,0.42377045697477533
natural,artificial,aubin_1_10_1,1000,6,cgre9708,418,0.5938582676753379,0.770622000513441,-1.6918589553804124,0.2818490057555461,0.23967631566303849
natural,artificial,aubin_1_10_1,1000,7,cgre132,426,0.9564962364882451,0.9780062558533279,-1.7976927013079065,0.2668624491249535,0.2140160765700116
natural,artificial,aubin_1_10_1,1000,7,cgre1338,1025,2.4557134425424807,1.5670716137249379,-11.323596351386314,0.3056552204080421,0.29131045385174326
natural,artificial,aubin_1_10_1,1000,7,cgre4111,821,2.2746641899348323,1.5081989888389504,-2.7307881375720933,0.43016632609952543,0.44786766443202414
natural,artificial,aubin_1_10_1,1000,7,cgre9708,418,0.6003339162297313,0.77481218126055,-1.8811981626762249,0.28454460381009583,0.22185845838979434
natural,artificial,aubin_1_10_1,1000,8,cgre132,426,0.7126444307368055,0.8441826998563792,-1.7522715837451361,0.36960053477338844,0.30846215730323007
natural,artificial,aubin_1_10_1,1000,8,cgre1338,1024,2.3873221094027572,1.545096148918493,-10.690826901477903,0.3249565800100367,0.3095265415427802
natural,artificial,aubin_1_10_1,1000,8,cgre4111,822,2.1723511989010063,1.4738898191184462,-2.433360872104709,0.4097835598494107,0.43230186199605625
natural,artificial,aubin_1_10_1,1000,8,cgre9708,418,0.5116693501771982,0.7153106668973965,-1.888902609925995,0.27559066826586864,0.2518702855416425
natural,artificial,aubin_1_10_1,1000,9,cgre132,426,0.8517472385248909,0.9229015324100892,-1.7909094127311227,0.28289087440222244,0.21507790211788205
natural,artificial,aubin_1_10_1,1000,9,cgre1338,1024,2.414191165096283,1.5537667666340025,-11.27498336705537,0.25852850858164433,0.25639574890719197
natural,artificial,aubin_1_10_1,1000,9,cgre4111,822,2.3229648736206743,1.5241275778689507,-2.9185611573451617,0.3606567634038056,0.3906812082163413
natural,artificial,aubin_1_10_1,1000,9,cgre9708,418,0.5582016866068548,0.7471289625003535,-1.9096141398657553,0.2800780572398071,0.1841018556529605
natural,artificial,aubin_1_10_1,2500,0,cgre132,427,0.822547911621692,0.906944271508284,-1.7436303885028255,0.34608412687674767,0.22140289341618705
natural,artificial,aubin_1_10_1,2500,0,cgre1338,1024,2.439898125472024,1.562017325599183,-11.332913148696043,0.30380176960672056,0.28969398037880023
natural,artificial,aubin_1_10_1,2500,0,cgre4111,822,2.2603209090549843,1.5034363668127042,-2.700523803371479,0.3991134612457146,0.4161068114439156
natural,artificial,aubin_1_10_1,2500,0,cgre9708,418,0.5191606400296956,0.7205280286218543,-1.862492987136565,0.25412966445210755,0.2501635246635383
natural,artificial,aubin_1_10_1,2500,1,cgre132,427,0.8092698528754515,0.8995942712553541,-1.7675258911260059,0.527094205764004,0.45704909508632363
natural,artificial,aubin_1_10_1,2500,1,cgre1338,1024,2.400766616105634,1.5494407430120178,-10.947787452235309,0.3891168516447756,0.3553751581121448
natural,artificial,aubin_1_10_1,2500,1,cgre4111,822,2.32856158867911,1.5259625122129017,-2.970962826231371,0.5279657022375835,0.5088178441584035
natural,artificial,aubin_1_10_1,2500,1,cgre9708,418,0.6128305448579097,0.7828349410047495,-1.686495529443779,0.5061521536060462,0.5263119974372088
natural,artificial,aubin_1_10_1,2500,2,cgre132,427,0.789934701455605,0.8887827076713436,-1.7035131245991546,0.5520586232338094,0.48989189881526707
natural,artificial,aubin_1_10_1,2500,2,cgre1338,1024,2.321236082788657,1.5235603311942252,-10.065828481806562,0.4169106684302334,0.3689646885911026
natural,artificial,aubin_1_10_1,2500,2,cgre4111,821,2.2740392318904608,1.507991787739728,-2.826499120519483,0.5134959747337978,0.5039965382725916
natural,artificial,aubin_1_10_1,2500,2,cgre9708,418,0.5880081862490534,0.7668169183377825,-1.7085682171572851,0.4026362173661459,0.4598557442974033
natural,artificial,aubin_1_10_1,2500,3,cgre132,427,0.8767881575150307,0.9363696692626426,-1.7217006626427511,0.32228267298835955,0.3201642711065401
natural,artificial,aubin_1_10_1,2500,3,cgre1338,1024,2.3938209852325434,1.5471977847814233,-11.136914642639034,0.2726638027021,0.25480509363132386
natural,artificial,aubin_1_10_1,2500,3,cgre4111,821,2.2301117949899583,1.4933558835689362,-2.5578629007647713,0.43053365825500395,0.47000461220161255
natural,artificial,aubin_1_10_1,2500,3,cgre9708,418,0.5737149405949941,0.7574397273677913,-1.7104069503357864,0.2650531252947977,0.22140043730622666
natural,artificial,aubin_1_10_1,2500,4,cgre132,427,0.8701383837309926,0.9328120838255648,-1.7364617574971537,0.5067008866054032,0.38123940485275754
natural,artificial,aubin_1_10_1,2500,4,cgre1338,1024,2.4387294568609352,1.561643191276719,-11.191708477795224,0.4297695051581716,0.3745838068156302
natural,artificial,aubin_1_10_1,2500,4,cgre4111,821,2.2219306990204934,1.4906142019384134,-2.663998263069792,0.5389600758612383,0.5078933439558039
natural,artificial,aubin_1_10_1,2500,4,cgre9708,418,0.5326408405573744,0.729822471946003,-2.029319756479616,0.46200037798736676,0.5133360654194552
natural,artificial,aubin_1_10_1,2500,5,cgre132,427,0.8931035656238386,0.9450415681989013,-1.8646231548690713,0.6209791199269753,0.4832510776506932
natural,artificial,aubin_1_10_1,2500,5,cgre1338,1024,2.432398672178294,1.5596149115016482,-11.535951051922147,0.39120948175261483,0.37325262956026256
natural,artificial,aubin_1_10_1,2500,5,cgre4111,821,2.1808696761082658,1.4767767861488972,-2.5485385644852685,0.5835347304706361,0.5564851277603651
natural,artificial,aubin_1_10_1,2500,5,cgre9708,418,0.6497494239845868,0.8060703592023384,-1.7441785946636044,0.5836062260703007,0.6029033804158553
natural,artificial,aubin_1_10_1,2500,6,cgre132,427,0.8440375631228655,0.9187151697467858,-1.7315482395784292,0.6533334874678968,0.6002628423193073
natural,artificial,aubin_1_10_1,2500,6,cgre1338,1024,2.4054817582910517,1.5509615592564026,-11.449281235203246,0.39492700650034546,0.35452780653198485
natural,artificial,aubin_1_10_1,2500,6,cgre4111,821,2.266962908765231,1.5056436858583877,-2.7709651892910165,0.5392510855129804,0.5021441763750686
natural,artificial,aubin_1_10_1,2500,6,cgre9708,418,0.6076484954984992,0.7795181174921461,-1.7543677226790888,0.46821319738822104,0.4638199515893485
natural,artificial,aubin_1_10_1,2500,7,cgre132,426,0.9557459740590427,0.9776226133120299,-1.7954982298168827,0.5529737946667005,0.511450188533978
natural,artificial,aubin_1_10_1,2500,7,cgre1338,1025,2.4515218705969244,1.5657336525082817,-11.302561632986372,0.41202855115421855,0.37341642538873243
natural,artificial,aubin_1_10_1,2500,7,cgre4111,821,2.2722004557837483,1.5073819873488432,-2.726747246531707,0.5511783120921514,0.5530898926046166
natural,artificial,aubin_1_10_1,2500,7,cgre9708,418,0.6015663264538146,0.7756070696259896,-1.8871129010864625,0.48004805969262265,0.49754515026589513
natural,artificial,aubin_1_10_1,2500,8,cgre132,426,0.7245507637716112,0.8512054768219077,-1.7982544900374382,0.5292656933665201,0.43765215807301794
natural,artificial,aubin_1_10_1,2500,8,cgre1338,1024,2.404988894689523,1.550802661427147,-10.777341966989873,0.395454173389558,0.35866040257090237
natural,artificial,aubin_1_10_1,2500,8,cgre4111,822,2.189023005268637,1.4795347259421243,-2.4597103535692564,0.5241598404451214,0.4996802839875934
natural,artificial,aubin_1_10_1,2500,8,cgre9708,418,0.523399611754819,0.7234636215835728,-1.9551320670450654,0.4235719836049948,0.51598366666252
natural,artificial,aubin_1_10_1,2500,9,cgre132,426,0.8576754263944747,0.926107675378233,-1.810334231007392,0.5331944504970677,0.4557352229773401
natural,artificial,aubin_1_10_1,2500,9,cgre1338,1024,2.4237064069936998,1.5568257471514595,-11.323363726371133,0.3859701435697829,0.33125430589455634
natural,artificial,aubin_1_10_1,2500,9,cgre4111,822,2.3339681417324654,1.5277330073453494,-2.937122341595664,0.5077141619632991,0.5036377948406392
natural,artificial,aubin_1_10_1,2500,9,cgre9708,418,0.564886050149372,0.7515890167833561,-1.9444562393182592,0.4801654008760563,0.5704250722364055
natural,artificial,aubin_1_10_1,5000,0,cgre132,427,2.8309182055958524,1.6825332702790314,-8.442602803435094,0.6645242476971628,0.5248807978211834
natural,artificial,aubin_1_10_1,5000,0,cgre1338,1024,3.040524773594724,1.7437100600715487,-14.368890843320743,0.44501229839337786,0.40075085923784504
natural,artificial,aubin_1_10_1,5000,0,cgre4111,822,6.625061609369283,2.5739195032808007,-9.846335175708989,0.567210368996775,0.5169036120803281
natural,artificial,aubin_1_10_1,5000,0,cgre9708,418,4.662874956839474,2.1593691108375785,-24.70966640129776,0.5067273472701722,0.6418833433112086
natural,artificial,aubin_1_10_1,5000,1,cgre132,427,2.194605196935405,1.4814199934304266,-6.505069763488602,0.5852448204232081,0.5466488005440737
natural,artificial,aubin_1_10_1,5000,1,cgre1338,1024,2.433062307801081,1.5598276532364341,-11.10851197139996,0.44335627964957497,0.4035059012102292
natural,artificial,aubin_1_10_1,5000,1,cgre4111,822,6.035378162152608,2.456700665964946,-9.292303386208316,0.5563245111697299,0.5221431842698754
natural,artificial,aubin_1_10_1,5000,1,cgre9708,418,4.124273613832563,2.0308307693731065,-17.07978195397078,0.5485785881121416,0.6219535398142234
natural,artificial,aubin_1_10_1,5000,2,cgre132,427,2.5249375404576617,1.5890052046666372,-7.6414760192732665,0.6524666614671943,0.6535295230542383
natural,artificial,aubin_1_10_1,5000,2,cgre1338,1024,4.257605160570135,2.0633965107487544,-19.296913700187904,0.47100298042062966,0.4195789340809428
natural,artificial,aubin_1_10_1,5000,2,cgre4111,821,7.575328478259772,2.7523314622806194,-11.746916303466612,0.5154239461711687,0.49999728688693684
natural,artificial,aubin_1_10_1,5000,2,cgre9708,418,4.619661298061683,2.149339735374955,-20.27975096023858,0.4687960469154415,0.6306767358427451
natural,artificial,aubin_1_10_1,5000,3,cgre132,427,1.6707924030393222,1.2925913519126306,-4.186425878947437,0.6588575423739002,0.5855309525986421
natural,artificial,aubin_1_10_1,5000,3,cgre1338,1024,5.587023219055973,2.3636884775824356,-27.326773110620678,0.4122859426837962,0.3602556079593326
natural,artificial,aubin_1_10_1,5000,3,cgre4111,821,7.209012844605626,2.684960492187106,-10.501073358106947,0.6081086773568316,0.5593268478321267
natural,artificial,aubin_1_10_1,5000,3,cgre9708,418,3.467343675204937,1.862080469583669,-15.380804701951476,0.585180105069137,0.6743947729058098
natural,artificial,aubin_1_10_1,5000,4,cgre132,427,2.5161666416855746,1.586242932745667,-6.912987082513613,0.6417194205094933,0.5913279412488656
natural,artificial,aubin_1_10_1,5000,4,cgre1338,1024,4.489554345629295,2.1188568487817423,-21.44420250189821,0.47685495533618555,0.42507761266908073
natural,artificial,aubin_1_10_1,5000,4,cgre4111,821,8.068607000212086,2.8405293521123993,-12.30525837156057,0.6097016941006604,0.5041102885332569
natural,artificial,aubin_1_10_1,5000,4,cgre9708,418,3.953096177918203,1.9882394669451169,-21.482677705488,0.5693384860972476,0.6382693624210757
natural,artificial,aubin_1_10_1,5000,5,cgre132,427,1.8224075970091342,1.3499657762362476,-4.845359038909567,0.6701434283655049,0.5474736897230701
natural,artificial,aubin_1_10_1,5000,5,cgre1338,1024,3.3346673431714566,1.8261071554461026,-16.1860094591338,0.4462897034821487,0.42494006317167565
natural,artificial,aubin_1_10_1,5000,5,cgre4111,821,6.855860149971658,2.618369750430916,-10.155313131000884,0.6089991988487274,0.521381504968278
natural,artificial,aubin_1_10_1,5000,5,cgre9708,418,4.301319278828281,2.0739622173097274,-17.166369769732125,0.5865687520058241,0.6235771496642823
natural,artificial,aubin_1_10_1,5000,6,cgre132,427,2.7662008812619283,1.6631899714891045,-7.952221414855918,0.7147331173625611,0.7199728964478559
natural,artificial,aubin_1_10_1,5000,6,cgre1338,1024,3.7453894550762366,1.9353008693937583,-18.383812203479206,0.4538128642847474,0.41542655198964995
natural,artificial,aubin_1_10_1,5000,6,cgre4111,821,7.572473644029715,2.7518127923297606,-11.596383645294566,0.5886952796273742,0.5185842956534626
natural,artificial,aubin_1_10_1,5000,6,cgre9708,418,3.694281932364347,1.9220514905601118,-15.745554359734314,0.5798015291520618,0.6526048532585411
natural,artificial,aubin_1_10_1,5000,7,cgre132,426,3.515483610555332,1.8749622957689929,-9.282573483956504,0.6913966224112907,0.6615062724790834
natural,artificial,aubin_1_10_1,5000,7,cgre1338,1025,4.215478640273496,2.053163081753005,-20.15469023813951,0.45551929993792056,0.41306340625197907
natural,artificial,aubin_1_10_1,5000,7,cgre4111,821,8.353521731008039,2.890245963756033,-12.701020097339446,0.6052667929760882,0.530860815855492
natural,artificial,aubin_1_10_1,5000,7,cgre9708,418,4.875971651672575,2.208160241393857,-22.40137744055819,0.5403055643094928,0.6213461951047001
natural,artificial,aubin_1_10_1,5000,8,cgre132,426,3.5264484420673416,1.8778840331786577,-12.619335842713944,0.6215411659930655,0.5750744435134322
natural,artificial,aubin_1_10_1,5000,8,cgre1338,1024,3.589554433253268,1.8946119479337367,-16.578214254085317,0.4720741423563857,0.436720255195923
natural,artificial,aubin_1_10_1,5000,8,cgre4111,822,9.042231403043179,3.0070303295848513,-13.291079412680011,0.5823568870438566,0.5180353730760974
natural,artificial,aubin_1_10_1,5000,8,cgre9708,418,5.757199424987556,2.3994164759348378,-31.505344396632516,0.5268258014238386,0.6670032115688328
natural,artificial,aubin_1_10_1,5000,9,cgre132,426,3.5034164029032864,1.8717415427625916,-10.479600253841806,0.6393358802768394,0.5931733449069517
natural,artificial,aubin_1_10_1,5000,9,cgre1338,1024,4.582382048331491,2.140649912603995,-22.29917540830651,0.44016532968745603,0.3934492395970054
natural,artificial,aubin_1_10_1,5000,9,cgre4111,822,5.906544024787652,2.4303382531630557,-8.96362633482572,0.5661351081654621,0.5296969024132747
natural,artificial,aubin_1_10_1,5000,9,cgre9708,418,5.192756802164266,2.2787621205742967,-26.067131789414578,0.5705547774042501,0.659606367845146
natural,artificial,aubin_1_10_1,10000,0,cgre132,427,2.1831607822143195,1.4775522942401462,-6.281990727156137,0.7928089755327195,0.7111615262234683
natural,artificial,aubin_1_10_1,10000,0,cgre1338,1024,1.860841147036002,1.3641265143072332,-8.405963310650561,0.496182313802296,0.5921521206490341
natural,artificial,aubin_1_10_1,10000,0,cgre4111,822,3.6568217314094245,1.912281812759151,-4.986829484059558,0.6776590864241303,0.7283339852615518
natural,artificial,aubin_1_10_1,10000,0,cgre9708,418,3.088780125806095,1.7574925677811828,-16.030588929894627,0.7080550510773648,0.7754922628903891
natural,artificial,aubin_1_10_1,10000,1,cgre132,427,1.8177599152012642,1.3482432700374456,-5.2163413245850245,0.7338310133254051,0.7027544832199779
natural,artificial,aubin_1_10_1,10000,1,cgre1338,1024,1.8413327940064481,1.3569571820829307,-8.163678261782206,0.510931046472781,0.6059031348949941
natural,artificial,aubin_1_10_1,10000,1,cgre4111,822,3.210383895892609,1.7917544184102376,-4.474759684476695,0.6450767475074913,0.738444733735348
natural,artificial,aubin_1_10_1,10000,1,cgre9708,418,2.637541913761542,1.6240510810197881,-10.562322765233356,0.7189143707358856,0.7720207628321032
natural,artificial,aubin_1_10_1,10000,2,cgre132,427,1.5384015414952021,1.2403231601059468,-4.26510450885616,0.809017888547772,0.735565047796269
natural,artificial,aubin_1_10_1,10000,2,cgre1338,1024,2.219393050582271,1.4897627497632873,-9.580320982238032,0.5325215788487891,0.6010825275421191
natural,artificial,aubin_1_10_1,10000,2,cgre4111,821,3.5010714550021147,1.8711150298691193,-4.891211838198743,0.6386455921346189,0.719048339740394
natural,artificial,aubin_1_10_1,10000,2,cgre9708,418,2.581127182874714,1.6065886788082113,-10.889560750118594,0.7123715779871286,0.7690982717935257
natural,artificial,aubin_1_10_1,10000,3,cgre132,427,1.1689223635271284,1.0811671302472752,-2.628535289991273,0.7884752979343811,0.7495902618399444
natural,artificial,aubin_1_10_1,10000,3,cgre1338,1024,2.428602466529165,1.5583974032733643,-11.313260272594581,0.512619681571493,0.5923597058511456
natural,artificial,aubin_1_10_1,10000,3,cgre4111,821,2.068449222255029,1.438210423496864,-2.299950597324225,0.6969269059053529,0.7982317520213355
natural,artificial,aubin_1_10_1,10000,3,cgre9708,418,1.9231321428956314,1.3867704002089283,-8.085471473189582,0.7255391658828657,0.7639409288505687
natural,artificial,aubin_1_10_1,10000,4,cgre132,427,1.4363747762691104,1.1984885382301786,-3.5171948717402053,0.7724748633481482,0.744094928506607
natural,artificial,aubin_1_10_1,10000,4,cgre1338,1024,2.5129729586487977,1.5852359315410427,-11.562866962645518,0.501970360305769,0.5875631931109
natural,artificial,aubin_1_10_1,10000,4,cgre4111,821,2.4845783954502676,1.5762545465280242,-3.097108397396757,0.6927062363921809,0.7724561454149701
natural,artificial,aubin_1_10_1,10000,4,cgre9708,418,1.8104609070913504,1.3455336885754108,-9.296741399789573,0.7095925550059505,0.7281152340206418
natural,artificial,aubin_1_10_1,10000,5,cgre132,427,1.5940137400286405,1.2625425695906813,-4.112787413043119,0.8072465742825268,0.7190282275051405
natural,artificial,aubin_1_10_1,10000,5,cgre1338,1024,1.8255286680433,1.3511212632637013,-8.408300657382533,0.4985778929276694,0.6165153532461641
natural,artificial,aubin_1_10_1,10000,5,cgre4111,821,3.273425561817352,1.809261054081846,-4.326259047633288,0.6966792361417455,0.7691015443133764
natural,artificial,aubin_1_10_1,10000,5,cgre9708,418,2.633979853816009,1.6229540516650522,-10.124459471300009,0.7224921756189032,0.7641405122293907
natural,artificial,aubin_1_10_1,10000,6,cgre132,427,1.9945594275631917,1.4122887196190415,-5.454967801358034,0.8316260683307014,0.8048686245714372
natural,artificial,aubin_1_10_1,10000,6,cgre1338,1024,1.5892934748105532,1.2606718347018597,-7.225197037971478,0.5108952001597864,0.6232505676547168
natural,artificial,aubin_1_10_1,10000,6,cgre4111,821,3.188331391146793,1.7855899280480927,-4.303609795048253,0.687198853354131,0.742500249375771
natural,artificial,aubin_1_10_1,10000,6,cgre9708,418,2.9405965544290944,1.714816769928815,-12.329226180830469,0.7454808912679122,0.793212923371039
natural,artificial,aubin_1_10_1,10000,7,cgre132,426,1.9859332956343174,1.4092314556645114,-4.808732825629646,0.8086170565773453,0.7654090050831177
natural,artificial,aubin_1_10_1,10000,7,cgre1338,1025,2.723363239601765,1.6502615670255927,-12.666753091642674,0.5069004227708609,0.5628066311054523
natural,artificial,aubin_1_10_1,10000,7,cgre4111,821,2.967561274822782,1.7226611027195053,-3.867242580516618,0.6908976490506338,0.7750874726068282
natural,artificial,aubin_1_10_1,10000,7,cgre9708,418,2.717797255324749,1.648574309918952,-12.043594984181489,0.7235217415450886,0.7414630252819531
natural,artificial,aubin_1_10_1,10000,8,cgre132,426,1.517193069357747,1.231743913870796,-4.859482221072144,0.7872241743615016,0.7472901328341631
natural,artificial,aubin_1_10_1,10000,8,cgre1338,1024,2.954322223237968,1.7188141910159946,-13.467452710729942,0.5229166065121146,0.5889337800602208
natural,artificial,aubin_1_10_1,10000,8,cgre4111,822,2.643353450103884,1.6258393063596057,-3.1777712145812362,0.7016125502452528,0.7776227771675014
natural,artificial,aubin_1_10_1,10000,8,cgre9708,418,2.1732448949889744,1.4741929639599338,-11.270214831057856,0.6794472266569117,0.7234915766743283
natural,artificial,aubin_1_10_1,10000,9,cgre132,426,1.8889747624793063,1.374399782624876,-5.189579732768301,0.7872136192274186,0.747326305017022
natural,artificial,aubin_1_10_1,10000,9,cgre1338,1024,2.0931468692460364,1.446771187591886,-9.642629869691538,0.5136988469986675,0.6037865238879004
natural,artificial,aubin_1_10_1,10000,9,cgre4111,822,4.442122061982523,2.107634233443394,-6.493323367020968,0.6428977189420094,0.6871173935756265
natural,artificial,aubin_1_10_1,10000,9,cgre9708,418,2.863226462125052,1.6921071071669938,-13.92450560383984,0.7131381209827822,0.7786821990955912
natural,artificial,aubin_1_10_1,15000,0,cgre132,427,1.52159341028387,1.2335288445285217,-4.075315200995253,0.7723509689111757,0.7071639213427485
natural,artificial,aubin_1_10_1,15000,0,cgre1338,1024,1.5188845659215542,1.232430349318595,-6.677480973014586,0.5298920702664977,0.6350986152258552
natural,artificial,aubin_1_10_1,15000,0,cgre4111,822,2.2446286684877976,1.4982084863221798,-2.674832978004835,0.6593983309398884,0.7214956853785013
natural,artificial,aubin_1_10_1,15000,0,cgre9708,418,1.8303510301826822,1.3529046641144682,-9.091995779180076,0.3838136664868198,0.7595115492587801
natural,artificial,aubin_1_10_1,15000,1,cgre132,427,1.5634369901146103,1.250374739873855,-4.3466125469920485,0.7378605535250126,0.7395071457003395
natural,artificial,aubin_1_10_1,15000,1,cgre1338,1024,1.794108545008866,1.3394433713333558,-7.928659461608369,0.5447391361103987,0.629480515502465
natural,artificial,aubin_1_10_1,15000,1,cgre4111,822,2.0495191723345094,1.431614184176208,-2.495103794787524,0.6536450332078607,0.7544501874597687
natural,artificial,aubin_1_10_1,15000,1,cgre9708,418,1.8345290837922523,1.3544478889171974,-7.042115758745647,0.4769786978580826,0.7819071310672194
natural,artificial,aubin_1_10_1,15000,2,cgre132,427,1.504287651942603,1.2264940488818536,-4.148351379810642,0.8286008693728514,0.7649990431747156
natural,artificial,aubin_1_10_1,15000,2,cgre1338,1024,1.6772454277072648,1.2950851044264484,-6.9957874007392515,0.5391194136050352,0.6445416860248554
natural,artificial,aubin_1_10_1,15000,2,cgre4111,821,2.2720566576214605,1.5073342886106786,-2.8231630660705065,0.6701611894027882,0.7222340029992602
natural,artificial,aubin_1_10_1,15000,2,cgre9708,418,1.858669648127705,1.3633303517958166,-7.561672529132617,0.663296738974703,0.7391701969279404
natural,artificial,aubin_1_10_1,15000,3,cgre132,427,1.6460836938815067,1.2829979321423346,-4.109725812333318,0.8012498771740222,0.7678887506288942
natural,artificial,aubin_1_10_1,15000,3,cgre1338,1024,2.0779654925422966,1.4415149990694847,-9.53549533107016,0.5290239070987243,0.6058930677882399
natural,artificial,aubin_1_10_1,15000,3,cgre4111,821,2.6016167799952177,1.6129528139394587,-3.1505523823274384,0.6732129546667232,0.6741158408830048
natural,artificial,aubin_1_10_1,15000,3,cgre9708,418,1.8547769370358769,1.3619019557353889,-7.762540324034271,0.49349195984199506,0.7914519317582888
natural,artificial,aubin_1_10_1,15000,4,cgre132,427,1.4689897880452392,1.2120188893104098,-3.6197644562044706,0.7805310151904341,0.7537236234016584
natural,artificial,aubin_1_10_1,15000,4,cgre1338,1024,1.9527355007482825,1.3974031275005372,-8.7621250657334,0.5229948825005934,0.6063558801888297
natural,artificial,aubin_1_10_1,15000,4,cgre4111,821,1.9382275640773745,1.3922024149086132,-2.1961673833230533,0.7130475554524619,0.7670937052493951
natural,artificial,aubin_1_10_1,15000,4,cgre9708,418,1.7215301073297757,1.3120709231325018,-8.790960002337284,0.6200792787629721,0.7287334940111077
natural,artificial,aubin_1_10_1,15000,5,cgre132,427,1.6230403686172044,1.2739860158640692,-4.205890111949604,0.781817931699818,0.6983327039198601
natural,artificial,aubin_1_10_1,15000,5,cgre1338,1024,1.6574731120950426,1.2874288765190265,-7.542185966781972,0.47443180861579376,0.6330677353415937
natural,artificial,aubin_1_10_1,15000,5,cgre4111,821,2.5012544723346855,1.581535479315809,-3.069843352817685,0.6715044036069249,0.7061329055600523
natural,artificial,aubin_1_10_1,15000,5,cgre9708,418,1.858835825042997,1.3633912956458967,-6.850684115724368,0.5228735279774649,0.7545389619923475
natural,artificial,aubin_1_10_1,15000,6,cgre132,427,1.3512339152808888,1.162425875176946,-3.372981468843575,0.8306906577114486,0.8069178625972943
natural,artificial,aubin_1_10_1,15000,6,cgre1338,1024,1.390908422160057,1.179367806140246,-6.198479082287941,0.5254016820420149,0.6767643685211024
natural,artificial,aubin_1_10_1,15000,6,cgre4111,821,2.247097825354248,1.4990322963012666,-2.7379207412607744,0.694607608244654,0.7279551977254238
natural,artificial,aubin_1_10_1,15000,6,cgre9708,418,1.5920095182761835,1.2617485955118728,-6.216309533919738,0.7053604619973195,0.8094328155407431
natural,artificial,aubin_1_10_1,15000,7,cgre132,426,1.5478895398755645,1.2441420899059579,-3.5274817641103606,0.8100882727552647,0.7737396805632704
natural,artificial,aubin_1_10_1,15000,7,cgre1338,1025,1.7518081948614437,1.323558912501232,-7.791162968987036,0.5459722207978643,0.6390980077924524
natural,artificial,aubin_1_10_1,15000,7,cgre4111,821,2.2840956889503916,1.5113224966731593,-2.7462572010068063,0.6917460520356457,0.7292710045764139
natural,artificial,aubin_1_10_1,15000,7,cgre9708,418,1.7755752011250585,1.3325071110973699,-7.521564197644494,0.5777369366270141,0.7338583695071776
natural,artificial,aubin_1_10_1,15000,8,cgre132,426,1.6043990131206194,1.2666487331224152,-5.196276322871379,0.8062665212593415,0.7612764522575343
natural,artificial,aubin_1_10_1,15000,8,cgre1338,1024,2.0998329346817446,1.4490800304613078,-9.282979102274584,0.5115885119669905,0.6012955040865982
natural,artificial,aubin_1_10_1,15000,8,cgre4111,822,1.8094257308150186,1.3451489623142183,-1.8597638854631864,0.7284736307851238,0.811372382342173
natural,artificial,aubin_1_10_1,15000,8,cgre9708,418,1.756909265175746,1.3254845397724357,-8.919569659217705,0.69939716737099,0.7460208243018991
natural,artificial,aubin_1_10_1,15000,9,cgre132,426,1.565233966521424,1.2510931086539578,-4.12878235784671,0.7918826669518628,0.7530753858132473
natural,artificial,aubin_1_10_1,15000,9,cgre1338,1024,1.90409889781511,1.3798909006929172,-8.681413235963351,0.526004920288465,0.6070892340152937
natural,artificial,aubin_1_10_1,15000,9,cgre4111,822,2.2345257524959536,1.4948330182652354,-2.7693750423227157,0.6514302273685169,0.7274887517131955
natural,artificial,aubin_1_10_1,15000,9,cgre9708,418,1.8165674440396848,1.347800966033073,-8.468818256939956,0.5661209524819637,0.7831324312009832
natural,artificial,aubin_1_10_1,17500,0,cgre132,427,1.5677570049750893,1.2521010362487084,-4.2292950962060365,0.5840060503979162,0.6734796768281371
natural,artificial,aubin_1_10_1,17500,0,cgre1338,1024,1.4776182758099976,1.215573229307884,-6.468892931324828,0.5088301168443081,0.6378840770722873
natural,artificial,aubin_1_10_1,17500,0,cgre4111,822,2.374350934219058,1.5408929016057729,-2.8872100481114464,0.5850042335459545,0.6652363313104339
natural,artificial,aubin_1_10_1,17500,0,cgre9708,418,1.731048498821286,1.3156931628694002,-8.544471992302384,0.039627293555370646,0.7333216861914307
natural,artificial,aubin_1_10_1,17500,1,cgre132,427,1.537712612575948,1.2400454074653668,-4.258640802315794,0.6091118892595482,0.7295371897398412
natural,artificial,aubin_1_10_1,17500,1,cgre1338,1024,1.8015474097741864,1.3422173481870163,-7.965680125968548,0.5494062803793496,0.6323475510405056
natural,artificial,aubin_1_10_1,17500,1,cgre4111,822,2.120034562757375,1.4560338467073404,-2.6153557114247095,0.6153535149977549,0.7204460244970247
natural,artificial,aubin_1_10_1,17500,1,cgre9708,418,1.7396454895603295,1.3189562121466845,-6.626169860062155,0.13089810746363792,0.747816271649274
natural,artificial,aubin_1_10_1,17500,2,cgre132,427,1.5262570761454994,1.235417773931353,-4.223540666422525,0.5661066354503089,0.7454145869618944
natural,artificial,aubin_1_10_1,17500,2,cgre1338,1024,1.478884255033146,1.2160938512438693,-6.050157298511659,0.5244549618470513,0.6798586308587047
natural,artificial,aubin_1_10_1,17500,2,cgre4111,821,2.019280485087204,1.4210138933477054,-2.3978195678906102,0.6352254763653661,0.7313948526417507
natural,artificial,aubin_1_10_1,17500,2,cgre9708,418,1.7128564299296851,1.3087614106206238,-6.890006627724068,-0.07572199902771591,0.6649976834718838
natural,artificial,aubin_1_10_1,17500,3,cgre132,427,1.5715688793987053,1.2536223033269251,-3.8784190614194687,0.6203255999918618,0.7502403539707642
natural,artificial,aubin_1_10_1,17500,3,cgre1338,1024,1.6946290283662984,1.3017791780353143,-7.591940665196436,0.5487764619541887,0.6570677420908047
natural,artificial,aubin_1_10_1,17500,3,cgre4111,821,2.1078821378182173,1.4518547233859926,-2.3628608548576997,0.6590573436314788,0.7166823533323626
natural,artificial,aubin_1_10_1,17500,3,cgre9708,418,1.6332075858035622,1.27797010364232,-6.715778130707671,0.05460713001042197,0.7665418451392557
natural,artificial,aubin_1_10_1,17500,4,cgre132,427,1.4478467987457946,1.203265057560384,-3.553272754724734,0.6622440310699916,0.7409797097880985
natural,artificial,aubin_1_10_1,17500,4,cgre1338,1024,1.7511700808793458,1.3233178306360667,-7.75445821226881,0.51493196386814,0.62839433379912
natural,artificial,aubin_1_10_1,17500,4,cgre4111,821,2.1135836049109225,1.4538169090057118,-2.4853322206045014,0.6598744629848163,0.701083953010728
natural,artificial,aubin_1_10_1,17500,4,cgre9708,418,1.5647584014143865,1.25090303437732,-7.899343006746905,0.2840263524752455,0.709348647095716
natural,artificial,aubin_1_10_1,17500,5,cgre132,427,1.3932737359458418,1.1803701690342068,-3.46891531809473,0.7326790527137083,0.7070291530157508
natural,artificial,aubin_1_10_1,17500,5,cgre1338,1024,1.5102879363050286,1.2289377267807464,-6.783631795388752,0.47651301893552467,0.6560331131472187
natural,artificial,aubin_1_10_1,17500,5,cgre4111,821,2.2320807207981352,1.4940149667249438,-2.6318651240685376,0.6337893295815138,0.7112125843019413
natural,artificial,aubin_1_10_1,17500,5,cgre9708,418,1.579698700981151,1.2568606529687971,-5.671764839230099,0.42490785585401925,0.7638440368126854
natural,artificial,aubin_1_10_1,17500,6,cgre132,427,1.3822671869375438,1.1756985952775243,-3.4734140588914135,0.6744386448320172,0.7993694028840996
natural,artificial,aubin_1_10_1,17500,6,cgre1338,1024,1.7180737859128676,1.3107531369075063,-7.89168403374428,0.5358538945232988,0.6517751113509979
natural,artificial,aubin_1_10_1,17500,6,cgre4111,821,2.598611385234947,1.612020900991965,-3.322643761098747,0.5410822515095989,0.6100548381991867
natural,artificial,aubin_1_10_1,17500,6,cgre9708,418,1.5112861428760396,1.2293437854709477,-5.850404144019183,0.39441375699566605,0.798088804206906
natural,artificial,aubin_1_10_1,17500,7,cgre132,426,1.489741039489477,1.2205494826058783,-3.35740097454088,0.6495573362689026,0.7680764848679347
natural,artificial,aubin_1_10_1,17500,7,cgre1338,1025,1.73925641892313,1.3188087120288257,-7.728173933915961,0.5543833947669445,0.6418668737444789
natural,artificial,aubin_1_10_1,17500,7,cgre4111,821,2.431180030807191,1.5592241759308347,-2.9874974334112503,0.5674707155857799,0.6448716504957632
natural,artificial,aubin_1_10_1,17500,7,cgre9708,418,1.689864345632114,1.2999478241960767,-7.110209861846519,-0.02407757441364921,0.6650030957934643
natural,artificial,aubin_1_10_1,17500,8,cgre132,426,1.4429725038369736,1.2012379047619892,-4.572838356892755,0.5970962515692032,0.7432462616226166
natural,artificial,aubin_1_10_1,17500,8,cgre1338,1024,1.7543471632735381,1.3245177096866385,-7.591119283882772,0.5206757896820047,0.6364031521402272
natural,artificial,aubin_1_10_1,17500,8,cgre4111,822,1.8709971894190003,1.3678439930851034,-1.9570764364523043,0.6941680454806872,0.778183359517954
natural,artificial,aubin_1_10_1,17500,8,cgre9708,418,1.5921638477724511,1.2618097510213064,-7.989411411230206,0.18880430430716214,0.7098310695683261
natural,artificial,aubin_1_10_1,17500,9,cgre132,426,1.3821253192444127,1.17563826036941,-3.5287925673040084,0.7060100234968151,0.7598860076164907
natural,artificial,aubin_1_10_1,17500,9,cgre1338,1024,1.8587735195619275,1.363368446004941,-8.450955817260503,0.5369187659176358,0.6126394760959815
natural,artificial,aubin_1_10_1,17500,9,cgre4111,822,2.483243612224047,1.5758310861967557,-3.1889320297469164,0.5750045311336671,0.6436819672504426
natural,artificial,aubin_1_10_1,17500,9,cgre9708,418,1.5543546935761863,1.246737620181643,-7.102040003295894,0.4405349066015749,0.77228203849431
natural,artificial,mlp_small,500,0,cgre132,427,1.925354289047549,1.3875713635873108,-5.4220703273691235,0.35205604517468114,0.3385104263236481
natural,artificial,mlp_small,500,0,cgre1338,1024,0.6782386838223582,0.8235524778800427,-2.428281982080227,0.25609518101604883,0.2707975658217809
natural,artificial,mlp_small,500,0,cgre4111,822,4.104948657733243,2.026067288550221,-5.72048829823489,0.2955799182046263,0.32360282835586146
natural,artificial,mlp_small,500,0,cgre9708,418,1.9506604965178993,1.3966604800444162,-9.755345380665664,0.3005710022663217,0.39383133177871166
natural,artificial,mlp_small,500,1,cgre132,427,0.6409883785589734,0.8006174982842764,-1.1920400559463964,0.356262495497348,0.3951423969501108
natural,artificial,mlp_small,500,1,cgre1338,1024,2.482889745070622,1.575718802664556,-11.35648594179437,0.25746589710235046,0.24677737880568004
natural,artificial,mlp_small,500,1,cgre4111,822,3.429329850395951,1.8518449855201031,-4.848134496855913,0.2989248459938095,0.30227029203261624
natural,artificial,mlp_small,500,1,cgre9708,418,0.19586085607618117,0.4425616974797765,0.14139509093220626,0.3273792472114508,0.42460214203645363
natural,artificial,mlp_small,500,2,cgre132,427,2.426038423078856,1.5575745321103758,-7.302998596579741,0.38439322930073155,0.3678805130341486
natural,artificial,mlp_small,500,2,cgre1338,1024,3.212413351797342,1.792320660986014,-14.314260978120108,0.34832378056751695,0.3526404551977688
natural,artificial,mlp_small,500,2,cgre4111,821,5.240419094483719,2.289196167759268,-7.817991692924922,0.3483116158764971,0.39690364772029796
natural,artificial,mlp_small,500,2,cgre9708,418,7.231988710237967,2.6892357111711065,-32.31303071194682,0.2322039557134659,0.3442863274595229
natural,artificial,mlp_small,500,3,cgre132,427,1.9232504018240697,1.3868130378043284,-4.97009876126523,0.28441816827115596,0.3010782027176463
natural,artificial,mlp_small,500,3,cgre1338,1024,2.6994450919606807,1.6429988106997158,-12.686459791994414,0.21741869138939507,0.21373854381617413
natural,artificial,mlp_small,500,3,cgre4111,821,3.89179780762903,1.9727640020106383,-5.208873953381044,0.3870184375943372,0.42027767976391844
natural,artificial,mlp_small,500,3,cgre9708,418,2.7070357346449345,1.6453071854960504,-11.788874667233987,0.3242770284530571,0.41653869063169896
natural,artificial,mlp_small,500,4,cgre132,427,1.30059587378819,1.140436703104644,-3.090189488388628,0.32643622211840795,0.3420830182656792
natural,artificial,mlp_small,500,4,cgre1338,1024,3.173538760512894,1.7814428872441839,-14.865170817659536,0.26887861815831726,0.28509928610189106
natural,artificial,mlp_small,500,4,cgre4111,821,7.932808690252558,2.816524221492256,-12.081324847423714,0.24702074760154946,0.2928895842940672
natural,artificial,mlp_small,500,4,cgre9708,418,1.1922112616940546,1.0918842712000456,-5.780533624060808,0.3455732972888557,0.445509039050227
natural,artificial,mlp_small,500,5,cgre132,427,1.056916994570061,1.0280646840399008,-2.390053530135868,0.40987799017176446,0.3614240464991959
natural,artificial,mlp_small,500,5,cgre1338,1024,2.5003453075447863,1.581248022147312,-11.886130364565151,0.30321323508981024,0.2976044305861555
natural,artificial,mlp_small,500,5,cgre4111,821,5.775071889862361,2.4031379256843253,-8.396739997055223,0.34352350232232287,0.37515006406460594
natural,artificial,mlp_small,500,5,cgre9708,418,1.9250826472763487,1.3874734762424645,-7.130473685097748,0.3764631345165079,0.4021866710139528
natural,artificial,mlp_small,500,6,cgre132,427,1.0423701388912938,1.0209652975940435,-2.373409481140783,0.4058793702108229,0.4243842936686592
natural,artificial,mlp_small,500,6,cgre1338,1024,0.93899143054546,0.9690157019086223,-3.8596371001421,0.23684916951744225,0.23072490924617786
natural,artificial,mlp_small,500,6,cgre4111,821,5.6029233136550864,2.3670494953961327,-8.320147538527056,0.28993860423532974,0.32099448718753465
natural,artificial,mlp_small,500,6,cgre9708,418,4.477213332584356,2.115942658151292,-19.29444980473795,0.260028554840652,0.3756413300376746
natural,artificial,mlp_small,500,7,cgre132,426,1.132004315355751,1.0639569142384249,-2.311043044505235,0.4278382514115846,0.42760955973737214
natural,artificial,mlp_small,500,7,cgre1338,1025,4.0011398546948955,2.000284943375542,-19.079066091544355,0.22033879280892088,0.23119654498289693
natural,artificial,mlp_small,500,7,cgre4111,821,4.202353028984804,2.049964153097513,-5.892485009348053,0.3496387658418198,0.3619569087140946
natural,artificial,mlp_small,500,7,cgre9708,418,3.077285608956893,1.7542193730992977,-13.768896780377325,0.3092529930915899,0.3518959230061237
natural,artificial,mlp_small,500,8,cgre132,426,1.206679170154694,1.098489494785769,-3.6602606397698505,0.3021288386054029,0.31028311773847606
natural,artificial,mlp_small,500,8,cgre1338,1024,1.8035704666085226,1.342970761635756,-7.832168079326722,0.26166229345200476,0.2742699917809293
natural,artificial,mlp_small,500,8,cgre4111,822,5.916498511676034,2.4323853542718172,-8.350916417258333,0.29485731026331347,0.3379932321172119
natural,artificial,mlp_small,500,8,cgre9708,418,2.230986937031767,1.4936488667125773,-11.596228370665246,0.30332580343659127,0.38117901724194336
natural,artificial,mlp_small,500,9,cgre132,426,1.9654862319982962,1.4019579993702722,-5.440283898046554,0.3543368601192497,0.3739127266253176
natural,artificial,mlp_small,500,9,cgre1338,1024,2.472540528757104,1.5724314066938194,-11.571661392710507,0.2549845893360373,0.2513205752973986
natural,artificial,mlp_small,500,9,cgre4111,822,1.6437026983277851,1.2820696932412783,-1.7727279138110883,0.319419884539224,0.3450254946031005
natural,artificial,mlp_small,500,9,cgre9708,418,2.9565173049274756,1.7194526178198326,-14.410782091085752,0.3023778815108993,0.3848390505802093
natural,artificial,mlp_small,1000,0,cgre132,427,2.7135946189571127,1.6472991892662099,-8.051266866595178,0.43173706062547607,0.4023647079335556
natural,artificial,mlp_small,1000,0,cgre1338,1024,0.7182576885981603,0.847500848730053,-2.6305653909835134,0.3319547903299527,0.34903636740971083
natural,artificial,mlp_small,1000,0,cgre4111,822,5.710324595697041,2.389628547640206,-8.34875751788238,0.40391278240220785,0.4375224536987627
natural,artificial,mlp_small,1000,0,cgre9708,418,6.149972769407214,2.4799138633039686,-32.90906892036738,0.32552366451935816,0.4053484737181672
natural,artificial,mlp_small,1000,1,cgre132,427,2.1516725316712844,1.4668580475530972,-6.358249438634877,0.49254237169269427,0.5005919595523818
natural,artificial,mlp_small,1000,1,cgre1338,1024,2.593956387907347,1.6105764147991697,-11.909226317616112,0.3183852907393597,0.3047335154429518
natural,artificial,mlp_small,1000,1,cgre4111,822,7.155787529404823,2.675030379155501,-11.202969597121697,0.3912173675725545,0.4146033545929248
natural,artificial,mlp_small,1000,1,cgre9708,418,3.2548982552739636,1.8041336578186118,-13.26865825301723,0.41642140490482993,0.5244260952863415
natural,artificial,mlp_small,1000,2,cgre132,427,2.411132857465204,1.55278229557952,-7.251985022683282,0.5021631242950271,0.5064584608884293
natural,artificial,mlp_small,1000,2,cgre1338,1024,4.0034092523079226,2.000852131544938,-18.08510748087937,0.399482080394352,0.4060138356746208
natural,artificial,mlp_small,1000,2,cgre4111,821,3.639568437285797,1.907765299319022,-5.124259084469224,0.39004244172055946,0.4719659613451414
natural,artificial,mlp_small,1000,2,cgre9708,418,8.886726899833235,2.981061371363098,-39.93532470864259,0.33194075302357057,0.4498054369387724
natural,artificial,mlp_small,1000,3,cgre132,427,4.296874322825349,2.072890330631447,-12.338234089373968,0.4354430551441019,0.42222645726778296
natural,artificial,mlp_small,1000,3,cgre1338,1024,2.214838263657616,1.4882332692349058,-10.229454131739095,0.2649035179192619,0.27486140789617974
natural,artificial,mlp_small,1000,3,cgre4111,821,7.048677276342302,2.654934514511102,-10.24527812341124,0.4582472161372187,0.47932906930726854
natural,artificial,mlp_small,1000,3,cgre9708,418,6.107901354473375,2.471416871851727,-27.855616459911396,0.43076855964004956,0.524123458075851
natural,artificial,mlp_small,1000,4,cgre132,427,2.485524583061581,1.5765546559068546,-6.816622155780916,0.4822094019933049,0.501633923830021
natural,artificial,mlp_small,1000,4,cgre1338,1024,4.0836771139337475,2.020811004011446,-19.41513901858095,0.35504577768228684,0.3523554982647399
natural,artificial,mlp_small,1000,4,cgre4111,821,13.46077575169685,3.6688929872233738,-21.19702846516832,0.3799541629072627,0.4038780435262341
natural,artificial,mlp_small,1000,4,cgre9708,418,3.0571110371343506,1.7484596183882402,-16.386888419693786,0.45675808164509624,0.5285770525531216
natural,artificial,mlp_small,1000,5,cgre132,427,0.9636313674333852,0.9816472724117279,-2.090840563355757,0.5376055937278336,0.4791006517219514
natural,artificial,mlp_small,1000,5,cgre1338,1024,1.403111231655222,1.1845299623290337,-6.231270893878685,0.3672557235208296,0.38119727527596864
natural,artificial,mlp_small,1000,5,cgre4111,821,7.016757722582711,2.6489163298569305,-10.417112929309443,0.4512454878151969,0.47659894946467585
natural,artificial,mlp_small,1000,5,cgre9708,418,3.1812592097078025,1.783608479938297,-12.43586174162379,0.4653446040513811,0.5179487707565263
natural,artificial,mlp_small,1000,6,cgre132,427,2.368445469373584,1.5389754609393822,-6.66497053575228,0.5408387409195001,0.5699621367018411
natural,artificial,mlp_small,1000,6,cgre1338,1024,2.769640945667976,1.6642238267937326,-13.333943267003143,0.30287584953502905,0.30405944211616176
natural,artificial,mlp_small,1000,6,cgre4111,821,5.559425140019081,2.357843323891365,-8.247790775236007,0.40980130179014673,0.4331800152545239
natural,artificial,mlp_small,1000,6,cgre9708,418,10.110804311858196,3.179749095739819,-44.83056364528685,0.37609718799967684,0.4954665945899359
natural,artificial,mlp_small,1000,7,cgre132,426,3.66007982825709,1.9131335103063483,-9.705508533221499,0.5437230730078866,0.5289390015423179
natural,artificial,mlp_small,1000,7,cgre1338,1025,3.036164545289812,1.7424593382027058,-14.236495294745593,0.33566208783973295,0.3398540242710991
natural,artificial,mlp_small,1000,7,cgre4111,821,10.158354195001005,3.1872173121707603,-15.661214211602477,0.45814193563062583,0.4802752055749746
natural,artificial,mlp_small,1000,7,cgre9708,418,6.356522955522818,2.521214579428498,-29.507025782386705,0.4348353368335392,0.4877869326773395
natural,artificial,mlp_small,1000,8,cgre132,426,1.0588114149825314,1.0289856242837077,-3.0891873202298994,0.41200778441138636,0.4648719974179849
natural,artificial,mlp_small,1000,8,cgre1338,1024,3.048789601742377,1.7460783492565208,-13.930063837054966,0.33734869959844344,0.3432148536065921
natural,artificial,mlp_small,1000,8,cgre4111,822,5.333065890959313,2.3093431730601046,-7.428811956206324,0.39384795166087705,0.4330961995362169
natural,artificial,mlp_small,1000,8,cgre9708,418,2.0332396775561636,1.425917135585432,-10.479740596271599,0.4071217208616917,0.5451828778950059
natural,artificial,mlp_small,1000,9,cgre132,426,2.9264558897621438,1.7106887179619044,-8.589081031626872,0.5073684537310653,0.4936654331375631
natural,artificial,mlp_small,1000,9,cgre1338,1024,3.8239990865769156,1.95550481630113,-18.44316832155026,0.3190630304705872,0.30473541154869266
natural,artificial,mlp_small,1000,9,cgre4111,822,2.1932780513888632,1.4809719954775862,-2.6997951527499127,0.4086837603044343,0.4275380445055449
natural,artificial,mlp_small,1000,9,cgre9708,418,6.6396372952728475,2.5767493660177445,-33.608964862394345,0.40285052165484503,0.495448555640892
natural,artificial,mlp_small,2500,0,cgre132,427,2.919929570173137,1.7087801409699075,-8.739502572221646,0.6204208790517308,0.5168863372608994
natural,artificial,mlp_small,2500,0,cgre1338,1024,4.167459893435391,2.0414357431561228,-20.065191361819448,0.40156667197765256,0.4002569955703813
natural,artificial,mlp_small,2500,0,cgre4111,822,4.022032150165719,2.0055004737385924,-5.5847400915458065,0.5583725634881191,0.5795877052601376
natural,artificial,mlp_small,2500,0,cgre9708,418,6.179692468962329,2.485898724598878,-33.072934254132775,0.5024756685603139,0.6017692822100345
natural,artificial,mlp_small,2500,1,cgre132,427,2.1702969014105675,1.4731927577240418,-6.421940709570312,0.6214767726131295,0.5992126354902703
natural,artificial,mlp_small,2500,1,cgre1338,1024,3.1754486323240942,1.7819788529396454,-14.803112668253732,0.4251566642021621,0.4143027713851006
natural,artificial,mlp_small,2500,1,cgre4111,822,12.179577133334815,3.4899250899317042,-19.770182017442504,0.5257629640403069,0.5549642925222269
natural,artificial,mlp_small,2500,1,cgre9708,418,2.0765566017635986,1.4410262321566525,-8.103103743904175,0.5626194046532766,0.6746973316629878
natural,artificial,mlp_small,2500,2,cgre132,427,2.5092469606438117,1.5840602768341272,-7.587775772428625,0.683661336796634,0.6813781609341115
natural,artificial,mlp_small,2500,2,cgre1338,1024,2.9918668806114894,1.7297013848093807,-13.262868816630716,0.4616890120911446,0.47071039974647544
natural,artificial,mlp_small,2500,2,cgre4111,821,5.721632292509567,2.3919933721709112,-8.627723492273656,0.53047542148012,0.5572945478725402
natural,artificial,mlp_small,2500,2,cgre9708,418,4.371494145712198,2.0908118389066477,-19.13660758721156,0.5536992473444791,0.6595194624725254
natural,artificial,mlp_small,2500,3,cgre132,427,3.388455214086082,1.8407757098805064,-9.518345534742554,0.6648658613239109,0.6470399159868092
natural,artificial,mlp_small,2500,3,cgre1338,1024,2.37505758061436,1.541122182247196,-11.041782282424526,0.43141621378280937,0.4470772312402901
natural,artificial,mlp_small,2500,3,cgre4111,821,6.003419017108301,2.45018754733353,-8.577700026832739,0.6111191946148417,0.6281918734801467
natural,artificial,mlp_small,2500,3,cgre9708,418,6.334869997794676,2.5169167641768917,-28.92788658020553,0.5895733344221462,0.68653813349811
natural,artificial,mlp_small,2500,4,cgre132,427,2.3669983242917674,1.538505224005355,-6.44387388901433,0.6334231269990367,0.6358940403129865
natural,artificial,mlp_small,2500,4,cgre1338,1024,3.256725215361567,1.804639912935976,-15.281036958105357,0.47158324160090453,0.48050988924885263
natural,artificial,mlp_small,2500,4,cgre4111,821,4.942197255148586,2.223105318051438,-7.149760101246837,0.5982705841708141,0.6041412551190581
natural,artificial,mlp_small,2500,4,cgre9708,418,2.7667287167042978,1.663348645565414,-14.735379873539786,0.5821553852262338,0.6644224837373672
natural,artificial,mlp_small,2500,5,cgre132,427,1.6134023059822253,1.2701977428661355,-4.174976096537568,0.6844955129890729,0.5810515449058657
natural,artificial,mlp_small,2500,5,cgre1338,1024,3.360655080936501,1.8332089572486006,-16.319943510446627,0.4400278767268575,0.4622942823815832
natural,artificial,mlp_small,2500,5,cgre4111,821,5.211375535358672,2.282843738708077,-7.479537894366718,0.6043598497238557,0.6140075686315793
natural,artificial,mlp_small,2500,5,cgre9708,418,5.295214163586042,2.3011332346446265,-21.364026539278715,0.6550675819582693,0.6834440787275209
natural,artificial,mlp_small,2500,6,cgre132,427,1.4063465246770273,1.1858948202420936,-3.55134171932532,0.7412476521935222,0.7356597836590216
natural,artificial,mlp_small,2500,6,cgre1338,1024,2.144646821733917,1.4644612735521267,-10.099361423933047,0.43950074795373534,0.45635145770296925
natural,artificial,mlp_small,2500,6,cgre4111,821,4.4997269042501395,2.1212559732974565,-6.485042411428693,0.5748123190361791,0.5971707824050219
natural,artificial,mlp_small,2500,6,cgre9708,418,3.4057430137392197,1.8454655276485714,-14.437656306690025,0.5773203354778981,0.6629552042177665
natural,artificial,mlp_small,2500,7,cgre132,426,4.384653608229681,2.0939564485035693,-11.824842304184342,0.7174309392490313,0.6950969056587624
natural,artificial,mlp_small,2500,7,cgre1338,1025,5.569566913786368,2.359992990198566,-26.94996081728387,0.4328261685290557,0.42788813151663674
natural,artificial,mlp_small,2500,7,cgre4111,821,5.173921500047664,2.274625573593963,-7.486002040441868,0.5819220080751606,0.6215960156638816
natural,artificial,mlp_small,2500,7,cgre9708,418,6.266799897945924,2.5033577247261176,-29.076415580877917,0.5557252477826469,0.6277002207830394
natural,artificial,mlp_small,2500,8,cgre132,426,1.3932527873225093,1.1803612952492595,-4.380818105260195,0.5910182017854475,0.6111795125087268
natural,artificial,mlp_small,2500,8,cgre1338,1024,3.0905360570260236,1.7579920526060473,-14.134498161417461,0.42246806416854765,0.4357985637887226
natural,artificial,mlp_small,2500,8,cgre4111,822,5.302863526881605,2.3027947209600783,-7.381077678654,0.5482686434002575,0.5784322342725174
natural,artificial,mlp_small,2500,8,cgre9708,418,1.3049054718470174,1.1423245912817501,-6.367540819124785,0.4973628383041755,0.6476942377768654
natural,artificial,mlp_small,2500,9,cgre132,426,3.1294293392809562,1.7690193156890504,-9.254161568638798,0.6550683076278306,0.6336939034303027
natural,artificial,mlp_small,2500,9,cgre1338,1024,4.191102819471292,2.0472183126064722,-20.3097115681712,0.42577648927733347,0.4408730811713623
natural,artificial,mlp_small,2500,9,cgre4111,822,6.7474496289110295,2.5975853458377514,-10.382132518337562,0.5499240812683127,0.5748016778477426
natural,artificial,mlp_small,2500,9,cgre9708,418,6.8509927450520625,2.617440112982924,-34.710650543341444,0.555626376247154,0.6530726620443326
natural,artificial,mlp_small,5000,0,cgre132,427,1.6946798634822615,1.3017987031343445,-4.652649659114562,0.7802756781332895,0.6696798317173407
natural,artificial,mlp_small,5000,0,cgre1338,1024,1.8947168448937541,1.376487139385528,-8.577194246552978,0.4686955974655879,0.5371279568891857
natural,artificial,mlp_small,5000,0,cgre4111,822,2.824069422104805,1.6804967783678746,-3.6234745150597334,0.6411318211006519,0.7436225965581902
natural,artificial,mlp_small,5000,0,cgre9708,418,1.643239878792397,1.28188918350706,-8.060322117172294,0.6773163333002945,0.6884666036768956
natural,artificial,mlp_small,5000,1,cgre132,427,0.43733624905870666,0.6613140321047987,-0.4955943164043406,0.7111151220352877,0.6446569735394141
natural,artificial,mlp_small,5000,1,cgre1338,1024,1.819581693654813,1.3489187127676794,-8.055430537030379,0.4941805958344468,0.5586060221646811
natural,artificial,mlp_small,5000,1,cgre4111,822,0.903638033769041,0.9505987764399031,-0.5409998420961506,0.6081025548384547,0.7435717180249165
natural,artificial,mlp_small,5000,1,cgre9708,418,0.7101700692214624,0.84271588879139,-2.1132076103527027,0.7270897719252514,0.6905242583490159
natural,artificial,mlp_small,5000,2,cgre132,427,1.164768028575225,1.0792441932089443,-2.9863619696210786,0.7916899281393894,0.7189042594893897
natural,artificial,mlp_small,5000,2,cgre1338,1024,1.9074985815375678,1.3811222181753386,-8.093453392825735,0.4946627237993577,0.5366872966449505
natural,artificial,mlp_small,5000,2,cgre4111,821,3.1303785414142817,1.7692875801899142,-4.267451224074485,0.5956515875044114,0.7004793528991814
natural,artificial,mlp_small,5000,2,cgre9708,418,1.7341071164553064,1.3168550096556972,-6.98789460864359,0.6912684532705574,0.7285110887087161
natural,artificial,mlp_small,5000,3,cgre132,427,0.9354245592652952,0.9671734897448829,-1.9037180999573575,0.784089245138365,0.7173873447010622
natural,artificial,mlp_small,5000,3,cgre1338,1024,1.956766508359891,1.3988447048760957,-8.921004216291367,0.5020982687689344,0.5767753038545729
natural,artificial,mlp_small,5000,3,cgre4111,821,2.0177647199076345,1.420480453898481,-2.219089848122936,0.6781548368845707,0.7693654438603253
natural,artificial,mlp_small,5000,3,cgre9708,418,1.1485985309833835,1.071726891975462,-4.426334964005295,0.6876076772907121,0.7257886349533321
natural,artificial,mlp_small,5000,4,cgre132,427,1.3874500457889636,1.1779006943664494,-3.363333536051597,0.7107276277132202,0.693612744848129
natural,artificial,mlp_small,5000,4,cgre1338,1024,2.3464657444902097,1.5318177908910087,-10.730463266220623,0.49216893621908026,0.5639281905884209
natural,artificial,mlp_small,5000,4,cgre4111,821,2.2746852233786936,1.5082059618562358,-2.7509912938167584,0.6722478843140621,0.7299408055603169
natural,artificial,mlp_small,5000,4,cgre9708,418,1.7278939762110095,1.3144938098793046,-8.827153610227723,0.6987451988590316,0.7242173907025266
natural,artificial,mlp_small,5000,5,cgre132,427,0.8924876437292263,0.9447156417299474,-1.8626475898967545,0.788062063201948,0.6832745901624648
natural,artificial,mlp_small,5000,5,cgre1338,1024,1.3960535857633332,1.1815471153379087,-6.194897619853139,0.4663346160498281,0.5699205007140623
natural,artificial,mlp_small,5000,5,cgre4111,821,1.9307920783480879,1.3895294449374176,-2.141632086080104,0.6547513355719881,0.7530807011723739
natural,artificial,mlp_small,5000,5,cgre9708,418,0.9563938922326505,0.9779539315492578,-3.039273526457343,0.7343105822009913,0.7256481829075268
natural,artificial,mlp_small,5000,6,cgre132,427,1.4257442388016306,1.1940453252710428,-3.614118299638716,0.8158355223972739,0.7577548607503912
natural,artificial,mlp_small,5000,6,cgre1338,1024,1.5284620830050883,1.2363098652866475,-6.910371493398199,0.49443803829961575,0.5627313602600649
natural,artificial,mlp_small,5000,6,cgre4111,821,1.7636679139535318,1.3280315937331957,-1.9337622963627545,0.6678653959603087,0.7643377012988285
natural,artificial,mlp_small,5000,6,cgre9708,418,1.34992031643799,1.161860713010811,-5.118960180647275,0.7384673005669418,0.7146079987803737
natural,artificial,mlp_small,5000,7,cgre132,426,1.4735277240280464,1.2138895023963452,-3.309978023357105,0.7676473796548778,0.6985178636932985
natural,artificial,mlp_small,5000,7,cgre1338,1025,2.4752673685956084,1.5732982452782462,-11.421724531812004,0.5227563788486586,0.5747268985217117
natural,artificial,mlp_small,5000,7,cgre4111,821,3.55170363936482,1.8845964128600108,-4.825323080455901,0.6684226483249714,0.7480504575922258
natural,artificial,mlp_small,5000,7,cgre9708,418,1.8280262503271314,1.3520452101638951,-7.773293880918999,0.6824454148759189,0.6648937517756086
natural,artificial,mlp_small,5000,8,cgre132,426,1.6448406411311876,1.2825134077783311,-5.352464091656435,0.7463012986307429,0.7099419107877141
natural,artificial,mlp_small,5000,8,cgre1338,1024,2.7204174076622807,1.6493687906779007,-12.322009999188356,0.5155223600541952,0.5650983784767634
natural,artificial,mlp_small,5000,8,cgre4111,822,2.0790381334058385,1.4418870043820489,-2.28588129877912,0.631397562926371,0.7161645183743288
natural,artificial,mlp_small,5000,8,cgre9708,418,2.111772493607009,1.4531938940165585,-10.923139555336775,0.6576882704900459,0.6846972177864423
natural,artificial,mlp_small,5000,9,cgre132,426,1.7199764119517775,1.3114787119704907,-4.635824973269272,0.763784326013943,0.6950569647723429
natural,artificial,mlp_small,5000,9,cgre1338,1024,1.7381862217217772,1.3184029056861857,-7.837828283423736,0.49494950782845665,0.5613622832281379
natural,artificial,mlp_small,5000,9,cgre4111,822,3.240166831137829,1.8000463413861958,-4.465770073408421,0.6210496344268027,0.723052708667278
natural,artificial,mlp_small,5000,9,cgre9708,418,2.1519240381111664,1.466943774693211,-10.216857203111818,0.696471849336471,0.7049438155776915
natural,artificial,mlp_small,10000,0,cgre132,427,1.4543333775212475,1.2059574526164873,-3.8509675767268945,0.7954175487819504,0.7056829605282087
natural,artificial,mlp_small,10000,0,cgre1338,1024,1.2630293001249118,1.1238457634946672,-5.384213545672275,0.4949604318621836,0.6167358957999459
natural,artificial,mlp_small,10000,0,cgre4111,822,1.6878898731550775,1.2991881592575718,-1.7633583479486767,0.6746793952871366,0.8242076693644012
natural,artificial,mlp_small,10000,0,cgre9708,418,1.3188907055448094,1.148429669394173,-6.271959976021425,0.7302009465125876,0.7341150827347194
natural,artificial,mlp_small,10000,1,cgre132,427,1.1905496345029951,1.0911231069421063,-3.0714193497391182,0.7517998679683318,0.7156554399547859
natural,artificial,mlp_small,10000,1,cgre1338,1024,1.483073754185869,1.217815156001053,-6.380746579917362,0.5004107047040001,0.6342049016094761
natural,artificial,mlp_small,10000,1,cgre4111,822,1.6652487310109862,1.290445167766142,-1.839796395947873,0.652388551863009,0.8299045967560466
natural,artificial,mlp_small,10000,1,cgre9708,418,1.372497492782529,1.1715363813311686,-5.01668505180004,0.7374106880920221,0.7306559425245203
natural,artificial,mlp_small,10000,2,cgre132,427,1.3724109367386281,1.1714994394956526,-3.6970097312845107,0.8188851201278453,0.7351207970632795
natural,artificial,mlp_small,10000,2,cgre1338,1024,1.6535660429449743,1.2859105890165825,-6.882902713017435,0.5284158201017364,0.610102611420847
natural,artificial,mlp_small,10000,2,cgre4111,821,1.7162153783555254,1.310044036800109,-1.8878554704793071,0.6363073738096507,0.8216807256838552
natural,artificial,mlp_small,10000,2,cgre9708,418,1.9996256377827601,1.414081199147616,-8.21096436303223,0.7284553835375359,0.7506101459867938
natural,artificial,mlp_small,10000,3,cgre132,427,0.7803630493410773,0.883381598937332,-1.4223806061809379,0.8026303986011981,0.7389593304272726
natural,artificial,mlp_small,10000,3,cgre1338,1024,1.5892466155902714,1.260653249545755,-7.057641168037609,0.5252243619890186,0.6491866621691679
natural,artificial,mlp_small,10000,3,cgre4111,821,1.3308448751692592,1.1536225011541943,-1.1231956257416913,0.7028241810247796,0.8438182928388278
natural,artificial,mlp_small,10000,3,cgre9708,418,0.7421643524017261,0.861489612474652,-2.5062141086214695,0.7458956010774341,0.698266769504934
natural,artificial,mlp_small,10000,4,cgre132,427,1.087868165290453,1.0430091875388505,-2.4211910279735944,0.7592858760169312,0.7245287384432753
natural,artificial,mlp_small,10000,4,cgre1338,1024,1.710732098501914,1.3079495779661823,-7.552300448852749,0.4893444897351251,0.6191768814281016
natural,artificial,mlp_small,10000,4,cgre4111,821,1.7667866417529603,1.3292052669745784,-1.9134586373245162,0.6761486137102094,0.7903273486540037
natural,artificial,mlp_small,10000,4,cgre9708,418,0.6744669429712395,0.8212593640082526,-2.8359357372918192,0.7258163510843963,0.6962891594440284
natural,artificial,mlp_small,10000,5,cgre132,427,1.581318614670129,1.257504916360222,-4.072067891303717,0.8084025834183899,0.7056734313851838
natural,artificial,mlp_small,10000,5,cgre1338,1024,1.2401758259331332,1.1136318179421478,-5.391544127818578,0.4683878304243155,0.6136746137228501
natural,artificial,mlp_small,10000,5,cgre4111,821,2.198411671970189,1.4827041754747265,-2.5770815120515613,0.6922766533733679,0.8477479378107287
natural,artificial,mlp_small,10000,5,cgre9708,418,1.7249052089868186,1.3133564668386182,-6.285036011725135,0.7495648854206154,0.7491061707053419
natural,artificial,mlp_small,10000,6,cgre132,427,1.8266518364906215,1.3515368424466354,-4.911570558338211,0.8343433064428906,0.7786408305812049
natural,artificial,mlp_small,10000,6,cgre1338,1024,1.1394007525041037,1.0674271649644784,-4.896831417920698,0.5078858996779845,0.6290073001175577
natural,artificial,mlp_small,10000,6,cgre4111,821,1.947380513522744,1.395485762565403,-2.239357864393904,0.6910733299358266,0.816534220641302
natural,artificial,mlp_small,10000,6,cgre9708,418,1.9723652685517807,1.4044092240339996,-7.9403977353313735,0.7594006161661183,0.747017944220448
natural,artificial,mlp_small,10000,7,cgre132,426,1.4565054093080898,1.2068576590916138,-3.2601887990667553,0.8169005088156915,0.7545583895089043
natural,artificial,mlp_small,10000,7,cgre1338,1025,1.5972748168078788,1.2638333817429728,-7.015662480633388,0.522050230701116,0.6176923487295676
natural,artificial,mlp_small,10000,7,cgre4111,821,2.1022841946752715,1.4499255824611383,-2.4480592651896043,0.6896372984235835,0.8366593742528761
natural,artificial,mlp_small,10000,7,cgre9708,418,1.478375918430744,1.2158848294270077,-6.095207958061534,0.728169893703536,0.6961360555759375
natural,artificial,mlp_small,10000,8,cgre132,426,1.106339179731908,1.0518265920444814,-3.272742134828519,0.7916666440300433,0.7179580266241751
natural,artificial,mlp_small,10000,8,cgre1338,1024,2.0340584214787203,1.4262042004841804,-8.960878265794708,0.5143920363002036,0.6550444153232855
natural,artificial,mlp_small,10000,8,cgre4111,822,2.1925318176282005,1.4807200335067396,-2.465255966575559,0.6769651045463501,0.7953235390464579
natural,artificial,mlp_small,10000,8,cgre9708,418,1.1982863319158605,1.0946626566736715,-5.765565517089368,0.68775473168038,0.686864264409011
natural,artificial,mlp_small,10000,9,cgre132,426,1.3224122850929665,1.149961862451519,-3.333131622908546,0.7978160961914205,0.7403921281586645
natural,artificial,mlp_small,10000,9,cgre1338,1024,1.3282503864641082,1.152497456163834,-5.753504708680162,0.5189412034888327,0.6322548217801751
natural,artificial,mlp_small,10000,9,cgre4111,822,2.268384987352334,1.5061158611980467,-2.826491481762818,0.6358416573647628,0.8058619231218951
natural,artificial,mlp_small,10000,9,cgre9708,418,1.293368809257718,1.137263737774892,-5.741656762724978,0.7304427236161974,0.7196933131123003
natural,artificial,mlp_small,15000,0,cgre132,427,1.526419106376032,1.2354833492912933,-4.091411438377987,0.7963405835788672,0.7027106181800575
natural,artificial,mlp_small,15000,0,cgre1338,1024,1.5016679724176072,1.2254256290846897,-6.590456539418817,0.5133478567498682,0.6409490992545168
natural,artificial,mlp_small,15000,0,cgre4111,822,1.5310594885451523,1.2373598864296322,-1.5066007481689296,0.677987622156764,0.8441811003180195
natural,artificial,mlp_small,15000,0,cgre9708,418,1.514175504997401,1.2305183887278568,-7.348700633586374,0.7273513778357932,0.7232412328384417
natural,artificial,mlp_small,15000,1,cgre132,427,1.2506864549501069,1.118340938600616,-3.2770741223789575,0.7715928579738128,0.7312892150528214
natural,artificial,mlp_small,15000,1,cgre1338,1024,1.6320546637508806,1.2775189484899552,-7.122173185061863,0.5172014178940657,0.6519128559343778
natural,artificial,mlp_small,15000,1,cgre4111,822,2.1564005280345757,1.468468769853338,-2.6773716344554166,0.6537829124307265,0.8407901413580426
natural,artificial,mlp_small,15000,1,cgre9708,418,1.1856839843104547,1.0888911719315455,-4.197741447306078,0.7482294531163161,0.7489961571505701
natural,artificial,mlp_small,15000,2,cgre132,427,1.3275533194221758,1.1521950006063104,-3.54348671611654,0.8331092730737111,0.752173609705584
natural,artificial,mlp_small,15000,2,cgre1338,1024,1.4358331333563599,1.1982625477566926,-5.8449234009529185,0.520319225988072,0.6405320970531804
natural,artificial,mlp_small,15000,2,cgre4111,821,1.7941376711791945,1.3394542437796053,-2.0189743978826646,0.6550689063813592,0.8494463315820073
natural,artificial,mlp_small,15000,2,cgre9708,418,1.479784337840139,1.2164638662287257,-5.816396301025803,0.7299030365292543,0.7170436146370973
natural,artificial,mlp_small,15000,3,cgre132,427,1.6990273696795528,1.3034674409740938,-4.274072052947107,0.8058188259324601,0.7664866518567927
natural,artificial,mlp_small,15000,3,cgre1338,1024,1.8445639887693868,1.3581472632853135,-8.35212608740877,0.5204126639718322,0.64076549491178
natural,artificial,mlp_small,15000,3,cgre4111,821,1.5844758740776554,1.2587596569947956,-1.5278319868099293,0.711018972851572,0.8563857049634289
natural,artificial,mlp_small,15000,3,cgre9708,418,1.8014366895374476,1.3421761022822034,-7.5105444854695005,0.7557461091996425,0.7506057153394464
natural,artificial,mlp_small,15000,4,cgre132,427,1.1450544586935585,1.070072174525419,-2.6010338068654044,0.7829660332095366,0.7285994675137732
natural,artificial,mlp_small,15000,4,cgre1338,1024,1.8306755023326944,1.3530245756573287,-8.151922112184604,0.5074393306547542,0.6436861559481224
natural,artificial,mlp_small,15000,4,cgre4111,821,2.0638823769737984,1.4366218629040135,-2.4033741231200314,0.7003135310459222,0.830558640899532
natural,artificial,mlp_small,15000,4,cgre9708,418,0.9416721496826919,0.9703979336760213,-4.3556277137429396,0.743265709947796,0.7036517495330882
natural,artificial,mlp_small,15000,5,cgre132,427,1.244054235845774,1.1153717926529136,-2.9902948628667185,0.8125873364902144,0.7023368144573472
natural,artificial,mlp_small,15000,5,cgre1338,1024,1.4714120785828235,1.2130177569115892,-6.583275720917367,0.4734315028748362,0.6409739946005996
natural,artificial,mlp_small,15000,5,cgre4111,821,1.9074430394621247,1.3811021104401096,-2.1036403776171024,0.7004523556623456,0.8698110771148644
natural,artificial,mlp_small,15000,5,cgre9708,418,1.171640022750091,1.0824232179467008,-3.9483529379138744,0.7524351567240186,0.7356560101459546
natural,artificial,mlp_small,15000,6,cgre132,427,1.2916913884176306,1.1365260174838192,-3.1802847317083014,0.8360484970512717,0.7760457218276082
natural,artificial,mlp_small,15000,6,cgre1338,1024,1.424877485563791,1.19368232187789,-6.374281880272978,0.5130272675264885,0.6287866032246326
natural,artificial,mlp_small,15000,6,cgre4111,821,1.8480915129752147,1.3594452960583647,-2.0741962010528106,0.7079235888781671,0.8479932355866207
natural,artificial,mlp_small,15000,6,cgre9708,418,1.0829223921404347,1.040635571245013,-3.908703806846515,0.7537943113282835,0.7163213478416954
natural,artificial,mlp_small,15000,7,cgre132,426,1.4548802612668625,1.2061841738585624,-3.2554353409348344,0.8261516185309207,0.7606734276731164
natural,artificial,mlp_small,15000,7,cgre1338,1025,1.4230939390932362,1.1929350104231313,-6.141564228003774,0.5477886169422199,0.6564233514576061
natural,artificial,mlp_small,15000,7,cgre4111,821,2.401665100003436,1.549730654018122,-2.9390885499324697,0.6751825270647324,0.8521759282688748
natural,artificial,mlp_small,15000,7,cgre9708,418,1.4429474938038271,1.201227494608672,-5.925175399210531,0.7320815414327695,0.7035528850863879
natural,artificial,mlp_small,15000,8,cgre132,426,1.1841153831899545,1.0881706590374298,-3.5731180662700135,0.8012770936127858,0.7286328801122761
natural,artificial,mlp_small,15000,8,cgre1338,1024,1.7714176728918556,1.3309461570220846,-7.674714359839109,0.5204468200437762,0.6602153970626881
natural,artificial,mlp_small,15000,8,cgre4111,822,1.5531686176465163,1.246261857575091,-1.4547542599494352,0.7056040242067458,0.8493002076910748
natural,artificial,mlp_small,15000,8,cgre9708,418,0.9552326416263871,0.9773600368474185,-4.393276088406104,0.6969324043548897,0.6890629136041753
natural,artificial,mlp_small,15000,9,cgre132,426,1.617125837230178,1.271662627126463,-4.2988157948275045,0.8078526317014916,0.7352450070445715
natural,artificial,mlp_small,15000,9,cgre1338,1024,1.7084186553971632,1.3070649009889155,-7.686474742413747,0.5103914268874121,0.6374813202702458
natural,artificial,mlp_small,15000,9,cgre4111,822,1.7619607115835803,1.3273886814281566,-1.972214898117782,0.6520744321527168,0.8398518986890899
natural,artificial,mlp_small,15000,9,cgre9708,418,1.4110432429625224,1.1878734120109442,-6.355032186739668,0.7423934791326772,0.7317518523673717
natural,artificial,mlp_small,17500,0,cgre132,427,1.129389494091634,1.0627273846531076,-2.7671086299843006,0.8010084715820774,0.7071997688632673
natural,artificial,mlp_small,17500,0,cgre1338,1024,1.41205095269075,1.1882975017607122,-6.137470855550361,0.5110581818532277,0.6396115708766372
natural,artificial,mlp_small,17500,0,cgre4111,822,1.3573337706023796,1.1650466817266936,-1.2221826587155125,0.6833117156106405,0.8502914886077189
natural,artificial,mlp_small,17500,0,cgre9708,418,1.1549829058362666,1.0747013100560856,-5.368222498588907,0.7346804362684227,0.7212996270563607
natural,artificial,mlp_small,17500,1,cgre132,427,1.1924373878245598,1.091987814870001,-3.077875053204317,0.7737920974278577,0.7297223661834222
natural,artificial,mlp_small,17500,1,cgre1338,1024,1.9079169841376304,1.381273681837756,-8.495044811962353,0.523390351917869,0.6472097712420395
natural,artificial,mlp_small,17500,1,cgre4111,822,1.9149133148043869,1.3838039293210533,-2.265556567416004,0.6376329916227479,0.8263205200236512
natural,artificial,mlp_small,17500,1,cgre9708,418,0.8698848823899767,0.9326761937510664,-2.8133573257404145,0.7523509187077716,0.7322854076116383
natural,artificial,mlp_small,17500,2,cgre132,427,1.3868357250377175,1.177639896164238,-3.7463778681878424,0.8326877150754998,0.7494717685184034
natural,artificial,mlp_small,17500,2,cgre1338,1024,1.2812121175236522,1.1319064084647865,-5.107811974168665,0.5295866292816135,0.6424836400644943
natural,artificial,mlp_small,17500,2,cgre4111,821,1.8983931117961885,1.3778218723028708,-2.1944038039526097,0.657117937600742,0.8496715260277099
natural,artificial,mlp_small,17500,2,cgre9708,418,1.2585696190254723,1.121859892778716,-4.797405119336695,0.7391007238690145,0.7157260287905178
natural,artificial,mlp_small,17500,3,cgre132,427,1.4915140267679976,1.2212755736392984,-3.6299150829096662,0.8108722813362479,0.7703328734129584
natural,artificial,mlp_small,17500,3,cgre1338,1024,1.4646618592336103,1.2102321509667515,-6.4259838457053435,0.5168237879288721,0.6502910457904677
natural,artificial,mlp_small,17500,3,cgre4111,821,1.3265506218133698,1.151759793452337,-1.1163446845755458,0.7131349885597726,0.8642766974839482
natural,artificial,mlp_small,17500,3,cgre9708,418,1.3677825282104712,1.169522350453582,-5.461828006718399,0.7583069915654141,0.7416837388120661
natural,artificial,mlp_small,17500,4,cgre132,427,1.4075280785667938,1.18639288541646,-3.426476100371909,0.7744685940784363,0.7328101748361087
natural,artificial,mlp_small,17500,4,cgre1338,1024,1.8408576712292024,1.3567821016026127,-8.2028248617736,0.49600621018613983,0.6352199122148958
natural,artificial,mlp_small,17500,4,cgre4111,821,1.5804650376484952,1.2571654774326628,-1.606211415747314,0.7079223903605362,0.8403471407771623
natural,artificial,mlp_small,17500,4,cgre9708,418,1.320595879459562,1.1491718232969177,-6.510703054212199,0.7410464209631636,0.7169639287601368
natural,artificial,mlp_small,17500,5,cgre132,427,1.4081104135071814,1.1866382825053223,-3.516503852862086,0.8073023709901511,0.7005731697043318
natural,artificial,mlp_small,17500,5,cgre1338,1024,1.279014243327465,1.1309351189734382,-5.591707244563518,0.47468772279575394,0.6481052777652113
natural,artificial,mlp_small,17500,5,cgre4111,821,1.7784759566754074,1.3335951247194207,-1.893795345687229,0.6955974986163854,0.867122920538305
natural,artificial,mlp_small,17500,5,cgre9708,418,1.2525174115389224,1.1191592431548436,-4.289933847282811,0.7513222262372362,0.742534832821325
natural,artificial,mlp_small,17500,6,cgre132,427,1.1506199978297167,1.072669566003304,-2.723737149643872,0.8395715506294842,0.7769255659370787
natural,artificial,mlp_small,17500,6,cgre1338,1024,1.7329221910492971,1.3164050254573236,-7.968530166873542,0.5102240422851356,0.6328916151642119
natural,artificial,mlp_small,17500,6,cgre4111,821,1.888086702002702,1.3740766725342155,-2.140725946633834,0.706945485026909,0.8552216929085373
natural,artificial,mlp_small,17500,6,cgre9708,418,1.0152708658798648,1.0076065034922437,-3.6020508953318995,0.7651219356103974,0.727648780643345
natural,artificial,mlp_small,17500,7,cgre132,426,1.249157406929182,1.1176571061507112,-2.6537086366188034,0.8304055705653627,0.757762807177363
natural,artificial,mlp_small,17500,7,cgre1338,1025,1.5093301527449516,1.2285479855280181,-6.5743265648077625,0.5429716399848381,0.647531327942241
natural,artificial,mlp_small,17500,7,cgre4111,821,2.141983073619752,1.4635515274904918,-2.5131713407638108,0.672722443582608,0.852390849489246
natural,artificial,mlp_small,17500,7,cgre9708,418,1.1707923292640368,1.0820315749847769,-4.619014046609516,0.7292411728733013,0.6877309062526228
natural,artificial,mlp_small,17500,8,cgre132,426,1.2336406072856805,1.1106937504486467,-3.7643871775943643,0.8100108461763833,0.7295348706236162
natural,artificial,mlp_small,17500,8,cgre1338,1024,1.794217014276388,1.3394838611481619,-7.786363790196436,0.5307085499311941,0.6627811266796511
natural,artificial,mlp_small,17500,8,cgre4111,822,1.664743635596175,1.2902494470435455,-1.6310965112053735,0.7226392439311115,0.8690009663851219
natural,artificial,mlp_small,17500,8,cgre9708,418,1.0305605070879678,1.0151652609737825,-4.818579787087199,0.6985822067310421,0.6920380373793948
natural,artificial,mlp_small,17500,9,cgre132,426,1.3160183329912232,1.1471784224745614,-3.31218064085874,0.8074619365178535,0.7342394747457895
natural,artificial,mlp_small,17500,9,cgre1338,1024,1.7015540427547577,1.304436293099344,-7.651571538713453,0.5194256630432224,0.6417441908382426
natural,artificial,mlp_small,17500,9,cgre4111,822,1.7518018205698203,1.3235565044869904,-1.9550780760417013,0.6494337109874354,0.8428911306035304
natural,artificial,mlp_small,17500,9,cgre9708,418,0.9444867803890925,0.9718470972272811,-3.92311678211013,0.7349595931145205,0.7156042664517394
natural,artificial,mlp_deep,500,0,cgre132,427,1.8030598508680866,1.3427806413811925,-5.014153983295574,0.3607767472298458,0.3525883766127605
natural,artificial,mlp_deep,500,0,cgre1338,1024,0.6015454835101085,0.7755936329741938,-2.0406221168292795,0.2591149484497285,0.2726599858760462
natural,artificial,mlp_deep,500,0,cgre4111,822,3.9666280064477837,1.9916395272357355,-5.49403423123531,0.29329708048871106,0.3330740794625532
natural,artificial,mlp_deep,500,0,cgre9708,418,1.5442733028565458,1.242687934622585,-7.514650685761222,0.3163606984129673,0.42341991891307645
natural,artificial,mlp_deep,500,1,cgre132,427,0.5389325204515665,0.7341202356913794,-0.8430313431545222,0.37287126664865794,0.4028097322461691
natural,artificial,mlp_deep,500,1,cgre1338,1024,2.464792171449017,1.5699656593215716,-11.266420559519574,0.26332143867062463,0.25985661771362134
natural,artificial,mlp_deep,500,1,cgre4111,822,2.77418565185162,1.6655886802724194,-3.730898315133775,0.3231327552185159,0.320960609113598
natural,artificial,mlp_deep,500,1,cgre9708,418,0.20839835398675946,0.4565066855882392,0.08643384206856031,0.3255413141024561,0.40064997035058436
natural,artificial,mlp_deep,500,2,cgre132,427,2.5309496076437523,1.5908958506589148,-7.6620520270288655,0.3738786326045749,0.35625377121792695
natural,artificial,mlp_deep,500,2,cgre1338,1024,3.0463367710508567,1.7453758251594,-13.522538425204395,0.3511254389067603,0.35606309864582425
natural,artificial,mlp_deep,500,2,cgre4111,821,4.673197893491645,2.1617580561875203,-6.863535236634231,0.34979100130209184,0.3980283074884259
natural,artificial,mlp_deep,500,2,cgre9708,418,7.491491446606298,2.737058904482382,-33.50838968896436,0.2376466929031401,0.34518769453390663
natural,artificial,mlp_deep,500,3,cgre132,427,1.8219615581056154,1.3498005623445322,-4.6556808363605935,0.2904827463324454,0.3004835454543008
natural,artificial,mlp_deep,500,3,cgre1338,1024,2.665561290562348,1.6326546758461655,-12.514665489965706,0.21712550022116536,0.22042784119933473
natural,artificial,mlp_deep,500,3,cgre4111,821,3.4325779885216274,1.8527217784982255,-4.47624648539104,0.38602840369458785,0.4279081457810442
natural,artificial,mlp_deep,500,3,cgre9708,418,2.4006529392476703,1.5494040593878895,-10.34142751299598,0.34532585157842,0.4376587958355556
natural,artificial,mlp_deep,500,4,cgre132,427,1.3650108589629906,1.1683367917526994,-3.292765477261546,0.33570340931808645,0.3467521176970755
natural,artificial,mlp_deep,500,4,cgre1338,1024,3.264742819575777,1.8068599335797386,-15.321118605126511,0.2772471824966712,0.2870907375959738
natural,artificial,mlp_deep,500,4,cgre4111,821,7.968930767856529,2.82292946561839,-12.140890714918035,0.24440904820153614,0.29403177862500585
natural,artificial,mlp_deep,500,4,cgre9708,418,1.2781949561085204,1.1305728442292078,-6.269553774960766,0.3410192117934052,0.440891358278247
natural,artificial,mlp_deep,500,5,cgre132,427,0.9711543226821794,0.9854716244936631,-2.1149703872958137,0.4148241679277441,0.3672257585011257
natural,artificial,mlp_deep,500,5,cgre1338,1024,2.3938050840173157,1.5471926460584395,-11.337049721462696,0.31118388580161194,0.31456143938219655
natural,artificial,mlp_deep,500,5,cgre4111,821,4.885954262036465,2.2104194764877696,-6.950038149041071,0.36113690190401126,0.3839515747838959
natural,artificial,mlp_deep,500,5,cgre9708,418,1.7563688813530565,1.3252806802157255,-6.417920987116798,0.3820061806377291,0.40623867421263904
natural,artificial,mlp_deep,500,6,cgre132,427,0.9747457681812193,0.9872921392279081,-2.1545575735523834,0.4411755673143956,0.45310011952392293
natural,artificial,mlp_deep,500,6,cgre1338,1024,0.9916380107514444,0.9958102282821986,-4.132103137681963,0.24710374175608377,0.24005354367089674
natural,artificial,mlp_deep,500,6,cgre4111,821,5.321925633051104,2.3069299150713496,-7.8527237144618045,0.2953236835402141,0.3288730795813226
natural,artificial,mlp_deep,500,6,cgre9708,418,3.472842596446316,1.8635564376874438,-14.741807351550332,0.2741347677078785,0.37513136903618616
natural,artificial,mlp_deep,500,7,cgre132,426,1.3511548054045421,1.1623918467558787,-2.9520447579553526,0.4410823840276914,0.44493665356044987
natural,artificial,mlp_deep,500,7,cgre1338,1025,4.316711251299357,2.0776696684746008,-20.662709542944057,0.21924552740259942,0.23386829899743744
natural,artificial,mlp_deep,500,7,cgre4111,821,4.656258788247294,2.157836599061035,-6.636958074746189,0.36332694183572234,0.3730376035658024
natural,artificial,mlp_deep,500,7,cgre9708,418,3.577208741063501,1.8913510359167864,-16.16819085783156,0.33787545295230625,0.39045573659028876
natural,artificial,mlp_deep,500,8,cgre132,426,1.4538981547548995,1.2057769921320025,-4.615033815467006,0.30990471275095127,0.3371207281188675
natural,artificial,mlp_deep,500,8,cgre1338,1024,1.4868739569262415,1.2193744121172305,-6.281290608534136,0.2751865035080431,0.2837396306904504
natural,artificial,mlp_deep,500,8,cgre4111,822,5.196528741916558,2.279589599449111,-7.213017518663591,0.3064167863465475,0.34813829184600187
natural,artificial,mlp_deep,500,8,cgre9708,418,2.118801586477082,1.4556103827869193,-10.962826053523022,0.33018401433345335,0.41896852654078176
natural,artificial,mlp_deep,500,9,cgre132,426,2.629482297003369,1.621567851495388,-7.615991413163938,0.373095816946035,0.3885494589859344
natural,artificial,mlp_deep,500,9,cgre1338,1024,3.1159998161628937,1.7652194810172739,-14.843337705869562,0.25032036132308516,0.2535293226667008
natural,artificial,mlp_deep,500,9,cgre4111,822,1.2217187583047364,1.1053138732073964,-1.0608919772562393,0.31093430525673155,0.34041044595762315
natural,artificial,mlp_deep,500,9,cgre9708,418,4.448835653458343,2.109226316320357,-22.189458996311004,0.31758716473297727,0.4067467378195211
natural,artificial,mlp_deep,1000,0,cgre132,427,3.0496124665442275,1.746313965627094,-9.172063314672874,0.4784483089146307,0.44138164831859505
natural,artificial,mlp_deep,1000,0,cgre1338,1024,0.8650802921495928,0.930096926212313,-3.3727072037753647,0.32339069182122965,0.3596180085420396
natural,artificial,mlp_deep,1000,0,cgre4111,822,6.520277418933483,2.5534833892025777,-9.674785910570879,0.43860036103698075,0.4591742819714614
natural,artificial,mlp_deep,1000,0,cgre9708,418,6.533509114771767,2.5560729869805687,-35.0237710265502,0.3565134427207,0.4500441977475251
natural,artificial,mlp_deep,1000,1,cgre132,427,1.9796865120238607,1.4070133304357357,-5.770094868691686,0.51043729982736,0.517444389075453
natural,artificial,mlp_deep,1000,1,cgre1338,1024,2.5806096372539633,1.606427600999797,-11.842804142751284,0.3175482994313352,0.30804864209049226
natural,artificial,mlp_deep,1000,1,cgre4111,822,5.499562425400391,2.345114586838006,-8.37856145097362,0.40598184272974186,0.4230137662808637
natural,artificial,mlp_deep,1000,1,cgre9708,418,2.29566505200508,1.515145224724376,-9.063620279798407,0.42155959945019744,0.5478795881795409
natural,artificial,mlp_deep,1000,2,cgre132,427,1.9137741771240744,1.38339227160053,-5.549799111040397,0.5352172788531403,0.5456054172394073
natural,artificial,mlp_deep,1000,2,cgre1338,1024,4.402906953161741,2.098310499702497,-19.989598398155415,0.41913828681920084,0.4151724159957848
natural,artificial,mlp_deep,1000,2,cgre4111,821,2.5971682243161456,1.6115732140725552,-3.370224482857817,0.42514327676256675,0.5018655411024051
natural,artificial,mlp_deep,1000,2,cgre9708,418,9.321639967345073,3.053136087262583,-41.938684082605455,0.39207572429621057,0.5356037779410079
natural,artificial,mlp_deep,1000,3,cgre132,427,3.2779556548003597,1.810512539255213,-9.1753359706284,0.4502142316130582,0.4335906029219142
natural,artificial,mlp_deep,1000,3,cgre1338,1024,1.926799907272845,1.3880921825559154,-8.769070516249815,0.25865388787941956,0.2761325752481064
natural,artificial,mlp_deep,1000,3,cgre4111,821,5.6766696210880605,2.38257625714017,-8.056412458846514,0.4600921462763935,0.48384328706793933
natural,artificial,mlp_deep,1000,3,cgre9708,418,3.9484077682290444,1.9870600816857664,-17.653500371925283,0.4489855588481742,0.5422842881631785
natural,artificial,mlp_deep,1000,4,cgre132,427,2.0902330717944584,1.445763836798548,-5.573486438669338,0.4886337310878861,0.5274722056618111
natural,artificial,mlp_deep,1000,4,cgre1338,1024,4.012483998389307,2.003118568230375,-19.059230039869945,0.3765813840897362,0.3499792391833908
natural,artificial,mlp_deep,1000,4,cgre4111,821,11.00101180118668,3.316777321616071,-17.1408394732236,0.40539301414429696,0.42392181789087924
natural,artificial,mlp_deep,1000,4,cgre9708,418,2.382797621958296,1.5436313102416315,-12.551825850112193,0.4760157987349608,0.5457647292198227
natural,artificial,mlp_deep,1000,5,cgre132,427,1.0786544983331023,1.0385829280000236,-2.4597764144747813,0.5376506010168565,0.4935283741945865
natural,artificial,mlp_deep,1000,5,cgre1338,1024,1.222774985701385,1.105791565215337,-5.301864716337825,0.3648759904372204,0.38672916377401445
natural,artificial,mlp_deep,1000,5,cgre4111,821,6.589391625400164,2.5669810333152374,-9.721736633504344,0.46364612088453316,0.48053418685002625
natural,artificial,mlp_deep,1000,5,cgre9708,418,3.081376234236212,1.755384924806013,-12.014011851277525,0.4750823966592866,0.5205547387564098
natural,artificial,mlp_deep,1000,6,cgre132,427,2.6895056140700837,1.6399712235493902,-7.704013478106326,0.5684967229644426,0.5960824919541073
natural,artificial,mlp_deep,1000,6,cgre1338,1024,3.1034721080895347,1.7616674226679492,-15.06164625694947,0.30759160356636045,0.30704150132508845
natural,artificial,mlp_deep,1000,6,cgre4111,821,5.403503366342752,2.32454368991911,-7.988423681706363,0.4271539926261065,0.44482920028739215
natural,artificial,mlp_deep,1000,6,cgre9708,418,9.641494453245636,3.105075595415615,-42.70326153547572,0.3994822863950837,0.5204472384936439
natural,artificial,mlp_deep,1000,7,cgre132,426,4.362883129372189,2.088751571961632,-11.761164991634523,0.5718598018917677,0.5382783232325066
natural,artificial,mlp_deep,1000,7,cgre1338,1025,2.1353869331692734,1.4612963194264446,-9.716090144116087,0.3504918173986086,0.36846313839840084
natural,artificial,mlp_deep,1000,7,cgre4111,821,7.843676695246863,2.800656475765434,-11.864798284979395,0.4928141390616532,0.5129018210672464
natural,artificial,mlp_deep,1000,7,cgre9708,418,7.099553239278739,2.664498684420531,-33.0730703294203,0.45713199178076414,0.5200636945285442
natural,artificial,mlp_deep,1000,8,cgre132,426,1.1450711144352634,1.070079957029036,-3.4223269749953076,0.4653338740252509,0.508299903681062
natural,artificial,mlp_deep,1000,8,cgre1338,1024,4.122798810708423,2.030467633504268,-19.18953665941174,0.3395363115932431,0.34702645282022204
natural,artificial,mlp_deep,1000,8,cgre4111,822,4.593838276615431,2.1433241184233967,-6.260476390598153,0.41137533360572537,0.4426512288360265
natural,artificial,mlp_deep,1000,8,cgre9708,418,1.9329845264916201,1.390318138589733,-9.91369659252468,0.42737382137755703,0.5757648930605118
natural,artificial,mlp_deep,1000,9,cgre132,426,4.148872829536616,2.0368782068490536,-12.594559170196558,0.5503096884101135,0.5174321884762353
natural,artificial,mlp_deep,1000,9,cgre1338,1024,3.3782025935999496,1.8379887359828813,-16.176510810952653,0.3516121653199253,0.35121799150401406
natural,artificial,mlp_deep,1000,9,cgre4111,822,2.8508845955740267,1.6884562758845805,-3.80909796232858,0.4350291121993421,0.4664747517675061
natural,artificial,mlp_deep,1000,9,cgre9708,418,5.68614400784112,2.3845636933915437,-28.638901858388426,0.44337287357016875,0.5550088014170702
natural,artificial,mlp_deep,2500,0,cgre132,427,1.984504837702892,1.4087245428766022,-5.619368552183113,0.674824135360044,0.4552929729347739
natural,artificial,mlp_deep,2500,0,cgre1338,1024,3.3287875609859254,1.824496522601763,-15.82596804002089,0.43782895430621,0.37076856280694803
natural,artificial,mlp_deep,2500,0,cgre4111,822,3.4666368598684048,1.8618906680759761,-4.675465004193319,0.5791107868732523,0.5230854717225488
natural,artificial,mlp_deep,2500,0,cgre9708,418,1.7188940166949058,1.311065984874486,-8.477455895228749,0.5755419744316815,0.6246505754211733
natural,artificial,mlp_deep,2500,1,cgre132,427,1.0167055636353128,1.008318185710896,-2.476910651020669,0.7036856813757889,0.677772488099655
natural,artificial,mlp_deep,2500,1,cgre1338,1024,1.7998483759884722,1.3415842783770509,-7.957224620793786,0.4665600264707112,0.524478984387375
natural,artificial,mlp_deep,2500,1,cgre4111,822,3.2085409369177067,1.7912400556367944,-4.471616833707711,0.5858414222200629,0.6743039950479215
natural,artificial,mlp_deep,2500,1,cgre9708,418,0.5149744655986351,0.7176172138394084,-1.2575190013239368,0.6529564622958768,0.6584215878343302
natural,artificial,mlp_deep,2500,2,cgre132,427,1.8482416169982292,1.3595005027576228,-5.325517108917513,0.696840611618231,0.7109293065861673
natural,artificial,mlp_deep,2500,2,cgre1338,1024,2.8806454720031276,1.6972464382060513,-12.732652592485834,0.4703061993679326,0.4477900208891742
natural,artificial,mlp_deep,2500,2,cgre4111,821,3.7836441990959986,1.9451591706325728,-5.3666936775595975,0.5510016665624019,0.5233906762199168
natural,artificial,mlp_deep,2500,2,cgre9708,418,3.1337872481430056,1.7702506173259778,-13.435303348068988,0.5738374817455423,0.6474276247030805
natural,artificial,mlp_deep,2500,3,cgre132,427,2.2062930033103685,1.4853595535459987,-5.848711490484466,0.7117526670672111,0.5482147916834763
natural,artificial,mlp_deep,2500,3,cgre1338,1024,2.9714573137989913,1.7237915517251474,-14.065589283536347,0.45412563221730595,0.4160948260219068
natural,artificial,mlp_deep,2500,3,cgre4111,821,3.2741110471449715,1.8094504820925528,-4.223432409886718,0.6286084444687804,0.4913627614465001
natural,artificial,mlp_deep,2500,3,cgre9708,418,2.150196830174094,1.4663549468577157,-9.158195334863994,0.6386535174301026,0.5920019577767113
natural,artificial,mlp_deep,2500,4,cgre132,427,2.1651419873424285,1.4714421454282287,-5.80906434963755,0.6691601530679718,0.663927135613694
natural,artificial,mlp_deep,2500,4,cgre1338,1024,2.952598036590139,1.718312554976579,-13.76064284742439,0.48118148847628545,0.4618757765904987
natural,artificial,mlp_deep,2500,4,cgre4111,821,3.8657366696663007,1.966147672395515,-5.37465986197794,0.6229739892491484,0.5824193648635818
natural,artificial,mlp_deep,2500,4,cgre9708,418,2.085930778327198,1.4442751740327042,-10.863437491618381,0.6490087753680206,0.6850281811961876
natural,artificial,mlp_deep,2500,5,cgre132,427,1.1873511909128562,1.089656455454129,-2.8084202609520377,0.7365222436195231,0.6626937850809635
natural,artificial,mlp_deep,2500,5,cgre1338,1024,2.7586044241614682,1.6609047005055613,-13.217130780594843,0.46352290729723705,0.48978968381096805
natural,artificial,mlp_deep,2500,5,cgre4111,821,3.0328298037156816,1.741502168737002,-3.934780668421342,0.6377720112190023,0.6377936349024868
natural,artificial,mlp_deep,2500,5,cgre9708,418,2.710381082211246,1.6463235047253764,-10.447135579702666,0.7037073929948309,0.6803258392859204
natural,artificial,mlp_deep,2500,6,cgre132,427,1.3596237357783465,1.1660290458553537,-3.4001333402904077,0.7616747197477316,0.7737677177191108
natural,artificial,mlp_deep,2500,6,cgre1338,1024,2.0104495555122375,1.4179032250165162,-9.404839629107201,0.45363641239489905,0.4844530156256803
natural,artificial,mlp_deep,2500,6,cgre4111,821,3.2811071699780245,1.811382668013036,-4.457937080699563,0.592412449421711,0.6277929841494891
natural,artificial,mlp_deep,2500,6,cgre9708,418,2.6579284009183053,1.6303154298841391,-11.047939311814696,0.6186873103645414,0.6883681089354432
natural,artificial,mlp_deep,2500,7,cgre132,426,2.2386131088480745,1.4961995551556866,-5.547805748479209,0.7388868112779599,0.7074663686386594
natural,artificial,mlp_deep,2500,7,cgre1338,1025,4.152649435058648,2.0378050532518186,-19.83939214564523,0.47550753593231326,0.4590528531735958
natural,artificial,mlp_deep,2500,7,cgre4111,821,2.53592319401357,1.592458223632121,-3.1592918250894924,0.6274449155668277,0.7262910887803431
natural,artificial,mlp_deep,2500,7,cgre9708,418,2.2792126179846206,1.5097061363009097,-9.938684338422085,0.6161375883929064,0.6540306873728482
natural,artificial,mlp_deep,2500,8,cgre132,426,0.8782838974201078,0.9371680198449517,-2.3919802205302596,0.6512077673369048,0.6714723642996014
natural,artificial,mlp_deep,2500,8,cgre1338,1024,2.8018822470499485,1.6738823874603461,-12.720947089448114,0.46057087580117556,0.45404703009220665
natural,artificial,mlp_deep,2500,8,cgre4111,822,3.4656230913201607,1.8616184064732924,-4.4773531670297055,0.5866851844513823,0.5812989781220235
natural,artificial,mlp_deep,2500,8,cgre9708,418,0.9299063896629206,0.9643165401790641,-4.2502832056556255,0.5600058723171994,0.7037332937999412
natural,artificial,mlp_deep,2500,9,cgre132,426,2.2880087359201817,1.5126165197829164,-6.497089310849657,0.6887519136031232,0.6352822223610959
natural,artificial,mlp_deep,2500,9,cgre1338,1024,3.044811352177664,1.7449387817850985,-14.481379123641851,0.4428495705787869,0.4340918770348493
natural,artificial,mlp_deep,2500,9,cgre4111,822,3.889751717111676,1.9722453491165028,-5.561541314498336,0.5736120395063383,0.5588127694996782
natural,artificial,mlp_deep,2500,9,cgre9708,418,3.3331531647757338,1.8256925164922306,-16.373988311504814,0.611219772520844,0.6574475672848054
natural,artificial,mlp_deep,5000,0,cgre132,427,1.6547726520458106,1.2863796687004232,-4.519538096285854,0.7736599146610909,0.6152066214223346
natural,artificial,mlp_deep,5000,0,cgre1338,1024,2.7237691542502906,1.6503845473859389,-12.76779139496547,0.485793266154996,0.48633384438649285
natural,artificial,mlp_deep,5000,0,cgre4111,822,3.3595051908362388,1.8328953027481518,-4.500072523523751,0.645303576665809,0.6499645438783093
natural,artificial,mlp_deep,5000,0,cgre9708,418,1.8522812829467319,1.3609854087927364,-9.212912485692405,0.6770087514192499,0.696660609673537
natural,artificial,mlp_deep,5000,1,cgre132,427,0.6872065224343686,0.8289792050675148,-1.350095999041843,0.7267565445926055,0.6529311288147643
natural,artificial,mlp_deep,5000,1,cgre1338,1024,2.4982440510754795,1.5805834527399936,-11.432899027261293,0.5034876731843112,0.5339941570725973
natural,artificial,mlp_deep,5000,1,cgre4111,822,1.784774855529085,1.3359546607310762,-2.0436277223480097,0.6227300095249613,0.7185185251291475
natural,artificial,mlp_deep,5000,1,cgre9708,418,1.438520909000386,1.1993835537476685,-5.306115162613143,0.7268065074267794,0.7135990976694236
natural,artificial,mlp_deep,5000,2,cgre132,427,1.2284085633478168,1.1083359433618567,-3.2041686069256183,0.7728924489174975,0.7166668178364675
natural,artificial,mlp_deep,5000,2,cgre1338,1024,2.053925352334129,1.433152243250566,-8.791501102317195,0.5057081313772547,0.5209686106324389
natural,artificial,mlp_deep,5000,2,cgre4111,821,4.847927083457905,2.201800872798879,-7.157549993441725,0.593761619493717,0.5420545924193407
natural,artificial,mlp_deep,5000,2,cgre9708,418,2.331096164482851,1.5267927706414026,-9.737831768180872,0.6807550511124892,0.7239929223822974
natural,artificial,mlp_deep,5000,3,cgre132,427,1.0012347313095258,1.0006171752021478,-2.1080041493595987,0.7875807009977747,0.7730377879070489
natural,artificial,mlp_deep,5000,3,cgre1338,1024,2.5999052863854093,1.612422179947116,-12.181782904597759,0.5042128419079506,0.49011466415611593
natural,artificial,mlp_deep,5000,3,cgre4111,821,2.279460024401391,1.5097880726782122,-2.63659179455198,0.6871001560949853,0.6894188026532442
natural,artificial,mlp_deep,5000,3,cgre9708,418,1.3674600122003115,1.1693844586791426,-5.460304341264219,0.692946326708693,0.7896018802910634
natural,artificial,mlp_deep,5000,4,cgre132,427,1.780304266081317,1.3342804300750712,-4.598804318861861,0.7358998075938186,0.7091980381459171
natural,artificial,mlp_deep,5000,4,cgre1338,1024,2.2457482126750774,1.4985820673807215,-10.22695567826796,0.5041529740023738,0.49722850172647326
natural,artificial,mlp_deep,5000,4,cgre4111,821,3.2017161950915383,1.7893340088120882,-4.279679777064739,0.6820555390825707,0.5995147287822145
natural,artificial,mlp_deep,5000,4,cgre9708,418,2.087582507760824,1.444846880385885,-10.872831470120676,0.7220326991455416,0.6667020203172878
natural,artificial,mlp_deep,5000,5,cgre132,427,1.309496042021829,1.144332137983474,-3.2001989775563002,0.803053497944924,0.6737173089850815
natural,artificial,mlp_deep,5000,5,cgre1338,1024,1.8332880762722616,1.3539896883921463,-8.44829063224263,0.46515866365756,0.4815384566495276
natural,artificial,mlp_deep,5000,5,cgre4111,821,3.308666165034085,1.818973931928131,-4.383599768594412,0.6528053592480818,0.562272803312585
natural,artificial,mlp_deep,5000,5,cgre9708,418,1.810722711449555,1.3456309714961063,-6.647481201536214,0.7597266711075997,0.6334754609861468
natural,artificial,mlp_deep,5000,6,cgre132,427,1.3033924244591526,1.1416621323575344,-3.2181526487263623,0.8236322648481775,0.7996863291782115
natural,artificial,mlp_deep,5000,6,cgre1338,1024,1.7688650636162355,1.3299868659562903,-8.15454817654857,0.5002546921183072,0.5459294867850164
natural,artificial,mlp_deep,5000,6,cgre4111,821,3.0496423453062906,1.7463225204143393,-4.072908374227308,0.6775855089946585,0.6747942176247222
natural,artificial,mlp_deep,5000,6,cgre9708,418,1.2189039398383783,1.1040398271069656,-4.525085133606647,0.7274097963033911,0.7558119286886369
natural,artificial,mlp_deep,5000,7,cgre132,426,1.9495292197366296,1.3962554278270969,-4.702253141181801,0.7764293291641593,0.7122250357593672
natural,artificial,mlp_deep,5000,7,cgre1338,1025,2.4659447694423107,1.5703326938716875,-11.37494059239924,0.53910362806188,0.5437587893008624
natural,artificial,mlp_deep,5000,7,cgre4111,821,3.113965239096526,1.7646430911367108,-4.107366892326204,0.6716655694262477,0.7060933938327724
natural,artificial,mlp_deep,5000,7,cgre9708,418,1.968528598673568,1.4030426218307013,-8.447610452019633,0.6949981942702924,0.6962589275583085
natural,artificial,mlp_deep,5000,8,cgre132,426,1.791798905922137,1.3385809299112763,-5.920024909836747,0.7784092403989996,0.6750320378981474
natural,artificial,mlp_deep,5000,8,cgre1338,1024,2.924438130870414,1.7100988658175333,-13.32110892678859,0.5134989466454231,0.4566506212619364
natural,artificial,mlp_deep,5000,8,cgre4111,822,3.050591524893738,1.7465942645313302,-3.821403456146083,0.6629734475779093,0.6483268725370379
natural,artificial,mlp_deep,5000,8,cgre9708,418,2.3783481891988716,1.5421894141767643,-12.428235028558825,0.678360995852336,0.7038140873177401
natural,artificial,mlp_deep,5000,9,cgre132,426,1.989707576614117,1.4105699474376012,-5.51964967185801,0.7697816600664742,0.5874023804838991
natural,artificial,mlp_deep,5000,9,cgre1338,1024,2.7570343665923476,1.6604319819228812,-13.018173656505528,0.4974861513779531,0.39161343330809795
natural,artificial,mlp_deep,5000,9,cgre4111,822,3.336808057728667,1.8266932029568257,-4.628792149642747,0.6271219415614261,0.540609024757892
natural,artificial,mlp_deep,5000,9,cgre9708,418,2.304409947805781,1.5180283092899753,-11.011686687907387,0.7241007368450936,0.6811705343431014
natural,artificial,mlp_deep,10000,0,cgre132,427,1.8688321633425802,1.3670523630580433,-5.2335392770608316,0.8052640806740304,0.61266478519938
natural,artificial,mlp_deep,10000,0,cgre1338,1024,1.3018340573886054,1.1409794289944957,-5.580359317535917,0.4929083336337126,0.623148315091151
natural,artificial,mlp_deep,10000,0,cgre4111,822,3.6416388409419334,1.908307847529306,-4.961972550093299,0.6717101831251333,0.6156553542356504
natural,artificial,mlp_deep,10000,0,cgre9708,418,1.9931639292654362,1.4117945775733225,-9.989696309430402,0.7539576213125659,0.7161029081099977
natural,artificial,mlp_deep,10000,1,cgre132,427,1.4841810249665701,1.2182696848262171,-4.075574481266474,0.7627673136671064,0.7435591405489337
natural,artificial,mlp_deep,10000,1,cgre1338,1024,1.64752601888675,1.2835599007785925,-7.199168783684966,0.49493695031128704,0.6319915044463384
natural,artificial,mlp_deep,10000,1,cgre4111,822,2.5355934911094953,1.5923547001561855,-3.324020264089981,0.6502967949453952,0.7361527695727277
natural,artificial,mlp_deep,10000,1,cgre9708,418,1.8059625787347746,1.3438610712178454,-6.916887359520638,0.7472572512384401,0.7362493273176332
natural,artificial,mlp_deep,10000,2,cgre132,427,1.14173917229514,1.068521956861505,-2.907546828213828,0.834890451950249,0.7697669323405798
natural,artificial,mlp_deep,10000,2,cgre1338,1024,1.7326461616753854,1.3163001791671174,-7.25989453934659,0.5308997711184588,0.6044984392118783
natural,artificial,mlp_deep,10000,2,cgre4111,821,3.162037291131345,1.778211824033162,-4.320723030580822,0.6458596995787684,0.7134745934060012
natural,artificial,mlp_deep,10000,2,cgre9708,418,1.3186437468090098,1.1483221441777607,-5.074127241567517,0.7476856598486038,0.7629471434793729
natural,artificial,mlp_deep,10000,3,cgre132,427,1.3264227656101804,1.1517042873976724,-3.1174435228885606,0.8079175219849817,0.7698797828153169
natural,artificial,mlp_deep,10000,3,cgre1338,1024,2.5872443553681483,1.6084913289689031,-12.117590703091969,0.5281662873667772,0.5925676278522369
natural,artificial,mlp_deep,10000,3,cgre4111,821,2.759133931183117,1.6610640960490106,-3.4018511870351658,0.7033096986575688,0.7167819508689479
natural,artificial,mlp_deep,10000,3,cgre9708,418,1.5567865783927022,1.2477125383647878,-6.354741638572319,0.7375913821855784,0.7791734520486691
natural,artificial,mlp_deep,10000,4,cgre132,427,1.215259172567527,1.1023879410477633,-2.8218176710231972,0.7608347743631751,0.7360474561673938
natural,artificial,mlp_deep,10000,4,cgre1338,1024,1.7887510147743284,1.3374419668809292,-7.942333004645604,0.5006434212121867,0.594127621926074
natural,artificial,mlp_deep,10000,4,cgre4111,821,2.967742501949389,1.722713702839038,-3.8938535199025424,0.4155714714411732,0.5490895051379068
natural,artificial,mlp_deep,10000,4,cgre9708,418,0.889122623936897,0.9429329901625549,-4.05675968783492,0.7309136341354249,0.7193109400540005
natural,artificial,mlp_deep,10000,5,cgre132,427,1.6432361839262541,1.2818877423262358,-4.270668041847748,0.814310252506305,0.685564459186784
natural,artificial,mlp_deep,10000,5,cgre1338,1024,1.2292562869600128,1.1087183082099856,-5.335267659802745,0.47472499350861014,0.6452616122400914
natural,artificial,mlp_deep,10000,5,cgre4111,821,3.128983965187419,1.7688934295732515,-4.091235111277865,0.7015255707323138,0.6412861347392407
natural,artificial,mlp_deep,10000,5,cgre9708,418,2.227368326040705,1.4924370425718818,-8.407159525081164,0.7702404836002137,0.7029275277712163
natural,artificial,mlp_deep,10000,6,cgre132,427,1.84755499767941,1.359247952979665,-4.979219198211065,0.8442960060152558,0.7526148677744667
natural,artificial,mlp_deep,10000,6,cgre1338,1024,1.7034497206119363,1.3051627180592986,-7.815998944424537,0.5236688470341937,0.5773840061813089
natural,artificial,mlp_deep,10000,6,cgre4111,821,3.8354792821838513,1.9584379699607162,-5.380103883234752,0.689019027767827,0.6023254891475022
natural,artificial,mlp_deep,10000,6,cgre9708,418,2.1545155111672423,1.4678267987631382,-8.766053937321313,0.7612058525675512,0.7158157855572271
natural,artificial,mlp_deep,10000,7,cgre132,426,1.2724870114285605,1.128045660170084,-2.721946295840491,0.8296868900844567,0.7641285121313889
natural,artificial,mlp_deep,10000,7,cgre1338,1025,1.8701328138861313,1.3675279938217466,-8.38495572103636,0.5285184525676965,0.6169120484469444
natural,artificial,mlp_deep,10000,7,cgre4111,821,2.190174444180371,1.4799237967477823,-2.5922123677498865,0.6998201330256115,0.7145790709617832
natural,artificial,mlp_deep,10000,7,cgre9708,418,1.4271904307620384,1.1946507568164173,-5.8495521171372875,0.7433791003950231,0.6633913757535554
natural,artificial,mlp_deep,10000,8,cgre132,426,1.104141251763527,1.0507812578094107,-3.26425361737215,0.806884042926799,0.7364078711654272
natural,artificial,mlp_deep,10000,8,cgre1338,1024,2.61403098044659,1.6167965179473236,-11.801030739478628,0.5304487625549208,0.5967007065021307
natural,artificial,mlp_deep,10000,8,cgre4111,822,2.6062980605892725,1.6144033141037812,-3.1192058571360732,0.7165210959142689,0.8065310243939903
natural,artificial,mlp_deep,10000,8,cgre9708,418,1.2095507846655367,1.0997957922566974,-5.829165001671858,0.7068987486164454,0.7294175450187743
natural,artificial,mlp_deep,10000,9,cgre132,426,1.7718020198708575,1.3310905378188433,-4.805641287804521,0.8018296859265526,0.7024211360017569
natural,artificial,mlp_deep,10000,9,cgre1338,1024,1.809751778684996,1.3452701508191565,-8.201704199332212,0.5307731900007467,0.5890009379555294
natural,artificial,mlp_deep,10000,9,cgre4111,822,3.6280169956960684,1.904735413566952,-5.120026453677743,0.6342443163794869,0.6057804164143302
natural,artificial,mlp_deep,10000,9,cgre9708,418,2.045959981141944,1.4303705747609408,-9.664521862906481,0.7580712825116992,0.7073441163696239
natural,artificial,mlp_deep,15000,0,cgre132,427,1.6078157581031416,1.2679967500365061,-4.36291213036879,0.8154780843586916,0.7096382835617578
natural,artificial,mlp_deep,15000,0,cgre1338,1024,1.5047798656969498,1.2266946913135923,-6.606186175480863,0.5233381417334046,0.6473909281803121
natural,artificial,mlp_deep,15000,0,cgre4111,822,2.4853212535591993,1.5764901691920565,-3.0688870420908616,0.686631951828689,0.6982622523479552
natural,artificial,mlp_deep,15000,0,cgre9708,418,1.8182808908516654,1.3484364615552582,-9.025444722484368,0.7550086903793627,0.8209900191418105
natural,artificial,mlp_deep,15000,1,cgre132,427,1.3807356495498186,1.1750470839714546,-3.721813923195656,0.7933907710690112,0.7589536528676372
natural,artificial,mlp_deep,15000,1,cgre1338,1024,1.844565778879088,1.358147922311516,-8.17976771247494,0.5168784835427616,0.6356183336191608
natural,artificial,mlp_deep,15000,1,cgre4111,822,3.350452841277907,1.8304242244020665,-4.713623272169028,0.6324335136716334,0.593931444991287
natural,artificial,mlp_deep,15000,1,cgre9708,418,1.6766710414533132,1.2948633292565332,-6.350105661356271,0.7597294331119933,0.783474923030532
natural,artificial,mlp_deep,15000,2,cgre132,427,1.5790326347689616,1.2565956528529618,-4.4041624508987205,0.8286224162810477,0.7533459214204676
natural,artificial,mlp_deep,15000,2,cgre1338,1024,1.4805409306060584,1.216774806858713,-6.058055025018574,0.5204842460380477,0.6348051551255645
natural,artificial,mlp_deep,15000,2,cgre4111,821,3.022459533937855,1.738522227047401,-4.085857177056841,0.6577302279480254,0.731882005833429
natural,artificial,mlp_deep,15000,2,cgre9708,418,1.9004371674978418,1.3785634434068827,-7.754068108175691,0.7317330530920549,0.711907145479296
natural,artificial,mlp_deep,15000,3,cgre132,427,1.8439191189439372,1.3579098346149265,-4.723840867231738,0.821989235859465,0.7717239920220904
natural,artificial,mlp_deep,15000,3,cgre1338,1024,1.956559495398106,1.3987707086574648,-8.919954639626026,0.5333079582562616,0.6476179659340592
natural,artificial,mlp_deep,15000,3,cgre4111,821,3.6632095408238814,1.9139512900865272,-4.844190121905313,0.7034832372192015,0.5769195815990631
natural,artificial,mlp_deep,15000,3,cgre9708,418,2.1373602158834113,1.4619713457805565,-9.097551195884165,0.7701952299006534,0.8025867224416565
natural,artificial,mlp_deep,15000,4,cgre132,427,1.451588420343937,1.204818832996869,-3.5650396237719777,0.7899865548410142,0.7359204922277247
natural,artificial,mlp_deep,15000,4,cgre1338,1024,1.8976175362431673,1.377540393688391,-8.486579062364587,0.5161730432487033,0.6004553253003329
natural,artificial,mlp_deep,15000,4,cgre4111,821,2.8915818349449416,1.7004651819266814,-3.768263396078452,0.6935542776163713,0.6683267340022765
natural,artificial,mlp_deep,15000,4,cgre9708,418,1.5416240358980402,1.241621534888164,-7.767769561423123,0.7540084028028505,0.7139832647430502
natural,artificial,mlp_deep,15000,5,cgre132,427,1.6709740650277622,1.2926616204667647,-4.359637092614983,0.8174112855468956,0.7065758547761402
natural,artificial,mlp_deep,15000,5,cgre1338,1024,1.98255879097518,1.4080336611655206,-9.217593129569458,0.4826630046431259,0.5468331012729061
natural,artificial,mlp_deep,15000,5,cgre4111,821,2.4955616894831834,1.579734689586572,-3.0605805070323084,0.7087358384832733,0.7532766883514112
natural,artificial,mlp_deep,15000,5,cgre9708,418,2.072203607227062,1.4395150597430588,-7.751830433130333,0.7809674017016498,0.7655505828698477
natural,artificial,mlp_deep,15000,6,cgre132,427,1.525018726773198,1.234916485748408,-3.935399087013235,0.8530835254010483,0.805840719051518
natural,artificial,mlp_deep,15000,6,cgre1338,1024,1.5843700681239508,1.2587176284313932,-7.19971653941208,0.5279617459955079,0.5985525563256155
natural,artificial,mlp_deep,15000,6,cgre4111,821,2.850823978189923,1.6884383252550041,-3.7421852121990993,0.7014446592404247,0.6773221218067804
natural,artificial,mlp_deep,15000,6,cgre9708,418,1.6208473900855467,1.2731250488799388,-6.347026723036294,0.7669707132556984,0.7934804620994371
natural,artificial,mlp_deep,15000,7,cgre132,426,1.5799253902756896,1.256950830492462,-3.621184657467979,0.8311918504737923,0.7620164389505057
natural,artificial,mlp_deep,15000,7,cgre1338,1025,1.9593002450043493,1.3997500651917647,-8.83242789338122,0.5544639466103685,0.576507328553402
natural,artificial,mlp_deep,15000,7,cgre4111,821,3.37772274092174,1.8378581939098946,-4.5399684883593086,0.6867824566029814,0.6555354491204142
natural,artificial,mlp_deep,15000,7,cgre9708,418,1.68857896231667,1.2994533321041852,-7.10404088830251,0.7428763221343663,0.7384004332146765
natural,artificial,mlp_deep,15000,8,cgre132,426,1.9005403002863488,1.3786008487906676,-6.339990094123686,0.8188372666083289,0.7033748419441079
natural,artificial,mlp_deep,15000,8,cgre1338,1024,2.499905620002802,1.5811089842268313,-11.24215356544245,0.5271839354149509,0.557970355945891
natural,artificial,mlp_deep,15000,8,cgre4111,822,2.6530350124698443,1.6288139895242317,-3.1930727447504594,0.709494619129134,0.7599701948304324
natural,artificial,mlp_deep,15000,8,cgre9708,418,2.342296253140988,1.5304562238564643,-12.224684567436938,0.714618857614145,0.6412819402461993
natural,artificial,mlp_deep,15000,9,cgre132,426,1.2216621699404204,1.105288274587413,-3.003004993792662,0.8065088699991657,0.7537696500749103
natural,artificial,mlp_deep,15000,9,cgre1338,1024,1.745470505372087,1.321162558269075,-7.874865309298569,0.5249967174335805,0.5824780238581597
natural,artificial,mlp_deep,15000,9,cgre4111,822,2.15089861800059,1.4665942240444663,-2.628306167517542,0.6609721644406797,0.8038949680553532
natural,artificial,mlp_deep,15000,9,cgre9708,418,1.5430307625416166,1.2421878934129156,-7.0430142592904765,0.769543330864491,0.7731204308606041
natural,artificial,mlp_deep,17500,0,cgre132,427,1.5424539929352439,1.2419557129524563,-4.144896228040043,0.8127862013811926,0.700868302065841
natural,artificial,mlp_deep,17500,0,cgre1338,1024,1.703536672732365,1.3051960284694268,-7.6108389572053845,0.5270308009049658,0.6082095885874979
natural,artificial,mlp_deep,17500,0,cgre4111,822,2.584222488775933,1.6075517064082054,-3.2308049244748194,0.6765113037676019,0.6832190660397921
natural,artificial,mlp_deep,17500,0,cgre9708,418,1.6115911524999735,1.2694846011275496,-7.885820719957966,0.7612786287237367,0.805654866014927
natural,artificial,mlp_deep,17500,1,cgre132,427,1.3823026726630958,1.175713686516873,-3.7271727994994963,0.8046687979368258,0.7597325555624264
natural,artificial,mlp_deep,17500,1,cgre1338,1024,2.097477468275427,1.4482670569599472,-9.438421964338401,0.5539231235704345,0.6370863956127689
natural,artificial,mlp_deep,17500,1,cgre4111,822,5.9738101268682025,2.4441379107710355,-9.187309650767906,0.4346510272915752,0.4805693404588559
natural,artificial,mlp_deep,17500,1,cgre9708,418,1.7312760531290936,1.315779636994392,-6.589480348181358,0.7726486931179954,0.7857011534551179
natural,artificial,mlp_deep,17500,2,cgre132,427,1.6097456154780971,1.268757508540579,-4.50927613471297,0.8482844362020135,0.7642025249315512
natural,artificial,mlp_deep,17500,2,cgre1338,1024,1.6732336980307592,1.2935353485818466,-6.97666262801805,0.5328938268118627,0.6157324223988068
natural,artificial,mlp_deep,17500,2,cgre4111,821,2.7080235125569385,1.6456073385096879,-3.556759375048614,0.6603709482811193,0.6710790387291004
natural,artificial,mlp_deep,17500,2,cgre9708,418,1.951451403074866,1.39694359337622,-7.989057246656795,0.7539339099836639,0.7052005157065022
natural,artificial,mlp_deep,17500,3,cgre132,427,1.8671084442067292,1.3664217665884604,-4.795824505916887,0.8165561470554598,0.7083621169356427
natural,artificial,mlp_deep,17500,3,cgre1338,1024,2.1372575365186712,1.4619362286087143,-9.836111994207547,0.518801705126483,0.554231262549662
natural,artificial,mlp_deep,17500,3,cgre4111,821,2.468591020889089,1.571175044636685,-2.938326513546766,0.7094222136387244,0.6869256427090077
natural,artificial,mlp_deep,17500,3,cgre9708,418,2.104456013066783,1.450674330463865,-8.942101557572574,0.7785094714939279,0.7655055930341765
natural,artificial,mlp_deep,17500,4,cgre132,427,1.6969914499691265,1.3026862438703828,-4.336797333004214,0.7771277237698881,0.6766609081885151
natural,artificial,mlp_deep,17500,4,cgre1338,1024,2.006084065680407,1.4163629710213435,-9.02882547792196,0.5254438526325335,0.5904820608927865
natural,artificial,mlp_deep,17500,4,cgre4111,821,2.877547189967137,1.6963334548275397,-3.7451200483385128,0.6966878989132145,0.6900405475608886
natural,artificial,mlp_deep,17500,4,cgre9708,418,1.7991094521923119,1.3413088578669388,-9.232181598940542,0.7610203504380146,0.6484694003591966
natural,artificial,mlp_deep,17500,5,cgre132,427,1.578296346209924,1.2563026491295495,-4.062373987321499,0.8195708647472393,0.7119099028763249
natural,artificial,mlp_deep,17500,5,cgre1338,1024,1.631102587757588,1.277146267174433,-7.406279132886274,0.47880601915566007,0.6328447651987175
natural,artificial,mlp_deep,17500,5,cgre4111,821,2.464147579458644,1.5697603573344066,-3.0094659530026577,0.7136377965613027,0.8221394789704621
natural,artificial,mlp_deep,17500,5,cgre9708,418,1.6795947908476578,1.295991817430827,-6.0936701174543435,0.7710421353083426,0.7774376058883788
natural,artificial,mlp_deep,17500,6,cgre132,427,1.1528155513719016,1.0736924845466236,-2.7308425921917916,0.8462630712366389,0.8071409910392753
natural,artificial,mlp_deep,17500,6,cgre1338,1024,1.5197541775601202,1.2327831023988447,-6.86530477714466,0.5142819230936609,0.6424075017892925
natural,artificial,mlp_deep,17500,6,cgre4111,821,2.386590918763711,1.5448595142483703,-2.9699596499521035,0.7079384039285563,0.708249600855215
natural,artificial,mlp_deep,17500,6,cgre9708,418,1.1699639335266094,1.0816487107774915,-4.303248373158056,0.7672570996257446,0.8090429114989441
natural,artificial,mlp_deep,17500,7,cgre132,426,1.5787572884057293,1.2564860876291983,-3.6177680312949683,0.8381897043351489,0.7701759114214037
natural,artificial,mlp_deep,17500,7,cgre1338,1025,1.9404566526196048,1.3930027468097845,-8.737864406316042,0.5492109549996026,0.5759909091039515
natural,artificial,mlp_deep,17500,7,cgre4111,821,3.0660943104206244,1.7510266446918004,-4.02885143776861,0.6983812259802159,0.6553620276949763
natural,artificial,mlp_deep,17500,7,cgre9708,418,1.8189195381863554,1.3486732510828394,-7.729587800721484,0.7334310738654178,0.7100780650536407
natural,artificial,mlp_deep,17500,8,cgre132,426,1.3490835806812294,1.1615005728286274,-4.210234224895516,0.8157727076053234,0.7462070330807247
natural,artificial,mlp_deep,17500,8,cgre1338,1024,1.800077658367209,1.3416697277524037,-7.815063635653862,0.5280012961275236,0.607374098772303
natural,artificial,mlp_deep,17500,8,cgre4111,822,2.6984727950558782,1.642702893117279,-3.2648863193349973,0.7135086174852012,0.719348771955757
natural,artificial,mlp_deep,17500,8,cgre9708,418,1.7215649576856504,1.312084203732996,-8.720014493134759,0.7233744266830041,0.6941588792207569
natural,artificial,mlp_deep,17500,9,cgre132,426,1.3329306027262042,1.1545261377405902,-3.3675968613747598,0.806728509921632,0.7650561190101942
natural,artificial,mlp_deep,17500,9,cgre1338,1024,2.091703763847951,1.4462723684866385,-9.635292383325705,0.5318783627565543,0.5892578101209579
natural,artificial,mlp_deep,17500,9,cgre4111,822,3.077660482649783,1.7543262189939997,-4.191641492198011,0.65846583799713,0.6316238690232185
natural,artificial,mlp_deep,17500,9,cgre9708,418,1.5768536914073947,1.2557283509610646,-7.219315539707162,0.740437820297669,0.7720770434097994
natural,artificial,CNN_Jannis_OHE,500,0,cgre132,427,0.6999150573994691,0.8366092620808528,-1.3345852487375534,0.4481769754491783,0.4206559060567384
natural,artificial,CNN_Jannis_OHE,500,0,cgre1338,1024,2.173566305745754,1.4743019723739619,-9.986690055556528,0.3340176346640098,0.3262877201602955
natural,artificial,CNN_Jannis_OHE,500,0,cgre4111,822,2.5311041737477322,1.5909444282399472,-3.1438413484757692,0.40542346168541515,0.3840425978610801
natural,artificial,CNN_Jannis_OHE,500,0,cgre9708,418,0.8689949043145826,0.9321989617643771,-3.7913721258137363,0.3926342683430923,0.5117721055313786
natural,artificial,CNN_Jannis_OHE,500,1,cgre132,427,0.6617978158788453,0.8135095671710599,-1.2632037800835079,0.4847079234573923,0.5174387342998427
natural,artificial,CNN_Jannis_OHE,500,1,cgre1338,1024,2.5207716854326927,1.5876938260989404,-11.545011293941451,0.3016080128780656,0.26620050163570125
natural,artificial,CNN_Jannis_OHE,500,1,cgre4111,822,3.4408218498022474,1.8549452417260859,-4.867732132865773,0.3419788147119382,0.32189495413591257
natural,artificial,CNN_Jannis_OHE,500,1,cgre9708,418,0.4934117056279867,0.7024327054088432,-1.1629932653767385,0.4241536713190341,0.4652471088691512
natural,artificial,CNN_Jannis_OHE,500,2,cgre132,427,2.0479092039117237,1.4310517824005264,-6.008869721206836,0.5246277159135188,0.5815204676308852
natural,artificial,CNN_Jannis_OHE,500,2,cgre1338,1024,2.249574338093981,1.49985810598669,-9.724201629898584,0.3916660164540267,0.37647038560691204
natural,artificial,CNN_Jannis_OHE,500,2,cgre4111,821,4.750581425069685,2.1795828557477885,-6.993747596814094,0.42044214031785254,0.41221806121985594
natural,artificial,CNN_Jannis_OHE,500,2,cgre9708,418,3.136257551225557,1.770948206816212,-13.446682414844958,0.34048107977018227,0.5499105504093328
natural,artificial,CNN_Jannis_OHE,500,3,cgre132,427,0.8782107243942778,0.9371289795936725,-1.7261165539669152,0.2779206027340366,0.29755009876266225
natural,artificial,CNN_Jannis_OHE,500,3,cgre1338,1024,2.399091030436588,1.5488999420351812,-11.163634305136322,0.26850091853251856,0.2594066196581059
natural,artificial,CNN_Jannis_OHE,500,3,cgre4111,821,2.2292018273764875,1.4930511804276796,-2.5564111618787937,0.34180195615531594,0.371821674609088
natural,artificial,CNN_Jannis_OHE,500,3,cgre9708,418,0.5708840038571976,0.7555686625695891,-1.6970327289809668,0.2736664567649755,0.32574198616072414
natural,artificial,CNN_Jannis_OHE,500,4,cgre132,427,0.860147556698229,0.9274414033771777,-1.7050420240247606,0.22574290465484564,0.22846961496515417
natural,artificial,CNN_Jannis_OHE,500,4,cgre1338,1024,2.4288296280634594,1.5584702846263894,-11.14221720423909,0.21665398260561347,0.2250062084212396
natural,artificial,CNN_Jannis_OHE,500,4,cgre4111,821,2.214959783810954,1.48827409565945,-2.652503115524902,0.2660537507506488,0.2858455346840819
natural,artificial,CNN_Jannis_OHE,500,4,cgre9708,418,0.5254903758547458,0.7249071498162684,-1.9886524956495677,0.18493168747404473,0.2910228810330848
natural,artificial,CNN_Jannis_OHE,500,5,cgre132,427,0.9071977578753512,0.952469294977718,-1.9098301734354535,0.31865965811642605,0.31687294028413754
natural,artificial,CNN_Jannis_OHE,500,5,cgre1338,1024,2.456413094582925,1.567294833330004,-11.659715148345963,0.3425132432879277,0.355679653923583
natural,artificial,CNN_Jannis_OHE,500,5,cgre4111,821,2.214667791324748,1.4881759947414648,-2.603532183116632,0.3836022542735757,0.38833372290847057
natural,artificial,CNN_Jannis_OHE,500,5,cgre9708,418,0.65928267713524,0.8119622387372704,-1.7844417303707512,0.3704038676124429,0.4602667421324798
natural,artificial,CNN_Jannis_OHE,500,6,cgre132,427,0.8683653795815195,0.9318612448114363,-1.8102800485924195,0.3737366937547918,0.5192012868155862
natural,artificial,CNN_Jannis_OHE,500,6,cgre1338,1024,2.4699495473282598,1.5716073133350645,-11.78292651585012,0.20659210870136926,0.20039893910812115
natural,artificial,CNN_Jannis_OHE,500,6,cgre4111,821,2.342876019544639,1.5306456218029827,-2.897242375853308,0.27071311849323526,0.28699513093263684
natural,artificial,CNN_Jannis_OHE,500,6,cgre9708,418,0.6289695572045424,0.7930760097270263,-1.8510124845955929,0.34813520839478607,0.4516352442340662
natural,artificial,CNN_Jannis_OHE,500,7,cgre132,426,0.8320274189486682,0.9121553699609887,-1.4336290603997077,0.38433006464360214,0.5069549342983567
natural,artificial,CNN_Jannis_OHE,500,7,cgre1338,1025,2.7101095875371324,1.6462410478229281,-12.600241806002952,0.3047803613741742,0.28618030019157353
natural,artificial,CNN_Jannis_OHE,500,7,cgre4111,821,2.9892223833491736,1.7289367782973366,-3.902770025444318,0.32545651060904396,0.29854833603552766
natural,artificial,CNN_Jannis_OHE,500,7,cgre9708,418,1.586455301425856,1.2595456726240046,-6.613916149103558,0.39613849865156897,0.52559487805965
natural,artificial,CNN_Jannis_OHE,500,8,cgre132,426,0.7240619138274318,0.8509182768206544,-1.7963665249428553,0.1601182268334387,0.14412197630028367
natural,artificial,CNN_Jannis_OHE,500,8,cgre1338,1024,2.4036173857745577,1.5503604051234532,-10.770625624333162,0.12475905895418009,0.12322264388891582
natural,artificial,CNN_Jannis_OHE,500,8,cgre4111,822,2.16776868109857,1.4723344324909915,-2.4261182875140737,0.10281426977400102,0.12264135703902608
natural,artificial,CNN_Jannis_OHE,500,8,cgre9708,418,0.517277859881408,0.7192203138687115,-1.9205684470856292,0.10550783635654765,0.187833207232448
natural,artificial,CNN_Jannis_OHE,500,9,cgre132,426,0.87995618950545,0.9380598006019926,-1.8833413259255352,0.41766026255821764,0.4410056578616114
natural,artificial,CNN_Jannis_OHE,500,9,cgre1338,1024,2.468379652755919,1.5711077788477528,-11.550505369755347,0.35556751230982,0.33952414917731033
natural,artificial,CNN_Jannis_OHE,500,9,cgre4111,822,2.3671705030770385,1.538561179504097,-2.9931307147632684,0.32346426251841603,0.3584059270555749
natural,artificial,CNN_Jannis_OHE,500,9,cgre9708,418,0.5823393312929729,0.7631116112948176,-2.0354310873363013,0.3701356523345061,0.4866793806026829
natural,artificial,CNN_Jannis_OHE,1000,0,cgre132,427,0.9970262865475292,0.9985120362557125,-2.3256076384837154,0.5238935730166807,0.4806618560137597
natural,artificial,CNN_Jannis_OHE,1000,0,cgre1338,1024,1.916906358921528,1.3845238744498154,-8.689355220185172,0.39840967403309474,0.4038948836209376
natural,artificial,CNN_Jannis_OHE,1000,0,cgre4111,822,2.1454124261662666,1.4647226447919302,-2.512399376244544,0.5137587025577367,0.5143323070257777
natural,artificial,CNN_Jannis_OHE,1000,0,cgre9708,418,0.8306087048962612,0.911377366899278,-3.5797223623966063,0.4736516972847154,0.5239560687021536
natural,artificial,CNN_Jannis_OHE,1000,1,cgre132,427,1.5050929155688793,1.2268222836127811,-4.1470885732206595,0.6119890188363313,0.6390941494752128
natural,artificial,CNN_Jannis_OHE,1000,1,cgre1338,1024,2.7377657161209106,1.6546195079597334,-12.624915745991936,0.39234385556371015,0.3740281361434372
natural,artificial,CNN_Jannis_OHE,1000,1,cgre4111,822,3.6277758357795897,1.904672107156397,-5.1865501242563,0.46214508488371797,0.42914448908796277
natural,artificial,CNN_Jannis_OHE,1000,1,cgre9708,418,1.3454503624142484,1.1599354992473712,-4.898117210447556,0.5545008535314695,0.6701878207676695
natural,artificial,CNN_Jannis_OHE,1000,2,cgre132,427,1.7328645113195442,1.3163831172267229,-4.930644572104267,0.6050906326575972,0.6441653311835179
natural,artificial,CNN_Jannis_OHE,1000,2,cgre1338,1024,2.7140431329846773,1.6474353198182554,-11.938423637527006,0.4050167313868104,0.3927421663409425
natural,artificial,CNN_Jannis_OHE,1000,2,cgre4111,821,4.32838152818065,2.08047627436139,-6.2833167865301975,0.458283895701881,0.43943987625859837
natural,artificial,CNN_Jannis_OHE,1000,2,cgre9708,418,2.4459613597391434,1.563956955846018,-10.266940417353629,0.4296837722947595,0.6042289110170314
natural,artificial,CNN_Jannis_OHE,1000,3,cgre132,427,0.8784803904887903,0.9372728474082616,-1.7269536437266666,0.4532534741640236,0.4583241393035329
natural,artificial,CNN_Jannis_OHE,1000,3,cgre1338,1024,2.4024297040997613,1.5499773237372736,-11.18056171847238,0.332440634539671,0.3211664327517502
natural,artificial,CNN_Jannis_OHE,1000,3,cgre4111,821,2.236442197691386,1.4954739040489426,-2.5679622621371068,0.4142326120066632,0.42382447402900714
natural,artificial,CNN_Jannis_OHE,1000,3,cgre9708,418,0.5756763540729878,0.7587333880046322,-1.719673274684466,0.4613459447422894,0.5936674939004114
natural,artificial,CNN_Jannis_OHE,1000,4,cgre132,427,0.8507056003029246,0.9223370318397308,-1.6753484108308232,0.6023995362398973,0.6237391157346408
natural,artificial,CNN_Jannis_OHE,1000,4,cgre1338,1024,2.0562028347501795,1.4339465941066911,-9.279379478508442,0.44141055145234814,0.44384915738854813
natural,artificial,CNN_Jannis_OHE,1000,4,cgre4111,821,3.2077586101758793,1.791021666584712,-4.289643813469444,0.4965200803175926,0.41890283209063417
natural,artificial,CNN_Jannis_OHE,1000,4,cgre9708,418,0.9700753154868187,0.9849240150827975,-4.517166718575858,0.4850804284819937,0.6108448263861466
natural,artificial,CNN_Jannis_OHE,1000,5,cgre132,427,1.8802983035422938,1.3712396958746103,-5.031043056720852,0.5771033432092478,0.5524295209403366
natural,artificial,CNN_Jannis_OHE,1000,5,cgre1338,1024,2.365992415026284,1.5381782780374595,-11.193710448553682,0.45469911246241257,0.4536924711395005
natural,artificial,CNN_Jannis_OHE,1000,5,cgre4111,821,3.089979121119349,1.7578336443245557,-4.0277695154682736,0.5004020671849799,0.4848745786723828
natural,artificial,CNN_Jannis_OHE,1000,5,cgre9708,418,2.6126788981307474,1.6163783276605597,-10.034496133927723,0.5187067742814395,0.6485662878603173
natural,artificial,CNN_Jannis_OHE,1000,6,cgre132,427,1.0427798012956115,1.021165902924501,-2.3747352664709944,0.6596576802494796,0.6282551978703935
natural,artificial,CNN_Jannis_OHE,1000,6,cgre1338,1024,2.100495986355949,1.4493087960665763,-9.870864090916488,0.41194427358300273,0.41620809553093696
natural,artificial,CNN_Jannis_OHE,1000,6,cgre4111,821,3.006900768367436,1.7340417435481292,-4.001810166952441,0.515482512721326,0.4862556694820247
natural,artificial,CNN_Jannis_OHE,1000,6,cgre9708,418,1.6169371576826403,1.2715884387971763,-6.329302301765566,0.4937283767405371,0.6922649795092453
natural,artificial,CNN_Jannis_OHE,1000,7,cgre132,426,1.091378127562508,1.0446904458079953,-2.1922139422722573,0.5634763087095891,0.5747382017192101
natural,artificial,CNN_Jannis_OHE,1000,7,cgre1338,1025,1.5761955184238667,1.2554662553903497,-6.9098794685951255,0.4318177770731793,0.4698149165267788
natural,artificial,CNN_Jannis_OHE,1000,7,cgre4111,821,2.308241419203574,1.5192897745998206,-2.7858597957107607,0.5052465546049004,0.5323896225680442
natural,artificial,CNN_Jannis_OHE,1000,7,cgre9708,418,1.380696113027743,1.1750302604732115,-5.626410729970227,0.45299475106071957,0.5561179830924444
natural,artificial,CNN_Jannis_OHE,1000,8,cgre132,426,1.3735010403541081,1.171964607125193,-4.304535783297404,0.5951017968951607,0.6100523565135618
natural,artificial,CNN_Jannis_OHE,1000,8,cgre1338,1024,1.9805888887714365,1.407333964903653,-8.699035488516468,0.4058294577938591,0.4219233832292387
natural,artificial,CNN_Jannis_OHE,1000,8,cgre4111,822,2.748975342508209,1.6580034205357386,-3.3447046610709767,0.521880672374048,0.47528694287393314
natural,artificial,CNN_Jannis_OHE,1000,8,cgre9708,418,1.091741412282758,1.0448643032866793,-5.164009265389261,0.5274991297912794,0.6651954658714916
natural,artificial,CNN_Jannis_OHE,1000,9,cgre132,426,0.7617909001610613,0.8728063359996084,-1.496150615615163,0.6362160620424573,0.6112589713550415
natural,artificial,CNN_Jannis_OHE,1000,9,cgre1338,1024,2.1494650642923214,1.4661054069514652,-9.928980394641851,0.44025127886716714,0.4261635136312367
natural,artificial,CNN_Jannis_OHE,1000,9,cgre4111,822,1.942202656199591,1.3936293108999935,-2.2762612877628414,0.5182086664674868,0.5604412103032312
natural,artificial,CNN_Jannis_OHE,1000,9,cgre9708,418,0.9282677941177712,0.9634665505962161,-3.838575669244303,0.5348415963581783,0.621813967067707
natural,artificial,CNN_Jannis_OHE,2500,0,cgre132,427,1.1483063809801357,1.0715905845891591,-2.8302064082290213,0.7122080079761557,0.6133464661841942
natural,artificial,CNN_Jannis_OHE,2500,0,cgre1338,1024,1.3941903901644426,1.1807583961862997,-6.0471913622698,0.4610817901531965,0.5730018469742872
natural,artificial,CNN_Jannis_OHE,2500,0,cgre4111,822,1.3722109256443515,1.1714140709605427,-1.2465390525968938,0.6143398692414221,0.7494316469966897
natural,artificial,CNN_Jannis_OHE,2500,0,cgre9708,418,1.3274093712721617,1.1521325319910733,-6.318929293462191,0.5979381087583739,0.6251526301074717
natural,artificial,CNN_Jannis_OHE,2500,1,cgre132,427,1.2619153560067005,1.1233500594234642,-3.3154745079766625,0.6739925802698268,0.6895921484647975
natural,artificial,CNN_Jannis_OHE,2500,1,cgre1338,1024,1.5632849530987432,1.2503139418157119,-6.779930053009202,0.466771584993367,0.5887099404519642
natural,artificial,CNN_Jannis_OHE,2500,1,cgre4111,822,1.906014950105394,1.3805850028540054,-2.2503819310199815,0.5828929634629537,0.6899430017704429
natural,artificial,CNN_Jannis_OHE,2500,1,cgre9708,418,0.734930745478204,0.8572810189653123,-2.2217522098800715,0.6132647638269921,0.6053498605802485
natural,artificial,CNN_Jannis_OHE,2500,2,cgre132,427,0.9826706163869597,0.9912974409262639,-2.36314242641155,0.7203504464815551,0.6891886366616822
natural,artificial,CNN_Jannis_OHE,2500,2,cgre1338,1024,1.4064314708875183,1.1859306349392946,-5.704759392486662,0.514008124116061,0.6067255114098832
natural,artificial,CNN_Jannis_OHE,2500,2,cgre4111,821,1.5587565211651877,1.2485017105175258,-1.6229012998971468,0.6091905263411888,0.7329782155210427
natural,artificial,CNN_Jannis_OHE,2500,2,cgre9708,418,0.9899943639031075,0.9949846048573352,-3.5602549963429473,0.584817432400994,0.6366117528409352
natural,artificial,CNN_Jannis_OHE,2500,3,cgre132,427,0.9703529727609527,0.9850649586504195,-2.012141879796744,0.7232722210388114,0.7083015344503282
natural,artificial,CNN_Jannis_OHE,2500,3,cgre1338,1024,1.7347834524888028,1.3171117843557558,-7.795527659004922,0.4940391773704201,0.5785721090432604
natural,artificial,CNN_Jannis_OHE,2500,3,cgre4111,821,1.787109148139576,1.3368280174127023,-1.8511078915717594,0.6450951499624764,0.7096242676667059
natural,artificial,CNN_Jannis_OHE,2500,3,cgre9708,418,0.9500888116088444,0.9747249928102,-3.48851360877972,0.5886185488820783,0.6918692207810215
natural,artificial,CNN_Jannis_OHE,2500,4,cgre132,427,0.9018913047873998,0.9496795800623491,-1.8363201889653906,0.7005012610520354,0.6422491658020086
natural,artificial,CNN_Jannis_OHE,2500,4,cgre1338,1024,1.6708791395585028,1.2926249028850183,-7.353067337509183,0.524153565270659,0.5886313902598049
natural,artificial,CNN_Jannis_OHE,2500,4,cgre4111,821,1.3546596345590016,1.1638984640246768,-1.2338547958597523,0.6432543149445245,0.7231542375435691
natural,artificial,CNN_Jannis_OHE,2500,4,cgre9708,418,0.7787170131880516,0.8824494394513782,-3.4288433276893278,0.5997103932209815,0.57428912355375
natural,artificial,CNN_Jannis_OHE,2500,5,cgre132,427,1.0103609139845553,1.005167107492359,-2.2407252421539097,0.7257556157964828,0.6666705356365104
natural,artificial,CNN_Jannis_OHE,2500,5,cgre1338,1024,1.5506939673588416,1.2452686326085796,-6.991873985818594,0.4793296547521344,0.5745092487366434
natural,artificial,CNN_Jannis_OHE,2500,5,cgre4111,821,1.6247467923256884,1.274655558308082,-1.6436594140645133,0.6179628934446563,0.6986927041769724
natural,artificial,CNN_Jannis_OHE,2500,5,cgre9708,418,1.2357322419189907,1.111634940940141,-4.21904266757796,0.6300590554747013,0.7147043058403667
natural,artificial,CNN_Jannis_OHE,2500,6,cgre132,427,1.2441079115833888,1.1153958542075495,-3.026290919041135,0.7472194414849544,0.7447979109212618
natural,artificial,CNN_Jannis_OHE,2500,6,cgre1338,1024,1.2688946526020142,1.1264522415983795,-5.567011507628592,0.4545637780814291,0.5607075548891898
natural,artificial,CNN_Jannis_OHE,2500,6,cgre4111,821,2.4637354976310397,1.5696290955608079,-3.098285314358172,0.6087516022610386,0.5955866536948555
natural,artificial,CNN_Jannis_OHE,2500,6,cgre9708,418,1.5428363191496735,1.2421096244493373,-5.993415749933951,0.5594758192880721,0.7159070105809845
natural,artificial,CNN_Jannis_OHE,2500,7,cgre132,426,1.074928557968327,1.0367876146869845,-2.1440999622713934,0.7141871756745755,0.7432070313817458
natural,artificial,CNN_Jannis_OHE,2500,7,cgre1338,1025,1.5147639840564373,1.2307574838514845,-6.601595358700482,0.5009198778896216,0.5683177304606
natural,artificial,CNN_Jannis_OHE,2500,7,cgre4111,821,2.1223545620611235,1.4568303134068579,-2.480977657667571,0.6289604253829195,0.6387146948813756
natural,artificial,CNN_Jannis_OHE,2500,7,cgre9708,418,1.0797044606436896,1.0390882833733088,-4.181853671997918,0.5442866315861535,0.708595861274127
natural,artificial,CNN_Jannis_OHE,2500,8,cgre132,426,1.0712706668409382,1.0350220610407,-3.1373056291166517,0.6846897392066964,0.6583871269472371
natural,artificial,CNN_Jannis_OHE,2500,8,cgre1338,1024,1.443200853963079,1.201332948837698,-6.0674214012822985,0.5002983392342543,0.5909891776224807
natural,artificial,CNN_Jannis_OHE,2500,8,cgre4111,822,1.594713781418223,1.2628197739258848,-1.5204156225279735,0.6366301256273715,0.7021619279491922
natural,artificial,CNN_Jannis_OHE,2500,8,cgre9708,418,1.1887558419898738,1.0903008034436523,-5.711756045774502,0.5670066471048806,0.6987407852892762
natural,artificial,CNN_Jannis_OHE,2500,9,cgre132,426,1.2555564803253103,1.1205161669183137,-3.1140660522999335,0.7134506169126621,0.660103707779143
natural,artificial,CNN_Jannis_OHE,2500,9,cgre1338,1024,1.8103737994456521,1.3455013190055416,-8.204866871204022,0.4801477581934972,0.5412028258201519
natural,artificial,CNN_Jannis_OHE,2500,9,cgre4111,822,2.142876194112599,1.4638566166508928,-2.6147733074247244,0.5849070275318393,0.6462742697278221
natural,artificial,CNN_Jannis_OHE,2500,9,cgre9708,418,1.4945115737547017,1.2225021774028468,-6.790109043959853,0.577914584902461,0.7174080017228208
natural,artificial,CNN_Jannis_OHE,5000,0,cgre132,427,0.8706189117507798,0.9330696178478751,-1.9039724851715323,0.7605551633901455,0.6553469531600014
natural,artificial,CNN_Jannis_OHE,5000,0,cgre1338,1024,1.210555260922071,1.100252362379682,-5.118973877960859,0.49176090179501736,0.6277431252297105
natural,artificial,CNN_Jannis_OHE,5000,0,cgre4111,822,1.486699163056775,1.2193027364263458,-1.4339754675119107,0.6513264377614911,0.7606781263058362
natural,artificial,CNN_Jannis_OHE,5000,0,cgre9708,418,0.9656114539371681,0.9826553077947364,-4.324086230874096,0.6280536375502284,0.6461138594891798
natural,artificial,CNN_Jannis_OHE,5000,1,cgre132,427,0.6697123473202616,0.8183595464832445,-1.290269746525262,0.7337929420853294,0.6348422955201298
natural,artificial,CNN_Jannis_OHE,5000,1,cgre1338,1024,1.4595120815471692,1.2081026783958262,-6.263488261337867,0.4958549654174212,0.612464848322434
natural,artificial,CNN_Jannis_OHE,5000,1,cgre4111,822,0.9902239498913835,0.9950999697977,-0.6886572868760628,0.6247678181275823,0.7911097223711032
natural,artificial,CNN_Jannis_OHE,5000,1,cgre9708,418,0.8428722224963462,0.9180807276576206,-2.6949405943102778,0.6920049006072688,0.6956560926277414
natural,artificial,CNN_Jannis_OHE,5000,2,cgre132,427,0.7532181398990492,0.8678814088912431,-1.5778524771109645,0.7586300706028726,0.6613383704862315
natural,artificial,CNN_Jannis_OHE,5000,2,cgre1338,1024,1.6763615089254875,1.294743800497028,-6.991573571002793,0.5205833639117093,0.6097294164198817
natural,artificial,CNN_Jannis_OHE,5000,2,cgre4111,821,1.316857101749889,1.1475439432761994,-1.2158599865081432,0.6211731180107655,0.7816013120892247
natural,artificial,CNN_Jannis_OHE,5000,2,cgre9708,418,1.1983481219906018,1.0946908796507815,-4.520004163579942,0.5863665147159554,0.6703260661012315
natural,artificial,CNN_Jannis_OHE,5000,3,cgre132,427,0.8756257205637894,0.9357487486306297,-1.7180922591836527,0.7782597222680344,0.7258236760385304
natural,artificial,CNN_Jannis_OHE,5000,3,cgre1338,1024,1.5219093447787349,1.2336568991331158,-6.716234390693106,0.5380767211038223,0.6637437026401727
natural,artificial,CNN_Jannis_OHE,5000,3,cgre4111,821,0.856882948122734,0.9256797222164554,-0.36704897856367213,0.6698827670567803,0.8107937191329795
natural,artificial,CNN_Jannis_OHE,5000,3,cgre9708,418,1.0955657242145593,1.0466927554036856,-4.1757915706034,0.6631154811549889,0.7069029668294542
natural,artificial,CNN_Jannis_OHE,5000,4,cgre132,427,1.0234433793318738,1.0116537843214317,-2.218584217026275,0.7542946902026142,0.7068071600835295
natural,artificial,CNN_Jannis_OHE,5000,4,cgre1338,1024,1.6851791556157367,1.2981445049052653,-7.4245560491853,0.5154706170041234,0.6301422922040194
natural,artificial,CNN_Jannis_OHE,5000,4,cgre4111,821,1.289315466065292,1.1354802799103523,-1.126101246224636,0.6714333014268806,0.7809979906997648
natural,artificial,CNN_Jannis_OHE,5000,4,cgre9708,418,1.229871754068096,1.1089958314024881,-5.9947223698356344,0.6477789406119703,0.7407650901681522
natural,artificial,CNN_Jannis_OHE,5000,5,cgre132,427,0.8737080882862582,0.9347235357506829,-1.8024123031610033,0.7792575423144643,0.6731567702460098
natural,artificial,CNN_Jannis_OHE,5000,5,cgre1338,1024,1.43462692230823,1.197759125328724,-6.393694578742738,0.507145527814451,0.6325683184002354
natural,artificial,CNN_Jannis_OHE,5000,5,cgre4111,821,1.0754188265202935,1.0370240240805868,-0.7498364164935583,0.6669901545326501,0.7790929488246869
natural,artificial,CNN_Jannis_OHE,5000,5,cgre9708,418,0.7108704889612389,0.8431313592562187,-2.00231982880797,0.6865123250253232,0.6667167480083911
natural,artificial,CNN_Jannis_OHE,5000,6,cgre132,427,1.2035379578739431,1.0970587759431776,-2.894994883797401,0.8056012500313087,0.7796101003391447
natural,artificial,CNN_Jannis_OHE,5000,6,cgre1338,1024,1.5840551943190713,1.2585925449958264,-7.198086947943747,0.5205092298836493,0.6264309360689235
natural,artificial,CNN_Jannis_OHE,5000,6,cgre4111,821,1.489382983525904,1.2204027956072143,-1.477504754348948,0.6943681416320119,0.8035162985124783
natural,artificial,CNN_Jannis_OHE,5000,6,cgre9708,418,1.0012561832309856,1.0006278944897478,-3.53852471232046,0.6858351378988256,0.7025813214079242
natural,artificial,CNN_Jannis_OHE,5000,7,cgre132,426,0.9460600836401891,0.9726562001242727,-1.7671675956787025,0.7704696363511697,0.7123702897558839
natural,artificial,CNN_Jannis_OHE,5000,7,cgre1338,1025,1.330147562396889,1.1533202341053803,-5.675128035210947,0.5354564440204758,0.6568825893887962
natural,artificial,CNN_Jannis_OHE,5000,7,cgre4111,821,1.60141754360916,1.2654712733243532,-1.6265633412763498,0.6718929609850961,0.7486157653826977
natural,artificial,CNN_Jannis_OHE,5000,7,cgre9708,418,1.1102383724581921,1.053678495774775,-4.3283958683338595,0.6381541827044159,0.689185293526233
natural,artificial,CNN_Jannis_OHE,5000,8,cgre132,426,0.9791782371687087,0.9895343537082019,-2.7816396527434573,0.7615121781799767,0.7059208452870869
natural,artificial,CNN_Jannis_OHE,5000,8,cgre1338,1024,1.3133634708316033,1.1460207113449579,-5.4316017246862955,0.538143212050195,0.6476448567317714
natural,artificial,CNN_Jannis_OHE,5000,8,cgre4111,822,0.7960054018679346,0.8921913482364277,-0.2580718081588116,0.6702183624339015,0.7378813629052978
natural,artificial,CNN_Jannis_OHE,5000,8,cgre9708,418,1.1002598995659107,1.0489327431088757,-5.212104935251837,0.6142214575028917,0.6925554911934111
natural,artificial,CNN_Jannis_OHE,5000,9,cgre132,426,1.186363484954752,1.0892031421891657,-2.8873422387784538,0.7592657972909783,0.6870502471624479
natural,artificial,CNN_Jannis_OHE,5000,9,cgre1338,1024,1.5902538704305051,1.2610526834476445,-7.085664503768227,0.501530065591973,0.6145864858114831
natural,artificial,CNN_Jannis_OHE,5000,9,cgre4111,822,1.4667781390074337,1.2111061633925548,-1.4742775524620817,0.6322999706725245,0.7951133041412412
natural,artificial,CNN_Jannis_OHE,5000,9,cgre9708,418,1.2759649886507236,1.1295862023992342,-5.650939726677284,0.6353594208062306,0.6812133051984153
natural,artificial,CNN_Jannis_OHE,10000,0,cgre132,427,1.1564936373135026,1.0754039414626964,-2.8575152190074733,0.7737349781905387,0.7119168063809124
natural,artificial,CNN_Jannis_OHE,10000,0,cgre1338,1024,1.1403860012693872,1.0678885715604354,-4.764290468858508,0.4997970190021385,0.6582669246283803
natural,artificial,CNN_Jannis_OHE,10000,0,cgre4111,822,1.639490518518808,1.2804259129363198,-1.6841205002688024,0.6832531197752301,0.7712555452240742
natural,artificial,CNN_Jannis_OHE,10000,0,cgre9708,418,1.2288777490910234,1.1085475853976785,-5.775656064026761,0.6456459973258292,0.6777548038677975
natural,artificial,CNN_Jannis_OHE,10000,1,cgre132,427,1.1235431483084046,1.0599731828251149,-2.8422718227949173,0.7684525674735755,0.7271582334554905
natural,artificial,CNN_Jannis_OHE,10000,1,cgre1338,1024,1.5827491826142508,1.2580735998399502,-6.876796810324432,0.5272340688116802,0.650388978091818
natural,artificial,CNN_Jannis_OHE,10000,1,cgre4111,822,2.0015325487552693,1.4147552964224128,-2.413270830043993,0.6574976672966717,0.72196167082205
natural,artificial,CNN_Jannis_OHE,10000,1,cgre9708,418,1.2748499677302911,1.1290925417034208,-4.588622773058843,0.7126478830866859,0.7559405944880392
natural,artificial,CNN_Jannis_OHE,10000,2,cgre132,427,1.2569480611584631,1.1211369502243975,-3.3018436511519003,0.8075892153903966,0.7317531509791741
natural,artificial,CNN_Jannis_OHE,10000,2,cgre1338,1024,1.3550286654475165,1.1640569854811733,-5.4597112335767,0.5343473583608892,0.6727306647424705
natural,artificial,CNN_Jannis_OHE,10000,2,cgre4111,821,1.8022396657881752,1.3424752011818226,-2.032607529101753,0.6480596294126926,0.7617589436100484
natural,artificial,CNN_Jannis_OHE,10000,2,cgre9708,418,1.3483108988404386,1.161167902949629,-5.210784361255756,0.7002621018358982,0.733334377436033
natural,artificial,CNN_Jannis_OHE,10000,3,cgre132,427,1.2189436177782103,1.1040577963939253,-2.783809833419464,0.7782475756271808,0.7718986498618998
natural,artificial,CNN_Jannis_OHE,10000,3,cgre1338,1024,1.5229233036914043,1.2340677873161605,-6.721375264989943,0.5342676318355077,0.6862950744777484
natural,artificial,CNN_Jannis_OHE,10000,3,cgre4111,821,1.1507914472421736,1.0727494801873239,-0.8359430257525566,0.7091063643878291,0.8531047525360342
natural,artificial,CNN_Jannis_OHE,10000,3,cgre9708,418,1.0996396682223062,1.0486370526651756,-4.195038143025629,0.6915291824507191,0.7263030686394085
natural,artificial,CNN_Jannis_OHE,10000,4,cgre132,427,1.0685385238503629,1.0337013707306202,-2.360402048225183,0.7662932962095164,0.7267272867132915
natural,artificial,CNN_Jannis_OHE,10000,4,cgre1338,1024,1.7001275370764137,1.3038893883594627,-7.499286072423727,0.5218470754419201,0.6209535045788972
natural,artificial,CNN_Jannis_OHE,10000,4,cgre4111,821,1.0604531367822672,1.0297830532603782,-0.748703707523374,0.6976654651115197,0.835159802233985
natural,artificial,CNN_Jannis_OHE,10000,4,cgre9708,418,0.9856801358096383,0.9928142504062069,-4.605916936172326,0.6665240211702548,0.7086630959970606
natural,artificial,CNN_Jannis_OHE,10000,5,cgre132,427,1.0806951733552255,1.0395648961730217,-2.4663218646834064,0.8029947726808221,0.6961447660862272
natural,artificial,CNN_Jannis_OHE,10000,5,cgre1338,1024,1.4610202884484584,1.2087267219882494,-6.529719133357818,0.4844671569208335,0.6371505351597762
natural,artificial,CNN_Jannis_OHE,10000,5,cgre4111,821,1.522272226787417,1.2338039661094533,-1.4769209098452558,0.690118122573235,0.8018576569848807
natural,artificial,CNN_Jannis_OHE,10000,5,cgre9708,418,1.305448200058552,1.1425621208750762,-4.513483929041221,0.714808461475678,0.7405254485286721
natural,artificial,CNN_Jannis_OHE,10000,6,cgre132,427,1.1054387889642072,1.0513984919925494,-2.5775177668453333,0.8205118878011405,0.7900541437544657
natural,artificial,CNN_Jannis_OHE,10000,6,cgre1338,1024,1.1466996015014261,1.070840605086222,-4.934605732170955,0.5234666584663288,0.6773880664709229
natural,artificial,CNN_Jannis_OHE,10000,6,cgre4111,821,1.6414988474368182,1.2812099154458718,-1.7305409312220088,0.6940241804636756,0.7876613602345981
natural,artificial,CNN_Jannis_OHE,10000,6,cgre9708,418,1.069131425490448,1.0339881167065934,-3.8461916905709623,0.7121585308757218,0.7376745271652325
natural,artificial,CNN_Jannis_OHE,10000,7,cgre132,426,1.2621922865519184,1.1234733136803554,-2.691834858334894,0.802351497697914,0.7531391534420395
natural,artificial,CNN_Jannis_OHE,10000,7,cgre1338,1025,1.4839754329761126,1.2181853032179104,-6.447088049669699,0.5385904968003892,0.6699329245013599
natural,artificial,CNN_Jannis_OHE,10000,7,cgre4111,821,1.7534522319535992,1.3241798336908772,-1.8759228793939977,0.7110684649268607,0.7791018034746025
natural,artificial,CNN_Jannis_OHE,10000,7,cgre9708,418,1.3250326123351053,1.1511006091281097,-5.359263444787721,0.671875898551891,0.6702112780606695
natural,artificial,CNN_Jannis_OHE,10000,8,cgre132,426,0.8315360228650431,0.9118859703192297,-2.2114373843147828,0.7749985350870896,0.674357425331513
natural,artificial,CNN_Jannis_OHE,10000,8,cgre1338,1024,1.2211440158051414,1.1050538519932598,-4.979998783710429,0.5377049278254017,0.6932864960548584
natural,artificial,CNN_Jannis_OHE,10000,8,cgre4111,822,1.035487716235765,1.017589168690275,-0.6365691745733926,0.7167502004263654,0.8527304952212359
natural,artificial,CNN_Jannis_OHE,10000,8,cgre9708,418,0.8484577296323376,0.9211176524376989,-3.7904212919884497,0.6300206853769775,0.6511746975911239
natural,artificial,CNN_Jannis_OHE,10000,9,cgre132,426,0.9321976302656672,0.965503821983977,-2.054520194676355,0.7730219310074526,0.6619858987816798
natural,artificial,CNN_Jannis_OHE,10000,9,cgre1338,1024,1.507503263820813,1.227804244910732,-6.664918071408882,0.5338989524822364,0.648656170249213
natural,artificial,CNN_Jannis_OHE,10000,9,cgre4111,822,1.3364433336641222,1.1560464236630474,-1.254418478625806,0.6219154662523703,0.8224018902609613
natural,artificial,CNN_Jannis_OHE,10000,9,cgre9708,418,0.8923695378424783,0.9446531309652652,-3.651456789883622,0.6576463734235458,0.6418044828151481
natural,artificial,CNN_Jannis_OHE,15000,0,cgre132,427,1.1374325909964433,1.0665048480885793,-2.793936593163006,0.7778544554385632,0.6974839255291645
natural,artificial,CNN_Jannis_OHE,15000,0,cgre1338,1024,1.2205573813587658,1.1047883875922873,-5.1695314325410076,0.5168673349520243,0.667564612306651
natural,artificial,CNN_Jannis_OHE,15000,0,cgre4111,822,1.3146868033091343,1.1465979257390684,-1.1523624323140145,0.6807522313707627,0.8161674066543929
natural,artificial,CNN_Jannis_OHE,15000,0,cgre9708,418,1.390503056327996,1.179195936360025,-6.666808576056879,0.6525670004157372,0.6499639853345742
natural,artificial,CNN_Jannis_OHE,15000,1,cgre132,427,1.2016239920672485,1.0961861119660514,-3.1092912303951925,0.7636819482363781,0.7391581583595173
natural,artificial,CNN_Jannis_OHE,15000,1,cgre1338,1024,1.202009792022481,1.0963620715906224,-4.981988175879513,0.5256795370513498,0.7080806895749534
natural,artificial,CNN_Jannis_OHE,15000,1,cgre4111,822,1.0849830268300766,1.0416251853858358,-0.8502526570826969,0.6507618914098807,0.833031511351118
natural,artificial,CNN_Jannis_OHE,15000,1,cgre9708,418,1.1781259647693056,1.0854151117288287,-4.164608983725214,0.7232316897392775,0.7572369227745487
natural,artificial,CNN_Jannis_OHE,15000,2,cgre132,427,1.212507148260665,1.1011390231304425,-3.149746786604778,0.8057052287680425,0.7306732890316672
natural,artificial,CNN_Jannis_OHE,15000,2,cgre1338,1024,1.3013407631199754,1.140763237100484,-5.203769529452051,0.5249190866774809,0.6874830447545701
natural,artificial,CNN_Jannis_OHE,15000,2,cgre4111,821,1.2829999367354472,1.1326958712449902,-1.1588889323881393,0.6712927681588541,0.8373677461429139
natural,artificial,CNN_Jannis_OHE,15000,2,cgre9708,418,1.3752844746745254,1.1727252340913132,-5.335033941305556,0.6911834246220644,0.6675492995392576
natural,artificial,CNN_Jannis_OHE,15000,3,cgre132,427,1.1619581486566857,1.0779416258112893,-2.6069171738417687,0.7843460333010781,0.7641496163708746
natural,artificial,CNN_Jannis_OHE,15000,3,cgre1338,1024,1.4870609578183234,1.219451088735552,-6.539549542251491,0.5448871694593875,0.7014000408396228
natural,artificial,CNN_Jannis_OHE,15000,3,cgre4111,821,1.6550475989688782,1.2864865327584576,-1.640420298480013,0.7129579044108224,0.7998677314662782
natural,artificial,CNN_Jannis_OHE,15000,3,cgre9708,418,1.2698031905203573,1.1268554434888076,-4.998943289807996,0.7055068543984495,0.7489198852093228
natural,artificial,CNN_Jannis_OHE,15000,4,cgre132,427,1.584216466909037,1.2586566119911486,-3.9821360123265936,0.7787016219235224,0.688826844271843
natural,artificial,CNN_Jannis_OHE,15000,4,cgre1338,1024,1.573958040933619,1.2545748446918656,-6.868538897317547,0.5340282719607984,0.6346293877984415
natural,artificial,CNN_Jannis_OHE,15000,4,cgre4111,821,1.5482964875501832,1.2443056246558493,-1.5531649765682487,0.6969547591941063,0.7647022370716575
natural,artificial,CNN_Jannis_OHE,15000,4,cgre9708,418,1.5896623968865558,1.2608181458428316,-8.040980973186308,0.7221657349867067,0.6789324169533227
natural,artificial,CNN_Jannis_OHE,15000,5,cgre132,427,1.3854384240826012,1.1770464833992755,-3.4437836125983123,0.8203250451074764,0.6956194695592621
natural,artificial,CNN_Jannis_OHE,15000,5,cgre1338,1024,1.5294812584573323,1.236721981068232,-6.882549193172719,0.5067022545201701,0.6423005957767901
natural,artificial,CNN_Jannis_OHE,15000,5,cgre4111,821,1.611854396820934,1.2695882784670525,-1.6226819282759744,0.6988594274661682,0.7896747179370621
natural,artificial,CNN_Jannis_OHE,15000,5,cgre9708,418,1.5963098979087778,1.263451581149344,-5.741921255469748,0.743774804385852,0.7134260032124414
natural,artificial,CNN_Jannis_OHE,15000,6,cgre132,427,1.09893442239305,1.0483007308940742,-2.5564677664267728,0.8239190321921974,0.7893356065923861
natural,artificial,CNN_Jannis_OHE,15000,6,cgre1338,1024,1.1831628300183628,1.087732885417354,-5.123316781417625,0.5388952241493967,0.7000213814476233
natural,artificial,CNN_Jannis_OHE,15000,6,cgre4111,821,1.4149711387866117,1.1895255940023366,-1.3537248393367354,0.7033648147601472,0.8231315402723602
natural,artificial,CNN_Jannis_OHE,15000,6,cgre9708,418,1.186678881363648,1.0893479156649852,-4.379014400967989,0.7285565218562937,0.7615460711006125
natural,artificial,CNN_Jannis_OHE,15000,7,cgre132,426,1.2335937566947477,1.110672659560299,-2.608185916292741,0.7989968276000009,0.7699420013162948
natural,artificial,CNN_Jannis_OHE,15000,7,cgre1338,1025,1.3550805154303533,1.1640792565071991,-5.800249982955129,0.5319663994430939,0.6780034961563244
natural,artificial,CNN_Jannis_OHE,15000,7,cgre4111,821,1.6575947218071956,1.2874761053344623,-1.7187022824663938,0.6949974629309443,0.7599463739901127
natural,artificial,CNN_Jannis_OHE,15000,7,cgre9708,418,1.2954209082514052,1.1381655891175964,-5.217147223976002,0.6664440859639659,0.6588996104920959
natural,artificial,CNN_Jannis_OHE,15000,8,cgre132,426,1.2167023114123452,1.1030422981066252,-3.6989705569087175,0.7975564088484621,0.7243705440350863
natural,artificial,CNN_Jannis_OHE,15000,8,cgre1338,1024,1.4776694137489634,1.2155942636212806,-6.236215534429596,0.5462604385868582,0.6630780836982734
natural,artificial,CNN_Jannis_OHE,15000,8,cgre4111,822,1.016835538273909,1.0083826348534117,-0.6070897524494892,0.7165488096513432,0.8609476558403654
natural,artificial,CNN_Jannis_OHE,15000,8,cgre9708,418,1.2185708604531258,1.1038889710714235,-5.880092657345337,0.688952855266368,0.7226081522247148
natural,artificial,CNN_Jannis_OHE,15000,9,cgre132,426,1.0740662705664872,1.0363716855291287,-2.5193793755204785,0.7921577682100317,0.7163124115845008
natural,artificial,CNN_Jannis_OHE,15000,9,cgre1338,1024,1.3419819208807295,1.158439433410625,-5.823322856888592,0.5464297670150344,0.6758370768066386
natural,artificial,CNN_Jannis_OHE,15000,9,cgre4111,822,1.3831553969304635,1.1760762717317546,-1.33321608713619,0.6502609554331453,0.8130617227652831
natural,artificial,CNN_Jannis_OHE,15000,9,cgre9708,418,1.243416611836333,1.1150859212797608,-5.48128202108255,0.7206567070328184,0.7644489454287948
natural,artificial,CNN_Jannis_OHE,17500,0,cgre132,427,1.2293510961623808,1.1087610636031466,-3.100533206534517,0.7974766323340937,0.7049145295736098
natural,artificial,CNN_Jannis_OHE,17500,0,cgre1338,1024,1.1637184541611798,1.078757829246759,-4.882228636873147,0.5231509426741062,0.6794384173342327
natural,artificial,CNN_Jannis_OHE,17500,0,cgre4111,822,1.3339094779819045,1.1549499893856463,-1.1838331694584991,0.6903611057388381,0.8353224417668474
natural,artificial,CNN_Jannis_OHE,17500,0,cgre9708,418,1.3591080400697735,1.165807891579815,-6.493706058375531,0.6783552304695355,0.7167322805206444
natural,artificial,CNN_Jannis_OHE,17500,1,cgre132,427,1.1648510801711136,1.0792826692628366,-2.983535914781933,0.7698516470127191,0.7360403048300665
natural,artificial,CNN_Jannis_OHE,17500,1,cgre1338,1024,1.4304885486745385,1.1960303293288754,-6.119048148105344,0.5313717906564274,0.6765536861965831
natural,artificial,CNN_Jannis_OHE,17500,1,cgre4111,822,1.2231294098140437,1.1059518117052134,-1.0858376440010957,0.6487195776899691,0.8275308818480911
natural,artificial,CNN_Jannis_OHE,17500,1,cgre9708,418,1.2411402052149556,1.114064722184019,-4.4408476220714554,0.7221346148806367,0.7618563991795597
natural,artificial,CNN_Jannis_OHE,17500,2,cgre132,427,1.249558103601151,1.1178363492037424,-3.2765518805668012,0.8295293759465554,0.7716916368275096
natural,artificial,CNN_Jannis_OHE,17500,2,cgre1338,1024,1.1445653135254976,1.0698435930197916,-4.4563874564978825,0.548985926126779,0.7166285286449403
natural,artificial,CNN_Jannis_OHE,17500,2,cgre4111,821,1.3757277039390976,1.172914192913999,-1.3149208577289921,0.6703723954190693,0.8231379233200533
natural,artificial,CNN_Jannis_OHE,17500,2,cgre9708,418,1.4134665575552559,1.1888929966802126,-5.510913765046324,0.7336114057675573,0.7548019399168415
natural,artificial,CNN_Jannis_OHE,17500,3,cgre132,427,1.1239420590209221,1.0601613363167524,-2.4889087182463014,0.8072177051591655,0.802899418253464
natural,artificial,CNN_Jannis_OHE,17500,3,cgre1338,1024,1.2993538431549903,1.1398920313586678,-5.5878554755108985,0.5290996788965714,0.7090397093484482
natural,artificial,CNN_Jannis_OHE,17500,3,cgre4111,821,1.5506706044880318,1.245259251918263,-1.473899930671096,0.7135326216616219,0.7978034072496346
natural,artificial,CNN_Jannis_OHE,17500,3,cgre9708,418,1.268148536351797,1.126121013191654,-4.991126191382397,0.7236154644367953,0.7773904041421413
natural,artificial,CNN_Jannis_OHE,17500,4,cgre132,427,1.295682979588902,1.1382807121219713,-3.074739133196462,0.7901411518199457,0.7372331373216843
natural,artificial,CNN_Jannis_OHE,17500,4,cgre1338,1024,1.470702934003587,1.2127254157490008,-6.3523454511798665,0.5262260311324485,0.6552841583915046
natural,artificial,CNN_Jannis_OHE,17500,4,cgre4111,821,1.2632009235625172,1.1239221163241326,-1.0830379596814472,0.7127999595473022,0.8231124755712071
natural,artificial,CNN_Jannis_OHE,17500,4,cgre9708,418,1.4067939034703476,1.186083430231764,-7.000942174502207,0.7298183664689144,0.770759871162311
natural,artificial,CNN_Jannis_OHE,17500,5,cgre132,427,1.4528400630766785,1.2053381529996794,-3.6599738767181194,0.8196280031818003,0.6824391718447804
natural,artificial,CNN_Jannis_OHE,17500,5,cgre1338,1024,1.4644008175070131,1.2101242983706315,-6.547141502187551,0.518692957250173,0.662612253664735
natural,artificial,CNN_Jannis_OHE,17500,5,cgre4111,821,1.435059515483268,1.1979396960962885,-1.3350152871634124,0.7080899229332631,0.831667588209356
natural,artificial,CNN_Jannis_OHE,17500,5,cgre9708,418,1.5716025597566976,1.253635736470805,-5.637571261479355,0.7545042180781915,0.7379139898608541
natural,artificial,CNN_Jannis_OHE,17500,6,cgre132,427,1.1569687042423296,1.0756247971492334,-2.7442833890325664,0.8410651144905719,0.8162062092215394
natural,artificial,CNN_Jannis_OHE,17500,6,cgre1338,1024,1.4251982904286422,1.1938166904632563,-6.375942167228134,0.5348860243047056,0.6854926814142626
natural,artificial,CNN_Jannis_OHE,17500,6,cgre4111,821,1.473495619299475,1.2138762784153396,-1.4510770182727177,0.7111846687425718,0.8301888773589106
natural,artificial,CNN_Jannis_OHE,17500,6,cgre9708,418,1.3780212565007364,1.1738915011621545,-5.246336982958406,0.7511044482967137,0.7912614223157033
natural,artificial,CNN_Jannis_OHE,17500,7,cgre132,426,1.3132787316668546,1.145983739704388,-2.8412595703008994,0.8107328177641678,0.7826613162291998
natural,artificial,CNN_Jannis_OHE,17500,7,cgre1338,1025,1.372195629080104,1.1714075418402017,-5.886139382130816,0.5534930973744686,0.6940064869272861
natural,artificial,CNN_Jannis_OHE,17500,7,cgre4111,821,1.4880256491210597,1.2198465678605075,-1.4405837418590175,0.7121289210104679,0.817365129370952
natural,artificial,CNN_Jannis_OHE,17500,7,cgre9708,418,1.386322802352918,1.1774221003331464,-5.653415046247171,0.6859671090171248,0.6899037757775672
natural,artificial,CNN_Jannis_OHE,17500,8,cgre132,426,1.1851481782105124,1.0886451112325415,-3.577106776858794,0.8083069681347488,0.7466222294449874
natural,artificial,CNN_Jannis_OHE,17500,8,cgre1338,1024,1.3404673614803806,1.157785542093345,-5.56433073208895,0.5458278526497613,0.690178041702779
natural,artificial,CNN_Jannis_OHE,17500,8,cgre4111,822,1.1701759289597395,1.0817467027727607,-0.849441402477497,0.721286602715054,0.8620335697145755
natural,artificial,CNN_Jannis_OHE,17500,8,cgre9708,418,1.233550098562783,1.1106530054714583,-5.9646659468236,0.6642150207925961,0.7486809581098735
natural,artificial,CNN_Jannis_OHE,17500,9,cgre132,426,1.186183751419375,1.0891206321704565,-2.8867533081744217,0.8026146464127096,0.7371329686690565
natural,artificial,CNN_Jannis_OHE,17500,9,cgre1338,1024,1.6480802982884208,1.2837757975162256,-7.379683656184367,0.5406722529948824,0.6092984934985886
natural,artificial,CNN_Jannis_OHE,17500,9,cgre4111,822,1.4772723493629043,1.2154309315476977,-1.4919800177653397,0.6616042217764333,0.8021018997967349
natural,artificial,CNN_Jannis_OHE,17500,9,cgre9708,418,1.241916245462753,1.1144129600209938,-5.473461394021955,0.7252431603594655,0.7658799784673942
artificial,artificial,aubin_1_10_1,500,0,cgre132,427,0.494775605761964,0.7034028758556251,-0.6503371636821491,0.30262973997999126,0.17515486809468062
artificial,artificial,aubin_1_10_1,500,0,cgre1338,1024,0.28690893784408367,0.5356388128618796,-0.4502339155374244,0.2708939194151198,0.26175997270535456
artificial,artificial,aubin_1_10_1,500,0,cgre4111,822,0.6208918302657437,0.7879668966814175,-0.01650389022764087,0.2753446714076349,0.29911443042465197
artificial,artificial,aubin_1_10_1,500,0,cgre9708,418,0.5110558640947309,0.7148817133587423,-1.8178057314254565,0.21994455885430686,0.27643323379366225
artificial,artificial,aubin_1_10_1,500,1,cgre132,427,0.47614551770250696,0.6900329830540761,-0.6283135266971176,0.2538510333914865,0.23296895779485544
artificial,artificial,aubin_1_10_1,500,1,cgre1338,1024,0.29147188755844977,0.5398813643370641,-0.4505550591582197,0.28121316954218956,0.2831562557707636
artificial,artificial,aubin_1_10_1,500,1,cgre4111,822,0.6091676590092087,0.7804919339808764,-0.038831070918822874,0.3457737975563556,0.37419754252599313
artificial,artificial,aubin_1_10_1,500,1,cgre9708,418,0.49323529910265185,0.7023071259090654,-1.1622199433782625,0.21739929464828292,0.15337135644121636
artificial,artificial,aubin_1_10_1,500,2,cgre132,427,0.49944614429127226,0.7067150375443219,-0.7093301555606917,0.32634826319247456,0.28737550019140157
artificial,artificial,aubin_1_10_1,500,2,cgre1338,1024,0.2746235531611869,0.5240453731893708,-0.30918916816729003,0.2701317069183138,0.27115038439772754
artificial,artificial,aubin_1_10_1,500,2,cgre4111,821,0.6067409139633412,0.778935757276132,-0.020955813384905708,0.32132380742873157,0.376122927260398
artificial,artificial,aubin_1_10_1,500,2,cgre9708,418,0.5137486367491887,0.7167626083642956,-1.3665031570110657,0.23434342040226955,0.14799824241345416
artificial,artificial,aubin_1_10_1,500,3,cgre132,427,0.47658089134805154,0.6903483840410228,-0.47938874021873246,0.29194088168823673,0.3013013160091863
artificial,artificial,aubin_1_10_1,500,3,cgre1338,1024,0.29182943269343986,0.5402123959087202,-0.4796047560197909,0.24192663857606228,0.24259920356099726
artificial,artificial,aubin_1_10_1,500,3,cgre4111,821,0.6389142701678812,0.7993211308153195,-0.019307365534892318,0.36646565083305166,0.3897491271307856
artificial,artificial,aubin_1_10_1,500,3,cgre9708,418,0.49157355136874564,0.7011230643537165,-1.3223456039846408,0.2379749734726968,0.21863498061799977
artificial,artificial,aubin_1_10_1,500,4,cgre132,427,0.5471452959261419,0.7396927037129283,-0.7206943241331942,0.14244156294949503,0.09885170068187527
artificial,artificial,aubin_1_10_1,500,4,cgre1338,1024,0.25726143703670656,0.5072094607129352,-0.28610266059087874,0.29324181879721345,0.30116829262142203
artificial,artificial,aubin_1_10_1,500,4,cgre4111,821,0.6054850291937244,0.77812918541443,0.0015457744660710704,0.3524714938076321,0.38277617204450703
artificial,artificial,aubin_1_10_1,500,4,cgre9708,418,0.5554466499207376,0.7452829327985028,-2.159024584961506,0.1784314642868719,0.19695679048470932
artificial,artificial,aubin_1_10_1,500,5,cgre132,427,0.45990697354079263,0.678164414829319,-0.47514825402186966,0.3317117990060462,0.28488731229251824
artificial,artificial,aubin_1_10_1,500,5,cgre1338,1024,0.29255881821341995,0.5408870660437537,-0.5077721702780125,0.21272267248455434,0.22284990957408288
artificial,artificial,aubin_1_10_1,500,5,cgre4111,821,0.6206556622856162,0.7878170233535299,-0.009881781114424726,0.2968941320229969,0.3129159355033496
artificial,artificial,aubin_1_10_1,500,5,cgre9708,418,0.48491574684530414,0.696358920992116,-1.048013224156033,0.3099949948109933,0.33459702725680696
artificial,artificial,aubin_1_10_1,500,6,cgre132,427,0.48499752693995885,0.6964176383033093,-0.5695914480525173,0.2722881327456562,0.3126307811477187
artificial,artificial,aubin_1_10_1,500,6,cgre1338,1024,0.28913485116357884,0.5377126101957986,-0.49638261218462354,0.2268161541103208,0.23953411201864933
artificial,artificial,aubin_1_10_1,500,6,cgre4111,821,0.6163830161929416,0.7851006408053312,-0.025318450666586,0.33216776557927713,0.3397056975703045
artificial,artificial,aubin_1_10_1,500,6,cgre9708,418,0.49477123227280295,0.7033997670406231,-1.2427142046396011,0.20635093482856742,0.193852432137897
artificial,artificial,aubin_1_10_1,500,7,cgre132,426,0.48652996681937805,0.6975170010970184,-0.4230702486981295,0.178341591045458,0.1363949896816954
artificial,artificial,aubin_1_10_1,500,7,cgre1338,1025,0.29389648510236344,0.5421222049523183,-0.47487145232340944,0.2958357508817566,0.29164554319581293
artificial,artificial,aubin_1_10_1,500,7,cgre4111,821,0.6198509586183362,0.7873061403408055,-0.016647913880524,0.354128216249641,0.39829387926572624
artificial,artificial,aubin_1_10_1,500,7,cgre9708,418,0.48870869307169745,0.6990770294264412,-1.3454723288084987,0.2167945711769072,0.14435075621740318
artificial,artificial,aubin_1_10_1,500,8,cgre132,426,0.47390077723629337,0.688404515700103,-0.830230598102984,0.34109307817121803,0.2928300451597342
artificial,artificial,aubin_1_10_1,500,8,cgre1338,1024,0.30198295583930307,0.5495297588295861,-0.4788245163938749,0.2608808229365563,0.2648423023160858
artificial,artificial,aubin_1_10_1,500,8,cgre4111,822,0.6396388343392232,0.7997742396071676,-0.010937341627803354,0.3400007745728806,0.37114681423305335
artificial,artificial,aubin_1_10_1,500,8,cgre9708,418,0.4803249996200039,0.6930548316114706,-1.7119313371699567,0.24186014796631553,0.24733179872245337
artificial,artificial,aubin_1_10_1,500,9,cgre132,426,0.4725208818528393,0.6874015433884618,-0.5483032022023531,0.2951907235265584,0.22524339243984443
artificial,artificial,aubin_1_10_1,500,9,cgre1338,1024,0.2930769638497104,0.5413658318085012,-0.49015326894330924,0.2944999323823081,0.29410392365235666
artificial,artificial,aubin_1_10_1,500,9,cgre4111,822,0.6152190906526827,0.7843590317276156,-0.03780029533174867,0.3383808711196651,0.3452511693876151
artificial,artificial,aubin_1_10_1,500,9,cgre9708,418,0.4787485155229117,0.6919165524273225,-1.495466215218165,0.20798799510300903,0.17565139092840454
artificial,artificial,aubin_1_10_1,1000,0,cgre132,427,0.30026826412428664,0.5479673933039142,-0.0015527636927257227,0.3334136245931862,0.2480072848215899
artificial,artificial,aubin_1_10_1,1000,0,cgre1338,1024,0.18308057100320524,0.427879154672444,0.07458563215241132,0.30011733544226676,0.288719288953742
artificial,artificial,aubin_1_10_1,1000,0,cgre4111,822,0.5801819565101155,0.7616967615200392,0.05014498969973824,0.3083592658729233,0.3277516794817602
artificial,artificial,aubin_1_10_1,1000,0,cgre9708,418,0.18755773510820462,0.4330793635215197,-0.034135988043592524,0.22585004717857515,0.3064289726050186
artificial,artificial,aubin_1_10_1,1000,1,cgre132,427,0.28885557677543816,0.5374528600495472,0.012177106707084051,0.30813412852388605,0.30015007313300734
artificial,artificial,aubin_1_10_1,1000,1,cgre1338,1024,0.18390929753780075,0.4288464731553715,0.08474685430444862,0.3249999361483648,0.3140447420069864
artificial,artificial,aubin_1_10_1,1000,1,cgre4111,822,0.5549952431596634,0.7449800286985305,0.05355070270122453,0.31965093744733486,0.3571559894495532
artificial,artificial,aubin_1_10_1,1000,1,cgre9708,418,0.22673353072724825,0.4761654447009445,0.006057022149596469,0.24477396306339383,0.23176288619802574
artificial,artificial,aubin_1_10_1,1000,2,cgre132,427,0.28245991349720684,0.531469579089158,0.03329467371708139,0.3749549541773392,0.3724555972483201
artificial,artificial,aubin_1_10_1,1000,2,cgre1338,1024,0.19218605212456302,0.4383902965675256,0.08380801712723474,0.29311251768060803,0.298812740440072
artificial,artificial,aubin_1_10_1,1000,2,cgre4111,821,0.5527380367047134,0.7434635409384333,0.06991419423755463,0.32143172440514944,0.3578546547161899
artificial,artificial,aubin_1_10_1,1000,2,cgre9708,418,0.21428896274108125,0.46291355860579547,0.012911236031233564,0.23455329316366458,0.2111700002706181
artificial,artificial,aubin_1_10_1,1000,3,cgre132,427,0.3171836709352423,0.5631906168742891,0.01540754175946979,0.3216768051236791,0.28892086070110023
artificial,artificial,aubin_1_10_1,1000,3,cgre1338,1024,0.18824847950789808,0.4338761107826727,0.045561158712962846,0.2734455808957969,0.2758305747285837
artificial,artificial,aubin_1_10_1,1000,3,cgre4111,821,0.5819367101748271,0.7628477634330634,0.0715931656989236,0.44564757082736073,0.43335940020363384
artificial,artificial,aubin_1_10_1,1000,3,cgre9708,418,0.2150310527746764,0.46371440863388796,-0.015873247738791063,0.2610641792183922,0.2935370185847675
artificial,artificial,aubin_1_10_1,1000,4,cgre132,427,0.32050227885313676,0.5661292068539979,-0.007934192618537672,0.28263102171032073,0.29763495192744993
artificial,artificial,aubin_1_10_1,1000,4,cgre1338,1024,0.18352877351396557,0.42840258345855664,0.08250203905370501,0.2949028125524159,0.3042821894731269
artificial,artificial,aubin_1_10_1,1000,4,cgre4111,821,0.5816151151841935,0.7626369484782346,0.04090763373067441,0.4057858173841323,0.40565164688996536
artificial,artificial,aubin_1_10_1,1000,4,cgre9708,418,0.1872532037988947,0.43272763234960476,-0.06497622138494874,0.22673159844191418,0.30525964806172035
artificial,artificial,aubin_1_10_1,1000,5,cgre132,427,0.3030337000132239,0.5504849680174962,0.02802162349763837,0.3248432037314746,0.316935060651729
artificial,artificial,aubin_1_10_1,1000,5,cgre1338,1024,0.1810577787895843,0.4255088468993145,0.06687522960890435,0.2921180810734288,0.29535344920743045
artificial,artificial,aubin_1_10_1,1000,5,cgre4111,821,0.5736508685554892,0.7573974310462699,0.06660069974829264,0.3417507503328571,0.3690818206818934
artificial,artificial,aubin_1_10_1,1000,5,cgre9708,418,0.23161264652466257,0.4812615157320005,0.021797567824478947,0.29002499760112405,0.36611159730248344
artificial,artificial,aubin_1_10_1,1000,6,cgre132,427,0.3033048497889412,0.5507311955835997,0.018418297129769168,0.27020866851980097,0.32683182170145786
artificial,artificial,aubin_1_10_1,1000,6,cgre1338,1024,0.18522588128532236,0.4303787649098435,0.04138575143568335,0.289684454443403,0.2850266031460617
artificial,artificial,aubin_1_10_1,1000,6,cgre4111,821,0.5703919095348214,0.7552429473585447,0.051185166377243574,0.32687731291437744,0.34267241956079963
artificial,artificial,aubin_1_10_1,1000,6,cgre9708,418,0.21885788409292134,0.46782249207677196,0.00795427576126917,0.21738443383215747,0.3136426065649669
artificial,artificial,aubin_1_10_1,1000,7,cgre132,426,0.34294649659338944,0.5856163390765232,-0.0030974235518945736,0.33877785580730563,0.30949478631789673
artificial,artificial,aubin_1_10_1,1000,7,cgre1338,1025,0.18648003732600546,0.43183334438878784,0.06418042602811136,0.30240385260213476,0.3058190315468064
artificial,artificial,aubin_1_10_1,1000,7,cgre4111,821,0.5719561466488273,0.7562778237187887,0.06190671283657778,0.3937408555826051,0.4318220826934027
artificial,artificial,aubin_1_10_1,1000,7,cgre9708,418,0.2262166219473003,0.47562235223683536,-0.08568731151276077,0.26434159643689736,0.2129562597569105
artificial,artificial,aubin_1_10_1,1000,8,cgre132,426,0.27723040630725027,0.526526738454231,-0.07067891997792097,0.37296962100471687,0.3528635048571929
artificial,artificial,aubin_1_10_1,1000,8,cgre1338,1024,0.19070895161923418,0.43670236044614436,0.0660894341984869,0.2901929265557301,0.292880894844256
artificial,artificial,aubin_1_10_1,1000,8,cgre4111,822,0.5935527207364588,0.770423728046105,0.06190090813179017,0.3767574585812518,0.4242143159095278
artificial,artificial,aubin_1_10_1,1000,8,cgre9708,418,0.19583418676586992,0.4425315658412063,-0.10568650059795592,0.2178110558862995,0.34715773186241916
artificial,artificial,aubin_1_10_1,1000,9,cgre132,426,0.3043257280191435,0.5516572559290265,0.002819732840192324,0.4196605670668175,0.40809795578220587
artificial,artificial,aubin_1_10_1,1000,9,cgre1338,1024,0.18098106484651388,0.4254186935790597,0.07979964765784098,0.3106220789352405,0.30348227409696305
artificial,artificial,aubin_1_10_1,1000,9,cgre4111,822,0.5581909981159021,0.7471218094232708,0.05839920851344138,0.3427395962143404,0.3594762732502741
artificial,artificial,aubin_1_10_1,1000,9,cgre9708,418,0.20158768934651566,0.4489851772013366,-0.05077144232742725,0.23342523683866473,0.3207968579548051
artificial,artificial,aubin_1_10_1,2500,0,cgre132,427,0.2631767891213273,0.5130075916800133,0.12216683553630525,0.48120045850406823,0.3598009503755216
artificial,artificial,aubin_1_10_1,2500,0,cgre1338,1024,0.19635153302951672,0.4431157106552607,0.007505117453266208,0.3882552748379855,0.36329834946355055
artificial,artificial,aubin_1_10_1,2500,0,cgre4111,822,0.48770136920294666,0.6983561907815715,0.20155119636223995,0.4512599026922428,0.45787175576800576
artificial,artificial,aubin_1_10_1,2500,0,cgre9708,418,0.13891194808793147,0.37270893212791595,0.234082003580938,0.39235897270116366,0.5106123177157096
artificial,artificial,aubin_1_10_1,2500,1,cgre132,427,0.2312002516055742,0.4808328728420866,0.20934570825814713,0.5101999325815428,0.48697082156992466
artificial,artificial,aubin_1_10_1,2500,1,cgre1338,1024,0.203008247973804,0.4505643660719343,-0.010302035012539346,0.3874217230363264,0.3578710185510008
artificial,artificial,aubin_1_10_1,2500,1,cgre4111,822,0.4643789606440441,0.6814535645545073,0.20808124682349605,0.44085860455480413,0.4724796970755533
artificial,artificial,aubin_1_10_1,2500,1,cgre9708,418,0.18281876834386468,0.4275731146176811,0.1985683351209494,0.41959400014902604,0.4926341124671924
artificial,artificial,aubin_1_10_1,2500,2,cgre132,427,0.2285349445828478,0.47805328634248273,0.21785025905208566,0.5129522346273134,0.5099980347787014
artificial,artificial,aubin_1_10_1,2500,2,cgre1338,1024,0.1895725717182221,0.4353993244347332,0.09626703675542658,0.4161417627733189,0.4064733406719043
artificial,artificial,aubin_1_10_1,2500,2,cgre4111,821,0.4803677687646672,0.6930856864520196,0.19169079454454774,0.4381434249823756,0.44685285322582136
artificial,artificial,aubin_1_10_1,2500,2,cgre9708,418,0.19115096281801666,0.43720814587335477,0.11949283245420583,0.3433883201690924,0.35868519564070267
artificial,artificial,aubin_1_10_1,2500,3,cgre132,427,0.2620187669706157,0.5118776875100298,0.18664885516940144,0.48338229160469176,0.4721056279849605
artificial,artificial,aubin_1_10_1,2500,3,cgre1338,1024,0.19095679804419788,0.4369860387291542,0.031829709660203154,0.3471533190231762,0.349575408277497
artificial,artificial,aubin_1_10_1,2500,3,cgre4111,821,0.4862642348300823,0.6973264908420461,0.22422656794274798,0.5045242228549127,0.5017734490388255
artificial,artificial,aubin_1_10_1,2500,3,cgre9708,418,0.16138486813517006,0.4017273554728008,0.2375679325712753,0.45326590958028745,0.5725475537071067
artificial,artificial,aubin_1_10_1,2500,4,cgre132,427,0.26474828967642144,0.5145369662875754,0.16740419270335272,0.48613721337327637,0.43567179797876193
artificial,artificial,aubin_1_10_1,2500,4,cgre1338,1024,0.18024534052178504,0.42455310683327363,0.09891659366304095,0.41389781365353684,0.40051127089509503
artificial,artificial,aubin_1_10_1,2500,4,cgre4111,821,0.4654380204163851,0.6822301814024245,0.23248546900042255,0.5171383794114132,0.5138216794823396
artificial,artificial,aubin_1_10_1,2500,4,cgre9708,418,0.14112387962592088,0.3756645839388122,0.19737781238387164,0.4337375795521176,0.4935732506994331
artificial,artificial,aubin_1_10_1,2500,5,cgre132,427,0.2477638984073596,0.49775887576954325,0.20529910792307127,0.5066686313684158,0.46089523128395055
artificial,artificial,aubin_1_10_1,2500,5,cgre1338,1024,0.18028451252074057,0.4245992375414028,0.07086044313792106,0.4008799867291684,0.4075682685428156
artificial,artificial,aubin_1_10_1,2500,5,cgre4111,821,0.48861827613760017,0.699012357642982,0.2049590054914815,0.45027647895536815,0.4837148987095503
artificial,artificial,aubin_1_10_1,2500,5,cgre9708,418,0.16577434211766942,0.4071539538278726,0.2998617861113472,0.4828920517810486,0.6040689378180004
artificial,artificial,aubin_1_10_1,2500,6,cgre132,427,0.245253869501389,0.49523112735508557,0.2062879606830993,0.43691567348459076,0.4714949066454668
artificial,artificial,aubin_1_10_1,2500,6,cgre1338,1024,0.19256802548312096,0.43882573475483516,0.003387368087830467,0.37564750460374624,0.3650559058453333
artificial,artificial,aubin_1_10_1,2500,6,cgre4111,821,0.48967585994805757,0.6997684330891596,0.18545177128370072,0.4333823568827439,0.4414879890545136
artificial,artificial,aubin_1_10_1,2500,6,cgre9708,418,0.17977172209155792,0.4239949552666375,0.1851252287340759,0.43639030929646405,0.451945775576978
artificial,artificial,aubin_1_10_1,2500,7,cgre132,426,0.27132436134211,0.5208880506808637,0.20639291985005204,0.5189500171307508,0.4997659772364388
artificial,artificial,aubin_1_10_1,2500,7,cgre1338,1025,0.19298858276770595,0.4393046582586007,0.03151835501092892,0.3765685015225444,0.3794740950607373
artificial,artificial,aubin_1_10_1,2500,7,cgre4111,821,0.45752013881815606,0.6764023498023614,0.2495988136815852,0.49876783600782965,0.5209807474964918
artificial,artificial,aubin_1_10_1,2500,7,cgre9708,418,0.16292956430835628,0.40364534471285096,0.21804790860552492,0.44963468065861834,0.5195260924742402
artificial,artificial,aubin_1_10_1,2500,8,cgre132,426,0.2043280657067373,0.4520266205731,0.21087388780288419,0.46887822596136125,0.5179746415286782
artificial,artificial,aubin_1_10_1,2500,8,cgre1338,1024,0.19861595427904757,0.44566349893058055,0.02736847608340054,0.36646088985044833,0.3615332894163239
artificial,artificial,aubin_1_10_1,2500,8,cgre4111,822,0.48699605871520607,0.6978510290278335,0.23031174070386107,0.4841970819869407,0.5023143147024604
artificial,artificial,aubin_1_10_1,2500,8,cgre9708,418,0.1455289966366523,0.3814826295346255,0.17833831935030064,0.3173851889283368,0.48926375794976396
artificial,artificial,aubin_1_10_1,2500,9,cgre132,426,0.24758446756567365,0.49757860440906587,0.1887431039145434,0.4649619607713785,0.46632893396624836
artificial,artificial,aubin_1_10_1,2500,9,cgre1338,1024,0.19146114558992539,0.43756273331937834,0.02651355388421761,0.3738935835054454,0.35824973021112594
artificial,artificial,aubin_1_10_1,2500,9,cgre4111,822,0.47197092302947896,0.6870013995833479,0.20384206090166546,0.43596628945004284,0.4726809810641257
artificial,artificial,aubin_1_10_1,2500,9,cgre9708,418,0.15349643564915674,0.3917862116628873,0.19990317066466556,0.35727000695345384,0.49340132509322193
artificial,artificial,aubin_1_10_1,5000,0,cgre132,427,0.2638276117610604,0.513641520674741,0.11999599934953908,0.5644282642549134,0.3897603227163622
artificial,artificial,aubin_1_10_1,5000,0,cgre1338,1024,0.20059047614805192,0.4478732813509329,-0.013921398997310375,0.42289716633512414,0.4075461137327767
artificial,artificial,aubin_1_10_1,5000,0,cgre4111,822,0.4285854391363234,0.6546643713662165,0.29833387243872866,0.5793094660784575,0.5622666811217094
artificial,artificial,aubin_1_10_1,5000,0,cgre9708,418,0.12340213691420246,0.35128640297370245,0.319598358815557,0.5027314938748367,0.5908281779045157
artificial,artificial,aubin_1_10_1,5000,1,cgre132,427,0.21514859561296892,0.4638411318684113,0.26423886089090676,0.5569583514505748,0.5442252169321653
artificial,artificial,aubin_1_10_1,5000,1,cgre1338,1024,0.219397295035266,0.46839864969411044,-0.09186466984818376,0.4592997626177744,0.44310131527136887
artificial,artificial,aubin_1_10_1,5000,1,cgre4111,822,0.40759399058548207,0.6384308816038601,0.3049182840259873,0.5255739710771273,0.5523440542349229
artificial,artificial,aubin_1_10_1,5000,1,cgre9708,418,0.1458983349794169,0.3819664055639146,0.36041826249640874,0.5114200037806939,0.6053957941129465
artificial,artificial,aubin_1_10_1,5000,2,cgre132,427,0.1901690887592544,0.43608380932941593,0.3491555360128712,0.5882574441593641,0.6190910717868792
artificial,artificial,aubin_1_10_1,5000,2,cgre1338,1024,0.19598838813202085,0.44270575796122286,0.06568146877624725,0.47523085007969895,0.46529403129996044
artificial,artificial,aubin_1_10_1,5000,2,cgre4111,821,0.4227140203482994,0.6501646101936797,0.2887040802065032,0.5217692859586149,0.5439284185220981
artificial,artificial,aubin_1_10_1,5000,2,cgre9708,418,0.16154476833622725,0.40192632202460593,0.2558691606748935,0.4897510492617394,0.5149828350492768
artificial,artificial,aubin_1_10_1,5000,3,cgre132,427,0.22755708539963684,0.4770294387138354,0.2936238191485526,0.5742960906237178,0.5440566142387606
artificial,artificial,aubin_1_10_1,5000,3,cgre1338,1024,0.20628975232865152,0.4541913168794088,-0.045909920211001376,0.41771813894269927,0.4075391302981029
artificial,artificial,aubin_1_10_1,5000,3,cgre4111,821,0.4358158753898394,0.6601635217049178,0.3047105808339917,0.5573777663427554,0.5607484554627404
artificial,artificial,aubin_1_10_1,5000,3,cgre9708,418,0.12050175316377976,0.34713362436355794,0.4307124214613738,0.5440249213649317,0.6731825918065557
artificial,artificial,aubin_1_10_1,5000,4,cgre132,427,0.23665069532178779,0.48646756862280943,0.25576714032950076,0.5811072318863814,0.5170950333772548
artificial,artificial,aubin_1_10_1,5000,4,cgre1338,1024,0.19205376856546025,0.43823939640961107,0.03988384122529509,0.4429131271642119,0.42993312294505714
artificial,artificial,aubin_1_10_1,5000,4,cgre4111,821,0.4380418436019251,0.6618472962866322,0.2776621904468589,0.566841749182985,0.5437341687245253
artificial,artificial,aubin_1_10_1,5000,4,cgre9708,418,0.12035703695913394,0.3469251172214747,0.3154863049740584,0.4838673728728136,0.5834901362136267
artificial,artificial,aubin_1_10_1,5000,5,cgre132,427,0.22690873306267728,0.4763493812976745,0.2721918982382344,0.5900523410109808,0.5257363681597905
artificial,artificial,aubin_1_10_1,5000,5,cgre1338,1024,0.18685744815811034,0.43227011018356376,0.036985239882809995,0.45086139569954053,0.4476811144561569
artificial,artificial,aubin_1_10_1,5000,5,cgre4111,821,0.4298426951542572,0.6556238976381636,0.30059397994882986,0.5290061365925359,0.5538655214434556
artificial,artificial,aubin_1_10_1,5000,5,cgre9708,418,0.14855286774802545,0.38542556706584147,0.37259567334422905,0.5639522004283725,0.6463254830967327
artificial,artificial,aubin_1_10_1,5000,6,cgre132,427,0.21182910968188334,0.4602489648895295,0.31446009404822517,0.5516722424200579,0.5802964875792304
artificial,artificial,aubin_1_10_1,5000,6,cgre1338,1024,0.1997414437778589,0.44692442736760196,-0.03373779466226656,0.4162276953170571,0.39857231401687276
artificial,artificial,aubin_1_10_1,5000,6,cgre4111,821,0.44887822597927307,0.6699837505337521,0.2533163388542041,0.5057176082382183,0.5137319084587398
artificial,artificial,aubin_1_10_1,5000,6,cgre9708,418,0.15988588481422528,0.3998573305745754,0.27526436137555366,0.4891908862097307,0.5431228532822153
artificial,artificial,aubin_1_10_1,5000,7,cgre132,426,0.23973194698081365,0.4896242916571988,0.2987987900496053,0.5909344821458934,0.603402296746663
artificial,artificial,aubin_1_10_1,5000,7,cgre1338,1025,0.1770126184946735,0.420728675626791,0.11169111931407294,0.46623027213503143,0.4658936343331401
artificial,artificial,aubin_1_10_1,5000,7,cgre4111,821,0.43628961297931057,0.6605222274680168,0.28442003885603695,0.521574107749491,0.5433361376269836
artificial,artificial,aubin_1_10_1,5000,7,cgre9708,418,0.1406555054367946,0.3750406717101421,0.32494837809611965,0.5266159474035232,0.5972091986136407
artificial,artificial,aubin_1_10_1,5000,8,cgre132,426,0.1711289715678042,0.4136773761856022,0.3390905965340455,0.5757972327698108,0.5905620271168048
artificial,artificial,aubin_1_10_1,5000,8,cgre1338,1024,0.23440279073443493,0.48415161957225233,-0.1478813189499557,0.40934068226348097,0.4089505895911591
artificial,artificial,aubin_1_10_1,5000,8,cgre4111,822,0.4139445322412803,0.6433852129488836,0.34576832653122824,0.5566874950743569,0.5908597397616775
artificial,artificial,aubin_1_10_1,5000,8,cgre9708,418,0.13107816763101027,0.3620471897847161,0.25992819299728753,0.39803162359466043,0.5464848037324453
artificial,artificial,aubin_1_10_1,5000,9,cgre132,426,0.21916974393595678,0.4681556834387005,0.2818492697480506,0.5511287978594809,0.5471691988250142
artificial,artificial,aubin_1_10_1,5000,9,cgre1338,1024,0.18005908094151957,0.4243336905567593,0.08448748566425934,0.4690518984679019,0.4483088599413401
artificial,artificial,aubin_1_10_1,5000,9,cgre4111,822,0.43482853267221716,0.6594152960556929,0.26649678710855174,0.5056160434869195,0.5275298358927218
artificial,artificial,aubin_1_10_1,5000,9,cgre9708,418,0.13232378223781352,0.3637633602189939,0.31026516566076723,0.4255347675351764,0.5753962372661916
artificial,artificial,aubin_1_10_1,10000,0,cgre132,427,0.2079236818398922,0.45598649304545436,0.3064650412148986,0.7314041569550662,0.6369613092256206
artificial,artificial,aubin_1_10_1,10000,0,cgre1338,1024,0.14029245255809147,0.3745563409663378,0.2908660346293048,0.4966632173948224,0.5828413237359729
artificial,artificial,aubin_1_10_1,10000,0,cgre4111,822,0.2834877253550904,0.5324356537226732,0.5358831255165682,0.6525586679927621,0.7564719651858043
artificial,artificial,aubin_1_10_1,10000,0,cgre9708,418,0.1170575989724381,0.34213681323768436,0.35458020058977835,0.6340610964111502,0.6705365543881108
artificial,artificial,aubin_1_10_1,10000,1,cgre132,427,0.17450924030279777,0.41774303142338326,0.4032165673011284,0.7006886886954856,0.6802400070197696
artificial,artificial,aubin_1_10_1,10000,1,cgre1338,1024,0.1326218733241858,0.36417286187219633,0.3399866761872168,0.5256913515569978,0.6011291738819455
artificial,artificial,aubin_1_10_1,10000,1,cgre4111,822,0.28153522406129117,0.5305989295704348,0.5198899120996496,0.622755829416467,0.7428397732096568
artificial,artificial,aubin_1_10_1,10000,1,cgre9708,418,0.12259042220720523,0.3501291507532688,0.46259431097932247,0.6522371282040497,0.7091221060641625
artificial,artificial,aubin_1_10_1,10000,2,cgre132,427,0.15612814120062846,0.39513053691233285,0.46565902462902353,0.7504045261302764,0.731651032798987
artificial,artificial,aubin_1_10_1,10000,2,cgre1338,1024,0.1356672676044723,0.3683303783350924,0.35324514165622267,0.5541186079250026,0.6361449375845263
artificial,artificial,aubin_1_10_1,10000,2,cgre4111,821,0.28638110669519884,0.5351458742204772,0.5181098735963406,0.6172384057765139,0.7378136562984765
artificial,artificial,aubin_1_10_1,10000,2,cgre9708,418,0.13499291872701977,0.36741382489914526,0.3781761244894729,0.6553608960885858,0.6981530258350357
artificial,artificial,aubin_1_10_1,10000,3,cgre132,427,0.18709323418162757,0.4325427541661374,0.41923054607477195,0.7180297966749477,0.6939516890311168
artificial,artificial,aubin_1_10_1,10000,3,cgre1338,1024,0.13782629343318115,0.37124963762026914,0.30120674468590614,0.500630129418649,0.5864923209459607
artificial,artificial,aubin_1_10_1,10000,3,cgre4111,821,0.29518611256446836,0.5433103280487758,0.5290676812375565,0.6686527955593774,0.7415910735183833
artificial,artificial,aubin_1_10_1,10000,3,cgre9708,418,0.11616576921764939,0.340830998029301,0.45119695165671425,0.6593536819913587,0.7481993997625447
artificial,artificial,aubin_1_10_1,10000,4,cgre132,427,0.17275278310630812,0.4156353968399565,0.4567170081101035,0.7476447080899317,0.708966304028049
artificial,artificial,aubin_1_10_1,10000,4,cgre1338,1024,0.13445176828562028,0.3666766535868084,0.3278480486423926,0.5164673817345774,0.6026370136290065
artificial,artificial,aubin_1_10_1,10000,4,cgre4111,821,0.28640888846113394,0.5351718307806699,0.5277072906405416,0.6643189428383153,0.7393583498911476
artificial,artificial,aubin_1_10_1,10000,4,cgre9708,418,0.12089488656584876,0.3476994198526204,0.3124273610937299,0.6382687114182563,0.6903949902730229
artificial,artificial,aubin_1_10_1,10000,5,cgre132,427,0.1960689719985107,0.4427967615040908,0.37111020629955327,0.7445585108629408,0.661654965073583
artificial,artificial,aubin_1_10_1,10000,5,cgre1338,1024,0.14210842326701775,0.3769727089154038,0.26761009265565483,0.4936991045501493,0.5692286835725704
artificial,artificial,aubin_1_10_1,10000,5,cgre4111,821,0.31615087154551863,0.5622729511060608,0.4855843188773801,0.6359989664743394,0.7119031455585462
artificial,artificial,aubin_1_10_1,10000,5,cgre9708,418,0.13319270956032023,0.36495576384038686,0.437468400819471,0.6838396323607855,0.7328517332812848
artificial,artificial,aubin_1_10_1,10000,6,cgre132,427,0.1450770260394117,0.38088978200971957,0.5304890298779958,0.7638377670588331,0.7508194190063432
artificial,artificial,aubin_1_10_1,10000,6,cgre1338,1024,0.1369395496261282,0.3700534415812508,0.29128584756805753,0.5063325061334693,0.5727713174971207
artificial,artificial,aubin_1_10_1,10000,6,cgre4111,821,0.29313802113266585,0.5414222207599776,0.512381402856285,0.6481297046341287,0.730859553656922
artificial,artificial,aubin_1_10_1,10000,6,cgre9708,418,0.11715153397187222,0.342274062663054,0.4689719365309206,0.6488686218547393,0.7399820173815125
artificial,artificial,aubin_1_10_1,10000,7,cgre132,426,0.17075229283497723,0.41322184457622424,0.500560038636517,0.7450383591826124,0.7268456797409866
artificial,artificial,aubin_1_10_1,10000,7,cgre1338,1025,0.14061167916714862,0.37498223846890216,0.2943632810217027,0.5083954534774318,0.5830315909149856
artificial,artificial,aubin_1_10_1,10000,7,cgre4111,821,0.29669493203544905,0.5446971011814263,0.5133761115976754,0.6468576729704758,0.7311195687007553
artificial,artificial,aubin_1_10_1,10000,7,cgre9708,418,0.14162380055976806,0.3763293777527448,0.3203012141531585,0.6554394857071866,0.6800206331026499
artificial,artificial,aubin_1_10_1,10000,8,cgre132,426,0.1296400064210139,0.36005556018622165,0.49932323835016557,0.7652750834806331,0.7322309669633345
artificial,artificial,aubin_1_10_1,10000,8,cgre1338,1024,0.14790089210006352,0.3845788503025921,0.27572248365405005,0.4998643730556914,0.5695342187098219
artificial,artificial,aubin_1_10_1,10000,8,cgre4111,822,0.30874098913916176,0.5556446608572441,0.5120405796900762,0.6442647502629443,0.7345642283886145
artificial,artificial,aubin_1_10_1,10000,8,cgre9708,418,0.12294965253716017,0.3506417723791051,0.3058220665727013,0.5787070830184545,0.6748060703443244
artificial,artificial,aubin_1_10_1,10000,9,cgre132,426,0.1808141447962688,0.4252224650653688,0.40752857673974396,0.7165921663054509,0.6928718098302478
artificial,artificial,aubin_1_10_1,10000,9,cgre1338,1024,0.1379039607285505,0.37135422540823537,0.2988256900830374,0.5111658580005446,0.58276144337374
artificial,artificial,aubin_1_10_1,10000,9,cgre4111,822,0.2807182134819684,0.5298284755295514,0.5264622810265562,0.6271190063365772,0.7459351374940757
artificial,artificial,aubin_1_10_1,10000,9,cgre9708,418,0.10778348385540491,0.3283039504109034,0.43818093675780134,0.6176601791861698,0.721837016041783
artificial,artificial,aubin_1_10_1,15000,0,cgre132,427,0.16515671143638513,0.406394772895008,0.4491154059722877,0.7753637180584554,0.7100688470849482
artificial,artificial,aubin_1_10_1,15000,0,cgre1338,1024,0.12604021095888587,0.355021423239339,0.3629066071360896,0.5145611063610706,0.629251871579626
artificial,artificial,aubin_1_10_1,15000,0,cgre4111,822,0.23375560628997893,0.4834827879976483,0.617302931728728,0.6765662157571651,0.8052410282917475
artificial,artificial,aubin_1_10_1,15000,0,cgre9708,418,0.085387251330842,0.29221097058605106,0.5292008113106921,0.6868828363189963,0.7878845478834224
artificial,artificial,aubin_1_10_1,15000,1,cgre132,427,0.14216406417136335,0.37704650133818157,0.5138299950455478,0.7426641575613039,0.741857595681999
artificial,artificial,aubin_1_10_1,15000,1,cgre1338,1024,0.11279042053276402,0.3358428509478265,0.43868097709568976,0.5408217424003235,0.6745632846634286
artificial,artificial,aubin_1_10_1,15000,1,cgre4111,822,0.20981877031296617,0.4580597890155456,0.6421900364546533,0.6540773240137017,0.8211307299168626
artificial,artificial,aubin_1_10_1,15000,1,cgre9708,418,0.08599856621962004,0.29325512138685667,0.6230038374781866,0.734153639279256,0.7957952859063125
artificial,artificial,aubin_1_10_1,15000,2,cgre132,427,0.12421053215957788,0.3524351460333913,0.5748954903638491,0.8046248996969406,0.7797777689684827
artificial,artificial,aubin_1_10_1,15000,2,cgre1338,1024,0.11781404680233842,0.3432405086850013,0.43835526066096075,0.5205113088568493,0.6833579893607489
artificial,artificial,aubin_1_10_1,15000,2,cgre4111,821,0.20172406334293821,0.4491370206773632,0.6605612866548156,0.6686017808158435,0.8276111532444472
artificial,artificial,aubin_1_10_1,15000,2,cgre9708,418,0.10003064431169406,0.316276215216532,0.53922440152957,0.712763202689898,0.76597113220363
artificial,artificial,aubin_1_10_1,15000,3,cgre132,427,0.13949141277003627,0.37348549204759784,0.5669947554433377,0.7798175601795235,0.7649909787145401
artificial,artificial,aubin_1_10_1,15000,3,cgre1338,1024,0.11066162280171295,0.33265841760237025,0.4389343737707123,0.5311248705716397,0.6724052527411153
artificial,artificial,aubin_1_10_1,15000,3,cgre4111,821,0.2360465836877869,0.4858462551958046,0.6234173619269946,0.6886107818959994,0.8091118875756634
artificial,artificial,aubin_1_10_1,15000,3,cgre9708,418,0.08145104037487297,0.2853962865470975,0.6152000752931712,0.6984852658484676,0.8080515229342726
artificial,artificial,aubin_1_10_1,15000,4,cgre132,427,0.14245840729592982,0.3774366268606292,0.5519885217248572,0.7742104186649664,0.7575092296437942
artificial,artificial,aubin_1_10_1,15000,4,cgre1338,1024,0.11380543025403364,0.33735060434810793,0.43106332482112875,0.5348309443286421,0.662914967622456
artificial,artificial,aubin_1_10_1,15000,4,cgre4111,821,0.2240041988307126,0.4732908184517344,0.6306135939352709,0.7096345097986954,0.8125840938982369
artificial,artificial,aubin_1_10_1,15000,4,cgre9708,418,0.0884052668462357,0.29733023197487957,0.4972074969806849,0.6982185962680977,0.7606202305604934
artificial,artificial,aubin_1_10_1,15000,5,cgre132,427,0.1653559191257465,0.40663979038670883,0.4696220987636517,0.7906858956712545,0.728626185421965
artificial,artificial,aubin_1_10_1,15000,5,cgre1338,1024,0.11418226512849636,0.3379086638849267,0.4115342591572063,0.4692471884165287,0.6550821395420472
artificial,artificial,aubin_1_10_1,15000,5,cgre4111,821,0.22455119041871927,0.473868326034479,0.6346280717131935,0.6859421465305476,0.8196227112218133
artificial,artificial,aubin_1_10_1,15000,5,cgre9708,418,0.09671166189328324,0.3109849866043106,0.5915439666042901,0.7337108632555781,0.7900630480538899
artificial,artificial,aubin_1_10_1,15000,6,cgre132,427,0.12001212459573583,0.34642766141827624,0.6116062578368575,0.820912329381234,0.8016416384902767
artificial,artificial,aubin_1_10_1,15000,6,cgre1338,1024,0.1136735356079619,0.33715506166742015,0.41169630203773044,0.5172149055621582,0.6562431792294461
artificial,artificial,aubin_1_10_1,15000,6,cgre4111,821,0.20742268827124588,0.45543681040430395,0.6549640340758509,0.6908376299810703,0.8309367338249887
artificial,artificial,aubin_1_10_1,15000,6,cgre9708,418,0.07923429700814894,0.28148587354989757,0.6408443502696819,0.7366319960612526,0.8214553165033047
artificial,artificial,aubin_1_10_1,15000,7,cgre132,426,0.1442712488025415,0.37983055275022504,0.5780154647912117,0.7668589266305234,0.7722628760055037
artificial,artificial,aubin_1_10_1,15000,7,cgre1338,1025,0.12222604099036798,0.3496084109262361,0.38662859977921205,0.5092009286068286,0.6421887876739378
artificial,artificial,aubin_1_10_1,15000,7,cgre4111,821,0.22066782979146485,0.4697529454846077,0.6380718853478935,0.6986351928161355,0.8169018296098125
artificial,artificial,aubin_1_10_1,15000,7,cgre9708,418,0.11082230417380161,0.33289984105403475,0.46812763607559493,0.6720791458422283,0.7282732106870622
artificial,artificial,aubin_1_10_1,15000,8,cgre132,426,0.10332560029562975,0.3214429969615604,0.6009509072104188,0.8061453387635359,0.798513366834205
artificial,artificial,aubin_1_10_1,15000,8,cgre1338,1024,0.12023317176838885,0.34674655264095827,0.41121259111886543,0.5031567826970439,0.6601231636821492
artificial,artificial,aubin_1_10_1,15000,8,cgre4111,822,0.22087087627864316,0.46996901629643967,0.6509176670944308,0.6989467206282226,0.8237707155966059
artificial,artificial,aubin_1_10_1,15000,8,cgre9708,418,0.0777829439497727,0.27889593749241437,0.5608348444040933,0.6805887745821704,0.7798953376505426
artificial,artificial,aubin_1_10_1,15000,9,cgre132,426,0.1451145338535888,0.3809390159245818,0.5245050407706902,0.7677266685940134,0.7617336978072364
artificial,artificial,aubin_1_10_1,15000,9,cgre1338,1024,0.12350304300132181,0.35142999729863955,0.37204732560543186,0.5148371008205727,0.6484102955441586
artificial,artificial,aubin_1_10_1,15000,9,cgre4111,822,0.21040465806714323,0.45869887515356217,0.6450727560329736,0.6483094541504185,0.8244232549360204
artificial,artificial,aubin_1_10_1,15000,9,cgre9708,418,0.08367982674529696,0.28927465624436743,0.5638207247282747,0.6790082801058813,0.7870587000118858
artificial,artificial,aubin_1_10_1,17500,0,cgre132,427,0.15491117902903015,0.3935875747899445,0.4832896512193391,0.793033395448276,0.737109696240349
artificial,artificial,aubin_1_10_1,17500,0,cgre1338,1024,0.12465668779076196,0.3530675399845785,0.3698998790655804,0.4641048518382986,0.6290651857562395
artificial,artificial,aubin_1_10_1,17500,0,cgre4111,822,0.19706289814554717,0.44391767045877684,0.6773750389037225,0.6760421302193477,0.8474189605058907
artificial,artificial,aubin_1_10_1,17500,0,cgre9708,418,0.06974780158807954,0.26409809084520003,0.6154319539658278,0.7015407888776951,0.807696321823608
artificial,artificial,aubin_1_10_1,17500,1,cgre132,427,0.1387539230419107,0.3724968765532279,0.5254919318329131,0.7521919863276556,0.7589907742341387
artificial,artificial,aubin_1_10_1,17500,1,cgre1338,1024,0.11001588361814653,0.33168642362651285,0.452488890414646,0.546709344399271,0.68558363890768
artificial,artificial,aubin_1_10_1,17500,1,cgre4111,822,0.18722125647679316,0.43269071688307936,0.6807262245653547,0.6659582840627568,0.8425407704465075
artificial,artificial,aubin_1_10_1,17500,1,cgre9708,418,0.07821455522698646,0.27966865256404133,0.6571269909474705,0.7426517385399669,0.8253728751178777
artificial,artificial,aubin_1_10_1,17500,2,cgre132,427,0.1222162423741602,0.3495943969433152,0.5817208502311846,0.80113694273566,0.7826912577451248
artificial,artificial,aubin_1_10_1,17500,2,cgre1338,1024,0.11223668022672996,0.3350174327206421,0.46494375907500307,0.5193687612359323,0.6981112443000976
artificial,artificial,aubin_1_10_1,17500,2,cgre4111,821,0.17672748504823696,0.4203896823760509,0.7026227355160806,0.6800566305053801,0.8580298148911174
artificial,artificial,aubin_1_10_1,17500,2,cgre9708,418,0.10084732654894432,0.31756468089027834,0.5354624818776621,0.6816699100783042,0.7652244669076784
artificial,artificial,aubin_1_10_1,17500,3,cgre132,427,0.1326025199858963,0.3641462892655867,0.5883790589318884,0.7803744783845749,0.7817441951414135
artificial,artificial,aubin_1_10_1,17500,3,cgre1338,1024,0.1071046144270581,0.3272684134270494,0.45696876618880045,0.5453132153204713,0.6957267276086145
artificial,artificial,aubin_1_10_1,17500,3,cgre4111,821,0.21029272215791897,0.4585768443324619,0.6645044090850778,0.6947164334026463,0.8268176781946565
artificial,artificial,aubin_1_10_1,17500,3,cgre9708,418,0.07250085623553437,0.26925983034150186,0.6574835153459787,0.6466108851302386,0.8334759622771627
artificial,artificial,aubin_1_10_1,17500,4,cgre132,427,0.1419608219485514,0.3767768861654751,0.553553357042607,0.7785899984848663,0.7663282843846217
artificial,artificial,aubin_1_10_1,17500,4,cgre1338,1024,0.11511889507433823,0.33929175509336834,0.4244970449330737,0.5314869991614858,0.6811767348681863
artificial,artificial,aubin_1_10_1,17500,4,cgre4111,821,0.1942210553741547,0.44070517965432937,0.6797264604804305,0.7146133608017986,0.8362518119718685
artificial,artificial,aubin_1_10_1,17500,4,cgre9708,418,0.08139064831739963,0.28529046306772965,0.5371021518316625,0.6896651299616104,0.7879454614495203
artificial,artificial,aubin_1_10_1,17500,5,cgre132,427,0.15789153724168617,0.3973556810235462,0.4935640490647104,0.7919633628336589,0.7416363935858878
artificial,artificial,aubin_1_10_1,17500,5,cgre1338,1024,0.10888867563988415,0.3299828414325268,0.43881604461336454,0.4755043324995043,0.6733045970595875
artificial,artificial,aubin_1_10_1,17500,5,cgre4111,821,0.20179013586715036,0.44921056962982336,0.6716630585945396,0.6911696592306089,0.8405839218934794
artificial,artificial,aubin_1_10_1,17500,5,cgre9708,418,0.09929557051811272,0.3151119967854488,0.5806309800327285,0.7347482127245825,0.7882702343201694
artificial,artificial,aubin_1_10_1,17500,6,cgre132,427,0.12026034452593848,0.3467857328754147,0.6108029467722828,0.8240471497629218,0.8025254568303017
artificial,artificial,aubin_1_10_1,17500,6,cgre1338,1024,0.11051689222634647,0.3324408101096291,0.4280331298193272,0.5105041457601502,0.6718910584365404
artificial,artificial,aubin_1_10_1,17500,6,cgre4111,821,0.18529989429142593,0.4304647422163933,0.6917640565487362,0.6943543100322361,0.8477845222175198
artificial,artificial,aubin_1_10_1,17500,6,cgre9708,418,0.06945332326013967,0.26353998417723956,0.6851798478270107,0.7371813853945384,0.8395526836503421
artificial,artificial,aubin_1_10_1,17500,7,cgre132,426,0.14325868798801814,0.3784952945388068,0.5809771429372994,0.7853886980664591,0.7821348336852635
artificial,artificial,aubin_1_10_1,17500,7,cgre1338,1025,0.11574561222831875,0.3402140682398639,0.41914957183722423,0.5086691055731473,0.666314046563793
artificial,artificial,aubin_1_10_1,17500,7,cgre4111,821,0.1954305418775329,0.4420752672085749,0.6794647972293113,0.6992248256771756,0.8491332486562942
artificial,artificial,aubin_1_10_1,17500,7,cgre9708,418,0.10248631152830019,0.3201348333566658,0.5081347821737846,0.6882365943147009,0.757032625672382
artificial,artificial,aubin_1_10_1,17500,8,cgre132,426,0.10376619729158312,0.3221276102596347,0.5992492976284955,0.8008559282738259,0.7946802623373836
artificial,artificial,aubin_1_10_1,17500,8,cgre1338,1024,0.11866665707164416,0.34448027094689204,0.41888388611761407,0.5182098477618493,0.6649983627019724
artificial,artificial,aubin_1_10_1,17500,8,cgre4111,822,0.19566901462699776,0.44234490460159903,0.6907487430929753,0.7131630597829249,0.8558777317327326
artificial,artificial,aubin_1_10_1,17500,8,cgre9708,418,0.07972705053143779,0.2823597891546135,0.5498583523085601,0.6490255324653212,0.7855417778635192
artificial,artificial,aubin_1_10_1,17500,9,cgre132,426,0.1456405048082135,0.38162875259630724,0.5227815983904983,0.775168659012901,0.7726467279962692
artificial,artificial,aubin_1_10_1,17500,9,cgre1338,1024,0.12165978284801154,0.34879762448734014,0.3814194035295664,0.4933284387214073,0.6552967881160919
artificial,artificial,aubin_1_10_1,17500,9,cgre4111,822,0.1876693410115612,0.4332081959191922,0.6834244897701572,0.647540304825999,0.8523790711071897
artificial,artificial,aubin_1_10_1,17500,9,cgre9708,418,0.07780541169846478,0.27893621439043154,0.5944409852789048,0.7005042609414927,0.8033200596551824
artificial,artificial,mlp_small,500,0,cgre132,427,0.3022231224054973,0.5497482354728366,-0.008073245368950266,0.2465117904651671,0.21260658653189543
artificial,artificial,mlp_small,500,0,cgre1338,1024,0.19606341539857663,0.44279048702357715,0.008961460930027032,0.15604289157819545,0.16679650170040167
artificial,artificial,mlp_small,500,0,cgre4111,822,0.588107463692725,0.7668816490780863,0.037169607369934465,0.1743604337670149,0.19389101460189798
artificial,artificial,mlp_small,500,0,cgre9708,418,0.16733911332509785,0.40907103701569714,0.07734330873129247,0.15970926282752626,0.28373974156937837
artificial,artificial,mlp_small,500,1,cgre132,427,0.2857444497697069,0.5345506989703661,0.022816480592506072,0.23389567277969808,0.20630029434981653
artificial,artificial,mlp_small,500,1,cgre1338,1024,0.19342503232373626,0.43980112815195943,0.03739032413967025,0.2504025409772254,0.2532751325441528
artificial,artificial,mlp_small,500,1,cgre4111,822,0.5414725805321845,0.7358482048168525,0.07661128691186059,0.24584532854697616,0.28969131804390813
artificial,artificial,mlp_small,500,1,cgre9708,418,0.22528074774578838,0.47463749087676205,0.012425658663706263,0.16965342447527787,0.18254003251888012
artificial,artificial,mlp_small,500,2,cgre132,427,0.26098091757469266,0.5108629146597868,0.1068054933743593,0.3015619378905577,0.3447562269632003
artificial,artificial,mlp_small,500,2,cgre1338,1024,0.20569036691575554,0.4535309988476593,0.019430062488458133,0.25519161317010414,0.25857699255796607
artificial,artificial,mlp_small,500,2,cgre4111,821,0.5529791843307807,0.7436257017685582,0.069508417958007,0.2485817597738911,0.271790739258565
artificial,artificial,mlp_small,500,2,cgre9708,418,0.21508454743311792,0.463772085655355,0.009246498938619951,0.18852486221251344,0.1708476101145573
artificial,artificial,mlp_small,500,3,cgre132,427,0.29901026098988526,0.5468183071093041,0.07182091991336981,0.3044707651454922,0.2994786721639833
artificial,artificial,mlp_small,500,3,cgre1338,1024,0.19033704600301427,0.43627634132853715,0.03497191522605336,0.2488586385022904,0.2446044138688285
artificial,artificial,mlp_small,500,3,cgre4111,821,0.587999771870378,0.7668114317551467,0.06192031327954706,0.29383091690686286,0.29155752433395354
artificial,artificial,mlp_small,500,3,cgre9708,418,0.201406067992769,0.44878287399673467,0.04849539745075582,0.2062953737757031,0.32321624153961215
artificial,artificial,mlp_small,500,4,cgre132,427,0.29128940929336095,0.5397123393932743,0.08393613728727778,0.25546896446381434,0.2927730838199578
artificial,artificial,mlp_small,500,4,cgre1338,1024,0.18823853436738708,0.43386464982455886,0.05895697907851749,0.2676775712531244,0.2735694525936122
artificial,artificial,mlp_small,500,4,cgre4111,821,0.5467052291333507,0.739395177921354,0.0984745785101131,0.31191946203520715,0.3311205013219511
artificial,artificial,mlp_small,500,4,cgre9708,418,0.16834587750160004,0.41029974104500727,0.04255653377266411,0.20525597034660834,0.3078966691571037
artificial,artificial,mlp_small,500,5,cgre132,427,0.29040344109390853,0.5388909361771717,0.06853308660773105,0.2650725865843136,0.2880011158244779
artificial,artificial,mlp_small,500,5,cgre1338,1024,0.18788712382503248,0.4334594834872488,0.03167855890672977,0.22596877805814158,0.21936861197959556
artificial,artificial,mlp_small,500,5,cgre4111,821,0.5763804904592876,0.7591972671574152,0.06215927498173923,0.24632210855095107,0.25923535238894113
artificial,artificial,mlp_small,500,5,cgre9708,418,0.21156777514283776,0.45996497164766553,0.10645590679069183,0.22211223723632767,0.3392053259051834
artificial,artificial,mlp_small,500,6,cgre132,427,0.28044298089632447,0.5295686743910788,0.09240587831756242,0.2702854275293801,0.30884772289942086
artificial,artificial,mlp_small,500,6,cgre1338,1024,0.1892383652819266,0.43501536212176073,0.02061962358902414,0.22392703503620662,0.22702260199441734
artificial,artificial,mlp_small,500,6,cgre4111,821,0.5636229693740221,0.7507482729743853,0.06244491730482771,0.27131361289375555,0.2639172644065917
artificial,artificial,mlp_small,500,6,cgre9708,418,0.20297801393681333,0.4505308135264594,0.07993503786689493,0.24508388549244697,0.28677027382458264
artificial,artificial,mlp_small,500,7,cgre132,426,0.3073227011900183,0.5543669373168085,0.10109998840950862,0.31336347160546607,0.3222817907619181
artificial,artificial,mlp_small,500,7,cgre1338,1025,0.19462108695353994,0.4411588001542528,0.023325899702569486,0.22184144562303512,0.22805490515153998
artificial,artificial,mlp_small,500,7,cgre4111,821,0.5503602537661011,0.7418626919896303,0.09732719439322512,0.2851669717309806,0.33521971948276047
artificial,artificial,mlp_small,500,7,cgre9708,418,0.1979514141941183,0.444917311636801,0.04996663447380223,0.24164402247585168,0.23711716923305048
artificial,artificial,mlp_small,500,8,cgre132,426,0.2820088707531701,0.5310450741256999,-0.0891336097800206,0.280804518528723,0.2836390647381575
artificial,artificial,mlp_small,500,8,cgre1338,1024,0.19923591482984454,0.44635850482526324,0.024332500562306958,0.16894028400521974,0.20989011158439097
artificial,artificial,mlp_small,500,8,cgre4111,822,0.5793686508774111,0.7611626967195719,0.08431856807825311,0.27433300778757674,0.31068762902427743
artificial,artificial,mlp_small,500,8,cgre9708,418,0.16706410279305967,0.408734758484105,0.056750375185317004,0.2128632007234119,0.3242503811632168
artificial,artificial,mlp_small,500,9,cgre132,426,0.2877159733773726,0.5363916231424318,0.05724470597324949,0.29867963809860126,0.25830999679301575
artificial,artificial,mlp_small,500,9,cgre1338,1024,0.18259668729603556,0.42731333620194395,0.07158499631537818,0.262741534936027,0.272084706109471
artificial,artificial,mlp_small,500,9,cgre4111,822,0.5589074556264414,0.7476011340457165,0.05719063123206758,0.2873921324327736,0.2876720607782219
artificial,artificial,mlp_small,500,9,cgre9708,418,0.18173873905297958,0.4263082676338562,0.05269077898298735,0.22527563144346166,0.2573334266462548
artificial,artificial,mlp_small,1000,0,cgre132,427,0.2714915083732205,0.5210484702724119,0.09443286881041846,0.3379743120117333,0.3098035495267286
artificial,artificial,mlp_small,1000,0,cgre1338,1024,0.19086558209653948,0.436881656855194,0.03523486390787578,0.29036164498451694,0.2828550783433932
artificial,artificial,mlp_small,1000,0,cgre4111,822,0.5552827621571044,0.7451729746556194,0.09090914005510231,0.28866233785608214,0.30315975036725473
artificial,artificial,mlp_small,1000,0,cgre9708,418,0.16787728351775855,0.4097283045113659,0.07437600288489954,0.24456382502715082,0.3194334918288949
artificial,artificial,mlp_small,1000,1,cgre132,427,0.2678602199530438,0.5175521422552938,0.08397663487800155,0.31613170922759376,0.31359311182267513
artificial,artificial,mlp_small,1000,1,cgre1338,1024,0.19764861502976638,0.4445768943948464,0.016371009675675507,0.31706847955102935,0.3110459191728555
artificial,artificial,mlp_small,1000,1,cgre4111,822,0.5294049415373341,0.727602186319787,0.09719057761299854,0.3004438334520745,0.35353925291820715
artificial,artificial,mlp_small,1000,1,cgre9708,418,0.22400100129184278,0.4732874404543636,0.018035746405242636,0.31331394899382364,0.3035763947533003
artificial,artificial,mlp_small,1000,2,cgre132,427,0.24009792511957656,0.489997882770504,0.17827652013046713,0.4230609642225962,0.4398939053641918
artificial,artificial,mlp_small,1000,2,cgre1338,1024,0.19801539978427637,0.44498921311002176,0.05601827103397561,0.28463670882205006,0.2889275929443636
artificial,artificial,mlp_small,1000,2,cgre4111,821,0.5260390275261847,0.7252854800188576,0.11484030356217301,0.32542772225316186,0.36161014473214426
artificial,artificial,mlp_small,1000,2,cgre9708,418,0.20844596989886302,0.4565588350901371,0.03982607340189326,0.272060621236559,0.23897442239675581
artificial,artificial,mlp_small,1000,3,cgre132,427,0.28828756172439185,0.5369241675734031,0.10510601557310684,0.3658465269940464,0.33934655421231374
artificial,artificial,mlp_small,1000,3,cgre1338,1024,0.18353154907287003,0.42840582287460804,0.06947647335777962,0.26728924174693763,0.27914157280590923
artificial,artificial,mlp_small,1000,3,cgre4111,821,0.557847384389925,0.7468918157202722,0.1100246554148574,0.39267617210248507,0.38896119074603613
artificial,artificial,mlp_small,1000,3,cgre9708,418,0.19132466412809093,0.4374067490655476,0.09612306961077888,0.2812722455706475,0.3806338762046504
artificial,artificial,mlp_small,1000,4,cgre132,427,0.2844853629283582,0.5333716930325026,0.1053338977150301,0.34111091262003446,0.3502341140501135
artificial,artificial,mlp_small,1000,4,cgre1338,1024,0.18599453668299892,0.4312708391289619,0.07017518350703278,0.28455946281466576,0.29442223170409665
artificial,artificial,mlp_small,1000,4,cgre4111,821,0.5303757906432842,0.728269037268017,0.12540207642482493,0.38842857889808585,0.4108021480534552
artificial,artificial,mlp_small,1000,4,cgre9708,418,0.15083905485898502,0.388380039212863,0.14212412165977006,0.30958834875748087,0.40259255916446096
artificial,artificial,mlp_small,1000,5,cgre132,427,0.2887349378433573,0.5373406162234131,0.07388479858098318,0.31647938804883846,0.2940652563507982
artificial,artificial,mlp_small,1000,5,cgre1338,1024,0.1786098841744849,0.42262262619798874,0.07949104272627827,0.3340332663054295,0.34140233314004254
artificial,artificial,mlp_small,1000,5,cgre4111,821,0.5291715057952208,0.727441754228626,0.13897399917451048,0.34958161762580336,0.38877142633846046
artificial,artificial,mlp_small,1000,5,cgre9708,418,0.20308141042356725,0.450645548545159,0.14229757059135562,0.3101174598846562,0.39830530230768313
artificial,artificial,mlp_small,1000,6,cgre132,427,0.27557998642448145,0.5249571281776079,0.10814392668059325,0.30796654863941403,0.35511157113642194
artificial,artificial,mlp_small,1000,6,cgre1338,1024,0.1812245511089366,0.42570476989215966,0.06209415402865148,0.26440330810928653,0.2740275077144086
artificial,artificial,mlp_small,1000,6,cgre4111,821,0.5468256447517139,0.7394766018960397,0.09038632127709045,0.3213384832479859,0.3546610217096352
artificial,artificial,mlp_small,1000,6,cgre9708,418,0.20125363660687126,0.44861301430840284,0.08775134827414044,0.2802288987836175,0.34438233791597994
artificial,artificial,mlp_small,1000,7,cgre132,426,0.2958596836085109,0.5439298517350476,0.13462861026848416,0.3838638536664097,0.3675885588525055
artificial,artificial,mlp_small,1000,7,cgre1338,1025,0.20164598287536817,0.4490500894948894,-0.011927391765135242,0.2630492341592808,0.27413835323819397
artificial,artificial,mlp_small,1000,7,cgre4111,821,0.5125158441236292,0.7159021190942441,0.15939766404421918,0.3737467273991604,0.42474432591617306
artificial,artificial,mlp_small,1000,7,cgre9708,418,0.1845032542805341,0.42953842002844644,0.11450873777147352,0.34025740603882276,0.3494288462253636
artificial,artificial,mlp_small,1000,8,cgre132,426,0.22197731368374757,0.4711446844481508,0.14271153139272574,0.34538424374598603,0.38715317850526926
artificial,artificial,mlp_small,1000,8,cgre1338,1024,0.19170211064283726,0.43783799588756256,0.061225888477172696,0.2576282080558771,0.2837011267936077
artificial,artificial,mlp_small,1000,8,cgre4111,822,0.5574478497255102,0.7466243029298673,0.11896398867055857,0.3330410096437134,0.3945761777684168
artificial,artificial,mlp_small,1000,8,cgre9708,418,0.14989440104235574,0.3871619829507486,0.15369109712240747,0.2297292712255585,0.3958734754851636
artificial,artificial,mlp_small,1000,9,cgre132,426,0.26583897757011005,0.5155957501474484,0.12892878166982613,0.44303863683547773,0.40264152320835955
artificial,artificial,mlp_small,1000,9,cgre1338,1024,0.18042392979496852,0.42476338094869776,0.08263240737869348,0.3054197367484488,0.30839826341774573
artificial,artificial,mlp_small,1000,9,cgre4111,822,0.5224967978778333,0.7228393997824367,0.11861101291209752,0.36613376886138177,0.37377367017246416
artificial,artificial,mlp_small,1000,9,cgre9708,418,0.17199677621447326,0.4147249404297664,0.10347054820451707,0.2771090934356779,0.3696642609777837
artificial,artificial,mlp_small,2500,0,cgre132,427,0.2629636985747415,0.5127998621048386,0.12287760470957187,0.49889094405913625,0.39196575044444687
artificial,artificial,mlp_small,2500,0,cgre1338,1024,0.18095149134160252,0.42538393404265107,0.08534745629542617,0.4050644304305096,0.3932713415802883
artificial,artificial,mlp_small,2500,0,cgre4111,822,0.4728021616051949,0.6876061093425472,0.22594369396998226,0.45058411683603045,0.4826189779862149
artificial,artificial,mlp_small,2500,0,cgre9708,418,0.14806796785947043,0.38479600811270176,0.18359851087121537,0.41937918655683193,0.4891657236298335
artificial,artificial,mlp_small,2500,1,cgre132,427,0.2410169268008875,0.49093474800719444,0.17577482622013163,0.5232022629421855,0.512508069822756
artificial,artificial,mlp_small,2500,1,cgre1338,1024,0.20334504922695817,0.45093796605182646,-0.011978178690703167,0.4012119399694178,0.38466565598312363
artificial,artificial,mlp_small,2500,1,cgre4111,822,0.4523394929176554,0.6725618877974393,0.22861249625298674,0.4565566448515292,0.5090631645410918
artificial,artificial,mlp_small,2500,1,cgre9708,418,0.19149938282835033,0.4376064245738976,0.16051469663789586,0.4664859404114351,0.5121304344850587
artificial,artificial,mlp_small,2500,2,cgre132,427,0.2107903958256302,0.45911915210066134,0.27858011478171585,0.5622759076290129,0.5599625075724305
artificial,artificial,mlp_small,2500,2,cgre1338,1024,0.2006099562385067,0.4478950281466704,0.04364946592976382,0.425930378187052,0.4248856244770598
artificial,artificial,mlp_small,2500,2,cgre4111,821,0.4620591089045854,0.6797492985686601,0.2224985615654591,0.4497754561233902,0.4771580944007888
artificial,artificial,mlp_small,2500,2,cgre9708,418,0.205306606374144,0.45310772049717274,0.05428706300035313,0.41426836585946275,0.40010751251842874
artificial,artificial,mlp_small,2500,3,cgre132,427,0.2385287339911952,0.4883940355811025,0.2595659421277674,0.5375712217228604,0.5147949579054794
artificial,artificial,mlp_small,2500,3,cgre1338,1024,0.18923251670614027,0.435008639806315,0.04057199053625937,0.35675106613892865,0.3761176467148971
artificial,artificial,mlp_small,2500,3,cgre4111,821,0.4703490775734449,0.6858200037717221,0.24961719978929298,0.5126878947585518,0.512018529782287
artificial,artificial,mlp_small,2500,3,cgre9708,418,0.13846827071191675,0.3721132498472968,0.3458330317329179,0.47112159861759656,0.5923128393302735
artificial,artificial,mlp_small,2500,4,cgre132,427,0.24701963321945736,0.4970106972887579,0.2231583018351313,0.5133374959944339,0.4894943055530176
artificial,artificial,mlp_small,2500,4,cgre1338,1024,0.1722627838189569,0.4150455201769523,0.13882303099029558,0.41153822221719744,0.4216803647323102
artificial,artificial,mlp_small,2500,4,cgre4111,821,0.463996203994597,0.6811726682674496,0.23486304669329383,0.517504454334951,0.5347128897935345
artificial,artificial,mlp_small,2500,4,cgre9708,418,0.1327824052457522,0.36439320142636056,0.24481877299735222,0.45376967355651326,0.5238672812747389
artificial,artificial,mlp_small,2500,5,cgre132,427,0.2552039210383565,0.5051771184825739,0.18143528974805767,0.552236661889523,0.48535367052865247
artificial,artificial,mlp_small,2500,5,cgre1338,1024,0.17831053113844958,0.42226831652214875,0.08103383053072244,0.4025575034268701,0.43642568377772856
artificial,artificial,mlp_small,2500,5,cgre4111,821,0.4532787330423646,0.6732597812452223,0.2624607135937803,0.4705985580490716,0.5147693770843503
artificial,artificial,mlp_small,2500,5,cgre9708,418,0.16186291754891224,0.4023219078659678,0.3163814584342569,0.5085247788875275,0.5980672081246855
artificial,artificial,mlp_small,2500,6,cgre132,427,0.2314368565793419,0.4810788465307344,0.2510037872913471,0.47403528240206105,0.5059993786931458
artificial,artificial,mlp_small,2500,6,cgre1338,1024,0.17645598866722936,0.4200666478872482,0.08677327484086506,0.3770533361551898,0.3785910805408377
artificial,artificial,mlp_small,2500,6,cgre4111,821,0.480365236794001,0.6930838598568004,0.20093946879688052,0.45141933441226617,0.46405458666144817
artificial,artificial,mlp_small,2500,6,cgre9708,418,0.1751306674999502,0.4184861616588417,0.20616234321887172,0.45198678285004673,0.48497234585257054
artificial,artificial,mlp_small,2500,7,cgre132,426,0.24947636992519706,0.4994760954492187,0.27029695187191394,0.546604081445436,0.5213539778244998
artificial,artificial,mlp_small,2500,7,cgre1338,1025,0.1820966990122879,0.4267278980946616,0.08617749258889651,0.36606947183189864,0.3836471563014643
artificial,artificial,mlp_small,2500,7,cgre4111,821,0.44201132285860445,0.6648393210833761,0.2750355822673436,0.5117543205978398,0.5477644000727323
artificial,artificial,mlp_small,2500,7,cgre9708,418,0.16517983977874606,0.40642322741047426,0.2072481030714305,0.4798026907509907,0.5186641808673024
artificial,artificial,mlp_small,2500,8,cgre132,426,0.19653964837524215,0.44332792419973066,0.24095317949349582,0.47479189505402714,0.4979947360909885
artificial,artificial,mlp_small,2500,8,cgre1338,1024,0.18652275876291013,0.4318828067461243,0.08658941443438861,0.37593968127175187,0.38088348714130005
artificial,artificial,mlp_small,2500,8,cgre4111,822,0.48625385710195373,0.6973190497196773,0.23148477661971234,0.48638075730793595,0.5266472095831376
artificial,artificial,mlp_small,2500,8,cgre9708,418,0.14490994308943136,0.380670386409859,0.18183351680082438,0.3187955966165046,0.4485378470496792
artificial,artificial,mlp_small,2500,9,cgre132,426,0.24226711812090765,0.4922063775703314,0.20616639564353023,0.5100353325352307,0.513201124684303
artificial,artificial,mlp_small,2500,9,cgre1338,1024,0.21284283530710546,0.4613489301029162,-0.08220189890696883,0.38090225546863743,0.3825213671040348
artificial,artificial,mlp_small,2500,9,cgre4111,822,0.44793442205549516,0.6692790315372917,0.24438873474281386,0.4634721639243176,0.5136518104470249
artificial,artificial,mlp_small,2500,9,cgre9708,418,0.16584515067019476,0.4072409000459001,0.1355357624384511,0.43849140781434637,0.5419200076460697
artificial,artificial,mlp_small,5000,0,cgre132,427,0.2594933590070174,0.5094049067362989,0.13445301443574786,0.6384765093732505,0.5583421421405244
artificial,artificial,mlp_small,5000,0,cgre1338,1024,0.16077692748023087,0.4009699832658685,0.18732349427733308,0.46830098124506153,0.51088500900492
artificial,artificial,mlp_small,5000,0,cgre4111,822,0.3248023152980374,0.5699143052231953,0.46824422393496623,0.6151991451906369,0.6963845519452583
artificial,artificial,mlp_small,5000,0,cgre9708,418,0.135908922136345,0.36865827284403235,0.2506397702215555,0.595523295240364,0.6268606425329546
artificial,artificial,mlp_small,5000,1,cgre132,427,0.18734630709288208,0.43283519622701905,0.35931660663727816,0.6567851504284172,0.6652610583788112
artificial,artificial,mlp_small,5000,1,cgre1338,1024,0.16206842394178228,0.4025772273015232,0.1934413495318369,0.4917244289475659,0.5275290002757835
artificial,artificial,mlp_small,5000,1,cgre4111,822,0.29060669561294455,0.5390794891413924,0.5044200716256148,0.6059696805538657,0.7177557410176375
artificial,artificial,mlp_small,5000,1,cgre9708,418,0.12055278946339304,0.347207127610297,0.4715267822845328,0.6124052762449116,0.7299250535315102
artificial,artificial,mlp_small,5000,2,cgre132,427,0.17524574218390632,0.4186236283153476,0.40022996438657243,0.7207877262040144,0.7030809717505788
artificial,artificial,mlp_small,5000,2,cgre1338,1024,0.15239269778995201,0.39037507321799125,0.2735114415430492,0.5187318363704948,0.5584568616840581
artificial,artificial,mlp_small,5000,2,cgre4111,821,0.31466552659318914,0.5609505562820926,0.470516012265246,0.5676798505966973,0.6919050753856598
artificial,artificial,mlp_small,5000,2,cgre9708,418,0.15293352898029286,0.3910671668400364,0.2955354948778307,0.5663901455489252,0.6644774429290246
artificial,artificial,mlp_small,5000,3,cgre132,427,0.21721231302717767,0.4660604177863399,0.32573576498140666,0.648491993788994,0.6231855505023054
artificial,artificial,mlp_small,5000,3,cgre1338,1024,0.16973046746748052,0.41198357669630536,0.13944935372520462,0.4415335107586161,0.45739704728505937
artificial,artificial,mlp_small,5000,3,cgre4111,821,0.3736656539763596,0.6112819758314157,0.4038634428286667,0.60542508050943,0.6431443398082606
artificial,artificial,mlp_small,5000,3,cgre9708,418,0.12215430963759677,0.3495058077308541,0.42290523319500084,0.6129285290198777,0.7221151642615891
artificial,artificial,mlp_small,5000,4,cgre132,427,0.18843558572939081,0.4340916789451173,0.4073968190104933,0.7020378286322629,0.6810662179538234
artificial,artificial,mlp_small,5000,4,cgre1338,1024,0.15973659923801017,0.39967061342812055,0.2014439954930688,0.4703841504978305,0.5215207449738062
artificial,artificial,mlp_small,5000,4,cgre4111,821,0.31678815256361986,0.5628393665723994,0.4776114118834245,0.6458551629006818,0.7054992394207416
artificial,artificial,mlp_small,5000,4,cgre9708,418,0.1272829417431047,0.3567673496034982,0.27609619705138333,0.6237939588906664,0.6797551518918536
artificial,artificial,mlp_small,5000,5,cgre132,427,0.1959232813477845,0.44263221905752015,0.37157750799622347,0.7406701585335516,0.6710544028245191
artificial,artificial,mlp_small,5000,5,cgre1338,1024,0.16172408174814865,0.40214932767337636,0.16651608311548927,0.46933242794947205,0.5377374238864467
artificial,artificial,mlp_small,5000,5,cgre4111,821,0.3326678541226685,0.5767736593523222,0.4587091918186469,0.6074014027378314,0.6950651281206488
artificial,artificial,mlp_small,5000,5,cgre9708,418,0.11977161151268184,0.3460803541270175,0.49415162148837366,0.6740212473850102,0.7494529889607728
artificial,artificial,mlp_small,5000,6,cgre132,427,0.14592275778545533,0.3819983740612718,0.5277519987753589,0.7076384578205587,0.746860458593715
artificial,artificial,mlp_small,5000,6,cgre1338,1024,0.16884161264681075,0.41090341036162104,0.1261805612116933,0.3974967938362234,0.4174901862431329
artificial,artificial,mlp_small,5000,6,cgre4111,821,0.34248430945192915,0.5852215900425489,0.4302966299854243,0.6006827117269148,0.6638715913244602
artificial,artificial,mlp_small,5000,6,cgre9708,418,0.11813502511566636,0.3437077612095286,0.46451393773379535,0.6336112770835864,0.7381224417133547
artificial,artificial,mlp_small,5000,7,cgre132,426,0.17879296833094735,0.4228391754922282,0.4770415570257036,0.7110516798399535,0.7048893734712455
artificial,artificial,mlp_small,5000,7,cgre1338,1025,0.14159083406826203,0.3762855751530505,0.2894495522625725,0.511269929641313,0.5563107968803171
artificial,artificial,mlp_small,5000,7,cgre4111,821,0.3070548849191222,0.5541253332226583,0.4963842455036649,0.6330948021239649,0.7065561895201927
artificial,artificial,mlp_small,5000,7,cgre9708,418,0.1542952052389705,0.39280428363113673,0.2594870124343368,0.6309159831237916,0.6512860008287704
artificial,artificial,mlp_small,5000,8,cgre132,426,0.1498158334827668,0.3870605036460925,0.4214030959823838,0.7095671036828493,0.7009922690259939
artificial,artificial,mlp_small,5000,8,cgre1338,1024,0.17177676477305942,0.41445960571937457,0.15880122973429645,0.47169426827940003,0.5210997538766433
artificial,artificial,mlp_small,5000,8,cgre4111,822,0.31453256338718727,0.560832027782996,0.5028871037598861,0.6362003904274822,0.7203570998086148
artificial,artificial,mlp_small,5000,8,cgre9708,418,0.12943208843555457,0.3597667139071576,0.26922201230119935,0.5417696492391406,0.6781006108169328
artificial,artificial,mlp_small,5000,9,cgre132,426,0.20651283104100318,0.45443682843823646,0.3233220162823637,0.6934487930475816,0.6659000088235996
artificial,artificial,mlp_small,5000,9,cgre1338,1024,0.14583294233597682,0.3818807959769342,0.258510689864335,0.514965423879079,0.5604138738734352
artificial,artificial,mlp_small,5000,9,cgre4111,822,0.2988340333592772,0.5466571442497365,0.4959030810529299,0.5911016652017738,0.7159742138911508
artificial,artificial,mlp_small,5000,9,cgre9708,418,0.1463510455415372,0.38255855178199477,0.23714836105161174,0.5706668344784341,0.6831215543355114
artificial,artificial,mlp_small,10000,0,cgre132,427,0.15819665051744147,0.39773942539989854,0.4723308738778549,0.7730770548323289,0.7057020681711452
artificial,artificial,mlp_small,10000,0,cgre1338,1024,0.1229734051460472,0.35067564093624637,0.37840834031863313,0.5366058324511639,0.6203261638059097
artificial,artificial,mlp_small,10000,0,cgre4111,822,0.2025274439882414,0.4500304922871798,0.6684286623584739,0.6814708405845648,0.8213157971418854
artificial,artificial,mlp_small,10000,0,cgre9708,418,0.0835765299881006,0.28909605668030236,0.5391845749969363,0.6832529757869232,0.7501919206451615
artificial,artificial,mlp_small,10000,1,cgre132,427,0.13947542336956056,0.3734640857827705,0.5230245585208688,0.7435968258758747,0.7505516510284884
artificial,artificial,mlp_small,10000,1,cgre1338,1024,0.11861282402414305,0.3444021254640323,0.40970488299746666,0.5476875591305589,0.643391349067775
artificial,artificial,mlp_small,10000,1,cgre4111,822,0.1958457458947627,0.4425446258794278,0.6660186355367949,0.6491546698700933,0.8189298858247724
artificial,artificial,mlp_small,10000,1,cgre9708,418,0.0879843750076724,0.2966216023954971,0.6142985494076161,0.7251869377275697,0.8283958098966377
artificial,artificial,mlp_small,10000,2,cgre132,427,0.11268787077845649,0.335690141020639,0.614331238934928,0.7953607966166849,0.8007505042955387
artificial,artificial,mlp_small,10000,2,cgre1338,1024,0.11932232622172537,0.34543063879992664,0.43116497033188594,0.5980735710635467,0.6972475973083729
artificial,artificial,mlp_small,10000,2,cgre4111,821,0.17959715612378546,0.4237890467246475,0.6977939736843692,0.6626509518571131,0.8373063354366309
artificial,artificial,mlp_small,10000,2,cgre9708,418,0.0759095691007047,0.27551691254931104,0.650334381301984,0.6889126257109569,0.8190695918540463
artificial,artificial,mlp_small,10000,3,cgre132,427,0.13637374281288264,0.36928815688142863,0.5766725371464294,0.746189562686368,0.7633908758645196
artificial,artificial,mlp_small,10000,3,cgre1338,1024,0.11147340336122279,0.3338763294413409,0.4348185641842375,0.5714981516360251,0.6765033722064135
artificial,artificial,mlp_small,10000,3,cgre4111,821,0.1984902041703006,0.44552239468998706,0.6833338422005353,0.7072293497973168,0.8303147838904419
artificial,artificial,mlp_small,10000,3,cgre9708,418,0.08366669798661468,0.2892519628051203,0.6047326229653636,0.6790303808618416,0.8107205372306393
artificial,artificial,mlp_small,10000,4,cgre132,427,0.13189155518757287,0.3631687695652985,0.5852197723308372,0.77984665767652,0.7787438271785152
artificial,artificial,mlp_small,10000,4,cgre1338,1024,0.12142148730556829,0.3484558613448313,0.39298909438062535,0.5442087290060671,0.6474674993430016
artificial,artificial,mlp_small,10000,4,cgre4111,821,0.21153487789152634,0.45992920965244893,0.6511756980022335,0.7012106336384047,0.8229907048236019
artificial,artificial,mlp_small,10000,4,cgre9708,418,0.06681791984407742,0.2584916243209389,0.6199824924075985,0.6763012485575001,0.804267515364403
artificial,artificial,mlp_small,10000,5,cgre132,427,0.1391985635465323,0.3730932370688757,0.5535216254775785,0.7987101404196589,0.751988937066142
artificial,artificial,mlp_small,10000,5,cgre1338,1024,0.11884393638521233,0.3447374890916454,0.3875092161563358,0.5215962479291707,0.6354400333969425
artificial,artificial,mlp_small,10000,5,cgre4111,821,0.22279166812264725,0.4720081229413825,0.6374910271621523,0.6762926641623853,0.8031416224087677
artificial,artificial,mlp_small,10000,5,cgre9708,418,0.08372650857112617,0.28935533271589475,0.646386000286391,0.7478278364642024,0.8160909580212321
artificial,artificial,mlp_small,10000,6,cgre132,427,0.09464584644275134,0.3076456507782149,0.6936988274815988,0.8402520547003514,0.8337297567102269
artificial,artificial,mlp_small,10000,6,cgre1338,1024,0.12526689026455004,0.35393062916982765,0.3516962907793387,0.504427142003215,0.6070687394483025
artificial,artificial,mlp_small,10000,6,cgre4111,821,0.21469547331179897,0.46335242883986155,0.6428661655526908,0.6803410776211092,0.8037904530936745
artificial,artificial,mlp_small,10000,6,cgre9708,418,0.05700284334469346,0.23875268238219535,0.7416157647510477,0.7601026981851703,0.8662678372857968
artificial,artificial,mlp_small,10000,7,cgre132,426,0.14282405062197143,0.37792069356145536,0.5822484305182826,0.7928395364604037,0.7683810115443492
artificial,artificial,mlp_small,10000,7,cgre1338,1025,0.12566571388468575,0.3544936020363213,0.36936716381684265,0.5510276950603602,0.6452637591810594
artificial,artificial,mlp_small,10000,7,cgre4111,821,0.19855851857447848,0.44559905585007525,0.6743344494587681,0.6943583839262635,0.8228730897272989
artificial,artificial,mlp_small,10000,7,cgre9708,418,0.09855706519479754,0.3139379957806916,0.5269925161960248,0.7136768174202425,0.7619184593966466
artificial,artificial,mlp_small,10000,8,cgre132,426,0.09661718154267336,0.31083304448316523,0.6268591856018397,0.8346915436689569,0.8018074522645462
artificial,artificial,mlp_small,10000,8,cgre1338,1024,0.12903744663455796,0.3592178261647909,0.3680976494660334,0.545369226506667,0.6356142822665193
artificial,artificial,mlp_small,10000,8,cgre4111,822,0.22773382414393611,0.4772146520633415,0.6400709049871288,0.6785818591357016,0.8032574507655724
artificial,artificial,mlp_small,10000,8,cgre9708,418,0.07143072904768336,0.26726527841768627,0.5966996664871465,0.6335652712410088,0.7954213727168884
artificial,artificial,mlp_small,10000,9,cgre132,426,0.13326025856761656,0.3650482962124554,0.5633477947947868,0.8012694877073434,0.7705441094751313
artificial,artificial,mlp_small,10000,9,cgre1338,1024,0.11550112679458677,0.3398545671233311,0.4127331626519468,0.5746900341845671,0.6462290271514203
artificial,artificial,mlp_small,10000,9,cgre4111,822,0.20814980691657997,0.4562343771753505,0.6488764175667876,0.6311530368246786,0.809662973074943
artificial,artificial,mlp_small,10000,9,cgre9708,418,0.07582236533886626,0.2753586122474949,0.6047775712590917,0.6974286064376056,0.8072985485962323
artificial,artificial,mlp_small,15000,0,cgre132,427,0.1367999048027403,0.3698647114861599,0.5437002870494021,0.7983713063724511,0.7615694092804279
artificial,artificial,mlp_small,15000,0,cgre1338,1024,0.1095115389853836,0.33092527704208935,0.44645381502332615,0.5595511205091555,0.6741075074973815
artificial,artificial,mlp_small,15000,0,cgre4111,822,0.17765197286695833,0.4214878086812931,0.7091539738112065,0.6986501261992021,0.8450057962111571
artificial,artificial,mlp_small,15000,0,cgre9708,418,0.06505778644897565,0.2550642790532921,0.6412912630314791,0.6905872920294852,0.823503222355084
artificial,artificial,mlp_small,15000,1,cgre132,427,0.10822651501204947,0.32897798560397545,0.6298889902571461,0.7722122180319974,0.7959184040542426
artificial,artificial,mlp_small,15000,1,cgre1338,1024,0.10467827461751672,0.32354022101976243,0.4790523295323187,0.5925389381442792,0.6924200304273562
artificial,artificial,mlp_small,15000,1,cgre4111,822,0.14930844653507577,0.3864045115356131,0.7453800261433218,0.6766666825499692,0.8635394744093419
artificial,artificial,mlp_small,15000,1,cgre9708,418,0.06596502582505893,0.2568365741576907,0.7108258580359224,0.7594560270067395,0.8514424198418582
artificial,artificial,mlp_small,15000,2,cgre132,427,0.09532681287382322,0.3087504054634151,0.6737486158593924,0.8300404541543731,0.8216010294796998
artificial,artificial,mlp_small,15000,2,cgre1338,1024,0.10266115549531153,0.32040779562194105,0.5105923318706986,0.62848761956591,0.7293326961795006
artificial,artificial,mlp_small,15000,2,cgre4111,821,0.14894060826233585,0.38592824237458423,0.7493793868931291,0.69403694204755,0.8676184179045148
artificial,artificial,mlp_small,15000,2,cgre9708,418,0.06436359994018946,0.25369982250720924,0.7035190917121278,0.736360829708733,0.8449969594891529
artificial,artificial,mlp_small,15000,3,cgre132,427,0.10796553101746892,0.3285810874311985,0.6648564937901956,0.7953455372960915,0.8156821345822001
artificial,artificial,mlp_small,15000,3,cgre1338,1024,0.09885578711754484,0.3144134016188636,0.4987911554046368,0.6058274354615077,0.7202081957731765
artificial,artificial,mlp_small,15000,3,cgre4111,821,0.15561538901436442,0.3944811643340711,0.7517352176666202,0.7275079135230821,0.8685276917816818
artificial,artificial,mlp_small,15000,3,cgre9708,418,0.06519667037049763,0.25533638669507647,0.6919907500967566,0.7416037488846764,0.8466389605852921
artificial,artificial,mlp_small,15000,4,cgre132,427,0.11083622296504775,0.332920745771494,0.6514358047408615,0.7983623817922771,0.8084071526227157
artificial,artificial,mlp_small,15000,4,cgre1338,1024,0.10832997511184901,0.32913519275800485,0.4584362475079631,0.5676544321787252,0.6828227316315549
artificial,artificial,mlp_small,15000,4,cgre4111,821,0.16683380524691005,0.4084529412881122,0.7248884616808815,0.7180494729058434,0.8550321473982606
artificial,artificial,mlp_small,15000,4,cgre9708,418,0.05690710640007274,0.23855210416190575,0.6763488479001478,0.7391095749906424,0.8437215642858737
artificial,artificial,mlp_small,15000,5,cgre132,427,0.11686481985468006,0.34185496903611046,0.6251569450274475,0.8314495522237146,0.7973232713107399
artificial,artificial,mlp_small,15000,5,cgre1338,1024,0.1061972515664921,0.32587919781184577,0.45268694531312226,0.5380665496717164,0.6782206704702343
artificial,artificial,mlp_small,15000,5,cgre4111,821,0.1753302927617577,0.41872460252743415,0.7147164215250874,0.6934453429632328,0.8485583859058451
artificial,artificial,mlp_small,15000,5,cgre9708,418,0.07115262046639394,0.2667444853532945,0.6994910794369038,0.7607479185336862,0.8419982142088094
artificial,artificial,mlp_small,15000,6,cgre132,427,0.0885417392821498,0.29755963987434486,0.7134534733613961,0.8528565180616808,0.8498955849569487
artificial,artificial,mlp_small,15000,6,cgre1338,1024,0.1084626071797535,0.32933661682198884,0.43866483475500606,0.5494335275381322,0.6730054062778148
artificial,artificial,mlp_small,15000,6,cgre4111,821,0.15943164940808827,0.39928892973395624,0.7347944257647259,0.6865202374249597,0.8575500005372954
artificial,artificial,mlp_small,15000,6,cgre9708,418,0.05551728433342088,0.23562106088679952,0.7483495521644887,0.7440461662058104,0.8780591242209854
artificial,artificial,mlp_small,15000,7,cgre132,426,0.13007385688263354,0.36065753407163637,0.6195419635234651,0.7873205981237711,0.7895356176566581
artificial,artificial,mlp_small,15000,7,cgre1338,1025,0.10625445691982133,0.3259669567913615,0.466779382752435,0.5847698123916498,0.6911142583263807
artificial,artificial,mlp_small,15000,7,cgre4111,821,0.16709941378687332,0.4087779516887785,0.7259320679026569,0.7146407091168697,0.8547710177398082
artificial,artificial,mlp_small,15000,7,cgre9708,418,0.07851578632451756,0.2802066850104001,0.6231771466120014,0.7161762497408668,0.8074352755104541
artificial,artificial,mlp_small,15000,8,cgre132,426,0.0803040524141694,0.2833796965454113,0.6898613782884873,0.8440944606889166,0.8335676957871991
artificial,artificial,mlp_small,15000,8,cgre1338,1024,0.10628557572960794,0.32601468637104053,0.47951461468698775,0.5821292504861377,0.6932060884294979
artificial,artificial,mlp_small,15000,8,cgre4111,822,0.18475822609545303,0.42983511500975935,0.7079930424709792,0.7143226933976888,0.8449337621174349
artificial,artificial,mlp_small,15000,8,cgre9708,418,0.05528261794841026,0.23512255942042282,0.6878724527482531,0.6835451970845204,0.834773844250973
artificial,artificial,mlp_small,15000,9,cgre132,426,0.10785232929279483,0.3284087838240549,0.6466016355632231,0.8129987252347256,0.8096684399587234
artificial,artificial,mlp_small,15000,9,cgre1338,1024,0.10266218273789147,0.3204093986416308,0.47801292467949275,0.5830698249519571,0.6932967821402842
artificial,artificial,mlp_small,15000,9,cgre4111,822,0.16256278251846185,0.40319075202497123,0.7257762213967882,0.6532304195189405,0.8534199033664944
artificial,artificial,mlp_small,15000,9,cgre9708,418,0.051927204023596164,0.22787541338107575,0.7293305794377476,0.7124746510919389,0.8591126686028193
artificial,artificial,mlp_small,17500,0,cgre132,427,0.11892309665626893,0.3448522823706825,0.6033288550478235,0.8213640977689376,0.7820012398048235
artificial,artificial,mlp_small,17500,0,cgre1338,1024,0.1116827796890651,0.3341897360618143,0.43547888015048697,0.559878303939194,0.6627442646949963
artificial,artificial,mlp_small,17500,0,cgre4111,822,0.17369353016261027,0.4167655577931198,0.7156346073323319,0.6995689918659914,0.8549699690085617
artificial,artificial,mlp_small,17500,0,cgre9708,418,0.06482990431299958,0.25461717207014845,0.6425477354329461,0.6368676728773045,0.8171330931329701
artificial,artificial,mlp_small,17500,1,cgre132,427,0.1046523189071335,0.3235001065025072,0.6421119591780444,0.7620590652940354,0.8037897945057395
artificial,artificial,mlp_small,17500,1,cgre1338,1024,0.1002429583052909,0.31661168377886956,0.5011253691299231,0.6120548171424995,0.7096880727182625
artificial,artificial,mlp_small,17500,1,cgre4111,822,0.13702304383135488,0.37016623810303784,0.7663306755394718,0.6838510079432417,0.8758069207277649
artificial,artificial,mlp_small,17500,1,cgre9708,418,0.05802748577361659,0.2408889490483459,0.7456220444236701,0.7548786107289387,0.8710760560667239
artificial,artificial,mlp_small,17500,2,cgre132,427,0.09662808247965393,0.3108505790241574,0.669295083875644,0.8400442489470298,0.8181420197227174
artificial,artificial,mlp_small,17500,2,cgre1338,1024,0.09975375626735894,0.31583818050919515,0.5244525253353844,0.6337526555740759,0.7329090173350059
artificial,artificial,mlp_small,17500,2,cgre4111,821,0.14887558606721804,0.38584399187653295,0.7494887989775574,0.6839215411938783,0.8675800947365779
artificial,artificial,mlp_small,17500,2,cgre9708,418,0.06378577852805441,0.2525584655640242,0.7061807361393688,0.747837232656787,0.8464104378922571
artificial,artificial,mlp_small,17500,3,cgre132,427,0.10436251955102101,0.3230518836828242,0.6760408586925838,0.7893658873726501,0.834402380739544
artificial,artificial,mlp_small,17500,3,cgre1338,1024,0.09581883211845726,0.30954617122241596,0.5141888245807558,0.6243860877192674,0.7171322503235219
artificial,artificial,mlp_small,17500,3,cgre4111,821,0.15301165868438907,0.39116704703283617,0.7558891419521321,0.7159478854753736,0.8703851646967333
artificial,artificial,mlp_small,17500,3,cgre9708,418,0.06057066304386184,0.24611107866949394,0.7138454405069705,0.7491567580898706,0.8653786902300256
artificial,artificial,mlp_small,17500,4,cgre132,427,0.12296853942980963,0.3506687032368438,0.6132813908494525,0.7755900772476343,0.8124331331952965
artificial,artificial,mlp_small,17500,4,cgre1338,1024,0.10245874159923522,0.32009177058967825,0.48778774740044606,0.582014288967939,0.7024075039699013
artificial,artificial,mlp_small,17500,4,cgre4111,821,0.15237333932338223,0.390350277729352,0.7487339947797953,0.7223642147047784,0.8668225470310884
artificial,artificial,mlp_small,17500,4,cgre9708,418,0.062325685832992174,0.24965112824297866,0.6455314405999112,0.7390647192941292,0.8609902264820669
artificial,artificial,mlp_small,17500,5,cgre132,427,0.11593747183277307,0.34049592043484617,0.6281314070253918,0.8365515600112087,0.8020168994980661
artificial,artificial,mlp_small,17500,5,cgre1338,1024,0.10175651777711243,0.3189929744949133,0.47557333398575985,0.5606773332450493,0.6980185700654511
artificial,artificial,mlp_small,17500,5,cgre4111,821,0.16861459409364857,0.41062707423360256,0.7256436749837964,0.698982601504679,0.8572471451555909
artificial,artificial,mlp_small,17500,5,cgre9708,418,0.07114461350450711,0.2667294762573254,0.699524896370951,0.7662297604611631,0.8477306223869872
artificial,artificial,mlp_small,17500,6,cgre132,427,0.0744609605515212,0.27287535717158706,0.7590229219665443,0.8428449832920074,0.8726308124386348
artificial,artificial,mlp_small,17500,6,cgre1338,1024,0.10235470643409408,0.3199292209756622,0.47027553971143976,0.5584528862559454,0.6887289510281368
artificial,artificial,mlp_small,17500,6,cgre4111,821,0.16508639234393296,0.4063082479398283,0.7253880792016608,0.6833568833721392,0.8526427250878965
artificial,artificial,mlp_small,17500,6,cgre9708,418,0.04925276871068463,0.2219296481110278,0.7767455405645395,0.7800605256151191,0.892357812897488
artificial,artificial,mlp_small,17500,7,cgre132,426,0.12641016547721812,0.3555420727244782,0.6302580356978915,0.7827909708119881,0.7941355236782586
artificial,artificial,mlp_small,17500,7,cgre1338,1025,0.09946900355227607,0.31538706941197836,0.500831070915288,0.5984155985327113,0.7125904337489899
artificial,artificial,mlp_small,17500,7,cgre4111,821,0.15854107388769842,0.39817216613884304,0.7399690203083948,0.7162691631614739,0.8617768832374239
artificial,artificial,mlp_small,17500,7,cgre9708,418,0.07442390181923851,0.2728074445817755,0.6428154342378862,0.7299227988910576,0.8154306940783866
artificial,artificial,mlp_small,17500,8,cgre132,426,0.0728806935619314,0.2699642449694615,0.7185307942605363,0.8202007415757807,0.8487762119878545
artificial,artificial,mlp_small,17500,8,cgre1338,1024,0.10557103110247676,0.32491696031828926,0.48301377280908186,0.5847110307310465,0.7046846718125559
artificial,artificial,mlp_small,17500,8,cgre4111,822,0.15680630557139277,0.3959877593706563,0.7521705356295623,0.7247169506805499,0.8687755375019603
artificial,artificial,mlp_small,17500,8,cgre9708,418,0.05083829623993999,0.22547349343091305,0.7129652447603292,0.6979778871274679,0.857364571175699
artificial,artificial,mlp_small,17500,9,cgre132,426,0.10072519511481817,0.3173723288423522,0.6699550260568179,0.8125360067832259,0.821016437696975
artificial,artificial,mlp_small,17500,9,cgre1338,1024,0.10063732056298463,0.3172338578446264,0.48830836021786683,0.5923410837638816,0.7049528524807851
artificial,artificial,mlp_small,17500,9,cgre4111,822,0.1667026837185968,0.4082923997805945,0.7187927081192884,0.6603890300179545,0.8531406545902118
artificial,artificial,mlp_small,17500,9,cgre9708,418,0.040812233700242076,0.20202037941812226,0.7872671202848497,0.7153243840752938,0.8875242059756785
artificial,artificial,mlp_deep,500,0,cgre132,427,0.293845437471617,0.5420751216128785,0.019870745060227013,0.2451419195863832,0.2233162831720433
artificial,artificial,mlp_deep,500,0,cgre1338,1024,0.20303701437192032,0.4505962875700601,-0.026287875742767586,0.11885954449739293,0.12436486651331365
artificial,artificial,mlp_deep,500,0,cgre4111,822,0.5924304674527788,0.7696950483488761,0.030092126357368132,0.16800711577127503,0.17940737653584016
artificial,artificial,mlp_deep,500,0,cgre9708,418,0.16772713670061273,0.40954503622997646,0.07520386651319044,0.14862974284749933,0.2840309329172416
artificial,artificial,mlp_deep,500,1,cgre132,427,0.2797879775138177,0.5289498818544321,0.04318631289180008,0.2520336130516256,0.22714219141342443
artificial,artificial,mlp_deep,500,1,cgre1338,1024,0.19359083914965197,0.4399895898196365,0.03656516075190863,0.2619325628547853,0.26351071578527663
artificial,artificial,mlp_deep,500,1,cgre4111,822,0.53518407783794,0.7315627641138797,0.08733525081855098,0.25747920988770107,0.30829079469448434
artificial,artificial,mlp_deep,500,1,cgre9708,418,0.22422413373742567,0.4735231079233892,0.017057589682210383,0.18136592802929322,0.19430028726071244
artificial,artificial,mlp_deep,500,2,cgre132,427,0.27556981830052696,0.5249474433698358,0.05687568966642109,0.30279763458951964,0.3422357156255217
artificial,artificial,mlp_deep,500,2,cgre1338,1024,0.20043344978123884,0.44769794480345654,0.04449090993304283,0.2527631959739993,0.2535951845804541
artificial,artificial,mlp_deep,500,2,cgre4111,821,0.5503958277882445,0.7418866677520526,0.0738554016860693,0.2560772258548683,0.28130783774849605
artificial,artificial,mlp_deep,500,2,cgre9708,418,0.21174983919548895,0.46016283986811557,0.024607313561885724,0.21669637329400562,0.18544276031149076
artificial,artificial,mlp_deep,500,3,cgre132,427,0.30513611011056163,0.5523912654184184,0.0528052346898743,0.2901775599205775,0.30421127696580236
artificial,artificial,mlp_deep,500,3,cgre1338,1024,0.18900277964255924,0.43474449926659137,0.041736780697317566,0.25041620959851113,0.24822470174371347
artificial,artificial,mlp_deep,500,3,cgre4111,821,0.5994509387843604,0.7742421706316186,0.0436514166147024,0.2983624473412101,0.31085236216724893
artificial,artificial,mlp_deep,500,3,cgre9708,418,0.20009781415468197,0.4473229416816021,0.054675993500559184,0.2224771073695064,0.30189792744014565
artificial,artificial,mlp_deep,500,4,cgre132,427,0.2953075136984521,0.5434220401294486,0.07129976904086532,0.25642244094603794,0.2980867249262798
artificial,artificial,mlp_deep,500,4,cgre1338,1024,0.185237294093583,0.4303920237336921,0.07396079444110215,0.2886651105626516,0.2964232024671995
artificial,artificial,mlp_deep,500,4,cgre4111,821,0.5565048362043643,0.7459925175257218,0.08231487411303684,0.3343305751432056,0.341277886050945
artificial,artificial,mlp_deep,500,4,cgre9708,418,0.16209177912204806,0.4026062333372995,0.07812583739631895,0.18983070425004697,0.2881585348103118
artificial,artificial,mlp_deep,500,5,cgre132,427,0.29214736857557544,0.5405065851361808,0.06293945196480355,0.2925019089564197,0.29545680757232873
artificial,artificial,mlp_deep,500,5,cgre1338,1024,0.1836616437664789,0.42855763179119666,0.05345558575301734,0.23187019915345944,0.23475098721152318
artificial,artificial,mlp_deep,500,5,cgre4111,821,0.5834268235063214,0.7638238170588302,0.05069403942478201,0.2865082674965719,0.30220453295875394
artificial,artificial,mlp_deep,500,5,cgre9708,418,0.22057183363198024,0.46965075708656134,0.06842779370753183,0.21841616116041856,0.29574331626810907
artificial,artificial,mlp_deep,500,6,cgre132,427,0.27857892909721654,0.5278057683440155,0.09843848590850557,0.27291904764418645,0.3171848857359599
artificial,artificial,mlp_deep,500,6,cgre1338,1024,0.1925023155235053,0.43875085814560555,0.0037274420727566593,0.22010348451211184,0.22077073749894974
artificial,artificial,mlp_deep,500,6,cgre4111,821,0.5596016845487357,0.7480652943084151,0.06913409824984762,0.2775891214784489,0.272499324152533
artificial,artificial,mlp_deep,500,6,cgre9708,418,0.20633418977425771,0.45424023354856813,0.06472206117597334,0.22092506740883153,0.2628078021433874
artificial,artificial,mlp_deep,500,7,cgre132,426,0.3077684993272749,0.5547688701858413,0.09979605625872623,0.3259855497880457,0.3230907722742885
artificial,artificial,mlp_deep,500,7,cgre1338,1025,0.19668714488298336,0.4434942444756001,0.01295772582692345,0.21861394553082697,0.23009881686528266
artificial,artificial,mlp_deep,500,7,cgre4111,821,0.54738250434,0.7398530288780333,0.10221114705960888,0.2799273902925046,0.3381490039277977
artificial,artificial,mlp_deep,500,7,cgre9708,418,0.1959071259952181,0.44261396949849885,0.059777839943656264,0.25743947519152927,0.2632489442812918
artificial,artificial,mlp_deep,500,8,cgre132,426,0.2722881829864548,0.5218124021010374,-0.051591784486966,0.3214681725842034,0.3302099078904808
artificial,artificial,mlp_deep,500,8,cgre1338,1024,0.19501839451699132,0.4416088705143855,0.04498589280327647,0.18345037849277343,0.2137198478178277
artificial,artificial,mlp_deep,500,8,cgre4111,822,0.5921593602159292,0.7695189147876283,0.06410308865137748,0.298811038308911,0.3332641990589128
artificial,artificial,mlp_deep,500,8,cgre9708,418,0.16314990808624907,0.40391819479474933,0.07885005205739792,0.21910595610147132,0.3233320243516903
artificial,artificial,mlp_deep,500,9,cgre132,426,0.28329938925144177,0.532258761554417,0.07171647136520609,0.3289671296826281,0.2968279033959263
artificial,artificial,mlp_deep,500,9,cgre1338,1024,0.18389031721743976,0.4288243430793543,0.06500751976839214,0.2693775592854489,0.276570131377469
artificial,artificial,mlp_deep,500,9,cgre4111,822,0.5599079922435815,0.7482699995613759,0.05550284681098183,0.28347420614924246,0.2947136344385779
artificial,artificial,mlp_deep,500,9,cgre9708,418,0.17994124510860213,0.42419481975691564,0.0620601770381517,0.23894281544302592,0.27286403474878396
artificial,artificial,mlp_deep,1000,0,cgre132,427,0.2683728803580925,0.5180471796642585,0.10483513531897015,0.33675626367197636,0.32588525093648885
artificial,artificial,mlp_deep,1000,0,cgre1338,1024,0.19600016163991418,0.4427190549772103,0.009281188669381546,0.264869021376548,0.2623203686456773
artificial,artificial,mlp_deep,1000,0,cgre4111,822,0.5589856088914692,0.7476534015782107,0.08484695993463343,0.2794685589752504,0.29153940911320014
artificial,artificial,mlp_deep,1000,0,cgre9708,418,0.1593699068104823,0.3992116065578283,0.12128307612164246,0.2510937785033375,0.35013595020988797
artificial,artificial,mlp_deep,1000,1,cgre132,427,0.2748095968911266,0.524222850409181,0.0602112857364242,0.3220697437374005,0.3259185500637098
artificial,artificial,mlp_deep,1000,1,cgre1338,1024,0.19492363821613695,0.4415015721559063,0.02993227946470911,0.32542699841791456,0.3243186800081193
artificial,artificial,mlp_deep,1000,1,cgre4111,822,0.5136970937350456,0.7167266520334273,0.12397762074135754,0.3077222988179745,0.3634583077498966
artificial,artificial,mlp_deep,1000,1,cgre9708,418,0.20740495486242735,0.4554173414160108,0.09078865487752419,0.3208511835288595,0.320287635420774
artificial,artificial,mlp_deep,1000,2,cgre132,427,0.23312608523295242,0.4828313217190372,0.20213730330831758,0.42385861052634166,0.45098172869491254
artificial,artificial,mlp_deep,1000,2,cgre1338,1024,0.21571239146891888,0.4644484809630869,-0.0283470703797013,0.2912777725616226,0.2933939893710694
artificial,artificial,mlp_deep,1000,2,cgre4111,821,0.5177941434547573,0.7195791432877674,0.12871387320233907,0.3208726485544765,0.35938933597717476
artificial,artificial,mlp_deep,1000,2,cgre9708,418,0.21620420469066373,0.4649776389146727,0.004088971997976976,0.2886523805392682,0.23741013079881695
artificial,artificial,mlp_deep,1000,3,cgre132,427,0.2815839891516647,0.5306448804536464,0.12591505337418174,0.379811425624376,0.3627729507614052
artificial,artificial,mlp_deep,1000,3,cgre1338,1024,0.19115434518819513,0.43721201400258336,0.030828125648958093,0.2671328783393482,0.2882547943130072
artificial,artificial,mlp_deep,1000,3,cgre4111,821,0.5397648596198918,0.7346869126504785,0.13887304955186563,0.39290789297725254,0.4033306636491847
artificial,artificial,mlp_deep,1000,3,cgre9708,418,0.19473294350747644,0.44128555778257283,0.08002130292331533,0.32134760642692195,0.4162844649286598
artificial,artificial,mlp_deep,1000,4,cgre132,427,0.27657249377404347,0.5259016008475763,0.13021874849016302,0.35507658407571385,0.3608627467711518
artificial,artificial,mlp_deep,1000,4,cgre1338,1024,0.19022222181929452,0.4361447257726436,0.04904011886400006,0.3031411093166578,0.3140094131058656
artificial,artificial,mlp_deep,1000,4,cgre4111,821,0.5130400118578451,0.7162681145059056,0.15398904513038003,0.402617411325146,0.41700806298045345
artificial,artificial,mlp_deep,1000,4,cgre9708,418,0.14658379137358146,0.38286262728762316,0.1663253333653355,0.3128776021952059,0.40803823532957684
artificial,artificial,mlp_deep,1000,5,cgre132,427,0.28918609719680305,0.5377602599642364,0.07243770825443896,0.3407805496992989,0.322611960378393
artificial,artificial,mlp_deep,1000,5,cgre1338,1024,0.1861914961381913,0.4314991264628369,0.04041738364284475,0.3359466919138015,0.35188300011251306
artificial,artificial,mlp_deep,1000,5,cgre4111,821,0.521555010176099,0.7221876557904455,0.15136695815173695,0.3577419499959179,0.3990772613954866
artificial,artificial,mlp_deep,1000,5,cgre9708,418,0.1992188530120075,0.4463393921804432,0.1586108553411285,0.3242049400656909,0.41447054466158106
artificial,artificial,mlp_deep,1000,6,cgre132,427,0.2631886706455053,0.5130191718108644,0.14824578740452843,0.3409503551838344,0.3870014188672011
artificial,artificial,mlp_deep,1000,6,cgre1338,1024,0.18625931867870466,0.43157770873702994,0.03603732062557752,0.28478644346233095,0.30074744472878956
artificial,artificial,mlp_deep,1000,6,cgre4111,821,0.5459559137980144,0.7388882958864719,0.09183306976060934,0.32569310984791994,0.35052099299886685
artificial,artificial,mlp_deep,1000,6,cgre9708,418,0.20047410341022087,0.4477433454672675,0.09128484023786088,0.27638576786257313,0.3448099541497521
artificial,artificial,mlp_deep,1000,7,cgre132,426,0.30085468821929107,0.5485022226201923,0.12001852879666774,0.40877047856164905,0.4007137667975671
artificial,artificial,mlp_deep,1000,7,cgre1338,1025,0.21202021504732163,0.4604565289441791,-0.06398877951824189,0.2687403123397276,0.28642149067417316
artificial,artificial,mlp_deep,1000,7,cgre4111,821,0.5239956060999232,0.7238754078568516,0.14056914421574473,0.3678416487893313,0.42977972472507475
artificial,artificial,mlp_deep,1000,7,cgre9708,418,0.1879794920660872,0.4335660181172957,0.09782513944395799,0.3534762844752558,0.37509300422041914
artificial,artificial,mlp_deep,1000,8,cgre132,426,0.22469321862205663,0.4740181627554546,0.13222255868282495,0.343841021054,0.38132265544372224
artificial,artificial,mlp_deep,1000,8,cgre1338,1024,0.19897940712923262,0.44607107856173844,0.025588630648372357,0.2562178451958774,0.2780164369919411
artificial,artificial,mlp_deep,1000,8,cgre4111,822,0.540810670691025,0.7353983075116675,0.14525874227582292,0.3433394437227981,0.4025204578821311
artificial,artificial,mlp_deep,1000,8,cgre9708,418,0.15445850051982937,0.39301208698948353,0.12792203573956484,0.23699162208960994,0.40323909229694654
artificial,artificial,mlp_deep,1000,9,cgre132,426,0.24511959385731494,0.4950955401307054,0.19681972444549534,0.48002537888856767,0.44828364737548226
artificial,artificial,mlp_deep,1000,9,cgre1338,1024,0.20367460016840128,0.45130322419455554,-0.035585899536281884,0.297656286704978,0.30911771687508927
artificial,artificial,mlp_deep,1000,9,cgre4111,822,0.5105657058299493,0.7145388063848942,0.13873732407352168,0.3614212180788075,0.3848888548090348
artificial,artificial,mlp_deep,1000,9,cgre9708,418,0.16671262854086688,0.40830457815320526,0.13101405292182278,0.29543091798445,0.40853571808848077
artificial,artificial,mlp_deep,2500,0,cgre132,427,0.26847695179861036,0.5181476158380065,0.10448800226721,0.5582116322190707,0.4907077348155877
artificial,artificial,mlp_deep,2500,0,cgre1338,1024,0.17609159224622922,0.4196326872947688,0.1099127087659858,0.41107658871374686,0.441740660142589
artificial,artificial,mlp_deep,2500,0,cgre4111,822,0.47750654572957185,0.6910184843617223,0.21824182944149007,0.4815004744177544,0.5540270996206333
artificial,artificial,mlp_deep,2500,0,cgre9708,418,0.14141903230972724,0.37605721946231435,0.22025870795775537,0.48073142051195744,0.5640688223229566
artificial,artificial,mlp_deep,2500,1,cgre132,427,0.21931464206239618,0.4683104120798471,0.24999189324290028,0.5548225086419468,0.5573010669494459
artificial,artificial,mlp_deep,2500,1,cgre1338,1024,0.1756049599991719,0.4190524549494632,0.1260746781660208,0.4042249522104424,0.4132336392842471
artificial,artificial,mlp_deep,2500,1,cgre4111,822,0.4334332517641408,0.6583564777262702,0.26085385124628946,0.4726358256387636,0.549052840779962
artificial,artificial,mlp_deep,2500,1,cgre9708,418,0.1589269021037035,0.3986563709558691,0.3033042892649187,0.49644543309523403,0.5784718001894926
artificial,artificial,mlp_deep,2500,2,cgre132,427,0.19166460807700786,0.437795166804075,0.34403719383067843,0.639901766967671,0.6418175143523126
artificial,artificial,mlp_deep,2500,2,cgre1338,1024,0.18092928609482484,0.42535783300043367,0.13747142649284338,0.4293133311217616,0.4599993476812967
artificial,artificial,mlp_deep,2500,2,cgre4111,821,0.4491326295340238,0.6701735816443556,0.24424979665815683,0.4591543195058276,0.5436534205852616
artificial,artificial,mlp_deep,2500,2,cgre9708,418,0.18330918488102232,0.42814621904324035,0.1556147623573242,0.479149578783686,0.5314765296507173
artificial,artificial,mlp_deep,2500,3,cgre132,427,0.22195171337034345,0.4711175154569648,0.3110238543061048,0.6109167645677959,0.5913104819661581
artificial,artificial,mlp_deep,2500,3,cgre1338,1024,0.18859876608738754,0.4342795943713998,0.04378517030699913,0.3854379689288082,0.4310340783557028
artificial,artificial,mlp_deep,2500,3,cgre4111,821,0.43064526136848974,0.6562356751720297,0.31295964522711417,0.5491839162702675,0.5690293320734179
artificial,artificial,mlp_deep,2500,3,cgre9708,418,0.14205565062520972,0.3769027071078287,0.3288851386897276,0.5024397473392055,0.6336195248751608
artificial,artificial,mlp_deep,2500,4,cgre132,427,0.23576796183986837,0.4855594318308196,0.2585432118837486,0.5535182218665547,0.5484003287550063
artificial,artificial,mlp_deep,2500,4,cgre1338,1024,0.1710886155821648,0.41362859618523085,0.14469293870251976,0.41752255876706573,0.43981895086108597
artificial,artificial,mlp_deep,2500,4,cgre4111,821,0.4406437335315756,0.6638100131299434,0.2733716335059332,0.5228853469249423,0.55759648826764
artificial,artificial,mlp_deep,2500,4,cgre9708,418,0.12636695650833205,0.35548130261426136,0.28130573405466075,0.4768575413475521,0.588924771689916
artificial,artificial,mlp_deep,2500,5,cgre132,427,0.2431227194257785,0.4930747604834165,0.22018565556241698,0.6020888622681393,0.5518657216589851
artificial,artificial,mlp_deep,2500,5,cgre1338,1024,0.1640378659154989,0.4050158835348299,0.15459144041674955,0.39290498405389107,0.4452350143946982
artificial,artificial,mlp_deep,2500,5,cgre4111,821,0.45743463348935137,0.6763391408822584,0.25569856124334256,0.48552036634803153,0.5407583625342769
artificial,artificial,mlp_deep,2500,5,cgre9708,418,0.14472665523800357,0.38042956672425393,0.3887554575334108,0.5576704320116503,0.6566257785837979
artificial,artificial,mlp_deep,2500,6,cgre132,427,0.22309863699499247,0.47233318430424986,0.2779886633465999,0.49167837158073235,0.5327123657647383
artificial,artificial,mlp_deep,2500,6,cgre1338,1024,0.17062469584763293,0.4130674228835202,0.11695242877780943,0.3921804772665815,0.4113910746089867
artificial,artificial,mlp_deep,2500,6,cgre4111,821,0.47200192942435143,0.687023965684132,0.21485135982798165,0.4592032663250382,0.4787485488376789
artificial,artificial,mlp_deep,2500,6,cgre9708,418,0.17197703995107969,0.4147011453457534,0.22045720281995496,0.46370052759665203,0.5132348928984946
artificial,artificial,mlp_deep,2500,7,cgre132,426,0.24506361209263644,0.49503900057736505,0.28320399730485846,0.5491479464694806,0.536812503323246
artificial,artificial,mlp_deep,2500,7,cgre1338,1025,0.1836418371396175,0.4285345226928835,0.07842346955898116,0.36387267234659304,0.393297561685243
artificial,artificial,mlp_deep,2500,7,cgre4111,821,0.4242864725647683,0.6513727600727316,0.3041069772930769,0.5104534656643859,0.5566534911667029
artificial,artificial,mlp_deep,2500,7,cgre9708,418,0.14892381716431985,0.38590648759034857,0.28526605478613065,0.48689145345969775,0.5421891682674305
artificial,artificial,mlp_deep,2500,8,cgre132,426,0.1863298129212097,0.4316593714043629,0.28038411978133915,0.5753883765466473,0.6149040303890211
artificial,artificial,mlp_deep,2500,8,cgre1338,1024,0.17606155474114313,0.4195968955332524,0.13781841487711421,0.3816550147258192,0.41161002010475434
artificial,artificial,mlp_deep,2500,8,cgre4111,822,0.39291268889430625,0.6268274793707646,0.3790087657623561,0.5450495239067217,0.6216572322488918
artificial,artificial,mlp_deep,2500,8,cgre9708,418,0.16190771864249753,0.4023775821818327,0.08586349604194288,0.4039463318843464,0.5643532321326034
artificial,artificial,mlp_deep,2500,9,cgre132,426,0.23543390135833364,0.4852153144309582,0.22855671065638317,0.5689553327680646,0.5781720853059802
artificial,artificial,mlp_deep,2500,9,cgre1338,1024,0.1791785465933485,0.4232948695570837,0.08896457291161064,0.3688502090232518,0.400111220343907
artificial,artificial,mlp_deep,2500,9,cgre4111,822,0.4446236587582221,0.6668010638550467,0.249973592527442,0.4632465714216389,0.5514359046461794
artificial,artificial,mlp_deep,2500,9,cgre9708,418,0.1274988902637105,0.3570698674821365,0.33541481004201457,0.4717230668788909,0.633027237150095
artificial,artificial,mlp_deep,5000,0,cgre132,427,0.22123439403104275,0.47035560380529406,0.26206680745334743,0.6391994775146779,0.5877020326607459
artificial,artificial,mlp_deep,5000,0,cgre1338,1024,0.15597203208206015,0.39493294631121895,0.2116107204592641,0.44832289243809254,0.5159991527023299
artificial,artificial,mlp_deep,5000,0,cgre4111,822,0.3364710886319303,0.5800612800661067,0.4491404881312433,0.5951579542785118,0.6917242243903268
artificial,artificial,mlp_deep,5000,0,cgre9708,418,0.10018260607303085,0.31651635988212495,0.4476237503276198,0.6096315602012875,0.7063823387393819
artificial,artificial,mlp_deep,5000,1,cgre132,427,0.16394773585013853,0.40490460092488273,0.4393346024881818,0.673554838076242,0.6871351202954497
artificial,artificial,mlp_deep,5000,1,cgre1338,1024,0.1320427642991107,0.36337689015553903,0.34286870207713527,0.5087079678235625,0.590797148791724
artificial,artificial,mlp_deep,5000,1,cgre4111,822,0.292301894812648,0.5406495119878015,0.5015291998368645,0.5802227360766115,0.7120145522240884
artificial,artificial,mlp_deep,5000,1,cgre9708,418,0.10353545478119999,0.32176925704796594,0.5461265128794889,0.6300163098900469,0.739061258321938
artificial,artificial,mlp_deep,5000,2,cgre132,427,0.14467261134177486,0.3803585299973893,0.5048650188277588,0.7106906800077313,0.7183969640673138
artificial,artificial,mlp_deep,5000,2,cgre1338,1024,0.1507686345602869,0.38828936962050214,0.28125369804006706,0.49637344822858787,0.5636863906492283
artificial,artificial,mlp_deep,5000,2,cgre4111,821,0.31636296520962487,0.5624615233148174,0.4676597522316285,0.5574111331942283,0.6908157892577331
artificial,artificial,mlp_deep,5000,2,cgre9708,418,0.11752953298001947,0.34282580559231457,0.4586184936680682,0.5635609275040011,0.6842556635899859
artificial,artificial,mlp_deep,5000,3,cgre132,427,0.18675990329143266,0.43215726685019734,0.4202652622681271,0.6864263565150671,0.6633500724079442
artificial,artificial,mlp_deep,5000,3,cgre1338,1024,0.14607938272423893,0.382203326417025,0.2593627467923393,0.48926357224329226,0.5414978060658993
artificial,artificial,mlp_deep,5000,3,cgre4111,821,0.34328109451337435,0.5859019495729421,0.4523381861631922,0.6058206031368114,0.6734132958305891
artificial,artificial,mlp_deep,5000,3,cgre9708,418,0.09215856608348746,0.30357629367835604,0.5646144097509254,0.6641990830542744,0.7905074213934113
artificial,artificial,mlp_deep,5000,4,cgre132,427,0.18424127653917396,0.429233359070767,0.42058732630536,0.6754147799952515,0.6699474961791957
artificial,artificial,mlp_deep,5000,4,cgre1338,1024,0.15425801292934055,0.39275693874117684,0.2288325715230295,0.4212249021875744,0.48466290256520583
artificial,artificial,mlp_deep,5000,4,cgre4111,821,0.32489747602565255,0.5699977859831147,0.46423901143337565,0.5977915021428332,0.6827894513313981
artificial,artificial,mlp_deep,5000,4,cgre9708,418,0.10443409423676285,0.3231626436281936,0.4060457989094024,0.5859863574603112,0.6732101767013361
artificial,artificial,mlp_deep,5000,5,cgre132,427,0.16765146655545313,0.409452642628489,0.46225914717175587,0.7582781814219158,0.7135410512943501
artificial,artificial,mlp_deep,5000,5,cgre1338,1024,0.14393991937673767,0.37939414778925845,0.25817103735364155,0.46769373788292157,0.5474325270630237
artificial,artificial,mlp_deep,5000,5,cgre4111,821,0.32529231424697597,0.5703440314818556,0.4707100866770221,0.5894777802322146,0.6957559760856284
artificial,artificial,mlp_deep,5000,5,cgre9708,418,0.09969514259879965,0.3157453762112751,0.578943410778535,0.6903459256922765,0.7943209692721493
artificial,artificial,mlp_deep,5000,6,cgre132,427,0.13987089794445628,0.3739931790079283,0.5473375573063007,0.6861036252024033,0.7414776010967433
artificial,artificial,mlp_deep,5000,6,cgre1338,1024,0.15973294876509264,0.3996660465502325,0.17332135450584318,0.40693766005959914,0.4889827403711711
artificial,artificial,mlp_deep,5000,6,cgre4111,821,0.3413064259880062,0.584214366468342,0.4322559728235099,0.581568896157708,0.6736445983729229
artificial,artificial,mlp_deep,5000,6,cgre9708,418,0.09523294633030396,0.30859835762736,0.5683251823200357,0.6219446883256234,0.7554486898484902
artificial,artificial,mlp_deep,5000,7,cgre132,426,0.1701243690025897,0.41246135455650834,0.5023966772513198,0.7272523366720031,0.713871353280586
artificial,artificial,mlp_deep,5000,7,cgre1338,1025,0.15166675910157987,0.38944416686038563,0.23888517010531296,0.47801571634025913,0.5340797983192562
artificial,artificial,mlp_deep,5000,7,cgre4111,821,0.36273834171838637,0.6022776284392326,0.4050550809593132,0.5857386016915574,0.6632027176381579
artificial,artificial,mlp_deep,5000,7,cgre9708,418,0.12156403508081405,0.3486603434301269,0.41657456783048297,0.6513735540607123,0.6757380663753403
artificial,artificial,mlp_deep,5000,8,cgre132,426,0.12690770353909114,0.35624107503078745,0.5098755408109116,0.7116236473809103,0.7232577783620762
artificial,artificial,mlp_deep,5000,8,cgre1338,1024,0.1614462516106114,0.40180374763136717,0.20939023098802023,0.45293422219203616,0.5183814417014887
artificial,artificial,mlp_deep,5000,8,cgre4111,822,0.31832069213416175,0.564199159990656,0.4969000363718242,0.6082776276808111,0.7161241926830315
artificial,artificial,mlp_deep,5000,8,cgre9708,418,0.09374259026046028,0.3061741175547997,0.47072613677000485,0.6025998887480224,0.7114950526689648
artificial,artificial,mlp_deep,5000,9,cgre132,426,0.17586500986419618,0.4193626233514334,0.42374534462820757,0.6948090083412723,0.67895689102322
artificial,artificial,mlp_deep,5000,9,cgre1338,1024,0.1422211130661714,0.377122146082899,0.27687507825763646,0.48688724454554255,0.5511093067228958
artificial,artificial,mlp_deep,5000,9,cgre4111,822,0.30852460325118125,0.5554499106590811,0.4795562601422172,0.5601366552690604,0.7083621914748108
artificial,artificial,mlp_deep,5000,9,cgre9708,418,0.09424463308701872,0.306992887681488,0.5087519016588327,0.5992378558043165,0.7282738336523101
artificial,artificial,mlp_deep,10000,0,cgre132,427,0.15105348802219826,0.38865600216926827,0.49615708195043295,0.7831255490321107,0.7415091742791059
artificial,artificial,mlp_deep,10000,0,cgre1338,1024,0.1294167217967978,0.3597453568801101,0.3458394130287361,0.5416694555206261,0.6298747241137039
artificial,artificial,mlp_deep,10000,0,cgre4111,822,0.20124474213070806,0.44860310089288064,0.6705286600788929,0.6712162452957392,0.8240925287347495
artificial,artificial,mlp_deep,10000,0,cgre9708,418,0.0716483261555923,0.26767204963460844,0.6049530427639409,0.6813959830414275,0.8137319541040005
artificial,artificial,mlp_deep,10000,1,cgre132,427,0.11737472551453701,0.3425999496709493,0.5986041112601749,0.757640951830334,0.7782990730381029
artificial,artificial,mlp_deep,10000,1,cgre1338,1024,0.1193250059288434,0.34543451757003585,0.40616059928092174,0.5613899975921158,0.653558244250852
artificial,artificial,mlp_deep,10000,1,cgre4111,822,0.19963565139059083,0.4468060556780658,0.6595556010557526,0.6247810596010718,0.8145771756867106
artificial,artificial,mlp_deep,10000,1,cgre9708,418,0.07644077603652567,0.276479250643743,0.6649027943981587,0.7270973300267187,0.8176877688057477
artificial,artificial,mlp_deep,10000,2,cgre132,427,0.10776010651185612,0.3282683452784568,0.6311962726461146,0.799016097504284,0.80038274559906
artificial,artificial,mlp_deep,10000,2,cgre1338,1024,0.11452382678654349,0.3384136917835085,0.45404044263454657,0.5911743683781672,0.6823481124069615
artificial,artificial,mlp_deep,10000,2,cgre4111,821,0.18265335042071687,0.42737963266950013,0.692651351417636,0.6490222600010078,0.8384046542950065
artificial,artificial,mlp_deep,10000,2,cgre9708,418,0.07230495188904813,0.26889580117407585,0.6669384896168566,0.704713002433054,0.8229575913110048
artificial,artificial,mlp_deep,10000,3,cgre132,427,0.11917992127280008,0.34522445057208806,0.630045105055687,0.7457897376599107,0.7948797317546537
artificial,artificial,mlp_deep,10000,3,cgre1338,1024,0.11743534990935132,0.34268841519571586,0.4045908918541016,0.53051469453246,0.6418496214714297
artificial,artificial,mlp_deep,10000,3,cgre4111,821,0.21561300351920876,0.46434147296920264,0.6560165692738685,0.6484610065358146,0.813930310510536
artificial,artificial,mlp_deep,10000,3,cgre9708,418,0.05892604208074448,0.24274686832324835,0.7216151389646721,0.7217533779584627,0.8502135813079017
artificial,artificial,mlp_deep,10000,4,cgre132,427,0.12959753796639478,0.3599965804926413,0.592434131005462,0.759603855645581,0.7733902304021323
artificial,artificial,mlp_deep,10000,4,cgre1338,1024,0.12058268796940727,0.34725018066144653,0.39718242421025163,0.5547766431191575,0.6445523183056382
artificial,artificial,mlp_deep,10000,4,cgre4111,821,0.21415346877637806,0.46276718636521547,0.6468576009265612,0.6843485612526042,0.8056331137511887
artificial,artificial,mlp_deep,10000,4,cgre9708,418,0.06311325964476122,0.2512235252613919,0.6410522254778013,0.6714809864014214,0.8035203720568935
artificial,artificial,mlp_deep,10000,5,cgre132,427,0.13787407034695828,0.3713139781195401,0.5577699277282991,0.8129088611645358,0.758508402954428
artificial,artificial,mlp_deep,10000,5,cgre1338,1024,0.12029327482727392,0.34683320894527087,0.3800397022254297,0.5243763900027533,0.6345314024415607
artificial,artificial,mlp_deep,10000,5,cgre4111,821,0.21833728163304167,0.4672657505457057,0.6447388523819033,0.6645807214302005,0.8041795967839265
artificial,artificial,mlp_deep,10000,5,cgre9708,418,0.0906568081942993,0.3010926903700907,0.6171162861804682,0.7354910426840929,0.8003364229704116
artificial,artificial,mlp_deep,10000,6,cgre132,427,0.09734402330720297,0.31200003735128456,0.6849667513440214,0.8199640165169056,0.8306235981139521
artificial,artificial,mlp_deep,10000,6,cgre1338,1024,0.12245568575082372,0.3499366882034859,0.36624534128883646,0.5214989475628552,0.6299914572795924
artificial,artificial,mlp_deep,10000,6,cgre4111,821,0.2091623638861452,0.4573427203817124,0.652070181618416,0.6605214524762812,0.8150656399016217
artificial,artificial,mlp_deep,10000,6,cgre9708,418,0.04624032547755813,0.2150356376918908,0.7904004355724169,0.7262239957109508,0.8902707195852309
artificial,artificial,mlp_deep,10000,7,cgre132,426,0.13447083302447627,0.36670264932841196,0.6066810785658592,0.8031225657948687,0.7821677451236674
artificial,artificial,mlp_deep,10000,7,cgre1338,1025,0.13612898942013887,0.3689566226809581,0.31685892650444736,0.5461305801111678,0.6283606967292236
artificial,artificial,mlp_deep,10000,7,cgre4111,821,0.222671738059476,0.47188106346777253,0.6347851772578994,0.6597545107262043,0.8023596589881852
artificial,artificial,mlp_deep,10000,7,cgre9708,418,0.09367505098798973,0.30606380215241025,0.5504228938284477,0.7117119566914637,0.7635220898958064
artificial,artificial,mlp_deep,10000,8,cgre132,426,0.09509520077654311,0.30837509752984776,0.6327371581684618,0.7991278820463765,0.8102205474076869
artificial,artificial,mlp_deep,10000,8,cgre1338,1024,0.1228007189303829,0.35042933514530844,0.3986391937905247,0.5457309882643273,0.6345124846290412
artificial,artificial,mlp_deep,10000,8,cgre4111,822,0.22479626105366393,0.47412684068049127,0.6447136690938635,0.6673929498547148,0.8077413546114133
artificial,artificial,mlp_deep,10000,8,cgre9708,418,0.07882645923669673,0.2807605015608441,0.5549431214880176,0.6915106158071075,0.8020861594367487
artificial,artificial,mlp_deep,10000,9,cgre132,426,0.12080020895665784,0.3475632445421377,0.6041754818942446,0.802404009398726,0.7911083455790925
artificial,artificial,mlp_deep,10000,9,cgre1338,1024,0.11764340211179265,0.3429918397160385,0.4018407386109092,0.5588385042526127,0.6401567015157359
artificial,artificial,mlp_deep,10000,9,cgre4111,822,0.18693915759239185,0.4323646118640977,0.6846562210014758,0.6200593545365661,0.8304958911527165
artificial,artificial,mlp_deep,10000,9,cgre9708,418,0.0689377347241674,0.26255996405424686,0.6406635584656996,0.7076998202938078,0.8333258291017192
artificial,artificial,mlp_deep,15000,0,cgre132,427,0.13206289839537047,0.3634045932502374,0.5595006976348098,0.8203306255616525,0.7672392971695039
artificial,artificial,mlp_deep,15000,0,cgre1338,1024,0.1253285000052366,0.35401765493437837,0.366504080853003,0.5389479414136987,0.6469685271984666
artificial,artificial,mlp_deep,15000,0,cgre4111,822,0.17906796086974555,0.42316422446816737,0.7068357643531551,0.6878888994772571,0.8501439284257755
artificial,artificial,mlp_deep,15000,0,cgre9708,418,0.051712311930179736,0.2274034123098854,0.7148741278994282,0.7418992449990326,0.8506591431840175
artificial,artificial,mlp_deep,15000,1,cgre132,427,0.09908885755314269,0.3147838267019808,0.6611377801532614,0.8078818872915676,0.8181336967179387
artificial,artificial,mlp_deep,15000,1,cgre1338,1024,0.10209811333916717,0.319527953924484,0.49189290234743643,0.604679329981849,0.7044019394052445
artificial,artificial,mlp_deep,15000,1,cgre4111,822,0.14121145327921505,0.3757811241656705,0.75918806084577,0.6591683943908314,0.8717112675587646
artificial,artificial,mlp_deep,15000,1,cgre9708,418,0.07018255884098352,0.2649199102388938,0.6923372502345766,0.7859877563685426,0.8451865345602583
artificial,artificial,mlp_deep,15000,2,cgre132,427,0.10216554227567363,0.31963344986980574,0.6503433968464589,0.8222093399989333,0.8115029894703774
artificial,artificial,mlp_deep,15000,2,cgre1338,1024,0.1052087828388234,0.3243590338480237,0.49844724786657857,0.6160673839119045,0.715979641459112
artificial,artificial,mlp_deep,15000,2,cgre4111,821,0.13893408220285905,0.37273862451167983,0.7662172508266427,0.6855283398277415,0.8769790702007358
artificial,artificial,mlp_deep,15000,2,cgre9708,418,0.06387668221035166,0.25273836711182507,0.7057620024712825,0.7493242892426544,0.8450507734952011
artificial,artificial,mlp_deep,15000,3,cgre132,427,0.10414865401978199,0.3227207059049388,0.6767047339435217,0.8202791130111448,0.8234196990953895
artificial,artificial,mlp_deep,15000,3,cgre1338,1024,0.10201373936041899,0.31939589753223036,0.48278001795796144,0.602904235470742,0.720621937303157
artificial,artificial,mlp_deep,15000,3,cgre4111,821,0.16107711417739776,0.4013441343503076,0.7430217220582902,0.6894891006204643,0.8637102396012988
artificial,artificial,mlp_deep,15000,3,cgre9708,418,0.05639049034989999,0.237466819471479,0.733593870121803,0.7648529657378984,0.8684477926958469
artificial,artificial,mlp_deep,15000,4,cgre132,427,0.1119654061459869,0.3346123221669921,0.6478846838506419,0.8138005008448984,0.8071335473712256
artificial,artificial,mlp_deep,15000,4,cgre1338,1024,0.10511299038406482,0.32421133598945123,0.47451861362213954,0.5878009989291577,0.6961678119747757
artificial,artificial,mlp_deep,15000,4,cgre4111,821,0.16336581632638317,0.404185373716545,0.7306072293214552,0.7116695701878846,0.8559348752032497
artificial,artificial,mlp_deep,15000,4,cgre9708,418,0.05496935057579103,0.2344554340931151,0.6873695612115553,0.7472161330659947,0.8382956278998207
artificial,artificial,mlp_deep,15000,5,cgre132,427,0.12349869450941964,0.3514238103905591,0.6038788405903748,0.8378613954294173,0.7822202156455069
artificial,artificial,mlp_deep,15000,5,cgre1338,1024,0.11063237687814326,0.33261445680869506,0.42982946127815125,0.5658822868939318,0.6677358558662008
artificial,artificial,mlp_deep,15000,5,cgre4111,821,0.16469435697984275,0.40582552529362015,0.73202237460655,0.6890802437028772,0.8614662780714903
artificial,artificial,mlp_deep,15000,5,cgre9708,418,0.07440852854001151,0.2727792670640705,0.6857399425955333,0.7725139934762908,0.8327706266029526
artificial,artificial,mlp_deep,15000,6,cgre132,427,0.08371870124148627,0.2893418414980562,0.7290622112244958,0.8436148083388807,0.8550675736594706
artificial,artificial,mlp_deep,15000,6,cgre1338,1024,0.10981072645887885,0.33137701558629384,0.43168780573095134,0.5595795922302342,0.6613835230807805
artificial,artificial,mlp_deep,15000,6,cgre4111,821,0.1545677112744084,0.3931510031456214,0.7428853130545237,0.6833939981455834,0.8654115691510265
artificial,artificial,mlp_deep,15000,6,cgre9708,418,0.04030349339860884,0.2007572997392843,0.817311089962845,0.7875709794159288,0.9065047313079138
artificial,artificial,mlp_deep,15000,7,cgre132,426,0.13028150587739976,0.36094529485421994,0.6189346029767846,0.8074823796193709,0.7985900638142853
artificial,artificial,mlp_deep,15000,7,cgre1338,1025,0.10636627163553854,0.3261384240403736,0.4662182588856303,0.5921957955304465,0.6937278683675725
artificial,artificial,mlp_deep,15000,7,cgre4111,821,0.169194079687777,0.41133207957534385,0.7224965037741812,0.6958823150532968,0.8546045152641109
artificial,artificial,mlp_deep,15000,7,cgre9708,418,0.08794143095917392,0.296549204954547,0.5779404054097624,0.7249725690096636,0.7905508548024167
artificial,artificial,mlp_deep,15000,8,cgre132,426,0.06930270440515678,0.26325406816449537,0.7323491831490281,0.8609778633226552,0.8702617513980104
artificial,artificial,mlp_deep,15000,8,cgre1338,1024,0.11294262399147287,0.33606937377790447,0.4469147411308728,0.5898687237924901,0.6820089163788032
artificial,artificial,mlp_deep,15000,8,cgre4111,822,0.16380545986909703,0.40472887204781555,0.741108501776234,0.7235476051086049,0.8654603219429806
artificial,artificial,mlp_deep,15000,8,cgre9708,418,0.048397613853707104,0.21999457687340182,0.7267454207922661,0.7715131329839239,0.8579035242186444
artificial,artificial,mlp_deep,15000,9,cgre132,426,0.10702683237328016,0.3271495565842634,0.6493065308873853,0.828936667255219,0.8122689472087197
artificial,artificial,mlp_deep,15000,9,cgre1338,1024,0.11095082571026323,0.33309281846095573,0.43586922202151956,0.5689723393778019,0.6835087878288656
artificial,artificial,mlp_deep,15000,9,cgre4111,822,0.16543103609544016,0.40673214293370047,0.7209378240607816,0.6450618123384734,0.8553957193618094
artificial,artificial,mlp_deep,15000,9,cgre9708,418,0.04087484615217192,0.2021752857106227,0.7869407542421848,0.7693657976259927,0.8877277345217938
artificial,artificial,mlp_deep,17500,0,cgre132,427,0.12331028717334594,0.35115564522494286,0.5886952646481194,0.8230245893556762,0.7783125168264676
artificial,artificial,mlp_deep,17500,0,cgre1338,1024,0.11305932396037248,0.336242953770592,0.4285208843365902,0.5465922504013848,0.6593447054364605
artificial,artificial,mlp_deep,17500,0,cgre4111,822,0.15720769250970992,0.39649425280791895,0.7426246840106834,0.6991544025637155,0.8657600958382612
artificial,artificial,mlp_deep,17500,0,cgre9708,418,0.05265260824254106,0.22946156157958364,0.7096896216167279,0.7510982763954286,0.8519698478208484
artificial,artificial,mlp_deep,17500,1,cgre132,427,0.08831800837775533,0.29718345912542865,0.6979717285035965,0.8409633287642807,0.8435247756622799
artificial,artificial,mlp_deep,17500,1,cgre1338,1024,0.10493576268725185,0.3239378994302023,0.4777709002138487,0.5975052281380537,0.7013253131883087
artificial,artificial,mlp_deep,17500,1,cgre4111,822,0.16230176470173144,0.4028669317550541,0.7232221482155774,0.6695544367868747,0.8637216556258607
artificial,artificial,mlp_deep,17500,1,cgre9708,418,0.05739588220491837,0.23957437718779187,0.7483908361849911,0.7792196408110862,0.8674855284984442
artificial,artificial,mlp_deep,17500,2,cgre132,427,0.10096245945723632,0.31774590391889607,0.6544608893222693,0.8200992379896046,0.8112875833299211
artificial,artificial,mlp_deep,17500,2,cgre1338,1024,0.10082521307061493,0.31752986169904546,0.5193446617714804,0.6243232144667361,0.7225236098276879
artificial,artificial,mlp_deep,17500,2,cgre4111,821,0.13374675958230198,0.3657140407234893,0.7749458977061916,0.6826804669492436,0.8836230024715617
artificial,artificial,mlp_deep,17500,2,cgre9708,418,0.07169354406678992,0.26775650144635127,0.6697548446163576,0.7348450194736167,0.8245364828717278
artificial,artificial,mlp_deep,17500,3,cgre132,427,0.09584366567885248,0.3095862814771554,0.7024848406625848,0.8243505771876548,0.8413113904492789
artificial,artificial,mlp_deep,17500,3,cgre1338,1024,0.09312185991508204,0.3051587454343756,0.5278627465773729,0.6303987586318555,0.736121234709053
artificial,artificial,mlp_deep,17500,3,cgre4111,821,0.13855793919743936,0.37223371582574216,0.7789482336336371,0.7141176000395442,0.8865000749728104
artificial,artificial,mlp_deep,17500,3,cgre9708,418,0.05484228831441198,0.2341843041589508,0.740908055722685,0.7772130925727205,0.8761696761902555
artificial,artificial,mlp_deep,17500,4,cgre132,427,0.1125575164081303,0.335495926067859,0.6460225810875969,0.8358351173126057,0.8254502757861184
artificial,artificial,mlp_deep,17500,4,cgre1338,1024,0.10127678335455866,0.3182401347324983,0.4936965989589833,0.5855166388183226,0.7083615907388796
artificial,artificial,mlp_deep,17500,4,cgre4111,821,0.15000565915725408,0.38730564049243343,0.752638336179832,0.7161477938630134,0.8735060275226163
artificial,artificial,mlp_deep,17500,4,cgre9708,418,0.057238976699355536,0.23924668586911613,0.6744613823179852,0.7540826693772973,0.8472055921488912
artificial,artificial,mlp_deep,17500,5,cgre132,427,0.11588792282588638,0.3404231525996526,0.6282903351025956,0.8512034363373437,0.7942329335378567
artificial,artificial,mlp_deep,17500,5,cgre1338,1024,0.1012764790283504,0.318239656592874,0.47804732902873437,0.5695000440055724,0.6941448687226736
artificial,artificial,mlp_deep,17500,5,cgre4111,821,0.16065250453770707,0.40081480079671095,0.7385989570681264,0.688351272419153,0.8595046707482861
artificial,artificial,mlp_deep,17500,5,cgre9708,418,0.07367368918440526,0.2714289763168355,0.6888434935272212,0.798421851918138,0.8350438449776953
artificial,artificial,mlp_deep,17500,6,cgre132,427,0.08535736714243461,0.2921598315005583,0.7237590172049885,0.8502082223002577,0.8538260846802037
artificial,artificial,mlp_deep,17500,6,cgre1338,1024,0.10544901549242536,0.32472914173573236,0.4542613157153407,0.5570753578625625,0.6905384658251692
artificial,artificial,mlp_deep,17500,6,cgre4111,821,0.14037392359435222,0.3746650818989571,0.7664958798788539,0.6816390104154827,0.8765475581057811
artificial,artificial,mlp_deep,17500,6,cgre9708,418,0.03815581581989934,0.19533513718709017,0.8270461487103633,0.7790043629147995,0.9128446756506207
artificial,artificial,mlp_deep,17500,7,cgre132,426,0.12451525632991663,0.35286719361527025,0.635800528484388,0.798845019930384,0.808320096248214
artificial,artificial,mlp_deep,17500,7,cgre1338,1025,0.09782230700865036,0.3127655783628537,0.5090947482504806,0.5987403153585991,0.7178692997139131
artificial,artificial,mlp_deep,17500,7,cgre4111,821,0.16476312279757094,0.4059102398284268,0.7297639331719894,0.6907839278404886,0.8610359969546685
artificial,artificial,mlp_deep,17500,7,cgre9708,418,0.06311473515199048,0.2512264618864631,0.6970918116708168,0.7501876381613933,0.8356936014284932
artificial,artificial,mlp_deep,17500,8,cgre132,426,0.07538074770657419,0.27455554575818386,0.7088754490654431,0.8720638585612033,0.8634115369894995
artificial,artificial,mlp_deep,17500,8,cgre1338,1024,0.10872630788877434,0.329736725113801,0.46756223629896054,0.5867719733293013,0.6879658077931979
artificial,artificial,mlp_deep,17500,8,cgre4111,822,0.15604402318602553,0.39502407924837385,0.7533753088341614,0.7062354958787115,0.8685354201306457
artificial,artificial,mlp_deep,17500,8,cgre9708,418,0.05581102676670492,0.23624357508026525,0.6848890385301634,0.7648647958117042,0.8480555855102683
artificial,artificial,mlp_deep,17500,9,cgre132,426,0.11341897137125852,0.3367773320329896,0.6283614898117726,0.8264402228219849,0.8041359695609811
artificial,artificial,mlp_deep,17500,9,cgre1338,1024,0.09822169539633174,0.3134034068039653,0.5005906347826989,0.5934772474503737,0.7113023072233247
artificial,artificial,mlp_deep,17500,9,cgre4111,822,0.16421651670691373,0.4052363714018199,0.7229865715708135,0.6485482704078637,0.8541371573335752
artificial,artificial,mlp_deep,17500,9,cgre9708,418,0.04904138107202588,0.22145288679993738,0.7443728687509146,0.7740515742683938,0.8760273945415138
artificial,artificial,CNN_Jannis_OHE,500,0,cgre132,427,0.30101110428400546,0.5486447888060229,-0.004030526759422726,0.26935368412997096,0.20748373246614454
artificial,artificial,CNN_Jannis_OHE,500,0,cgre1338,1024,0.19517684789638406,0.4417882387483669,0.013442779182969211,0.1928994490976265,0.18589034316757286
artificial,artificial,CNN_Jannis_OHE,500,0,cgre4111,822,0.6047084221624079,0.7776300033836194,0.00999105863831784,0.18736573650111163,0.18629226409321148
artificial,artificial,CNN_Jannis_OHE,500,0,cgre9708,418,0.17852987998289296,0.4225279635513997,0.01564084400517629,0.13239157738247806,0.19503928418364605
artificial,artificial,CNN_Jannis_OHE,500,1,cgre132,427,0.29566758505532803,0.5437532391216884,-0.011118471669120833,0.03511887070832994,-0.021063114566994272
artificial,artificial,CNN_Jannis_OHE,500,1,cgre1338,1024,0.19936491303781806,0.44650298211525763,0.007829586420565526,0.12588078668086097,0.1232662071251256
artificial,artificial,CNN_Jannis_OHE,500,1,cgre4111,822,0.5838786422308221,0.7641195209067899,0.004295014312136858,0.09441922768795359,0.10488803588840212
artificial,artificial,CNN_Jannis_OHE,500,1,cgre9708,418,0.23610092763157337,0.4859021790767905,-0.03500729835001204,0.05847744181925474,0.0699012553250123
artificial,artificial,CNN_Jannis_OHE,500,2,cgre132,427,0.296144477948764,0.544191582026738,-0.013540083043236839,0.03973357534513038,-0.005825888589595348
artificial,artificial,CNN_Jannis_OHE,500,2,cgre1338,1024,0.20887217152086357,0.4570253510702263,0.004261719947251219,0.11430759717635344,0.13833467755486373
artificial,artificial,CNN_Jannis_OHE,500,2,cgre4111,821,0.5907038471513849,0.7685726036955682,0.006029570680191276,0.14545520796226255,0.1568433179798823
artificial,artificial,CNN_Jannis_OHE,500,2,cgre9708,418,0.21862846442697953,0.46757722830242654,-0.007078003267802391,0.07530013880618817,0.07538124337742477
artificial,artificial,CNN_Jannis_OHE,500,3,cgre132,427,0.3303451445597173,0.5747565959253685,-0.025447927350210175,0.30582730333278974,0.3626667378688587
artificial,artificial,CNN_Jannis_OHE,500,3,cgre1338,1024,0.19198374225126294,0.43815949407865507,0.026622998606707027,0.23919750737425813,0.24442475865615024
artificial,artificial,CNN_Jannis_OHE,500,3,cgre4111,821,0.5987758014204903,0.7738060489686613,0.044728513370672074,0.3409358532536572,0.35340796310238964
artificial,artificial,CNN_Jannis_OHE,500,3,cgre9708,418,0.19476930471215462,0.44132675503775504,0.07984952133823042,0.16814930078924073,0.43735501279474287
artificial,artificial,CNN_Jannis_OHE,500,4,cgre132,427,0.31689335359540405,0.5629328144595979,0.0034153652656990774,0.1095324990439816,0.07030158177211687
artificial,artificial,CNN_Jannis_OHE,500,4,cgre1338,1024,0.19843186715534067,0.4454569195279614,0.007998418907663618,0.1828598227496047,0.14514787137051155
artificial,artificial,CNN_Jannis_OHE,500,4,cgre4111,821,0.6102559146964198,0.7811887830072958,-0.006321489892302967,0.21043630982617118,0.14203056946054485
artificial,artificial,CNN_Jannis_OHE,500,4,cgre9708,418,0.1751136892225003,0.4184658758160578,0.004065557878281667,0.08358283972213569,0.08467989229301225
artificial,artificial,CNN_Jannis_OHE,500,5,cgre132,427,0.32733257216336853,0.5721298560321498,-0.0499168312098921,0.1620214623114819,0.13024543647716436
artificial,artificial,CNN_Jannis_OHE,500,5,cgre1338,1024,0.19673945725337685,0.44355321806224884,-0.013944068593572112,0.21910207445424806,0.17859875839111947
artificial,artificial,CNN_Jannis_OHE,500,5,cgre4111,821,0.6102097756421365,0.7811592511403398,0.007114939047586866,0.21252858577111713,0.2029432169358972
artificial,artificial,CNN_Jannis_OHE,500,5,cgre9708,418,0.24171372948645614,0.4916439051655742,-0.020863763795774704,0.18443100736155082,0.15092721257525327
artificial,artificial,CNN_Jannis_OHE,500,6,cgre132,427,0.30932917147953215,0.5561736882301537,-0.0010781400284340936,0.05638597053278429,0.016065849217051835
artificial,artificial,CNN_Jannis_OHE,500,6,cgre1338,1024,0.19226258886013506,0.4384775807953413,0.004968118557451051,0.10395992619584425,0.11150185600014072
artificial,artificial,CNN_Jannis_OHE,500,6,cgre4111,821,0.601400453546725,0.7755001312357884,-0.0003958010869207218,0.14701043654849574,0.0889061029422402
artificial,artificial,CNN_Jannis_OHE,500,6,cgre9708,418,0.2244985342453021,0.47381276285606966,-0.01761383611547762,0.11732747284597542,0.09146168953191784
artificial,artificial,CNN_Jannis_OHE,500,7,cgre132,426,0.341207521777201,0.58412971314358,0.0019889709004984324,0.1202060626131355,0.04771161731031562
artificial,artificial,CNN_Jannis_OHE,500,7,cgre1338,1025,0.19677099406256016,0.4435887668354105,0.012536942430295017,0.1744728086424284,0.17314494978157546
artificial,artificial,CNN_Jannis_OHE,500,7,cgre4111,821,0.6060023173506781,0.7784615066595638,0.006065920887477705,0.0839140671441353,0.13321805422959337
artificial,artificial,CNN_Jannis_OHE,500,7,cgre9708,418,0.21650344325267704,0.46529930502062544,-0.0390706006255066,-0.04607708272925289,-0.025537533888279153
artificial,artificial,CNN_Jannis_OHE,500,8,cgre132,426,0.25804440674729506,0.507980714936399,0.0034184546974357355,0.35032404649691784,0.42948814972660365
artificial,artificial,CNN_Jannis_OHE,500,8,cgre1338,1024,0.1997115952044417,0.44689103280826936,0.022003071744158498,0.2152788751522252,0.259168222896097
artificial,artificial,CNN_Jannis_OHE,500,8,cgre4111,822,0.6025196407393878,0.7762213864223194,0.047728856993408564,0.33739694674034715,0.3498342285383018
artificial,artificial,CNN_Jannis_OHE,500,8,cgre9708,418,0.16251327522324038,0.4031293529665638,0.08244450292468841,0.28552417126431096,0.43024745993932256
artificial,artificial,CNN_Jannis_OHE,500,9,cgre132,426,0.30178808955530023,0.549352427459186,0.011134780725894022,0.2609243891507192,0.17919215382651593
artificial,artificial,CNN_Jannis_OHE,500,9,cgre1338,1024,0.19453427083173816,0.4410603936330468,0.010888212455787083,0.23465474710176454,0.18494203327060788
artificial,artificial,CNN_Jannis_OHE,500,9,cgre4111,822,0.5908236809007944,0.768650558381892,0.0033518142661336237,0.22926305863425142,0.1985728059459877
artificial,artificial,CNN_Jannis_OHE,500,9,cgre9708,418,0.18904080453803465,0.4347882295302331,0.014628921601847367,0.17737428647303016,0.21339445685953218
artificial,artificial,CNN_Jannis_OHE,1000,0,cgre132,427,0.2951970400877482,0.5433203843845252,0.015362438664449418,0.33809615537934834,0.20462155887261568
artificial,artificial,CNN_Jannis_OHE,1000,0,cgre1338,1024,0.19391696729542585,0.44036004280069035,0.0198110770504627,0.236364818366396,0.20388634761894545
artificial,artificial,CNN_Jannis_OHE,1000,0,cgre4111,822,0.6006293120803639,0.7750027819823383,0.016669244861657107,0.23662186803888355,0.23334567823064958
artificial,artificial,CNN_Jannis_OHE,1000,0,cgre9708,418,0.18121889064925875,0.42569812150073993,0.0008144616076832811,0.1947987361703683,0.24222460670989351
artificial,artificial,CNN_Jannis_OHE,1000,1,cgre132,427,0.2057885903510067,0.45363927337809573,0.29624803164095415,0.5192756846388157,0.615678990747351
artificial,artificial,CNN_Jannis_OHE,1000,1,cgre1338,1024,0.19282533503943566,0.43911881653993795,0.040374810695105956,0.3950037086600924,0.39097357278207423
artificial,artificial,CNN_Jannis_OHE,1000,1,cgre4111,822,0.4958623648355924,0.704174953286179,0.1543916951725246,0.40915244759064534,0.47790466652247054
artificial,artificial,CNN_Jannis_OHE,1000,1,cgre9708,418,0.16625302895830074,0.4077413750875679,0.27118838510812293,0.45917051972381057,0.630380243512096
artificial,artificial,CNN_Jannis_OHE,1000,2,cgre132,427,0.29243872959033557,0.5407760438391623,-0.0008573393873219093,0.15587735082164506,0.05824175603974151
artificial,artificial,CNN_Jannis_OHE,1000,2,cgre1338,1024,0.20920568890043972,0.457390083955085,0.002671771322267924,0.14044817997118833,0.138840323294845
artificial,artificial,CNN_Jannis_OHE,1000,2,cgre4111,821,0.5913321298403302,0.7689812285357362,0.00497236677492352,0.18386507715754777,0.17127591548512272
artificial,artificial,CNN_Jannis_OHE,1000,2,cgre9708,418,0.2168856471564052,0.46570983150069445,0.0009500133105092567,0.13589205780601257,0.13925631708990222
artificial,artificial,CNN_Jannis_OHE,1000,3,cgre132,427,0.26784454998458057,0.5175370034930648,0.16856462655201265,0.46586212541065297,0.426026252917016
artificial,artificial,CNN_Jannis_OHE,1000,3,cgre1338,1024,0.18225476525914797,0.42691306522423034,0.07594989650004624,0.32390815761048625,0.32517373864832944
artificial,artificial,CNN_Jannis_OHE,1000,3,cgre4111,821,0.48084978646761445,0.6934333323886402,0.23286463936150292,0.4810272073024508,0.5005827100033489
artificial,artificial,CNN_Jannis_OHE,1000,3,cgre9708,418,0.14030686857136168,0.37457558459056256,0.3371469263790223,0.42314080832186896,0.595726318655071
artificial,artificial,CNN_Jannis_OHE,1000,4,cgre132,427,0.2526613102891835,0.5026542651656141,0.20541602791858715,0.4139008116264376,0.47893411393833607
artificial,artificial,CNN_Jannis_OHE,1000,4,cgre1338,1024,0.1918652197018748,0.4380242227341712,0.04082643564559296,0.33344381475510404,0.33217488580393045
artificial,artificial,CNN_Jannis_OHE,1000,4,cgre4111,821,0.5211854982079714,0.7219317822398259,0.1405570115157051,0.4097853385408421,0.43396960392745454
artificial,artificial,CNN_Jannis_OHE,1000,4,cgre9708,418,0.17146613111910447,0.41408469075673937,0.024810530820952748,0.3744994708095855,0.5309236633462433
artificial,artificial,CNN_Jannis_OHE,1000,5,cgre132,427,0.27818019487844065,0.5274279049106528,0.10773905944699169,0.41961169650133934,0.41093120370561403
artificial,artificial,CNN_Jannis_OHE,1000,5,cgre1338,1024,0.17004494002430504,0.4123650567449975,0.1236325405231622,0.3713594979641697,0.3645177501973869
artificial,artificial,CNN_Jannis_OHE,1000,5,cgre4111,821,0.48284257514401924,0.6948687467025836,0.2143567691163265,0.4352264733464465,0.47603971809163526
artificial,artificial,CNN_Jannis_OHE,1000,5,cgre9708,418,0.1835541311696915,0.4284321780278548,0.22476988955377408,0.3419429012521271,0.4917794899398085
artificial,artificial,CNN_Jannis_OHE,1000,6,cgre132,427,0.309198668451419,0.5560563536651829,-0.0006557947060490399,0.09016948674464008,0.031189960049757257
artificial,artificial,CNN_Jannis_OHE,1000,6,cgre1338,1024,0.1918721958840953,0.43803218589972964,0.0069885504040927415,0.15592089205779638,0.1380020282457751
artificial,artificial,CNN_Jannis_OHE,1000,6,cgre4111,821,0.5987762321481651,0.7738063272862048,0.003969443489732716,0.15877231672130343,0.11719460967433772
artificial,artificial,CNN_Jannis_OHE,1000,6,cgre9708,418,0.22399655800314117,0.4732827463611379,-0.015338462821208765,0.09522478640451787,0.10681950070913115
artificial,artificial,CNN_Jannis_OHE,1000,7,cgre132,426,0.31706228365065947,0.563082839066029,0.07261230834924615,0.41641751827910667,0.44009249313814686
artificial,artificial,CNN_Jannis_OHE,1000,7,cgre1338,1025,0.18605778001711828,0.4313441549587965,0.06629945528494541,0.3013762991723582,0.30147837812863154
artificial,artificial,CNN_Jannis_OHE,1000,7,cgre4111,821,0.5734235351579624,0.7572473408061348,0.05949997707869559,0.37903092469894106,0.3571738651211922
artificial,artificial,CNN_Jannis_OHE,1000,7,cgre9708,418,0.1970520586356867,0.44390546137177306,0.054282934973396535,0.33062775074981066,0.46841654655033554
artificial,artificial,CNN_Jannis_OHE,1000,8,cgre132,426,0.19820007757782063,0.44519667291863335,0.2345405115289788,0.3839281934200459,0.5407842808670776
artificial,artificial,CNN_Jannis_OHE,1000,8,cgre1338,1024,0.18966032134264355,0.43550008190888273,0.07122462521397033,0.2764536181203234,0.3041190915306835
artificial,artificial,CNN_Jannis_OHE,1000,8,cgre4111,822,0.5708234674003231,0.7555286013119047,0.09782407244146674,0.38243148657782233,0.3752396358178699
artificial,artificial,CNN_Jannis_OHE,1000,8,cgre9708,418,0.14032769380163843,0.37460338199439475,0.2077050526320252,0.2520734874326449,0.5633080727135756
artificial,artificial,CNN_Jannis_OHE,1000,9,cgre132,426,0.2289879627101912,0.4785268672814424,0.24967803636580876,0.5294580210287764,0.5072215883201874
artificial,artificial,CNN_Jannis_OHE,1000,9,cgre1338,1024,0.17606262709878423,0.41959817337398436,0.10480750222136759,0.3261476434878248,0.3439340437770817
artificial,artificial,CNN_Jannis_OHE,1000,9,cgre4111,822,0.4695549200437032,0.685240775234299,0.207917566116402,0.40908077545162247,0.45734282736529897
artificial,artificial,CNN_Jannis_OHE,1000,9,cgre9708,418,0.12724854165737995,0.35671913553576007,0.33671974670263793,0.3949282343859376,0.5997769814508505
artificial,artificial,CNN_Jannis_OHE,2500,0,cgre132,427,0.2565044608030859,0.5064626943843801,0.1444225637162031,0.6149627431727933,0.5119738596080953
artificial,artificial,CNN_Jannis_OHE,2500,0,cgre1338,1024,0.15946663715231635,0.39933273989533635,0.19394659736718844,0.4342262148356302,0.51064862262143
artificial,artificial,CNN_Jannis_OHE,2500,0,cgre4111,822,0.3330706046851608,0.5771226946544044,0.4547076497398418,0.5789946570303802,0.6890245103398934
artificial,artificial,CNN_Jannis_OHE,2500,0,cgre9708,418,0.09919425304931144,0.31495119153499235,0.45307322661890836,0.5121808463159824,0.6778285333050482
artificial,artificial,CNN_Jannis_OHE,2500,1,cgre132,427,0.19086643289428476,0.436882630570597,0.34727854632799116,0.5982431432848955,0.6327394658217216
artificial,artificial,CNN_Jannis_OHE,2500,1,cgre1338,1024,0.1429066881192901,0.3780300095485676,0.2888027000634399,0.4636841275694239,0.5376868659239984
artificial,artificial,CNN_Jannis_OHE,2500,1,cgre4111,822,0.3715912478900814,0.6095828474375582,0.36631479317604465,0.5175754656405795,0.6239727390962534
artificial,artificial,CNN_Jannis_OHE,2500,1,cgre9708,418,0.11075086837155106,0.3327925305224729,0.5144959479277036,0.5818476494529398,0.7173722434213734
artificial,artificial,CNN_Jannis_OHE,2500,2,cgre132,427,0.19318286645552946,0.4395257290028986,0.3388410283181339,0.6071299869078112,0.626139112884952
artificial,artificial,CNN_Jannis_OHE,2500,2,cgre1338,1024,0.17176996714483694,0.4144514050462816,0.18113585738044247,0.45930866869849857,0.49549810178177345
artificial,artificial,CNN_Jannis_OHE,2500,2,cgre4111,821,0.43808867413770036,0.6618826739972126,0.2628333307583828,0.4938417332755366,0.5473308193817191
artificial,artificial,CNN_Jannis_OHE,2500,2,cgre9708,418,0.1704088075154555,0.4128060168111113,0.21503834342105754,0.4616011444938256,0.5589168915399103
artificial,artificial,CNN_Jannis_OHE,2500,3,cgre132,427,0.20437685420766696,0.45208058375434235,0.36557922827976574,0.6424112315998025,0.621657225549692
artificial,artificial,CNN_Jannis_OHE,2500,3,cgre1338,1024,0.1700512310524871,0.41237268465853444,0.1378230498889078,0.42782990821971106,0.48432130881778357
artificial,artificial,CNN_Jannis_OHE,2500,3,cgre4111,821,0.3487275459959057,0.5905315791690616,0.44364905779122155,0.5883555900672737,0.6876511076826144
artificial,artificial,CNN_Jannis_OHE,2500,3,cgre9708,418,0.0990768563313364,0.3147647634843144,0.5319302653346004,0.5405484627824877,0.736089641416048
artificial,artificial,CNN_Jannis_OHE,2500,4,cgre132,427,0.19923594641960043,0.44635854021134225,0.37343121704588533,0.5866278699665305,0.6407235691560489
artificial,artificial,CNN_Jannis_OHE,2500,4,cgre1338,1024,0.14493538446348325,0.38070380148283683,0.2754383022992616,0.4554335073565694,0.5272076272921999
artificial,artificial,CNN_Jannis_OHE,2500,4,cgre4111,821,0.3812553868333234,0.6174588138761349,0.3713039404158238,0.5328353503086045,0.6439903536138556
artificial,artificial,CNN_Jannis_OHE,2500,4,cgre9708,418,0.0983032701071869,0.3135335230995035,0.4409139975998966,0.553284090103436,0.6690420285999099
artificial,artificial,CNN_Jannis_OHE,2500,5,cgre132,427,0.21617304051304095,0.4649441262270564,0.3066265535738246,0.6328949643933772,0.6245587856272818
artificial,artificial,CNN_Jannis_OHE,2500,5,cgre1338,1024,0.14885441808298328,0.38581656014611826,0.23284298733828046,0.43813600624300136,0.49534603064596966
artificial,artificial,CNN_Jannis_OHE,2500,5,cgre4111,821,0.42009531530487865,0.6481476030233226,0.3164541451284062,0.5463784468479671,0.5964068488984192
artificial,artificial,CNN_Jannis_OHE,2500,5,cgre9708,418,0.14241363928797052,0.3773773168699604,0.3985243447765441,0.5436790711684424,0.6390873913111657
artificial,artificial,CNN_Jannis_OHE,2500,6,cgre132,427,0.19476538943413169,0.44132231921140325,0.3696831990851035,0.6376331621425031,0.629084856722665
artificial,artificial,CNN_Jannis_OHE,2500,6,cgre1338,1024,0.14789490716751738,0.3845710690724374,0.23458771356854935,0.45325949703174995,0.4989508903179661
artificial,artificial,CNN_Jannis_OHE,2500,6,cgre4111,821,0.40210038657071523,0.6341138593113348,0.33112864154247246,0.553274178095601,0.6085127275707878
artificial,artificial,CNN_Jannis_OHE,2500,6,cgre9708,418,0.10110355184014383,0.31796784717977983,0.5417147217516776,0.5253113876701291,0.7412530443524494
artificial,artificial,CNN_Jannis_OHE,2500,7,cgre132,426,0.23258632717332958,0.4822720468504572,0.3196992887856137,0.6439749892974035,0.6250179826294091
artificial,artificial,CNN_Jannis_OHE,2500,7,cgre1338,1025,0.14053075715386107,0.37487432181180547,0.29476937491296085,0.47416636259248524,0.5456871851517332
artificial,artificial,CNN_Jannis_OHE,2500,7,cgre4111,821,0.3106950139522322,0.5574002278006641,0.49041389160437243,0.5906051301834802,0.7182228109692612
artificial,artificial,CNN_Jannis_OHE,2500,7,cgre9708,418,0.12761668671503293,0.35723477814321625,0.3875259195759384,0.5825151137445937,0.6534162752164083
artificial,artificial,CNN_Jannis_OHE,2500,8,cgre132,426,0.1610205806448428,0.4012736979230545,0.37812975252083936,0.555380654224285,0.6358129103801906
artificial,artificial,CNN_Jannis_OHE,2500,8,cgre1338,1024,0.17357712369459682,0.4166258797705644,0.14998478873987575,0.3583884828954257,0.39152382935169155
artificial,artificial,CNN_Jannis_OHE,2500,8,cgre4111,822,0.44631046575447264,0.6680647167411797,0.29461456752137993,0.5054455885277137,0.5647744074749015
artificial,artificial,CNN_Jannis_OHE,2500,8,cgre9708,418,0.12218646513523487,0.3495518060820669,0.31013104868492103,0.4118832772527557,0.6189776791327872
artificial,artificial,CNN_Jannis_OHE,2500,9,cgre132,426,0.2029464582031974,0.45049579154881947,0.3350079050908543,0.6265248967284905,0.5957433807980625
artificial,artificial,CNN_Jannis_OHE,2500,9,cgre1338,1024,0.15119092509959217,0.38883277266659527,0.23126796349899148,0.43877866503981755,0.5016753378225999
artificial,artificial,CNN_Jannis_OHE,2500,9,cgre4111,822,0.39610379495109116,0.6293677740010932,0.3318207421909489,0.4880977771265443,0.6032999252273574
artificial,artificial,CNN_Jannis_OHE,2500,9,cgre9708,418,0.10123509916948259,0.318174636276185,0.4723142493804472,0.4954014496028447,0.6899931892271701
artificial,artificial,CNN_Jannis_OHE,5000,0,cgre132,427,0.1825147093985646,0.4272174029678152,0.39121734311207956,0.7069629631228067,0.6305723981045777
artificial,artificial,CNN_Jannis_OHE,5000,0,cgre1338,1024,0.13476121009941333,0.36709836569973087,0.3188247154181022,0.48343621434985184,0.5891716126541157
artificial,artificial,CNN_Jannis_OHE,5000,0,cgre4111,822,0.2719473514458102,0.5214857154762824,0.5547766499625961,0.6463816147217828,0.7537252308546337
artificial,artificial,CNN_Jannis_OHE,5000,0,cgre9708,418,0.10038753423218726,0.316839918937288,0.4464938391340084,0.5937570818694822,0.6682798818193603
artificial,artificial,CNN_Jannis_OHE,5000,1,cgre132,427,0.15912116248279395,0.3988999404396972,0.45584042772321753,0.7372241318639875,0.7069710297981889
artificial,artificial,CNN_Jannis_OHE,5000,1,cgre1338,1024,0.11801732219425648,0.343536493249635,0.4126684902232467,0.5329762717652573,0.6613152920033278
artificial,artificial,CNN_Jannis_OHE,5000,1,cgre4111,822,0.2345694313117772,0.48432368444231305,0.599982024766766,0.6183853536388141,0.7871306657838194
artificial,artificial,CNN_Jannis_OHE,5000,1,cgre9708,418,0.08425244083204476,0.2902627100267011,0.6306584135872428,0.6747025989764194,0.8041083960209309
artificial,artificial,CNN_Jannis_OHE,5000,2,cgre132,427,0.15613789461392893,0.3951428787336663,0.46562564404602236,0.7494841887235778,0.7102809098276464
artificial,artificial,CNN_Jannis_OHE,5000,2,cgre1338,1024,0.12760951013349417,0.3572247333731165,0.39165819355688025,0.5327706651895043,0.63872033949927
artificial,artificial,CNN_Jannis_OHE,5000,2,cgre4111,821,0.24669009117681748,0.49667906255127914,0.5848974794756606,0.5833449093349159,0.7726400246798373
artificial,artificial,CNN_Jannis_OHE,5000,2,cgre9708,418,0.0889883214981889,0.29830910394788307,0.5900891434084914,0.6297570858850164,0.7742524412525198
artificial,artificial,CNN_Jannis_OHE,5000,3,cgre132,427,0.15135128505498346,0.3890389248584047,0.5301796798972862,0.724640473452019,0.7309187293429
artificial,artificial,CNN_Jannis_OHE,5000,3,cgre1338,1024,0.1285971073567772,0.3586043883679858,0.34799965205924754,0.47018535894947877,0.6011183842605926
artificial,artificial,CNN_Jannis_OHE,5000,3,cgre4111,821,0.2558911716609007,0.5058568687493535,0.5917578175538739,0.6528761289728054,0.7715364754048251
artificial,artificial,CNN_Jannis_OHE,5000,3,cgre9708,418,0.06505209716728594,0.2550531261664635,0.692673758655695,0.6363254574890902,0.8323513603774275
artificial,artificial,CNN_Jannis_OHE,5000,4,cgre132,427,0.1418368107926655,0.3766122817868072,0.5539433545325807,0.744303841172344,0.7602431248548276
artificial,artificial,CNN_Jannis_OHE,5000,4,cgre1338,1024,0.11775649389012613,0.3431566608564172,0.41131114776313704,0.5147325949881473,0.6428108838773127
artificial,artificial,CNN_Jannis_OHE,5000,4,cgre4111,821,0.23277995980525223,0.48247275550568886,0.6161422276671854,0.6210128790089039,0.7944242402539221
artificial,artificial,CNN_Jannis_OHE,5000,4,cgre9708,418,0.05408999266880546,0.2325725535586808,0.6923707854471217,0.6983577639418952,0.8334990152074205
artificial,artificial,CNN_Jannis_OHE,5000,5,cgre132,427,0.1508122912986811,0.3883455823086972,0.5162706786515938,0.7773998056055036,0.7343602790746581
artificial,artificial,CNN_Jannis_OHE,5000,5,cgre1338,1024,0.12807154121222686,0.35787084431709,0.3399525373268978,0.48944576138131024,0.597348257073651
artificial,artificial,CNN_Jannis_OHE,5000,5,cgre4111,821,0.24693661286673163,0.49692717058612484,0.5982042836669412,0.651087786191889,0.7779452778060949
artificial,artificial,CNN_Jannis_OHE,5000,5,cgre9708,418,0.09718480995381551,0.31174478336263384,0.5895456535132884,0.6584545422879098,0.7700821720586997
artificial,artificial,CNN_Jannis_OHE,5000,6,cgre132,427,0.11912212195823957,0.34514072775932947,0.6144865622734021,0.7668678212552408,0.7906980204138333
artificial,artificial,CNN_Jannis_OHE,5000,6,cgre1338,1024,0.12881648722918707,0.35891013809752864,0.3333257790379467,0.5086790027823382,0.6138178990619839
artificial,artificial,CNN_Jannis_OHE,5000,6,cgre4111,821,0.23457469014314344,0.48432911345813545,0.6097982073732606,0.620071185293818,0.7851442554894257
artificial,artificial,CNN_Jannis_OHE,5000,6,cgre9708,418,0.07531382665421196,0.27443364708834805,0.6586151784385981,0.6510708229549854,0.8150124826306508
artificial,artificial,CNN_Jannis_OHE,5000,7,cgre132,426,0.15549178351261897,0.3943244647655265,0.5451960904271166,0.7643774610780392,0.7498954343475559
artificial,artificial,CNN_Jannis_OHE,5000,7,cgre1338,1025,0.11863092592681763,0.34442840464575164,0.4046700968498609,0.5243550211867188,0.6418552234609161
artificial,artificial,CNN_Jannis_OHE,5000,7,cgre4111,821,0.24311839045591335,0.4930703706935891,0.6012496213058476,0.6273493595012102,0.7915391680361026
artificial,artificial,CNN_Jannis_OHE,5000,7,cgre9708,418,0.09829248185321099,0.313516318320452,0.5282623379019873,0.7043528274376879,0.7368556430057676
artificial,artificial,CNN_Jannis_OHE,5000,8,cgre132,426,0.12074781098629914,0.3474878573220928,0.533665381158705,0.7426043629181066,0.7515626830162409
artificial,artificial,CNN_Jannis_OHE,5000,8,cgre1338,1024,0.14085263072134174,0.37530338490525467,0.3102381459563702,0.47508918601583744,0.583916164925615
artificial,artificial,CNN_Jannis_OHE,5000,8,cgre4111,822,0.24439213612221455,0.494360330247295,0.6137427511552489,0.6805378300270343,0.7839367047438606
artificial,artificial,CNN_Jannis_OHE,5000,8,cgre9708,418,0.07131572011528851,0.26705003298125335,0.5973490108437025,0.6138409234621418,0.7819924481462314
artificial,artificial,CNN_Jannis_OHE,5000,9,cgre132,426,0.1659435085629395,0.4073616434606227,0.45625500256153606,0.7159146198308464,0.6863391122050888
artificial,artificial,CNN_Jannis_OHE,5000,9,cgre1338,1024,0.13193315805753641,0.36322604264773806,0.32918430647360997,0.4750916374608049,0.575766664388875
artificial,artificial,CNN_Jannis_OHE,5000,9,cgre4111,822,0.2804424434130221,0.529568166918124,0.5269274718233706,0.5837956595342313,0.7266754132197367
artificial,artificial,CNN_Jannis_OHE,5000,9,cgre9708,418,0.08743856150246432,0.29570012090370257,0.5442284016309751,0.5898018943478425,0.7574418278380484
artificial,artificial,CNN_Jannis_OHE,10000,0,cgre132,427,0.1743638057504551,0.4175689233533251,0.41840489854410523,0.7771799626154344,0.6802543453130834
artificial,artificial,CNN_Jannis_OHE,10000,0,cgre1338,1024,0.11026701506437624,0.33206477540440243,0.44263512244314673,0.553629546922513,0.6725515639120773
artificial,artificial,CNN_Jannis_OHE,10000,0,cgre4111,822,0.14779513408695857,0.38444132723597574,0.7580346182171404,0.6895949738333012,0.8719312319358679
artificial,artificial,CNN_Jannis_OHE,10000,0,cgre9708,418,0.05738442436419187,0.23955046308490383,0.6835998347178782,0.7038829788960141,0.828755377244476
artificial,artificial,CNN_Jannis_OHE,10000,1,cgre132,427,0.12316031796025899,0.35094204359161496,0.5788186505363552,0.7830814331140551,0.7736711332838115
artificial,artificial,CNN_Jannis_OHE,10000,1,cgre1338,1024,0.09963222858855139,0.3156457327266621,0.5041647602966512,0.5826289677630344,0.7109866599318064
artificial,artificial,CNN_Jannis_OHE,10000,1,cgre4111,822,0.15408733769491562,0.39253960016145584,0.73723044605981,0.6570504575123167,0.8603399928905899
artificial,artificial,CNN_Jannis_OHE,10000,1,cgre9708,418,0.055894114979586136,0.23641936253104595,0.754974207348476,0.7340345170278686,0.8698502872665168
artificial,artificial,CNN_Jannis_OHE,10000,2,cgre132,427,0.1218062021935941,0.34900745291983964,0.5831241928210604,0.8121085945734157,0.7820938006790314
artificial,artificial,CNN_Jannis_OHE,10000,2,cgre1338,1024,0.10390868118856171,0.32234869503157865,0.5046451102802223,0.6021037461461122,0.7121372557000047
artificial,artificial,CNN_Jannis_OHE,10000,2,cgre4111,821,0.14356371221705985,0.3788980235064045,0.7584270267490472,0.6697188555994252,0.8737853721138278
artificial,artificial,CNN_Jannis_OHE,10000,2,cgre9708,418,0.063445591666194,0.2518840837889405,0.7077477539861907,0.7154675244783948,0.8473002520722877
artificial,artificial,CNN_Jannis_OHE,10000,3,cgre132,427,0.11847530173879801,0.34420241390611717,0.632232364812981,0.7817143399696477,0.7964496013757438
artificial,artificial,CNN_Jannis_OHE,10000,3,cgre1338,1024,0.10187595883833209,0.31918013540684526,0.4834785791479179,0.5549180312558435,0.7045065644496875
artificial,artificial,CNN_Jannis_OHE,10000,3,cgre4111,821,0.17899831647111578,0.423081926429286,0.7144306976436567,0.6885464625740624,0.8469378390205404
artificial,artificial,CNN_Jannis_OHE,10000,3,cgre9708,418,0.055610560359820094,0.23581891433856636,0.7372785007916887,0.7448657580265982,0.8600888982328524
artificial,artificial,CNN_Jannis_OHE,10000,4,cgre132,427,0.12388299125262621,0.35197015676421517,0.6104055696134308,0.7813494697847773,0.7873098584417539
artificial,artificial,CNN_Jannis_OHE,10000,4,cgre1338,1024,0.10850085641996637,0.32939468183315646,0.4575819768191788,0.5495149542667372,0.6878671811167649
artificial,artificial,CNN_Jannis_OHE,10000,4,cgre4111,821,0.15202493096699063,0.3899037457719413,0.7493085255755669,0.7022644595973498,0.8682943783337773
artificial,artificial,CNN_Jannis_OHE,10000,4,cgre9708,418,0.043388460938929035,0.20829897008609774,0.7532342398153304,0.7432556872463773,0.867944655147172
artificial,artificial,CNN_Jannis_OHE,10000,5,cgre132,427,0.11867377106875612,0.34449059648814234,0.61935474723838,0.836251922443193,0.8004044964883528
artificial,artificial,CNN_Jannis_OHE,10000,5,cgre1338,1024,0.10717636600603705,0.3273780169865366,0.447640843771974,0.5361478387427481,0.677630229919589
artificial,artificial,CNN_Jannis_OHE,10000,5,cgre4111,821,0.1842048214743169,0.42919089164882906,0.7002764906465286,0.6872129751558677,0.8396614188447824
artificial,artificial,CNN_Jannis_OHE,10000,5,cgre9708,418,0.07296232148616232,0.2701153855043476,0.691847913290277,0.7559923937564005,0.8398011675110325
artificial,artificial,CNN_Jannis_OHE,10000,6,cgre132,427,0.10500450335093688,0.3240439836672437,0.6601752353120022,0.8301149651174217,0.8228309513096936
artificial,artificial,CNN_Jannis_OHE,10000,6,cgre1338,1024,0.10697564558918592,0.32707131575420356,0.4463604254461915,0.5506618957739408,0.6772437720889648
artificial,artificial,CNN_Jannis_OHE,10000,6,cgre4111,821,0.1641768592130246,0.40518743713622785,0.7269010363664652,0.6720927502229105,0.8571873262633115
artificial,artificial,CNN_Jannis_OHE,10000,6,cgre9708,418,0.04900648335312158,0.22137408012936288,0.7778619103810789,0.7290168789685786,0.888653694205122
artificial,artificial,CNN_Jannis_OHE,10000,7,cgre132,426,0.12493624078888262,0.3534632099510253,0.6345691748174488,0.8090993330901259,0.7984712109611627
artificial,artificial,CNN_Jannis_OHE,10000,7,cgre1338,1025,0.10365868384129219,0.3219606867946647,0.4798058454843688,0.5502587942079648,0.6931533538326531
artificial,artificial,CNN_Jannis_OHE,10000,7,cgre4111,821,0.17396828297968733,0.41709505269145464,0.7146660991427498,0.6704307135591064,0.8498741112707718
artificial,artificial,CNN_Jannis_OHE,10000,7,cgre9708,418,0.07750554215119816,0.27839817196094907,0.6280256377222527,0.712667317540022,0.8005021555990667
artificial,artificial,CNN_Jannis_OHE,10000,8,cgre132,426,0.08141168590488704,0.285327331156493,0.685583637454177,0.8212273835879307,0.8302918984660806
artificial,artificial,CNN_Jannis_OHE,10000,8,cgre1338,1024,0.11214461366453124,0.3348799989018921,0.4508226346493559,0.5186917883968377,0.6757745531182255
artificial,artificial,CNN_Jannis_OHE,10000,8,cgre4111,822,0.16987107166745558,0.4121541843381619,0.7315219145686054,0.7124336583091293,0.857602729347814
artificial,artificial,CNN_Jannis_OHE,10000,8,cgre9708,418,0.057753228390410694,0.24031901379293877,0.6739233018922682,0.663424870446324,0.8249100801889719
artificial,artificial,CNN_Jannis_OHE,10000,9,cgre132,426,0.12264884590593197,0.3502125724555473,0.5981180765642466,0.8060189875996577,0.7804886979759813
artificial,artificial,CNN_Jannis_OHE,10000,9,cgre1338,1024,0.10227904184234238,0.31981094703330964,0.47996100906821026,0.5532970592752617,0.6930515206744328
artificial,artificial,CNN_Jannis_OHE,10000,9,cgre4111,822,0.1757486388490606,0.41922385291042374,0.703533274449905,0.6262616628485629,0.8389984276593278
artificial,artificial,CNN_Jannis_OHE,10000,9,cgre9708,418,0.04875453970601357,0.22080430182859564,0.745868023126963,0.7125180280238811,0.8646120950178297
artificial,artificial,CNN_Jannis_OHE,15000,0,cgre132,427,0.13335356738908188,0.36517607724094125,0.5551956369537079,0.8045064782947144,0.7497479156486138
artificial,artificial,CNN_Jannis_OHE,15000,0,cgre1338,1024,0.10453449103936069,0.3233179411034295,0.47161121787321836,0.5403293120467457,0.6884703922351956
artificial,artificial,CNN_Jannis_OHE,15000,0,cgre4111,822,0.14102771986983167,0.3755365759414543,0.7691140084477173,0.700776019094401,0.8825508526678695
artificial,artificial,CNN_Jannis_OHE,15000,0,cgre9708,418,0.0509554033441013,0.2257330355621465,0.7190474903473769,0.7252568799572578,0.8483048438653296
artificial,artificial,CNN_Jannis_OHE,15000,1,cgre132,427,0.11618031208987889,0.34085233179469215,0.6026887439271458,0.7913640555396292,0.7988581428693456
artificial,artificial,CNN_Jannis_OHE,15000,1,cgre1338,1024,0.09624210274939447,0.3102291133169072,0.5210362473836725,0.604675636222638,0.7323742513867726
artificial,artificial,CNN_Jannis_OHE,15000,1,cgre4111,822,0.12830171694684672,0.35819229046260437,0.7812034042756009,0.6733570045910268,0.8853377298650079
artificial,artificial,CNN_Jannis_OHE,15000,1,cgre9708,418,0.03842914254355277,0.19603352402982702,0.8315362696754136,0.7820353943441662,0.9123220748878542
artificial,artificial,CNN_Jannis_OHE,15000,2,cgre132,427,0.08922428689500964,0.2987043469636986,0.6946342144367541,0.843191214083952,0.8383306446869755
artificial,artificial,CNN_Jannis_OHE,15000,2,cgre1338,1024,0.09885744903702551,0.31441604449681876,0.5287254134536654,0.626443502220028,0.7344658474977264
artificial,artificial,CNN_Jannis_OHE,15000,2,cgre4111,821,0.12650163778644916,0.35567068727468837,0.7871371791014736,0.6941661117820493,0.8880186150433148
artificial,artificial,CNN_Jannis_OHE,15000,2,cgre9708,418,0.05597384054633342,0.2365879129337199,0.7421652129315529,0.7366805702883802,0.8629543988204524
artificial,artificial,CNN_Jannis_OHE,15000,3,cgre132,427,0.09777636496136333,0.3126921248790307,0.6964854109567737,0.8298653573039277,0.8391133335414223
artificial,artificial,CNN_Jannis_OHE,15000,3,cgre1338,1024,0.0870932881491867,0.2951157199289572,0.5584282155038589,0.6356141616873273,0.7502514102211792
artificial,artificial,CNN_Jannis_OHE,15000,3,cgre4111,821,0.13826665113622727,0.37184223958048024,0.779412947101702,0.7175150090786337,0.8830259980614423
artificial,artificial,CNN_Jannis_OHE,15000,3,cgre9708,418,0.052791043078419246,0.22976301503596971,0.7505987731000501,0.7801012736471165,0.880274623621869
artificial,artificial,CNN_Jannis_OHE,15000,4,cgre132,427,0.13189386654429433,0.36317195175879746,0.5852125034418945,0.7834817674981754,0.7698395601323965
artificial,artificial,CNN_Jannis_OHE,15000,4,cgre1338,1024,0.10223160232548055,0.3197367703681898,0.48892326319195156,0.5587586314154797,0.6992999721530271
artificial,artificial,CNN_Jannis_OHE,15000,4,cgre4111,821,0.13906214241618756,0.3729103678046342,0.7706843654051445,0.69999819817588,0.8785815557648584
artificial,artificial,CNN_Jannis_OHE,15000,4,cgre9708,418,0.04199083804009618,0.20491666120668708,0.7611830231927228,0.7276845169062123,0.874229998268645
artificial,artificial,CNN_Jannis_OHE,15000,5,cgre132,427,0.11133914492414244,0.33367520873469525,0.6428805069541552,0.8486717763298035,0.8080376285200476
artificial,artificial,CNN_Jannis_OHE,15000,5,cgre1338,1024,0.09715273632425112,0.31169333699046425,0.4993000279717966,0.5676571009294413,0.7144711624954969
artificial,artificial,CNN_Jannis_OHE,15000,5,cgre4111,821,0.16266804330744195,0.4033212656275912,0.7353194318718375,0.684276954969077,0.8591239894283058
artificial,artificial,CNN_Jannis_OHE,15000,5,cgre9708,418,0.06599275003772993,0.2568905409658556,0.7212834896475104,0.7825070363257576,0.8514258538681438
artificial,artificial,CNN_Jannis_OHE,15000,6,cgre132,427,0.08777003923846396,0.29626008715057106,0.7159509165889385,0.8492511237661583,0.8464277665480813
artificial,artificial,CNN_Jannis_OHE,15000,6,cgre1338,1024,0.10856978838972392,0.3294992995284268,0.4381101313067458,0.5524760974716971,0.6906050685919083
artificial,artificial,CNN_Jannis_OHE,15000,6,cgre4111,821,0.1333402026354968,0.36515777772833596,0.7781960787592482,0.6869459242509662,0.8829531418238807
artificial,artificial,CNN_Jannis_OHE,15000,6,cgre9708,418,0.05009403876710688,0.22381697604763334,0.7729322058708282,0.7460009215956208,0.8792882114078734
artificial,artificial,CNN_Jannis_OHE,15000,7,cgre132,426,0.12508327088078167,0.35367113379633014,0.6341391208357532,0.8301214678715664,0.7987932020833646
artificial,artificial,CNN_Jannis_OHE,15000,7,cgre1338,1025,0.09536744665379565,0.3088162020584342,0.5214140635208033,0.6008800170158082,0.7242017484077276
artificial,artificial,CNN_Jannis_OHE,15000,7,cgre4111,821,0.14821438375007978,0.3849862124155614,0.7569063305435878,0.7085501890693624,0.8738013717806257
artificial,artificial,CNN_Jannis_OHE,15000,7,cgre9708,418,0.06605194078231537,0.25700572130268884,0.6829952043715952,0.7509081226950468,0.826785898702687
artificial,artificial,CNN_Jannis_OHE,15000,8,cgre132,426,0.07312961325849954,0.27042487544325416,0.7175694528426422,0.8536903193510145,0.8520573076563458
artificial,artificial,CNN_Jannis_OHE,15000,8,cgre1338,1024,0.1095195092341028,0.3309373191921739,0.4636778925860905,0.5607444186979006,0.6982785280464534
artificial,artificial,CNN_Jannis_OHE,15000,8,cgre4111,822,0.12244663562628132,0.3499237568760962,0.8064753581774351,0.7605059450149653,0.9000465192585837
artificial,artificial,CNN_Jannis_OHE,15000,8,cgre9708,418,0.043618956144186566,0.20885151697841833,0.7537258852742523,0.7257082373543386,0.8705191706169316
artificial,artificial,CNN_Jannis_OHE,15000,9,cgre132,426,0.10507817898742224,0.32415764527066493,0.6556916588112046,0.8320148858435086,0.8179022026113055
artificial,artificial,CNN_Jannis_OHE,15000,9,cgre1338,1024,0.09849003439025802,0.31383121959145177,0.4992262620127216,0.5703111634833067,0.7066490492956294
artificial,artificial,CNN_Jannis_OHE,15000,9,cgre4111,822,0.1582750142589841,0.39783792461124684,0.7330091685429492,0.6446864262411566,0.8578419429909103
artificial,artificial,CNN_Jannis_OHE,15000,9,cgre9708,418,0.042363919080137175,0.20582497195466146,0.7791789940210078,0.747333273717437,0.8846375210738342
artificial,artificial,CNN_Jannis_OHE,17500,0,cgre132,427,0.13224576775887806,0.36365611195039477,0.5588907320197292,0.8129414148804822,0.7558990246885274
artificial,artificial,CNN_Jannis_OHE,17500,0,cgre1338,1024,0.10742901086386845,0.32776365091917753,0.4569803358580411,0.5546770770715239,0.6878250286689884
artificial,artificial,CNN_Jannis_OHE,17500,0,cgre4111,822,0.13171514096402812,0.36292580641782435,0.7843602594440455,0.7028099767845247,0.8918663723707532
artificial,artificial,CNN_Jannis_OHE,17500,0,cgre9708,418,0.040705497529110686,0.20175603467829825,0.7755623361425872,0.7545194675958098,0.8813993338829765
artificial,artificial,CNN_Jannis_OHE,17500,1,cgre132,427,0.09554003696066111,0.3090955143004523,0.6732739703718353,0.8144749937459994,0.8253086691806465
artificial,artificial,CNN_Jannis_OHE,17500,1,cgre1338,1024,0.0937448616822277,0.30617782689513573,0.5334641549059375,0.6152027549752737,0.7391474918004579
artificial,artificial,CNN_Jannis_OHE,17500,1,cgre4111,822,0.12342222989887809,0.3513150009590796,0.789524533410756,0.6687095753662453,0.889615120595568
artificial,artificial,CNN_Jannis_OHE,17500,1,cgre9708,418,0.04763727230155783,0.21825964423492913,0.7911701364319174,0.7915534269275538,0.8980739206824446
artificial,artificial,CNN_Jannis_OHE,17500,2,cgre132,427,0.0919072517011865,0.3031620881660279,0.6854518977807433,0.8337307435851512,0.8279331705082138
artificial,artificial,CNN_Jannis_OHE,17500,2,cgre1338,1024,0.09669075266532333,0.31095136704205584,0.5390545181057889,0.5951233997085503,0.7409545771182819
artificial,artificial,CNN_Jannis_OHE,17500,2,cgre4111,821,0.1213318996158449,0.34832728807236,0.795836236833511,0.6766929695152099,0.8929935455673128
artificial,artificial,CNN_Jannis_OHE,17500,2,cgre9708,418,0.05242394676328986,0.22896276283118586,0.7585172462873666,0.7578222248949449,0.8714631719601129
artificial,artificial,CNN_Jannis_OHE,17500,3,cgre132,427,0.09197499871768847,0.30327380156829975,0.7144938457358128,0.8375851863132218,0.8490692363878832
artificial,artificial,CNN_Jannis_OHE,17500,3,cgre1338,1024,0.08764283855145433,0.29604533191971516,0.5556419393515082,0.6310837615134691,0.7489594340588872
artificial,artificial,CNN_Jannis_OHE,17500,3,cgre4111,821,0.12533059239034658,0.3540206101208609,0.8000508019381631,0.7035096827394652,0.896289984144716
artificial,artificial,CNN_Jannis_OHE,17500,3,cgre9708,418,0.050646161781927684,0.22504702126872883,0.7607318562085827,0.7818197561739741,0.8725126949506644
artificial,artificial,CNN_Jannis_OHE,17500,4,cgre132,427,0.11255061581973004,0.3354856417489876,0.6460442824590277,0.8109383759179004,0.8089990092136041
artificial,artificial,CNN_Jannis_OHE,17500,4,cgre1338,1024,0.10006573475704734,0.3163316847188206,0.49975087915466576,0.5759391149582034,0.713498099833917
artificial,artificial,CNN_Jannis_OHE,17500,4,cgre4111,821,0.1294468274105706,0.35978719739669807,0.7865401693215225,0.7113553579567813,0.8904711360269543
artificial,artificial,CNN_Jannis_OHE,17500,4,cgre9708,418,0.03490110660533928,0.18681837866050352,0.8015048721162287,0.7621565304431033,0.8979533072059492
artificial,artificial,CNN_Jannis_OHE,17500,5,cgre132,427,0.13406374694792572,0.3661471656969718,0.5699915121632284,0.8480120804496043,0.7745698030716355
artificial,artificial,CNN_Jannis_OHE,17500,5,cgre1338,1024,0.09642888305913286,0.3105300034765286,0.5030305797123837,0.5782018748934963,0.7268151658300006
artificial,artificial,CNN_Jannis_OHE,17500,5,cgre4111,821,0.16292411680046073,0.40363859676753006,0.7349027693471234,0.7092065563119582,0.8616211284287703
artificial,artificial,CNN_Jannis_OHE,17500,5,cgre9708,418,0.07083606947844139,0.2661504639831413,0.7008280139738086,0.7919853888748116,0.8427586728506378
artificial,artificial,CNN_Jannis_OHE,17500,6,cgre132,427,0.08411663287114712,0.2900286759462711,0.7277743900540126,0.8587340982748843,0.8565242716209693
artificial,artificial,CNN_Jannis_OHE,17500,6,cgre1338,1024,0.09599187231424014,0.3098255514224741,0.5032056216536468,0.5850102954690567,0.7166049995990014
artificial,artificial,CNN_Jannis_OHE,17500,6,cgre4111,821,0.12898004669881952,0.35913792155496405,0.7854489527226984,0.6840873385452009,0.8882956899421539
artificial,artificial,CNN_Jannis_OHE,17500,6,cgre9708,418,0.03960200229202662,0.1990025183057406,0.8204908303489895,0.7667030578358446,0.9106344901032611
artificial,artificial,CNN_Jannis_OHE,17500,7,cgre132,426,0.11285119056599274,0.3359333126767763,0.6699172039196355,0.836377836406204,0.8192300316741683
artificial,artificial,CNN_Jannis_OHE,17500,7,cgre1338,1025,0.08988536200266643,0.2998088757903382,0.5489250089081044,0.6151255075741077,0.7423021760579034
artificial,artificial,CNN_Jannis_OHE,17500,7,cgre4111,821,0.14667602999198956,0.38298306750036554,0.7594294598817416,0.7075428115020802,0.8746852237414833
artificial,artificial,CNN_Jannis_OHE,17500,7,cgre9708,418,0.06316786394120932,0.2513321784833954,0.6968368292922701,0.7584568617896063,0.8467488691357177
artificial,artificial,CNN_Jannis_OHE,17500,8,cgre132,426,0.06973401562522877,0.26407198947489446,0.7306834357390227,0.8584208820910032,0.8610783594031657
artificial,artificial,CNN_Jannis_OHE,17500,8,cgre1338,1024,0.10159994007895944,0.3187474550156588,0.5024603894106296,0.5625258370084388,0.7148971660747739
artificial,artificial,CNN_Jannis_OHE,17500,8,cgre4111,822,0.12272581924623854,0.35032245038855064,0.8060341136321798,0.749810120118416,0.8989522134779382
artificial,artificial,CNN_Jannis_OHE,17500,8,cgre9708,418,0.03735018327001101,0.19326195505067986,0.7891195908205535,0.7388272962851121,0.8885432048424101
artificial,artificial,CNN_Jannis_OHE,17500,9,cgre132,426,0.09947378884871746,0.315394655707286,0.6740554931546153,0.8326084569131278,0.8234498383776537
artificial,artificial,CNN_Jannis_OHE,17500,9,cgre1338,1024,0.09298575022334316,0.30493564931529926,0.5272128595834784,0.5984726321038591,0.7287274447381701
artificial,artificial,CNN_Jannis_OHE,17500,9,cgre4111,822,0.1385634897093376,0.3722411714323626,0.7662601295580891,0.658451274580933,0.8767966435065204
artificial,artificial,CNN_Jannis_OHE,17500,9,cgre9708,418,0.042824507162734234,0.20694083010062136,0.7767781886670786,0.7674182719657235,0.8823346627167407
