source,target,model,training_size,fold,n_train,n_validation,n_test,used_train_fraction,used_validation_fraction,used_test_fraction,n,mse,rmse,r2,spearman,pearson
natural,natural,aubin_1_10_1,500,0,500,4413,2452,0.06788866259334692,0.5991853360488798,0.3329260013577732,2452,0.6128717565672274,0.7828612626559238,-0.02132407056826713,0.3980016073211204,0.40568469356913417
natural,artificial,aubin_1_10_1,500,0,500,4413,2691,0.06575486586007365,0.58035244608101,0.3538926880589164,2691,1.551417869101729,1.2455592595704665,-2.314465976591455,0.15655532213180604,0.24613513728734202
natural,natural,aubin_1_10_1,500,1,500,4413,2452,0.06788866259334692,0.5991853360488798,0.3329260013577732,2452,0.6192523644066701,0.7869258951176217,-0.04934374063427627,0.3608807018135516,0.38361240585510575
natural,artificial,aubin_1_10_1,500,1,500,4413,2691,0.06575486586007365,0.58035244608101,0.3538926880589164,2691,1.483908109361327,1.2181576701565882,-2.2251187227932308,0.11025187639917056,0.15424786835854176
natural,natural,aubin_1_10_1,500,2,500,4413,2452,0.06788866259334692,0.5991853360488798,0.3329260013577732,2452,0.6230250002624782,0.7893193271816409,-0.047981885190766294,0.3858280711273355,0.40060070263294784
natural,artificial,aubin_1_10_1,500,2,500,4413,2690,0.06576351440220965,0.5804287781139024,0.35380770748388796,2690,1.4895917937861052,1.220488342339289,-2.2281262999408034,0.14194753878205968,0.20287543206566122
natural,natural,aubin_1_10_1,500,3,500,4413,2452,0.06788866259334692,0.5991853360488798,0.3329260013577732,2452,0.6121546094750584,0.7824030990960212,-0.024912466775916853,0.3935968687867088,0.39452727389465647
natural,artificial,aubin_1_10_1,500,3,500,4413,2690,0.06576351440220965,0.5804287781139024,0.35380770748388796,2690,1.5455390355431369,1.2431971024512312,-2.2930528180781873,0.11572102372427076,0.1918211205251295
natural,natural,aubin_1_10_1,500,4,500,4413,2452,0.06788866259334692,0.5991853360488798,0.3329260013577732,2452,0.6129065597670249,0.7828834905444263,-0.038369798592340354,0.3876589875803381,0.40247040589343647
natural,artificial,aubin_1_10_1,500,4,500,4413,2690,0.06576351440220965,0.5804287781139024,0.35380770748388796,2690,1.5437417727705751,1.242474053157882,-2.3298930134788036,0.11272953170549764,0.18826078910453514
natural,natural,aubin_1_10_1,500,5,500,4413,2452,0.06788866259334692,0.5991853360488798,0.3329260013577732,2452,0.602323902250413,0.7760952919908823,-0.025941668382441163,0.3891567226097656,0.38827843447508237
natural,artificial,aubin_1_10_1,500,5,500,4413,2690,0.06576351440220965,0.5804287781139024,0.35380770748388796,2690,1.621691177198926,1.2734563899870799,-2.523403069907724,0.09608071686352655,0.1775015569643551
natural,natural,aubin_1_10_1,500,6,500,4413,2451,0.06789788158609451,0.5992667028788702,0.3328354155350353,2451,0.62013569728197,0.7874869505470996,-0.04622612243021473,0.4084550716685791,0.4148501337334638
natural,artificial,aubin_1_10_1,500,6,500,4413,2690,0.06576351440220965,0.5804287781139024,0.35380770748388796,2690,1.5058401034702047,1.2271267674817483,-2.258624062548215,0.15635170477540206,0.24096582913425552
natural,natural,aubin_1_10_1,500,7,500,4413,2451,0.06789788158609451,0.5992667028788702,0.3328354155350353,2451,0.6149522388284087,0.7841889050658704,-0.03328562139713376,0.3969785046904658,0.40139896533141844
natural,artificial,aubin_1_10_1,500,7,500,4413,2690,0.06576351440220965,0.5804287781139024,0.35380770748388796,2690,1.569330794462221,1.2527293380703675,-2.3794233453273272,0.12338266628694891,0.20875870479256692
natural,natural,aubin_1_10_1,500,8,500,4413,2451,0.06789788158609451,0.5992667028788702,0.3328354155350353,2451,0.6155905412606663,0.7845957820818732,-0.052557418796805866,0.37762433346270374,0.41041237455099205
natural,artificial,aubin_1_10_1,500,8,500,4413,2690,0.06576351440220965,0.5804287781139024,0.35380770748388796,2690,1.4561012293476323,1.2066901960932774,-2.0995155580745006,0.11593494034337858,0.18903165857932716
natural,natural,aubin_1_10_1,500,9,500,4413,2451,0.06789788158609451,0.5992667028788702,0.3328354155350353,2451,0.5986236005269214,0.773707697083932,-0.013888895970743054,0.42002221055526084,0.42248591313030504
natural,artificial,aubin_1_10_1,500,9,500,4413,2690,0.06576351440220965,0.5804287781139024,0.35380770748388796,2690,1.6492821421171882,1.2842438016658628,-2.5972650523705374,0.10281743656693887,0.14543890700163742
natural,natural,aubin_1_10_1,1000,0,1000,4413,2452,0.12714558169103624,0.5610934520025429,0.31176096630642086,2452,0.5997324842031131,0.7744239692849861,0.000571954157013832,0.4915850710163294,0.48101724473146934
natural,artificial,aubin_1_10_1,1000,0,1000,4413,2691,0.12339585389930899,0.5445459032576505,0.3320582428430405,2691,1.8356547835356891,1.3548633818712827,-2.921712806053442,0.2723548205009745,0.35036961214148066
natural,natural,aubin_1_10_1,1000,1,1000,4413,2452,0.12714558169103624,0.5610934520025429,0.31176096630642086,2452,0.5898504835397951,0.7680172416943484,0.00047872500958312525,0.4610648970106725,0.4653056274481016
natural,artificial,aubin_1_10_1,1000,1,1000,4413,2691,0.12339585389930899,0.5445459032576505,0.3320582428430405,2691,1.8282211547194462,1.3521172858592727,-2.9734470337452894,0.17984567229750062,0.27298835730414034
natural,natural,aubin_1_10_1,1000,2,1000,4413,2452,0.12714558169103624,0.5610934520025429,0.31176096630642086,2452,0.5943583222022001,0.7709463808866347,0.00023794435557678018,0.47362910310784273,0.47266747009787957
natural,artificial,aubin_1_10_1,1000,2,1000,4413,2690,0.1234110823151919,0.5446131062569419,0.3319758114278662,2690,1.8187450661897748,1.3486085667048742,-2.9414414106915,0.21822238033603472,0.28757556892056957
natural,natural,aubin_1_10_1,1000,3,1000,4413,2452,0.12714558169103624,0.5610934520025429,0.31176096630642086,2452,0.596853307531593,0.7725628178546992,0.000706053246677496,0.41917779209023454,0.41614008358137
natural,artificial,aubin_1_10_1,1000,3,1000,4413,2690,0.1234110823151919,0.5446131062569419,0.3319758114278662,2690,1.8163388301516101,1.3477161534060538,-2.8700411737666887,0.1277829560405163,0.20553138976098648
natural,natural,aubin_1_10_1,1000,4,1000,4413,2452,0.12714558169103624,0.5610934520025429,0.31176096630642086,2452,0.5904009222912477,0.7683755086487646,-0.00024135326814955782,0.433656127612085,0.44209520597987856
natural,artificial,aubin_1_10_1,1000,4,1000,4413,2690,0.1234110823151919,0.5446131062569419,0.3319758114278662,2690,1.8284785041367881,1.352212447856027,-2.9440778915335697,0.13368290422560936,0.21871240937934217
natural,natural,aubin_1_10_1,1000,5,1000,4413,2452,0.12714558169103624,0.5610934520025429,0.31176096630642086,2452,0.5874836119396503,0.7664747953714135,-0.0006641189712046636,0.4276801468003926,0.42223607592473145
natural,artificial,aubin_1_10_1,1000,5,1000,4413,2690,0.1234110823151919,0.5446131062569419,0.3319758114278662,2690,1.840957885908508,1.3568190321146398,-2.9997977161006704,0.10489707403974577,0.17946845335287331
natural,natural,aubin_1_10_1,1000,6,1000,4413,2451,0.1271617497456765,0.5611648016276704,0.3116734486266531,2451,0.5927160587559281,0.769880548368335,3.333694177987123e-05,0.509036138519087,0.497462436498616
natural,artificial,aubin_1_10_1,1000,6,1000,4413,2690,0.1234110823151919,0.5446131062569419,0.3319758114278662,2690,1.8212289960286598,1.3495291756863428,-2.9411227103017215,0.2636225648885994,0.3409466620051841
natural,natural,aubin_1_10_1,1000,7,1000,4413,2451,0.1271617497456765,0.5611648016276704,0.3116734486266531,2451,0.5946404306988473,0.7711293216438131,0.000843694604445222,0.4931205224650776,0.4823739397621961
natural,artificial,aubin_1_10_1,1000,7,1000,4413,2690,0.1234110823151919,0.5446131062569419,0.3319758114278662,2690,1.8747258558626618,1.3692062868182653,-3.03706621048119,0.13486107690222648,0.2151002376320747
natural,natural,aubin_1_10_1,1000,8,1000,4413,2451,0.1271617497456765,0.5611648016276704,0.3116734486266531,2451,0.5853782443712735,0.7651001531638022,-0.0008994170921361455,0.46868577501496367,0.48127299582547645
natural,artificial,aubin_1_10_1,1000,8,1000,4413,2690,0.1234110823151919,0.5446131062569419,0.3319758114278662,2690,1.7649646250531592,1.3285197119550614,-2.756974587030823,0.18905996357836366,0.28517300744056945
natural,natural,aubin_1_10_1,1000,9,1000,4413,2451,0.1271617497456765,0.5611648016276704,0.3116734486266531,2451,0.5899830875860212,0.768103565664176,0.0007455422949032009,0.4630340589621628,0.460658259624637
natural,artificial,aubin_1_10_1,1000,9,1000,4413,2690,0.1234110823151919,0.5446131062569419,0.3319758114278662,2690,1.850476396947233,1.360322166601439,-3.0360917656148674,0.1451422394238376,0.2240577666813503
natural,natural,aubin_1_10_1,2500,0,2500,4413,2452,0.2669514148424987,0.47122263747997867,0.2618259476775227,2452,0.5997137334626589,0.7744118629402954,0.0006032014487377113,0.46739975729748334,0.46763723136473834
natural,artificial,aubin_1_10_1,2500,0,2500,4413,2691,0.2603082049146189,0.4594960433152853,0.2801957517700958,2691,1.8300544680495818,1.3527950576674879,-2.9097482312560485,0.13721552090926475,0.21257804261595248
natural,natural,aubin_1_10_1,2500,1,2500,4413,2452,0.2669514148424987,0.47122263747997867,0.2618259476775227,2452,0.5866112426857086,0.7659055050629344,0.005967726441009624,0.6773512366977339,0.5901310944040532
natural,artificial,aubin_1_10_1,2500,1,2500,4413,2691,0.2603082049146189,0.4594960433152853,0.2801957517700958,2691,1.8484518898977413,1.3595778351744858,-3.0174164159380146,0.225729730132521,0.23729779181245086
natural,natural,aubin_1_10_1,2500,2,2500,4413,2452,0.2669514148424987,0.47122263747997867,0.2618259476775227,2452,0.5914377802780668,0.7690499205370656,0.005150548232054297,0.6988916592171617,0.6384015094418534
natural,artificial,aubin_1_10_1,2500,2,2500,4413,2690,0.2603353118817036,0.45954389253358324,0.2801207955847131,2690,1.7944317834688852,1.339564027386853,-2.8887515746460752,0.5044162957192582,0.5283565369680618
natural,natural,aubin_1_10_1,2500,3,2500,4413,2452,0.2669514148424987,0.47122263747997867,0.2618259476775227,2452,0.5968197250112398,0.7725410830572312,0.0007622794732599081,0.45502480224558006,0.4422972905750857
natural,artificial,aubin_1_10_1,2500,3,2500,4413,2690,0.2603353118817036,0.45954389253358324,0.2801207955847131,2690,1.8202215096626415,1.3491558507684134,-2.8783139306569754,0.17387904335957197,0.2633497121872236
natural,natural,aubin_1_10_1,2500,4,2500,4413,2452,0.2669514148424987,0.47122263747997867,0.2618259476775227,2452,0.5877842512133147,0.7666708884608275,0.004191740450424031,0.7108244374316393,0.6327239891038828
natural,artificial,aubin_1_10_1,2500,4,2500,4413,2690,0.2603353118817036,0.45954389253358324,0.2801207955847131,2690,1.827381795140349,1.35180686310595,-2.9417122603836736,0.5432920788556317,0.5439942191667717
natural,natural,aubin_1_10_1,2500,5,2500,4413,2452,0.2669514148424987,0.47122263747997867,0.2618259476775227,2452,0.5840417331971265,0.7642262316860934,0.0051984523235451,0.7183356527446904,0.6358689342757292
natural,artificial,aubin_1_10_1,2500,5,2500,4413,2690,0.2603353118817036,0.45954389253358324,0.2801207955847131,2690,1.8342827978224518,1.3543569683884864,-2.9852949388857515,0.44492130812769004,0.4703216405542716
natural,natural,aubin_1_10_1,2500,6,2500,4413,2451,0.26697992310978214,0.47127296027338744,0.2617471166168304,2451,0.5886657813080699,0.767245580833197,0.006866528592594512,0.7285553177400982,0.638128309738855
natural,artificial,aubin_1_10_1,2500,6,2500,4413,2690,0.2603353118817036,0.45954389253358324,0.2801207955847131,2690,1.8359817766387092,1.3549840503263162,-2.9730475911536898,0.539012014601974,0.5638940076445367
natural,natural,aubin_1_10_1,2500,7,2500,4413,2451,0.26697992310978214,0.47127296027338744,0.2617471166168304,2451,0.5914118214175903,0.7690330431246698,0.006268628992501024,0.7177884275728696,0.6482319644326714
natural,artificial,aubin_1_10_1,2500,7,2500,4413,2690,0.2603353118817036,0.45954389253358324,0.2801207955847131,2690,1.8724494427387184,1.3683747449944836,-3.032164144147049,0.5529678780086424,0.532906986322987
natural,natural,aubin_1_10_1,2500,8,2500,4413,2451,0.26697992310978214,0.47127296027338744,0.2617471166168304,2451,0.5819424581045117,0.7628515308397249,0.004975205862716825,0.6892191359635784,0.623057900528441
natural,artificial,aubin_1_10_1,2500,8,2500,4413,2690,0.2603353118817036,0.45954389253358324,0.2801207955847131,2690,1.780492639990004,1.3343510182819227,-2.7900281432758978,0.5806549363165304,0.5630579574859118
natural,natural,aubin_1_10_1,2500,9,2500,4413,2451,0.26697992310978214,0.47127296027338744,0.2617471166168304,2451,0.5874800111789943,0.766472446457793,0.004985003239338259,0.7012149926960214,0.6316073340028245
natural,artificial,aubin_1_10_1,2500,9,2500,4413,2690,0.2603353118817036,0.45954389253358324,0.2801207955847131,2690,1.8594383917740218,1.363612258588937,-3.05563885823575,0.537433081698241,0.5275678754326765
natural,natural,aubin_1_10_1,5000,0,5000,4413,2452,0.42140750105351876,0.37193426042983563,0.2066582385166456,2452,0.28306194681938907,0.5320356631085825,0.5282896027582812,0.7666692411704918,0.7284056431058932
natural,artificial,aubin_1_10_1,5000,0,5000,4413,2691,0.41308658294778583,0.3645902181097158,0.22232319894249836,2691,4.354211005875465,2.0866746286557145,-8.302383659039808,0.5713454739536281,0.5149421655201679
natural,natural,aubin_1_10_1,5000,1,5000,4413,2452,0.42140750105351876,0.37193426042983563,0.2066582385166456,2452,0.2903180651324124,0.5388117158455377,0.5080463766470364,0.761449903878952,0.7235975766966312
natural,artificial,aubin_1_10_1,5000,1,5000,4413,2691,0.41308658294778583,0.3645902181097158,0.22232319894249836,2691,3.7582978231702633,1.9386329779435465,-7.168266349428004,0.5560511187401223,0.5060898587107139
natural,natural,aubin_1_10_1,5000,2,5000,4413,2452,0.42140750105351876,0.37193426042983563,0.2066582385166456,2452,0.28067361191552453,0.5297863832862492,0.5278827321301514,0.765673290415028,0.731404229823519
natural,artificial,aubin_1_10_1,5000,2,5000,4413,2690,0.4131207138725936,0.3646203420639511,0.22225894406345534,2690,5.051412311316096,2.2475347186008263,-9.947023877298399,0.47972453615870236,0.4386031672280686
natural,natural,aubin_1_10_1,5000,3,5000,4413,2452,0.42140750105351876,0.37193426042983563,0.2066582385166456,2452,0.29569339687681134,0.5437769734705685,0.5049292382814103,0.7662916832560035,0.72366922493044
natural,artificial,aubin_1_10_1,5000,3,5000,4413,2690,0.4131207138725936,0.3646203420639511,0.22225894406345534,2690,5.131036927162822,2.265179226278314,-9.932610062947306,0.3561591004511842,0.2966514713154469
natural,natural,aubin_1_10_1,5000,4,5000,4413,2452,0.42140750105351876,0.37193426042983563,0.2066582385166456,2452,0.27043210753210817,0.5200308717106208,0.5418412014748921,0.7709834671003224,0.7400991253677643
natural,artificial,aubin_1_10_1,5000,4,5000,4413,2690,0.4131207138725936,0.3646203420639511,0.22225894406345534,2690,5.185288979727907,2.2771229610470987,-10.184809435762197,0.45912549992818713,0.41061422106468437
natural,natural,aubin_1_10_1,5000,5,5000,4413,2452,0.42140750105351876,0.37193426042983563,0.2066582385166456,2452,0.27377798275925225,0.5232379790871953,0.5336724321432755,0.7712873376854188,0.7366706444184025
natural,artificial,aubin_1_10_1,5000,5,5000,4413,2690,0.4131207138725936,0.3646203420639511,0.22225894406345534,2690,4.319509310411681,2.0783429241613813,-8.384877083124575,0.5058314102627406,0.44643120773994727
natural,natural,aubin_1_10_1,5000,6,5000,4413,2451,0.42144302090357383,0.37196561024949426,0.20659136884693188,2451,0.2710961807184888,0.5206689742230555,0.5426357373041496,0.7811431997376449,0.7468694050306086
natural,artificial,aubin_1_10_1,5000,6,5000,4413,2690,0.4131207138725936,0.3646203420639511,0.22225894406345534,2690,4.750058471291302,2.17946288596326,-9.2790826179953,0.5053709041285096,0.46766020701871336
natural,natural,aubin_1_10_1,5000,7,5000,4413,2451,0.42144302090357383,0.37196561024949426,0.20659136884693188,2451,0.2749813780637688,0.5243866684649494,0.5379571190006773,0.778962407879303,0.7387099343389818
natural,artificial,aubin_1_10_1,5000,7,5000,4413,2690,0.4131207138725936,0.3646203420639511,0.22225894406345534,2690,5.470207849789457,2.3388475473594803,-10.77963764975767,0.5251120576153577,0.4722989239607115
natural,natural,aubin_1_10_1,5000,8,5000,4413,2451,0.42144302090357383,0.37196561024949426,0.20659136884693188,2451,0.2757139482302545,0.5250847057668453,0.5285750150072104,0.777366830460822,0.7369274445080719
natural,artificial,aubin_1_10_1,5000,8,5000,4413,2690,0.4131207138725936,0.3646203420639511,0.22225894406345534,2690,5.582600129709414,2.3627526594439408,-10.88334684965232,0.5310172287012996,0.46650265842534633
natural,natural,aubin_1_10_1,5000,9,5000,4413,2451,0.42144302090357383,0.37196561024949426,0.20659136884693188,2451,0.28010456599400135,0.5292490585669486,0.5255868480259653,0.7709019276554324,0.7272114021752005
natural,artificial,aubin_1_10_1,5000,9,5000,4413,2690,0.4131207138725936,0.3646203420639511,0.22225894406345534,2690,4.9109911289250405,2.2160756144421248,-9.711409715444875,0.6480102454218208,0.6007256956585392
natural,natural,aubin_1_10_1,10000,0,10000,4413,2452,0.5929439667951378,0.26166617254669433,0.1453898606581678,2452,0.09040619840866627,0.3006762351910544,0.8493420106670994,0.8785616854261827,0.9219928753437365
natural,artificial,aubin_1_10_1,10000,0,10000,4413,2691,0.5846585594013096,0.2580098222637979,0.15733161833489243,2691,2.651329819537672,1.6282904592048901,-4.664329807331715,0.738550790788231,0.7496084139231864
natural,natural,aubin_1_10_1,10000,1,10000,4413,2452,0.5929439667951378,0.26166617254669433,0.1453898606581678,2452,0.10315758135643928,0.3211815395635921,0.8251960452358271,0.8706148014830324,0.909692389093604
natural,artificial,aubin_1_10_1,10000,1,10000,4413,2691,0.5846585594013096,0.2580098222637979,0.15733161833489243,2691,2.3794635255405394,1.542550979883822,-4.171514541912766,0.7254847457026373,0.7461711347226263
natural,natural,aubin_1_10_1,10000,2,10000,4413,2452,0.5929439667951378,0.26166617254669433,0.1453898606581678,2452,0.09139199427368705,0.30231108857216443,0.8462707685727993,0.8809094217564857,0.9204842916659347
natural,artificial,aubin_1_10_1,10000,2,10000,4413,2690,0.5846927439630474,0.25802490791089283,0.15728234812605976,2690,2.5586790962873844,1.5995871643294042,-4.544968304934225,0.7017561213071106,0.711978003506664
natural,natural,aubin_1_10_1,10000,3,10000,4413,2452,0.5929439667951378,0.26166617254669433,0.1453898606581678,2452,0.10852301475567876,0.3294283150484772,0.8183031067092965,0.8690401343976466,0.9069944864662423
natural,artificial,aubin_1_10_1,10000,3,10000,4413,2690,0.5846927439630474,0.25802490791089283,0.15728234812605976,2690,2.0401802312839035,1.4283487778844155,-3.346976107048544,0.7007527410896076,0.7305583623696379
natural,natural,aubin_1_10_1,10000,4,10000,4413,2452,0.5929439667951378,0.26166617254669433,0.1453898606581678,2452,0.09125386474171264,0.30208254623813113,0.8454001582416695,0.880859194068047,0.9223569399149067
natural,artificial,aubin_1_10_1,10000,4,10000,4413,2690,0.5846927439630474,0.25802490791089283,0.15728234812605976,2690,2.2242482754468895,1.491391389088354,-3.797764058272718,0.6999008985338091,0.7191278449668654
natural,natural,aubin_1_10_1,10000,5,10000,4413,2452,0.5929439667951378,0.26166617254669433,0.1453898606581678,2452,0.10295259598703661,0.3208622694974225,0.8246402679744038,0.8725804015970812,0.9096175209416537
natural,artificial,aubin_1_10_1,10000,5,10000,4413,2690,0.5846927439630474,0.25802490791089283,0.15728234812605976,2690,2.3563089919017495,1.535027358681841,-4.11948665223539,0.7249479060070947,0.749577204865691
natural,natural,aubin_1_10_1,10000,6,10000,4413,2451,0.5929791271347249,0.26168168880455406,0.14533918406072105,2451,0.09243399701335252,0.30402959890996223,0.8440553209565774,0.8813362371945253,0.920909467038929
natural,artificial,aubin_1_10_1,10000,6,10000,4413,2690,0.5846927439630474,0.25802490791089283,0.15728234812605976,2690,2.351636738162962,1.533504723880224,-4.088920160706724,0.7489760307362843,0.7771558229133142
natural,natural,aubin_1_10_1,10000,7,10000,4413,2451,0.5929791271347249,0.26168168880455406,0.14533918406072105,2451,0.10153945423279555,0.3186525603738271,0.829386330452021,0.8777318878414885,0.913202461084518
natural,artificial,aubin_1_10_1,10000,7,10000,4413,2690,0.5846927439630474,0.25802490791089283,0.15728234812605976,2690,2.6802460832294708,1.637145712277765,-4.771687025355096,0.7283971401404519,0.7408908776297309
natural,natural,aubin_1_10_1,10000,8,10000,4413,2451,0.5929791271347249,0.26168168880455406,0.14533918406072105,2451,0.1085952544133161,0.3295379407796864,0.8143201803510786,0.8801806664613473,0.9070781018260267
natural,artificial,aubin_1_10_1,10000,8,10000,4413,2690,0.5846927439630474,0.25802490791089283,0.15728234812605976,2690,2.5103357272241125,1.584403902805125,-4.343601451395928,0.6916607407158462,0.7090726274140093
natural,natural,aubin_1_10_1,10000,9,10000,4413,2451,0.5929791271347249,0.26168168880455406,0.14533918406072105,2451,0.09449055876169751,0.3073931664199735,0.8399613242474431,0.8821894420586021,0.9203782554479617
natural,artificial,aubin_1_10_1,10000,9,10000,4413,2690,0.5846927439630474,0.25802490791089283,0.15728234812605976,2690,2.8982671520602348,1.7024297788925788,-5.3214382016870045,0.6950659266530449,0.6966036939560312
natural,natural,aubin_1_10_1,15000,0,15000,4413,2452,0.686027898467871,0.20182940772924765,0.11214269380288132,2452,0.06275020583665064,0.2504999118495866,0.8954295169138624,0.8899023660926921,0.9471120076563891
natural,artificial,aubin_1_10_1,15000,0,15000,4413,2691,0.6786102062975027,0.1996471226927253,0.12174267100977199,2691,1.7893830092189575,1.337678215872172,-2.8228572851110902,0.7569332869034094,0.7645999767715006
natural,natural,aubin_1_10_1,15000,1,15000,4413,2452,0.686027898467871,0.20182940772924765,0.11214269380288132,2452,0.06814542328927753,0.2610467837175504,0.8845253123094795,0.8890954478600064,0.940497664496418
natural,artificial,aubin_1_10_1,15000,1,15000,4413,2691,0.6786102062975027,0.1996471226927253,0.12174267100977199,2691,1.8418032930331274,1.3571305364750759,-3.00296638760196,0.7579218500161448,0.7731860565549916
natural,natural,aubin_1_10_1,15000,2,15000,4413,2452,0.686027898467871,0.20182940772924765,0.11214269380288132,2452,0.054801973555620026,0.23409821348233315,0.907818345114887,0.8994874229138393,0.9533939635315053
natural,artificial,aubin_1_10_1,15000,2,15000,4413,2690,0.6786409084739629,0.19965615527303987,0.12170293625299733,2690,1.8595214030395277,1.3636426962513046,-3.0298086841613445,0.7543454247217417,0.7594608209125114
natural,natural,aubin_1_10_1,15000,3,15000,4413,2452,0.686027898467871,0.20182940772924765,0.11214269380288132,2452,0.07243870045633105,0.2691443858904195,0.8787180133489382,0.8863025609217786,0.9374149612147139
natural,artificial,aubin_1_10_1,15000,3,15000,4413,2690,0.6786409084739629,0.19965615527303987,0.12170293625299733,2690,2.134549642270552,1.461009802249989,-3.5480473499244978,0.7465608678015827,0.7241395832303581
natural,natural,aubin_1_10_1,15000,4,15000,4413,2452,0.686027898467871,0.20182940772924765,0.11214269380288132,2452,0.06449557623597106,0.2539597925577414,0.8907333304905423,0.8945067046453555,0.9444319939223564
natural,artificial,aubin_1_10_1,15000,4,15000,4413,2690,0.6786409084739629,0.19965615527303987,0.12170293625299733,2690,1.8355926420940254,1.3548404489437218,-2.9594232807032967,0.7483259361647621,0.7597945670849674
natural,natural,aubin_1_10_1,15000,5,15000,4413,2452,0.686027898467871,0.20182940772924765,0.11214269380288132,2452,0.0629887782986482,0.2509756528005221,0.8927108619537728,0.8884438737221114,0.9451082358525877
natural,artificial,aubin_1_10_1,15000,5,15000,4413,2690,0.6786409084739629,0.19965615527303987,0.12170293625299733,2690,1.9408230486392641,1.3931342536307347,-3.2167719624242768,0.734497927948602,0.7407760004163064
natural,natural,aubin_1_10_1,15000,6,15000,4413,2451,0.686059275521405,0.20183863885839737,0.11210208562019759,2451,0.06530590229414154,0.2555501952535774,0.8898229190345424,0.8949266961290704,0.9462562388483298
natural,artificial,aubin_1_10_1,15000,6,15000,4413,2690,0.6786409084739629,0.19965615527303987,0.12170293625299733,2690,1.6771726391717918,1.2950570022866916,-2.629386085851999,0.7607261215471246,0.781179545710515
natural,natural,aubin_1_10_1,15000,7,15000,4413,2451,0.686059275521405,0.20183863885839737,0.11210208562019759,2451,0.06290212415398719,0.25080295882223397,0.8943074659464925,0.8928600106368048,0.9458802448886771
natural,artificial,aubin_1_10_1,15000,7,15000,4413,2690,0.6786409084739629,0.19965615527303987,0.12170293625299733,2690,1.885664438073798,1.3731949745297636,-3.060621537515834,0.7581190036098767,0.7601097513323203
natural,natural,aubin_1_10_1,15000,8,15000,4413,2451,0.686059275521405,0.20183863885839737,0.11210208562019759,2451,0.07150905556792247,0.26741177155825147,0.8777314108903786,0.9003156434443544,0.9374445145581085
natural,artificial,aubin_1_10_1,15000,8,15000,4413,2690,0.6786409084739629,0.19965615527303987,0.12170293625299733,2690,1.8793453264969877,1.370892164430517,-3.0004499419877426,0.7521985461802654,0.7745272362978797
natural,natural,aubin_1_10_1,15000,9,15000,4413,2451,0.686059275521405,0.20183863885839737,0.11210208562019759,2451,0.05502638339393138,0.23457703083194523,0.9068018049080795,0.8944832994735507,0.9524064052756596
natural,artificial,aubin_1_10_1,15000,9,15000,4413,2690,0.6786409084739629,0.19965615527303987,0.12170293625299733,2690,1.937803829465079,1.3920502251948668,-3.2265624637977934,0.7504230616225789,0.7507470230899491
natural,natural,aubin_1_10_1,17500,0,17500,4413,2452,0.7182433819002668,0.18112045967576443,0.10063615842396881,2452,0.055755400700216576,0.23612581540402688,0.9070860548081666,0.8906502723402875,0.9525212686990461
natural,artificial,aubin_1_10_1,17500,0,17500,4413,2691,0.7112664607380914,0.1793610794992684,0.10937245976264022,2691,1.8052055354846392,1.3435793744638385,-2.8566607019827104,0.703784278725448,0.736465013621437
natural,natural,aubin_1_10_1,17500,1,17500,4413,2452,0.7182433819002668,0.18112045967576443,0.10063615842396881,2452,0.06197607574743026,0.24894994626918532,0.8949794770392947,0.8929716846622242,0.9462162995212013
natural,artificial,aubin_1_10_1,17500,1,17500,4413,2691,0.7112664607380914,0.1793610794992684,0.10937245976264022,2691,1.847353421925484,1.3591738012209784,-3.015029010948873,0.7255184778080885,0.7527157337045614
natural,natural,aubin_1_10_1,17500,2,17500,4413,2452,0.7182433819002668,0.18112045967576443,0.10063615842396881,2452,0.04626004168835441,0.21508147686017598,0.9221866126124301,0.896636427235824,0.9605505297748105
natural,artificial,aubin_1_10_1,17500,2,17500,4413,2690,0.7112953704832744,0.17936836971101086,0.10933625980571475,2690,1.6876923846227778,1.2991121524421123,-2.6574343358613484,0.7201562719723166,0.7742385446225307
natural,natural,aubin_1_10_1,17500,3,17500,4413,2452,0.7182433819002668,0.18112045967576443,0.10063615842396881,2452,0.05914187533398648,0.24319102642570198,0.900980496756711,0.8860420778574556,0.9492759514195407
natural,artificial,aubin_1_10_1,17500,3,17500,4413,2690,0.7112953704832744,0.17936836971101086,0.10933625980571475,2690,1.791677339243488,1.338535520351809,-2.817495369186307,0.7341997572190937,0.7623766855523288
natural,natural,aubin_1_10_1,17500,4,17500,4413,2452,0.7182433819002668,0.18112045967576443,0.10063615842396881,2452,0.05269612236974243,0.22955635989826645,0.9107236476756491,0.8965461324976081,0.954536214938324
natural,artificial,aubin_1_10_1,17500,4,17500,4413,2690,0.7112953704832744,0.17936836971101086,0.10933625980571475,2690,1.7846653893338233,1.335913690825056,-2.849571810623871,0.7144330610412943,0.741658796178289
natural,natural,aubin_1_10_1,17500,5,17500,4413,2452,0.7182433819002668,0.18112045967576443,0.10063615842396881,2452,0.05450512122058325,0.2334633187903043,0.9071611224600143,0.890025478618193,0.9526981906485834
natural,artificial,aubin_1_10_1,17500,5,17500,4413,2690,0.7112953704832744,0.17936836971101086,0.10933625980571475,2690,1.7227937029035738,1.3125523619663992,-2.743065700161699,0.7089263210500691,0.747023131657526
natural,natural,aubin_1_10_1,17500,6,17500,4413,2451,0.7182728615990807,0.18112789361352816,0.10059924478739124,2451,0.05106659046500667,0.22597918148583215,0.9138459515197964,0.893840926430081,0.9563123719455883
natural,artificial,aubin_1_10_1,17500,6,17500,4413,2690,0.7112953704832744,0.17936836971101086,0.10933625980571475,2690,1.9013803719692133,1.3789054978384898,-3.1145695468445522,0.6822281912834335,0.7155240742041207
natural,natural,aubin_1_10_1,17500,7,17500,4413,2451,0.7182728615990807,0.18112789361352816,0.10059924478739124,2451,0.052897255969076386,0.22999403463802356,0.9111183429328702,0.8947616723331672,0.9552533263847293
natural,artificial,aubin_1_10_1,17500,7,17500,4413,2690,0.7112953704832744,0.17936836971101086,0.10933625980571475,2690,1.9032452096600943,1.3795815342559838,-3.0984802669419373,0.6732428196436375,0.7192166927424121
natural,natural,aubin_1_10_1,17500,8,17500,4413,2451,0.7182728615990807,0.18112789361352816,0.10059924478739124,2451,0.058449598941681544,0.24176351863273654,0.9000609092112185,0.8988992267948615,0.9490527762395268
natural,artificial,aubin_1_10_1,17500,8,17500,4413,2690,0.7112953704832744,0.17936836971101086,0.10933625980571475,2690,1.7154802824899467,1.3097634452411422,-2.6516402280148075,0.7353447312004004,0.7743912893846303
natural,natural,aubin_1_10_1,17500,9,17500,4413,2451,0.7182728615990807,0.18112789361352816,0.10059924478739124,2451,0.046263345023597774,0.21508915598792464,0.9216437645147944,0.89618029698529,0.9604266233727707
natural,artificial,aubin_1_10_1,17500,9,17500,4413,2690,0.7112953704832744,0.17936836971101086,0.10933625980571475,2690,1.926808914941467,1.3880954271740351,-3.202581350585219,0.6976374531407729,0.7079521613136472
natural,natural,mlp_small,500,0,500,4413,2452,0.06788866259334692,0.5991853360488798,0.3329260013577732,2452,0.46188452682837655,0.6796208699182041,0.23028956707828008,0.47620100589109343,0.480435102949015
natural,artificial,mlp_small,500,0,500,4413,2691,0.06575486586007365,0.58035244608101,0.3538926880589164,2691,2.1205078327233764,1.4561963578870043,-3.5302759524915945,0.5002921838562362,0.46313154290027625
natural,natural,mlp_small,500,1,500,4413,2452,0.06788866259334692,0.5991853360488798,0.3329260013577732,2452,0.4694793464396521,0.6851856291835462,0.20445162286050778,0.42937688827935316,0.45267361009339174
natural,artificial,mlp_small,500,1,500,4413,2691,0.06575486586007365,0.58035244608101,0.3538926880589164,2691,2.124474214590232,1.4575576196467266,-3.6173220042010286,-0.029061444410358173,-0.09482384566895666
natural,natural,mlp_small,500,2,500,4413,2452,0.06788866259334692,0.5991853360488798,0.3329260013577732,2452,0.46808668760192473,0.6841686105061564,0.21263774471473695,0.4564908474901132,0.4621335991458988
natural,artificial,mlp_small,500,2,500,4413,2690,0.06576351440220965,0.5804287781139024,0.35380770748388796,2690,4.331146853660131,2.081140757772076,-8.386121167913585,0.4954312944532527,0.5015703995003089
natural,natural,mlp_small,500,3,500,4413,2452,0.06788866259334692,0.5991853360488798,0.3329260013577732,2452,0.4684006714120138,0.6843980358037374,0.21577052570418864,0.46284284577002943,0.46885305789853937
natural,artificial,mlp_small,500,3,500,4413,2690,0.06576351440220965,0.5804287781139024,0.35380770748388796,2690,2.9413258858333196,1.7150294125271786,-5.267031291012251,0.512696211248822,0.5056759032648628
natural,natural,mlp_small,500,4,500,4413,2452,0.06788866259334692,0.5991853360488798,0.3329260013577732,2452,0.4693008925046825,0.6850553937490621,0.20492305806854827,0.44118570370889,0.4560483539288737
natural,artificial,mlp_small,500,4,500,4413,2690,0.06576351440220965,0.5804287781139024,0.35380770748388796,2690,4.020906457605288,2.0052198028159625,-7.673204649377265,0.17827331074294714,0.08035593554884009
natural,natural,mlp_small,500,5,500,4413,2452,0.06788866259334692,0.5991853360488798,0.3329260013577732,2452,0.4530878303030991,0.6731179913678575,0.2282529668701634,0.4682045608244193,0.47936004727900916
natural,artificial,mlp_small,500,5,500,4413,2690,0.06576351440220965,0.5804287781139024,0.35380770748388796,2690,3.181292089124829,1.7836176970205326,-5.911904356818624,0.3053063947408773,0.2569092824034073
natural,natural,mlp_small,500,6,500,4413,2451,0.06789788158609451,0.5992667028788702,0.3328354155350353,2451,0.45582294286363945,0.6751466084219334,0.23098465042866967,0.4683500169796909,0.4815035638700895
natural,artificial,mlp_small,500,6,500,4413,2690,0.06576351440220965,0.5804287781139024,0.35380770748388796,2690,2.9286596608610482,1.7113327148339823,-5.337592430898448,0.4080512882000139,0.3901644528253423
natural,natural,mlp_small,500,7,500,4413,2451,0.06789788158609451,0.5992667028788702,0.3328354155350353,2451,0.455362462025568,0.6748054994037674,0.23486824695290243,0.47297538269784084,0.4871236864419253
natural,artificial,mlp_small,500,7,500,4413,2690,0.06576351440220965,0.5804287781139024,0.35380770748388796,2690,3.46462431626183,1.8613501326354025,-6.4607803138000675,0.3042930572151472,0.3145857278569427
natural,natural,mlp_small,500,8,500,4413,2451,0.06789788158609451,0.5992667028788702,0.3328354155350353,2451,0.45252680204735074,0.6727011238636001,0.22625444873812106,0.4641408823046577,0.47602853668251927
natural,artificial,mlp_small,500,8,500,4413,2690,0.06576351440220965,0.5804287781139024,0.35380770748388796,2690,3.0322735318104113,1.7413424510447137,-5.454619224787462,0.3696477749151575,0.33309467069699095
natural,natural,mlp_small,500,9,500,4413,2451,0.06789788158609451,0.5992667028788702,0.3328354155350353,2451,0.46714022112618386,0.6834765695517176,0.20880452651005155,0.4638755617125911,0.4747733766992438
natural,artificial,mlp_small,500,9,500,4413,2690,0.06576351440220965,0.5804287781139024,0.35380770748388796,2690,2.2141734155255293,1.4880098842163412,-3.829354810895631,0.45046157429257816,0.530438092207025
natural,natural,mlp_small,1000,0,1000,4413,2452,0.12714558169103624,0.5610934520025429,0.31176096630642086,2452,0.40770775509066287,0.6385199723506406,0.3205727959079645,0.5744885284248095,0.5693906368632334
natural,artificial,mlp_small,1000,0,1000,4413,2691,0.12339585389930899,0.5445459032576505,0.3320582428430405,2691,3.403484284910586,1.8448534589258265,-6.271240771985809,0.5418085349720968,0.5170044593570307
natural,natural,mlp_small,1000,1,1000,4413,2452,0.12714558169103624,0.5610934520025429,0.31176096630642086,2452,0.3873273788682447,0.6223563118248618,0.3436608659845828,0.5813897254772847,0.5876470498468511
natural,artificial,mlp_small,1000,1,1000,4413,2691,0.12339585389930899,0.5445459032576505,0.3320582428430405,2691,4.01991093724119,2.004971555219971,-7.736855028872265,0.42873021661394184,0.39178189928991053
natural,natural,mlp_small,1000,2,1000,4413,2452,0.12714558169103624,0.5610934520025429,0.31176096630642086,2452,0.4010670803406606,0.633298571244765,0.3253705152019799,0.5697249433938356,0.5729256357465935
natural,artificial,mlp_small,1000,2,1000,4413,2690,0.1234110823151919,0.5446131062569419,0.3319758114278662,2690,4.39843209503453,2.097243928358008,-8.531936456494417,0.5462549799440874,0.5358945436093858
natural,natural,mlp_small,1000,3,1000,4413,2452,0.12714558169103624,0.5610934520025429,0.31176096630642086,2452,0.4057619856199962,0.636994494183424,0.3206446358995707,0.5646702749468299,0.5668296761943505
natural,artificial,mlp_small,1000,3,1000,4413,2690,0.1234110823151919,0.5446131062569419,0.3319758114278662,2690,4.625586069843391,2.150717570915203,-8.85565481832558,0.5508642622350711,0.5205015945448693
natural,natural,mlp_small,1000,4,1000,4413,2452,0.12714558169103624,0.5610934520025429,0.31176096630642086,2452,0.3932813848120275,0.6271215072153302,0.33371326211191155,0.5777773131836869,0.5857502687670201
natural,artificial,mlp_small,1000,4,1000,4413,2690,0.1234110823151919,0.5446131062569419,0.3319758114278662,2690,6.532406567769787,2.5558573058310174,-13.09057873207684,0.2999465561896412,0.19997207527146438
natural,natural,mlp_small,1000,5,1000,4413,2452,0.12714558169103624,0.5610934520025429,0.31176096630642086,2452,0.3683197969266212,0.6068935630953926,0.372638831789079,0.6124596746144033,0.6146995493567236
natural,artificial,mlp_small,1000,5,1000,4413,2690,0.1234110823151919,0.5446131062569419,0.3319758114278662,2690,3.3229668903372747,1.8229006803271743,-6.219717235459738,0.42216522691560254,0.38317661223514177
natural,natural,mlp_small,1000,6,1000,4413,2451,0.1271617497456765,0.5611648016276704,0.3116734486266531,2451,0.37297385428879026,0.6107158539687587,0.3707587048274923,0.6041028978655472,0.6105420197144644
natural,artificial,mlp_small,1000,6,1000,4413,2690,0.1234110823151919,0.5446131062569419,0.3319758114278662,2690,4.6981571695535,2.167523280048798,-9.166768680857736,0.517231876992369,0.5229533324542104
natural,natural,mlp_small,1000,7,1000,4413,2451,0.1271617497456765,0.5611648016276704,0.3116734486266531,2451,0.37838986289175247,0.6151340202685529,0.3642029739522943,0.6068518726942623,0.6064233914072248
natural,artificial,mlp_small,1000,7,1000,4413,2690,0.1234110823151919,0.5446131062569419,0.3319758114278662,2690,5.824646117198491,2.413430363030699,-11.542890980149316,0.4677593949492098,0.44281523430749037
natural,natural,mlp_small,1000,8,1000,4413,2451,0.1271617497456765,0.5611648016276704,0.3116734486266531,2451,0.3810376343741186,0.6172824591498762,0.3484890328562792,0.5990032944147132,0.5951208882963167
natural,artificial,mlp_small,1000,8,1000,4413,2690,0.1234110823151919,0.5446131062569419,0.3319758114278662,2690,3.2738619191649754,1.8093816399988631,-5.968873969006779,0.3709619858552629,0.34830303839392207
natural,natural,mlp_small,1000,9,1000,4413,2451,0.1271617497456765,0.5611648016276704,0.3116734486266531,2451,0.3933991351595153,0.6272153817944163,0.3336998165932009,0.5782073871782571,0.578061732758102
natural,artificial,mlp_small,1000,9,1000,4413,2690,0.1234110823151919,0.5446131062569419,0.3319758114278662,2690,3.621073688237595,1.9029118971296581,-6.897958449992143,0.48270334380315816,0.5429760075166479
natural,natural,mlp_small,2500,0,2500,4413,2452,0.2669514148424987,0.47122263747997867,0.2618259476775227,2452,0.2773265046757771,0.5266179874214107,0.53784746711384,0.7558276108180917,0.7511991115883461
natural,artificial,mlp_small,2500,0,2500,4413,2691,0.2603082049146189,0.4594960433152853,0.2801957517700958,2691,4.2376479884073746,2.0585548300706917,-8.053357163199255,0.6223314459265898,0.6150731735273202
natural,natural,mlp_small,2500,1,2500,4413,2452,0.2669514148424987,0.47122263747997867,0.2618259476775227,2452,0.27400223117872197,0.5234522243516804,0.5356941002838085,0.7492386787292411,0.7455641126574917
natural,artificial,mlp_small,2500,1,2500,4413,2691,0.2603082049146189,0.4594960433152853,0.2801957517700958,2691,5.5956853361354835,2.3655200984425147,-11.161635501943168,0.3407592162827107,0.277208303361141
natural,natural,mlp_small,2500,2,2500,4413,2452,0.2669514148424987,0.47122263747997867,0.2618259476775227,2452,0.23478678475036274,0.48454802109838685,0.6050683404407482,0.7723845188207412,0.786355270770503
natural,artificial,mlp_small,2500,2,2500,4413,2690,0.2603353118817036,0.45954389253358324,0.2801207955847131,2690,3.9627750197022777,1.9906720020390798,-7.587814671920947,0.6179284678829781,0.6035450871359023
natural,natural,mlp_small,2500,3,2500,4413,2452,0.2669514148424987,0.47122263747997867,0.2618259476775227,2452,0.24081233613064096,0.4907263352731754,0.5968149849179849,0.7781083941945013,0.7827720928045045
natural,artificial,mlp_small,2500,3,2500,4413,2690,0.2603353118817036,0.45954389253358324,0.2801207955847131,2690,4.258629000404443,2.0636445915914017,-8.073785849739497,0.6610897943540933,0.6546974198990971
natural,natural,mlp_small,2500,4,2500,4413,2452,0.2669514148424987,0.47122263747997867,0.2618259476775227,2452,0.25447243653079016,0.5044526107879611,0.5688796465676285,0.7662954270625573,0.7698586671677976
natural,artificial,mlp_small,2500,4,2500,4413,2690,0.2603353118817036,0.45954389253358324,0.2801207955847131,2690,3.553766340171827,1.8851435860888228,-6.665570703859537,0.638992506001711,0.603798628819112
natural,natural,mlp_small,2500,5,2500,4413,2452,0.2669514148424987,0.47122263747997867,0.2618259476775227,2452,0.26686728150577727,0.5165919874579717,0.5454434682040945,0.7607285902095512,0.7576546874322397
natural,artificial,mlp_small,2500,5,2500,4413,2690,0.2603353118817036,0.45954389253358324,0.2801207955847131,2690,3.9487629823203796,1.9871494614951286,-7.579366904047076,0.5942952482566687,0.5804636429708683
natural,natural,mlp_small,2500,6,2500,4413,2451,0.26697992310978214,0.47127296027338744,0.2617471166168304,2451,0.25028817221178773,0.5002880892163911,0.5777407669789083,0.7722684631803993,0.780326776076395
natural,artificial,mlp_small,2500,6,2500,4413,2690,0.2603353118817036,0.45954389253358324,0.2801207955847131,2690,2.9421950481877253,1.7152827895678675,-5.366882883939894,0.6217821960180621,0.6028608503581623
natural,natural,mlp_small,2500,7,2500,4413,2451,0.26697992310978214,0.47127296027338744,0.2617471166168304,2451,0.25674927194331165,0.5067043239832394,0.5685919747058075,0.7743234611684302,0.775015015958922
natural,artificial,mlp_small,2500,7,2500,4413,2690,0.2603353118817036,0.45954389253358324,0.2801207955847131,2690,5.369509454504609,2.3172201998309547,-10.562792030552682,0.6500333286041627,0.6457122847382375
natural,natural,mlp_small,2500,8,2500,4413,2451,0.26697992310978214,0.47127296027338744,0.2617471166168304,2451,0.2712329353911757,0.5208002835936014,0.5362368015217289,0.7580562399356419,0.7509110682640558
natural,artificial,mlp_small,2500,8,2500,4413,2690,0.2603353118817036,0.45954389253358324,0.2801207955847131,2690,3.2203118647296547,1.7945227400982287,-5.854885172408911,0.4625688729844602,0.4442948440881463
natural,natural,mlp_small,2500,9,2500,4413,2451,0.26697992310978214,0.47127296027338744,0.2617471166168304,2451,0.2637468335571265,0.5135628817945534,0.553291942289555,0.7614011960580923,0.761030695879315
natural,artificial,mlp_small,2500,9,2500,4413,2690,0.2603353118817036,0.45954389253358324,0.2801207955847131,2690,5.2174515792077765,2.284174156934575,-10.379833534258946,0.6211730612995501,0.6105931709210627
natural,natural,mlp_small,5000,0,5000,4413,2452,0.42140750105351876,0.37193426042983563,0.2066582385166456,2452,0.13051762572040412,0.36127223214690074,0.7824980652913369,0.8539065068283842,0.8900496311583317
natural,artificial,mlp_small,5000,0,5000,4413,2691,0.41308658294778583,0.3645902181097158,0.22232319894249836,2691,2.107795498024341,1.4518248854542828,-3.5031171826448917,0.6977051357657228,0.6863721448910941
natural,natural,mlp_small,5000,1,5000,4413,2452,0.42140750105351876,0.37193426042983563,0.2066582385166456,2452,0.13743085740363856,0.37071668077338865,0.767118838335506,0.8540347959803875,0.882178089349945
natural,artificial,mlp_small,5000,1,5000,4413,2691,0.41308658294778583,0.3645902181097158,0.22232319894249836,2691,1.1481366723683832,1.0715113962848848,-1.4953547022359124,0.5642132083556617,0.5871479831198081
natural,natural,mlp_small,5000,2,5000,4413,2452,0.42140750105351876,0.37193426042983563,0.2066582385166456,2452,0.1257890511593877,0.3546675219968523,0.7884119466877965,0.8561519410981995,0.8899229387750651
natural,artificial,mlp_small,5000,2,5000,4413,2690,0.4131207138725936,0.3646203420639511,0.22225894406345534,2690,2.1358855215150685,1.461466907430705,-3.6287232881034717,0.6587811474990233,0.6550877610436661
natural,natural,mlp_small,5000,3,5000,4413,2452,0.42140750105351876,0.37193426042983563,0.2066582385166456,2452,0.14095783233192735,0.3754435141694784,0.7639984451467436,0.848764119477608,0.8772751919046102
natural,artificial,mlp_small,5000,3,5000,4413,2690,0.4131207138725936,0.3646203420639511,0.22225894406345534,2690,1.6876781458594914,1.2991066722403866,-2.595906118462093,0.6748287490227253,0.6843763595502564
natural,natural,mlp_small,5000,4,5000,4413,2452,0.42140750105351876,0.37193426042983563,0.2066582385166456,2452,0.1304597993902611,0.36119219176258655,0.7789785188973095,0.8530561168492566,0.886603603007716
natural,artificial,mlp_small,5000,4,5000,4413,2690,0.4131207138725936,0.3646203420639511,0.22225894406345534,2690,2.0762075622156027,1.440905119088555,-3.47843621122317,0.6828786286429773,0.6947931779662525
natural,natural,mlp_small,5000,5,5000,4413,2452,0.42140750105351876,0.37193426042983563,0.2066582385166456,2452,0.13511607266967804,0.36758138237630866,0.7698560384170482,0.8554309750532069,0.8828495585527208
natural,artificial,mlp_small,5000,5,5000,4413,2690,0.4131207138725936,0.3646203420639511,0.22225894406345534,2690,1.4110052189483497,1.1878574068247205,-2.065651580275323,0.681173907392708,0.6986659049569559
natural,natural,mlp_small,5000,6,5000,4413,2451,0.42144302090357383,0.37196561024949426,0.20659136884693188,2451,0.13004942323154864,0.3606236587240896,0.7805946272917695,0.8606203520755951,0.8848815133823906
natural,artificial,mlp_small,5000,6,5000,4413,2690,0.4131207138725936,0.3646203420639511,0.22225894406345534,2690,1.556199261186779,1.2474771585831859,-2.367600814280831,0.7262982805301985,0.7386286078854012
natural,natural,mlp_small,5000,7,5000,4413,2451,0.42144302090357383,0.37196561024949426,0.20659136884693188,2451,0.14092332994273812,0.3753975625157123,0.7632107969447259,0.8546097037205351,0.8784137375730328
natural,artificial,mlp_small,5000,7,5000,4413,2690,0.4131207138725936,0.3646203420639511,0.22225894406345534,2690,2.5445856965805596,1.5951757572695742,-4.479553665520934,0.6671759756302159,0.6627416347726565
natural,natural,mlp_small,5000,8,5000,4413,2451,0.42144302090357383,0.37196561024949426,0.20659136884693188,2451,0.135416896654656,0.3679903485890031,0.7684596340411544,0.8602290306803956,0.880017838467193
natural,artificial,mlp_small,5000,8,5000,4413,2690,0.4131207138725936,0.3646203420639511,0.22225894406345534,2690,2.259516649277097,1.5031688691817353,-3.80969788844998,0.6407751654663056,0.6588632604343707
natural,natural,mlp_small,5000,9,5000,4413,2451,0.42144302090357383,0.37196561024949426,0.20659136884693188,2451,0.13370174616723904,0.3656524937249014,0.7735493293422765,0.8599867657129028,0.8805184013923713
natural,artificial,mlp_small,5000,9,5000,4413,2690,0.4131207138725936,0.3646203420639511,0.22225894406345534,2690,2.258562834817963,1.5028515677930283,-3.926172997813433,0.7037777542849414,0.7139528192322806
natural,natural,mlp_small,10000,0,10000,4413,2452,0.5929439667951378,0.26166617254669433,0.1453898606581678,2452,0.08163039752441713,0.2857103384976069,0.8639665003512063,0.884925846841113,0.9298549363381127
natural,artificial,mlp_small,10000,0,10000,4413,2691,0.5846585594013096,0.2580098222637979,0.15733161833489243,2691,1.431841005641281,1.1965955898469962,-2.0590006674567505,0.7456139554680671,0.7805213717933853
natural,natural,mlp_small,10000,1,10000,4413,2452,0.5929439667951378,0.26166617254669433,0.1453898606581678,2452,0.09118365153033105,0.30196630860135876,0.8454862678268373,0.880090331378815,0.9200866703928103
natural,artificial,mlp_small,10000,1,10000,4413,2691,0.5846585594013096,0.2580098222637979,0.15733161833489243,2691,1.4751284381617378,1.2145486561524563,-2.2060370277831867,0.7260378540863549,0.7702355043605936
natural,natural,mlp_small,10000,2,10000,4413,2452,0.5929439667951378,0.26166617254669433,0.1453898606581678,2452,0.07952127907744926,0.28199517562796933,0.8662383372653476,0.8903791911971324,0.9307245855609024
natural,artificial,mlp_small,10000,2,10000,4413,2690,0.5846927439630474,0.25802490791089283,0.15728234812605976,2690,1.681831762150977,1.2968545647646759,-2.6447336553029803,0.721512911219851,0.7540564117445896
natural,natural,mlp_small,10000,3,10000,4413,2452,0.5929439667951378,0.26166617254669433,0.1453898606581678,2452,0.09963776851645724,0.31565450815164553,0.833179413282829,0.877161430376445,0.9130426672276157
natural,artificial,mlp_small,10000,3,10000,4413,2690,0.5846927439630474,0.25802490791089283,0.15728234812605976,2690,1.2503538655208035,1.1181922310232724,-1.664106972232676,0.7086713512311262,0.7536878927449053
natural,natural,mlp_small,10000,4,10000,4413,2452,0.5929439667951378,0.26166617254669433,0.1453898606581678,2452,0.08366737458045617,0.28925313236066463,0.8582529857000034,0.8865888307205878,0.9269187433036232
natural,artificial,mlp_small,10000,4,10000,4413,2690,0.5846927439630474,0.25802490791089283,0.15728234812605976,2690,1.4679436395859264,1.2115872397751333,-2.166394377516319,0.6504811337018993,0.6565247839208016
natural,natural,mlp_small,10000,5,10000,4413,2452,0.5929439667951378,0.26166617254669433,0.1453898606581678,2452,0.08689173585131825,0.29477404202425667,0.8519968207888156,0.8819578416903273,0.9235261044513989
natural,artificial,mlp_small,10000,5,10000,4413,2690,0.5846927439630474,0.25802490791089283,0.15728234812605976,2690,1.6621076038154978,1.289227522129239,-2.61121470976723,0.7308710807317601,0.7363317870735564
natural,natural,mlp_small,10000,6,10000,4413,2451,0.5929791271347249,0.26168168880455406,0.14533918406072105,2451,0.08070150816997904,0.2840801087193171,0.8638491118363132,0.8906772302530969,0.9306812644334048
natural,artificial,mlp_small,10000,6,10000,4413,2690,0.5846927439630474,0.25802490791089283,0.15728234812605976,2690,1.6245259437184068,1.2745689246637102,-2.515459123605013,0.7575611604772235,0.7954271633246133
natural,natural,mlp_small,10000,7,10000,4413,2451,0.5929791271347249,0.26168168880455406,0.14533918406072105,2451,0.08586278444620117,0.2930235220015642,0.8557273638837226,0.8856687485532291,0.9257804523796473
natural,artificial,mlp_small,10000,7,10000,4413,2690,0.5846927439630474,0.25802490791089283,0.15728234812605976,2690,1.7106373417567922,1.3079133540708239,-2.683715242523237,0.7416839563474771,0.7783038726639596
natural,natural,mlp_small,10000,8,10000,4413,2451,0.5929791271347249,0.26168168880455406,0.14533918406072105,2451,0.09100919897197995,0.30167730934225057,0.8443894096219556,0.8915049154976962,0.9191764342983788
natural,artificial,mlp_small,10000,8,10000,4413,2690,0.5846927439630474,0.25802490791089283,0.15728234812605976,2690,1.8056955966510089,1.343761733586356,-2.8436761690489822,0.6677282369311554,0.6743374021971245
natural,natural,mlp_small,10000,9,10000,4413,2451,0.5929791271347249,0.26168168880455406,0.14533918406072105,2451,0.08241018984703237,0.28707175034655075,0.8604218471720789,0.8870610867234225,0.9291030498995758
natural,artificial,mlp_small,10000,9,10000,4413,2690,0.5846927439630474,0.25802490791089283,0.15728234812605976,2690,1.609188346119775,1.2685378772901403,-2.5098160905008466,0.7262006426024905,0.748513376472761
natural,natural,mlp_small,15000,0,15000,4413,2452,0.686027898467871,0.20182940772924765,0.11214269380288132,2452,0.0735453996188813,0.27119255081746124,0.8774397969796373,0.8914909886189448,0.9370103128880823
natural,artificial,mlp_small,15000,0,15000,4413,2691,0.6786102062975027,0.1996471226927253,0.12174267100977199,2691,1.5165162478079615,1.2314691420445587,-2.2399017739933176,0.7463177297514785,0.7950439753593481
natural,natural,mlp_small,15000,1,15000,4413,2452,0.686027898467871,0.20182940772924765,0.11214269380288132,2452,0.07948032854555533,0.2819225577096578,0.8653179381192267,0.8882078350941938,0.9303451562795331
natural,artificial,mlp_small,15000,1,15000,4413,2691,0.6786102062975027,0.1996471226927253,0.12174267100977199,2691,1.6623724382871754,1.2893302285633326,-2.6129922339213607,0.7143182213515182,0.7330757524422218
natural,natural,mlp_small,15000,2,15000,4413,2452,0.686027898467871,0.20182940772924765,0.11214269380288132,2452,0.0675233425384678,0.2598525399884862,0.8864199032494153,0.8981961258039354,0.9415783962317562
natural,artificial,mlp_small,15000,2,15000,4413,2690,0.6786409084739629,0.19965615527303987,0.12170293625299733,2690,1.5348309580689508,1.2388829476867258,-2.326165062384312,0.7328726569083098,0.7692025429958497
natural,natural,mlp_small,15000,3,15000,4413,2452,0.686027898467871,0.20182940772924765,0.11214269380288132,2452,0.0862907545794449,0.29375288012110606,0.85552592634757,0.8851620925549283,0.92548683839907
natural,artificial,mlp_small,15000,3,15000,4413,2690,0.6786409084739629,0.19965615527303987,0.12170293625299733,2690,1.7353804610399368,1.3173384003512296,-2.6975446017493274,0.7482888671070748,0.8012974301341389
natural,natural,mlp_small,15000,4,15000,4413,2452,0.686027898467871,0.20182940772924765,0.11214269380288132,2452,0.07733214985203078,0.2780865869689345,0.8689859529369552,0.8961340123678793,0.9328401699690766
natural,artificial,mlp_small,15000,4,15000,4413,2690,0.6786409084739629,0.19965615527303987,0.12170293625299733,2690,1.654875969633339,1.286419826352711,-2.5696125003899697,0.6891029669366029,0.7080613003740373
natural,natural,mlp_small,15000,5,15000,4413,2452,0.686027898467871,0.20182940772924765,0.11214269380288132,2452,0.07643358804360609,0.2764662511837676,0.8698102423879698,0.8918224534643447,0.932825693878574
natural,artificial,mlp_small,15000,5,15000,4413,2690,0.6786409084739629,0.19965615527303987,0.12170293625299733,2690,1.5218191048635314,1.2336203244367903,-2.306413811279347,0.7206246168625823,0.760956665051847
natural,natural,mlp_small,15000,6,15000,4413,2451,0.686059275521405,0.20183863885839737,0.11210208562019759,2451,0.07033511617063548,0.2652076849765773,0.8813381713318407,0.900684704276826,0.938980822231275
natural,artificial,mlp_small,15000,6,15000,4413,2690,0.6786409084739629,0.19965615527303987,0.12170293625299733,2690,1.479766342059109,1.2164564694468556,-2.202200683904269,0.7358285708546847,0.7617392100058551
natural,natural,mlp_small,15000,7,15000,4413,2451,0.686059275521405,0.20183863885839737,0.11210208562019759,2451,0.07503103293667561,0.27391793102437745,0.8739276278760332,0.8960951467243856,0.9352292242843118
natural,artificial,mlp_small,15000,7,15000,4413,2690,0.6786409084739629,0.19965615527303987,0.12170293625299733,2690,1.7298770923357143,1.3152479204833263,-2.7251464452334124,0.7396183955245264,0.756087983162554
natural,natural,mlp_small,15000,8,15000,4413,2451,0.686059275521405,0.20183863885839737,0.11210208562019759,2451,0.07861797574201494,0.28038897221897824,0.8655763399993415,0.898833446731909,0.930772874692252
natural,artificial,mlp_small,15000,8,15000,4413,2690,0.6786409084739629,0.19965615527303987,0.12170293625299733,2690,1.4848909658681961,1.2185610226279997,-2.1607985475122145,0.6847585261389749,0.7201571367359463
natural,natural,mlp_small,15000,9,15000,4413,2451,0.686059275521405,0.20183863885839737,0.11210208562019759,2451,0.07004932787680461,0.2646683356142261,0.8813574412335385,0.8969433309183021,0.9393188042090259
natural,artificial,mlp_small,15000,9,15000,4413,2690,0.6786409084739629,0.19965615527303987,0.12170293625299733,2690,1.6641130447088435,1.2900050560787906,-2.62961287584214,0.7181591968500017,0.7590504302903109
natural,natural,mlp_small,17500,0,17500,4413,2452,0.7182433819002668,0.18112045967576443,0.10063615842396881,2452,0.07130739209592818,0.26703443990603193,0.8811693389740466,0.893880855794995,0.938876745548797
natural,artificial,mlp_small,17500,0,17500,4413,2691,0.7112664607380914,0.1793610794992684,0.10937245976264022,2691,1.3105539589770239,1.1447942867506913,-1.7998817043609479,0.7405855987654522,0.7867859463638007
natural,natural,mlp_small,17500,1,17500,4413,2452,0.7182433819002668,0.18112045967576443,0.10063615842396881,2452,0.07749301338636651,0.27837566953016296,0.8686855097956958,0.8906138252915989,0.9323440659792384
natural,artificial,mlp_small,17500,1,17500,4413,2691,0.7112664607380914,0.1793610794992684,0.10937245976264022,2691,1.6352836796604373,1.27878210796853,-2.5541176566660875,0.6589068128479273,0.6671966545870303
natural,natural,mlp_small,17500,2,17500,4413,2452,0.7182433819002668,0.18112045967576443,0.10063615842396881,2452,0.06514735788589861,0.25523980466592316,0.8904165147406633,0.9023423351299014,0.9438101717962544
natural,artificial,mlp_small,17500,2,17500,4413,2690,0.7112953704832744,0.17936836971101086,0.10933625980571475,2690,1.4828263600270049,1.2177135788135915,-2.213464783450605,0.7429818756327949,0.7649969768258277
natural,natural,mlp_small,17500,3,17500,4413,2452,0.7182433819002668,0.18112045967576443,0.10063615842396881,2452,0.07773845902634419,0.2788161742552684,0.8698447833752769,0.8899878416213005,0.9327171345864391
natural,artificial,mlp_small,17500,3,17500,4413,2690,0.7112953704832744,0.17936836971101086,0.10933625980571475,2690,1.4117179890653924,1.188157392379222,-2.0079226698986274,0.7526196062036917,0.8066697742447728
natural,natural,mlp_small,17500,4,17500,4413,2452,0.7182433819002668,0.18112045967576443,0.10063615842396881,2452,0.0761710554473677,0.2759910423317534,0.8709530478291603,0.8977957394064421,0.9339100725127158
natural,artificial,mlp_small,17500,4,17500,4413,2690,0.7112953704832744,0.17936836971101086,0.10933625980571475,2690,1.6117559919740656,1.2695495232459684,-2.47660153516145,0.705023039545151,0.7486264889502645
natural,natural,mlp_small,17500,5,17500,4413,2452,0.7182433819002668,0.18112045967576443,0.10063615842396881,2452,0.07556532389840119,0.2748914765837624,0.8712891615582036,0.8915413567486709,0.9339695842760543
natural,artificial,mlp_small,17500,5,17500,4413,2690,0.7112953704832744,0.17936836971101086,0.10933625980571475,2690,1.4478270521147472,1.2032568520954896,-2.14565334746888,0.723386057458669,0.7541270944647172
natural,natural,mlp_small,17500,6,17500,4413,2451,0.7182728615990807,0.18112789361352816,0.10059924478739124,2451,0.06538322962612046,0.2557014462730324,0.8896924606928458,0.9035930541442698,0.943839455539965
natural,artificial,mlp_small,17500,6,17500,4413,2690,0.7112953704832744,0.17936836971101086,0.10933625980571475,2690,1.5763306568735207,1.2555200742614674,-2.4111649684339307,0.7110550743863381,0.7420375907617538
natural,natural,mlp_small,17500,7,17500,4413,2451,0.7182728615990807,0.18112789361352816,0.10059924478739124,2451,0.06722947568290065,0.25928647416111134,0.8870363482381058,0.9012635671543606,0.9421893586473241
natural,artificial,mlp_small,17500,7,17500,4413,2690,0.7112953704832744,0.17936836971101086,0.10933625980571475,2690,1.608611062821409,1.2683103180300195,-2.4640101363163174,0.7140783800671966,0.7203060635921448
natural,natural,mlp_small,17500,8,17500,4413,2451,0.7182728615990807,0.18112789361352816,0.10059924478739124,2451,0.07548539807510256,0.2747460610729525,0.8709325266888144,0.9015492252712212,0.9335477449601615
natural,artificial,mlp_small,17500,8,17500,4413,2690,0.7112953704832744,0.17936836971101086,0.10933625980571475,2690,1.5472128928422109,1.2438701269996844,-2.29345950430001,0.6952873573015981,0.7295879667927582
natural,natural,mlp_small,17500,9,17500,4413,2451,0.7182728615990807,0.18112789361352816,0.10059924478739124,2451,0.06719115870677057,0.2592125743608334,0.8861983228522262,0.8999675867589582,0.9421482732236862
natural,artificial,mlp_small,17500,9,17500,4413,2690,0.7112953704832744,0.17936836971101086,0.10933625980571475,2690,1.5382125354446712,1.2402469655051251,-2.3550100710908115,0.697281390740384,0.7321417825364843
natural,natural,mlp_deep,500,0,500,4413,2452,0.06788866259334692,0.5991853360488798,0.3329260013577732,2452,0.4623921214208671,0.6799942069024317,0.22944368281318583,0.486519128864714,0.4870527868890508
natural,artificial,mlp_deep,500,0,500,4413,2691,0.06575486586007365,0.58035244608101,0.3538926880589164,2691,1.9665416548974872,1.4023343591659898,-3.2013409388416543,0.48600634295924816,0.4492523920611722
natural,natural,mlp_deep,500,1,500,4413,2452,0.06788866259334692,0.5991853360488798,0.3329260013577732,2452,0.4684580268433769,0.6844399366221823,0.206182282906619,0.4358712110641178,0.45634486462062307
natural,artificial,mlp_deep,500,1,500,4413,2691,0.06575486586007365,0.58035244608101,0.3538926880589164,2691,1.9032190589316649,1.379572056447819,-3.136447116782226,-0.05373648020294339,-0.12610358041591269
natural,natural,mlp_deep,500,2,500,4413,2452,0.06788866259334692,0.5991853360488798,0.3329260013577732,2452,0.4636431507479636,0.6809134678855776,0.2201121576631211,0.46160454445556354,0.46960011365958165
natural,artificial,mlp_deep,500,2,500,4413,2690,0.06576351440220965,0.5804287781139024,0.35380770748388796,2690,4.151785587828265,2.0375930869111882,-7.99742352481576,0.5242931859660438,0.5206365352351571
natural,natural,mlp_deep,500,3,500,4413,2452,0.06788866259334692,0.5991853360488798,0.3329260013577732,2452,0.46930382733530673,0.6850575357846279,0.21425839829242388,0.47037393082683543,0.47798158879772246
natural,artificial,mlp_deep,500,3,500,4413,2690,0.06576351440220965,0.5804287781139024,0.35380770748388796,2690,2.7245843137653245,1.6506314893898408,-4.80522383854478,0.5293974921828826,0.5288467641838618
natural,natural,mlp_deep,500,4,500,4413,2452,0.06788866259334692,0.5991853360488798,0.3329260013577732,2452,0.4677111759904657,0.6838941263020656,0.20761631300338468,0.4423968497787116,0.45984822823333715
natural,artificial,mlp_deep,500,4,500,4413,2690,0.06576351440220965,0.5804287781139024,0.35380770748388796,2690,4.090235663972626,2.0224331049438016,-7.82274963415688,0.17954064662004787,0.09525493678254461
natural,natural,mlp_deep,500,5,500,4413,2452,0.06788866259334692,0.5991853360488798,0.3329260013577732,2452,0.4477193670863262,0.6691183505825604,0.23739710026531458,0.4779090978687645,0.4888551269283578
natural,artificial,mlp_deep,500,5,500,4413,2690,0.06576351440220965,0.5804287781139024,0.35380770748388796,2690,2.8295427298723186,1.682124469197306,-5.147668360684605,0.32839158320608947,0.2905329839343198
natural,natural,mlp_deep,500,6,500,4413,2451,0.06789788158609451,0.5992667028788702,0.3328354155350353,2451,0.4596542403955938,0.6779780530338676,0.22452089809462128,0.46396275510712714,0.4806057266269411
natural,artificial,mlp_deep,500,6,500,4413,2690,0.06576351440220965,0.5804287781139024,0.35380770748388796,2690,2.6961349130380583,1.6419911428013423,-4.834411026280649,0.40469334295170734,0.3786071685216893
natural,natural,mlp_deep,500,7,500,4413,2451,0.06789788158609451,0.5992667028788702,0.3328354155350353,2451,0.4614001748490083,0.6792644366143485,0.2247232609642804,0.4792977775231031,0.4999875651430363
natural,artificial,mlp_deep,500,7,500,4413,2690,0.06576351440220965,0.5804287781139024,0.35380770748388796,2690,3.83579282475827,1.958518017470932,-7.260060826926702,0.3362113784377047,0.33557113337487193
natural,natural,mlp_deep,500,8,500,4413,2451,0.06789788158609451,0.5992667028788702,0.3328354155350353,2451,0.4545940368337218,0.6742358910898483,0.22271982114892253,0.4707577732026337,0.485475025423293
natural,artificial,mlp_deep,500,8,500,4413,2690,0.06576351440220965,0.5804287781139024,0.35380770748388796,2690,2.713429455323751,1.6472490568592688,-4.7759149178670794,0.41252726910203297,0.39310672039655686
natural,natural,mlp_deep,500,9,500,4413,2451,0.06789788158609451,0.5992667028788702,0.3328354155350353,2451,0.46380218860125155,0.6810302405923334,0.21445815277610414,0.45958821506486114,0.47371869247206033
natural,artificial,mlp_deep,500,9,500,4413,2690,0.06576351440220965,0.5804287781139024,0.35380770748388796,2690,2.667215387638037,1.633161164012308,-4.817488988741809,0.4090225085042205,0.4854360251425437
natural,natural,mlp_deep,1000,0,1000,4413,2452,0.12714558169103624,0.5610934520025429,0.31176096630642086,2452,0.3862480558544128,0.6214885806307408,0.35633444937344516,0.6118466395509784,0.6276384038730694
natural,artificial,mlp_deep,1000,0,1000,4413,2691,0.12339585389930899,0.5445459032576505,0.3320582428430405,2691,3.819658710781676,1.9543947172415495,-7.160360333097916,0.5518145277858703,0.5280542705297414
natural,natural,mlp_deep,1000,1,1000,4413,2452,0.12714558169103624,0.5610934520025429,0.31176096630642086,2452,0.3852740189656035,0.6207044537987492,0.34714035267684673,0.5873229590825019,0.6014523197233336
natural,artificial,mlp_deep,1000,1,1000,4413,2691,0.12339585389930899,0.5445459032576505,0.3320582428430405,2691,3.332626798439053,1.8255483555466432,-6.243114998781315,0.46126025566280543,0.41641535062330837
natural,natural,mlp_deep,1000,2,1000,4413,2452,0.12714558169103624,0.5610934520025429,0.31176096630642086,2452,0.39986767109939175,0.6323509081984399,0.32738802518512755,0.6003492858023862,0.6096655250008379
natural,artificial,mlp_deep,1000,2,1000,4413,2690,0.1234110823151919,0.5446131062569419,0.3319758114278662,2690,4.220995878135092,2.0545062370640523,-8.147410628194022,0.4827072460159477,0.525503019757758
natural,natural,mlp_deep,1000,3,1000,4413,2452,0.12714558169103624,0.5610934520025429,0.31176096630642086,2452,0.3978953915939101,0.6307894986395304,0.33381544301856725,0.5704226474641328,0.5813767649036988
natural,artificial,mlp_deep,1000,3,1000,4413,2690,0.1234110823151919,0.5446131062569419,0.3319758114278662,2690,3.5998923329666113,1.8973382231343496,-6.670227227672561,0.555113865302355,0.4972690170713643
natural,natural,mlp_deep,1000,4,1000,4413,2452,0.12714558169103624,0.5610934520025429,0.31176096630642086,2452,0.38175788202091143,0.6178655857230693,0.35323607041214866,0.5873740979702873,0.6138551958631281
natural,artificial,mlp_deep,1000,4,1000,4413,2690,0.1234110823151919,0.5446131062569419,0.3319758114278662,2690,5.587045810691344,2.363693256472029,-11.051409853098546,0.2829998425370291,0.19528220484166897
natural,natural,mlp_deep,1000,5,1000,4413,2452,0.12714558169103624,0.5610934520025429,0.31176096630642086,2452,0.36404529882912484,0.6033616650311195,0.379919608283683,0.6176850490325972,0.6286417235916535
natural,artificial,mlp_deep,1000,5,1000,4413,2690,0.1234110823151919,0.5446131062569419,0.3319758114278662,2690,3.1266218760262916,1.7682256292753737,-5.793123913678637,0.43311320729881847,0.4012986231165088
natural,natural,mlp_deep,1000,6,1000,4413,2451,0.1271617497456765,0.5611648016276704,0.3116734486266531,2451,0.37466610808966216,0.6120997533814747,0.3679037165724799,0.6167177868320988,0.6247523325245354
natural,artificial,mlp_deep,1000,6,1000,4413,2690,0.1234110823151919,0.5446131062569419,0.3319758114278662,2690,4.75568597810992,2.1807535344714957,-9.291260490724977,0.5450827871224008,0.545611002708793
natural,natural,mlp_deep,1000,7,1000,4413,2451,0.1271617497456765,0.5611648016276704,0.3116734486266531,2451,0.3670264903676106,0.605827112605247,0.383296504633872,0.6311063198569916,0.6463831835826119
natural,artificial,mlp_deep,1000,7,1000,4413,2690,0.1234110823151919,0.5446131062569419,0.3319758114278662,2690,5.001721799415333,2.236452950413966,-9.770791904054294,0.5692403609132227,0.5474688324266359
natural,natural,mlp_deep,1000,8,1000,4413,2451,0.1271617497456765,0.5611648016276704,0.3116734486266531,2451,0.37332710858287405,0.6110049988198738,0.3616727492723538,0.6284669769258382,0.6333991673295554
natural,artificial,mlp_deep,1000,8,1000,4413,2690,0.1234110823151919,0.5446131062569419,0.3319758114278662,2690,3.4548954915859587,1.8587349169760488,-6.354229302099958,0.3456057567982858,0.3381544675744278
natural,natural,mlp_deep,1000,9,1000,4413,2451,0.1271617497456765,0.5611648016276704,0.3116734486266531,2451,0.36637559012529125,0.6052896745569771,0.3794695995016062,0.6179689202650063,0.6418886433897903
natural,artificial,mlp_deep,1000,9,1000,4413,2690,0.1234110823151919,0.5446131062569419,0.3319758114278662,2690,3.6977452096908494,1.9229522120143416,-7.065187438648877,0.5868169686801401,0.6188996127043904
natural,natural,mlp_deep,2500,0,2500,4413,2452,0.2669514148424987,0.47122263747997867,0.2618259476775227,2452,0.1930939030972442,0.43942451353701717,0.6782174264028769,0.795464364325073,0.8280105868261123
natural,artificial,mlp_deep,2500,0,2500,4413,2691,0.2603082049146189,0.4594960433152853,0.2801957517700958,2691,2.9075195934370206,1.7051450358949003,-5.211656421296588,0.618960473967468,0.5017276597167861
natural,natural,mlp_deep,2500,1,2500,4413,2452,0.2669514148424987,0.47122263747997867,0.2618259476775227,2452,0.18288394967539284,0.4276493302641696,0.6900970607706567,0.8027678741097208,0.8357211618443936
natural,artificial,mlp_deep,2500,1,2500,4413,2691,0.2603082049146189,0.4594960433152853,0.2801957517700958,2691,1.906301742642534,1.3806888652562292,-3.1431470066808345,0.5327028311502607,0.5151087879523023
natural,natural,mlp_deep,2500,2,2500,4413,2452,0.2669514148424987,0.47122263747997867,0.2618259476775227,2452,0.19548342292830398,0.442135073171428,0.6711799911758922,0.7822282356262672,0.8257466779784743
natural,artificial,mlp_deep,2500,2,2500,4413,2690,0.2603353118817036,0.45954389253358324,0.2801207955847131,2690,3.031700777312653,1.7411779855352678,-5.570063727270542,0.6525265838706439,0.5970510150191273
natural,natural,mlp_deep,2500,3,2500,4413,2452,0.2669514148424987,0.47122263747997867,0.2618259476775227,2452,0.1771899373547907,0.42093935115974923,0.7033360968434104,0.8027277234085286,0.8405251201228572
natural,artificial,mlp_deep,2500,3,2500,4413,2690,0.2603353118817036,0.45954389253358324,0.2801207955847131,2690,2.8147534745213707,1.6777227048953502,-4.9973456821882145,0.6983857417879562,0.5673744636409512
natural,natural,mlp_deep,2500,4,2500,4413,2452,0.2669514148424987,0.47122263747997867,0.2618259476775227,2452,0.18233482694190017,0.427006823062466,0.691093243315918,0.7999736019062377,0.8361097015661969
natural,artificial,mlp_deep,2500,4,2500,4413,2690,0.2603353118817036,0.45954389253358324,0.2801207955847131,2690,2.971622635390454,1.7238395039534435,-5.409870890857034,0.6855908543610536,0.61175599483963
natural,natural,mlp_deep,2500,5,2500,4413,2452,0.2669514148424987,0.47122263747997867,0.2618259476775227,2452,0.17992057149853877,0.4241704509964582,0.6935402852022438,0.8010994203628194,0.8342468296403593
natural,artificial,mlp_deep,2500,5,2500,4413,2690,0.2603353118817036,0.45954389253358324,0.2801207955847131,2690,2.585391245381416,1.607915186003732,-4.617207258057387,0.6383795681846319,0.6120876059821023
natural,natural,mlp_deep,2500,6,2500,4413,2451,0.26697992310978214,0.47127296027338744,0.2617471166168304,2451,0.17862566953822748,0.42264130126885074,0.6986420191152023,0.793567596651705,0.8388286021466131
natural,artificial,mlp_deep,2500,6,2500,4413,2690,0.2603353118817036,0.45954389253358324,0.2801207955847131,2690,2.3955623561924515,1.5477604324288858,-4.183974792034006,0.671665254145621,0.6600529126179451
natural,natural,mlp_deep,2500,7,2500,4413,2451,0.26697992310978214,0.47127296027338744,0.2617471166168304,2451,0.17962146652565836,0.4238177279511304,0.6981874901230862,0.8056976584316223,0.8444932071362605
natural,artificial,mlp_deep,2500,7,2500,4413,2690,0.2603353118817036,0.45954389253358324,0.2801207955847131,2690,3.0649883538688125,1.7507108138892649,-5.600197506332684,0.5423829565576187,0.5704224827087525
natural,natural,mlp_deep,2500,8,2500,4413,2451,0.26697992310978214,0.47127296027338744,0.2617471166168304,2451,0.19555056919860073,0.44221100076615094,0.6656410575470989,0.7918569711799279,0.819792340311305
natural,artificial,mlp_deep,2500,8,2500,4413,2690,0.2603353118817036,0.45954389253358324,0.2801207955847131,2690,2.409189372945869,1.552156362273424,-4.128297259345771,0.4842865517223809,0.4684192850602117
natural,natural,mlp_deep,2500,9,2500,4413,2451,0.26697992310978214,0.47127296027338744,0.2617471166168304,2451,0.20517087622484803,0.4529579188234245,0.6525020513760951,0.7847592642133421,0.812251200886919
natural,artificial,mlp_deep,2500,9,2500,4413,2690,0.2603353118817036,0.45954389253358324,0.2801207955847131,2690,3.2279600299159776,1.7966524510644728,-6.040534490453868,0.6779760522936692,0.639900511051706
natural,natural,mlp_deep,5000,0,5000,4413,2452,0.42140750105351876,0.37193426042983563,0.2066582385166456,2452,0.11893258372272193,0.34486603735758314,0.8018040328514185,0.8439961156446825,0.8955692070826242
natural,artificial,mlp_deep,5000,0,5000,4413,2691,0.41308658294778583,0.3645902181097158,0.22232319894249836,2691,2.612967067824222,1.616467465748761,-4.582371208133501,0.6773157660988302,0.5955440923998517
natural,natural,mlp_deep,5000,1,5000,4413,2452,0.42140750105351876,0.37193426042983563,0.2066582385166456,2452,0.12404957520555894,0.352206722260605,0.7897938663584825,0.8588772405450024,0.8918047786704526
natural,artificial,mlp_deep,5000,1,5000,4413,2691,0.41308658294778583,0.3645902181097158,0.22232319894249836,2691,1.8283261852797605,1.352156124594997,-2.973675306658146,0.5810377566680552,0.6073548001742672
natural,natural,mlp_deep,5000,2,5000,4413,2452,0.42140750105351876,0.37193426042983563,0.2066582385166456,2452,0.11268835665913972,0.33569086472398935,0.8104484468505413,0.8525066848136296,0.9010647380417127
natural,artificial,mlp_deep,5000,2,5000,4413,2690,0.4131207138725936,0.3646203420639511,0.22225894406345534,2690,2.8186975277369655,1.6788977121126127,-5.108459820215945,0.5820231815936511,0.5462540070317018
natural,natural,mlp_deep,5000,3,5000,4413,2452,0.42140750105351876,0.37193426042983563,0.2066582385166456,2452,0.12298089961231366,0.35068632652601905,0.7940966951207555,0.84345499659653,0.8911776104873712
natural,artificial,mlp_deep,5000,3,5000,4413,2690,0.4131207138725936,0.3646203420639511,0.22225894406345534,2690,2.05682721511565,1.4341642915355444,-3.382445542474592,0.6579506878788427,0.6370349522044383
natural,natural,mlp_deep,5000,4,5000,4413,2452,0.42140750105351876,0.37193426042983563,0.2066582385166456,2452,0.11781074364408028,0.34323569692571354,0.8004082087223583,0.8611464826210175,0.8989782292795768
natural,artificial,mlp_deep,5000,4,5000,4413,2690,0.4131207138725936,0.3646203420639511,0.22225894406345534,2690,2.4390537456543413,1.561747017174786,-4.261105302979145,0.7384364334006508,0.6369767852651234
natural,natural,mlp_deep,5000,5,5000,4413,2452,0.42140750105351876,0.37193426042983563,0.2066582385166456,2452,0.12068653285978884,0.3473996730853223,0.7944339542049459,0.8539216605360705,0.8921574514606088
natural,artificial,mlp_deep,5000,5,5000,4413,2690,0.4131207138725936,0.3646203420639511,0.22225894406345534,2690,2.1969289274814185,1.4822040775417595,-3.773206043352358,0.7032241291893112,0.5745495924247546
natural,natural,mlp_deep,5000,6,5000,4413,2451,0.42144302090357383,0.37196561024949426,0.20659136884693188,2451,0.10427192060302871,0.32291162971164217,0.8240836519345622,0.8606256746397812,0.9085055350485247
natural,artificial,mlp_deep,5000,6,5000,4413,2690,0.4131207138725936,0.3646203420639511,0.22225894406345534,2690,2.000418067931595,1.414361363984323,-3.3288862053122266,0.7065821516763547,0.6646920646497725
natural,natural,mlp_deep,5000,7,5000,4413,2451,0.42144302090357383,0.37196561024949426,0.20659136884693188,2451,0.11370756812403099,0.33720552801523135,0.8089406172251039,0.8662579424108854,0.9039458360214456
natural,artificial,mlp_deep,5000,7,5000,4413,2690,0.4131207138725936,0.3646203420639511,0.22225894406345534,2690,2.5046480490074248,1.5826079896826708,-4.393551263068646,0.7184375230508433,0.6553445896846677
natural,natural,mlp_deep,5000,8,5000,4413,2451,0.42144302090357383,0.37196561024949426,0.20659136884693188,2451,0.1261387805354586,0.3551602181205809,0.7843236691410443,0.8662137735426216,0.8871916244387333
natural,artificial,mlp_deep,5000,8,5000,4413,2690,0.4131207138725936,0.3646203420639511,0.22225894406345534,2690,2.6987608760155823,1.6427905758238275,-4.744690790818655,0.7390059974051222,0.6536392533827433
natural,natural,mlp_deep,5000,9,5000,4413,2451,0.42144302090357383,0.37196561024949426,0.20659136884693188,2451,0.12324151797692129,0.3510577131710985,0.7912658196412692,0.8579028932280047,0.8925231483023961
natural,artificial,mlp_deep,5000,9,5000,4413,2690,0.4131207138725936,0.3646203420639511,0.22225894406345534,2690,2.7423487734810257,1.6560038567228719,-4.981363135109697,0.7288104364108398,0.5867282765317295
natural,natural,mlp_deep,10000,0,10000,4413,2452,0.5929439667951378,0.26166617254669433,0.1453898606581678,2452,0.07375684642976156,0.27158211728639564,0.8770874300851232,0.8846539127785134,0.9366167371983074
natural,artificial,mlp_deep,10000,0,10000,4413,2691,0.5846585594013096,0.2580098222637979,0.15733161833489243,2691,2.213912693497003,1.487922274010643,-3.72982711098231,0.734217598407402,0.6522414437735422
natural,natural,mlp_deep,10000,1,10000,4413,2452,0.5929439667951378,0.26166617254669433,0.1453898606581678,2452,0.08150685681332821,0.28549405740457756,0.8618839185252226,0.881878107445368,0.9292918817518011
natural,artificial,mlp_deep,10000,1,10000,4413,2691,0.5846585594013096,0.2580098222637979,0.15733161833489243,2691,1.9174887211460048,1.3847341698484965,-3.1674607317662495,0.7452680620714952,0.7554224326619686
natural,natural,mlp_deep,10000,2,10000,4413,2452,0.5929439667951378,0.26166617254669433,0.1453898606581678,2452,0.06967500863905941,0.26396024064063023,0.8828006149456569,0.8873819085335156,0.9424184869547596
natural,artificial,mlp_deep,10000,2,10000,4413,2690,0.5846927439630474,0.25802490791089283,0.15728234812605976,2690,2.0107724900782973,1.4180170979499145,-3.3575881563639136,0.718517924982597,0.6472697868210036
natural,natural,mlp_deep,10000,3,10000,4413,2452,0.5929439667951378,0.26166617254669433,0.1453898606581678,2452,0.09325983781949128,0.30538473737155114,0.8438577951529888,0.8742797526489152,0.9227157809690223
natural,artificial,mlp_deep,10000,3,10000,4413,2690,0.5846927439630474,0.25802490791089283,0.15728234812605976,2690,2.2794447911085576,1.509783027825044,-3.8567728930740257,0.7151287915696618,0.7004117308851812
natural,natural,mlp_deep,10000,4,10000,4413,2452,0.5929439667951378,0.26166617254669433,0.1453898606581678,2452,0.07228859962522215,0.26886539313422647,0.8775305999957048,0.8884645274505976,0.9370477254728572
natural,artificial,mlp_deep,10000,4,10000,4413,2690,0.5846927439630474,0.25802490791089283,0.15728234812605976,2690,1.9177570842830176,1.3848310670558404,-3.13665421843356,0.6087415502463693,0.5596009662486348
natural,natural,mlp_deep,10000,5,10000,4413,2452,0.5929439667951378,0.26166617254669433,0.1453898606581678,2452,0.07442156933024847,0.2728031695751508,0.8732373251052361,0.8844421274533539,0.9357763080263054
natural,artificial,mlp_deep,10000,5,10000,4413,2690,0.5846927439630474,0.25802490791089283,0.15728234812605976,2690,2.0298721502183823,1.4247358176933653,-3.410246455156196,0.7362002038475419,0.6838350066643986
natural,natural,mlp_deep,10000,6,10000,4413,2451,0.5929791271347249,0.26168168880455406,0.14533918406072105,2451,0.07325019711277499,0.27064773620478516,0.8764201608963309,0.8914191110785763,0.9362571019925827
natural,artificial,mlp_deep,10000,6,10000,4413,2690,0.5846927439630474,0.25802490791089283,0.15728234812605976,2690,2.447120621656721,1.5643275301728603,-4.2955464018469875,0.7371735221606379,0.6484579394514793
natural,natural,mlp_deep,10000,7,10000,4413,2451,0.5929791271347249,0.26168168880455406,0.14533918406072105,2451,0.07782241890616343,0.27896669856125017,0.8692373465762422,0.8849743422267491,0.9344481654188028
natural,artificial,mlp_deep,10000,7,10000,4413,2690,0.5846927439630474,0.25802490791089283,0.15728234812605976,2690,1.8043362155511036,1.3432558265464936,-2.885487974345456,0.7172719975695634,0.7202062674952867
natural,natural,mlp_deep,10000,8,10000,4413,2451,0.5929791271347249,0.26168168880455406,0.14533918406072105,2451,0.08516320621696177,0.29182735686868316,0.8543850847210654,0.8945252374183803,0.9256927407692652
natural,artificial,mlp_deep,10000,8,10000,4413,2690,0.5846927439630474,0.25802490791089283,0.15728234812605976,2690,2.154312688112694,1.4677577075637156,-3.585756511416582,0.6369739024501261,0.6556683672113488
natural,natural,mlp_deep,10000,9,10000,4413,2451,0.5929791271347249,0.26168168880455406,0.14533918406072105,2451,0.06964544834323953,0.26390424085876213,0.8820414920695414,0.882795690985639,0.9402114977346825
natural,artificial,mlp_deep,10000,9,10000,4413,2690,0.5846927439630474,0.25802490791089283,0.15728234812605976,2690,2.3960649533152125,1.5479227866128247,-4.226080183410016,0.7117312200009158,0.6523144169958723
natural,natural,mlp_deep,15000,0,15000,4413,2452,0.686027898467871,0.20182940772924765,0.11214269380288132,2452,0.05841790771515448,0.24169796795826498,0.9026491029119919,0.8935276433065089,0.9514794430240334
natural,artificial,mlp_deep,15000,0,15000,4413,2691,0.6786102062975027,0.1996471226927253,0.12174267100977199,2691,1.869344999622957,1.3672399202857402,-2.9936889494182966,0.7584903996965467,0.7544564613133301
natural,natural,mlp_deep,15000,1,15000,4413,2452,0.686027898467871,0.20182940772924765,0.11214269380288132,2452,0.06612797512212762,0.257153602195512,0.887943945370786,0.8939418495776957,0.9424274622965298
natural,artificial,mlp_deep,15000,1,15000,4413,2691,0.6786102062975027,0.1996471226927253,0.12174267100977199,2691,2.204879305383829,1.484883599944396,-3.792074040456109,0.7205278784569016,0.6587302486537165
natural,natural,mlp_deep,15000,2,15000,4413,2452,0.686027898467871,0.20182940772924765,0.11214269380288132,2452,0.05178692835682891,0.22756741497153962,0.9128899116652394,0.894359954446517,0.9563145287018056
natural,artificial,mlp_deep,15000,2,15000,4413,2690,0.6786409084739629,0.19965615527303987,0.12170293625299733,2690,2.032023368536813,1.425490571184816,-3.4036413905015817,0.7330496282841664,0.7297786168624921
natural,natural,mlp_deep,15000,3,15000,4413,2452,0.686027898467871,0.20182940772924765,0.11214269380288132,2452,0.0745458064544322,0.27303077931697045,0.8751901477201486,0.8831188091494215,0.9363975931695674
natural,artificial,mlp_deep,15000,3,15000,4413,2690,0.6786409084739629,0.19965615527303987,0.12170293625299733,2690,2.487651297521336,1.5772289933682224,-4.300394831386226,0.7540304320039439,0.6823435922478482
natural,natural,mlp_deep,15000,4,15000,4413,2452,0.686027898467871,0.20182940772924765,0.11214269380288132,2452,0.0575024906573215,0.23979676948891848,0.9025808278751379,0.8979336215585839,0.9505452569870297
natural,artificial,mlp_deep,15000,4,15000,4413,2690,0.6786409084739629,0.19965615527303987,0.12170293625299733,2690,2.074861020853176,1.440437787914902,-3.4755316848611875,0.7271701523942921,0.6920167653954158
natural,natural,mlp_deep,15000,5,15000,4413,2452,0.686027898467871,0.20182940772924765,0.11214269380288132,2452,0.06194129017725848,0.2488800718765134,0.894495054324114,0.8926774691655551,0.9463258278109757
natural,artificial,mlp_deep,15000,5,15000,4413,2690,0.6786409084739629,0.19965615527303987,0.12170293625299733,2690,2.103599770487749,1.4503791816238087,-3.570432393913519,0.7474944920136093,0.7206222799223034
natural,natural,mlp_deep,15000,6,15000,4413,2451,0.686059275521405,0.20183863885839737,0.11210208562019759,2451,0.057081360001009135,0.23891705673938213,0.9036984805121696,0.9013609072882506,0.9506494437620772
natural,artificial,mlp_deep,15000,6,15000,4413,2690,0.6786409084739629,0.19965615527303987,0.12170293625299733,2690,1.9671444762976826,1.402549277671798,-3.256882460627912,0.7614860336076424,0.70884622071522
natural,natural,mlp_deep,15000,7,15000,4413,2451,0.686059275521405,0.20183863885839737,0.11210208562019759,2451,0.06062109083558698,0.24621350660673955,0.8981402171440832,0.8966889366006834,0.948145235014739
natural,artificial,mlp_deep,15000,7,15000,4413,2690,0.6786409084739629,0.19965615527303987,0.12170293625299733,2690,2.2900622096401557,1.513295149546233,-3.931458505000446,0.7224771060130409,0.6512595274919293
natural,natural,mlp_deep,15000,8,15000,4413,2451,0.686059275521405,0.20183863885839737,0.11210208562019759,2451,0.07031424517609913,0.26516833366014714,0.8797743378973364,0.9012699549550591,0.9385160133074386
natural,artificial,mlp_deep,15000,8,15000,4413,2690,0.6786409084739629,0.19965615527303987,0.12170293625299733,2690,2.4272892702111517,1.5579760172130865,-4.166825427609477,0.7657693418803292,0.7399429566031503
natural,natural,mlp_deep,15000,9,15000,4413,2451,0.686059275521405,0.20183863885839737,0.11210208562019759,2451,0.05415104262880771,0.23270376582429367,0.9082843697136906,0.8988835110976259,0.9531678224708522
natural,artificial,mlp_deep,15000,9,15000,4413,2690,0.6786409084739629,0.19965615527303987,0.12170293625299733,2690,1.7549499645481477,1.3247452451502317,-2.8277381503833685,0.7435737625524669,0.7465766981365416
natural,natural,mlp_deep,17500,0,17500,4413,2452,0.7182433819002668,0.18112045967576443,0.10063615842396881,2452,0.06263497628502752,0.2502698069784438,0.8956215419394121,0.8920053019939979,0.9467421523153363
natural,artificial,mlp_deep,17500,0,17500,4413,2691,0.7112664607380914,0.1793610794992684,0.10937245976264022,2691,1.9327110350724996,1.3902197794134925,-3.1290648354074158,0.7542499374311249,0.7259935810030707
natural,natural,mlp_deep,17500,1,17500,4413,2452,0.7182433819002668,0.18112045967576443,0.10063615842396881,2452,0.06679174465168598,0.2584409887221568,0.8868191658122401,0.8943709560119701,0.9422541829480804
natural,artificial,mlp_deep,17500,1,17500,4413,2691,0.7112664607380914,0.1793610794992684,0.10937245976264022,2691,3.111187470544334,1.7638558531082789,-5.761839832313369,0.5173544938444226,0.4851788367389551
natural,natural,mlp_deep,17500,2,17500,4413,2452,0.7182433819002668,0.18112045967576443,0.10063615842396881,2452,0.04933470192765404,0.2221141641761147,0.9170147684126871,0.9023389745872,0.9578160037998569
natural,artificial,mlp_deep,17500,2,17500,4413,2690,0.7112953704832744,0.17936836971101086,0.10933625980571475,2690,2.022210659809363,1.4220445351005584,-3.3823760591209435,0.7562381264263193,0.7084376601078748
natural,natural,mlp_deep,17500,3,17500,4413,2452,0.7182433819002668,0.18112045967576443,0.10063615842396881,2452,0.06450974477421861,0.253987686264942,0.8919932307553373,0.8889177648761282,0.9456335282187405
natural,artificial,mlp_deep,17500,3,17500,4413,2690,0.7112953704832744,0.17936836971101086,0.10933625980571475,2690,2.1904025519268586,1.4800008621372012,-3.6670521613927063,0.7609620585052896,0.7166193641517
natural,natural,mlp_deep,17500,4,17500,4413,2452,0.7182433819002668,0.18112045967576443,0.10063615842396881,2452,0.05448676953760856,0.23342401234150817,0.9076899814349845,0.9004011400061442,0.9527343352399732
natural,artificial,mlp_deep,17500,4,17500,4413,2690,0.7112953704832744,0.17936836971101086,0.10933625980571475,2690,2.190832500510394,1.480146107825303,-3.72568532239624,0.7481802223709835,0.690229861551412
natural,natural,mlp_deep,17500,5,17500,4413,2452,0.7182433819002668,0.18112045967576443,0.10063615842396881,2452,0.05918424237222917,0.243278117331233,0.8991911492563154,0.8920755717586147,0.9482825635752092
natural,artificial,mlp_deep,17500,5,17500,4413,2690,0.7112953704832744,0.17936836971101086,0.10933625980571475,2690,1.8845046003737085,1.3727725960164372,-3.0944104448300074,0.7533449889644985,0.7565108484363513
natural,natural,mlp_deep,17500,6,17500,4413,2451,0.7182728615990807,0.18112789361352816,0.10059924478739124,2451,0.05686136306824786,0.23845620786267624,0.9040696356301835,0.899257922013371,0.951516958175507
natural,artificial,mlp_deep,17500,6,17500,4413,2690,0.7112953704832744,0.17936836971101086,0.10933625980571475,2690,1.6717162032626371,1.2929486468002653,-2.617578408988866,0.7454262111023011,0.7269338606850613
natural,natural,mlp_deep,17500,7,17500,4413,2451,0.7182728615990807,0.18112789361352816,0.10059924478739124,2451,0.05554473640880535,0.2356793084019158,0.9066698617361615,0.903115825836093,0.9529855386181317
natural,artificial,mlp_deep,17500,7,17500,4413,2690,0.7112953704832744,0.17936836971101086,0.10933625980571475,2690,2.20784032327627,1.4858803192977117,-3.7544005110736878,0.7505205709070952,0.6699090188712888
natural,natural,mlp_deep,17500,8,17500,4413,2451,0.7182728615990807,0.18112789361352816,0.10059924478739124,2451,0.05908363953364691,0.243071264310792,0.8989768052749807,0.9070404056244054,0.9483079716759647
natural,artificial,mlp_deep,17500,8,17500,4413,2690,0.7112953704832744,0.17936836971101086,0.10933625980571475,2690,1.9909843559058586,1.4110224505321871,-3.238089263737481,0.7620364349439522,0.7209070676598253
natural,natural,mlp_deep,17500,9,17500,4413,2451,0.7182728615990807,0.18112789361352816,0.10059924478739124,2451,0.051436987040846496,0.22679723772754926,0.9128811661334426,0.8968319255734855,0.9557529495990378
natural,artificial,mlp_deep,17500,9,17500,4413,2690,0.7112953704832744,0.17936836971101086,0.10933625980571475,2690,2.192823364568058,1.4808184779263318,-3.7827880105802834,0.7014309518948202,0.6695772945396468
natural,natural,CNN_Jannis_OHE,500,0,500,4413,2452,0.06788866259334692,0.5991853360488798,0.3329260013577732,2452,0.4182825883235954,0.6467477006712861,0.30295029722482514,0.5806434197028532,0.5797537927362192
natural,artificial,CNN_Jannis_OHE,500,0,500,4413,2691,0.06575486586007365,0.58035244608101,0.3538926880589164,2691,1.8463036519573979,1.3587875668982985,-2.944463164145804,0.4243816472615641,0.39935617434394155
natural,natural,CNN_Jannis_OHE,500,1,500,4413,2452,0.06788866259334692,0.5991853360488798,0.3329260013577732,2452,0.4895649213104713,0.699689160492337,0.17041594778007496,0.5037115304601546,0.49159754959398255
natural,artificial,CNN_Jannis_OHE,500,1,500,4413,2691,0.06575486586007365,0.58035244608101,0.3538926880589164,2691,2.191921043014972,1.4805137767055638,-3.763910615566777,-0.016740642944372715,-0.04239676396179481
natural,natural,CNN_Jannis_OHE,500,2,500,4413,2452,0.06788866259334692,0.5991853360488798,0.3329260013577732,2452,0.40064935533727636,0.6329686843259122,0.32607316475272585,0.5691192082608738,0.5718233493010613
natural,artificial,CNN_Jannis_OHE,500,2,500,4413,2690,0.06576351440220965,0.5804287781139024,0.35380770748388796,2690,3.1186633303617235,1.7659737626481666,-5.758522139688469,0.550068046908227,0.5278396587446076
natural,natural,CNN_Jannis_OHE,500,3,500,4413,2452,0.06788866259334692,0.5991853360488798,0.3329260013577732,2452,0.5952475275876166,0.7715228626473856,0.003394563400822226,0.44443097475640697,0.4643064615076945
natural,artificial,CNN_Jannis_OHE,500,3,500,4413,2690,0.06576351440220965,0.5804287781139024,0.35380770748388796,2690,1.82173583954343,1.3497169479351698,-2.881540486678369,0.06813478387192451,0.10648590249722645
natural,natural,CNN_Jannis_OHE,500,4,500,4413,2452,0.06788866259334692,0.5991853360488798,0.3329260013577732,2452,0.5894866547656663,0.7677803427840976,0.0013075741682909703,0.41729482409234925,0.4248006867665315
natural,artificial,CNN_Jannis_OHE,500,4,500,4413,2690,0.06576351440220965,0.5804287781139024,0.35380770748388796,2690,1.8187886637409676,1.3486247305091834,-2.9231766421116157,0.22065039332304795,0.24734125845115607
natural,natural,CNN_Jannis_OHE,500,5,500,4413,2452,0.06788866259334692,0.5991853360488798,0.3329260013577732,2452,0.5845743618907175,0.7645746280715294,0.0042912228935166885,0.49376557605338783,0.4844424881844115
natural,artificial,CNN_Jannis_OHE,500,5,500,4413,2690,0.06576351440220965,0.5804287781139024,0.35380770748388796,2690,1.8574583149389738,1.3628860241924026,-3.0356477368186443,0.3925011732061599,0.38442223649707
natural,natural,CNN_Jannis_OHE,500,6,500,4413,2451,0.06789788158609451,0.5992667028788702,0.3328354155350353,2451,0.5902280208165734,0.7682629893575333,0.0042308864412835545,0.4138992081345762,0.4221606483149448
natural,artificial,CNN_Jannis_OHE,500,6,500,4413,2690,0.06576351440220965,0.5804287781139024,0.35380770748388796,2690,1.890866483458399,1.3750878093628782,-3.091817589307139,0.2654524644247419,0.23991107814180607
natural,natural,CNN_Jannis_OHE,500,7,500,4413,2451,0.06789788158609451,0.5992667028788702,0.3328354155350353,2451,0.449170841544047,0.670202090077349,0.2452718393178842,0.5238907563764965,0.506990388456739
natural,artificial,CNN_Jannis_OHE,500,7,500,4413,2690,0.06576351440220965,0.5804287781139024,0.35380770748388796,2690,2.323269851458503,1.5242276245556314,-4.002968399791395,0.37394832537926476,0.37659038380458065
natural,natural,CNN_Jannis_OHE,500,8,500,4413,2451,0.06789788158609451,0.5992667028788702,0.3328354155350353,2451,0.5824290381506452,0.7631703860545462,0.004143234929005812,0.2596333865907713,0.2707245090576933
natural,artificial,CNN_Jannis_OHE,500,8,500,4413,2690,0.06576351440220965,0.5804287781139024,0.35380770748388796,2690,1.7724470556197345,1.3313328117415775,-2.7729019892511366,0.14530981431783196,0.19158353310248571
natural,natural,CNN_Jannis_OHE,500,9,500,4413,2451,0.06789788158609451,0.5992667028788702,0.3328354155350353,2451,0.5864992859839246,0.7658324137720501,0.006646057672215044,0.5496439556681835,0.5455629446570198
natural,artificial,CNN_Jannis_OHE,500,9,500,4413,2690,0.06576351440220965,0.5804287781139024,0.35380770748388796,2690,1.8928305186472754,1.3758017730208358,-3.1284707454902128,0.3926052075753411,0.42497146472023983
natural,natural,CNN_Jannis_OHE,1000,0,1000,4413,2452,0.12714558169103624,0.5610934520025429,0.31176096630642086,2452,0.31552212181429656,0.5617135585102931,0.4741961358919864,0.6809494334469032,0.6938536543849108
natural,artificial,CNN_Jannis_OHE,1000,0,1000,4413,2691,0.12339585389930899,0.5445459032576505,0.3320582428430405,2691,1.672005124060479,1.2930603713904774,-2.572089897091192,0.5739298372574491,0.5346185076095684
natural,natural,CNN_Jannis_OHE,1000,1,1000,4413,2452,0.12714558169103624,0.5610934520025429,0.31176096630642086,2452,0.30444438030590026,0.5517647871202912,0.4841088654520178,0.6872918979869086,0.7093815122926528
natural,artificial,CNN_Jannis_OHE,1000,1,1000,4413,2691,0.12339585389930899,0.5445459032576505,0.3320582428430405,2691,2.5977617081960993,1.611757335393917,-4.6459627584786825,0.545329867175871,0.48235116005207174
natural,natural,CNN_Jannis_OHE,1000,2,1000,4413,2452,0.12714558169103624,0.5610934520025429,0.31176096630642086,2452,0.35351277516313,0.5945694031508265,0.4053609656139052,0.6430585606689371,0.6516326484811963
natural,artificial,CNN_Jannis_OHE,1000,2,1000,4413,2690,0.1234110823151919,0.5446131062569419,0.3319758114278662,2690,3.009340668221944,1.7347451306235,-5.521606655657789,0.5669528784500351,0.5401783130664329
natural,natural,CNN_Jannis_OHE,1000,3,1000,4413,2452,0.12714558169103624,0.5610934520025429,0.31176096630642086,2452,0.5935064815289759,0.7703937185160429,0.006309545634252012,0.6116558147609075,0.5931108379504684
natural,artificial,CNN_Jannis_OHE,1000,3,1000,4413,2690,0.1234110823151919,0.5446131062569419,0.3319758114278662,2690,1.8260040535479576,1.3512971744024176,-2.8906346951276762,0.3188707547183483,0.3384000694575734
natural,natural,CNN_Jannis_OHE,1000,4,1000,4413,2452,0.12714558169103624,0.5610934520025429,0.31176096630642086,2452,0.2958030334867317,0.5438777744003994,0.4988584615224637,0.6947192781394601,0.7106126983788676
natural,artificial,CNN_Jannis_OHE,1000,4,1000,4413,2690,0.1234110823151919,0.5446131062569419,0.3319758114278662,2690,2.047533195145509,1.4309204014009687,-3.41658482114174,0.48669203300947694,0.46511038760735757
natural,natural,CNN_Jannis_OHE,1000,5,1000,4413,2452,0.12714558169103624,0.5610934520025429,0.31176096630642086,2452,0.3316120800425778,0.5758576907905093,0.4351632910738922,0.6800033488379479,0.6641643850296639
natural,artificial,CNN_Jannis_OHE,1000,5,1000,4413,2690,0.1234110823151919,0.5446131062569419,0.3319758114278662,2690,2.548191913181083,1.5963057079335032,-4.536385309269604,0.6423308687235836,0.616470538589362
natural,natural,CNN_Jannis_OHE,1000,6,1000,4413,2451,0.1271617497456765,0.5611648016276704,0.3116734486266531,2451,0.2688789033643238,0.5185353443732874,0.5463764887215697,0.7169118259069637,0.7424524904861319
natural,artificial,CNN_Jannis_OHE,1000,6,1000,4413,2690,0.1234110823151919,0.5446131062569419,0.3319758114278662,2690,2.1340967018300097,1.460854784648361,-3.6181655332210054,0.5911680988701369,0.5666985967213738
natural,natural,CNN_Jannis_OHE,1000,7,1000,4413,2451,0.1271617497456765,0.5611648016276704,0.3116734486266531,2451,0.3011315570152714,0.5487545507923113,0.4940177653379789,0.6909636762094525,0.709166439352414
natural,artificial,CNN_Jannis_OHE,1000,7,1000,4413,2690,0.1234110823151919,0.5446131062569419,0.3319758114278662,2690,1.6924627022817182,1.3009468483691862,-2.6445776679903807,0.6106112509734499,0.6096889075869497
natural,natural,CNN_Jannis_OHE,1000,8,1000,4413,2451,0.1271617497456765,0.5611648016276704,0.3116734486266531,2451,0.2831526192339306,0.5321208690080954,0.5158561250533886,0.7166737524478157,0.7230301973414976
natural,artificial,CNN_Jannis_OHE,1000,8,1000,4413,2690,0.1234110823151919,0.5446131062569419,0.3319758114278662,2690,1.9811301513638446,1.4075262524599121,-3.2171132081756673,0.6458871024084579,0.577117587090744
natural,natural,CNN_Jannis_OHE,1000,9,1000,4413,2451,0.1271617497456765,0.5611648016276704,0.3116734486266531,2451,0.2829276761057484,0.5319094623201851,0.520805345940375,0.7201782448343617,0.7404763280164003
natural,artificial,CNN_Jannis_OHE,1000,9,1000,4413,2690,0.1234110823151919,0.5446131062569419,0.3319758114278662,2690,1.6766102864837327,1.2948398690508927,-2.6568707293893348,0.5692965722781504,0.5498674889419205
natural,natural,CNN_Jannis_OHE,2500,0,2500,4413,2452,0.2669514148424987,0.47122263747997867,0.2618259476775227,2452,0.15702115787950546,0.39625895305911446,0.7383310840932058,0.8053325953293837,0.861632497196916
natural,artificial,CNN_Jannis_OHE,2500,0,2500,4413,2691,0.2603082049146189,0.4594960433152853,0.2801957517700958,2691,1.338087061418925,1.1567571315617315,-1.8587037232967791,0.6945763534969742,0.7407846564852898
natural,natural,CNN_Jannis_OHE,2500,1,2500,4413,2452,0.2669514148424987,0.47122263747997867,0.2618259476775227,2452,0.17397310201724542,0.4171008295571293,0.7051967886865633,0.7962115283005982,0.8525428282179008
natural,artificial,CNN_Jannis_OHE,2500,1,2500,4413,2691,0.2603082049146189,0.4594960433152853,0.2801957517700958,2691,1.491485317571348,1.221263819807722,-2.241586990545443,0.6503715603935046,0.6709592610706934
natural,natural,CNN_Jannis_OHE,2500,2,2500,4413,2452,0.2669514148424987,0.47122263747997867,0.2618259476775227,2452,0.14304275790331353,0.3782099389271963,0.7593897210750036,0.830500409001728,0.8730449787720427
natural,artificial,CNN_Jannis_OHE,2500,2,2500,4413,2690,0.2603353118817036,0.45954389253358324,0.2801207955847131,2690,1.320945326161401,1.1493238560829584,-1.8626489256678913,0.6914557688327857,0.7232945824746417
natural,natural,CNN_Jannis_OHE,2500,3,2500,4413,2452,0.2669514148424987,0.47122263747997867,0.2618259476775227,2452,0.1487635605105957,0.38569879505981824,0.7509295439267697,0.8140210979927106,0.8678054930281892
natural,artificial,CNN_Jannis_OHE,2500,3,2500,4413,2690,0.2603353118817036,0.45954389253358324,0.2801207955847131,2690,1.507476843342955,1.2277934856249055,-2.2119543751372137,0.6715334053700104,0.6880493827214423
natural,natural,CNN_Jannis_OHE,2500,4,2500,4413,2452,0.2669514148424987,0.47122263747997867,0.2618259476775227,2452,0.15884734184798635,0.39855657295795077,0.7308851084505943,0.817346409932068,0.8617324646498925
natural,artificial,CNN_Jannis_OHE,2500,4,2500,4413,2690,0.2603353118817036,0.45954389253358324,0.2801207955847131,2690,1.3136680659991349,1.1461535961637668,-1.8336177670116296,0.6388901835192172,0.6592299766676597
natural,natural,CNN_Jannis_OHE,2500,5,2500,4413,2452,0.2669514148424987,0.47122263747997867,0.2618259476775227,2452,0.15384993547429845,0.3922370908956705,0.7379465452204301,0.8176721027604902,0.8640551327747508
natural,artificial,CNN_Jannis_OHE,2500,5,2500,4413,2690,0.2603353118817036,0.45954389253358324,0.2801207955847131,2690,1.4385828722930807,1.1994093847778082,-2.1255687764849664,0.6798458466868214,0.7032953851701462
natural,natural,CNN_Jannis_OHE,2500,6,2500,4413,2451,0.26697992310978214,0.47127296027338744,0.2617471166168304,2451,0.16328343648922564,0.40408345238233356,0.7245257814314674,0.805689187804559,0.8531339803463172
natural,artificial,CNN_Jannis_OHE,2500,6,2500,4413,2690,0.2603353118817036,0.45954389253358324,0.2801207955847131,2690,1.6721987462714563,1.29313523897211,-2.618622627598882,0.6936644257350189,0.6967137723800333
natural,natural,CNN_Jannis_OHE,2500,7,2500,4413,2451,0.26697992310978214,0.47127296027338744,0.2617471166168304,2451,0.16913320186465894,0.41125807209665677,0.7158106035672547,0.81076600203946,0.8464447393489395
natural,artificial,CNN_Jannis_OHE,2500,7,2500,4413,2690,0.2603353118817036,0.45954389253358324,0.2801207955847131,2690,1.5629450592392566,1.2501780110205334,-2.3656721956234437,0.704093317722913,0.6939701284953589
natural,natural,CNN_Jannis_OHE,2500,8,2500,4413,2451,0.26697992310978214,0.47127296027338744,0.2617471166168304,2451,0.15044450980909377,0.38787176980168814,0.7427649154703988,0.8336027343463569,0.8662672665982606
natural,artificial,CNN_Jannis_OHE,2500,8,2500,4413,2690,0.2603353118817036,0.45954389253358324,0.2801207955847131,2690,1.39106083598884,1.1794324211199385,-1.961067964558505,0.712198640250232,0.727665164690547
natural,natural,CNN_Jannis_OHE,2500,9,2500,4413,2451,0.26697992310978214,0.47127296027338744,0.2617471166168304,2451,0.18289403325200287,0.42766111964030923,0.6902323441804059,0.8252583914828876,0.8406751541201517
natural,artificial,CNN_Jannis_OHE,2500,9,2500,4413,2690,0.2603353118817036,0.45954389253358324,0.2801207955847131,2690,1.7750334203126215,1.3323038018082143,-2.8715423678107332,0.6954656000000058,0.6820437949006604
natural,natural,CNN_Jannis_OHE,5000,0,5000,4413,2452,0.42140750105351876,0.37193426042983563,0.2066582385166456,2452,0.11398160137366471,0.33761161320912036,0.8100546291496934,0.8541521689530255,0.904049908747524
natural,artificial,CNN_Jannis_OHE,5000,0,5000,4413,2691,0.41308658294778583,0.3645902181097158,0.22232319894249836,2691,1.202919049528127,1.0967766634680585,-1.5699293154095235,0.7070627715510117,0.7356927076635771
natural,natural,CNN_Jannis_OHE,5000,1,5000,4413,2452,0.42140750105351876,0.37193426042983563,0.2066582385166456,2452,0.09812827008402641,0.3132543217324007,0.8337183805658899,0.8643563916714774,0.9138170816162496
natural,artificial,CNN_Jannis_OHE,5000,1,5000,4413,2691,0.41308658294778583,0.3645902181097158,0.22232319894249836,2691,1.0950547081472475,1.0464486170602203,-1.3799866173981608,0.6652341763876051,0.705239161291785
natural,natural,CNN_Jannis_OHE,5000,2,5000,4413,2452,0.42140750105351876,0.37193426042983563,0.2066582385166456,2452,0.10108768451535101,0.31794289505405054,0.8299617797948146,0.8500725145764855,0.9114961653338253
natural,artificial,CNN_Jannis_OHE,5000,2,5000,4413,2690,0.4131207138725936,0.3646203420639511,0.22225894406345534,2690,1.3458243592584846,1.1600967025461648,-1.9165648114782323,0.6632279352747399,0.7099509439935752
natural,natural,CNN_Jannis_OHE,5000,3,5000,4413,2452,0.42140750105351876,0.37193426042983563,0.2066582385166456,2452,0.09869790449874576,0.3141622264034073,0.8347529999779494,0.8659377285960246,0.9163171220969701
natural,artificial,CNN_Jannis_OHE,5000,3,5000,4413,2690,0.4131207138725936,0.3646203420639511,0.22225894406345534,2690,1.1501021282024584,1.0724281459391387,-1.4505023601839135,0.682114128666454,0.7293427762244579
natural,natural,CNN_Jannis_OHE,5000,4,5000,4413,2452,0.42140750105351876,0.37193426042983563,0.2066582385166456,2452,0.10394034249111958,0.3223978016226531,0.8239070690658818,0.8544927280471111,0.9079333715397553
natural,artificial,CNN_Jannis_OHE,5000,4,5000,4413,2690,0.4131207138725936,0.3646203420639511,0.22225894406345534,2690,1.3885680926265032,1.1783751917901628,-1.9951791626900217,0.7041003497747187,0.7521531736733343
natural,natural,CNN_Jannis_OHE,5000,5,5000,4413,2452,0.42140750105351876,0.37193426042983563,0.2066582385166456,2452,0.10591212693580844,0.32544143395672354,0.819599282372026,0.8497599825268891,0.9083834451420041
natural,artificial,CNN_Jannis_OHE,5000,5,5000,4413,2690,0.4131207138725936,0.3646203420639511,0.22225894406345534,2690,1.1234922093311595,1.059949154125404,-1.4409801046165795,0.6795448913742269,0.7079263213037541
natural,natural,CNN_Jannis_OHE,5000,6,5000,4413,2451,0.42144302090357383,0.37196561024949426,0.20659136884693188,2451,0.09786548396912888,0.31283459522426366,0.834891901463588,0.86547123776823,0.9152178593891421
natural,artificial,CNN_Jannis_OHE,5000,6,5000,4413,2690,0.4131207138725936,0.3646203420639511,0.22225894406345534,2690,1.404197673256588,1.1849884696724218,-2.0386707832414106,0.7248052779018119,0.7643947196846931
natural,natural,CNN_Jannis_OHE,5000,7,5000,4413,2451,0.42144302090357383,0.37196561024949426,0.20659136884693188,2451,0.11328101754184046,0.33657245511455697,0.8096573372491105,0.858507525765384,0.9017770522760908
natural,artificial,CNN_Jannis_OHE,5000,7,5000,4413,2690,0.4131207138725936,0.3646203420639511,0.22225894406345534,2690,1.3179428587651214,1.1480169244245144,-1.8380803336268872,0.7312237459694376,0.7504902313834201
natural,natural,CNN_Jannis_OHE,5000,8,5000,4413,2451,0.42144302090357383,0.37196561024949426,0.20659136884693188,2451,0.09765415047592176,0.31249664074341943,0.8330276479732215,0.8701793778794129,0.9138469801894189
natural,artificial,CNN_Jannis_OHE,5000,8,5000,4413,2690,0.4131207138725936,0.3646203420639511,0.22225894406345534,2690,1.0692339039105667,1.034037670450437,-1.2760142314256102,0.6913143215551095,0.7051949783084808
natural,natural,CNN_Jannis_OHE,5000,9,5000,4413,2451,0.42144302090357383,0.37196561024949426,0.20659136884693188,2451,0.0912097606072132,0.30200953727856544,0.8455180126503478,0.8786811907670403,0.920686149038271
natural,artificial,CNN_Jannis_OHE,5000,9,5000,4413,2690,0.4131207138725936,0.3646203420639511,0.22225894406345534,2690,1.4397233470006225,1.199884722379872,-2.140194360316603,0.7057767659942015,0.7559262646189098
natural,natural,CNN_Jannis_OHE,10000,0,10000,4413,2452,0.5929439667951378,0.26166617254669433,0.1453898606581678,2452,0.06898801682397049,0.2626557001551089,0.8850344767757938,0.8772873810324713,0.941117038546601
natural,artificial,CNN_Jannis_OHE,10000,0,10000,4413,2691,0.5846585594013096,0.2580098222637979,0.15733161833489243,2691,1.3091453562895674,1.1441789004738583,-1.796872350288719,0.7464000498372596,0.7847265601571425
natural,natural,CNN_Jannis_OHE,10000,1,10000,4413,2452,0.5929439667951378,0.26166617254669433,0.1453898606581678,2452,0.06693506474544025,0.2587181183169054,0.8865763051435817,0.8829662323777907,0.9422133033274089
natural,artificial,CNN_Jannis_OHE,10000,1,10000,4413,2691,0.5846585594013096,0.2580098222637979,0.15733161833489243,2691,1.5899796094064564,1.260943935869655,-2.4556540090364916,0.7349320707092271,0.7424242648278235
natural,natural,CNN_Jannis_OHE,10000,2,10000,4413,2452,0.5929439667951378,0.26166617254669433,0.1453898606581678,2452,0.0705295880428857,0.265574072610422,0.8813631385453683,0.8842215868802952,0.9393354502753157
natural,artificial,CNN_Jannis_OHE,10000,2,10000,4413,2690,0.5846927439630474,0.25802490791089283,0.15728234812605976,2690,1.4749066531079242,1.2144573492337738,-2.1963018168580413,0.7504080704436413,0.7791902591589583
natural,natural,CNN_Jannis_OHE,10000,3,10000,4413,2452,0.5929439667951378,0.26166617254669433,0.1453898606581678,2452,0.07928557732440929,0.28157694743073214,0.8672544886903708,0.8775061011718364,0.9322507149065801
natural,artificial,CNN_Jannis_OHE,10000,3,10000,4413,2690,0.5846927439630474,0.25802490791089283,0.15728234812605976,2690,1.2953202777970418,1.1381213809594484,-1.7599161153599439,0.7272032022249771,0.7984400065170638
natural,natural,CNN_Jannis_OHE,10000,4,10000,4413,2452,0.5929439667951378,0.26166617254669433,0.1453898606581678,2452,0.06534783775466389,0.2556322314471786,0.8892894519622239,0.8784223067608591,0.943074863328953
natural,artificial,CNN_Jannis_OHE,10000,4,10000,4413,2690,0.5846927439630474,0.25802490791089283,0.15728234812605976,2690,1.2936218846531682,1.1373749973747305,-1.7903776083346616,0.6849527201618242,0.7462336287452779
natural,natural,CNN_Jannis_OHE,10000,5,10000,4413,2452,0.5929439667951378,0.26166617254669433,0.1453898606581678,2452,0.06586398029354087,0.2566397870431256,0.8878135143297524,0.886070911161716,0.944760318031493
natural,artificial,CNN_Jannis_OHE,10000,5,10000,4413,2690,0.5846927439630474,0.25802490791089283,0.15728234812605976,2690,1.3951689443163002,1.181172698768601,-2.031244549245628,0.7276891737834409,0.7664460381869347
natural,natural,CNN_Jannis_OHE,10000,6,10000,4413,2451,0.5929791271347249,0.26168168880455406,0.14533918406072105,2451,0.0675140461305172,0.2598346515199949,0.8860975767041055,0.8834938107273437,0.9421943899125804
natural,artificial,CNN_Jannis_OHE,10000,6,10000,4413,2690,0.5846927439630474,0.25802490791089283,0.15728234812605976,2690,1.279111615028183,1.1309781673525723,-1.7679857096449143,0.7535760287741372,0.7956939814886339
natural,natural,CNN_Jannis_OHE,10000,7,10000,4413,2451,0.5929791271347249,0.26168168880455406,0.14533918406072105,2451,0.06572909726648789,0.2563768657006476,0.8895573886481506,0.889152205634796,0.9441116133280256
natural,artificial,CNN_Jannis_OHE,10000,7,10000,4413,2690,0.5846927439630474,0.25802490791089283,0.15728234812605976,2690,1.5064002406176993,1.2273549774281682,-2.243907631529439,0.7535081027174504,0.7740494339732651
natural,natural,CNN_Jannis_OHE,10000,8,10000,4413,2451,0.5929791271347249,0.26168168880455406,0.14533918406072105,2451,0.08079739082826325,0.2842488185169171,0.861849902759142,0.8874542627531358,0.9291116066313873
natural,artificial,CNN_Jannis_OHE,10000,8,10000,4413,2690,0.5846927439630474,0.25802490791089283,0.15728234812605976,2690,1.0448000192033788,1.0221545965280294,-1.2240032831016001,0.7425417687759054,0.785242007337415
natural,natural,CNN_Jannis_OHE,10000,9,10000,4413,2451,0.5929791271347249,0.26168168880455406,0.14533918406072105,2451,0.07693578817444613,0.2773730127003096,0.869693842233806,0.8673298544140284,0.9343204421658189
natural,artificial,CNN_Jannis_OHE,10000,9,10000,4413,2690,0.5846927439630474,0.25802490791089283,0.15728234812605976,2690,1.2685377025039968,1.1262937904934027,-1.7668197140449018,0.6897993159013373,0.7357175266217859
natural,natural,CNN_Jannis_OHE,15000,0,15000,4413,2452,0.686027898467871,0.20182940772924765,0.11214269380288132,2452,0.05794882260245468,0.24072561683887048,0.9034308128074339,0.8850521652885127,0.9511974860767991
natural,artificial,CNN_Jannis_OHE,15000,0,15000,4413,2691,0.6786102062975027,0.1996471226927253,0.12174267100977199,2691,1.2625185078900292,1.1236184885849954,-1.6972582452214375,0.7418184361217347,0.7983908883012255
natural,natural,CNN_Jannis_OHE,15000,1,15000,4413,2452,0.686027898467871,0.20182940772924765,0.11214269380288132,2452,0.0602173204174547,0.24539217676497901,0.8979597464785327,0.8845191411496377,0.9478276449635976
natural,artificial,CNN_Jannis_OHE,15000,1,15000,4413,2691,0.6786102062975027,0.1996471226927253,0.12174267100977199,2691,1.162491331464745,1.0781889126979303,-1.526553049033084,0.744084216211374,0.8187081341266398
natural,natural,CNN_Jannis_OHE,15000,2,15000,4413,2452,0.686027898467871,0.20182940772924765,0.11214269380288132,2452,0.055297949535220894,0.23515516055409222,0.9069840706605834,0.8952301600012891,0.9546175302297248
natural,artificial,CNN_Jannis_OHE,15000,2,15000,4413,2690,0.6786409084739629,0.19965615527303987,0.12170293625299733,2690,1.2931321011955066,1.1371596638975139,-1.802374289775619,0.7409753735544603,0.8051663008609672
natural,natural,CNN_Jannis_OHE,15000,3,15000,4413,2452,0.686027898467871,0.20182940772924765,0.11214269380288132,2452,0.05979275740531965,0.24452557617827966,0.89989074403904,0.893090650600389,0.9491228488174209
natural,artificial,CNN_Jannis_OHE,15000,3,15000,4413,2690,0.6786409084739629,0.19965615527303987,0.12170293625299733,2690,1.4529659340793035,1.2053903658480531,-2.095808940283419,0.757609881183014,0.7979435805322672
natural,natural,CNN_Jannis_OHE,15000,4,15000,4413,2452,0.686027898467871,0.20182940772924765,0.11214269380288132,2452,0.05018997703865457,0.22403119657461673,0.9149694916484629,0.9007924124585841,0.9577565681561389
natural,artificial,CNN_Jannis_OHE,15000,4,15000,4413,2690,0.6786409084739629,0.19965615527303987,0.12170293625299733,2690,1.5701947076072362,1.2530741029991945,-2.3869527137812185,0.7413593525505743,0.7704664418335178
natural,natural,CNN_Jannis_OHE,15000,5,15000,4413,2452,0.686027898467871,0.20182940772924765,0.11214269380288132,2452,0.05288983921859831,0.229977910284006,0.9099124413199051,0.8985115609559409,0.9541870493676995
natural,artificial,CNN_Jannis_OHE,15000,5,15000,4413,2690,0.6786409084739629,0.19965615527303987,0.12170293625299733,2690,1.5421416404681916,1.2418299563419266,-2.350568016065395,0.7480951771894736,0.7759614587839955
natural,natural,CNN_Jannis_OHE,15000,6,15000,4413,2451,0.686059275521405,0.20183863885839737,0.11210208562019759,2451,0.06183241151715739,0.24866123846944338,0.895683018368977,0.8947378444935475,0.9475721098347987
natural,artificial,CNN_Jannis_OHE,15000,6,15000,4413,2690,0.6786409084739629,0.19965615527303987,0.12170293625299733,2690,1.2410880348157804,1.1140413074997626,-1.6857030335899803,0.7646243247344144,0.8218198482166913
natural,natural,CNN_Jannis_OHE,15000,7,15000,4413,2451,0.686059275521405,0.20183863885839737,0.11210208562019759,2451,0.050574201930468854,0.22488708706919758,0.9150217002739132,0.9016804109535566,0.9566951373818685
natural,artificial,CNN_Jannis_OHE,15000,7,15000,4413,2690,0.6786409084739629,0.19965615527303987,0.12170293625299733,2690,1.4188995074055277,1.1911756828467948,-2.0554820799542517,0.7493382786690054,0.7786451367125533
natural,natural,CNN_Jannis_OHE,15000,8,15000,4413,2451,0.686059275521405,0.20183863885839737,0.11210208562019759,2451,0.06331137901321693,0.25161752525056147,0.8917480740718525,0.9028097833293298,0.9448704682781854
natural,artificial,CNN_Jannis_OHE,15000,8,15000,4413,2690,0.6786409084739629,0.19965615527303987,0.12170293625299733,2690,1.255260258911211,1.1203839783356468,-1.6719974020426105,0.7365799592506622,0.798346889179692
natural,natural,CNN_Jannis_OHE,15000,9,15000,4413,2451,0.686059275521405,0.20183863885839737,0.11210208562019759,2451,0.04815993996317794,0.21945373080259525,0.9184315013368942,0.8999317837088093,0.9586664802035538
natural,artificial,CNN_Jannis_OHE,15000,9,15000,4413,2690,0.6786409084739629,0.19965615527303987,0.12170293625299733,2690,1.2968191815121262,1.1387796896292655,-1.8285047183672645,0.7401439747648668,0.7943870517669909
natural,natural,CNN_Jannis_OHE,17500,0,17500,4413,2452,0.7182433819002668,0.18112045967576443,0.10063615842396881,2452,0.050603863383328576,0.2249530248370281,0.9156708672192297,0.8973219848673047,0.957146539278391
natural,artificial,CNN_Jannis_OHE,17500,0,17500,4413,2691,0.7112664607380914,0.1793610794992684,0.10937245976264022,2691,1.2564702217661372,1.120923825139843,-1.6843366210906439,0.7584078519173185,0.8222044522036253
natural,natural,CNN_Jannis_OHE,17500,1,17500,4413,2452,0.7182433819002668,0.18112045967576443,0.10063615842396881,2452,0.05975384254785534,0.24444599106521533,0.898745125153433,0.8865312668077482,0.948095006355631
natural,artificial,CNN_Jannis_OHE,17500,1,17500,4413,2691,0.7112664607380914,0.1793610794992684,0.10937245976264022,2691,1.2955855316695608,1.1382379064455554,-1.8158193413781603,0.7349344221835897,0.8005500204012816
natural,natural,CNN_Jannis_OHE,17500,2,17500,4413,2452,0.7182433819002668,0.18112045967576443,0.10063615842396881,2452,0.041839089696530905,0.20454605764113593,0.9296230358711711,0.9034852321982565,0.964219694378568
natural,artificial,CNN_Jannis_OHE,17500,2,17500,4413,2690,0.7112953704832744,0.17936836971101086,0.10933625980571475,2690,1.2735679023345343,1.1285246573888115,-1.7599762951412279,0.7637102381475573,0.8305485214683056
natural,natural,CNN_Jannis_OHE,17500,3,17500,4413,2452,0.7182433819002668,0.18112045967576443,0.10063615842396881,2452,0.05135524749044885,0.22661696205370163,0.9140174188470793,0.8974827094097667,0.9564340993086626
natural,artificial,CNN_Jannis_OHE,17500,3,17500,4413,2690,0.7112953704832744,0.17936836971101086,0.10933625980571475,2690,1.3433636613651931,1.1590356600921272,-1.862281307057295,0.7576542901490033,0.8137128956166333
natural,natural,CNN_Jannis_OHE,17500,4,17500,4413,2452,0.7182433819002668,0.18112045967576443,0.10063615842396881,2452,0.0494516291342711,0.2223772226067029,0.9162203807971402,0.9020644487315188,0.9581365729842362
natural,artificial,CNN_Jannis_OHE,17500,4,17500,4413,2690,0.7112953704832744,0.17936836971101086,0.10933625980571475,2690,1.3696595712266046,1.170324558072078,-1.954392967475692,0.7392968187005908,0.7988823511674175
natural,natural,CNN_Jannis_OHE,17500,5,17500,4413,2452,0.7182433819002668,0.18112045967576443,0.10063615842396881,2452,0.04915591485525339,0.22171133226620013,0.9162724555524987,0.9076811584914113,0.9580381089511212
natural,artificial,CNN_Jannis_OHE,17500,5,17500,4413,2690,0.7112953704832744,0.17936836971101086,0.10933625980571475,2690,1.47026872723085,1.2125463814761273,-2.1944117474094433,0.7537044843624617,0.7977723865658962
natural,natural,CNN_Jannis_OHE,17500,6,17500,4413,2451,0.7182728615990807,0.18112789361352816,0.10059924478739124,2451,0.046894130392890976,0.21655052618936527,0.920885276527819,0.898475589045725,0.9597157585628839
natural,artificial,CNN_Jannis_OHE,17500,6,17500,4413,2690,0.7112953704832744,0.17936836971101086,0.10933625980571475,2690,1.390030288019547,1.1789954571666283,-2.008012692564703,0.7598260778554516,0.8208164230553401
natural,natural,CNN_Jannis_OHE,17500,7,17500,4413,2451,0.7182728615990807,0.18112789361352816,0.10059924478739124,2451,0.04977012698645686,0.22309219391645432,0.9163727630487333,0.9000224366483303,0.9575262235586726
natural,artificial,CNN_Jannis_OHE,17500,7,17500,4413,2690,0.7112953704832744,0.17936836971101086,0.10933625980571475,2690,1.4004123601520804,1.183390197758998,-2.0156715459118013,0.7630288666410255,0.8094831305840982
natural,natural,CNN_Jannis_OHE,17500,8,17500,4413,2451,0.7182728615990807,0.18112789361352816,0.10059924478739124,2451,0.059881718339175036,0.24470741373970473,0.8976122232821794,0.902913292796675,0.9478265861868209
natural,artificial,CNN_Jannis_OHE,17500,8,17500,4413,2690,0.7112953704832744,0.17936836971101086,0.10933625980571475,2690,1.247219426348601,1.1167897861050669,-1.65488136290648,0.764900536384765,0.8251581130867963
natural,natural,CNN_Jannis_OHE,17500,9,17500,4413,2451,0.7182728615990807,0.18112789361352816,0.10059924478739124,2451,0.04469415103582938,0.21140991234052717,0.9243015086438631,0.9070772046245107,0.9615904667780668
natural,artificial,CNN_Jannis_OHE,17500,9,17500,4413,2690,0.7112953704832744,0.17936836971101086,0.10933625980571475,2690,1.4596235558854034,1.208148813634067,-2.183598896222267,0.7439694218598698,0.7706353830967246
artificial,natural,aubin_1_10_1,500,0,500,4413,2452,0.06788866259334692,0.5991853360488798,0.3329260013577732,2452,1.9753970303567618,1.4054881822188197,-2.2919130542624835,0.41468642736891875,0.41733043913317136
artificial,artificial,aubin_1_10_1,500,0,500,4413,2691,0.06575486586007365,0.58035244608101,0.3538926880589164,2691,0.45672923511064256,0.6758174569442865,0.02423870419556129,0.5407208367318569,0.5418538728769209
artificial,natural,aubin_1_10_1,500,1,500,4413,2452,0.06788866259334692,0.5991853360488798,0.3329260013577732,2452,1.9648575066350693,1.4017337502661014,-2.3295164368105117,0.39247690590355483,0.40430171007506843
artificial,artificial,aubin_1_10_1,500,1,500,4413,2691,0.06575486586007365,0.58035244608101,0.3538926880589164,2691,0.4491599850053144,0.6701939905768437,0.023797856463200984,0.5253781579586223,0.5419364743447717
artificial,natural,aubin_1_10_1,500,2,500,4413,2452,0.06788866259334692,0.5991853360488798,0.3329260013577732,2452,2.056701328313904,1.4341204023072485,-2.4595493510095134,0.3977744420263854,0.41178472918788084
artificial,artificial,aubin_1_10_1,500,2,500,4413,2690,0.06576351440220965,0.5804287781139024,0.35380770748388796,2690,0.44883243218382624,0.6699495743590157,0.027325617230772425,0.520735474144065,0.5409474705459782
artificial,natural,aubin_1_10_1,500,3,500,4413,2452,0.06788866259334692,0.5991853360488798,0.3329260013577732,2452,1.9347739668804864,1.390961526024529,-2.2393351750626644,0.43104441660346143,0.4215007479354579
artificial,artificial,aubin_1_10_1,500,3,500,4413,2690,0.06576351440220965,0.5804287781139024,0.35380770748388796,2690,0.45812629738426264,0.676850276932988,0.023878362213734627,0.5247111595172077,0.5080892589805228
artificial,natural,aubin_1_10_1,500,4,500,4413,2452,0.06788866259334692,0.5991853360488798,0.3329260013577732,2452,2.1883907418225035,1.4793210408232904,-2.707512699311512,0.4215350973655212,0.42975652894592364
artificial,artificial,aubin_1_10_1,500,4,500,4413,2690,0.06576351440220965,0.5804287781139024,0.35380770748388796,2690,0.45589095223827747,0.6751969729184791,0.016630809930121337,0.5417537763300408,0.5541429724679937
artificial,natural,aubin_1_10_1,500,5,500,4413,2452,0.06788866259334692,0.5991853360488798,0.3329260013577732,2452,2.0215729468581105,1.4218202934471398,-2.4433564965750887,0.39628907487463655,0.389449386571264
artificial,artificial,aubin_1_10_1,500,5,500,4413,2690,0.06576351440220965,0.5804287781139024,0.35380770748388796,2690,0.4491500328885831,0.6701865657326944,0.024144284078653655,0.5168624044421709,0.530025381318454
artificial,natural,aubin_1_10_1,500,6,500,4413,2451,0.06789788158609451,0.5992667028788702,0.3328354155350353,2451,1.9901381786860306,1.4107225732531647,-2.3575466771432905,0.4141035949331018,0.41487788040972806
artificial,artificial,aubin_1_10_1,500,6,500,4413,2690,0.06576351440220965,0.5804287781139024,0.35380770748388796,2690,0.45205682638635825,0.6723517133066281,0.021753206926119817,0.516669474352399,0.5467311221623642
artificial,natural,aubin_1_10_1,500,7,500,4413,2451,0.06789788158609451,0.5992667028788702,0.3328354155350353,2451,2.005623918898652,1.4162005221361318,-2.3699891251333574,0.4194365416557309,0.4290358996425925
artificial,artificial,aubin_1_10_1,500,7,500,4413,2690,0.06576351440220965,0.5804287781139024,0.35380770748388796,2690,0.454157447518439,0.6739120473165908,0.022009708842789966,0.5237597135280031,0.5404770199611026
artificial,natural,aubin_1_10_1,500,8,500,4413,2451,0.06789788158609451,0.5992667028788702,0.3328354155350353,2451,1.9894671685689824,1.4104847282296191,-2.4016578998137343,0.43127917625812856,0.4417690692015385
artificial,artificial,aubin_1_10_1,500,8,500,4413,2690,0.06576351440220965,0.5804287781139024,0.35380770748388796,2690,0.46010083626398157,0.678307331719171,0.020610880932899756,0.5514611997324749,0.5582108250779989
artificial,natural,aubin_1_10_1,500,9,500,4413,2451,0.06789788158609451,0.5992667028788702,0.3328354155350353,2451,1.9590138398584998,1.3996477556365743,-2.317982080120504,0.4306388564725757,0.4355109237384649
artificial,artificial,aubin_1_10_1,500,9,500,4413,2690,0.06576351440220965,0.5804287781139024,0.35380770748388796,2690,0.4487850106529722,0.6699141815583338,0.02115072150283015,0.5322636440114035,0.5452932065381404
artificial,natural,aubin_1_10_1,1000,0,1000,4413,2452,0.12714558169103624,0.5610934520025429,0.31176096630642086,2452,1.811977050922405,1.3460969693608276,-2.0195807811244055,0.4538314434069251,0.44607040109798823
artificial,artificial,aubin_1_10_1,1000,0,1000,4413,2691,0.12339585389930899,0.5445459032576505,0.3320582428430405,2691,0.32367066332772093,0.5689206125003039,0.3085064813378312,0.5568031919314641,0.5639027986673499
artificial,natural,aubin_1_10_1,1000,1,1000,4413,2452,0.12714558169103624,0.5610934520025429,0.31176096630642086,2452,1.7537166254714263,1.324279662862579,-1.9717311867640968,0.4314592058841357,0.4313964514879395
artificial,artificial,aubin_1_10_1,1000,1,1000,4413,2691,0.12339585389930899,0.5445459032576505,0.3320582428430405,2691,0.3205667624240257,0.5661861552740632,0.3032817457653022,0.5388083952656456,0.5576774117733613
artificial,natural,aubin_1_10_1,1000,2,1000,4413,2452,0.12714558169103624,0.5610934520025429,0.31176096630642086,2452,1.729529393741893,1.3151157339724489,-1.9092178865741598,0.4309697368726853,0.42774511137612004
artificial,artificial,aubin_1_10_1,1000,2,1000,4413,2690,0.1234110823151919,0.5446131062569419,0.3319758114278662,2690,0.3199924219327887,0.5656787267811905,0.30653756463207427,0.543137781238672,0.5557750979123078
artificial,natural,aubin_1_10_1,1000,3,1000,4413,2452,0.12714558169103624,0.5610934520025429,0.31176096630642086,2452,1.8385153755092343,1.3559186463461717,-2.0781722453000575,0.46965110608278726,0.4689723271141457
artificial,artificial,aubin_1_10_1,1000,3,1000,4413,2690,0.1234110823151919,0.5446131062569419,0.3319758114278662,2690,0.33303230097352565,0.5770895086323486,0.290413938431177,0.5363154148361804,0.5438567534713588
artificial,natural,aubin_1_10_1,1000,4,1000,4413,2452,0.12714558169103624,0.5610934520025429,0.31176096630642086,2452,1.945766846576657,1.394907468822451,-2.29646582564796,0.4549704573449587,0.45719964516708084
artificial,artificial,aubin_1_10_1,1000,4,1000,4413,2690,0.1234110823151919,0.5446131062569419,0.3319758114278662,2690,0.32734787580027913,0.5721432301445847,0.293901723830289,0.5669944270324112,0.5606851887402311
artificial,natural,aubin_1_10_1,1000,5,1000,4413,2452,0.12714558169103624,0.5610934520025429,0.31176096630642086,2452,1.762724849172334,1.3276764851319518,-2.0024590853895696,0.46381179437360026,0.4553558194561612
artificial,artificial,aubin_1_10_1,1000,5,1000,4413,2690,0.1234110823151919,0.5446131062569419,0.3319758114278662,2690,0.3280966560288277,0.5727972206888121,0.28715357070933456,0.5434692655362454,0.5380090103518494
artificial,natural,aubin_1_10_1,1000,6,1000,4413,2451,0.1271617497456765,0.5611648016276704,0.3116734486266531,2451,1.7513215857322197,1.3233750737157701,-1.9546410564651548,0.43897555002151817,0.4347540364385298
artificial,artificial,aubin_1_10_1,1000,6,1000,4413,2690,0.1234110823151919,0.5446131062569419,0.3319758114278662,2690,0.3267497496561255,0.5716202845037303,0.29291656251727416,0.5310018890791564,0.5533507750202096
artificial,natural,aubin_1_10_1,1000,7,1000,4413,2451,0.1271617497456765,0.5611648016276704,0.3116734486266531,2451,1.8913113675956372,1.3752495655682415,-2.1779132074463803,0.4535758337555828,0.4543787701165931
artificial,artificial,aubin_1_10_1,1000,7,1000,4413,2690,0.1234110823151919,0.5446131062569419,0.3319758114278662,2690,0.3350824498812633,0.5788630666066572,0.2784278128396367,0.538008903306182,0.5488175291641618
artificial,natural,aubin_1_10_1,1000,8,1000,4413,2451,0.1271617497456765,0.5611648016276704,0.3116734486266531,2451,1.872955009306216,1.3685594650237949,-2.2024414898914597,0.4529809764282207,0.4559236664274705
artificial,artificial,aubin_1_10_1,1000,8,1000,4413,2690,0.1234110823151919,0.5446131062569419,0.3319758114278662,2690,0.32830674574664953,0.5729805806016898,0.3011530752443258,0.5691912898482177,0.573315394613233
artificial,natural,aubin_1_10_1,1000,9,1000,4413,2451,0.1271617497456765,0.5611648016276704,0.3116734486266531,2451,1.8812207712381666,1.3715760173020548,-2.1862239463145205,0.4451671540593135,0.44616189248127003
artificial,artificial,aubin_1_10_1,1000,9,1000,4413,2690,0.1234110823151919,0.5446131062569419,0.3319758114278662,2690,0.31898290897289977,0.5647857195192703,0.30426332678367607,0.545092261705432,0.5617663146849359
artificial,natural,aubin_1_10_1,2500,0,2500,4413,2452,0.2669514148424987,0.47122263747997867,0.2618259476775227,2452,1.6067279375668309,1.2675677250414792,-1.677542079411369,0.6176699200651645,0.5940615095970038
artificial,artificial,aubin_1_10_1,2500,0,2500,4413,2691,0.2603082049146189,0.4594960433152853,0.2801957517700958,2691,0.28702942347179833,0.5357512701541625,0.3867872239161667,0.6199282998513451,0.6221107027179117
artificial,natural,aubin_1_10_1,2500,1,2500,4413,2452,0.2669514148424987,0.47122263747997867,0.2618259476775227,2452,1.7657769518040394,1.3288254030549083,-1.9921678111107148,0.6107570838989063,0.574186428740677
artificial,artificial,aubin_1_10_1,2500,1,2500,4413,2691,0.2603082049146189,0.4594960433152853,0.2801957517700958,2691,0.2841845797762524,0.533089654538758,0.38235460593311843,0.6126530076929391,0.6194786605402094
artificial,natural,aubin_1_10_1,2500,2,2500,4413,2452,0.2669514148424987,0.47122263747997867,0.2618259476775227,2452,1.700230896289098,1.3039290227190659,-1.8599352822149426,0.5824294355277612,0.5702988234364739
artificial,artificial,aubin_1_10_1,2500,2,2500,4413,2690,0.2603353118817036,0.45954389253358324,0.2801207955847131,2690,0.2847545633420291,0.5336239905982761,0.38290228317103814,0.6088101957836203,0.6193801356852533
artificial,natural,aubin_1_10_1,2500,3,2500,4413,2452,0.2669514148424987,0.47122263747997867,0.2618259476775227,2452,1.6257361183900934,1.2750435750946292,-1.7219221903021276,0.5900373386009526,0.5736666661049858
artificial,artificial,aubin_1_10_1,2500,3,2500,4413,2690,0.2603353118817036,0.45954389253358324,0.2801207955847131,2690,0.28777084995156516,0.5364427741628786,0.3868517154206116,0.6001651155974345,0.6234586762513116
artificial,natural,aubin_1_10_1,2500,4,2500,4413,2452,0.2669514148424987,0.47122263747997867,0.2618259476775227,2452,1.77888841998481,1.3337497591320533,-2.013744886463609,0.6108018172327291,0.5853331187276041
artificial,artificial,aubin_1_10_1,2500,4,2500,4413,2690,0.2603353118817036,0.45954389253358324,0.2801207955847131,2690,0.27462198692625533,0.5240438788176571,0.407632900953242,0.632647627167858,0.6407112804221711
artificial,natural,aubin_1_10_1,2500,5,2500,4413,2452,0.2669514148424987,0.47122263747997867,0.2618259476775227,2452,1.8597794165276198,1.3637372974761743,-2.1677726722895647,0.6179156280642657,0.6054456261923368
artificial,artificial,aubin_1_10_1,2500,5,2500,4413,2690,0.2603353118817036,0.45954389253358324,0.2801207955847131,2690,0.28284602422131466,0.5318327032266018,0.3854683529980577,0.6074998057307975,0.6251105631905582
artificial,natural,aubin_1_10_1,2500,6,2500,4413,2451,0.26697992310978214,0.47127296027338744,0.2617471166168304,2451,1.6579042254427556,1.2875962975415687,-1.7970373528698222,0.5987133880294419,0.5785944497894566
artificial,artificial,aubin_1_10_1,2500,6,2500,4413,2690,0.2603353118817036,0.45954389253358324,0.2801207955847131,2690,0.28962138335443693,0.5381648291689424,0.37326200394559816,0.5847059510503113,0.6115979098875765
artificial,natural,aubin_1_10_1,2500,7,2500,4413,2451,0.26697992310978214,0.47127296027338744,0.2617471166168304,2451,1.5889605250597447,1.2605397752787275,-1.6698822442534484,0.6292805612446525,0.6010672245558152
artificial,artificial,aubin_1_10_1,2500,7,2500,4413,2690,0.2603353118817036,0.45954389253358324,0.2801207955847131,2690,0.2814595045052924,0.5305275718615314,0.39390036591017463,0.6111947978443804,0.6306244449168947
artificial,natural,aubin_1_10_1,2500,8,2500,4413,2451,0.26697992310978214,0.47127296027338744,0.2617471166168304,2451,1.7308235602793818,1.3156076771892835,-1.9594203563776702,0.5916522300318905,0.5825990800366236
artificial,artificial,aubin_1_10_1,2500,8,2500,4413,2690,0.2603353118817036,0.45954389253358324,0.2801207955847131,2690,0.27939344759510587,0.5285768133347375,0.405271886190849,0.6379863970259705,0.6391318181380868
artificial,natural,aubin_1_10_1,2500,9,2500,4413,2451,0.26697992310978214,0.47127296027338744,0.2617471166168304,2451,1.57007901006707,1.2530279366666452,-1.6592430914894214,0.5967187652869251,0.5709088312681546
artificial,artificial,aubin_1_10_1,2500,9,2500,4413,2690,0.2603353118817036,0.45954389253358324,0.2801207955847131,2690,0.28016684204410397,0.5293078896484578,0.3889254215627945,0.6146110012104605,0.6254280156621336
artificial,natural,aubin_1_10_1,5000,0,5000,4413,2452,0.42140750105351876,0.37193426042983563,0.2066582385166456,2452,1.6792072958878337,1.295842311351128,-1.798325771071767,0.7054999176308253,0.6629510826514456
artificial,artificial,aubin_1_10_1,5000,0,5000,4413,2691,0.41308658294778583,0.3645902181097158,0.22232319894249836,2691,0.2682788413221005,0.5179564087083975,0.42684617116320367,0.6665625312445177,0.6552306812852069
artificial,natural,aubin_1_10_1,5000,1,5000,4413,2452,0.42140750105351876,0.37193426042983563,0.2066582385166456,2452,1.910225979686157,1.3821092502715395,-2.2369414962205614,0.7072092135239769,0.6817186444765826
artificial,artificial,aubin_1_10_1,5000,1,5000,4413,2691,0.41308658294778583,0.3645902181097158,0.22232319894249836,2691,0.2647934019790088,0.514580802186604,0.42449929816599485,0.6637012476513744,0.662586126057098
artificial,natural,aubin_1_10_1,5000,2,5000,4413,2452,0.42140750105351876,0.37193426042983563,0.2066582385166456,2452,1.7573327607612768,1.32564428138218,-1.955985552352177,0.6988595848828648,0.6602284259995795
artificial,artificial,aubin_1_10_1,5000,2,5000,4413,2690,0.4131207138725936,0.3646203420639511,0.22225894406345534,2690,0.25891012424456794,0.5088321179373094,0.43891032101453364,0.6666431186378109,0.6673659487204279
artificial,natural,aubin_1_10_1,5000,3,5000,4413,2452,0.42140750105351876,0.37193426042983563,0.2066582385166456,2452,1.635907721213851,1.2790260830858184,-1.7389522058893698,0.6993818036545874,0.6668332694351824
artificial,artificial,aubin_1_10_1,5000,3,5000,4413,2690,0.4131207138725936,0.3646203420639511,0.22225894406345534,2690,0.2663874157500752,0.5161273251340944,0.4324130222773226,0.657534596433778,0.6605348268605858
artificial,natural,aubin_1_10_1,5000,4,5000,4413,2452,0.42140750105351876,0.37193426042983563,0.2066582385166456,2452,1.7349589320143566,1.3171783979455314,-1.9393207302048099,0.6988835171109848,0.6524203434266237
artificial,artificial,aubin_1_10_1,5000,4,5000,4413,2690,0.4131207138725936,0.3646203420639511,0.22225894406345534,2690,0.2630685877172986,0.5129021229409161,0.43255389744787676,0.6532224522666286,0.6586864570890895
artificial,natural,aubin_1_10_1,5000,5,5000,4413,2452,0.42140750105351876,0.37193426042983563,0.2066582385166456,2452,1.7402067420728498,1.3191689588801163,-1.9641038677398228,0.7014172185652053,0.6653834457089036
artificial,artificial,aubin_1_10_1,5000,5,5000,4413,2690,0.4131207138725936,0.3646203420639511,0.22225894406345534,2690,0.26142305106765346,0.5112954635703836,0.43201344767294947,0.6613480629068683,0.6602599518284052
artificial,natural,aubin_1_10_1,5000,6,5000,4413,2451,0.42144302090357383,0.37196561024949426,0.20659136884693188,2451,1.5743405784575846,1.2547272924654125,-1.6560577725221508,0.6841319517205964,0.6431082035201431
artificial,artificial,aubin_1_10_1,5000,6,5000,4413,2690,0.4131207138725936,0.3646203420639511,0.22225894406345534,2690,0.27150468090855806,0.5210611105317284,0.4124663805511354,0.6370047044649568,0.645381017626455
artificial,natural,aubin_1_10_1,5000,7,5000,4413,2451,0.42144302090357383,0.37196561024949426,0.20659136884693188,2451,1.6412798975674439,1.2811244660716787,-1.757792901243203,0.7000464038620514,0.6643660999974731
artificial,artificial,aubin_1_10_1,5000,7,5000,4413,2690,0.4131207138725936,0.3646203420639511,0.22225894406345534,2690,0.2604280731968257,0.5103215390289005,0.43918980405813124,0.6502464468874386,0.6641789694172245
artificial,natural,aubin_1_10_1,5000,8,5000,4413,2451,0.42144302090357383,0.37196561024949426,0.20659136884693188,2451,1.8476326785023502,1.3592765276066348,-2.1591445167211885,0.6951870011958522,0.6703826920946623
artificial,artificial,aubin_1_10_1,5000,8,5000,4413,2690,0.4131207138725936,0.3646203420639511,0.22225894406345534,2690,0.26319051270336086,0.5130209671186557,0.43976210415868366,0.6814376114115732,0.6742757863519149
artificial,natural,aubin_1_10_1,5000,9,5000,4413,2451,0.42144302090357383,0.37196561024949426,0.20659136884693188,2451,1.5603313718435052,1.2491322475396691,-1.64273351494063,0.6941380384803715,0.6551053054289011
artificial,artificial,aubin_1_10_1,5000,9,5000,4413,2690,0.4131207138725936,0.3646203420639511,0.22225894406345534,2690,0.2566866931720454,0.5066425694432372,0.44013819880992266,0.6619357804977819,0.6649638265831723
artificial,natural,aubin_1_10_1,10000,0,10000,4413,2452,0.5929439667951378,0.26166617254669433,0.1453898606581678,2452,2.1045028545576305,1.4506904751040557,-2.5070622832716007,0.825599342981921,0.8397966672150396
artificial,artificial,aubin_1_10_1,10000,0,10000,4413,2691,0.5846585594013096,0.2580098222637979,0.15733161833489243,2691,0.19115565595595804,0.43721351300704103,0.5916129815715692,0.7437219254750155,0.773739534509366
artificial,natural,aubin_1_10_1,10000,1,10000,4413,2452,0.5929439667951378,0.26166617254669433,0.1453898606581678,2452,1.979213429941845,1.406845204683815,-2.3538430266289043,0.8201122818344431,0.8318791827365708
artificial,artificial,aubin_1_10_1,10000,1,10000,4413,2691,0.5846585594013096,0.2580098222637979,0.15733161833489243,2691,0.18319769400009442,0.4280159973646948,0.6018390160651226,0.7432084024814781,0.7767944393498815
artificial,natural,aubin_1_10_1,10000,2,10000,4413,2452,0.5929439667951378,0.26166617254669433,0.1453898606581678,2452,2.2330686522921273,1.4943455598663005,-2.756214429603279,0.8264802054608205,0.834618861559048
artificial,artificial,aubin_1_10_1,10000,2,10000,4413,2690,0.5846927439630474,0.25802490791089283,0.15728234812605976,2690,0.18480889477483292,0.42989405063903,0.5994966834710582,0.7499780600828575,0.7802012471928126
artificial,natural,aubin_1_10_1,10000,3,10000,4413,2452,0.5929439667951378,0.26166617254669433,0.1453898606581678,2452,1.8395177503693438,1.3562882254039308,-2.079850492060937,0.8226883136230898,0.8409723137628949
artificial,artificial,aubin_1_10_1,10000,3,10000,4413,2690,0.5846927439630474,0.25802490791089283,0.15728234812605976,2690,0.19030781614109238,0.4362428407906454,0.5945144859925873,0.74042420984913,0.774012392251311
artificial,natural,aubin_1_10_1,10000,4,10000,4413,2452,0.5929439667951378,0.26166617254669433,0.1453898606581678,2452,2.4796840097964443,1.5747012446164017,-3.2010139144272047,0.8334021904961113,0.8365797961831118
artificial,artificial,aubin_1_10_1,10000,4,10000,4413,2690,0.5846927439630474,0.25802490791089283,0.15728234812605976,2690,0.18480290301932506,0.4298870817078888,0.6013751091737116,0.7494358334553979,0.7780368908227204
artificial,natural,aubin_1_10_1,10000,5,10000,4413,2452,0.5929439667951378,0.26166617254669433,0.1453898606581678,2452,2.0177460638514573,1.4204738870713032,-2.4368381453659116,0.8056431633303526,0.8104220547966219
artificial,artificial,aubin_1_10_1,10000,5,10000,4413,2690,0.5846927439630474,0.25802490791089283,0.15728234812605976,2690,0.20240702401631036,0.4498966814906622,0.5602359192569784,0.7315357547637404,0.7560328470185327
artificial,natural,aubin_1_10_1,10000,6,10000,4413,2451,0.5929791271347249,0.26168168880455406,0.14533918406072105,2451,1.8454831098594349,1.358485594277479,-2.113500233096204,0.8154161842351042,0.8190371550024189
artificial,artificial,aubin_1_10_1,10000,6,10000,4413,2690,0.5846927439630474,0.25802490791089283,0.15728234812605976,2690,0.18282886449299085,0.4275849207970165,0.6043600274741818,0.7486257696781562,0.778283434156208
artificial,natural,aubin_1_10_1,10000,7,10000,4413,2451,0.5929791271347249,0.26168168880455406,0.14533918406072105,2451,1.8867833254241517,1.3736023170569245,-2.170304875329744,0.8206240397148664,0.838365418922316
artificial,artificial,aubin_1_10_1,10000,7,10000,4413,2690,0.5846927439630474,0.25802490791089283,0.15728234812605976,2690,0.19317945566138078,0.4395218489010311,0.5840041088829782,0.734097724652324,0.769072326644279
artificial,natural,aubin_1_10_1,10000,8,10000,4413,2451,0.5929791271347249,0.26168168880455406,0.14533918406072105,2451,2.073342436390346,1.4399105654138198,-2.5450706546915947,0.8148884898282653,0.81526752065107
artificial,artificial,aubin_1_10_1,10000,8,10000,4413,2690,0.5846927439630474,0.25802490791089283,0.15728234812605976,2690,0.19028074501068434,0.43621181209440485,0.5949607639388798,0.754988020267902,0.7729891283013601
artificial,natural,aubin_1_10_1,10000,9,10000,4413,2451,0.5929791271347249,0.26168168880455406,0.14533918406072105,2451,1.8774244254899781,1.3701913827965706,-2.1797940748628,0.8347777019581178,0.8514408298651679
artificial,artificial,aubin_1_10_1,10000,9,10000,4413,2690,0.5846927439630474,0.25802490791089283,0.15728234812605976,2690,0.18365960936913886,0.42855525824465024,0.5994182696554751,0.7395873265782191,0.7752398817023808
artificial,natural,aubin_1_10_1,15000,0,15000,4413,2452,0.686027898467871,0.20182940772924765,0.11214269380288132,2452,1.7900248193610548,1.3379180914245292,-1.9829983440059542,0.8544816168237019,0.8817502122824046
artificial,artificial,aubin_1_10_1,15000,0,15000,4413,2691,0.6786102062975027,0.1996471226927253,0.12174267100977199,2691,0.15883540365361956,0.39854159588883514,0.6606623194349892,0.7637424753907671,0.8183394665236212
artificial,natural,aubin_1_10_1,15000,1,15000,4413,2452,0.686027898467871,0.20182940772924765,0.11214269380288132,2452,2.1900707492905083,1.479888762471865,-2.711147771742703,0.8417563733592736,0.8316869851339608
artificial,artificial,aubin_1_10_1,15000,1,15000,4413,2691,0.6786102062975027,0.1996471226927253,0.12174267100977199,2691,0.1429282333347387,0.3780585051744488,0.6893604675143784,0.7649137119302897,0.8303862695141189
artificial,natural,aubin_1_10_1,15000,2,15000,4413,2452,0.686027898467871,0.20182940772924765,0.11214269380288132,2452,1.9602417077218857,1.4000863215251713,-2.29729593422813,0.8451391607702443,0.8601175025236456
artificial,artificial,aubin_1_10_1,15000,2,15000,4413,2690,0.6786409084739629,0.19965615527303987,0.12170293625299733,2690,0.14167574218757423,0.376398382286075,0.6929714628348624,0.7621226121785658,0.8330021912311507
artificial,natural,aubin_1_10_1,15000,3,15000,4413,2452,0.686027898467871,0.20182940772924765,0.11214269380288132,2452,1.7569168668288575,1.325487407269061,-1.9415542610157317,0.8419137264590764,0.8666788512895787
artificial,artificial,aubin_1_10_1,15000,3,15000,4413,2690,0.6786409084739629,0.19965615527303987,0.12170293625299733,2690,0.14896695728108905,0.3859623780643511,0.6825987262737554,0.7587038259310642,0.8268112752025794
artificial,natural,aubin_1_10_1,15000,4,15000,4413,2452,0.686027898467871,0.20182940772924765,0.11214269380288132,2452,2.1981099562358084,1.4826024268952915,-2.723978730800318,0.8490960094659704,0.8410843827016763
artificial,artificial,aubin_1_10_1,15000,4,15000,4413,2690,0.6786409084739629,0.19965615527303987,0.12170293625299733,2690,0.1480399067945108,0.3847595441240032,0.6806738924565228,0.7698378788670963,0.8251561592606602
artificial,natural,aubin_1_10_1,15000,5,15000,4413,2452,0.686027898467871,0.20182940772924765,0.11214269380288132,2452,2.2456368352401546,1.4985449059805163,-2.825005769685558,0.8110744842042318,0.7987700248721276
artificial,artificial,aubin_1_10_1,15000,5,15000,4413,2690,0.6786409084739629,0.19965615527303987,0.12170293625299733,2690,0.15327569478194608,0.39150439944136783,0.6669821843208423,0.744544426445285,0.818074716708842
artificial,natural,aubin_1_10_1,15000,6,15000,4413,2451,0.686059275521405,0.20183863885839737,0.11210208562019759,2451,1.776816696992574,1.33297287931622,-1.9976536608221638,0.8394797973755528,0.8595132719638306
artificial,artificial,aubin_1_10_1,15000,6,15000,4413,2690,0.6786409084739629,0.19965615527303987,0.12170293625299733,2690,0.13794083304276258,0.3714038678349521,0.7014973125465137,0.7705218724256453,0.8379358669306942
artificial,natural,aubin_1_10_1,15000,7,15000,4413,2451,0.686059275521405,0.20183863885839737,0.11210208562019759,2451,2.033813066417519,1.4261181810837134,-2.417354495924072,0.8409181047482183,0.8508575127776259
artificial,artificial,aubin_1_10_1,15000,7,15000,4413,2690,0.6786409084739629,0.19965615527303987,0.12170293625299733,2690,0.15399005777265856,0.39241566963190777,0.6683952178714774,0.7530703483554124,0.8180041537979008
artificial,natural,aubin_1_10_1,15000,8,15000,4413,2451,0.686059275521405,0.20183863885839737,0.11210208562019759,2451,1.7624344321388108,1.32756711022035,-2.0134696886207206,0.8496721625907646,0.8656638569246908
artificial,artificial,aubin_1_10_1,15000,8,15000,4413,2690,0.6786409084739629,0.19965615527303987,0.12170293625299733,2690,0.14171174888060153,0.3764462098103812,0.6983466797743451,0.7752968679510699,0.8359155321366635
artificial,natural,aubin_1_10_1,15000,9,15000,4413,2451,0.686059275521405,0.20183863885839737,0.11210208562019759,2451,1.887677377605982,1.3739277192072303,-2.197159501638801,0.8509460983383456,0.8768775500479107
artificial,artificial,aubin_1_10_1,15000,9,15000,4413,2690,0.6786409084739629,0.19965615527303987,0.12170293625299733,2690,0.14729245500583948,0.38378699171003633,0.6787390178188697,0.7538924411024294,0.8261167210018382
artificial,natural,aubin_1_10_1,17500,0,17500,4413,2452,0.7182433819002668,0.18112045967576443,0.10063615842396881,2452,1.9093920385922483,1.381807525884936,-2.1819186122860024,0.8415183790087041,0.8519070686226572
artificial,artificial,aubin_1_10_1,17500,0,17500,4413,2691,0.7112664607380914,0.1793610794992684,0.10937245976264022,2691,0.14304563548219737,0.37821374311650463,0.694395751558436,0.7530861334828848,0.8340889279980307
artificial,natural,aubin_1_10_1,17500,1,17500,4413,2452,0.7182433819002668,0.18112045967576443,0.10063615842396881,2452,2.1365353662502673,1.4616892167113593,-2.620430283486424,0.8351680902319008,0.8179855525167992
artificial,artificial,aubin_1_10_1,17500,1,17500,4413,2691,0.7112664607380914,0.1793610794992684,0.10937245976264022,2691,0.13321952689434494,0.36499250251799,0.7104613232327919,0.7696727981869143,0.8432964099293434
artificial,natural,aubin_1_10_1,17500,2,17500,4413,2452,0.7182433819002668,0.18112045967576443,0.10063615842396881,2452,1.8940137810587245,1.376231732325165,-2.185894838914948,0.8465826555151497,0.8597208552606017
artificial,artificial,aubin_1_10_1,17500,2,17500,4413,2690,0.7112953704832744,0.17936836971101086,0.10933625980571475,2690,0.1317338824416354,0.3629516254842171,0.7145166801555188,0.760923429510947,0.8458395502694591
artificial,natural,aubin_1_10_1,17500,3,17500,4413,2452,0.7182433819002668,0.18112045967576443,0.10063615842396881,2452,1.655076401155315,1.2864977268364353,-1.7710457632024332,0.8460293572404056,0.8833373583807242
artificial,artificial,aubin_1_10_1,17500,3,17500,4413,2690,0.7112953704832744,0.17936836971101086,0.10933625980571475,2690,0.1372684327157584,0.37049754751652325,0.707524566644834,0.7638029851734547,0.8417040581783137
artificial,natural,aubin_1_10_1,17500,4,17500,4413,2452,0.7182433819002668,0.18112045967576443,0.10063615842396881,2452,1.9774393405943003,1.4062145428754107,-2.3501245126206016,0.8615829281842027,0.8656390416423669
artificial,artificial,aubin_1_10_1,17500,4,17500,4413,2690,0.7112953704832744,0.17936836971101086,0.10933625980571475,2690,0.13828096542267954,0.37186148687741183,0.7017241945641666,0.7695593765705889,0.8394298414177862
artificial,natural,aubin_1_10_1,17500,5,17500,4413,2452,0.7182433819002668,0.18112045967576443,0.10063615842396881,2452,2.190555247583101,1.4800524475784975,-2.7311849936431396,0.81944049785883,0.7946663520025108
artificial,artificial,aubin_1_10_1,17500,5,17500,4413,2690,0.7112953704832744,0.17936836971101086,0.10933625980571475,2690,0.1435304610709825,0.3788541422117257,0.6881553810779987,0.7504237693795717,0.8306182415981166
artificial,natural,aubin_1_10_1,17500,6,17500,4413,2451,0.7182728615990807,0.18112789361352816,0.10059924478739124,2451,1.8433141956208676,1.3576870757361093,-2.109841074715795,0.8397264310739463,0.8563353278818894
artificial,artificial,aubin_1_10_1,17500,6,17500,4413,2690,0.7112953704832744,0.17936836971101086,0.10933625980571475,2690,0.12850675356444372,0.35847838646764146,0.7219125733203482,0.7692981818987542,0.8499056067001396
artificial,natural,aubin_1_10_1,17500,7,17500,4413,2451,0.7182728615990807,0.18112789361352816,0.10059924478739124,2451,2.176350622241704,1.4752459531351727,-2.6568560338367075,0.8264699694583023,0.8089598394125868
artificial,artificial,aubin_1_10_1,17500,7,17500,4413,2690,0.7112953704832744,0.17936836971101086,0.10933625980571475,2690,0.14236253037814361,0.37730959486626314,0.693434131059262,0.7548702041717094,0.8348329977939977
artificial,natural,aubin_1_10_1,17500,8,17500,4413,2451,0.7182728615990807,0.18112789361352816,0.10059924478739124,2451,1.8184123741092841,1.3484852146424462,-2.1091826571620125,0.8509095232455167,0.8576508852274157
artificial,artificial,aubin_1_10_1,17500,8,17500,4413,2690,0.7112953704832744,0.17936836971101086,0.10933625980571475,2690,0.1337862059602644,0.3657679673785888,0.7152173087475642,0.7739993405777681,0.8461989681689774
artificial,natural,aubin_1_10_1,17500,9,17500,4413,2451,0.7182728615990807,0.18112789361352816,0.10059924478739124,2451,2.0214369363627687,1.4217724629358837,-2.4237080894894616,0.8416518096568002,0.8443224347849907
artificial,artificial,aubin_1_10_1,17500,9,17500,4413,2690,0.7112953704832744,0.17936836971101086,0.10933625980571475,2690,0.13881387847067822,0.37257734562192346,0.6972317221809214,0.7507460610664125,0.838968324853554
artificial,natural,mlp_small,500,0,500,4413,2452,0.06788866259334692,0.5991853360488798,0.3329260013577732,2452,2.1668089796582897,1.4720084849138233,-2.6108927251662757,0.3397327735260314,0.3507642606611828
artificial,artificial,mlp_small,500,0,500,4413,2691,0.06575486586007365,0.58035244608101,0.3538926880589164,2691,0.3282015217988111,0.5728887516776805,0.2988267061165527,0.5200057821133833,0.5490196713967499
artificial,natural,mlp_small,500,1,500,4413,2452,0.06788866259334692,0.5991853360488798,0.3329260013577732,2452,2.0378884309687266,1.4275462973118338,-2.453269768613589,0.34076810385416134,0.34995653157856876
artificial,artificial,mlp_small,500,1,500,4413,2691,0.06575486586007365,0.58035244608101,0.3538926880589164,2691,0.31933776547988335,0.5650997836487671,0.30595284179193905,0.5240158671326002,0.5536026833703123
artificial,natural,mlp_small,500,2,500,4413,2452,0.06788866259334692,0.5991853360488798,0.3329260013577732,2452,2.0794630317385026,1.4420343379193516,-2.497836502977756,0.34531703785553,0.36760833329753745
artificial,artificial,mlp_small,500,2,500,4413,2690,0.06576351440220965,0.5804287781139024,0.35380770748388796,2690,0.3219208322262981,0.5673806766416161,0.3023584653570094,0.5303257437856184,0.556072899176675
artificial,natural,mlp_small,500,3,500,4413,2452,0.06788866259334692,0.5991853360488798,0.3329260013577732,2452,2.1014574372448784,1.4496404510239354,-2.518408409402003,0.3594957552925257,0.36813442067748803
artificial,artificial,mlp_small,500,3,500,4413,2690,0.06576351440220965,0.5804287781139024,0.35380770748388796,2690,0.33067586084621764,0.5750442251220489,0.29543476393180057,0.5263010017563875,0.5453502258082699
artificial,natural,mlp_small,500,4,500,4413,2452,0.06788866259334692,0.5991853360488798,0.3329260013577732,2452,2.004655363824453,1.4158585253564189,-2.396233166720698,0.4037773042907035,0.4200352812607688
artificial,artificial,mlp_small,500,4,500,4413,2690,0.06576351440220965,0.5804287781139024,0.35380770748388796,2690,0.31091093192365027,0.5575938772293417,0.32935665906825895,0.5512576848104016,0.57601182474291
artificial,natural,mlp_small,500,5,500,4413,2452,0.06788866259334692,0.5991853360488798,0.3329260013577732,2452,2.0405562674208166,1.4284804049831474,-2.47569089256498,0.34787760334815654,0.35303075021664393
artificial,artificial,mlp_small,500,5,500,4413,2690,0.06576351440220965,0.5804287781139024,0.35380770748388796,2690,0.32640981294450316,0.5713228622631018,0.2908185275058731,0.5203449975853638,0.5406828110406592
artificial,natural,mlp_small,500,6,500,4413,2451,0.06789788158609451,0.5992667028788702,0.3328354155350353,2451,2.166226060573739,1.4718104703302457,-2.6546231761769525,0.37028252709323606,0.37935668055617333
artificial,artificial,mlp_small,500,6,500,4413,2690,0.06576351440220965,0.5804287781139024,0.35380770748388796,2690,0.32011468645839536,0.5657867853338352,0.30727477793657776,0.5210385230330966,0.5548571185702793
artificial,natural,mlp_small,500,7,500,4413,2451,0.06789788158609451,0.5992667028788702,0.3328354155350353,2451,2.097916715965032,1.4484186949791251,-2.525065916704846,0.36861320131447906,0.38287227891355524
artificial,artificial,mlp_small,500,7,500,4413,2690,0.06576351440220965,0.5804287781139024,0.35380770748388796,2690,0.32155968189941886,0.5670623262917568,0.3075479690059154,0.5230698550224994,0.5546617512370721
artificial,natural,mlp_small,500,8,500,4413,2451,0.06789788158609451,0.5992667028788702,0.3328354155350353,2451,2.2746491669187385,1.5081940083817926,-2.889271675450403,0.36040198250852157,0.37365328587834945
artificial,artificial,mlp_small,500,8,500,4413,2690,0.06576351440220965,0.5804287781139024,0.35380770748388796,2690,0.32350452851871453,0.5687745849795985,0.3113752677068007,0.543900155607186,0.567202703670717
artificial,natural,mlp_small,500,9,500,4413,2451,0.06789788158609451,0.5992667028788702,0.3328354155350353,2451,2.0363235965332627,1.4269981067027604,-2.448921628400504,0.36350587347215385,0.3766911463024001
artificial,artificial,mlp_small,500,9,500,4413,2690,0.06576351440220965,0.5804287781139024,0.35380770748388796,2690,0.3141021315609596,0.5604481524288929,0.3149088370720693,0.5407520373608945,0.5657016412533513
artificial,natural,mlp_small,1000,0,1000,4413,2452,0.12714558169103624,0.5610934520025429,0.31176096630642086,2452,1.9529643095258888,1.3974849943830843,-2.2545299027182897,0.44572855845234133,0.45219294154958656
artificial,artificial,mlp_small,1000,0,1000,4413,2691,0.12339585389930899,0.5445459032576505,0.3320582428430405,2691,0.31140407474759735,0.5580359081166707,0.3347129543374012,0.5599772721153738,0.5804942179027388
artificial,natural,mlp_small,1000,1,1000,4413,2452,0.12714558169103624,0.5610934520025429,0.31176096630642086,2452,1.9287726929474136,1.3888026112257328,-2.268369519089211,0.4395243525708036,0.44223773507974395
artificial,artificial,mlp_small,1000,1,1000,4413,2691,0.12339585389930899,0.5445459032576505,0.3320582428430405,2691,0.31422213905392393,0.5605552060715554,0.31707111957551315,0.5569014887746881,0.5785946379821189
artificial,natural,mlp_small,1000,2,1000,4413,2452,0.12714558169103624,0.5610934520025429,0.31176096630642086,2452,2.0667640982289437,1.437624463560962,-2.476475799516975,0.4334845003391877,0.44325472417435463
artificial,artificial,mlp_small,1000,2,1000,4413,2690,0.1234110823151919,0.5446131062569419,0.3319758114278662,2690,0.3064304982980968,0.5535616481459827,0.3359278999880866,0.5579747920000216,0.5796084376359537
artificial,natural,mlp_small,1000,3,1000,4413,2452,0.12714558169103624,0.5610934520025429,0.31176096630642086,2452,2.052977270151101,1.432821436938707,-2.437239490836804,0.45112492913731733,0.4499810671333815
artificial,artificial,mlp_small,1000,3,1000,4413,2690,0.1234110823151919,0.5446131062569419,0.3319758114278662,2690,0.31561394323293857,0.5617952858763934,0.3275269266668813,0.5533448477656847,0.5750013128026777
artificial,natural,mlp_small,1000,4,1000,4413,2452,0.12714558169103624,0.5610934520025429,0.31176096630642086,2452,2.1463455295739915,1.465041135795849,-2.636280832269896,0.4766557835994289,0.4847396299769282
artificial,artificial,mlp_small,1000,4,1000,4413,2690,0.1234110823151919,0.5446131062569419,0.3319758114278662,2690,0.301272455235313,0.5488829157801443,0.350147115575419,0.5684566556957653,0.5966197031912706
artificial,natural,mlp_small,1000,5,1000,4413,2452,0.12714558169103624,0.5610934520025429,0.31176096630642086,2452,2.1584252074189125,1.4691579926675389,-2.676457716694502,0.48214350526169686,0.48378969889892764
artificial,artificial,mlp_small,1000,5,1000,4413,2690,0.1234110823151919,0.5446131062569419,0.3319758114278662,2690,0.3068863106575143,0.553973203916502,0.33323669494768127,0.5588383218882949,0.5793714328843704
artificial,natural,mlp_small,1000,6,1000,4413,2451,0.1271617497456765,0.5611648016276704,0.3116734486266531,2451,2.0658107140441073,1.4372928421320783,-2.485213224302477,0.44388382810236887,0.4408379866559363
artificial,artificial,mlp_small,1000,6,1000,4413,2690,0.1234110823151919,0.5446131062569419,0.3319758114278662,2690,0.3108975721121316,0.5575818972241939,0.32722052817046887,0.5370861695767666,0.5735037261180665
artificial,natural,mlp_small,1000,7,1000,4413,2451,0.1271617497456765,0.5611648016276704,0.3116734486266531,2451,1.9451570203106345,1.3946888614707706,-2.2683884268408985,0.46057298364634286,0.4661551161634524
artificial,artificial,mlp_small,1000,7,1000,4413,2690,0.1234110823151919,0.5446131062569419,0.3319758114278662,2690,0.308781124899346,0.5556807760750285,0.3350655287186466,0.5527133021402258,0.5823629489086146
artificial,natural,mlp_small,1000,8,1000,4413,2451,0.1271617497456765,0.5611648016276704,0.3116734486266531,2451,1.9920201591112379,1.4113894427518006,-2.406023088937443,0.4505342072385814,0.4601071423841392
artificial,artificial,mlp_small,1000,8,1000,4413,2690,0.1234110823151919,0.5446131062569419,0.3319758114278662,2690,0.30176330447495014,0.5493298685443475,0.35765451039751817,0.577255672105789,0.6022209093273464
artificial,natural,mlp_small,1000,9,1000,4413,2451,0.1271617497456765,0.5611648016276704,0.3116734486266531,2451,2.1226463989860833,1.4569304715689364,-2.5951265738770144,0.457927059500799,0.4634219346475196
artificial,artificial,mlp_small,1000,9,1000,4413,2690,0.1234110823151919,0.5446131062569419,0.3319758114278662,2690,0.29717045682830606,0.5451334302978548,0.3518386747502319,0.5769849728165154,0.5967842458284012
artificial,natural,mlp_small,2500,0,2500,4413,2452,0.2669514148424987,0.47122263747997867,0.2618259476775227,2452,1.872640276708708,1.3684444733743155,-2.1206734029167635,0.6293758843586139,0.6210407885072919
artificial,artificial,mlp_small,2500,0,2500,4413,2691,0.2603082049146189,0.4594960433152853,0.2801957517700958,2691,0.27800654545891657,0.5272632601072414,0.40606379844856355,0.6304033757851781,0.641586870391045
artificial,natural,mlp_small,2500,1,2500,4413,2452,0.2669514148424987,0.47122263747997867,0.2618259476775227,2452,2.223794065761887,1.491239104155295,-2.7682930538387605,0.6420444050260206,0.6264713425481989
artificial,artificial,mlp_small,2500,1,2500,4413,2691,0.2603082049146189,0.4594960433152853,0.2801957517700958,2691,0.2835411978271822,0.5324858663168274,0.38375292915594017,0.6359078262049727,0.6401745936034131
artificial,natural,mlp_small,2500,2,2500,4413,2452,0.2669514148424987,0.47122263747997867,0.2618259476775227,2452,2.4052158398894687,1.550875829939157,-3.0457808741481136,0.605489341023931,0.6074242868515963
artificial,artificial,mlp_small,2500,2,2500,4413,2690,0.2603353118817036,0.45954389253358324,0.2801207955847131,2690,0.28275122084789284,0.5317435668138288,0.3872437696239628,0.6292841117459389,0.6380518817945717
artificial,natural,mlp_small,2500,3,2500,4413,2452,0.2669514148424987,0.47122263747997867,0.2618259476775227,2452,1.8187628210924627,1.3486151493633989,-2.0451011241174863,0.6217618062365687,0.6206271811210309
artificial,artificial,mlp_small,2500,3,2500,4413,2690,0.2603353118817036,0.45954389253358324,0.2801207955847131,2690,0.2749673592441292,0.5243733014219252,0.41413188770079157,0.6337006433828904,0.6452113712331822
artificial,natural,mlp_small,2500,4,2500,4413,2452,0.2669514148424987,0.47122263747997867,0.2618259476775227,2452,2.258510343106835,1.502834103654437,-2.826307440700254,0.6222400650041223,0.6102323380911525
artificial,artificial,mlp_small,2500,4,2500,4413,2690,0.2603353118817036,0.45954389253358324,0.2801207955847131,2690,0.26703286352699207,0.5167522264364152,0.4240028466471264,0.640272382436667,0.6598344558501167
artificial,natural,mlp_small,2500,5,2500,4413,2452,0.2669514148424987,0.47122263747997867,0.2618259476775227,2452,2.184368900374749,1.4779610618601389,-2.720647753874941,0.6517337160306119,0.6486754827984424
artificial,artificial,mlp_small,2500,5,2500,4413,2690,0.2603353118817036,0.45954389253358324,0.2801207955847131,2690,0.2718820065176124,0.5214230590582012,0.4092895676527938,0.6336763398990586,0.6440290873741943
artificial,natural,mlp_small,2500,6,2500,4413,2451,0.26697992310978214,0.47127296027338744,0.2617471166168304,2451,2.2192144471724595,1.4897028049824097,-2.7440194720005837,0.6287077838528535,0.6153713335571894
artificial,artificial,mlp_small,2500,6,2500,4413,2690,0.2603353118817036,0.45954389253358324,0.2801207955847131,2690,0.2777319511440431,0.527002799939472,0.3989906253321196,0.612394783117953,0.6367967753064228
artificial,natural,mlp_small,2500,7,2500,4413,2451,0.26697992310978214,0.47127296027338744,0.2617471166168304,2451,2.0586099804593756,1.4347856914742967,-2.4590199995464124,0.6465030817350059,0.6402872093902449
artificial,artificial,mlp_small,2500,7,2500,4413,2690,0.2603353118817036,0.45954389253358324,0.2801207955847131,2690,0.26946562050935285,0.5191007806865183,0.41972819756941093,0.6290579710644428,0.6528893883490262
artificial,natural,mlp_small,2500,8,2500,4413,2451,0.26697992310978214,0.47127296027338744,0.2617471166168304,2451,1.8001811318590344,1.3417082886600329,-2.0780102657781483,0.611210856621755,0.6099931972704785
artificial,artificial,mlp_small,2500,8,2500,4413,2690,0.2603353118817036,0.45954389253358324,0.2801207955847131,2690,0.27323353975102654,0.5227174569028918,0.4183841134276758,0.650411436231253,0.6506360954033072
artificial,natural,mlp_small,2500,9,2500,4413,2451,0.26697992310978214,0.47127296027338744,0.2617471166168304,2451,1.7378290690946059,1.3182674497591929,-1.9433613955401596,0.6275684211433439,0.6185520911066871
artificial,artificial,mlp_small,2500,9,2500,4413,2690,0.2603353118817036,0.45954389253358324,0.2801207955847131,2690,0.28203800133224577,0.5310725010130404,0.38484421814540337,0.637656045585721,0.6495378504402681
artificial,natural,mlp_small,5000,0,5000,4413,2452,0.42140750105351876,0.37193426042983563,0.2066582385166456,2452,2.6472152222621075,1.6270264970989585,-3.41146879016678,0.7491419524046397,0.7065321958804907
artificial,artificial,mlp_small,5000,0,5000,4413,2691,0.41308658294778583,0.3645902181097158,0.22232319894249836,2691,0.22268178025408095,0.47189170394708246,0.5242602273968202,0.7144857742835224,0.7351869078884294
artificial,natural,mlp_small,5000,1,5000,4413,2452,0.42140750105351876,0.37193426042983563,0.2066582385166456,2452,3.2392724701312128,1.7997978970237778,-4.489055005866533,0.7418830701503657,0.7192810399491092
artificial,artificial,mlp_small,5000,1,5000,4413,2691,0.41308658294778583,0.3645902181097158,0.22232319894249836,2691,0.1988943548995111,0.44597573353211845,0.567723969026372,0.7295866148050194,0.7665053831871433
artificial,natural,mlp_small,5000,2,5000,4413,2452,0.42140750105351876,0.37193426042983563,0.2066582385166456,2452,2.633351386128208,1.6227604216667992,-3.4295245758062736,0.7574688752087891,0.7328654868875458
artificial,artificial,mlp_small,5000,2,5000,4413,2690,0.4131207138725936,0.3646203420639511,0.22225894406345534,2690,0.205630731188182,0.4534652480490451,0.5543732355443245,0.7243822139820784,0.7525349935344249
artificial,natural,mlp_small,5000,3,5000,4413,2452,0.42140750105351876,0.37193426042983563,0.2066582385166456,2452,2.1056110392032514,1.4510723755909805,-2.525362663055034,0.7497872480825652,0.7347027362125429
artificial,artificial,mlp_small,5000,3,5000,4413,2690,0.4131207138725936,0.3646203420639511,0.22225894406345534,2690,0.23211660211613813,0.48178480893043746,0.505433241643965,0.6955638368109686,0.7153644348688344
artificial,natural,mlp_small,5000,4,5000,4413,2452,0.42140750105351876,0.37193426042983563,0.2066582385166456,2452,3.1655069814575953,1.7791871687536405,-4.3629167356737,0.7415660599579049,0.6872498380016834
artificial,artificial,mlp_small,5000,4,5000,4413,2690,0.4131207138725936,0.3646203420639511,0.22225894406345534,2690,0.2071820132451754,0.45517250932495407,0.5531027594171918,0.7304902607672048,0.7561771501195574
artificial,natural,mlp_small,5000,5,5000,4413,2452,0.42140750105351876,0.37193426042983563,0.2066582385166456,2452,3.2086437335903333,1.7912687496828423,-4.465300800757447,0.7584691142568781,0.7300232356055081
artificial,artificial,mlp_small,5000,5,5000,4413,2690,0.4131207138725936,0.3646203420639511,0.22225894406345534,2690,0.21280652144707066,0.4613095722473908,0.5376412220123847,0.718402586526555,0.7504563225204604
artificial,natural,mlp_small,5000,6,5000,4413,2451,0.42144302090357383,0.37196561024949426,0.20659136884693188,2451,2.5043643940626863,1.5825183708452444,-3.2250937345429875,0.7340945990420976,0.6979234939255079
artificial,artificial,mlp_small,5000,6,5000,4413,2690,0.4131207138725936,0.3646203420639511,0.22225894406345534,2690,0.2103207760160245,0.45860743126995285,0.5448677850986775,0.7125252367178785,0.7446556784761231
artificial,natural,mlp_small,5000,7,5000,4413,2451,0.42144302090357383,0.37196561024949426,0.20659136884693188,2451,2.323758594990802,1.5243879411064634,-2.9045411857944092,0.783122324144024,0.7735807315305058
artificial,artificial,mlp_small,5000,7,5000,4413,2690,0.4131207138725936,0.3646203420639511,0.22225894406345534,2690,0.19995682741168816,0.447165324473721,0.5694096024896977,0.7288404002129636,0.7593559906277034
artificial,natural,mlp_small,5000,8,5000,4413,2451,0.42144302090357383,0.37196561024949426,0.20659136884693188,2451,2.7573765450462524,1.6605350177115363,-3.7146551877829888,0.7518759867166754,0.713680758755006
artificial,artificial,mlp_small,5000,8,5000,4413,2690,0.4131207138725936,0.3646203420639511,0.22225894406345534,2690,0.20534175920505623,0.45314650964677666,0.5629012842303494,0.7461367616042018,0.7656814858691953
artificial,natural,mlp_small,5000,9,5000,4413,2451,0.42144302090357383,0.37196561024949426,0.20659136884693188,2451,2.218045895489795,1.489310543671062,-2.7567047176407655,0.7929842657148346,0.7763991141528128
artificial,artificial,mlp_small,5000,9,5000,4413,2690,0.4131207138725936,0.3646203420639511,0.22225894406345534,2690,0.20227647265174573,0.4497515677034886,0.5588128511154353,0.7283698598979728,0.7573205628648827
artificial,natural,mlp_small,10000,0,10000,4413,2452,0.5929439667951378,0.26166617254669433,0.1453898606581678,2452,3.074369716448278,1.7533880678413087,-4.123303137383747,0.7481872114947137,0.6949202659501134
artificial,artificial,mlp_small,10000,0,10000,4413,2691,0.5846585594013096,0.2580098222637979,0.15733161833489243,2691,0.14674369570191764,0.3830713976557342,0.6864951755616249,0.7759913505631242,0.8311231832786117
artificial,natural,mlp_small,10000,1,10000,4413,2452,0.5929439667951378,0.26166617254669433,0.1453898606581678,2452,2.663019680082888,1.6318761227749146,-3.5125754750380604,0.8079042960498523,0.7970651298827724
artificial,artificial,mlp_small,10000,1,10000,4413,2691,0.5846585594013096,0.2580098222637979,0.15733161833489243,2691,0.1407574171156547,0.37517651461099577,0.6940785090074761,0.7751673180281309,0.8397501710697568
artificial,natural,mlp_small,10000,2,10000,4413,2452,0.5929439667951378,0.26166617254669433,0.1453898606581678,2452,2.913681913321972,1.70695105768208,-3.9010647455286325,0.8147540177372194,0.7788698763238913
artificial,artificial,mlp_small,10000,2,10000,4413,2690,0.5846927439630474,0.25802490791089283,0.15728234812605976,2690,0.1299194230242268,0.36044337006557187,0.7184488340448902,0.7992412127076842,0.8548428432691623
artificial,natural,mlp_small,10000,3,10000,4413,2452,0.5929439667951378,0.26166617254669433,0.1453898606581678,2452,3.099105687770101,1.760427700239377,-4.188741546805495,0.77906141193034,0.7105015759774486
artificial,artificial,mlp_small,10000,3,10000,4413,2690,0.5846927439630474,0.25802490791089283,0.15728234812605976,2690,0.1376630076599311,0.3710296587335453,0.7066838527566892,0.7884601774628377,0.843947505459016
artificial,natural,mlp_small,10000,4,10000,4413,2452,0.5929439667951378,0.26166617254669433,0.1453898606581678,2452,3.258976711589285,1.8052636127694162,-4.521270636940829,0.8216557530731639,0.7945531375039628
artificial,artificial,mlp_small,10000,4,10000,4413,2690,0.5846927439630474,0.25802490791089283,0.15728234812605976,2690,0.14210160680660336,0.3769636677540733,0.6934829671285037,0.7805064109468242,0.8404944111869883
artificial,natural,mlp_small,10000,5,10000,4413,2452,0.5929439667951378,0.26166617254669433,0.1453898606581678,2452,3.2137854835172015,1.7927034008773457,-4.4740587721390686,0.754912107729181,0.6944298156341638
artificial,artificial,mlp_small,10000,5,10000,4413,2690,0.5846927439630474,0.25802490791089283,0.15728234812605976,2690,0.14834335226923823,0.38515367357619507,0.6776985469646403,0.7714310032058582,0.8259013933776909
artificial,natural,mlp_small,10000,6,10000,4413,2451,0.5929791271347249,0.26168168880455406,0.14533918406072105,2451,2.4467024560234014,1.5641938677873026,-3.127812726352256,0.8315859603115952,0.804192371528007
artificial,artificial,mlp_small,10000,6,10000,4413,2690,0.5846927439630474,0.25802490791089283,0.15728234812605976,2690,0.13709265582491556,0.3702602541792942,0.7033327602046098,0.7804880495048092,0.8395862816789016
artificial,natural,mlp_small,10000,7,10000,4413,2451,0.5929791271347249,0.26168168880455406,0.14533918406072105,2451,2.5599431431959294,1.5999822321500727,-3.301394928650092,0.8328834743658273,0.8072548757842708
artificial,artificial,mlp_small,10000,7,10000,4413,2690,0.5846927439630474,0.25802490791089283,0.15728234812605976,2690,0.1464177692557007,0.3826457490364955,0.6847015114088641,0.7753339986113305,0.8281884256863272
artificial,natural,mlp_small,10000,8,10000,4413,2451,0.5929791271347249,0.26168168880455406,0.14533918406072105,2451,2.9216859885605433,1.7092940029616155,-3.995597002443051,0.804357554734697,0.763680413818506
artificial,artificial,mlp_small,10000,8,10000,4413,2690,0.5846927439630474,0.25802490791089283,0.15728234812605976,2690,0.14511097133056258,0.3809343399203629,0.6911109583446401,0.79737070917989,0.8352885789910658
artificial,natural,mlp_small,10000,9,10000,4413,2451,0.5929791271347249,0.26168168880455406,0.14533918406072105,2451,2.8332118075193753,1.6832147241274285,-3.798611329470809,0.8309605107804275,0.8079882830753244
artificial,artificial,mlp_small,10000,9,10000,4413,2690,0.5846927439630474,0.25802490791089283,0.15728234812605976,2690,0.14045907583068265,0.3747787024774522,0.6936433664858801,0.7830059258541621,0.8336536186318532
artificial,natural,mlp_small,15000,0,15000,4413,2452,0.686027898467871,0.20182940772924765,0.11214269380288132,2452,3.010103322378485,1.7349649340486641,-4.016205992689489,0.7774723782659614,0.7177297036213701
artificial,artificial,mlp_small,15000,0,15000,4413,2691,0.6786102062975027,0.1996471226927253,0.12174267100977199,2691,0.12775081817321235,0.3574224645614939,0.7270717652865522,0.794560557775584,0.8532441968928233
artificial,natural,mlp_small,15000,1,15000,4413,2452,0.686027898467871,0.20182940772924765,0.11214269380288132,2452,3.0501012709146718,1.7464539131951555,-4.168498113045699,0.7703821312763349,0.7216968537779058
artificial,artificial,mlp_small,15000,1,15000,4413,2691,0.6786102062975027,0.1996471226927253,0.12174267100977199,2691,0.11286072053704538,0.33594749669709606,0.7547090547078281,0.8016311578104336,0.8691926776677343
artificial,natural,mlp_small,15000,2,15000,4413,2452,0.686027898467871,0.20182940772924765,0.11214269380288132,2452,2.7548488608489166,1.6597737378476973,-3.6338938267192917,0.8373637465305862,0.8078855307792698
artificial,artificial,mlp_small,15000,2,15000,4413,2690,0.6786409084739629,0.19965615527303987,0.12170293625299733,2690,0.1096705563132708,0.33116545156956034,0.7623305870501831,0.8179548801214143,0.8749042448409702
artificial,natural,mlp_small,15000,3,15000,4413,2452,0.686027898467871,0.20182940772924765,0.11214269380288132,2452,2.6176759133163783,1.6179233335718903,-3.3826978283111364,0.8296232613218909,0.7917800493411558
artificial,artificial,mlp_small,15000,3,15000,4413,2690,0.6786409084739629,0.19965615527303987,0.12170293625299733,2690,0.11239481425594287,0.33525335830673325,0.760522347665688,0.8081435664012715,0.8737365838320548
artificial,natural,mlp_small,15000,4,15000,4413,2452,0.686027898467871,0.20182940772924765,0.11214269380288132,2452,2.9539179757486718,1.7186965921152784,-4.004448336631205,0.8287589384637034,0.8082279059746077
artificial,artificial,mlp_small,15000,4,15000,4413,2690,0.6786409084739629,0.19965615527303987,0.12170293625299733,2690,0.11859282018719419,0.3443730828435843,0.7441920596076435,0.8047442385141953,0.8647613522898187
artificial,natural,mlp_small,15000,5,15000,4413,2452,0.686027898467871,0.20182940772924765,0.11214269380288132,2452,2.584070442597095,1.6075044144875916,-3.401461624203706,0.820408447410629,0.8075903346135587
artificial,artificial,mlp_small,15000,5,15000,4413,2690,0.6786409084739629,0.19965615527303987,0.12170293625299733,2690,0.12354469494215319,0.35148925295398886,0.7315778962417085,0.7926023895829459,0.8566248484465289
artificial,natural,mlp_small,15000,6,15000,4413,2451,0.686059275521405,0.20183863885839737,0.11210208562019759,2451,2.606890734293256,1.614586861798787,-3.3980651275083202,0.8350026972438492,0.8024641163356493
artificial,artificial,mlp_small,15000,6,15000,4413,2690,0.6786409084739629,0.19965615527303987,0.12170293625299733,2690,0.11262923473641485,0.33560279309984126,0.7562713772779165,0.8042139807720341,0.869644248463294
artificial,natural,mlp_small,15000,7,15000,4413,2451,0.686059275521405,0.20183863885839737,0.11210208562019759,2451,2.840498105814756,1.685377733867027,-3.772802934966065,0.8026143246104942,0.757845538791722
artificial,artificial,mlp_small,15000,7,15000,4413,2690,0.6786409084739629,0.19965615527303987,0.12170293625299733,2690,0.12428643077230116,0.3525428070068955,0.7323595081792461,0.794341118695931,0.8570126359391195
artificial,natural,mlp_small,15000,8,15000,4413,2451,0.686059275521405,0.20183863885839737,0.11210208562019759,2451,2.650158357119868,1.6279306978860826,-3.5313299227443897,0.852168496823302,0.8249896407060655
artificial,artificial,mlp_small,15000,8,15000,4413,2690,0.6786409084739629,0.19965615527303987,0.12170293625299733,2690,0.11822503792879276,0.34383868009401264,0.7483414360013864,0.8186484010203152,0.8658277254445954
artificial,natural,mlp_small,15000,9,15000,4413,2451,0.686059275521405,0.20183863885839737,0.11210208562019759,2451,2.6294632293793962,1.6215619721057213,-3.453522327359771,0.8117818402199801,0.7815804281354188
artificial,artificial,mlp_small,15000,9,15000,4413,2690,0.6786409084739629,0.19965615527303987,0.12170293625299733,2690,0.11390458955924548,0.33749754007880634,0.7515616104348932,0.8032325232389097,0.8669518370382876
artificial,natural,mlp_small,17500,0,17500,4413,2452,0.7182433819002668,0.18112045967576443,0.10063615842396881,2452,2.6363074466453402,1.623670978568423,-3.39329145751213,0.8201630878760224,0.7782935456231784
artificial,artificial,mlp_small,17500,0,17500,4413,2691,0.7112664607380914,0.1793610794992684,0.10937245976264022,2691,0.12449584186931585,0.35283968295716944,0.734025731995807,0.8016308846629322,0.8606519239092263
artificial,natural,mlp_small,17500,1,17500,4413,2452,0.7182433819002668,0.18112045967576443,0.10063615842396881,2452,3.0099316269743133,1.7349154523994283,-4.100429314515216,0.7682096946680413,0.725176716269907
artificial,artificial,mlp_small,17500,1,17500,4413,2691,0.7112664607380914,0.1793610794992684,0.10937245976264022,2691,0.10562012655544756,0.324992502306511,0.7704457267206563,0.8103341904313246,0.8782575863203925
artificial,natural,mlp_small,17500,2,17500,4413,2452,0.7182433819002668,0.18112045967576443,0.10063615842396881,2452,2.6446291371942414,1.6262315755126149,-3.4484947275945883,0.8620812783134203,0.8501013444618313
artificial,artificial,mlp_small,17500,2,17500,4413,2690,0.7112953704832744,0.17936836971101086,0.10933625980571475,2690,0.10866072461802995,0.32963726218076433,0.7645190149587682,0.8170048498702982,0.875342362707866
artificial,natural,mlp_small,17500,3,17500,4413,2452,0.7182433819002668,0.18112045967576443,0.10063615842396881,2452,2.6509292108641844,1.6281674394435557,-3.4383728468287327,0.8039088523172321,0.7604511447030413
artificial,artificial,mlp_small,17500,3,17500,4413,2690,0.7112953704832744,0.17936836971101086,0.10933625980571475,2690,0.1091533044125665,0.3303835716444849,0.7674289756311263,0.8103753110400055,0.8779874856605163
artificial,natural,mlp_small,17500,4,17500,4413,2452,0.7182433819002668,0.18112045967576443,0.10063615842396881,2452,2.917739410094989,1.7081391659039344,-3.9431555843633,0.8191962970901651,0.7731553985541588
artificial,artificial,mlp_small,17500,4,17500,4413,2690,0.7112953704832744,0.17936836971101086,0.10933625980571475,2690,0.11471225501741009,0.33869197660619316,0.7525625442801042,0.8092592927482826,0.8708701136252696
artificial,natural,mlp_small,17500,5,17500,4413,2452,0.7182433819002668,0.18112045967576443,0.10063615842396881,2452,2.8113076358167635,1.6766954511230605,-3.7885160051759668,0.7963904329451396,0.7407894708902945
artificial,artificial,mlp_small,17500,5,17500,4413,2690,0.7112953704832744,0.17936836971101086,0.10933625980571475,2690,0.1196561356401958,0.3459134799920289,0.7400264602930343,0.7931794694745631,0.8615652898614674
artificial,natural,mlp_small,17500,6,17500,4413,2451,0.7182728615990807,0.18112789361352816,0.10059924478739124,2451,2.3390023526116797,1.5293797280635308,-2.9461127176740836,0.8418549123964072,0.8100137286681897
artificial,artificial,mlp_small,17500,6,17500,4413,2690,0.7112953704832744,0.17936836971101086,0.10933625980571475,2690,0.10882142564291712,0.3298809264612265,0.7645114409533804,0.8058554087985489,0.8758358710532999
artificial,natural,mlp_small,17500,7,17500,4413,2451,0.7182728615990807,0.18112789361352816,0.10059924478739124,2451,2.812703332944464,1.677111604200646,-3.726100219952639,0.8224254821078062,0.7870529140378053
artificial,artificial,mlp_small,17500,7,17500,4413,2690,0.7112953704832744,0.17936836971101086,0.10933625980571475,2690,0.11787281477941262,0.3433261055897332,0.7461706968023303,0.7991231300266585,0.8647920868934607
artificial,natural,mlp_small,17500,8,17500,4413,2451,0.7182728615990807,0.18112789361352816,0.10059924478739124,2451,2.6909354122974034,1.6404070873711207,-3.601051903618081,0.8442192065173217,0.805805185434169
artificial,artificial,mlp_small,17500,8,17500,4413,2690,0.7112953704832744,0.17936836971101086,0.10933625980571475,2690,0.1075453911949066,0.3279411398329075,0.7710745609649922,0.8252395594172066,0.8803245956053396
artificial,natural,mlp_small,17500,9,17500,4413,2451,0.7182728615990807,0.18112789361352816,0.10059924478739124,2451,2.502879056086041,1.5820490055892837,-3.2391266911122205,0.8407167004434489,0.8117706883888747
artificial,artificial,mlp_small,17500,9,17500,4413,2690,0.7112953704832744,0.17936836971101086,0.10933625980571475,2690,0.11154299965754519,0.3339805378424695,0.7567124967535386,0.8063558980854303,0.8717342394689096
artificial,natural,mlp_deep,500,0,500,4413,2452,0.06788866259334692,0.5991853360488798,0.3329260013577732,2452,2.0485421594707565,1.431272915788864,-2.41380622393207,0.33294493668164166,0.33496337695972844
artificial,artificial,mlp_deep,500,0,500,4413,2691,0.06575486586007365,0.58035244608101,0.3538926880589164,2691,0.33090661163294954,0.5752448275586227,0.2930475228304491,0.5135107740136814,0.5424225705283776
artificial,natural,mlp_deep,500,1,500,4413,2452,0.06788866259334692,0.5991853360488798,0.3329260013577732,2452,1.8070700062342582,1.3442730400607825,-2.0621402661041444,0.3532666460159127,0.3641737662420613
artificial,artificial,mlp_deep,500,1,500,4413,2691,0.06575486586007365,0.58035244608101,0.3538926880589164,2691,0.31637067468326807,0.5624683766073147,0.31240150260861854,0.5290232965142578,0.5607344906359891
artificial,natural,mlp_deep,500,2,500,4413,2452,0.06788866259334692,0.5991853360488798,0.3329260013577732,2452,1.801374179245783,1.3421528151614417,-2.030067023802638,0.35113965260228797,0.3742154384930699
artificial,artificial,mlp_deep,500,2,500,4413,2690,0.06576351440220965,0.5804287781139024,0.35380770748388796,2690,0.3209288373190248,0.5665058140204959,0.30450823878012756,0.5313677868942925,0.5557692635229746
artificial,natural,mlp_deep,500,3,500,4413,2452,0.06788866259334692,0.5991853360488798,0.3329260013577732,2452,1.9266992943387222,1.3880559406373802,-2.2258159882018744,0.3888703178371564,0.3958545174763236
artificial,artificial,mlp_deep,500,3,500,4413,2690,0.06576351440220965,0.5804287781139024,0.35380770748388796,2690,0.33443199718580197,0.5783009572755365,0.2874316303494726,0.5197649259089674,0.5364832233398052
artificial,natural,mlp_deep,500,4,500,4413,2452,0.06788866259334692,0.5991853360488798,0.3329260013577732,2452,1.799537342765677,1.3414683532479166,-2.048727735720872,0.413519356973703,0.42415437686078894
artificial,artificial,mlp_deep,500,4,500,4413,2690,0.06576351440220965,0.5804287781139024,0.35380770748388796,2690,0.3124253277687239,0.5589502015105853,0.32609006601940893,0.5560299433853259,0.5737994397422739
artificial,natural,mlp_deep,500,5,500,4413,2452,0.06788866259334692,0.5991853360488798,0.3329260013577732,2452,1.9955044311014498,1.4126232445706994,-2.3989538480205184,0.3520448546827934,0.3517441084024524
artificial,artificial,mlp_deep,500,5,500,4413,2690,0.06576351440220965,0.5804287781139024,0.35380770748388796,2690,0.32862784318048427,0.5732607113525959,0.2859994752396441,0.525730866967549,0.5362396136109253
artificial,natural,mlp_deep,500,6,500,4413,2451,0.06789788158609451,0.5992667028788702,0.3328354155350353,2451,1.927047404700788,1.3881813299064312,-2.2511067219576613,0.37488755724432926,0.3821315601041889
artificial,artificial,mlp_deep,500,6,500,4413,2690,0.06576351440220965,0.5804287781139024,0.35380770748388796,2690,0.32035548258763297,0.5659995429217527,0.306753697339047,0.5182746351418842,0.5557065264295364
artificial,natural,mlp_deep,500,7,500,4413,2451,0.06789788158609451,0.5992667028788702,0.3328354155350353,2451,1.858430004056869,1.3632424597469333,-2.122663648193989,0.37382761202100245,0.39068004880882656
artificial,artificial,mlp_deep,500,7,500,4413,2690,0.06576351440220965,0.5804287781139024,0.35380770748388796,2690,0.3211910479359176,0.5667371947701312,0.3083417915871919,0.520023836941095,0.5563439470324365
artificial,natural,mlp_deep,500,8,500,4413,2451,0.06789788158609451,0.5992667028788702,0.3328354155350353,2451,2.117983655687642,1.4553293976580155,-2.6213997133858338,0.37956364847939345,0.38911651592216034
artificial,artificial,mlp_deep,500,8,500,4413,2690,0.06576351440220965,0.5804287781139024,0.35380770748388796,2690,0.32365994706883816,0.5689111943606296,0.31104443753894395,0.5452265073680321,0.5666230439672965
artificial,natural,mlp_deep,500,9,500,4413,2451,0.06789788158609451,0.5992667028788702,0.3328354155350353,2451,1.7903859249256615,1.3380530351692572,-2.0323769513707988,0.389039774060166,0.39963823528666986
artificial,artificial,mlp_deep,500,9,500,4413,2690,0.06576351440220965,0.5804287781139024,0.35380770748388796,2690,0.31392157424958816,0.560287046298224,0.31530265235058363,0.5417658236027141,0.5670312788001626
artificial,natural,mlp_deep,1000,0,1000,4413,2452,0.12714558169103624,0.5610934520025429,0.31176096630642086,2452,1.7906495972743033,1.338151559904297,-1.9840395091677072,0.4428841966951725,0.44820388380165255
artificial,artificial,mlp_deep,1000,0,1000,4413,2691,0.12339585389930899,0.5445459032576505,0.3320582428430405,2691,0.3126726781819944,0.5591714211062601,0.3320026961891368,0.5568397271828656,0.5776518001498845
artificial,natural,mlp_deep,1000,1,1000,4413,2452,0.12714558169103624,0.5610934520025429,0.31176096630642086,2452,2.0850690086923716,1.4439768033775235,-2.5332188277685788,0.43904903435514375,0.4473516270342187
artificial,artificial,mlp_deep,1000,1,1000,4413,2691,0.12339585389930899,0.5445459032576505,0.3320582428430405,2691,0.30691184897381546,0.5539962535738084,0.33295926875245563,0.5566705347212475,0.5853396019936992
artificial,natural,mlp_deep,1000,2,1000,4413,2452,0.12714558169103624,0.5610934520025429,0.31176096630642086,2452,1.9544238354596855,1.3980070942093554,-2.28750977036862,0.4287360202149338,0.43726174069194
artificial,artificial,mlp_deep,1000,2,1000,4413,2690,0.1234110823151919,0.5446131062569419,0.3319758114278662,2690,0.310749693901746,0.5574492747342542,0.32656767863020053,0.5602923319562837,0.5791519562823544
artificial,natural,mlp_deep,1000,3,1000,4413,2452,0.12714558169103624,0.5610934520025429,0.31176096630642086,2452,1.8511892661898333,1.3605841635818907,-2.099391767884785,0.47392588677831476,0.4755583550790168
artificial,artificial,mlp_deep,1000,3,1000,4413,2690,0.1234110823151919,0.5446131062569419,0.3319758114278662,2690,0.31246235426562413,0.5589833219923687,0.3342419618045036,0.5605425890770436,0.5839911997319325
artificial,natural,mlp_deep,1000,4,1000,4413,2452,0.12714558169103624,0.5610934520025429,0.31176096630642086,2452,1.806319169069775,1.343993738478634,-2.0602173233280787,0.4784683928974684,0.48313964183939995
artificial,artificial,mlp_deep,1000,4,1000,4413,2690,0.1234110823151919,0.5446131062569419,0.3319758114278662,2690,0.2956735630163279,0.5437587360367904,0.3622240784535816,0.5796252330737991,0.6029862220705295
artificial,natural,mlp_deep,1000,5,1000,4413,2452,0.12714558169103624,0.5610934520025429,0.31176096630642086,2452,2.0689161982437634,1.438372760533153,-2.523996521205977,0.49136643204475994,0.494297913821254
artificial,artificial,mlp_deep,1000,5,1000,4413,2690,0.1234110823151919,0.5446131062569419,0.3319758114278662,2690,0.3069192191309068,0.5540029053451857,0.33316519562783087,0.5747045138623024,0.5850048857390824
artificial,natural,mlp_deep,1000,6,1000,4413,2451,0.1271617497456765,0.5611648016276704,0.3116734486266531,2451,1.7737916326028702,1.3318376900369167,-1.9925500981657756,0.4583213979928091,0.4547510822959855
artificial,artificial,mlp_deep,1000,6,1000,4413,2690,0.1234110823151919,0.5446131062569419,0.3319758114278662,2690,0.3104606264484262,0.5571899374974625,0.3281660745472025,0.5511437717426103,0.5834303533117708
artificial,natural,mlp_deep,1000,7,1000,4413,2451,0.1271617497456765,0.5611648016276704,0.3116734486266531,2451,1.5295740404480624,1.2367594917557991,-1.5700969328421408,0.4724135425234946,0.48170751539827783
artificial,artificial,mlp_deep,1000,7,1000,4413,2690,0.1234110823151919,0.5446131062569419,0.3319758114278662,2690,0.31756901037047736,0.5635326169535153,0.3161415482411075,0.5606706915441015,0.5881834604657107
artificial,natural,mlp_deep,1000,8,1000,4413,2451,0.1271617497456765,0.5611648016276704,0.3116734486266531,2451,1.9822235950320921,1.4079146263293425,-2.3892725940726156,0.45185690653296334,0.4598422448484995
artificial,artificial,mlp_deep,1000,8,1000,4413,2690,0.1234110823151919,0.5446131062569419,0.3319758114278662,2690,0.3005889399846251,0.548259920096869,0.3601543098175375,0.583519144770131,0.6027286569507235
artificial,natural,mlp_deep,1000,9,1000,4413,2451,0.1271617497456765,0.5611648016276704,0.3116734486266531,2451,1.7403589162892612,1.3192266356806404,-1.9476461981722406,0.47452863729371864,0.4873117036481448
artificial,artificial,mlp_deep,1000,9,1000,4413,2690,0.1234110823151919,0.5446131062569419,0.3319758114278662,2690,0.29827309534496643,0.546143841258845,0.3494336993369358,0.5769653135768715,0.599360176228765
artificial,natural,mlp_deep,2500,0,2500,4413,2452,0.2669514148424987,0.47122263747997867,0.2618259476775227,2452,2.027007218339461,1.4237300370293031,-2.377919183127881,0.6601820348969153,0.6698928091328324
artificial,artificial,mlp_deep,2500,0,2500,4413,2691,0.2603082049146189,0.4594960433152853,0.2801957517700958,2691,0.27743626346091393,0.5267221881228414,0.40728215509965504,0.6408478530964725,0.6624453678521994
artificial,natural,mlp_deep,2500,1,2500,4413,2452,0.2669514148424987,0.47122263747997867,0.2618259476775227,2452,2.459431434765188,1.568257451684891,-3.167588417789543,0.6404395663120123,0.6272371740572225
artificial,artificial,mlp_deep,2500,1,2500,4413,2691,0.2603082049146189,0.4594960433152853,0.2801957517700958,2691,0.2587069525192371,0.5086324336092195,0.4377275580455725,0.6399589277575639,0.6755151895327867
artificial,natural,mlp_deep,2500,2,2500,4413,2452,0.2669514148424987,0.47122263747997867,0.2618259476775227,2452,2.305706582898493,1.518455327923246,-2.8783977054287186,0.6224466446524581,0.6114283608226305
artificial,artificial,mlp_deep,2500,2,2500,4413,2690,0.2603353118817036,0.45954389253358324,0.2801207955847131,2690,0.2648600389359419,0.5146455468921711,0.42601613337349564,0.6436760037903841,0.6739159639427978
artificial,natural,mlp_deep,2500,3,2500,4413,2452,0.2669514148424987,0.47122263747997867,0.2618259476775227,2452,1.7209097863660912,1.3118345118063068,-1.8812686647181898,0.6532354076948773,0.6695034048407493
artificial,artificial,mlp_deep,2500,3,2500,4413,2690,0.2603353118817036,0.45954389253358324,0.2801207955847131,2690,0.26053440134850897,0.5104257060028511,0.44488393703655826,0.6432066522190226,0.6727183565936841
artificial,natural,mlp_deep,2500,4,2500,4413,2452,0.2669514148424987,0.47122263747997867,0.2618259476775227,2452,2.106663783562127,1.4514350772811462,-2.56905308611917,0.6384140670755647,0.6293855809806194
artificial,artificial,mlp_deep,2500,4,2500,4413,2690,0.2603353118817036,0.45954389253358324,0.2801207955847131,2690,0.25667567104522937,0.5066316917102891,0.4463435926790098,0.6427239722162987,0.678488191664889
artificial,natural,mlp_deep,2500,5,2500,4413,2452,0.2669514148424987,0.47122263747997867,0.2618259476775227,2452,2.3511613304285297,1.5333497091102635,-3.0047462319921108,0.6495842385467101,0.6447167946059789
artificial,artificial,mlp_deep,2500,5,2500,4413,2690,0.2603353118817036,0.45954389253358324,0.2801207955847131,2690,0.26313671073476624,0.5129685280158679,0.428290227236916,0.6364431490776566,0.6698251875359423
artificial,natural,mlp_deep,2500,6,2500,4413,2451,0.26697992310978214,0.47127296027338744,0.2617471166168304,2451,1.8238543342901923,1.3505015121391728,-2.07701049367965,0.6408452568284341,0.636406628966123
artificial,artificial,mlp_deep,2500,6,2500,4413,2690,0.2603353118817036,0.45954389253358324,0.2801207955847131,2690,0.27114601981478875,0.5207168326593531,0.41324251984226146,0.6109866670839419,0.6453696854828003
artificial,natural,mlp_deep,2500,7,2500,4413,2451,0.26697992310978214,0.47127296027338744,0.2617471166168304,2451,1.7643592300321038,1.3282918467084348,-1.9645993757902072,0.6478322840591294,0.6519084989737971
artificial,artificial,mlp_deep,2500,7,2500,4413,2690,0.2603353118817036,0.45954389253358324,0.2801207955847131,2690,0.26141982578807865,0.5112923095334787,0.4370541473364917,0.6380669739902572,0.6636219671029684
artificial,natural,mlp_deep,2500,8,2500,4413,2451,0.26697992310978214,0.47127296027338744,0.2617471166168304,2451,2.0375652311794408,1.427433091664699,-2.48389758550922,0.6455510956382835,0.638347522838872
artificial,artificial,mlp_deep,2500,8,2500,4413,2690,0.2603353118817036,0.45954389253358324,0.2801207955847131,2690,0.24175285837288085,0.49168369748536594,0.48539515616545625,0.6732387253188736,0.700756027604393
artificial,natural,mlp_deep,2500,9,2500,4413,2451,0.26697992310978214,0.47127296027338744,0.2617471166168304,2451,2.037946149980233,1.4275665133296707,-2.4516697474548717,0.6296600396645433,0.6263742466693896
artificial,artificial,mlp_deep,2500,9,2500,4413,2690,0.2603353118817036,0.45954389253358324,0.2801207955847131,2690,0.26117057892926715,0.5110485093699688,0.4303583527051379,0.6414794995234369,0.6716374447953871
artificial,natural,mlp_deep,5000,0,5000,4413,2452,0.42140750105351876,0.37193426042983563,0.2066582385166456,2452,2.1512738045045428,1.4667221292748476,-2.585004032866461,0.7517193630310993,0.76346017232027
artificial,artificial,mlp_deep,5000,0,5000,4413,2691,0.41308658294778583,0.3645902181097158,0.22232319894249836,2691,0.2127974772565063,0.4612997694086854,0.5453771596175061,0.7088483320133971,0.747668774763309
artificial,natural,mlp_deep,5000,1,5000,4413,2452,0.42140750105351876,0.37193426042983563,0.2066582385166456,2452,2.251710078779811,1.5005699179910983,-2.8155976669618634,0.7367702887057324,0.7234175144073223
artificial,artificial,mlp_deep,5000,1,5000,4413,2691,0.41308658294778583,0.3645902181097158,0.22232319894249836,2691,0.18163041675393415,0.42618120178385877,0.605245328867453,0.7243056680759832,0.779111217169741
artificial,natural,mlp_deep,5000,2,5000,4413,2452,0.42140750105351876,0.37193426042983563,0.2066582385166456,2452,2.4036243720175463,1.5503626582246963,-3.0431038876709495,0.6944184308461022,0.6765790952216444
artificial,artificial,mlp_deep,5000,2,5000,4413,2690,0.4131207138725936,0.3646203420639511,0.22225894406345534,2690,0.1951760691655843,0.4417873574080457,0.5770297576686576,0.7165992436298323,0.7651725212477001
artificial,natural,mlp_deep,5000,3,5000,4413,2452,0.42140750105351876,0.37193426042983563,0.2066582385166456,2452,1.789683203631301,1.3377904184255847,-1.9964139754728376,0.7561122127768486,0.78493588837406
artificial,artificial,mlp_deep,5000,3,5000,4413,2690,0.4131207138725936,0.3646203420639511,0.22225894406345534,2690,0.20434491666670648,0.4520452595334968,0.5646058829871149,0.7072436540896647,0.7518177117570419
artificial,natural,mlp_deep,5000,4,5000,4413,2452,0.42140750105351876,0.37193426042983563,0.2066582385166456,2452,2.6964542150836257,1.6420883700591835,-3.56826016235516,0.5783237679757403,0.5351341137784386
artificial,artificial,mlp_deep,5000,4,5000,4413,2690,0.4131207138725936,0.3646203420639511,0.22225894406345534,2690,0.20335520800368015,0.4509492299623985,0.5613572824613724,0.7068993463081588,0.7497295883274397
artificial,natural,mlp_deep,5000,5,5000,4413,2452,0.42140750105351876,0.37193426042983563,0.2066582385166456,2452,2.678332375088259,1.636561143094953,-3.5620185005348937,0.6703107943674304,0.6351619489417543
artificial,artificial,mlp_deep,5000,5,5000,4413,2690,0.4131207138725936,0.3646203420639511,0.22225894406345534,2690,0.19617814619480425,0.4429200223458003,0.5737692279084334,0.7226989164969922,0.7651041854237051
artificial,natural,mlp_deep,5000,6,5000,4413,2451,0.42144302090357383,0.37196561024949426,0.20659136884693188,2451,1.9778135362738671,1.406347587289098,-2.336753868572953,0.7489700836454924,0.7640465949876967
artificial,artificial,mlp_deep,5000,6,5000,4413,2690,0.4131207138725936,0.3646203420639511,0.22225894406345534,2690,0.20197448336801407,0.4494157133078616,0.5629290852282196,0.7026403231381074,0.7579621607307745
artificial,natural,mlp_deep,5000,7,5000,4413,2451,0.42144302090357383,0.37196561024949426,0.20659136884693188,2451,2.273427611100607,1.5077889809587437,-2.819971557974872,0.7234151329190915,0.7238581689692889
artificial,artificial,mlp_deep,5000,7,5000,4413,2690,0.4131207138725936,0.3646203420639511,0.22225894406345534,2690,0.21433210204044542,0.46296015167662696,0.5384536441618926,0.6928433075427675,0.7427707485052645
artificial,natural,mlp_deep,5000,8,5000,4413,2451,0.42144302090357383,0.37196561024949426,0.20659136884693188,2451,2.3074635070263025,1.5190337412402342,-2.9453787381944245,0.693974208920156,0.674554043107489
artificial,artificial,mlp_deep,5000,8,5000,4413,2690,0.4131207138725936,0.3646203420639511,0.22225894406345534,2690,0.19339318030485958,0.4397649148179736,0.5883355091671916,0.7389648687818501,0.7750222014810749
artificial,natural,mlp_deep,5000,9,5000,4413,2451,0.42144302090357383,0.37196561024949426,0.20659136884693188,2451,1.9191552279480288,1.3853357816601826,-2.250473542219122,0.7454951850262147,0.7531847906713012
artificial,artificial,mlp_deep,5000,9,5000,4413,2690,0.4131207138725936,0.3646203420639511,0.22225894406345534,2690,0.19091241430659922,0.4369352518469976,0.583599107447307,0.7201753658462118,0.7716886011728565
artificial,natural,mlp_deep,10000,0,10000,4413,2452,0.5929439667951378,0.26166617254669433,0.1453898606581678,2452,2.119573298106142,1.4558754404502268,-2.532176520606417,0.825428635611388,0.8402318070305638
artificial,artificial,mlp_deep,10000,0,10000,4413,2691,0.5846585594013096,0.2580098222637979,0.15733161833489243,2691,0.14581744365287225,0.38186050287097284,0.6884740304939111,0.7848015280352474,0.8391365652959776
artificial,natural,mlp_deep,10000,1,10000,4413,2452,0.5929439667951378,0.26166617254669433,0.1453898606581678,2452,2.1625333094417947,1.4705554424916438,-2.6644846634540054,0.7345386715633472,0.7301861058853587
artificial,artificial,mlp_deep,10000,1,10000,4413,2691,0.5846585594013096,0.2580098222637979,0.15733161833489243,2691,0.13688612548947468,0.36998125018637723,0.7024923555430003,0.7723427243771853,0.8398866203990066
artificial,natural,mlp_deep,10000,2,10000,4413,2452,0.5929439667951378,0.26166617254669433,0.1453898606581678,2452,1.9550165674167574,1.3982190698945418,-2.2885067967375834,0.8271054209122659,0.8475353931303217
artificial,artificial,mlp_deep,10000,2,10000,4413,2690,0.5846927439630474,0.25802490791089283,0.15728234812605976,2690,0.12768320992379692,0.3573278745407317,0.7232949793793928,0.7904862738202032,0.8530667964244811
artificial,natural,mlp_deep,10000,3,10000,4413,2452,0.5929439667951378,0.26166617254669433,0.1453898606581678,2452,2.647981431666646,1.6272619431630073,-3.433437466775888,0.535845816135391,0.5085949457956925
artificial,artificial,mlp_deep,10000,3,10000,4413,2690,0.5846927439630474,0.25802490791089283,0.15728234812605976,2690,0.13858475322293048,0.3722697318113984,0.7047199057103959,0.7691486829587659,0.8414101264031553
artificial,natural,mlp_deep,10000,4,10000,4413,2452,0.5929439667951378,0.26166617254669433,0.1453898606581678,2452,2.5503611196925466,1.5969850092259936,-3.320753171901951,0.7699946390065501,0.7287676330493575
artificial,artificial,mlp_deep,10000,4,10000,4413,2690,0.5846927439630474,0.25802490791089283,0.15728234812605976,2690,0.14164169575808183,0.3763531529801256,0.6944750077756547,0.7816416501109466,0.8351815482590672
artificial,natural,mlp_deep,10000,5,10000,4413,2452,0.5929439667951378,0.26166617254669433,0.1453898606581678,2452,2.8427545638683394,1.6860470230300042,-3.8420797334460817,0.6709523476156359,0.6129024309200529
artificial,artificial,mlp_deep,10000,5,10000,4413,2690,0.5846927439630474,0.25802490791089283,0.15728234812605976,2690,0.14840222881309442,0.3852300985295599,0.6775706275442936,0.7693894331668565,0.8268293020115236
artificial,natural,mlp_deep,10000,6,10000,4413,2451,0.5929791271347249,0.26168168880455406,0.14533918406072105,2451,1.8047959039146355,1.3434269254092817,-2.044857163692651,0.8077785196771025,0.8097173108621782
artificial,artificial,mlp_deep,10000,6,10000,4413,2690,0.5846927439630474,0.25802490791089283,0.15728234812605976,2690,0.13308969403760731,0.36481460228122353,0.7119951325053098,0.7839290781398667,0.8455901211992939
artificial,natural,mlp_deep,10000,7,10000,4413,2451,0.5929791271347249,0.26168168880455406,0.14533918406072105,2451,2.025698839545373,1.4232704730814074,-2.4037204062723028,0.7640330012017259,0.7541765412486579
artificial,artificial,mlp_deep,10000,7,10000,4413,2690,0.5846927439630474,0.25802490791089283,0.15728234812605976,2690,0.15568269787504785,0.3945664682598457,0.6647502581871096,0.7559317091102391,0.8183153909943252
artificial,natural,mlp_deep,10000,8,10000,4413,2451,0.5929791271347249,0.26168168880455406,0.14533918406072105,2451,2.598406672543697,1.6119574040723585,-3.4428431512869713,0.6860272498577533,0.6407912228966979
artificial,artificial,mlp_deep,10000,8,10000,4413,2690,0.5846927439630474,0.25802490791089283,0.15728234812605976,2690,0.14274738968868791,0.37781925531752336,0.6961421731558878,0.787768172456417,0.8368895229690786
artificial,natural,mlp_deep,10000,9,10000,4413,2451,0.5929791271347249,0.26168168880455406,0.14533918406072105,2451,1.6002746982407896,1.2650196434209193,-1.7103855337830116,0.8519702787470785,0.8866072515342767
artificial,artificial,mlp_deep,10000,9,10000,4413,2690,0.5846927439630474,0.25802490791089283,0.15728234812605976,2690,0.13175007190842378,0.36297392731217454,0.7126386582255234,0.7840446107979814,0.8443746725687261
artificial,natural,mlp_deep,15000,0,15000,4413,2452,0.686027898467871,0.20182940772924765,0.11214269380288132,2452,2.121108817444724,1.4564026975547402,-2.534735396659216,0.7845466650444674,0.768362418050208
artificial,artificial,mlp_deep,15000,0,15000,4413,2691,0.6786102062975027,0.1996471226927253,0.12174267100977199,2691,0.13137749975545576,0.362460342320999,0.7193236833856802,0.7943541871889558,0.8549923576984632
artificial,natural,mlp_deep,15000,1,15000,4413,2452,0.686027898467871,0.20182940772924765,0.11214269380288132,2452,2.742385663588089,1.6560149949768235,-3.6470637754424713,0.6507821327992155,0.5865831670238417
artificial,artificial,mlp_deep,15000,1,15000,4413,2691,0.6786102062975027,0.1996471226927253,0.12174267100977199,2691,0.10861075229488854,0.32956145450414637,0.7639459151728308,0.8073795124499218,0.8746374349151295
artificial,natural,mlp_deep,15000,2,15000,4413,2452,0.686027898467871,0.20182940772924765,0.11214269380288132,2452,2.3550382828706344,1.5346133985048593,-2.9613778874674654,0.6862200846354517,0.6356178833408057
artificial,artificial,mlp_deep,15000,2,15000,4413,2690,0.6786409084739629,0.19965615527303987,0.12170293625299733,2690,0.10859621369187437,0.3295393962667808,0.7646588179693816,0.8129044974657599,0.8770284283878267
artificial,natural,mlp_deep,15000,3,15000,4413,2452,0.686027898467871,0.20182940772924765,0.11214269380288132,2452,1.9398545314840328,1.3927866065855288,-2.247841415022044,0.7936359490002832,0.8091906905307117
artificial,artificial,mlp_deep,15000,3,15000,4413,2690,0.6786409084739629,0.19965615527303987,0.12170293625299733,2690,0.11328962084662368,0.33658523563374504,0.7586157990135275,0.8058773820459291,0.8753588941772856
artificial,natural,mlp_deep,15000,4,15000,4413,2452,0.686027898467871,0.20182940772924765,0.11214269380288132,2452,2.3475792493269543,1.5321812064266271,-2.9772055845344148,0.8155447004450418,0.7964841922847863
artificial,artificial,mlp_deep,15000,4,15000,4413,2690,0.6786409084739629,0.19965615527303987,0.12170293625299733,2690,0.11618790123504087,0.34086346421263874,0.749379535232136,0.810520319807836,0.8673006827483779
artificial,natural,mlp_deep,15000,5,15000,4413,2452,0.686027898467871,0.20182940772924765,0.11214269380288132,2452,2.4070938976475764,1.5514811947450657,-3.100016486277595,0.7626207040060656,0.7418735679148283
artificial,artificial,mlp_deep,15000,5,15000,4413,2690,0.6786409084739629,0.19965615527303987,0.12170293625299733,2690,0.12354584702190208,0.3514908918050396,0.7315753931502562,0.7912201575558384,0.8556053062448549
artificial,natural,mlp_deep,15000,6,15000,4413,2451,0.686059275521405,0.20183863885839737,0.11210208562019759,2451,1.9808447908825475,1.4074248793035269,-2.341867874699738,0.8385741908649367,0.8498604368947902
artificial,artificial,mlp_deep,15000,6,15000,4413,2690,0.6786409084739629,0.19965615527303987,0.12170293625299733,2690,0.10852826041669679,0.32943627671629727,0.7651458477926341,0.8046596819582099,0.8751971234810385
artificial,natural,mlp_deep,15000,7,15000,4413,2451,0.686059275521405,0.20183863885839737,0.11210208562019759,2451,2.4133385589761756,1.553492374933387,-3.0550596861054347,0.7443564864333869,0.7027669150654366
artificial,artificial,mlp_deep,15000,7,15000,4413,2690,0.6786409084739629,0.19965615527303987,0.12170293625299733,2690,0.12646587639211856,0.35562041053926946,0.7276662533004963,0.7960044022702182,0.8552699822105928
artificial,natural,mlp_deep,15000,8,15000,4413,2451,0.686059275521405,0.20183863885839737,0.11210208562019759,2451,1.7346553587587104,1.3170631567084057,-1.9659720943372756,0.8476296177051308,0.8577954609546663
artificial,artificial,mlp_deep,15000,8,15000,4413,2690,0.6786409084739629,0.19965615527303987,0.12170293625299733,2690,0.11154441994316443,0.333982664135677,0.762562067758757,0.8231653038774814,0.8755079140527303
artificial,natural,mlp_deep,15000,9,15000,4413,2451,0.686059275521405,0.20183863885839737,0.11210208562019759,2451,2.321503438023666,1.523648068952823,-2.9319307753624835,0.8000416108929326,0.7791022346057199
artificial,artificial,mlp_deep,15000,9,15000,4413,2690,0.6786409084739629,0.19965615527303987,0.12170293625299733,2690,0.11608813140534816,0.34071708411136087,0.7467990664329975,0.8012541258383725,0.8673270680074239
artificial,natural,mlp_deep,17500,0,17500,4413,2452,0.7182433819002668,0.18112045967576443,0.10063615842396881,2452,2.01797183431487,1.4205533549694183,-2.362862109454214,0.8275062881422618,0.8339710729139107
artificial,artificial,mlp_deep,17500,0,17500,4413,2691,0.7112664607380914,0.1793610794992684,0.10937245976264022,2691,0.11878846296796872,0.34465702222349787,0.7462190382357202,0.8030513075879292,0.8673324935534369
artificial,natural,mlp_deep,17500,1,17500,4413,2452,0.7182433819002668,0.18112045967576443,0.10063615842396881,2452,2.2533607707085324,1.5011198388897977,-2.818394819371251,0.785031926119149,0.7707004761041901
artificial,artificial,mlp_deep,17500,1,17500,4413,2691,0.7112664607380914,0.1793610794992684,0.10937245976264022,2691,0.1124375845096717,0.3353171401966677,0.7556286965074531,0.8103381379101566,0.8700310098093236
artificial,natural,mlp_deep,17500,2,17500,4413,2452,0.7182433819002668,0.18112045967576443,0.10063615842396881,2452,1.814984128796653,1.34721346816184,-2.0529601349645707,0.8466625818201222,0.8611494391441791
artificial,artificial,mlp_deep,17500,2,17500,4413,2690,0.7112953704832744,0.17936836971101086,0.10933625980571475,2690,0.10636802208532999,0.3261411076287839,0.7694875797525753,0.812807644857978,0.8778991811959785
artificial,natural,mlp_deep,17500,3,17500,4413,2452,0.7182433819002668,0.18112045967576443,0.10063615842396881,2452,2.1299556107156614,1.4594367443351772,-2.5661220634666115,0.7981316648082801,0.7854899436930585
artificial,artificial,mlp_deep,17500,3,17500,4413,2690,0.7112953704832744,0.17936836971101086,0.10933625980571475,2690,0.10147292728417692,0.31854815536144127,0.783793419986722,0.8184543091702275,0.8889138479848444
artificial,natural,mlp_deep,17500,4,17500,4413,2452,0.7182433819002668,0.18112045967576443,0.10063615842396881,2452,2.3173743179361286,1.5222924547983967,-2.926033202668067,0.8086951626882926,0.768722060982354
artificial,artificial,mlp_deep,17500,4,17500,4413,2690,0.7112953704832744,0.17936836971101086,0.10933625980571475,2690,0.11109666323039999,0.3333116608077191,0.7603614741552405,0.8085406309335591,0.8743758094534051
artificial,natural,mlp_deep,17500,5,17500,4413,2452,0.7182433819002668,0.18112045967576443,0.10063615842396881,2452,2.3640900950581245,1.5375597858483827,-3.0267678690293476,0.7668601257416743,0.7421341697041699
artificial,artificial,mlp_deep,17500,5,17500,4413,2690,0.7112953704832744,0.17936836971101086,0.10933625980571475,2690,0.11742846315101235,0.3426783669142427,0.7448664620131492,0.7991573641048454,0.8631325749541894
artificial,natural,mlp_deep,17500,6,17500,4413,2451,0.7182728615990807,0.18112789361352816,0.10059924478739124,2451,2.1312762875788325,1.4598891353725572,-2.595659685378823,0.8050232815774941,0.7980958120324866
artificial,artificial,mlp_deep,17500,6,17500,4413,2690,0.7112953704832744,0.17936836971101086,0.10933625980571475,2690,0.10246227134488634,0.32009728418855155,0.7782725920644884,0.8088734750364686,0.8832162491383018
artificial,natural,mlp_deep,17500,7,17500,4413,2451,0.7182728615990807,0.18112789361352816,0.10059924478739124,2451,2.1955753756126364,1.4817474061433806,-2.6891588046517803,0.7777472176119189,0.7499178462400115
artificial,artificial,mlp_deep,17500,7,17500,4413,2690,0.7112953704832744,0.17936836971101086,0.10933625980571475,2690,0.11708693196682113,0.342179677898646,0.7478630300777206,0.7933410565040083,0.8661767853290574
artificial,natural,mlp_deep,17500,8,17500,4413,2451,0.7182728615990807,0.18112789361352816,0.10059924478739124,2451,2.650874359044635,1.6281505947069623,-3.5325541669250144,0.657597480827469,0.5688476543443666
artificial,artificial,mlp_deep,17500,8,17500,4413,2690,0.7112953704832744,0.17936836971101086,0.10933625980571475,2690,0.10968220596598556,0.331183039973344,0.7665260512225411,0.8177168967263616,0.8757285561458001
artificial,natural,mlp_deep,17500,9,17500,4413,2451,0.7182728615990807,0.18112789361352816,0.10059924478739124,2451,1.677106680002017,1.2950315362963238,-1.8405158746091446,0.8562973202019954,0.8843682549241996
artificial,artificial,mlp_deep,17500,9,17500,4413,2690,0.7112953704832744,0.17936836971101086,0.10933625980571475,2690,0.11315270331270995,0.33638178207612546,0.7532015567175518,0.8017891177469587,0.8687782917405795
artificial,natural,CNN_Jannis_OHE,500,0,500,4413,2452,0.06788866259334692,0.5991853360488798,0.3329260013577732,2452,2.1463401493290544,1.4650392995851866,-2.5767823115477415,0.30313695404432794,0.25320290606709706
artificial,artificial,CNN_Jannis_OHE,500,0,500,4413,2691,0.06575486586007365,0.58035244608101,0.3538926880589164,2691,0.334481102424941,0.5783434121911833,0.2854109419004157,0.5225100098767355,0.5351693456215114
artificial,natural,CNN_Jannis_OHE,500,1,500,4413,2452,0.06788866259334692,0.5991853360488798,0.3329260013577732,2452,2.178637655168047,1.4760208857492658,-2.691774013250909,0.1585006375962441,0.1080090793743083
artificial,artificial,CNN_Jannis_OHE,500,1,500,4413,2691,0.06575486586007365,0.58035244608101,0.3538926880589164,2691,0.33780682327502204,0.581211513371012,0.2658122807210188,0.47526872607729204,0.5162672468802207
artificial,natural,CNN_Jannis_OHE,500,2,500,4413,2452,0.06788866259334692,0.5991853360488798,0.3329260013577732,2452,2.1680529559138804,1.4724309681319123,-2.6468524103765056,0.17525066716053986,0.12226146226642201
artificial,artificial,CNN_Jannis_OHE,500,2,500,4413,2690,0.06576351440220965,0.5804287781139024,0.35380770748388796,2690,0.34077819790455427,0.5837621072873387,0.2614922640611119,0.4769329645444323,0.5146038907650885
artificial,natural,CNN_Jannis_OHE,500,3,500,4413,2452,0.06788866259334692,0.5991853360488798,0.3329260013577732,2452,1.7329705157903523,1.316423380144227,-1.901461589436892,0.4118086935861193,0.415651641001638
artificial,artificial,CNN_Jannis_OHE,500,3,500,4413,2690,0.06576351440220965,0.5804287781139024,0.35380770748388796,2690,0.3385342866647568,0.5818369932075107,0.2786909543661594,0.5276275524684509,0.534656360869171
artificial,natural,CNN_Jannis_OHE,500,4,500,4413,2452,0.06788866259334692,0.5991853360488798,0.3329260013577732,2452,2.1720734185045827,1.4737955823331073,-2.6798683292893744,0.25466420398083556,0.18187130254109274
artificial,artificial,CNN_Jannis_OHE,500,4,500,4413,2690,0.06576351440220965,0.5804287781139024,0.35380770748388796,2690,0.33930309368515693,0.5824972907105722,0.26811399351706144,0.5116254934869188,0.5208731915114406
artificial,natural,CNN_Jannis_OHE,500,5,500,4413,2452,0.06788866259334692,0.5991853360488798,0.3329260013577732,2452,2.0359646260430972,1.4268723229648466,-2.4678699241490314,0.26067548820058734,0.16873115927335075
artificial,artificial,CNN_Jannis_OHE,500,5,500,4413,2690,0.06576351440220965,0.5804287781139024,0.35380770748388796,2690,0.3506508465683082,0.5921577885735424,0.23815071165490598,0.5016050739811433,0.49499439818767327
artificial,natural,CNN_Jannis_OHE,500,6,500,4413,2451,0.06789788158609451,0.5992667028788702,0.3328354155350353,2451,2.1323417959808735,1.4602540176218908,-2.5974572963352154,0.1877738169145749,0.1262421027620714
artificial,artificial,CNN_Jannis_OHE,500,6,500,4413,2690,0.06576351440220965,0.5804287781139024,0.35380770748388796,2690,0.34072513267321053,0.5837166544422135,0.2626739628695076,0.4736045759639249,0.5144710230020644
artificial,natural,CNN_Jannis_OHE,500,7,500,4413,2451,0.06789788158609451,0.5992667028788702,0.3328354155350353,2451,2.1136522715958863,1.4538405248155268,-2.55150589423714,0.1530390330423243,0.1506028146031882
artificial,artificial,CNN_Jannis_OHE,500,7,500,4413,2690,0.06576351440220965,0.5804287781139024,0.35380770748388796,2690,0.34761004275677976,0.5895846357875855,0.25145068349656263,0.4766309870561633,0.5028888776625327
artificial,natural,CNN_Jannis_OHE,500,8,500,4413,2451,0.06789788158609451,0.5992667028788702,0.3328354155350353,2451,2.321075115001269,1.5235075040843313,-2.968652323468273,0.4144021031722033,0.40754691791796727
artificial,artificial,CNN_Jannis_OHE,500,8,500,4413,2690,0.06576351440220965,0.5804287781139024,0.35380770748388796,2690,0.32625772657798785,0.571189746562373,0.30551469974134304,0.5525746787987706,0.5653592054771949
artificial,natural,CNN_Jannis_OHE,500,9,500,4413,2451,0.06789788158609451,0.5992667028788702,0.3328354155350353,2451,2.137521206895408,1.462026404308557,-2.62032003861126,0.32343400499662994,0.23840371631275561
artificial,artificial,CNN_Jannis_OHE,500,9,500,4413,2690,0.06576351440220965,0.5804287781139024,0.35380770748388796,2690,0.33176243177680637,0.5759882219080581,0.2763897873846185,0.5131649558155,0.5279635301047343
artificial,natural,CNN_Jannis_OHE,1000,0,1000,4413,2452,0.12714558169103624,0.5610934520025429,0.31176096630642086,2452,2.041011511078977,1.4286397415300252,-2.40125672660723,0.3400197436309037,0.2810376680063117
artificial,artificial,CNN_Jannis_OHE,1000,0,1000,4413,2691,0.12339585389930899,0.5445459032576505,0.3320582428430405,2691,0.3322507994981173,0.5764120049913233,0.2901757852837974,0.5349454295665207,0.5391899426293526
artificial,natural,CNN_Jannis_OHE,1000,1,1000,4413,2452,0.12714558169103624,0.5610934520025429,0.31176096630642086,2452,1.3137814636869836,1.1462030638970495,-1.2262464137737648,0.5638576090574979,0.5659494955617139
artificial,artificial,CNN_Jannis_OHE,1000,1,1000,4413,2691,0.12339585389930899,0.5445459032576505,0.3320582428430405,2691,0.28332125646959816,0.532279303063343,0.38423094864096485,0.6399734789673683,0.6648353255961925
artificial,natural,CNN_Jannis_OHE,1000,2,1000,4413,2452,0.12714558169103624,0.5610934520025429,0.31176096630642086,2452,2.2797457840711592,1.5098827054017008,-2.8347293985635607,0.2035022263511896,0.14625853960192656
artificial,artificial,CNN_Jannis_OHE,1000,2,1000,4413,2690,0.1234110823151919,0.5446131062569419,0.3319758114278662,2690,0.3402378595090751,0.5832991166709196,0.26266324297801424,0.48771579417936206,0.5150022647086092
artificial,natural,CNN_Jannis_OHE,1000,3,1000,4413,2452,0.12714558169103624,0.5610934520025429,0.31176096630642086,2452,1.9745551494487408,1.4051886526188364,-2.3059396395659313,0.5750274537615874,0.5800325596066935
artificial,artificial,CNN_Jannis_OHE,1000,3,1000,4413,2690,0.1234110823151919,0.5446131062569419,0.3319758114278662,2690,0.28045518521246243,0.5295801971490838,0.4024390735081097,0.6103373750298483,0.6368525637536318
artificial,natural,CNN_Jannis_OHE,1000,4,1000,4413,2452,0.12714558169103624,0.5610934520025429,0.31176096630642086,2452,1.999397070590259,1.4140003785679334,-2.3873247078381494,0.5434920133762017,0.5371774252362194
artificial,artificial,CNN_Jannis_OHE,1000,4,1000,4413,2690,0.1234110823151919,0.5446131062569419,0.3319758114278662,2690,0.29885594844042057,0.5466771885129473,0.3553595864920379,0.5983446198848934,0.6161005244399091
artificial,natural,CNN_Jannis_OHE,1000,5,1000,4413,2452,0.12714558169103624,0.5610934520025429,0.31176096630642086,2452,2.5557777636450334,1.5986800066445548,-3.3532705460501795,0.534599345774971,0.5046629297929133
artificial,artificial,CNN_Jannis_OHE,1000,5,1000,4413,2690,0.1234110823151919,0.5446131062569419,0.3319758114278662,2690,0.28477633562087484,0.5336443906019015,0.3812744194016281,0.6024321005622412,0.6192831047181592
artificial,natural,CNN_Jannis_OHE,1000,6,1000,4413,2451,0.1271617497456765,0.5611648016276704,0.3116734486266531,2451,2.251467850507123,1.5004892037289448,-2.7984339384696204,0.27426948819762625,0.1547880950888569
artificial,artificial,CNN_Jannis_OHE,1000,6,1000,4413,2690,0.1234110823151919,0.5446131062569419,0.3319758114278662,2690,0.3396768802427606,0.582818050718027,0.26494237143799826,0.4826911591539149,0.5150422049487036
artificial,natural,CNN_Jannis_OHE,1000,7,1000,4413,2451,0.1271617497456765,0.5611648016276704,0.3116734486266531,2451,1.8084093929793383,1.3447711303338343,-2.038615530411085,0.4600559906499244,0.4268082802699884
artificial,artificial,CNN_Jannis_OHE,1000,7,1000,4413,2690,0.1234110823151919,0.5446131062569419,0.3319758114278662,2690,0.32673837926659155,0.5716103386631417,0.2963960749356752,0.5420843063549163,0.5568485893724254
artificial,natural,CNN_Jannis_OHE,1000,8,1000,4413,2451,0.1271617497456765,0.5611648016276704,0.3116734486266531,2451,2.2094398189808766,1.4864184535254117,-2.777774538398333,0.4659491484042588,0.4569028270170416
artificial,artificial,CNN_Jannis_OHE,1000,8,1000,4413,2690,0.1234110823151919,0.5446131062569419,0.3319758114278662,2690,0.29982128933649405,0.5475593934327984,0.36178836181824503,0.5937661907092926,0.606459572874284
artificial,natural,CNN_Jannis_OHE,1000,9,1000,4413,2451,0.1271617497456765,0.5611648016276704,0.3116734486266531,2451,2.004163881180735,1.4156849512447094,-2.3944527129337456,0.568997032211474,0.5628700296681024
artificial,artificial,CNN_Jannis_OHE,1000,9,1000,4413,2690,0.1234110823151919,0.5446131062569419,0.3319758114278662,2690,0.2665431364135336,0.5162781579861128,0.4186402161980671,0.616318234697186,0.649652579058647
artificial,natural,CNN_Jannis_OHE,2500,0,2500,4413,2452,0.2669514148424987,0.47122263747997867,0.2618259476775227,2452,1.7257495844269304,1.3136778845770871,-1.875886466396612,0.7235207013341883,0.7447526349917053
artificial,artificial,CNN_Jannis_OHE,2500,0,2500,4413,2691,0.2603082049146189,0.4594960433152853,0.2801957517700958,2691,0.2185315778642527,0.4674736119443029,0.5331267648339706,0.6933339931080308,0.7456541060180697
artificial,natural,CNN_Jannis_OHE,2500,1,2500,4413,2452,0.2669514148424987,0.47122263747997867,0.2618259476775227,2452,2.2696475862393943,1.5065349601782876,-2.845993370324787,0.7164544641069222,0.7132049488175677
artificial,artificial,CNN_Jannis_OHE,2500,1,2500,4413,2691,0.2603082049146189,0.4594960433152853,0.2801957517700958,2691,0.2153765456057109,0.46408678671743164,0.531901655296924,0.676687664167506,0.7327220913254504
artificial,natural,CNN_Jannis_OHE,2500,2,2500,4413,2452,0.2669514148424987,0.47122263747997867,0.2618259476775227,2452,1.921538203475154,1.3861955862991175,-2.2321932957675696,0.6617287573503617,0.6815748184827445
artificial,artificial,CNN_Jannis_OHE,2500,2,2500,4413,2690,0.2603353118817036,0.45954389253358324,0.2801207955847131,2690,0.2562391127662961,0.5062006645257353,0.44469872723187565,0.6631836579641612,0.6896278261545563
artificial,natural,CNN_Jannis_OHE,2500,3,2500,4413,2452,0.2669514148424987,0.47122263747997867,0.2618259476775227,2452,1.4229241961933379,1.1928638632272075,-1.3823601511491557,0.7566814971240141,0.7879388928627524
artificial,artificial,CNN_Jannis_OHE,2500,3,2500,4413,2690,0.2603353118817036,0.45954389253358324,0.2801207955847131,2690,0.2190040217671218,0.467978655247354,0.5333719857827892,0.686004532207631,0.7398926450981552
artificial,natural,CNN_Jannis_OHE,2500,4,2500,4413,2452,0.2669514148424987,0.47122263747997867,0.2618259476775227,2452,2.1156711812392848,1.454534695783942,-2.5843131768504986,0.7110166471002907,0.7107289294875276
artificial,artificial,CNN_Jannis_OHE,2500,4,2500,4413,2690,0.2603353118817036,0.45954389253358324,0.2801207955847131,2690,0.21843458078317432,0.46736985437999135,0.5288306650233001,0.6668893884926161,0.7368487974269919
artificial,natural,CNN_Jannis_OHE,2500,5,2500,4413,2452,0.2669514148424987,0.47122263747997867,0.2618259476775227,2452,2.1325076452863954,1.4603108043448818,-2.6323121882914378,0.708537365647415,0.7046651788297571
artificial,artificial,CNN_Jannis_OHE,2500,5,2500,4413,2690,0.2603353118817036,0.45954389253358324,0.2801207955847131,2690,0.2413234079939481,0.4912467892963252,0.47568338009020894,0.6531796711730283,0.7006456858406728
artificial,natural,CNN_Jannis_OHE,2500,6,2500,4413,2451,0.26697992310978214,0.47127296027338744,0.2617471166168304,2451,2.3115888886832385,1.5203910315057896,-2.8998636754177842,0.741895038347349,0.7356655758475786
artificial,artificial,CNN_Jannis_OHE,2500,6,2500,4413,2690,0.2603353118817036,0.45954389253358324,0.2801207955847131,2690,0.22564866478499976,0.47502490964685185,0.5116983755076189,0.6726637737017472,0.7258659858860989
artificial,natural,CNN_Jannis_OHE,2500,7,2500,4413,2451,0.26697992310978214,0.47127296027338744,0.2617471166168304,2451,1.5869460660600996,1.2597404756774704,-1.6664974098097312,0.7468833875693446,0.7629150361351612
artificial,artificial,CNN_Jannis_OHE,2500,7,2500,4413,2690,0.2603353118817036,0.45954389253358324,0.2801207955847131,2690,0.20503724273613844,0.4528103827609725,0.5584693506243863,0.6934833437120835,0.7574770335294823
artificial,natural,CNN_Jannis_OHE,2500,8,2500,4413,2451,0.26697992310978214,0.47127296027338744,0.2617471166168304,2451,1.7914633216358442,1.3384555732768437,-2.0631042605505665,0.6351014083374587,0.6447066215564239
artificial,artificial,CNN_Jannis_OHE,2500,8,2500,4413,2690,0.2603353118817036,0.45954389253358324,0.2801207955847131,2690,0.24694382427311334,0.49693442653242825,0.4743454576658449,0.6610542879999401,0.6912760771258946
artificial,natural,CNN_Jannis_OHE,2500,9,2500,4413,2451,0.26697992310978214,0.47127296027338744,0.2617471166168304,2451,1.8741208871541855,1.3689853495031221,-2.1741988714108724,0.7103917823642094,0.7100528362440521
artificial,artificial,CNN_Jannis_OHE,2500,9,2500,4413,2690,0.2603353118817036,0.45954389253358324,0.2801207955847131,2690,0.2264640481037863,0.47588238894057244,0.5060570989895393,0.667805415288036,0.7216044246374376
artificial,natural,CNN_Jannis_OHE,5000,0,5000,4413,2452,0.42140750105351876,0.37193426042983563,0.2066582385166456,2452,1.6986835967947551,1.3033355656908758,-1.8307821776669821,0.7848464660306783,0.8039620254567355
artificial,artificial,CNN_Jannis_OHE,5000,0,5000,4413,2691,0.41308658294778583,0.3645902181097158,0.22232319894249836,2691,0.17890448615849,0.42297102283547744,0.6177865137164991,0.737949376469702,0.7892287643727892
artificial,natural,CNN_Jannis_OHE,5000,1,5000,4413,2452,0.42140750105351876,0.37193426042983563,0.2066582385166456,2452,1.9677453839082153,1.4027634811001515,-2.3344100409604116,0.8057957132068211,0.8164221075613773
artificial,artificial,CNN_Jannis_OHE,5000,1,5000,4413,2691,0.41308658294778583,0.3645902181097158,0.22232319894249836,2691,0.15489708922822268,0.39356967518880653,0.6633474138832455,0.7559267044390876,0.82329474347282
artificial,natural,CNN_Jannis_OHE,5000,2,5000,4413,2452,0.42140750105351876,0.37193426042983563,0.2066582385166456,2452,1.768107429672074,1.3297020078468988,-1.9741094764847342,0.8128696026744058,0.8377535913668993
artificial,artificial,CNN_Jannis_OHE,5000,2,5000,4413,2690,0.4131207138725936,0.3646203420639511,0.22225894406345534,2690,0.16248055859451888,0.4030887725979463,0.6478848993287656,0.7420748900119674,0.8088348923971362
artificial,natural,CNN_Jannis_OHE,5000,3,5000,4413,2452,0.42140750105351876,0.37193426042983563,0.2066582385166456,2452,1.5734915732139474,1.254388924223244,-1.6344506841772497,0.794619797947687,0.8217109117337997
artificial,artificial,CNN_Jannis_OHE,5000,3,5000,4413,2690,0.4131207138725936,0.3646203420639511,0.22225894406345534,2690,0.16118545174771107,0.4014790800872582,0.6565649951866318,0.7350332440530797,0.8109165254071893
artificial,natural,CNN_Jannis_OHE,5000,4,5000,4413,2452,0.42140750105351876,0.37193426042983563,0.2066582385166456,2452,2.017866009067518,1.4205161065850391,-2.418614286357484,0.8271383157940546,0.8091694990946043
artificial,artificial,CNN_Jannis_OHE,5000,4,5000,4413,2690,0.4131207138725936,0.3646203420639511,0.22225894406345534,2690,0.1467914244935428,0.3831336901050896,0.6833669027544719,0.7429690267602483,0.8301682791660726
artificial,natural,CNN_Jannis_OHE,5000,5,5000,4413,2452,0.42140750105351876,0.37193426042983563,0.2066582385166456,2452,2.278066629850048,1.5093265484480316,-2.8802436200565396,0.796283115906195,0.7888483607708986
artificial,artificial,CNN_Jannis_OHE,5000,5,5000,4413,2690,0.4131207138725936,0.3646203420639511,0.22225894406345534,2690,0.16315996888852738,0.4039306486125154,0.6455068983844091,0.7392258617447591,0.8073336684540757
artificial,natural,CNN_Jannis_OHE,5000,6,5000,4413,2451,0.42144302090357383,0.37196561024949426,0.20659136884693188,2451,1.6580628662701675,1.2876578995486991,-1.7973049945786443,0.826164762714047,0.8366785082818395
artificial,artificial,CNN_Jannis_OHE,5000,6,5000,4413,2690,0.4131207138725936,0.3646203420639511,0.22225894406345534,2690,0.15124172087280194,0.3888980854578767,0.6727143142478642,0.7510539121632782,0.8239180308099543
artificial,natural,CNN_Jannis_OHE,5000,7,5000,4413,2451,0.42144302090357383,0.37196561024949426,0.20659136884693188,2451,1.8680456951836624,1.3667646817150574,-2.138820602756901,0.8133510380612754,0.8130794866083397
artificial,artificial,CNN_Jannis_OHE,5000,7,5000,4413,2690,0.4131207138725936,0.3646203420639511,0.22225894406345534,2690,0.1593021021674018,0.3991266743371104,0.6569561720677772,0.7399092726653076,0.8168910995365655
artificial,natural,CNN_Jannis_OHE,5000,8,5000,4413,2451,0.42144302090357383,0.37196561024949426,0.20659136884693188,2451,2.2014018795121073,1.4837121956471568,-2.764030999060697,0.8065827626369536,0.7865017277221302
artificial,artificial,CNN_Jannis_OHE,5000,8,5000,4413,2690,0.4131207138725936,0.3646203420639511,0.22225894406345534,2690,0.15850259042359421,0.3981238380499141,0.6626050200966136,0.76722742753629,0.817636816170429
artificial,natural,CNN_Jannis_OHE,5000,9,5000,4413,2451,0.42144302090357383,0.37196561024949426,0.20659136884693188,2451,1.588427857231128,1.260328471959246,-1.6903205371115573,0.8119378339655366,0.8315822536475862
artificial,artificial,CNN_Jannis_OHE,5000,9,5000,4413,2690,0.4131207138725936,0.3646203420639511,0.22225894406345534,2690,0.17578605787816495,0.4192684794712869,0.6165913481077536,0.7291231834787644,0.786310630240747
artificial,natural,CNN_Jannis_OHE,10000,0,10000,4413,2452,0.5929439667951378,0.26166617254669433,0.1453898606581678,2452,2.2193782708783676,1.4897577893330067,-2.6984971577746646,0.8090437177858338,0.7889614567132861
artificial,artificial,CNN_Jannis_OHE,10000,0,10000,4413,2691,0.5846585594013096,0.2580098222637979,0.15733161833489243,2691,0.12368675514124033,0.35169127817055734,0.7357542736645133,0.7928827613254044,0.8591340715962931
artificial,natural,CNN_Jannis_OHE,10000,1,10000,4413,2452,0.5929439667951378,0.26166617254669433,0.1453898606581678,2452,2.002336536691767,1.4150394117097118,-2.3930259005696404,0.808904503255325,0.8204115614331051
artificial,artificial,CNN_Jannis_OHE,10000,1,10000,4413,2691,0.5846585594013096,0.2580098222637979,0.15733161833489243,2691,0.11320564455235782,0.3364604650658942,0.7539593985177262,0.7886230256278244,0.8686882029220728
artificial,natural,CNN_Jannis_OHE,10000,2,10000,4413,2452,0.5929439667951378,0.26166617254669433,0.1453898606581678,2452,2.0749349499871306,1.4404634497227378,-2.4902198782065166,0.8202120933381539,0.8103913588701428
artificial,artificial,CNN_Jannis_OHE,10000,2,10000,4413,2690,0.5846927439630474,0.25802490791089283,0.15728234812605976,2690,0.11256498249830002,0.33550705282944504,0.7560580140337988,0.8051074952466101,0.8715488469489274
artificial,natural,CNN_Jannis_OHE,10000,3,10000,4413,2452,0.5929439667951378,0.26166617254669433,0.1453898606581678,2452,1.7648126229025758,1.3284625033859916,-1.9547738932937846,0.850839616200942,0.8686194929504062
artificial,artificial,CNN_Jannis_OHE,10000,3,10000,4413,2690,0.5846927439630474,0.25802490791089283,0.15728234812605976,2690,0.12085976496137907,0.34764891048495905,0.742486226199734,0.7837871301239714,0.8624934392424732
artificial,natural,CNN_Jannis_OHE,10000,4,10000,4413,2452,0.5929439667951378,0.26166617254669433,0.1453898606581678,2452,2.1339343611961406,1.4607992200149,-2.6152541648220824,0.8111270776229658,0.802999001482086
artificial,artificial,CNN_Jannis_OHE,10000,4,10000,4413,2690,0.5846927439630474,0.25802490791089283,0.15728234812605976,2690,0.11410846068226342,0.33779943854640054,0.7538649450919799,0.7926013213125173,0.8694009030542
artificial,natural,CNN_Jannis_OHE,10000,5,10000,4413,2452,0.5929439667951378,0.26166617254669433,0.1453898606581678,2452,2.4038718303046016,1.550442462752037,-3.0945283209679637,0.7746665974991295,0.7478171164361661
artificial,artificial,CNN_Jannis_OHE,10000,5,10000,4413,2690,0.5846927439630474,0.25802490791089283,0.15728234812605976,2690,0.1271943151851936,0.35664312019888117,0.7236484684017317,0.7772830245408756,0.8519971379420792
artificial,natural,CNN_Jannis_OHE,10000,6,10000,4413,2451,0.5929791271347249,0.26168168880455406,0.14533918406072105,2451,2.0506687665959715,1.4320156307093759,-2.459667362269152,0.8357772275857474,0.8274460624796187
artificial,artificial,CNN_Jannis_OHE,10000,6,10000,4413,2690,0.5846927439630474,0.25802490791089283,0.15728234812605976,2690,0.11511297229355925,0.3392830268279851,0.7508965921661945,0.7987093016171921,0.8696661065227496
artificial,natural,CNN_Jannis_OHE,10000,7,10000,4413,2451,0.5929791271347249,0.26168168880455406,0.14533918406072105,2451,1.7963211370041015,1.3402690539604731,-2.018304000021705,0.8558187191876906,0.8762005267851202
artificial,artificial,CNN_Jannis_OHE,10000,7,10000,4413,2690,0.5846927439630474,0.25802490791089283,0.15728234812605976,2690,0.1244231473824954,0.352736654435707,0.7320651003298527,0.77301357023607,0.8562681701721238
artificial,natural,CNN_Jannis_OHE,10000,8,10000,4413,2451,0.5929791271347249,0.26168168880455406,0.14533918406072105,2451,1.8803881194632328,1.3712724453817458,-2.2151508717225705,0.8597224973092013,0.8641869316166135
artificial,artificial,CNN_Jannis_OHE,10000,8,10000,4413,2690,0.5846927439630474,0.25802490791089283,0.15728234812605976,2690,0.11646555128840223,0.341270495777766,0.7520867499302524,0.8033606516189212,0.8686448564384717
artificial,natural,CNN_Jannis_OHE,10000,9,10000,4413,2451,0.5929791271347249,0.26168168880455406,0.14533918406072105,2451,1.923596016116276,1.3869376395917288,-2.2579949059093956,0.8544415922390908,0.8474054213536933
artificial,artificial,CNN_Jannis_OHE,10000,9,10000,4413,2690,0.5846927439630474,0.25802490791089283,0.15728234812605976,2690,0.11963826242882046,0.3458876442268796,0.7390558417075546,0.7828593551227203,0.8598862352478422
artificial,natural,CNN_Jannis_OHE,15000,0,15000,4413,2452,0.686027898467871,0.20182940772924765,0.11214269380288132,2452,2.0887306205460097,1.4452441387343558,-2.480778542717247,0.8284468142754338,0.8207516567217292
artificial,artificial,CNN_Jannis_OHE,15000,0,15000,4413,2691,0.6786102062975027,0.1996471226927253,0.12174267100977199,2691,0.11193215772214021,0.33456263647057216,0.7608669231898763,0.7964701330161681,0.8740213813400479
artificial,natural,CNN_Jannis_OHE,15000,1,15000,4413,2452,0.686027898467871,0.20182940772924765,0.11214269380288132,2452,2.1439062046608157,1.4642083883999626,-2.6329204144797003,0.8091257652624105,0.798670267823917
artificial,artificial,CNN_Jannis_OHE,15000,1,15000,4413,2691,0.6786102062975027,0.1996471226927253,0.12174267100977199,2691,0.10021861738806069,0.316573241743614,0.7821853406746337,0.806717009981292,0.8863419620705908
artificial,natural,CNN_Jannis_OHE,15000,2,15000,4413,2452,0.686027898467871,0.20182940772924765,0.11214269380288132,2452,1.9457798882148327,1.3949121435469807,-2.2729699041909646,0.8508047499989779,0.8609062499212947
artificial,artificial,CNN_Jannis_OHE,15000,2,15000,4413,2690,0.6786409084739629,0.19965615527303987,0.12170293625299733,2690,0.09910175029335515,0.31480430475670934,0.7852344730773382,0.8250768225178856,0.886561668017643
artificial,natural,CNN_Jannis_OHE,15000,3,15000,4413,2452,0.686027898467871,0.20182940772924765,0.11214269380288132,2452,1.8805169736546716,1.3713194280161978,-2.1484942863293424,0.8455824505509254,0.8663758594008505
artificial,artificial,CNN_Jannis_OHE,15000,3,15000,4413,2690,0.6786409084739629,0.19965615527303987,0.12170293625299733,2690,0.09907717899363984,0.3147652760290433,0.7888979986988259,0.8139431524251846,0.8886172696173853
artificial,natural,CNN_Jannis_OHE,15000,4,15000,4413,2452,0.686027898467871,0.20182940772924765,0.11214269380288132,2452,2.411387143368672,1.5528641741532554,-3.085307201377746,0.8559323603020317,0.777409172883565
artificial,artificial,CNN_Jannis_OHE,15000,4,15000,4413,2690,0.6786409084739629,0.19965615527303987,0.12170293625299733,2690,0.10882008588109886,0.32987889578010116,0.7652721134498399,0.7971902341915035,0.8749651986037195
artificial,natural,CNN_Jannis_OHE,15000,5,15000,4413,2452,0.686027898467871,0.20182940772924765,0.11214269380288132,2452,1.8233682038938754,1.3503215187109607,-2.1057532503510994,0.8513010554360925,0.8728584073908645
artificial,artificial,CNN_Jannis_OHE,15000,5,15000,4413,2690,0.6786409084739629,0.19965615527303987,0.12170293625299733,2690,0.1145582341820903,0.33846452425932366,0.7511025282276215,0.7883746572624405,0.8671919351214201
artificial,natural,CNN_Jannis_OHE,15000,6,15000,4413,2451,0.686059275521405,0.20183863885839737,0.11210208562019759,2451,1.6923197177278497,1.3008918931747748,-1.855099462828619,0.854414404285371,0.86814720426193
artificial,artificial,CNN_Jannis_OHE,15000,6,15000,4413,2690,0.6786409084739629,0.19965615527303987,0.12170293625299733,2690,0.10374159280085317,0.3220894173996612,0.7755041522609922,0.8082143711788954,0.882458319843556
artificial,natural,CNN_Jannis_OHE,15000,7,15000,4413,2451,0.686059275521405,0.20183863885839737,0.11210208562019759,2451,1.8813386380644557,1.3716189842898996,-2.161156332066457,0.8585304176306484,0.874416689420586
artificial,artificial,CNN_Jannis_OHE,15000,7,15000,4413,2690,0.6786409084739629,0.19965615527303987,0.12170293625299733,2690,0.111647147405642,0.33413642035199037,0.7595771537057474,0.8014398748803917,0.873036029155527
artificial,natural,CNN_Jannis_OHE,15000,8,15000,4413,2451,0.686059275521405,0.20183863885839737,0.11210208562019759,2451,1.7120239129594332,1.3084433166780414,-1.9272760868818262,0.8547872248993915,0.8662418029990262
artificial,artificial,CNN_Jannis_OHE,15000,8,15000,4413,2690,0.6786409084739629,0.19965615527303987,0.12170293625299733,2690,0.09746656165684582,0.3121963511267321,0.7925287623149877,0.828784739616602,0.8922296002680241
artificial,natural,CNN_Jannis_OHE,15000,9,15000,4413,2451,0.686059275521405,0.20183863885839737,0.11210208562019759,2451,1.8736897306865046,1.3688278674422525,-2.1734686216268297,0.8679900995839416,0.8673975607272559
artificial,artificial,CNN_Jannis_OHE,15000,9,15000,4413,2690,0.6786409084739629,0.19965615527303987,0.12170293625299733,2690,0.10908077299652358,0.33027378490658865,0.7620828828703361,0.7929015783169636,0.8734028661489384
artificial,natural,CNN_Jannis_OHE,17500,0,17500,4413,2452,0.7182433819002668,0.18112045967576443,0.10063615842396881,2452,2.018095974470015,1.4205970485926032,-2.363068983612168,0.8290943548095284,0.8325859178474619
artificial,artificial,CNN_Jannis_OHE,17500,0,17500,4413,2691,0.7112664607380914,0.1793610794992684,0.10937245976264022,2691,0.10842103076820572,0.32927348931884226,0.7683681329284537,0.8086282038243787,0.8791316178294628
artificial,natural,CNN_Jannis_OHE,17500,1,17500,4413,2452,0.7182433819002668,0.18112045967576443,0.10063615842396881,2452,2.147909458415354,1.4655747877250598,-2.6397040611978206,0.7792445296075999,0.7598080914013211
artificial,artificial,CNN_Jannis_OHE,17500,1,17500,4413,2691,0.7112664607380914,0.1793610794992684,0.10937245976264022,2691,0.09593303119425212,0.3097305783971807,0.7914996130238461,0.8102078576964388,0.8914644931884294
artificial,natural,CNN_Jannis_OHE,17500,2,17500,4413,2452,0.7182433819002668,0.18112045967576443,0.10063615842396881,2452,1.9179735225703556,1.3849092109486294,-2.226197194466433,0.8387253127300831,0.8451169648475937
artificial,artificial,CNN_Jannis_OHE,17500,2,17500,4413,2690,0.7112953704832744,0.17936836971101086,0.10933625980571475,2690,0.09657339276481841,0.3107625987225915,0.7907137308629747,0.8137339403806177,0.8900814322825243
artificial,natural,CNN_Jannis_OHE,17500,3,17500,4413,2452,0.7182433819002668,0.18112045967576443,0.10063615842396881,2452,1.844974781997889,1.3582984878140332,-2.08898703969305,0.8394565225254335,0.8529406231998373
artificial,artificial,CNN_Jannis_OHE,17500,3,17500,4413,2690,0.7112953704832744,0.17936836971101086,0.10933625980571475,2690,0.09408405319942843,0.3067312393601741,0.7995367639383388,0.8168823785655139,0.8951099862525529
artificial,natural,CNN_Jannis_OHE,17500,4,17500,4413,2452,0.7182433819002668,0.18112045967576443,0.10063615842396881,2452,2.119122836572713,1.4557207275342041,-2.5901608784230588,0.8531774034176829,0.8345268717084684
artificial,artificial,CNN_Jannis_OHE,17500,4,17500,4413,2690,0.7112953704832744,0.17936836971101086,0.10933625980571475,2690,0.10088882275514924,0.31763000921693346,0.7823800638447838,0.8092569522459979,0.8862997547391459
artificial,natural,CNN_Jannis_OHE,17500,5,17500,4413,2452,0.7182433819002668,0.18112045967576443,0.10063615842396881,2452,2.0589780011857823,1.434913935114501,-2.5070687346242324,0.8524039605459368,0.8448814150190368
artificial,artificial,CNN_Jannis_OHE,17500,5,17500,4413,2690,0.7112953704832744,0.17936836971101086,0.10933625980571475,2690,0.1187206591578004,0.34455864400389147,0.7420589438856204,0.8007599026496297,0.8671192301998782
artificial,natural,CNN_Jannis_OHE,17500,6,17500,4413,2451,0.7182728615990807,0.18112789361352816,0.10059924478739124,2451,1.9883963952049528,1.4101051007655254,-2.354608127749169,0.85729186732173,0.850210611489842
artificial,artificial,CNN_Jannis_OHE,17500,6,17500,4413,2690,0.7112953704832744,0.17936836971101086,0.10933625980571475,2690,0.09541254081173221,0.3088892047510437,0.7935281437640859,0.8173629871865874,0.8929304020445636
artificial,natural,CNN_Jannis_OHE,17500,7,17500,4413,2451,0.7182728615990807,0.18112789361352816,0.10059924478739124,2451,1.9500374355328265,1.3964374083835003,-2.276588840722058,0.8442405656156018,0.8497651603130731
artificial,artificial,CNN_Jannis_OHE,17500,7,17500,4413,2690,0.7112953704832744,0.17936836971101086,0.10933625980571475,2690,0.10670345389765609,0.3266549462317326,0.7702229865103957,0.8047963717011019,0.8780305091812097
artificial,natural,CNN_Jannis_OHE,17500,8,17500,4413,2451,0.7182728615990807,0.18112789361352816,0.10059924478739124,2451,2.027231531695203,1.4238088114965446,-2.4662286784570155,0.8602887659528273,0.8489817194601408
artificial,artificial,CNN_Jannis_OHE,17500,8,17500,4413,2690,0.7112953704832744,0.17936836971101086,0.10933625980571475,2690,0.0930252897117006,0.3050004749368443,0.8019826321518979,0.8344889371886325,0.8967121419284322
artificial,natural,CNN_Jannis_OHE,17500,9,17500,4413,2451,0.7182728615990807,0.18112789361352816,0.10059924478739124,2451,1.8307701896612327,1.3530595661910945,-2.100775787553164,0.8619439915710173,0.8771793696661297
artificial,artificial,CNN_Jannis_OHE,17500,9,17500,4413,2690,0.7112953704832744,0.17936836971101086,0.10933625980571475,2690,0.10014612446593141,0.3164587247429456,0.78157033022307,0.8102036707515388,0.8845135904154364
